timestamp,open,close,target_exposure,previous_exposure,overnight_return,intrabar_return,period_return,trade_notional_fraction,trading_cost,equity,in_oos
2024-10-18 13:30:00+00:00,36.25,35.94499969482422,0.0,0.0,0.0,-0.0,0.0,0.0,0.0,1.0,False
2024-10-18 14:30:00+00:00,35.95000076293945,35.64500045776367,0.0,0.0,0.0,-0.0,-0.008346063141120186,0.0,0.0,0.9916539368588798,False
2024-10-18 15:30:00+00:00,35.650001525878906,35.19499969482422,0.0,0.0,0.0,-0.0,-0.012624512755236683,0.0,0.0,0.9791347890842242,False
2024-10-18 16:30:00+00:00,35.20029830932617,35.220001220703125,0.0,0.0,0.0,0.0,0.0007103715327658744,0.0,0.0,0.9798303385651304,False
2024-10-18 17:30:00+00:00,35.220001220703125,35.06999969482422,0.0,0.0,0.0,-0.0,-0.004258986958544764,0.0,0.0,0.975657253931595,False
2024-10-18 18:30:00+00:00,35.06999969482422,35.29499816894531,0.0,0.0,0.0,0.0,0.0064156964949817485,0.0,0.0,0.9819167747559474,False
2024-10-18 19:30:00+00:00,35.290000915527344,35.279998779296875,0.0,0.0,-0.0,-0.0,-0.00042497210445058275,0.0,0.0,0.981499487517784,False
2024-10-21 13:30:00+00:00,34.84000015258789,34.959999084472656,0.0,0.0,-0.0,0.0,-0.009070286448309095,0.0,0.0,0.9725970060171292,False
2024-10-21 14:30:00+00:00,34.959999084472656,33.899600982666016,0.0,0.0,0.0,-0.0,-0.030331754278495215,0.0,0.0,0.9430964326186175,False
2024-10-21 15:30:00+00:00,33.88999938964844,34.1150016784668,0.0,0.0,-0.0,0.0,0.006354077616161913,0.0,0.0,0.9490889405510017,False
2024-10-21 16:30:00+00:00,34.1150016784668,34.350101470947266,0.0,0.0,0.0,0.0,0.006891390324300195,0.0,0.0,0.9556294828928151,False
2024-10-21 17:30:00+00:00,34.36000061035156,34.46500015258789,0.0,0.0,0.0,0.0,0.0033449299047283443,0.0,0.0,0.9588259965279834,False
2024-10-21 18:30:00+00:00,34.46500015258789,34.51179885864258,0.0,0.0,0.0,0.0,0.0013578617683880356,0.0,0.0,0.9601279496912053,False
2024-10-21 19:30:00+00:00,34.5099983215332,35.109500885009766,0.0,0.0,-0.0,0.0,0.017318773466874937,0.0,0.0,0.9767561881511224,False
2024-10-22 13:30:00+00:00,34.400001525878906,34.255001068115234,0.0,0.0,-0.0,-0.0,-0.02433813626952941,0.0,0.0,0.9529837629417943,False
2024-10-22 14:30:00+00:00,34.27000045776367,34.28929901123047,0.0,0.0,0.0,0.0,0.001001253599351326,0.0,0.0,0.9539379413645631,False
2024-10-22 15:30:00+00:00,34.25709915161133,34.0099983215332,0.0,0.0,-0.0,-0.0,-0.008145418476061206,0.0,0.0,0.9461677176319564,False
2024-10-22 16:30:00+00:00,34.0099983215332,34.499900817871094,0.0,0.0,0.0,0.0,0.014404660997225482,0.0,0.0,0.9597969428509633,False
2024-10-22 17:30:00+00:00,34.494998931884766,34.58000183105469,0.0,0.0,-0.0,0.0,0.0023217751728172864,0.0,0.0,0.9620253755638206,False
2024-10-22 18:30:00+00:00,34.59000015258789,34.82500076293945,0.0,0.0,0.0,0.0,0.007084988979518814,0.0,0.0,0.9688413147477077,False
2024-10-22 19:30:00+00:00,34.81999969482422,34.67499923706055,0.0,0.0,-0.0,-0.0,-0.004307294259661254,0.0,0.0,0.9646682301141722,False
2024-10-23 13:30:00+00:00,34.35499954223633,34.58000183105469,0.0,0.0,-0.0,0.0,-0.0027396512789055194,0.0,0.0,0.9620253755638204,False
2024-10-23 14:30:00+00:00,34.57500076293945,34.06079864501953,0.0,0.0,-0.0,-0.0,-0.015014550565144447,0.0,0.0,0.9475809969174653,False
2024-10-23 15:30:00+00:00,34.04999923706055,33.90999984741211,0.0,0.0,-0.0,-0.0,-0.004427341800732343,0.0,0.0,0.943385731960233,False
2024-10-23 16:30:00+00:00,33.900001525878906,33.19929885864258,0.0,0.0,-0.0,-0.0,-0.02095844859827589,0.0,0.0,0.9236138305885976,False
2024-10-23 17:30:00+00:00,33.19499969482422,32.56890106201172,0.0,0.0,-0.0,-0.0,-0.018988286448909486,0.0,0.0,0.9060759866052067,False
2024-10-23 18:30:00+00:00,32.560001373291016,33.45000076293945,0.0,0.0,-0.0,0.0,0.02705340592395511,0.0,0.0,0.9305884280687855,False
2024-10-23 19:30:00+00:00,33.459999084472656,33.77000045776367,0.0,0.0,0.0,0.0,0.0095665078482976,0.0,0.0,0.9394909095694405,False
2024-10-24 13:30:00+00:00,34.58000183105469,34.04999923706055,0.0,0.0,0.0,-0.0,0.008291346624264007,0.0,0.0,0.9472805543510258,False
2024-10-24 14:30:00+00:00,34.04999923706055,34.18239974975586,0.0,0.0,0.0,0.0,0.003888414556885156,0.0,0.0,0.9509639738480186,False
2024-10-24 15:30:00+00:00,34.16999816894531,33.900001525878906,0.0,0.0,-0.0,-0.0,-0.008261509605655193,0.0,0.0,0.9431075758434411,False
2024-10-24 16:30:00+00:00,33.900001525878906,33.974998474121094,0.0,0.0,0.0,0.0,0.002212299258598449,0.0,0.0,0.9451940120342581,False
2024-10-24 17:30:00+00:00,33.97999954223633,34.013999938964844,0.0,0.0,0.0,0.0,0.0011479460366556893,0.0,0.0,0.9462790437542435,False
2024-10-24 18:30:00+00:00,34.02000045776367,34.310001373291016,0.0,0.0,0.0,0.0,0.008702341237646793,0.0,0.0,0.954513886899027,False
2024-10-24 19:30:00+00:00,34.310001373291016,34.279998779296875,0.0,0.0,0.0,-0.0,-0.0008744562166499437,0.0,0.0,0.9536792062967495,False
2024-10-25 13:30:00+00:00,35.189998626708984,36.685001373291016,0.0,0.0,0.0,0.0,0.07015760442344665,0.0,0.0,1.0205870547989835,False
2024-10-25 14:30:00+00:00,36.66999816894531,36.44499969482422,0.0,0.0,-0.0,-0.0,-0.006542228962312047,0.0,0.0,1.0139101406105169,False
2024-10-25 15:30:00+00:00,36.45000076293945,36.72999954223633,0.0,0.0,0.0,0.0,0.007819998622543123,0.0,0.0,1.0218389165134736,False
2024-10-25 16:30:00+00:00,36.72999954223633,36.265968322753906,0.0,0.0,0.0,-0.0,-0.012633575422423493,0.0,0.0,1.0089294374921332,False
2024-10-25 17:30:00+00:00,36.25,35.8846321105957,0.0,0.0,-0.0,-0.0,-0.010514987736283454,0.0,0.0,0.998320556830128,False
2024-10-25 18:30:00+00:00,35.84989929199219,35.654998779296875,0.0,0.0,-0.0,-0.0,-0.006399210965605029,0.0,0.0,0.9919320929756718,False
2024-10-25 19:30:00+00:00,35.654998779296875,35.310001373291016,0.0,0.0,0.0,-0.0,-0.009675989842024113,0.0,0.0,0.9823341681200615,False
2024-10-28 13:30:00+00:00,35.29999923706055,35.98619842529297,0.0,0.0,-0.0,0.0,0.01915029809410984,0.0,0.0,1.00114616026759,False
2024-10-28 14:30:00+00:00,35.989898681640625,35.8650016784668,0.0,0.0,0.0,-0.0,-0.003367867463904939,0.0,0.0,0.9977744326878114,False
2024-10-28 15:30:00+00:00,35.86000061035156,35.790000915527344,0.0,0.0,-0.0,-0.0,-0.002091196415152652,0.0,0.0,0.9956878903710437,False
2024-10-28 16:30:00+00:00,35.790000915527344,35.52000045776367,0.0,0.0,0.0,-0.0,-0.007544019303071137,0.0,0.0,0.9881764017062503,False
2024-10-28 17:30:00+00:00,35.529998779296875,35.43000030517578,0.0,0.0,0.0,-0.0,-0.0025337880469599172,0.0,0.0,0.9856725721513192,False
2024-10-28 18:30:00+00:00,35.42499923706055,35.44990158081055,0.0,0.0,-0.0,0.0,0.0005617068998968744,0.0,0.0,0.9862262312361357,False
2024-10-28 19:30:00+00:00,35.44499969482422,35.369998931884766,0.0,0.0,-0.0,-0.0,-0.0022539596828961006,0.0,0.0,0.9840033170727149,False
2024-10-29 13:30:00+00:00,35.459999084472656,36.060001373291016,0.0,0.0,0.0,0.0,0.01950812728988338,0.0,0.0,1.003199379035837,False
2024-10-29 14:30:00+00:00,36.060001373291016,36.369998931884766,0.0,0.0,0.0,0.0,0.00859671510781923,0.0,0.0,1.0118235982937491,False
2024-10-29 15:30:00+00:00,36.375,36.95000076293945,0.0,0.0,0.0,0.0,0.01594726005191638,0.0,0.0,1.0279594123424054,False
2024-10-29 16:30:00+00:00,36.959999084472656,37.119998931884766,0.0,0.0,0.0,0.0,0.004600762258057056,0.0,0.0,1.0326888092095248,False
2024-10-29 17:30:00+00:00,37.119998931884766,37.529998779296875,0.0,0.0,0.0,0.0,0.011045254827847906,0.0,0.0,1.0440951202651108,False
2024-10-29 18:30:00+00:00,37.532501220703125,38.2400016784668,0.0,0.0,0.0,0.0,0.018918276639049436,0.0,0.0,1.0638476005877677,False
2024-10-29 19:30:00+00:00,38.230098724365234,37.95000076293945,0.0,0.0,-0.0,-0.0,-0.007583705617111636,0.0,0.0,1.0557796935634396,False
2024-10-30 13:30:00+00:00,34.970001220703125,35.45000076293945,0.0,0.0,-0.0,0.0,-0.06587615150831316,0.0,0.0,0.986228990510854,False
2024-10-30 14:30:00+00:00,35.439998626708984,35.15999984741211,0.0,0.0,-0.0,-0.0,-0.00818056161596814,0.0,0.0,0.9781610834865259,False
2024-10-30 15:30:00+00:00,35.160099029541016,34.54499816894531,0.0,0.0,0.0,-0.0,-0.01749151539066529,0.0,0.0,0.9610515638401714,False
2024-10-30 16:30:00+00:00,34.54499816894531,34.500701904296875,0.0,0.0,0.0,-0.0,-0.001282277232489748,0.0,0.0,0.9598192293006105,False
2024-10-30 17:30:00+00:00,34.505001068115234,34.4005012512207,0.0,0.0,0.0,-0.0,-0.002904307667540351,0.0,0.0,0.9570316189535001,False
2024-10-30 18:30:00+00:00,34.400001525878906,34.119998931884766,0.0,0.0,-0.0,-0.0,-0.008154018375705618,0.0,0.0,0.949227965546422,False
2024-10-30 19:30:00+00:00,34.12009811401367,33.947601318359375,0.0,0.0,0.0,-0.0,-0.005052685197017626,0.0,0.0,0.9444318154563104,False
2024-10-31 13:30:00+00:00,33.0099983215332,30.309999465942383,0.0,0.0,-0.0,-0.0,-0.10715342796398764,0.0,0.0,0.8432327089519146,False
2024-10-31 14:30:00+00:00,30.31999969482422,30.090099334716797,0.0,0.0,0.0,-0.0,-0.0072550358000722515,0.0,0.0,0.8371150254606765,False
2024-10-31 15:30:00+00:00,30.09000015258789,29.93000030517578,0.0,0.0,-0.0,-0.0,-0.005320654736300501,0.0,0.0,0.8326610254356308,False
2024-10-31 16:30:00+00:00,29.924999237060547,29.684999465942383,0.0,0.0,-0.0,-0.0,-0.008185794745582786,0.0,0.0,0.8258450331887682,False
2024-10-31 17:30:00+00:00,29.68000030517578,29.423799514770508,0.0,0.0,-0.0,-0.0,-0.008799055276101697,0.0,0.0,0.8185783770922462,False
2024-10-31 18:30:00+00:00,29.43000030517578,29.7283992767334,0.0,0.0,0.0,0.0,0.010352155975301036,0.0,0.0,0.827052428129914,False
2024-10-31 19:30:00+00:00,29.729999542236328,30.0049991607666,0.0,0.0,0.0,0.0,0.009304230660333035,0.0,0.0,0.8347475146894232,False
2024-11-01 13:30:00+00:00,30.690000534057617,31.740100860595703,0.0,0.0,0.0,0.0,0.05782708709746798,0.0,0.0,0.8830185319257634,False
2024-11-01 14:30:00+00:00,31.75,31.735000610351562,0.0,0.0,0.0,-0.0,-0.00016068790286905,0.0,0.0,0.8828766415296737,False
2024-11-01 15:30:00+00:00,31.738800048828125,31.459999084472656,0.0,0.0,0.0,-0.0,-0.00866555918039602,0.0,0.0,0.875226021743509,False
2024-11-01 16:30:00+00:00,31.469999313354492,31.475000381469727,0.0,0.0,0.0,0.0,0.0004768371720798026,0.0,0.0,0.8756433620446479,False
2024-11-01 17:30:00+00:00,31.475000381469727,31.0049991607666,0.0,0.0,0.0,-0.0,-0.014932524702361172,0.0,0.0,0.8625677959104576,False
2024-11-01 18:30:00+00:00,31.0,31.014999389648438,0.0,0.0,-0.0,0.0,0.00032253601524012687,0.0,0.0,0.862846005090225,False
2024-11-01 19:30:00+00:00,31.014999389648438,30.890100479125977,0.0,0.0,0.0,-0.0,-0.004027048621002005,0.0,0.0,0.8593712822752894,False
2024-11-04 14:30:00+00:00,30.610000610351562,31.260000228881836,0.0,0.0,-0.0,0.0,0.011974702057243825,0.0,0.0,0.8696619973370875,False
2024-11-04 15:30:00+00:00,31.26810073852539,31.43000030517578,0.0,0.0,0.0,0.0,0.005438262157684726,0.0,0.0,0.8743914472671823,False
2024-11-04 16:30:00+00:00,31.43939971923828,30.975000381469727,0.0,0.0,0.0,-0.0,-0.014476612131343991,0.0,0.0,0.8617332214341308,False
2024-11-04 17:30:00+00:00,30.979900360107422,30.949899673461914,0.0,0.0,0.0,-0.0,-0.0008103537594410515,0.0,0.0,0.8610349126785064,False
2024-11-04 18:30:00+00:00,30.949899673461914,30.790000915527344,0.0,0.0,0.0,-0.0,-0.005166374030985188,0.0,0.0,0.8565864842658726,False
2024-11-04 19:30:00+00:00,30.780000686645508,30.700000762939453,0.0,0.0,-0.0,-0.0,-0.0029230318256503462,0.0,0.0,0.8540826547109415,False
2024-11-04 20:30:00+00:00,30.66950035095215,30.359899520874023,0.0,0.0,-0.0,-0.0,-0.011078216078613035,0.0,0.0,0.8446209425130582,False
2024-11-05 14:30:00+00:00,30.360000610351562,30.969999313354492,0.0,0.0,0.0,0.0,0.02009558009442669,0.0,0.0,0.8615940903127595,False
2024-11-05 15:30:00+00:00,30.969999313354492,31.174999237060547,0.0,0.0,0.0,0.0,0.006619306691997728,0.0,0.0,0.8672972458405525,False
2024-11-05 16:30:00+00:00,31.239999771118164,31.270000457763672,0.0,0.0,0.0,0.0,0.003047352783578816,0.0,0.0,0.8699402065168549,False
2024-11-05 17:30:00+00:00,31.270000457763672,31.165000915527344,0.0,0.0,0.0,-0.0,-0.0033578362871515832,0.0,0.0,0.8670190897237604,False
2024-11-05 18:30:00+00:00,31.165000915527344,31.100000381469727,0.0,0.0,0.0,-0.0,-0.002085690105827376,0.0,0.0,0.86521075658676,False
2024-11-05 19:30:00+00:00,31.110000610351562,31.219999313354492,0.0,0.0,0.0,0.0,0.00385848650845233,0.0,0.0,0.8685491606180179,False
2024-11-05 20:30:00+00:00,31.219999313354492,31.440000534057617,0.0,0.0,0.0,0.0,0.0070468041493203515,0.0,0.0,0.8746696564469496,False
2024-11-06 14:30:00+00:00,33.25,33.26499938964844,0.0,0.0,0.0,0.0,0.05804703640554565,0.0,0.0,0.9254416378375518,False
2024-11-06 15:30:00+00:00,33.2599983215332,33.30799865722656,0.0,0.0,-0.0,0.0,0.001292627938285884,0.0,0.0,0.9266378895538737,False
2024-11-06 16:30:00+00:00,33.310001373291016,33.419898986816406,0.0,0.0,0.0,0.0,0.0033595632911305184,0.0,0.0,0.9297509881917896,False
2024-11-06 17:30:00+00:00,33.419898986816406,33.93000030517578,0.0,0.0,0.0,0.0,0.015263400962420626,0.0,0.0,0.9439421503197677,False
2024-11-06 18:30:00+00:00,33.91999816894531,34.224998474121094,0.0,0.0,-0.0,0.0,0.008694316719481732,0.0,0.0,0.9521490823395163,False
2024-11-06 19:30:00+00:00,34.220001220703125,34.3650016784668,0.0,0.0,-0.0,0.0,0.004090670871806257,0.0,0.0,0.9560440108562597,False
2024-11-06 20:30:00+00:00,34.3650016784668,34.11000061035156,0.0,0.0,0.0,-0.0,-0.0074203711817368845,0.0,0.0,0.9489498094296297,False
2024-11-07 14:30:00+00:00,35.810001373291016,35.935001373291016,0.0,0.0,0.0,0.0,0.053503392854985954,0.0,0.0,0.9997218438832073,False
2024-11-07 15:30:00+00:00,35.948001861572266,35.91999816894531,0.0,0.0,0.0,-0.0,-0.00041750949693453165,0.0,0.0,0.9993044505190931,False
2024-11-07 16:30:00+00:00,35.90999984741211,36.14500045776367,0.0,0.0,-0.0,0.0,0.006263983861026112,0.0,0.0,1.0055640774693964,False
2024-11-07 17:30:00+00:00,36.14500045776367,36.13999938964844,0.0,0.0,0.0,-0.0,-0.0001383612685543767,0.0,0.0,1.005424946348025,False
2024-11-07 18:30:00+00:00,36.130001068115234,35.97209930419922,0.0,0.0,-0.0,-0.0,-0.004645824246950925,0.0,0.0,1.000753918753792,False
2024-11-07 19:30:00+00:00,35.97999954223633,36.189998626708984,0.0,0.0,0.0,0.0,0.006057453602223539,0.0,0.0,1.0068159391838865,False
2024-11-07 20:30:00+00:00,36.185001373291016,36.28670120239258,0.0,0.0,-0.0,0.0,0.0026720801147592788,0.0,0.0,1.0095062320342023,False
2024-11-08 14:30:00+00:00,35.560001373291016,35.39509963989258,0.0,0.0,-0.0,-0.0,-0.024571028309435028,0.0,0.0,0.9847016258283389,False
2024-11-08 15:30:00+00:00,35.38999938964844,35.33209991455078,0.0,0.0,-0.0,-0.0,-0.0017798996466390493,0.0,0.0,0.9829489557524821,False
2024-11-08 16:30:00+00:00,35.34000015258789,35.09000015258789,0.0,0.0,0.0,-0.0,-0.006852119249871946,0.0,0.0,0.976213672291129,False
2024-11-08 17:30:00+00:00,35.09000015258789,35.29999923706055,0.0,0.0,0.0,0.0,0.005984584883427679,0.0,0.0,0.982055905877318,False
2024-11-08 18:30:00+00:00,35.29999923706055,35.529998779296875,0.0,0.0,0.0,0.0,0.006515567909555653,0.0,0.0,0.9884545578230418,False
2024-11-08 19:30:00+00:00,35.529998779296875,35.15999984741211,0.0,0.0,0.0,-0.0,-0.010413705167374276,0.0,0.0,0.9781610834865253,False
2024-11-08 20:30:00+00:00,35.16999816894531,35.41999816894531,0.0,0.0,0.0,0.0,0.007394719074560463,0.0,0.0,0.9853943099085758,False
2024-11-11 14:30:00+00:00,34.0099983215332,32.665000915527344,0.0,0.0,-0.0,-0.0,-0.07778084121510287,0.0,0.0,0.908749511555311,False
2024-11-11 15:30:00+00:00,32.665000915527344,32.19499969482422,0.0,0.0,0.0,-0.0,-0.014388526175724392,0.0,0.0,0.8956739454211207,False
2024-11-11 16:30:00+00:00,32.20000076293945,31.829999923706055,0.0,0.0,0.0,-0.0,-0.011337157154154065,0.0,0.0,0.8855195491430002,False
2024-11-11 17:30:00+00:00,31.825000762939453,31.729999542236328,0.0,0.0,-0.0,-0.0,-0.003141702221470921,0.0,0.0,0.8827375104083017,False
2024-11-11 18:30:00+00:00,31.72010040283203,31.61009979248047,0.0,0.0,-0.0,-0.0,-0.003778750440770029,0.0,0.0,0.8794018656517621,False
2024-11-11 19:30:00+00:00,31.614999771118164,32.55500030517578,0.0,0.0,0.0,0.0,0.029892360951042862,0.0,0.0,0.9056892636408451,False
2024-11-11 20:30:00+00:00,32.55500030517578,32.76499938964844,0.0,0.0,0.0,0.0,0.00645059384131752,0.0,0.0,0.9115314972270342,False
2024-11-12 14:30:00+00:00,32.369998931884766,32.26969909667969,0.0,0.0,-0.0,-0.0,-0.015116749647345662,0.0,0.0,0.8977521037877829,False
2024-11-12 15:30:00+00:00,32.27000045776367,31.54010009765625,0.0,0.0,0.0,-0.0,-0.022609414387086968,0.0,0.0,0.8774544544563658,False
2024-11-12 16:30:00+00:00,31.540000915527344,31.15999984741211,0.0,0.0,-0.0,-0.0,-0.012051333035318579,0.0,0.0,0.8668799586023884,False
2024-11-12 17:30:00+00:00,31.15999984741211,30.839799880981445,0.0,0.0,0.0,-0.0,-0.010275993838211095,0.0,0.0,0.8579719054893216,False
2024-11-12 18:30:00+00:00,30.81999969482422,31.17009925842285,0.0,0.0,-0.0,0.0,0.010710166042455338,0.0,0.0,0.867160927056874,False
2024-11-12 19:30:00+00:00,31.18000030517578,31.53969955444336,0.0,0.0,0.0,0.0,0.01185752707927712,0.0,0.0,0.877443311231542,False
2024-11-12 20:30:00+00:00,31.530000686645508,31.670000076293945,0.0,0.0,-0.0,0.0,0.004131317789684896,0.0,0.0,0.8810683083926728,False
2024-11-13 14:30:00+00:00,30.829999923706055,30.030000686645508,0.0,0.0,-0.0,-0.0,-0.05178400333746869,0.0,0.0,0.8354430641703288,False
2024-11-13 15:30:00+00:00,30.030000686645508,29.885000228881836,0.0,0.0,0.0,-0.0,-0.004828519961644684,0.0,0.0,0.8314091106581647,False
2024-11-13 16:30:00+00:00,29.959999084472656,29.655000686645508,0.0,0.0,0.0,-0.0,-0.007696153270029038,0.0,0.0,0.8250104587124409,False
2024-11-13 17:30:00+00:00,29.65999984741211,29.999900817871094,0.0,0.0,0.0,0.0,0.011630420611688175,0.0,0.0,0.8346056773563084,False
2024-11-13 18:30:00+00:00,29.989999771118164,30.02989959716797,0.0,0.0,-0.0,0.0,0.0009999626158432307,0.0,0.0,0.8354402518326353,False
2024-11-13 19:30:00+00:00,30.030000686645508,29.844999313354492,0.0,0.0,0.0,-0.0,-0.006157206194286391,0.0,0.0,0.8302962739390952,False
2024-11-13 20:30:00+00:00,29.7549991607666,29.6200008392334,0.0,0.0,-0.0,-0.0,-0.007538900294777884,0.0,0.0,0.8240367531147428,False
2024-11-14 14:30:00+00:00,30.59000015258789,30.364999771118164,0.0,0.0,0.0,-0.0,0.025151887602176348,0.0,0.0,0.8447628329091471,False
2024-11-14 15:30:00+00:00,30.360000610351562,30.235000610351562,0.0,0.0,-0.0,-0.0,-0.004281217248361391,0.0,0.0,0.8411462196981219,False
2024-11-14 16:30:00+00:00,30.239999771118164,29.700000762939453,0.0,0.0,0.0,-0.0,-0.01769471925292243,0.0,0.0,0.8262623734899066,False
2024-11-14 17:30:00+00:00,29.700000762939453,30.041500091552734,0.0,0.0,0.0,0.0,0.011498293597332676,0.0,0.0,0.8357629808487225,False
2024-11-14 18:30:00+00:00,30.040000915527344,29.90999984741211,0.0,0.0,-0.0,-0.0,-0.004377286212069009,0.0,0.0,0.8321046070760957,False
2024-11-14 19:30:00+00:00,29.905000686645508,29.584999084472656,0.0,0.0,-0.0,-0.0,-0.010865956689985468,0.0,0.0,0.8230629944540695,False
2024-11-14 20:30:00+00:00,29.59000015258789,29.600099563598633,0.0,0.0,0.0,0.0,0.000510409991322236,0.0,0.0,0.8234830940299265,False
2024-11-15 14:30:00+00:00,28.010000228881836,27.670000076293945,0.0,0.0,-0.0,-0.0,-0.06520584443162714,0.0,0.0,0.7697871835085361,False
2024-11-15 15:30:00+00:00,27.670000076293945,27.360000610351562,0.0,0.0,0.0,-0.0,-0.011203450129657622,0.0,0.0,0.7611629111876487,False
2024-11-15 16:30:00+00:00,27.360000610351562,27.045000076293945,0.0,0.0,0.0,-0.0,-0.011513177157548737,0.0,0.0,0.7523995077453898,False
2024-11-15 17:30:00+00:00,27.040000915527344,26.774999618530273,0.0,0.0,-0.0,-0.0,-0.009983377962728857,0.0,0.0,0.7448880190805964,False
2024-11-15 18:30:00+00:00,26.770000457763672,26.485000610351562,0.0,0.0,-0.0,-0.0,-0.010830962177792558,0.0,0.0,0.7368201651192436,False
2024-11-15 19:30:00+00:00,26.489999771118164,26.670000076293945,0.0,0.0,0.0,0.0,0.006985065572174376,0.0,0.0,0.741966902287502,False
2024-11-15 20:30:00+00:00,26.670000076293945,26.670000076293945,0.0,0.0,0.0,0.0,0.0,0.0,0.0,0.741966902287502,False
2024-11-18 14:30:00+00:00,26.700000762939453,27.310100555419922,0.0,0.0,0.0,0.0,0.02400076780258198,0.0,0.0,0.7597746776265053,False
2024-11-18 15:30:00+00:00,27.40999984741211,27.614999771118164,0.0,0.0,0.0,0.0,0.011164338815945252,0.0,0.0,0.7682570595513032,False
2024-11-18 16:30:00+00:00,27.610000610351562,27.379899978637695,0.0,0.0,-0.0,-0.0,-0.008513481601631345,0.0,0.0,0.7617165172094897,False
2024-11-18 17:30:00+00:00,27.377099990844727,27.635000228881836,0.0,0.0,-0.0,0.0,0.009317062898081208,0.0,0.0,0.7688134779108379,False
2024-11-18 18:30:00+00:00,27.639999389648438,27.385000228881836,0.0,0.0,0.0,-0.0,-0.009046498929959124,0.0,0.0,0.7618584076055793,False
2024-11-18 19:30:00+00:00,27.389999389648438,27.7549991607666,0.0,0.0,0.0,0.0,0.013511007076587145,0.0,0.0,0.7721518819420957,False
2024-11-18 20:30:00+00:00,27.7450008392334,27.704999923706055,0.0,0.0,-0.0,-0.0,-0.0018014497774232474,0.0,0.0,0.7707608891062342,False
2024-11-19 14:30:00+00:00,27.3700008392334,27.537099838256836,0.0,0.0,-0.0,0.0,-0.006060281029113157,0.0,0.0,0.7660898615120013,False
2024-11-19 15:30:00+00:00,27.530000686645508,27.520000457763672,0.0,0.0,-0.0,-0.0,-0.0006209579292518752,0.0,0.0,0.765614151937976,False
2024-11-19 16:30:00+00:00,27.514999389648438,27.309900283813477,0.0,0.0,-0.0,-0.0,-0.0076344538682928675,0.0,0.0,0.7597691060140933,False
2024-11-19 17:30:00+00:00,27.301300048828125,27.540000915527344,0.0,0.0,-0.0,0.0,0.008425539065415322,0.0,0.0,0.7661705702975107,False
2024-11-19 18:30:00+00:00,27.53219985961914,27.789899826049805,0.0,0.0,-0.0,0.0,0.009074034212597448,0.0,0.0,0.7731228282650756,False
2024-11-19 19:30:00+00:00,27.790000915527344,27.78459930419922,0.0,0.0,0.0,-0.0,-0.0001907355508211639,0.0,0.0,0.772975366256574,False
2024-11-19 20:30:00+00:00,27.780000686645508,27.825000762939453,0.0,0.0,-0.0,0.0,0.0014540954252353355,0.0,0.0,0.7740993462004673,False
2024-11-20 14:30:00+00:00,27.334999084472656,26.364999771118164,0.0,0.0,-0.0,-0.0,-0.052470833846872234,0.0,0.0,0.7334817080250101,False
2024-11-20 15:30:00+00:00,26.3700008392334,26.34000015258789,0.0,0.0,0.0,-0.0,-0.0009482123552930766,0.0,0.0,0.7327862116070794,False
2024-11-20 16:30:00+00:00,26.334999084472656,26.485000610351562,0.0,0.0,-0.0,0.0,0.00550495280651786,0.0,0.0,0.7368201651192433,False
2024-11-20 17:30:00+00:00,26.479999542236328,26.28499984741211,0.0,0.0,-0.0,-0.0,-0.007551472846154428,0.0,0.0,0.7312560876498463,False
2024-11-20 18:30:00+00:00,26.28499984741211,26.065000534057617,0.0,0.0,0.0,-0.0,-0.008369766582903337,0.0,0.0,0.7251356448838899,False
2024-11-20 19:30:00+00:00,26.059999465942383,26.449899673461914,0.0,0.0,-0.0,0.0,0.014766895511909572,0.0,0.0,0.7358436471838515,False
2024-11-20 20:30:00+00:00,26.450000762939453,27.15999984741211,0.0,0.0,0.0,0.0,0.026846989316283265,0.0,0.0,0.7555988337182513,False
2024-11-21 14:30:00+00:00,28.25,26.670000076293945,0.0,0.0,0.0,-0.0,-0.0180412287875934,0.0,0.0,0.7419669022875016,False
2024-11-21 15:30:00+00:00,26.65999984741211,28.05120086669922,0.0,0.0,-0.0,0.0,0.05178855592253928,0.0,0.0,0.7803922966992911,False
2024-11-21 16:30:00+00:00,28.05229949951172,28.19499969482422,0.0,0.0,0.0,0.0,0.005126298471439306,0.0,0.0,0.7843928205369837,False
2024-11-21 17:30:00+00:00,28.200000762939453,28.519899368286133,0.0,0.0,0.0,0.0,0.011523308280849465,0.0,0.0,0.7934316208213164,False
2024-11-21 18:30:00+00:00,28.520000457763672,28.629899978637695,0.0,0.0,0.0,0.0,0.003856977506515369,0.0,0.0,0.7964918687357821,False
2024-11-21 19:30:00+00:00,28.6299991607666,28.78499984741211,0.0,0.0,0.0,0.0,0.005417408684282643,0.0,0.0,0.8008067907024319,False
2024-11-21 20:30:00+00:00,28.780000686645508,28.46500015258789,0.0,0.0,-0.0,-0.0,-0.011116890620827546,0.0,0.0,0.791904309201777,False
2024-11-22 14:30:00+00:00,28.25,27.975000381469727,0.0,0.0,-0.0,-0.0,-0.01721411447361665,0.0,0.0,0.7782723777710273,False
2024-11-22 15:30:00+00:00,27.975000381469727,27.989999771118164,0.0,0.0,0.0,0.0,0.00053617120442917,0.0,0.0,0.7786896650091908,False
2024-11-22 16:30:00+00:00,28.0,28.329999923706055,0.0,0.0,0.0,0.0,0.012147200977783656,0.0,0.0,0.7881485648693805,False
2024-11-22 17:30:00+00:00,28.329999923706055,28.420000076293945,0.0,0.0,0.0,0.0,0.00317684972927168,0.0,0.0,0.7906523944243116,False
2024-11-22 18:30:00+00:00,28.420000076293945,28.264999389648438,0.0,0.0,0.0,-0.0,-0.005453929846214178,0.0,0.0,0.7863402317323801,False
2024-11-22 19:30:00+00:00,28.270000457763672,28.19499969482422,0.0,0.0,0.0,-0.0,-0.0024765503745192152,0.0,0.0,0.7843928205369838,False
2024-11-22 20:30:00+00:00,28.190000534057617,28.485000610351562,0.0,0.0,-0.0,0.0,0.010285544198128882,0.0,0.0,0.7924607275613119,False
2024-11-25 14:30:00+00:00,29.319900512695312,29.559999465942383,0.0,0.0,0.0,0.0,0.03773911997741575,0.0,0.0,0.8223674980361384,False
2024-11-25 15:30:00+00:00,29.559600830078125,29.93000030517578,0.0,0.0,-0.0,0.0,0.01251694336664988,0.0,0.0,0.8326610254356303,False
2024-11-25 16:30:00+00:00,29.934999465942383,29.385000228881836,0.0,0.0,0.0,-0.0,-0.018209157057699654,0.0,0.0,0.8174989700476476,False
2024-11-25 17:30:00+00:00,29.38789939880371,29.364999771118164,0.0,0.0,0.0,-0.0,-0.0006806349364603115,0.0,0.0,0.8169425516881128,False
2024-11-25 18:30:00+00:00,29.350000381469727,29.360000610351562,0.0,0.0,-0.0,0.0,-0.00017024215241157048,0.0,0.0,0.8168034736297168,False
2024-11-25 19:30:00+00:00,29.350000381469727,29.385900497436523,0.0,0.0,-0.0,0.0,0.0008821487243371173,0.0,0.0,0.8175240157720134,False
2024-11-25 20:30:00+00:00,29.3799991607666,29.34000015258789,0.0,0.0,-0.0,-0.0,-0.0015619853083160828,0.0,0.0,0.8162470552701819,False
2024-11-26 14:30:00+00:00,30.040000915527344,28.639999389648438,0.0,0.0,0.0,-0.0,-0.023858239921573765,0.0,0.0,0.7967728371902678,False
2024-11-26 15:30:00+00:00,28.641000747680664,28.280000686645508,0.0,0.0,0.0,-0.0,-0.012569787383900799,0.0,0.0,0.7867575720335187,False
2024-11-26 16:30:00+00:00,28.270000457763672,27.834999084472656,0.0,0.0,-0.0,-0.0,-0.015735558393497162,0.0,0.0,0.7743775023172592,False
2024-11-26 17:30:00+00:00,27.834999084472656,28.014999389648438,0.0,0.0,0.0,0.0,0.006466689818437565,0.0,0.0,0.7793851614271213,False
2024-11-26 18:30:00+00:00,28.014999389648438,27.645000457763672,0.0,0.0,0.0,-0.0,-0.01320717258417936,0.0,0.0,0.7690916870906048,False
2024-11-26 19:30:00+00:00,27.58989906311035,27.689800262451172,0.0,0.0,-0.0,0.0,0.0016205391190333707,0.0,0.0,0.7703380302556585,False
2024-11-26 20:30:00+00:00,27.684999465942383,28.1200008392334,0.0,0.0,-0.0,0.0,0.015536427590833846,0.0,0.0,0.7823063312831912,False
2024-11-27 14:30:00+00:00,27.68000030517578,26.1200008392334,0.0,0.0,-0.0,-0.0,-0.07112375321161346,0.0,0.0,0.7266657688411228,False
2024-11-27 15:30:00+00:00,26.1299991607666,25.920000076293945,0.0,0.0,0.0,-0.0,-0.007656996803730554,0.0,0.0,0.7211016913717259,False
2024-11-27 16:30:00+00:00,25.90999984741211,25.7549991607666,0.0,0.0,-0.0,-0.0,-0.006365776043274485,0.0,0.0,0.716511319500027,False
2024-11-27 17:30:00+00:00,25.75,26.264999389648438,0.0,0.0,-0.0,0.0,0.01980198973016223,0.0,0.0,0.7306996692903115,False
2024-11-27 18:30:00+00:00,26.260000228881836,26.649900436401367,0.0,0.0,-0.0,0.0,0.014654523346557813,0.0,0.0,0.7414077246532484,False
2024-11-27 19:30:00+00:00,26.6299991607666,26.764999389648438,0.0,0.0,-0.0,0.0,0.0043189262009344365,0.0,0.0,0.7446098099008286,False
2024-11-27 20:30:00+00:00,26.760000228881836,26.969999313354492,0.0,0.0,-0.0,0.0,0.007659253815837541,0.0,0.0,0.7503129654286216,False
2024-11-29 14:30:00+00:00,27.549999237060547,28.611000061035156,0.0,0.0,0.0,0.0,0.060845413031512585,0.0,0.0,0.7959660677130251,False
2024-11-29 15:30:00+00:00,28.6299991607666,28.799999237060547,0.0,0.0,0.0,0.0,0.006605822083191937,0.0,0.0,0.8012240779405952,False
2024-11-29 16:30:00+00:00,28.799999237060547,28.114999771118164,0.0,0.0,0.0,-0.0,-0.02378470430863444,0.0,0.0,0.78216720016182,False
2024-11-29 18:00:00+00:00,28.114999771118164,28.02989959716797,0.0,0.0,0.0,-0.0,-0.0030268602042677895,0.0,0.0,0.7797996893905665,False
2024-12-02 14:30:00+00:00,28.559999465942383,29.559900283813477,0.0,0.0,0.0,0.0,0.054584593902722744,0.0,0.0,0.8223647387614199,False
2024-12-02 15:30:00+00:00,29.549999237060547,30.16990089416504,0.0,0.0,-0.0,0.0,0.020636084847877045,0.0,0.0,0.8393351272864028,False
2024-12-02 16:30:00+00:00,30.16010093688965,30.5,0.0,0.0,-0.0,0.0,0.01094133875324732,0.0,0.0,0.8485185772415433,False
2024-12-02 17:30:00+00:00,30.5,30.457700729370117,0.0,0.0,0.0,-0.0,-0.0013868613321272871,0.0,0.0,0.8473417996371754,False
2024-12-02 18:30:00+00:00,30.450000762939453,30.0,0.0,0.0,-0.0,-0.0,-0.015027422241651989,0.0,0.0,0.8346084366310262,False
2024-12-02 19:30:00+00:00,30.0,30.424999237060547,0.0,0.0,0.0,0.0,0.014166641235351607,0.0,0.0,0.8464320349247757,False
2024-12-02 20:30:00+00:00,30.420000076293945,30.260000228881836,0.0,0.0,-0.0,-0.0,-0.0054231392708705695,0.0,0.0,0.8418417161160523,False
2024-12-03 14:30:00+00:00,29.56999969482422,29.795000076293945,0.0,0.0,-0.0,0.0,-0.015366825811986229,0.0,0.0,0.8289052811032334,False
2024-12-03 15:30:00+00:00,29.829999923706055,30.075000762939453,0.0,0.0,0.0,0.0,0.009397572946082455,0.0,0.0,0.836694978947794,False
2024-12-03 16:30:00+00:00,30.076200485229492,29.610000610351562,0.0,0.0,0.0,-0.0,-0.015461351314773553,0.0,0.0,0.823758543934975,False
2024-12-03 17:30:00+00:00,29.614999771118164,29.645000457763672,0.0,0.0,0.0,0.0,0.0011820279193062166,0.0,0.0,0.8247322495326732,False
2024-12-03 18:30:00+00:00,29.640399932861328,29.540300369262695,0.0,0.0,-0.0,-0.0,-0.003531795813265237,0.0,0.0,0.8218194636267089,False
2024-12-03 19:30:00+00:00,29.545000076293945,29.758699417114258,0.0,0.0,0.0,0.0,0.007393257520116769,0.0,0.0,0.8278953865563454,False
2024-12-03 20:30:00+00:00,29.75,29.690000534057617,0.0,0.0,-0.0,-0.0,-0.002308531098544453,0.0,0.0,0.8259841643101387,False
2024-12-04 14:30:00+00:00,31.389999389648438,30.930099487304688,0.0,0.0,0.0,-0.0,0.041768236138107984,0.0,0.0,0.8604840659313823,False
2024-12-04 15:30:00+00:00,30.939699172973633,30.979999542236328,0.0,0.0,0.0,0.0,0.001613316987619795,0.0,0.0,0.8618722994925255,False
2024-12-04 16:30:00+00:00,30.979999542236328,30.920000076293945,0.0,0.0,0.0,-0.0,-0.0019367161662020571,0.0,0.0,0.8602030974768966,False
2024-12-04 17:30:00+00:00,30.91990089416504,30.790000915527344,0.0,0.0,-0.0,-0.0,-0.004204371295143505,0.0,0.0,0.8565864842658713,False
2024-12-04 18:30:00+00:00,30.78499984741211,30.898000717163086,0.0,0.0,-0.0,0.0,0.003507625801377534,0.0,0.0,0.8595910691191935,False
2024-12-04 19:30:00+00:00,30.90999984741211,30.78499984741211,0.0,0.0,0.0,-0.0,-0.003657222704645968,0.0,0.0,0.8564473531444998,False
2024-12-04 20:30:00+00:00,30.780000686645508,30.90049934387207,0.0,0.0,-0.0,0.0,0.0037518108504934755,0.0,0.0,0.8596605816169037,False
2024-12-05 14:30:00+00:00,30.75,29.739999771118164,0.0,0.0,-0.0,-0.0,-0.037556013572448865,0.0,0.0,0.827375157146,False
2024-12-05 15:30:00+00:00,29.740299224853516,29.899900436401367,0.0,0.0,0.0,0.0,0.0053766195868800715,0.0,0.0,0.8318236386216091,False
2024-12-05 16:30:00+00:00,29.899999618530273,29.864999771118164,0.0,0.0,0.0,-0.0,-0.0011672502173523114,0.0,0.0,0.8308526922986292,False
2024-12-05 17:30:00+00:00,29.864999771118164,29.26110076904297,0.0,0.0,0.0,-0.0,-0.0202209612155837,0.0,0.0,0.8140520522317953,False
2024-12-05 18:30:00+00:00,29.260000228881836,29.007299423217773,0.0,0.0,-0.0,-0.0,-0.008673677310653605,0.0,0.0,0.8069912274166614,False
2024-12-05 19:30:00+00:00,29.0,28.979999542236328,0.0,0.0,-0.0,-0.0,-0.0009411383177434507,0.0,0.0,0.8062317370504568,False
2024-12-05 20:30:00+00:00,28.979700088500977,29.129899978637695,0.0,0.0,-0.0,0.0,0.005172547921641568,0.0,0.0,0.8104020093462986,False
2024-12-06 14:30:00+00:00,29.200000762939453,29.530000686645508,0.0,0.0,0.0,0.0,0.01373505258518648,0.0,0.0,0.8215329235598108,False
2024-12-06 15:30:00+00:00,29.540000915527344,29.399999618530273,0.0,0.0,0.0,-0.0,-0.004402338811120621,0.0,0.0,0.8179162572858101,False
2024-12-06 16:30:00+00:00,29.399999618530273,29.610000610351562,0.0,0.0,0.0,0.0,0.007142890970955218,0.0,0.0,0.8237585439349744,False
2024-12-06 17:30:00+00:00,29.6200008392334,29.752300262451172,0.0,0.0,0.0,0.0,0.0048057969998778205,0.0,0.0,0.8277173602740409,False
2024-12-06 18:30:00+00:00,29.7549991607666,29.6481990814209,0.0,0.0,0.0,-0.0,-0.0034989288260731666,0.0,0.0,0.8248212361423368,False
2024-12-06 19:30:00+00:00,29.645000457763672,29.604999542236328,0.0,0.0,-0.0,-0.0,-0.0014570712732310254,0.0,0.0,0.823619412813603,False
2024-12-06 20:30:00+00:00,29.600000381469727,29.649999618530273,0.0,0.0,-0.0,0.0,0.0015200161117971955,0.0,0.0,0.8248713275910686,False
2024-12-09 14:30:00+00:00,29.06999969482422,29.899999618530273,0.0,0.0,-0.0,0.0,0.008431703312527405,0.0,0.0,0.8318263978963271,False
2024-12-09 15:30:00+00:00,29.905000686645508,29.40999984741211,0.0,0.0,0.0,-0.0,-0.016387952420390373,0.0,0.0,0.8181944664655774,False
2024-12-09 16:30:00+00:00,29.399999618530273,29.44700050354004,0.0,0.0,-0.0,0.0,0.0012580978007445953,0.0,0.0,0.8192238351244191,False
2024-12-09 17:30:00+00:00,29.440000534057617,29.430099487304688,0.0,0.0,-0.0,-0.0,-0.0005739469537252573,0.0,0.0,0.8187536440998303,False
2024-12-09 18:30:00+00:00,29.43000030517578,29.318500518798828,0.0,0.0,-0.0,-0.0,-0.0037920010618380795,0.0,0.0,0.8156489294120199,False
2024-12-09 19:30:00+00:00,29.319000244140625,28.9950008392334,0.0,0.0,0.0,-0.0,-0.011033977653734484,0.0,0.0,0.8066490773515953,False
2024-12-09 20:30:00+00:00,29.010000228881836,29.209999084472656,0.0,0.0,0.0,0.0,0.007415010830016611,0.0,0.0,0.8126303889961803,False
2024-12-10 14:30:00+00:00,29.43000030517578,28.354999542236328,0.0,0.0,0.0,-0.0,-0.029270782917991456,0.0,0.0,0.7888440612873102,False
2024-12-10 15:30:00+00:00,28.358800888061523,27.65060043334961,0.0,0.0,0.0,-0.0,-0.024842148483814164,0.0,0.0,0.7692474799862359,False
2024-12-10 16:30:00+00:00,27.649999618530273,27.260099411010742,0.0,0.0,-0.0,-0.0,-0.014122695934945306,0.0,0.0,0.7583836317276673,False
2024-12-10 17:30:00+00:00,27.260000228881836,27.295000076293945,0.0,0.0,-0.0,0.0,0.0012802838594603294,0.0,0.0,0.7593545780506472,False
2024-12-10 18:30:00+00:00,27.290000915527344,27.24799919128418,0.0,0.0,-0.0,-0.0,-0.0017219595119395414,0.0,0.0,0.7580470002120381,False
2024-12-10 19:30:00+00:00,27.239999771118164,26.719999313354492,0.0,0.0,-0.0,-0.0,-0.01937756509103916,0.0,0.0,0.7433578951233624,False
2024-12-10 20:30:00+00:00,26.71500015258789,27.094999313354492,0.0,0.0,-0.0,0.0,0.014034431498378686,0.0,0.0,0.7537905005812502,False
2024-12-11 14:30:00+00:00,28.329999923706055,28.30500030517578,0.0,0.0,0.0,-0.0,0.044657723656959414,0.0,0.0,0.7874530684514488,False
2024-12-11 15:30:00+00:00,28.309999465942383,28.747499465942383,0.0,0.0,0.0,0.0,0.015633250520957764,0.0,0.0,0.7997635195440472,False
2024-12-11 16:30:00+00:00,28.75,28.78499984741211,0.0,0.0,0.0,0.0,0.0013044745514005918,0.0,0.0,0.800806790702431,False
2024-12-11 17:30:00+00:00,28.78499984741211,29.040000915527344,0.0,0.0,0.0,0.0,0.008858817768524707,0.0,0.0,0.807900992129061,False
2024-12-11 18:30:00+00:00,29.039899826049805,29.18000030517578,0.0,0.0,-0.0,0.0,0.0048209154695164624,0.0,0.0,0.8117958145198536,False
2024-12-11 19:30:00+00:00,29.180299758911133,29.594999313354492,0.0,0.0,0.0,0.0,0.014222035772395225,0.0,0.0,0.8233412036338357,False
2024-12-11 20:30:00+00:00,29.579999923706055,29.139999389648438,0.0,0.0,-0.0,-0.0,-0.015374216396779605,0.0,0.0,0.8106829778007841,False
2024-12-12 14:30:00+00:00,28.450000762939453,28.240100860595703,0.0,0.0,-0.0,-0.0,-0.030881899378913835,0.0,0.0,0.7856475476521421,False
2024-12-12 15:30:00+00:00,28.235000610351562,28.174999237060547,0.0,0.0,-0.0,-0.0,-0.0023052900503621743,0.0,0.0,0.7838364021774481,False
2024-12-12 16:30:00+00:00,28.18000030517578,28.11989974975586,0.0,0.0,0.0,-0.0,-0.001955616283822681,0.0,0.0,0.7823035189454969,False
2024-12-12 17:30:00+00:00,28.114999771118164,28.290000915527344,0.0,0.0,-0.0,0.0,0.006049138413907862,0.0,0.0,0.7870357812132854,False
2024-12-12 18:30:00+00:00,28.290000915527344,28.340999603271484,0.0,0.0,0.0,0.0,0.0018027107138107734,0.0,0.0,0.788454579048231,False
2024-12-12 19:30:00+00:00,28.350000381469727,28.311500549316406,0.0,0.0,0.0,-0.0,-0.0010408614504788805,0.0,0.0,0.7876339070714462,False
2024-12-12 20:30:00+00:00,28.31999969482422,28.389999389648438,0.0,0.0,0.0,0.0,0.00277268384963536,0.0,0.0,0.7898177668850084,False
2024-12-13 14:30:00+00:00,30.3700008392334,30.385000228881836,0.0,0.0,0.0,0.0,0.07027125333298945,0.0,0.0,0.8453192512686808,False
2024-12-13 15:30:00+00:00,30.385000228881836,29.8799991607666,0.0,0.0,0.0,-0.0,-0.016620077811788758,0.0,0.0,0.8312699795367923,False
2024-12-13 16:30:00+00:00,29.8799991607666,29.959999084472656,0.0,0.0,0.0,0.0,0.0026773736932059755,0.0,0.0,0.833495599911956,False
2024-12-13 17:30:00+00:00,29.969999313354492,30.21500015258789,0.0,0.0,0.0,0.0,0.008511384376089337,0.0,0.0,0.8405898013385859,False
2024-12-13 18:30:00+00:00,30.209999084472656,30.739999771118164,0.0,0.0,-0.0,0.0,0.01737546304414983,0.0,0.0,0.8551954383670337,False
2024-12-13 19:30:00+00:00,30.75,31.0,0.0,0.0,0.0,0.0,0.008458042642086161,0.0,0.0,0.8624287178520597,False
2024-12-13 20:30:00+00:00,31.0,30.790000915527344,0.0,0.0,0.0,-0.0,-0.006774164015246997,0.0,0.0,0.8565864842658706,False
2024-12-16 14:30:00+00:00,31.1200008392334,31.940000534057617,0.0,0.0,0.0,0.0,0.03734977539251494,0.0,0.0,0.8885797970574649,False
2024-12-16 15:30:00+00:00,31.950000762939453,31.899999618530273,0.0,0.0,0.0,-0.0,-0.0012523767958202425,0.0,0.0,0.8874669603383954,False
2024-12-16 16:30:00+00:00,31.899999618530273,32.20500183105469,0.0,0.0,0.0,0.0,0.00956119799911348,0.0,0.0,0.8959522076638622,False
2024-12-16 17:30:00+00:00,32.203399658203125,32.560001373291016,0.0,0.0,-0.0,0.0,0.011023118213084881,0.0,0.0,0.9058283947622153,False
2024-12-16 18:30:00+00:00,32.54999923706055,32.68000030517578,0.0,0.0,-0.0,0.0,0.0036854707255387087,0.0,0.0,0.9091667987934732,False
2024-12-16 19:30:00+00:00,32.68000030517578,32.73500061035156,0.0,0.0,0.0,0.0,0.0016829958586956906,0.0,0.0,0.9106969227507062,False
2024-12-16 20:30:00+00:00,32.73500061035156,32.5,0.0,0.0,0.0,-0.0,-0.007178879058192256,0.0,0.0,0.9041591396836111,False
2024-12-17 14:30:00+00:00,31.579999923706055,30.760000228881836,0.0,0.0,-0.0,-0.0,-0.05353845449594352,0.0,0.0,0.8557518567265686,False
2024-12-17 15:30:00+00:00,30.760000228881836,31.18000030517578,0.0,0.0,0.0,0.0,0.013654098607567278,0.0,0.0,0.867436376961922,False
2024-12-17 16:30:00+00:00,31.18000030517578,31.420000076293945,0.0,0.0,0.0,0.0,0.007697234405681597,0.0,0.0,0.8741132380874131,False
2024-12-17 17:30:00+00:00,31.420000076293945,31.19499969482422,0.0,0.0,0.0,-0.0,-0.007161056044665215,0.0,0.0,0.8678536642000854,False
2024-12-17 18:30:00+00:00,31.200000762939453,30.795000076293945,0.0,0.0,0.0,-0.0,-0.012822555616073261,0.0,0.0,0.8567255623242668,False
2024-12-17 19:30:00+00:00,30.795000076293945,30.770000457763672,0.0,0.0,0.0,-0.0,-0.0008118077112627686,0.0,0.0,0.856030065906336,False
2024-12-17 20:30:00+00:00,30.770000457763672,31.110000610351562,0.0,0.0,0.0,0.0,0.011049728551502325,0.0,0.0,0.8654889657665257,False
2024-12-18 14:30:00+00:00,31.780000686645508,31.96969985961914,0.0,0.0,0.0,0.0,0.027634176547766565,0.0,0.0,0.8894060406466617,False
2024-12-18 15:30:00+00:00,31.969999313354492,32.249900817871094,0.0,0.0,0.0,0.0,0.008764578944510992,0.0,0.0,0.8972013101036344,False
2024-12-18 16:30:00+00:00,32.25,32.224998474121094,0.0,0.0,0.0,-0.0,-0.0007721680724115387,0.0,0.0,0.8965085198974465,False
2024-12-18 17:30:00+00:00,32.220001220703125,32.16999816894531,0.0,0.0,-0.0,-0.0,-0.0017067589691260876,0.0,0.0,0.8949783959402136,False
2024-12-18 18:30:00+00:00,32.17900085449219,30.780000686645508,0.0,0.0,0.0,-0.0,-0.043207881921535574,0.0,0.0,0.8563082750861035,False
2024-12-18 19:30:00+00:00,30.579999923706055,28.489999771118164,0.0,0.0,-0.0,-0.0,-0.07439898844839543,0.0,0.0,0.7925998056197071,False
2024-12-18 20:30:00+00:00,28.510000228881836,27.760000228881836,0.0,0.0,0.0,-0.0,-0.025623009761353788,0.0,0.0,0.7722910130634663,False
2024-12-19 14:30:00+00:00,27.969999313354492,26.5,0.0,0.0,0.0,-0.0,-0.04538905686214356,0.0,0.0,0.7372374523574061,False
2024-12-19 15:30:00+00:00,26.521699905395508,27.200000762939453,0.0,0.0,0.0,0.0,0.026415123129790663,0.0,0.0,0.7567116704373201,False
2024-12-19 16:30:00+00:00,27.190000534057617,26.75,0.0,0.0,-0.0,-0.0,-0.01654414523225267,0.0,0.0,0.7441925226626646,False
2024-12-19 17:30:00+00:00,26.739999771118164,26.770000457763672,0.0,0.0,-0.0,0.0,0.0007476806640625,0.0,0.0,0.7447489410221994,False
2024-12-19 18:30:00+00:00,26.760000228881836,26.704999923706055,0.0,0.0,-0.0,-0.0,-0.002428111055140736,0.0,0.0,0.742940607885199,False
2024-12-19 19:30:00+00:00,26.709999084472656,26.575000762939453,0.0,0.0,0.0,-0.0,-0.0048679708346003325,0.0,0.0,0.7393239946741736,False
2024-12-19 20:30:00+00:00,26.579999923706055,26.2450008392334,0.0,0.0,0.0,-0.0,-0.012417682567530175,0.0,0.0,0.7301433039937514,False
2024-12-20 14:30:00+00:00,25.81999969482422,26.980100631713867,0.0,0.0,-0.0,0.0,0.028009135796314144,0.0,0.0,0.7505939869460818,False
2024-12-20 15:30:00+00:00,26.979999542236328,27.825000762939453,0.0,0.0,-0.0,0.0,0.031315677534295316,0.0,0.0,0.7740993462004664,False
2024-12-20 16:30:00+00:00,27.81999969482422,28.362600326538086,0.0,0.0,-0.0,0.0,0.019320738503435075,0.0,0.0,0.7890555172440856,False
2024-12-20 17:30:00+00:00,28.36989974975586,27.614999771118164,0.0,0.0,0.0,-0.0,-0.026358674691770667,0.0,0.0,0.768257059551302,False
2024-12-20 18:30:00+00:00,27.614999771118164,27.989999771118164,0.0,0.0,0.0,0.0,0.013579576429770812,0.0,0.0,0.7786896650091899,False
2024-12-20 19:30:00+00:00,27.989999771118164,27.739999771118164,0.0,0.0,0.0,-0.0,-0.008931761416374306,0.0,0.0,0.7717345947039314,False
2024-12-20 20:30:00+00:00,27.739999771118164,27.350000381469727,0.0,0.0,0.0,-0.0,-0.014059098517170465,0.0,0.0,0.7608847020078802,False
2024-12-23 14:30:00+00:00,28.149999618530273,28.389999389648438,0.0,0.0,0.0,0.0,0.038025557355506834,0.0,0.0,0.7898177668850085,False
2024-12-23 15:30:00+00:00,28.399999618530273,28.80109977722168,0.0,0.0,0.0,0.0,0.014480464826045036,0.0,0.0,0.8012546952773723,False
2024-12-23 16:30:00+00:00,28.809999465942383,29.0049991607666,0.0,0.0,0.0,0.0,0.007079569360965321,0.0,0.0,0.8069272334683876,False
2024-12-23 17:30:00+00:00,29.014999389648438,29.450000762939453,0.0,0.0,0.0,0.0,0.015342238064077529,0.0,0.0,0.8193073031846471,False
2024-12-23 18:30:00+00:00,29.450000762939453,29.649900436401367,0.0,0.0,0.0,0.0,0.006787764627614878,0.0,0.0,0.8248685683163504,False
2024-12-23 19:30:00+00:00,29.649999618530273,29.524999618530273,0.0,0.0,0.0,-0.0,-0.004212520650415108,0.0,0.0,0.8213937924384394,False
2024-12-23 20:30:00+00:00,29.530000686645508,29.690000534057617,0.0,0.0,0.0,0.0,0.0055885154160606465,0.0,0.0,0.8259841643101381,False
2024-12-24 14:30:00+00:00,30.260000228881836,30.235000610351562,0.0,0.0,0.0,-0.0,0.018356351178531405,0.0,0.0,0.8411462196981208,False
2024-12-24 15:30:00+00:00,30.235000610351562,30.424999237060547,0.0,0.0,0.0,0.0,0.006284062274631852,0.0,0.0,0.8464320349247749,False
2024-12-24 16:30:00+00:00,30.420000076293945,30.385000228881836,0.0,0.0,-0.0,-0.0,-0.0013146757331710113,0.0,0.0,0.8453192512686808,False
2024-12-24 18:00:00+00:00,30.3799991607666,30.549999237060547,0.0,0.0,-0.0,0.0,0.005430278326010063,0.0,0.0,0.8499095700774042,False
2024-12-26 14:30:00+00:00,29.899999618530273,30.459999084472656,0.0,0.0,-0.0,0.0,-0.0029459952482980833,0.0,0.0,0.8474057405224731,False
2024-12-26 15:30:00+00:00,30.450000762939453,30.790000915527344,0.0,0.0,-0.0,0.0,0.01083394093806489,0.0,0.0,0.8565864842658707,False
2024-12-26 16:30:00+00:00,30.79509925842285,30.872499465942383,0.0,0.0,0.0,0.0,0.0026793942176674967,0.0,0.0,0.8588816171387448,False
2024-12-26 17:30:00+00:00,30.875,30.834999084472656,0.0,0.0,0.0,-0.0,-0.001214685630202883,0.0,0.0,0.8578383459803609,False
2024-12-26 18:30:00+00:00,30.84000015258789,30.81999969482422,0.0,0.0,0.0,-0.0,-0.0004864404116681209,0.0,0.0,0.8574210587421975,False
2024-12-26 19:30:00+00:00,30.81999969482422,30.847900390625,0.0,0.0,0.0,0.0,0.0009052789122987459,0.0,0.0,0.8581972639456377,False
2024-12-26 20:30:00+00:00,30.84000015258789,30.5049991607666,0.0,0.0,-0.0,-0.0,-0.011115869330368122,0.0,0.0,0.8486576552999385,False
2024-12-27 14:30:00+00:00,29.979999542236328,28.920000076293945,0.0,0.0,-0.0,-0.0,-0.0519586667129357,0.0,0.0,0.8045625350348276,False
2024-12-27 15:30:00+00:00,28.90999984741211,29.434999465942383,0.0,0.0,-0.0,0.0,0.01780772435303657,0.0,0.0,0.8188899628835081,False
2024-12-27 16:30:00+00:00,29.440000534057617,29.010000228881836,0.0,0.0,0.0,-0.0,-0.014438567853629292,0.0,0.0,0.8070663645897587,False
2024-12-27 17:30:00+00:00,29.010000228881836,29.190000534057617,0.0,0.0,0.0,0.0,0.00620476745107279,0.0,0.0,0.8120740236996209,False
2024-12-27 18:30:00+00:00,29.190000534057617,29.56999969482422,0.0,0.0,0.0,0.0,0.013018127914154576,0.0,0.0,0.8226457072159048,False
2024-12-27 19:30:00+00:00,29.56999969482422,29.541900634765625,0.0,0.0,0.0,-0.0,-0.0009502556763134606,0.0,0.0,0.821863983463028,False
2024-12-27 20:30:00+00:00,29.514999389648438,29.719999313354492,0.0,0.0,-0.0,0.0,0.006028680442424772,0.0,0.0,0.826818738786465,False
2024-12-30 14:30:00+00:00,28.239999771118164,27.510000228881836,0.0,0.0,-0.0,-0.0,-0.07436067077833364,0.0,0.0,0.7653359427582076,False
2024-12-30 15:30:00+00:00,27.514999389648438,27.864999771118164,0.0,0.0,0.0,0.0,0.012904381653316976,0.0,0.0,0.7752121298565606,False
2024-12-30 16:30:00+00:00,27.864999771118164,28.399999618530273,0.0,0.0,0.0,0.0,0.01919970758322531,0.0,0.0,0.7900959760647759,False
2024-12-30 17:30:00+00:00,28.40369987487793,28.524999618530273,0.0,0.0,0.0,0.0,0.004401408509824067,0.0,0.0,0.7935735112174052,False
2024-12-30 18:30:00+00:00,28.520700454711914,28.31999969482422,0.0,0.0,-0.0,-0.0,-0.007186675773796836,0.0,0.0,0.7878703556896122,False
2024-12-30 19:30:00+00:00,28.31999969482422,27.989999771118164,0.0,0.0,0.0,-0.0,-0.011652539804453688,0.0,0.0,0.7786896650091899,False
2024-12-30 20:30:00+00:00,27.989999771118164,27.940000534057617,0.0,0.0,0.0,-0.0,-0.0017863250257020846,0.0,0.0,0.7772986721733284,False
2024-12-31 14:30:00+00:00,28.200000762939453,28.110000610351562,0.0,0.0,0.0,-0.0,0.006084469328721864,0.0,0.0,0.7820281221034232,False
2024-12-31 15:30:00+00:00,28.110000610351562,27.565000534057617,0.0,0.0,0.0,-0.0,-0.019388120400582576,0.0,0.0,0.7668660667154406,False
2024-12-31 16:30:00+00:00,27.565000534057617,27.229999542236328,0.0,0.0,0.0,-0.0,-0.012153128435727245,0.0,0.0,0.7575462449136469,False
2024-12-31 17:30:00+00:00,27.229999542236328,27.170000076293945,0.0,0.0,0.0,-0.0,-0.0022034324991200283,0.0,0.0,0.7558770428980178,False
2024-12-31 18:30:00+00:00,27.15999984741211,26.965200424194336,0.0,0.0,-0.0,-0.0,-0.007537712606717983,0.0,0.0,0.7501794589826367,False
2024-12-31 19:30:00+00:00,26.959999084472656,27.639999389648438,0.0,0.0,-0.0,0.0,0.025024808079996408,0.0,0.0,0.7689525559692327,False
2024-12-31 20:30:00+00:00,27.639999389648438,27.295000076293945,0.0,0.0,0.0,-0.0,-0.012481885708134244,0.0,0.0,0.7593545780506471,False
2025-01-02 14:30:00+00:00,28.1299991607666,28.139999389648438,0.0,0.0,0.0,0.0,0.03095802568208761,0.0,0.0,0.7828626965797498,False
2025-01-02 15:30:00+00:00,28.1200008392334,28.399999618530273,0.0,0.0,-0.0,0.0,0.009239525036289775,0.0,0.0,0.7900959760647758,False
2025-01-02 16:30:00+00:00,28.399999618530273,27.859899520874023,0.0,0.0,0.0,-0.0,-0.01901760932784835,0.0,0.0,0.7750702394604708,False
2025-01-02 17:30:00+00:00,27.71500015258789,27.42099952697754,0.0,0.0,-0.0,-0.0,-0.01575382544246573,0.0,0.0,0.7628599182023604,False
2025-01-02 18:30:00+00:00,27.40999984741211,27.575000762939453,0.0,0.0,-0.0,0.0,0.005616178790652793,0.0,0.0,0.7671442758952076,False
2025-01-02 19:30:00+00:00,27.56999969482422,27.829999923706055,0.0,0.0,-0.0,0.0,0.0092474761092054,0.0,0.0,0.7742384242588622,False
2025-01-02 20:30:00+00:00,27.84000015258789,27.71500015258789,0.0,0.0,0.0,-0.0,-0.00413222319200246,0.0,0.0,0.7710390982860004,False
2025-01-03 14:30:00+00:00,28.31999969482422,28.540000915527344,0.0,0.0,0.0,0.0,0.029767301403475388,0.0,0.0,0.7939908515185436,False
2025-01-03 15:30:00+00:00,28.540000915527344,29.09000015258789,0.0,0.0,0.0,0.0,0.019271170967668727,0.0,0.0,0.8092919849649224,False
2025-01-03 16:30:00+00:00,29.09000015258789,29.2450008392334,0.0,0.0,0.0,0.0,0.005328315085337598,0.0,0.0,0.8136041476568537,False
2025-01-03 17:30:00+00:00,29.25,29.649999618530273,0.0,0.0,0.0,0.0,0.013848478976740353,0.0,0.0,0.8248713275910684,False
2025-01-03 18:30:00+00:00,29.645000457763672,29.96299934387207,0.0,0.0,-0.0,0.0,0.010556483283938434,0.0,0.0,0.8335790679721836,False
2025-01-03 19:30:00+00:00,29.959999084472656,30.02120018005371,0.0,0.0,-0.0,0.0,0.0019424235709415427,0.0,0.0,0.8351982316020563,False
2025-01-03 20:30:00+00:00,30.020000457763672,29.8799991607666,0.0,0.0,-0.0,-0.0,-0.004703376895002442,0.0,0.0,0.8312699795367923,False
2025-01-06 14:30:00+00:00,31.809999465942383,33.619998931884766,0.0,0.0,0.0,0.0,0.12516733186622386,0.0,0.0,0.9353178249359031,False
2025-01-06 15:30:00+00:00,33.62990188598633,33.470001220703125,0.6666666666666666,0.0,0.0,-0.003169811315047492,-0.004461562044827727,0.6666666666666666,0.0003333333333333333,0.9311448464283183,False
2025-01-06 16:30:00+00:00,33.459999084472656,33.53010177612305,0.6666666666666666,0.6666666666666666,-0.00019922589115976366,0.0013967462356750577,0.00179565441374252,0.0,0.0,0.9328168607816409,False
2025-01-06 17:30:00+00:00,33.529998779296875,33.38999938964844,0.6666666666666666,0.6666666666666666,-2.047847967793596e-06,-0.0027835648622188307,-0.004178406239565113,0.0,0.0,0.9289191729901793,False
2025-01-06 18:30:00+00:00,33.38999938964844,32.69499969482422,0.6666666666666666,0.6666666666666666,0.0,-0.013876404263321263,-0.020814606394981894,0.0,0.0,0.9095840860316367,False
2025-01-06 19:30:00+00:00,32.70000076293945,32.70989990234375,0.6666666666666666,0.6666666666666666,0.00010197416856631372,0.00020181731240231926,0.000455733526796509,0.0,0.0,0.9099986139950819,False
2025-01-06 20:30:00+00:00,32.775001525878906,32.529998779296875,0.6666666666666666,0.6666666666666666,0.0013268485225067885,-0.0049835288110986475,-0.005499898305527551,0.0,0.0,0.9049937141599379,False
2025-01-07 14:30:00+00:00,33.56999969482422,32.54999923706055,0.0,0.6666666666666666,0.021313678748926236,-0.0,0.0006148311870335377,0.6666666666666666,0.00032593819610546505,0.9055501325194727,False
2025-01-07 15:30:00+00:00,32.55979919433594,32.90999984741211,0.0,0.0,0.0,0.0,0.01105992684453505,0.0,0.0,0.915565450739197,False
2025-01-07 16:30:00+00:00,32.90999984741211,31.8700008392334,0.6666666666666666,0.0,0.0,-0.021067537992518776,-0.031601306988778166,0.6666666666666666,0.000332776492043893,0.8866323858620686,False
2025-01-07 17:30:00+00:00,31.8700008392334,32.474998474121094,0.6666666666666666,0.6666666666666666,0.0,0.012655530152835048,0.018983295229252573,0.0,0.0,0.9034635902027048,False
2025-01-07 18:30:00+00:00,32.470001220703125,32.150001525878906,0.6666666666666666,0.6666666666666666,-0.00010258668006716634,-0.00657016082114555,-0.010007604727100272,0.0,0.0,0.8944220837066292,False
2025-01-07 19:30:00+00:00,32.130001068115234,30.96500015258789,0.6666666666666666,0.6666666666666666,-0.00041473212678955207,-0.024172650208498382,-0.03685851686001185,0.0,0.0,0.8614550122543615,False
2025-01-07 20:30:00+00:00,30.979999542236328,31.1299991607666,0.0,0.6666666666666666,0.0003229321185106807,0.0,0.005328564746185593,0.6666666666666666,0.00031952137965892677,0.866045331063085,False
2025-01-08 14:30:00+00:00,30.799999237060547,29.8700008392334,0.6666666666666666,0.0,-0.0,-0.02012983594943544,-0.04047537280762892,0.6666666666666666,0.0003195180562484165,0.8309918234200002,False
2025-01-08 15:30:00+00:00,29.8700008392334,30.170000076293945,0.0,0.6666666666666666,0.0,0.0,0.010043496104175098,0.6666666666666666,0.00031297970417450393,0.8393378865611204,False
2025-01-08 16:30:00+00:00,30.190399169921875,29.31209945678711,0.0,0.0,0.0,-0.0,-0.028435552447377388,0.0,0.0,0.8154708500667408,False
2025-01-08 17:30:00+00:00,29.31999969482422,30.230300903320312,0.0,0.0,0.0,0.0,0.0313249976477068,0.0,0.0,0.8410154725268549,False
2025-01-08 18:30:00+00:00,30.229999542236328,30.22010040283203,0.0,0.0,-0.0,-0.0,-0.0003374263630687713,0.0,0.0,0.8407316917346757,False
2025-01-08 19:30:00+00:00,30.219999313354492,29.962200164794922,0.0,0.0,-0.0,-0.0,-0.008534062911747964,0.0,0.0,0.8335568345855117,False
2025-01-08 20:30:00+00:00,29.96500015258789,30.19499969482422,0.0,0.0,0.0,0.0,0.00776977420713032,0.0,0.0,0.8400333829790514,False
2025-01-10 14:30:00+00:00,29.059999465942383,28.391199111938477,0.0,0.0,-0.0,-0.0,-0.059738387187165176,0.0,0.0,0.7898511434965046,False
2025-01-10 15:30:00+00:00,28.399999618530273,27.815000534057617,0.0,0.0,0.0,-0.0,-0.020294971537097473,0.0,0.0,0.7738211370206992,False
2025-01-10 16:30:00+00:00,27.809999465942383,27.770000457763672,0.6666666666666666,0.0,-0.0,-0.0009588639325624666,-0.0016178348168228718,0.6666666666666666,0.00031287537760644573,0.7725692222432337,False
2025-01-10 17:30:00+00:00,27.760000228881836,28.311199188232422,0.0,0.6666666666666666,-0.0002400727095664597,0.0,0.01948861078673292,0.6666666666666666,0.00031247108089893657,0.787625523121341,False
2025-01-10 18:30:00+00:00,28.309999465942383,28.334999084472656,0.0,0.0,-0.0,0.0,0.0008406530603666251,0.0,0.0,0.7882876429277759,False
2025-01-10 19:30:00+00:00,28.34000015258789,27.940000534057617,0.0,0.0,0.0,-0.0,-0.013940305741230619,0.0,0.0,0.7772986721733286,False
2025-01-10 20:30:00+00:00,27.93000030517578,27.9950008392334,0.0,0.0,-0.0,0.0,0.0019685148219212856,0.0,0.0,0.7788287961305616,False
2025-01-13 14:30:00+00:00,26.440000534057617,26.59000015258789,0.0,0.0,-0.0,0.0,-0.05018755651103535,0.0,0.0,0.7397412819123373,False
2025-01-13 15:30:00+00:00,26.584999084472656,26.899999618530273,0.0,0.0,-0.0,0.0,0.01165849808813224,0.0,0.0,0.7483655542332248,False
2025-01-13 16:30:00+00:00,26.899999618530273,27.29990005493164,0.0,0.0,0.0,0.0,0.01486618743763457,0.0,0.0,0.7594908968343252,False
2025-01-13 17:30:00+00:00,27.290000915527344,27.41990089416504,0.0,0.0,-0.0,0.0,0.0043956512291962735,0.0,0.0,0.7628293539285584,False
2025-01-13 18:30:00+00:00,27.465099334716797,27.519399642944336,0.0,0.0,0.0,0.0,0.003628705631115947,0.0,0.0,0.7655974371007396,False
2025-01-13 19:30:00+00:00,27.514999389648438,27.485000610351562,0.0,0.0,-0.0,-0.0,-0.0012499921160741279,0.0,0.0,0.7646404463402771,False
2025-01-13 20:30:00+00:00,27.489999771118164,27.75,0.0,0.0,0.0,0.0,0.009641600282469298,0.0,0.0,0.772012803883699,False
2025-01-14 14:30:00+00:00,28.469999313354492,28.149999618530273,0.0,0.0,0.0,-0.0,0.014414400667757565,0.0,0.0,0.7831409057595176,False
2025-01-14 15:30:00+00:00,28.155000686645508,27.610000610351562,0.0,0.0,0.0,-0.0,-0.01918291351674639,0.0,0.0,0.7681179814929063,False
2025-01-14 16:30:00+00:00,27.610000610351562,27.450000762939453,0.0,0.0,0.0,-0.0,-0.005794996156288423,0.0,0.0,0.7636667407425789,False
2025-01-14 17:30:00+00:00,27.44499969482422,27.893600463867188,0.0,0.0,-0.0,0.0,0.016160280094660084,0.0,0.0,0.7760078091719551,False
2025-01-14 18:30:00+00:00,27.899999618530273,28.190000534057617,0.0,0.0,0.0,0.0,0.010626095780441824,0.0,0.0,0.7842537424785871,False
2025-01-14 19:30:00+00:00,28.190000534057617,27.709999084472656,0.0,0.0,0.0,-0.0,-0.017027365749959777,0.0,0.0,0.7708999671646295,False
2025-01-14 20:30:00+00:00,27.71500015258789,28.229999542236328,0.0,0.0,0.0,0.0,0.018765805663813806,0.0,0.0,0.7853665261346814,False
2025-01-15 14:30:00+00:00,29.560100555419922,30.31999969482422,0.0,0.0,0.0,0.0,0.07403472144804457,0.0,0.0,0.8435109181316809,False
2025-01-15 15:30:00+00:00,30.31999969482422,29.941200256347656,0.0,0.0,0.0,-0.0,-0.012493385299776949,0.0,0.0,0.8329726112268931,False
2025-01-15 16:30:00+00:00,29.940000534057617,29.789899826049805,0.0,0.0,-0.0,-0.0,-0.005053252007349851,0.0,0.0,0.8287633907071434,False
2025-01-15 17:30:00+00:00,29.78700065612793,30.155000686645508,0.0,0.0,-0.0,0.0,0.01225586063490014,0.0,0.0,0.8389205993229575,False
2025-01-15 18:30:00+00:00,30.190000534057617,30.200000762939453,0.0,0.0,0.0,0.0,0.0014922923319273806,0.0,0.0,0.840172514100423,False
2025-01-15 19:30:00+00:00,30.195499420166016,30.29669952392578,0.0,0.0,-0.0,0.0,0.0032019456471337193,0.0,0.0,0.8428627008247883,False
2025-01-15 20:30:00+00:00,30.29789924621582,29.940000534057617,0.0,0.0,0.0,-0.0,-0.01177352634026918,0.0,0.0,0.8329392346153972,False
2025-01-16 14:30:00+00:00,31.459999084472656,30.719999313354492,0.0,0.0,0.0,-0.0,0.026052062972063306,0.0,0.0,0.8546390200074997,False
2025-01-16 15:30:00+00:00,30.72800064086914,31.31999969482422,0.0,0.0,0.0,0.0,0.019531262854192155,0.0,0.0,0.8713311993527154,False
2025-01-16 16:30:00+00:00,31.325000762939453,31.639999389648438,0.6666666666666666,0.0,0.0,0.0067038812245171124,0.010217104021144063,0.6666666666666666,0.0003122919080929176,0.8802336808533703,False
2025-01-16 17:30:00+00:00,31.645000457763672,31.1200008392334,0.6666666666666666,0.6666666666666666,0.00010537438288471535,-0.011060190887151045,-0.01643484704317555,0.0,0.0,0.8657671749462937,False
2025-01-16 18:30:00+00:00,31.11989974975586,31.010000228881836,0.6666666666666666,0.6666666666666666,-2.1655842933713623e-06,-0.0023543246552368093,-0.003534723887696156,0.0,0.0,0.8627069270318278,False
2025-01-16 19:30:00+00:00,31.010000228881836,30.680099487304688,0.6666666666666666,0.6666666666666666,0.0,-0.007092351696058966,-0.01063852754408845,0.0,0.0,0.8535289956261238,False
2025-01-16 20:30:00+00:00,30.684999465942383,30.020000457763672,0.6666666666666666,0.6666666666666666,0.0001064746359927445,-0.014447863119932586,-0.02151554397058464,0.0,0.0,0.835164854990561,False
2025-01-17 14:30:00+00:00,32.029998779296875,31.854999542236328,0.6666666666666666,0.6666666666666666,0.0446368707724516,-0.003642402825059528,0.06112588462663049,0.0,0.0,0.8862150455609307,False
2025-01-17 15:30:00+00:00,31.860000610351562,32.23500061035156,0.6666666666666666,0.6666666666666666,0.0001046631755789266,0.007846829730404181,0.011929087225739599,0.0,0.0,0.8967867821401898,False
2025-01-17 16:30:00+00:00,32.250099182128906,32.30500030517578,0.6666666666666666,0.6666666666666666,0.0003122604103502624,0.0011349034460706637,0.0021715431518167794,0.0,0.0,0.8987341933355861,False
2025-01-17 17:30:00+00:00,32.29499816894531,32.33000183105469,0.6666666666666666,0.6666666666666666,-0.0002064104862195363,0.0007225817018941723,0.0007739212395210249,0.0,0.0,0.8994297428164924,False
2025-01-17 18:30:00+00:00,32.32500076293945,32.459999084472656,0.6666666666666666,0.6666666666666666,-0.00010312543214744765,0.002784188055621565,0.0040209479138693105,0.0,0.0,0.9030463029645424,False
2025-01-17 19:30:00+00:00,32.459999084472656,32.47990036010742,0.6666666666666666,0.6666666666666666,0.0,0.00040873436426528775,0.0006131015463979317,0.0,0.0,0.9035999620493589,False
2025-01-17 20:30:00+00:00,32.47999954223633,32.510101318359375,0.6666666666666666,0.6666666666666666,2.035764227710975e-06,0.0006178525563894273,0.0009298353109803426,0.0,0.0,0.9044401612010728,False
2025-01-21 14:30:00+00:00,33.33000183105469,33.29990005493164,0.6666666666666666,0.6666666666666666,0.01681324633363094,-0.0006020956989567505,0.024293948789579467,0.0,0.0,0.9264125841605307,False
2025-01-21 15:30:00+00:00,33.290000915527344,33.37889862060547,1.0,0.6666666666666666,-0.00019818156386793479,0.0026704026023820493,0.0023723364197343333,0.33333333333333337,0.00016272306880345104,0.9286103464736349,False
2025-01-21 16:30:00+00:00,33.3849983215332,34.11000061035156,1.0,1.0,0.00018274122813544125,0.0217164093236073,0.021903119035053153,0.0,0.0,0.9489498094296289,False
2025-01-21 17:30:00+00:00,34.11989974975586,34.42499923706055,1.0,1.0,0.0002902122318138023,0.008941980766132618,0.009234788070141331,0.0,0.0,0.9577131598089126,False
2025-01-21 18:30:00+00:00,34.43000030517578,34.3849983215332,1.0,1.0,0.00014527431303035243,-0.0013070573117541784,-0.0011619728805768448,0.0,0.0,0.9566003230898431,False
2025-01-21 19:30:00+00:00,34.38999938964844,34.33000183105469,1.0,1.0,0.00014544331421717516,-0.0017446222639890818,-0.001599432693416114,0.0,0.0,0.9550703052585608,False
2025-01-21 20:30:00+00:00,34.33000183105469,33.68000030517578,1.0,1.0,0.0,-0.01893392051295839,-0.01893392051295839,0.0,0.0,0.9369870800145084,False
2025-01-22 14:30:00+00:00,34.689998626708984,35.40999984741211,1.0,1.0,0.0299880734080038,0.02075529689265454,0.05136578166748018,0.0,0.0,0.9851161537917834,False
2025-01-22 15:30:00+00:00,35.40950012207031,35.904998779296875,1.0,1.0,-1.4112548544220616e-05,0.013993381875439859,0.013979071844614666,0.0,0.0,0.9988871632809292,False
2025-01-22 16:30:00+00:00,35.90999984741211,35.86000061035156,1.0,1.0,0.0001392861240847587,-0.0013923485734614882,-0.0012532563842129196,0.0,0.0,0.997635301566439,False
2025-01-22 17:30:00+00:00,35.85499954223633,35.64580154418945,1.0,1.0,-0.00013946090435346115,-0.005834555869968505,-0.005973203081883871,0.0,0.0,0.9916762233085262,False
2025-01-22 18:30:00+00:00,35.695701599121094,35.55500030517578,1.0,1.0,0.0013998858987580576,-0.003941687308053221,-0.002547319321774988,0.0,0.0,0.9891501073039476,False
2025-01-22 19:30:00+00:00,35.55350112915039,35.31999969482422,1.0,1.0,-4.2164984180081966e-05,-0.006567607321652069,-0.006609495382773334,0.0,0.0,0.9826123242368524,False
2025-01-22 20:30:00+00:00,35.33000183105469,35.09000015258789,1.0,1.0,0.0002831861924375012,-0.006793140844273515,-0.00651187837552647,0.0,0.0,0.9762136722911287,False
2025-01-23 14:30:00+00:00,33.11240005493164,33.52000045776367,1.0,1.0,-0.05635793927206356,0.012309600094098982,-0.04474208287253112,0.0,0.0,0.932535839264181,False
2025-01-23 15:30:00+00:00,33.52000045776367,33.935001373291016,1.0,1.0,0.0,0.012380695401548625,0.012380695401548625,0.0,0.0,0.9440812814411383,False
2025-01-23 16:30:00+00:00,33.93000030517578,34.255001068115234,1.0,1.0,-0.00014737197326797347,0.009578566460840099,0.009429782875331805,0.0,0.0,0.9529837629417933,False
2025-01-23 17:30:00+00:00,34.26499938964844,34.22999954223633,1.0,1.0,0.0002918791773884877,-0.0010214460246767976,-0.0007298649861137152,0.0,0.0,0.9522882134608872,False
2025-01-23 18:30:00+00:00,34.2400016784668,34.255001068115234,1.0,1.0,0.0002922038084787193,0.0004380662649869915,0.0007303980780968278,0.0,0.0,0.9529837629417933,False
2025-01-23 19:30:00+00:00,34.2599983215332,34.310001373291016,1.0,1.0,0.00014588390781344884,0.0014595170521765066,0.0016056138800408792,0.0,0.0,0.9545138868990263,False
2025-01-23 20:30:00+00:00,34.345001220703125,34.880001068115234,1.0,1.0,0.0010201062667212213,0.01557722604154721,0.01661322273417154,0.0,0.0,0.9703714387049396,False
2025-01-24 14:30:00+00:00,34.939998626708984,33.87990188598633,1.0,1.0,0.001720113439118931,-0.03034049176843101,-0.028672567416952455,0.0,0.0,0.942548398209187,False
2025-01-24 15:30:00+00:00,33.880001068115234,33.78010177612305,1.0,1.0,2.9274621053954064e-06,-0.002948621276349428,-0.0029457024462211656,0.0,0.0,0.9397719310869004,False
2025-01-24 16:30:00+00:00,33.78990173339844,33.501800537109375,1.0,1.0,0.00029011035373249783,-0.008526251380136407,-0.008238614580207804,0.0,0.0,0.9320295123533778,False
2025-01-24 17:30:00+00:00,33.5099983215332,32.86009979248047,1.0,1.0,0.00024469683098815587,-0.019394167759033132,-0.019154216619435283,0.0,0.0,0.9141772171780546,False
2025-01-24 18:30:00+00:00,32.869998931884766,32.46500015258789,1.0,1.0,0.0003012510450914885,-0.012321228854802802,-0.012023689592780551,0.0,0.0,0.9031854340859137,False
2025-01-24 19:30:00+00:00,32.46500015258789,32.59000015258789,1.0,1.0,0.0,0.0038503003053285134,0.0038503003053285134,0.0,0.0,0.906662969238543,False
2025-01-24 20:30:00+00:00,32.57500076293945,32.72999954223633,1.0,1.0,-0.00046024515428688684,0.004758212606804202,0.004295777508221965,0.0,0.0,0.9105577916293356,False
2025-01-27 14:30:00+00:00,27.25,27.38479995727539,0.6666666666666666,1.0,-0.16743048025908702,0.0032978582819667146,-0.16331193583010106,0.33333333333333337,0.0001599574946284064,0.761852835993167,False
2025-01-27 15:30:00+00:00,27.389999389648438,25.790000915527344,0.0,0.6666666666666666,0.00012657708853473318,-0.0,-0.0582366511435608,0.6666666666666666,0.0002673531840954336,0.7174850781607005,False
2025-01-27 16:30:00+00:00,25.78499984741211,25.41860008239746,0.0,0.0,-0.0,-0.0,-0.014400962386405758,0.0,0.0,0.7071526025373008,False
2025-01-27 17:30:00+00:00,25.415000915527344,24.179899215698242,0.0,0.0,-0.0,-0.0,-0.0487320648141053,0.0,0.0,0.6726915960769898,False
2025-01-27 18:30:00+00:00,24.175199508666992,24.424999237060547,0.0,0.0,-0.0,0.0,0.010136519560146828,0.0,0.0,0.6795103475985707,False
2025-01-27 19:30:00+00:00,24.420000076293945,24.575000762939453,0.0,0.0,-0.0,0.0,0.00614131138441576,0.0,0.0,0.683683432232106,False
2025-01-27 20:30:00+00:00,24.579999923706055,25.054100036621094,0.0,0.0,0.0,0.0,0.01949539201659567,0.0,0.0,0.6970121087587225,False
2025-01-28 14:30:00+00:00,25.440000534057617,25.155000686645508,0.0,0.0,0.0,-0.0,0.004027310894301861,0.0,0.0,0.6998191932177869,False
2025-01-28 15:30:00+00:00,25.024999618530273,24.208999633789062,0.0,0.0,-0.0,-0.0,-0.03760687843505672,0.0,0.0,0.6735011778919261,False
2025-01-28 16:30:00+00:00,24.209999084472656,24.95479965209961,0.0,0.0,0.0,0.0,0.030806725994147133,0.0,0.0,0.6942495441359781,False
2025-01-28 17:30:00+00:00,24.959999084472656,24.985000610351562,0.0,0.0,0.0,0.0,0.0012102264363165194,0.0,0.0,0.6950897432876921,False
2025-01-28 18:30:00+00:00,24.979999542236328,25.127300262451172,0.0,0.0,-0.0,0.0,0.00569540318684858,0.0,0.0,0.6990485596267586,False
2025-01-28 19:30:00+00:00,25.129899978637695,25.7549991607666,0.0,0.0,0.0,0.0,0.024980753672666944,0.0,0.0,0.7165113195000273,False
2025-01-28 20:30:00+00:00,25.75,25.360000610351562,0.0,0.0,-0.0,-0.0,-0.015336772016547151,0.0,0.0,0.7055223487455801,False
2025-01-29 14:30:00+00:00,26.110000610351562,25.690000534057617,0.0,0.0,0.0,-0.0,0.013012614974912573,0.0,0.0,0.7147030394260023,False
2025-01-29 15:30:00+00:00,25.690000534057617,25.280000686645508,0.0,0.0,0.0,-0.0,-0.01595951105055704,0.0,0.0,0.7032967283704163,False
2025-01-29 16:30:00+00:00,25.280000686645508,25.55299949645996,0.0,0.0,0.0,0.0,0.010799003259468698,0.0,0.0,0.7108916320324622,False
2025-01-29 17:30:00+00:00,25.559999465942383,25.434999465942383,0.0,0.0,0.0,-0.0,-0.004617854374940444,0.0,0.0,0.7076088379993726,False
2025-01-29 18:30:00+00:00,25.440000534057617,25.040000915527344,0.0,0.0,0.0,-0.0,-0.015529725131071648,0.0,0.0,0.6966198672449253,False
2025-01-29 19:30:00+00:00,25.040000915527344,25.75,0.0,0.0,0.0,0.0,0.0283545949885482,0.0,0.0,0.7163722414416314,False
2025-01-29 20:30:00+00:00,25.7549991607666,25.65999984741211,0.0,0.0,0.0,-0.0,-0.003495151556811349,0.0,0.0,0.7138684118867002,False
2025-01-30 14:30:00+00:00,26.579999923706055,26.31800079345703,0.0,0.0,0.0,-0.0,0.025643061183076465,0.0,0.0,0.7321741832493766,False
2025-01-30 15:30:00+00:00,26.31999969482422,26.80500030517578,0.0,0.0,0.0,0.0,0.018504426515551398,0.0,0.0,0.7457226466198985,False
2025-01-30 16:30:00+00:00,26.809999465942383,26.760099411010742,0.0,0.0,0.0,-0.0,-0.0016750939620907568,0.0,0.0,0.7444734911171512,False
2025-01-30 17:30:00+00:00,26.770000457763672,26.790000915527344,0.0,0.0,0.0,0.0,0.0011173913839908067,0.0,0.0,0.745305359381735,False
2025-01-30 18:30:00+00:00,26.799999237060547,27.204999923706055,0.0,0.0,0.0,0.0,0.015490817245108035,0.0,0.0,0.7568507484957171,False
2025-01-30 19:30:00+00:00,27.209999084472656,27.59000015258789,0.0,0.0,0.0,0.0,0.014151818781897862,0.0,0.0,0.7675615631333722,False
2025-01-30 20:30:00+00:00,27.59000015258789,27.219999313354492,0.0,0.0,0.0,-0.0,-0.013410686378654946,0.0,0.0,0.7572680357338804,False
2025-01-31 14:30:00+00:00,27.6299991607666,28.709999084472656,0.0,0.0,0.0,0.0,0.054739155352849345,0.0,0.0,0.7987202483856642,False
2025-01-31 15:30:00+00:00,28.709999084472656,28.95319938659668,0.0,0.0,0.0,0.0,0.008470926850553395,0.0,0.0,0.805486149183795,False
2025-01-31 16:30:00+00:00,28.950000762939453,28.975000381469727,0.0,0.0,-0.0,0.0,0.0007529736034332934,0.0,0.0,0.8060926589920615,False
2025-01-31 17:30:00+00:00,28.989999771118164,28.30500030517578,0.6666666666666666,0.0,0.0,-0.01575254619640313,-0.02312338455472218,0.6666666666666666,0.0002672979071550551,0.7874530684514496,False
2025-01-31 18:30:00+00:00,28.299999237060547,27.84000015258789,0.6666666666666666,0.6666666666666666,-0.00011778997965761207,-0.010836256699028693,-0.01642819811250318,0.0,0.0,0.7745166334386306,False
2025-01-31 19:30:00+00:00,27.84000015258789,26.78499984741211,0.6666666666666666,0.6666666666666666,0.0,-0.025263417131069055,-0.03789512569660358,0.0,0.0,0.7451662282603635,False
2025-01-31 20:30:00+00:00,26.780000686645508,26.969999313354492,0.0,0.6666666666666666,-0.0001244268756164975,0.0,0.00690683095001976,0.6666666666666666,0.0002535458392035692,0.7503129654286217,False
2025-02-03 14:30:00+00:00,24.799999237060547,25.940000534057617,0.0,0.0,-0.0,0.0,-0.03819053783908921,0.0,0.0,0.7216581097312607,False
2025-02-03 15:30:00+00:00,25.934999465942383,25.979999542236328,0.0,0.0,-0.0,0.0,0.0015419817793063118,0.0,0.0,0.7227708933873549,False
2025-02-03 16:30:00+00:00,25.98699951171875,25.653099060058594,0.0,0.0,0.0,-0.0,-0.012582774747408432,0.0,0.0,0.7136764300418786,False
2025-02-03 17:30:00+00:00,25.65999984741211,25.649900436401367,0.0,0.0,0.0,-0.0,-0.0001246876118061735,0.0,0.0,0.7135874434322144,False
2025-02-03 18:30:00+00:00,25.649999618530273,26.1299991607666,0.0,0.0,0.0,0.0,0.018717371849283904,0.0,0.0,0.7269439249579149,False
2025-02-03 19:30:00+00:00,26.139999389648438,25.890100479125977,0.0,0.0,0.0,-0.0,-0.009180967827998487,0.0,0.0,0.7202698761701174,False
2025-02-03 20:30:00+00:00,25.896099090576172,25.5,0.0,0.0,0.0,-0.0,-0.015067553694528835,0.0,0.0,0.7094171711363725,False
2025-02-04 14:30:00+00:00,25.34000015258789,26.385000228881836,0.0,0.0,-0.0,0.0,0.0347058913286995,0.0,0.0,0.7340381263845448,False
2025-02-04 15:30:00+00:00,26.399999618530273,26.41010093688965,0.0,0.0,0.0,0.0,0.0009513249115054023,0.0,0.0,0.7347364351401692,False
2025-02-04 16:30:00+00:00,26.42009925842285,25.829999923706055,0.0,0.0,0.0,-0.0,-0.021965119125058274,0.0,0.0,0.7185978618167947,False
2025-02-04 17:30:00+00:00,25.84000015258789,26.19499969482422,0.0,0.0,0.0,0.0,0.014130846774923045,0.0,0.0,0.7287522580949152,False
2025-02-04 18:30:00+00:00,26.19499969482422,26.239999771118164,0.0,0.0,0.0,0.0,0.0017178880251269568,0.0,0.0,0.7300041728723806,False
2025-02-04 19:30:00+00:00,26.235000610351562,26.030000686645508,0.0,0.0,-0.0,-0.0,-0.008003013959771321,0.0,0.0,0.7241619392861917,False
2025-02-04 20:30:00+00:00,26.030000686645508,26.270000457763672,0.0,0.0,0.0,0.0,0.009220121582297791,0.0,0.0,0.7308388004116829,False
2025-02-05 14:30:00+00:00,26.09000015258789,26.45989990234375,0.0,0.0,-0.0,0.0,0.007228756805139458,0.0,0.0,0.7361218563636188,False
2025-02-05 15:30:00+00:00,26.450000762939453,26.93000030517578,0.0,0.0,-0.0,0.0,0.01776652234388809,0.0,0.0,0.7492001817725275,False
2025-02-05 16:30:00+00:00,26.907899856567383,27.52989959716797,0.0,0.0,-0.0,0.0,0.022276245272707662,0.0,0.0,0.7658895487800494,False
2025-02-05 17:30:00+00:00,27.53700065612793,27.3927001953125,0.6666666666666666,0.0,0.0,-0.0034934925706543067,-0.004983650643955895,0.6666666666666666,0.000253429776007237,0.7620726228370727,False
2025-02-05 18:30:00+00:00,27.389999389648438,27.5,0.6666666666666666,0.6666666666666666,-6.573054487279961e-05,0.002677391086839176,0.003917094843605806,0.0,0.0,0.7650577335784409,False
2025-02-05 19:30:00+00:00,27.5,27.920000076293945,0.6666666666666666,0.6666666666666666,0.0,0.01018182003136836,0.01527273004705254,0.0,0.0,0.7767422538137942,False
2025-02-05 20:30:00+00:00,27.90999984741211,27.760000228881836,0.6666666666666666,0.6666666666666666,-0.00023878292393764156,-0.003582936088626365,-0.005730653544946063,0.0,0.0,0.7722910130634668,False
2025-02-06 14:30:00+00:00,27.170000076293945,27.21500015258789,0.6666666666666666,0.6666666666666666,-0.014169071751280644,0.0011041608678096595,-0.019632567427968595,0.0,0.0,0.7571289576754842,False
2025-02-06 15:30:00+00:00,27.21500015258789,27.165000915527344,0.0,0.6666666666666666,0.0,-0.0,-0.001837194076068971,0.6666666666666666,0.00025139141393543194,0.7557379648396225,False
2025-02-06 16:30:00+00:00,27.15999984741211,27.045000076293945,0.0,0.0,-0.0,-0.0,-0.004417479668289204,0.0,0.0,0.7523995077453892,False
2025-02-06 17:30:00+00:00,27.049999237060547,27.440099716186523,0.0,0.0,0.0,0.0,0.014608971668626403,0.0,0.0,0.7633912908375301,False
2025-02-06 18:30:00+00:00,27.44499969482422,27.084999084472656,0.0,0.0,0.0,-0.0,-0.012940938093763399,0.0,0.0,0.7535122914014835,False
2025-02-06 19:30:00+00:00,27.09000015258789,27.113300323486328,0.0,0.0,0.0,0.0,0.001044904558623161,0.0,0.0,0.7542996398297475,False
2025-02-06 20:30:00+00:00,27.1200008392334,27.649999618530273,0.0,0.0,0.0,0.0,0.01979468705914189,0.0,0.0,0.7692307651490008,False
2025-02-07 14:30:00+00:00,27.8700008392334,26.92020034790039,0.0,0.0,0.0,-0.0,-0.02639418736703314,0.0,0.0,0.7489275442051718,False
2025-02-07 15:30:00+00:00,26.920000076293945,26.270000457763672,0.0,0.0,-0.0,-0.0,-0.024152862227395322,0.0,0.0,0.7308388004116828,False
2025-02-07 16:30:00+00:00,26.280000686645508,26.049999237060547,0.0,0.0,0.0,-0.0,-0.008374618076495088,0.0,0.0,0.7247183045827511,False
2025-02-07 17:30:00+00:00,26.040000915527344,26.497299194335938,0.0,0.0,-0.0,0.0,0.017170824198682988,0.0,0.0,0.7371623151843091,False
2025-02-07 18:30:00+00:00,26.4950008392334,26.020000457763672,0.0,0.0,-0.0,-0.0,-0.01801310892373098,0.0,0.0,0.7238837301064244,False
2025-02-07 19:30:00+00:00,26.024999618530273,26.03499984741211,0.0,0.0,0.0,0.0,0.0005764561638952337,0.0,0.0,0.7243010173445877,False
2025-02-07 20:30:00+00:00,26.030000686645508,26.334999084472656,0.0,0.0,-0.0,0.0,0.011522920638325607,0.0,0.0,0.7326470804857079,False
2025-02-10 14:30:00+00:00,26.920000076293945,26.979900360107422,0.0,0.0,0.0,0.0,0.02448837281391847,0.0,0.0,0.7505884153336708,False
2025-02-10 15:30:00+00:00,26.979999542236328,26.9950008392334,0.6666666666666666,0.0,0.0,0.0003706769768122934,0.0005596936580352097,0.6666666666666666,0.0002513076167974535,0.7510085149095278,False
2025-02-10 16:30:00+00:00,27.0,27.300100326538086,0.6666666666666666,0.6666666666666666,0.0001234589272380108,0.007409884605878621,0.011302073636584975,0.0,0.0,0.7594964684467376,False
2025-02-10 17:30:00+00:00,27.309999465942383,27.424999237060547,0.6666666666666666,0.6666666666666666,0.00024173633761762994,0.002807268970268062,0.004575034854397586,0.0,0.0,0.7629711912616732,False
2025-02-10 18:30:00+00:00,27.424999237060547,27.389999389648438,0.6666666666666666,0.6666666666666666,0.0,-0.0008508015408270619,-0.001276202311240593,0.0,0.0,0.7619974856639751,False
2025-02-10 19:30:00+00:00,27.399999618530273,27.420000076293945,0.6666666666666666,0.6666666666666666,0.00024340341011752642,0.00048662914944334423,0.0010953153455288689,0.0,0.0,0.7628321132032773,False
2025-02-10 20:30:00+00:00,27.420000076293945,27.350000381469727,0.6666666666666666,0.6666666666666666,0.0,-0.0017019133145988647,-0.002552869971898186,0.0,0.0,0.7608847020078809,False
2025-02-11 14:30:00+00:00,26.68000030517578,27.645099639892578,0.6666666666666666,0.6666666666666666,-0.01633150681167539,0.02411542537925119,0.01078973507520642,0.0,0.0,0.7690944463653233,False
2025-02-11 15:30:00+00:00,27.649999618530273,27.659900665283203,0.6666666666666666,0.6666666666666666,0.0001181638868256544,0.0002387232523092623,0.000535394177753945,0.0,0.0,0.7695062150540501,False
2025-02-11 16:30:00+00:00,27.649999618530273,27.465099334716797,0.0,0.6666666666666666,-0.0002386377997218118,-0.0,-0.0070427342789016745,0.6666666666666666,0.0002555838192947394,0.7640867872554611,False
2025-02-11 17:30:00+00:00,27.469999313354492,27.485000610351562,0.0,0.0,0.0,0.0,0.0007246023541451763,0.0,0.0,0.7646404463402776,False
2025-02-11 18:30:00+00:00,27.485000610351562,27.613000869750977,0.0,0.0,0.0,0.0,0.0046570950175350845,0.0,0.0,0.7682014495531347,False
2025-02-11 19:30:00+00:00,27.614999771118164,27.645000457763672,0.0,0.0,0.0,0.0,0.001158859486646735,0.0,0.0,0.7690916870906052,False
2025-02-11 20:30:00+00:00,27.6299991607666,27.40999984741211,0.0,0.0,-0.0,-0.0,-0.00850065496329433,0.0,0.0,0.76255390402351,False
2025-02-12 14:30:00+00:00,26.18000030517578,26.684999465942383,0.0,0.0,-0.0,0.0,-0.026450214721113086,0.0,0.0,0.7423841895256651,False
2025-02-12 15:30:00+00:00,26.690000534057617,26.420000076293945,0.0,0.0,0.0,-0.0,-0.009930649988831752,0.0,0.0,0.7350118319822432,False
2025-02-12 16:30:00+00:00,26.420000076293945,27.0,0.0,0.0,0.0,0.0,0.02195306290806842,0.0,0.0,0.751147592967924,False
2025-02-12 17:30:00+00:00,26.989999771118164,27.12019920349121,0.0,0.0,-0.0,0.0,0.004451822351526413,0.0,0.0,0.7544915686115938,False
2025-02-12 18:30:00+00:00,27.209999084472656,27.159900665283203,0.0,0.0,0.0,-0.0,0.0014639074548863373,0.0,0.0,0.7555960744435333,False
2025-02-12 19:30:00+00:00,27.149999618530273,27.350000381469727,0.0,0.0,-0.0,0.0,0.006999278772382045,0.0,0.0,0.760884702007881,False
2025-02-12 20:30:00+00:00,27.344999313354492,27.5,0.0,0.0,-0.0,0.0,0.005484446670498189,0.0,0.0,0.7650577335784412,False
2025-02-13 14:30:00+00:00,27.489999771118164,28.1299991607666,0.6666666666666666,0.0,-0.0,0.015520780768208434,0.022909060391512748,0.6666666666666666,0.0002554376327280269,0.7825844873999835,False
2025-02-13 15:30:00+00:00,28.139999389648438,28.260000228881836,0.6666666666666666,0.6666666666666666,0.000237000336063146,0.0028429481600615127,0.0046214387484428965,0.0,0.0,0.7862011536739841,False
2025-02-13 16:30:00+00:00,28.260000228881836,28.1299991607666,0.6666666666666666,0.6666666666666666,0.0,-0.0030667862010459084,-0.004600179301568863,0.0,0.0,0.7825844873999835,False
2025-02-13 17:30:00+00:00,28.1299991607666,28.035600662231445,0.6666666666666666,0.6666666666666666,0.0,-0.002237196382307201,-0.003355794573460802,0.0,0.0,0.7799582946238921,False
2025-02-13 18:30:00+00:00,28.040000915527344,28.19499969482422,0.6666666666666666,0.6666666666666666,0.00010463489734391374,0.0036851824592498694,0.005685593631939101,0.0,0.0,0.7843928205369838,False
2025-02-13 19:30:00+00:00,28.19499969482422,28.400100708007812,0.6666666666666666,0.6666666666666666,0.0,0.004849583623658097,0.007274375435487146,0.0,0.0,0.7900987884024705,False
2025-02-13 20:30:00+00:00,28.399999618530273,28.489999771118164,0.6666666666666666,0.6666666666666666,-2.372984015730495e-06,0.0021126796665910477,0.00316544874381397,0.0,0.0,0.792599805619708,False
2025-02-14 14:30:00+00:00,28.485000610351562,28.524999618530273,0.6666666666666666,0.6666666666666666,-0.00011698047985871558,0.0009361420003896429,0.0012284958825303782,0.0,0.0,0.7935735112174062,False
2025-02-14 15:30:00+00:00,28.548900604248047,28.5,0.6666666666666666,0.6666666666666666,0.0005585973949730297,-0.0011419144745343037,-0.0008764108278561666,0.0,0.0,0.7928780147994754,False
2025-02-14 16:30:00+00:00,28.4950008392334,28.209999084472656,1.0,0.6666666666666666,-0.0001169394331368423,-0.010001815980589024,-0.010175470720257707,0.33333333333333337,0.00013079514565267504,0.7848101077751473,False
2025-02-14 17:30:00+00:00,28.209999084472656,28.424999237060547,1.0,1.0,0.0,0.00762141650356285,0.00762141650356285,0.0,0.0,0.7907914724827078,False
2025-02-14 18:30:00+00:00,28.420000076293945,28.539899826049805,1.0,1.0,-0.00017587197540125388,0.004218851141237989,0.004042237188152775,0.0,0.0,0.7939880391808515,False
2025-02-14 19:30:00+00:00,28.53499984741211,28.475000381469727,1.0,1.0,-0.00017168871185813117,-0.002102662213535056,-0.0022739899220263204,0.0,0.0,0.7921825183815447,False
2025-02-14 20:30:00+00:00,28.469999313354492,28.540000915527344,1.0,1.0,-0.00017563013338850464,0.002458784821256277,0.0022827228511617115,0.0,0.0,0.7939908515185451,False
2025-02-18 14:30:00+00:00,29.200000762939453,29.45009994506836,1.0,1.0,0.023125431893487924,0.00856504026007876,0.03188854240876604,0.0,0.0,0.8193100624593664,False
2025-02-18 15:30:00+00:00,29.454999923706055,29.799999237060547,1.0,1.0,0.00016638241115773944,0.011712758928810185,0.011881090137039862,0.0,0.0,0.8290443591616299,False
2025-02-18 16:30:00+00:00,29.799999237060547,29.639999389648438,1.0,1.0,0.0,-0.00536912253383981,-0.005369122533839921,0.0,0.0,0.8245931184113023,False
2025-02-18 17:30:00+00:00,29.649999618530273,29.878700256347656,1.0,1.0,0.0003373896453360281,0.007713343701847952,0.008053335749479862,0.0,0.0,0.8312338436505792,False
2025-02-18 18:30:00+00:00,29.8700008392334,29.940000534057617,1.0,1.0,-0.0002911578160903483,0.0023434781673081773,0.002051638029232583,0.0,0.0,0.8329392346153979,False
2025-02-18 19:30:00+00:00,29.946500778198242,30.190000534057617,1.0,1.0,0.00021710901886029532,0.008131158884401302,0.008350033251188993,0.0,0.0,0.8398943049206563,False
2025-02-18 20:30:00+00:00,30.18000030517578,29.969999313354492,1.0,1.0,-0.0003312430839660374,-0.006958283290185219,-0.007287221490935081,0.0,0.0,0.8337738090917245,False
2025-02-19 14:30:00+00:00,30.190000534057617,30.280099868774414,1.0,1.0,0.007340714906359569,0.002984409841767066,0.010347032449938842,0.0,0.0,0.8424008937503057,False
2025-02-19 15:30:00+00:00,30.280000686645508,31.1299991607666,1.0,1.0,-3.2754888305008834e-06,0.02807128318514107,0.02806791574913614,0.0,0.0,0.8660453310630862,False
2025-02-19 16:30:00+00:00,31.135000228881836,30.900299072265625,1.0,1.0,0.00016065108416496443,-0.007538177449521677,-0.007378737381736555,0.0,0.0,0.8596550100044926,False
2025-02-19 17:30:00+00:00,30.90019989013672,31.3799991607666,1.0,1.0,-3.209746568311189e-06,0.015527384040743275,0.015524124455207344,0.0,0.0,0.8730004013683449,False
2025-02-19 18:30:00+00:00,31.3799991607666,31.637800216674805,1.0,1.0,0.0,0.00821545770563703,0.00821545770563703,0.0,0.0,0.8801724992427907,False
2025-02-19 19:30:00+00:00,31.6200008392334,31.260000228881836,1.0,1.0,-0.0005625984524684213,-0.01138521824151506,-0.01194141138781979,0.0,0.0,0.869661997337087,False
2025-02-19 20:30:00+00:00,31.260000228881836,31.450000762939453,1.0,1.0,0.0,0.006078072062266626,0.006078072062266626,0.0,0.0,0.8749478656267166,False
2025-02-20 14:30:00+00:00,32.060001373291016,31.460100173950195,1.0,1.0,0.01939588539121395,-0.018711827000749692,0.0003211259384974241,0.0,0.0,0.8752288340812022,False
2025-02-20 15:30:00+00:00,31.459999084472656,31.024999618530273,1.0,1.0,-3.2132598746237306e-06,-0.01382706543551937,-0.013830234265439278,0.0,0.0,0.8631242142699919,False
2025-02-20 16:30:00+00:00,31.030000686645508,31.463199615478516,1.0,1.0,0.00016119478410070442,0.013960648380502372,0.014124093548304906,0.0,0.0,0.8753150614161483,False
2025-02-20 17:30:00+00:00,31.459999084472656,31.104999542236328,1.0,1.0,-0.00010172299845456756,-0.011284156152806202,-0.011384731293061723,0.0,0.0,0.8653498346451557,False
2025-02-20 18:30:00+00:00,31.100000381469727,31.475000381469727,1.0,1.0,-0.0001607188825003547,0.012057877665603955,0.011895220854480026,0.0,0.0,0.8756433620446475,False
2025-02-20 19:30:00+00:00,31.479900360107422,31.31999969482422,1.0,1.0,0.0001556784298113456,-0.0050794527128121825,-0.004924565044223561,0.0,0.0,0.8713311993527161,False
2025-02-20 20:30:00+00:00,31.309999465942383,31.670000076293945,1.0,1.0,-0.00031929211300374405,0.01149794367589041,0.011174980360155073,0.0,0.0,0.881068308392673,False
2025-02-21 14:30:00+00:00,31.905000686645508,30.909299850463867,1.0,1.0,0.007420290804718732,-0.031208300101946418,-0.02401958395950521,0.0,0.0,0.859905414185176,False
2025-02-21 15:30:00+00:00,30.899999618530273,30.08839988708496,1.0,1.0,-0.0003008878227130918,-0.026265363801448283,-0.02655834869603446,0.0,0.0,0.8370677463496381,False
2025-02-21 16:30:00+00:00,30.079999923706055,29.90220069885254,1.0,1.0,-0.0002791761413178939,-0.005910878500813843,-0.006188404465880093,0.0,0.0,0.8318876325698839,False
2025-02-21 17:30:00+00:00,29.915000915527344,29.084999084472656,1.0,1.0,0.000428069385384644,-0.027745338647938156,-0.02732914619261595,0.0,0.0,0.8091528538435523,False
2025-02-21 18:30:00+00:00,29.084999084472656,28.434999465942383,0.6666666666666666,1.0,0.0,-0.014898851389392767,-0.022348277084089263,0.33333333333333337,0.00013351571315215225,0.791069681662475,False
2025-02-21 19:30:00+00:00,28.4325008392334,28.780000686645508,0.6666666666666666,0.6666666666666666,-5.85810153194514e-05,0.00814794893531608,0.012132977920971788,0.0,0.0,0.800667712644036,False
2025-02-21 20:30:00+00:00,28.780000686645508,28.7450008392334,0.6666666666666666,0.6666666666666666,0.0,-0.0008107446508470357,-0.0012161169762705537,0.0,0.0,0.7996940070463379,False
2025-02-24 14:30:00+00:00,28.979999542236328,27.8700008392334,0.6666666666666666,0.6666666666666666,0.0054501929875794275,-0.025534822188550743,-0.030440075646327003,0.0,0.0,0.7753512609779329,False
2025-02-24 15:30:00+00:00,27.8700008392334,28.29789924621582,0.0,0.6666666666666666,0.0,0.0,0.015353369002417017,0.6666666666666666,0.00025960023256458935,0.7872555149942165,False
2025-02-24 16:30:00+00:00,28.290000915527344,28.389999389648438,0.0,0.0,-0.0,0.0,0.003254663628252663,0.0,0.0,0.7898177668850095,False
2025-02-24 17:30:00+00:00,28.399999618530273,28.452699661254883,0.0,0.0,0.0,0.0,0.0022085337426709373,0.0,0.0,0.791562106073736,False
2025-02-24 18:30:00+00:00,28.459999084472656,27.885000228881836,0.0,0.0,0.0,-0.0,-0.01995239253680048,0.0,0.0,0.7757685482160963,False
2025-02-24 19:30:00+00:00,27.885000228881836,27.280000686645508,0.0,0.0,0.0,-0.0,-0.021696235871273117,0.0,0.0,0.7589372908124847,False
2025-02-24 20:30:00+00:00,27.280000686645508,26.730100631713867,0.0,0.0,0.0,-0.0,-0.020157626139680862,0.0,0.0,0.7436389166408244,False
2025-02-25 14:30:00+00:00,26.655000686645508,25.174999237060547,0.0,0.0,-0.0,-0.0,-0.05817791021737784,0.0,0.0,0.7003755585143464,False
2025-02-25 15:30:00+00:00,25.229999542236328,25.260000228881836,0.0,0.0,0.0,0.0,0.0033764049413020913,0.0,0.0,0.7027403100108814,False
2025-02-25 16:30:00+00:00,25.260000228881836,25.639299392700195,0.0,0.0,0.0,0.0,0.015015802073694129,0.0,0.0,0.7132925194152113,False
2025-02-25 17:30:00+00:00,25.639999389648438,25.520099639892578,0.0,0.0,0.0,-0.0,-0.004649103354265383,0.0,0.0,0.7099763487706257,False
2025-02-25 18:30:00+00:00,25.530000686645508,25.06999969482422,0.0,0.0,0.0,-0.0,-0.017637076321001977,0.0,0.0,0.6974544417212518,False
2025-02-25 19:30:00+00:00,25.059999465942383,25.450000762939453,0.0,0.0,-0.0,0.0,0.015157601625088502,0.0,0.0,0.7080261783005111,False
2025-02-25 20:30:00+00:00,25.450000762939453,25.039899826049805,0.0,0.0,0.0,-0.0,-0.016113985249338048,0.0,0.0,0.6966170549072315,False
2025-02-26 14:30:00+00:00,25.989999771118164,25.9950008392334,0.0,0.0,0.0,0.0,0.03814316430251741,0.0,0.0,0.7231882336884938,False
2025-02-26 15:30:00+00:00,25.989999771118164,26.749799728393555,0.0,0.0,-0.0,0.0,0.029036309474588018,0.0,0.0,0.7441869510502536,False
2025-02-26 16:30:00+00:00,26.739999771118164,26.940000534057617,0.0,0.0,-0.0,0.0,0.007110363725907565,0.0,0.0,0.7494783909522951,False
2025-02-26 17:30:00+00:00,26.949899673461914,25.90999984741211,0.0,0.0,0.0,-0.0,-0.03823313534620676,0.0,0.0,0.7208234821919587,False
2025-02-26 18:30:00+00:00,25.905000686645508,25.81999969482422,0.0,0.0,-0.0,-0.0,-0.0034735682407531776,0.0,0.0,0.7183196526370276,False
2025-02-26 19:30:00+00:00,25.809999465942383,26.0049991607666,0.0,0.0,-0.0,0.0,0.007164967781911669,0.0,0.0,0.7234663898052859,False
2025-02-26 20:30:00+00:00,25.989999771118164,26.344999313354492,0.0,0.0,-0.0,0.0,0.013074415057118927,0.0,0.0,0.7329252896654755,False
2025-02-27 14:30:00+00:00,26.780000686645508,25.149999618530273,0.0,0.0,0.0,-0.0,-0.04535964038603968,0.0,0.0,0.6996800620964156,False
2025-02-27 15:30:00+00:00,25.139999389648438,24.479999542236328,0.0,0.0,-0.0,-0.0,-0.026640162483354324,0.0,0.0,0.6810404715558037,False
2025-02-27 16:30:00+00:00,24.489999771118164,24.600000381469727,0.0,0.0,0.0,0.0,0.004901995158388628,0.0,0.0,0.684378928650037,False
2025-02-27 17:30:00+00:00,24.600000381469727,24.66990089416504,0.0,0.0,0.0,0.0,0.0028414842118444916,0.0,0.0,0.6863235805707152,False
2025-02-27 18:30:00+00:00,24.690000534057617,23.815000534057617,0.0,0.0,0.0,-0.0,-0.03465357902226607,0.0,0.0,0.6625400121365633,False
2025-02-27 19:30:00+00:00,23.81999969482422,22.40999984741211,0.0,0.0,0.0,-0.0,-0.05899645833038003,0.0,0.0,0.6234524979183391,False
2025-02-27 20:30:00+00:00,22.40999984741211,21.739999771118164,0.0,0.0,0.0,-0.0,-0.029897370854793492,0.0,0.0,0.6048129073777272,False
2025-02-28 14:30:00+00:00,21.799999237060547,22.989900588989258,0.0,0.0,0.0,0.0,0.05749313850185045,0.0,0.0,0.6395854996293017,False
2025-02-28 15:30:00+00:00,22.985000610351562,22.299999237060547,0.0,0.0,-0.0,-0.0,-0.030008888000983003,0.0,0.0,0.6203922500038732,False
2025-02-28 16:30:00+00:00,22.299999237060547,22.405000686645508,0.0,0.0,0.0,0.0,0.004708585344274763,0.0,0.0,0.623313419859943,False
2025-02-28 17:30:00+00:00,22.40999984741211,21.687000274658203,0.0,0.0,0.0,-0.0,-0.03204643561628062,0.0,0.0,0.6033384464816377,False
2025-02-28 18:30:00+00:00,21.690000534057617,21.672100067138672,0.0,0.0,0.0,-0.0,-0.0006870571001442727,0.0,0.0,0.6029239185181925,False
2025-02-28 19:30:00+00:00,21.670000076293945,22.389999389648438,0.0,0.0,-0.0,0.0,0.03312550792427893,0.0,0.0,0.6228960795588042,False
2025-02-28 20:30:00+00:00,22.3799991607666,22.719999313354492,0.0,0.0,-0.0,0.0,0.01473871963831419,0.0,0.0,0.6320767702392265,False
2025-03-03 14:30:00+00:00,23.71500015258789,23.09000015258789,0.0,0.0,0.0,-0.0,0.016285248697869292,0.0,0.0,0.6423702976387182,False
2025-03-03 15:30:00+00:00,23.100000381469727,22.7189998626709,0.0,0.0,0.0,-0.0,-0.016067574164801757,0.0,0.0,0.6320489652401423,False
2025-03-03 16:30:00+00:00,22.719999313354492,22.860000610351562,0.0,0.0,0.0,0.0,0.0062062920257479615,0.0,0.0,0.6359716456929945,False
2025-03-03 17:30:00+00:00,22.860000610351562,21.475000381469727,0.0,0.0,0.0,-0.0,-0.06058618512261427,0.0,0.0,0.5974405498343051,False
2025-03-03 18:30:00+00:00,21.479999542236328,21.600000381469727,0.0,0.0,0.0,0.0,0.005820721666103479,0.0,0.0,0.6009180849869343,False
2025-03-03 19:30:00+00:00,21.600000381469727,19.84000015258789,0.0,0.0,0.0,-0.0,-0.08148149063884802,0.0,0.0,0.551954383670357,False
2025-03-03 20:30:00+00:00,19.84000015258789,20.5049991607666,0.0,0.0,0.0,0.0,0.0335180949125129,0.0,0.0,0.5704548430895976,False
2025-03-04 14:30:00+00:00,20.280000686645508,19.395000457763672,0.0,0.0,-0.0,-0.0,-0.054133077221810155,0.0,0.0,0.5395743670170728,False
2025-03-04 15:30:00+00:00,19.389999389648438,19.3799991607666,0.0,0.0,-0.0,-0.0,-0.0007734620594486152,0.0,0.0,0.5391570267159341,False
2025-03-04 16:30:00+00:00,19.3799991607666,20.613100051879883,0.0,0.0,0.0,0.0,0.06362749971680093,0.0,0.0,0.5734622402806134,False
2025-03-04 17:30:00+00:00,20.6200008392334,20.739999771118164,0.0,0.0,0.0,0.0,0.006156265623263657,0.0,0.0,0.5769926261566928,False
2025-03-04 18:30:00+00:00,20.75,21.5,0.0,0.0,0.0,0.0,0.03664417730323155,0.0,0.0,0.5981360462522358,False
2025-03-04 19:30:00+00:00,21.5,21.969999313354492,0.0,0.0,0.0,0.0,0.02186043317927866,0.0,0.0,0.6112115593234507,False
2025-03-04 20:30:00+00:00,21.96030044555664,20.6200008392334,0.0,0.0,-0.0,-0.0,-0.061447360778955296,0.0,0.0,0.5736542221254348,False
2025-03-05 14:30:00+00:00,21.25,20.704999923706055,0.0,0.0,0.0,-0.0,0.0041221668774586995,0.0,0.0,0.5760189205589946,False
2025-03-05 15:30:00+00:00,20.704999923706055,20.440000534057617,0.0,0.0,0.0,-0.0,-0.012798811428394452,0.0,0.0,0.5686465630155727,False
2025-03-05 16:30:00+00:00,20.440000534057617,21.049999237060547,0.0,0.0,0.0,0.0,0.02984337999338771,0.0,0.0,0.5856168984775804,False
2025-03-05 17:30:00+00:00,21.045000076293945,21.143800735473633,0.0,0.0,-0.0,0.0,0.004456128352154032,0.0,0.0,0.5882264825423869,False
2025-03-05 18:30:00+00:00,21.155000686645508,21.71339988708496,0.0,0.0,0.0,0.0,0.0269392981298624,0.0,0.0,0.6040728911234765,False
2025-03-05 19:30:00+00:00,21.719999313354492,21.959999084472656,0.0,0.0,0.0,0.0,0.011357005290284938,0.0,0.0,0.6109333501436836,False
2025-03-05 20:30:00+00:00,21.950000762939453,21.96500015258789,0.0,0.0,-0.0,0.0,0.00022773535171816128,0.0,0.0,0.6110724812650549,False
2025-03-06 14:30:00+00:00,19.709999084472656,20.819900512695312,0.0,0.0,-0.0,0.0,-0.05213292200945707,0.0,0.0,0.5792154872571383,False
2025-03-06 15:30:00+00:00,20.809999465942383,20.329999923706055,0.0,0.0,-0.0,-0.0,-0.023530400094396775,0.0,0.0,0.5655863151011069,False
2025-03-06 16:30:00+00:00,20.31999969482422,19.42009925842285,0.0,0.0,-0.0,-0.0,-0.044756550354050906,0.0,0.0,0.5402726227097221,False
2025-03-06 17:30:00+00:00,19.419300079345703,19.559900283813477,0.0,0.0,-0.0,0.0,0.0071987801674078256,0.0,0.0,0.5441619265510782,False
2025-03-06 18:30:00+00:00,19.55579948425293,19.12929916381836,0.0,0.0,-0.0,-0.0,-0.02201448441695064,0.0,0.0,0.5321824822987217,False
2025-03-06 19:30:00+00:00,19.1200008392334,19.432600021362305,0.0,0.0,-0.0,0.0,0.015855304208824084,0.0,0.0,0.5406203974501751,False
2025-03-06 20:30:00+00:00,19.440000534057617,19.23390007019043,0.0,0.0,0.0,-0.0,-0.010225083156831571,0.0,0.0,0.5350925089299677,False
2025-03-07 14:30:00+00:00,19.5,19.649900436401367,0.0,0.0,0.0,0.0,0.021628497844577765,0.0,0.0,0.5466657561060092,False
2025-03-07 15:30:00+00:00,19.639999389648438,19.065000534057617,0.0,0.0,-0.0,-0.0,-0.029766049158204688,0.0,0.0,0.5303936763366506,False
2025-03-07 16:30:00+00:00,19.06999969482422,19.145000457763672,0.0,0.0,0.0,0.0,0.004196166874642637,0.0,0.0,0.5326192967118144,False
2025-03-07 17:30:00+00:00,19.139999389648438,19.834999084472656,0.0,0.0,-0.0,0.0,0.036040669115219304,0.0,0.0,0.5518152525489857,False
2025-03-07 18:30:00+00:00,19.84000015258789,20.81999969482422,0.0,0.0,0.0,0.0,0.049659725526412846,0.0,0.0,0.5792182465318565,False
2025-03-07 19:30:00+00:00,20.825000762939453,20.84000015258789,0.0,0.0,0.0,0.0,0.0009606367942764926,0.0,0.0,0.5797746648913913,False
2025-03-07 20:30:00+00:00,20.81999969482422,20.889999389648438,0.0,0.0,-0.0,0.0,0.0023991956187359165,0.0,0.0,0.5811656577272528,False
2025-03-10 13:30:00+00:00,19.34000015258789,18.795000076293945,0.0,0.0,-0.0,-0.0,-0.10028718882551146,0.0,0.0,0.5228821876718572,False
2025-03-10 14:30:00+00:00,18.79010009765625,18.65999984741211,0.0,0.0,-0.0,-0.0,-0.007182773521353214,0.0,0.0,0.5191264433394606,False
2025-03-10 15:30:00+00:00,18.65999984741211,18.549999237060547,0.0,0.0,0.0,-0.0,-0.005894995243894363,0.0,0.0,0.5160661954249947,False
2025-03-10 16:30:00+00:00,18.549999237060547,18.198678970336914,0.0,0.0,0.0,-0.0,-0.01893909871552657,0.0,0.0,0.5062923668060945,False
2025-03-10 17:30:00+00:00,18.200000762939453,17.760000228881836,0.0,0.0,0.0,-0.0,-0.024104977189284282,0.0,0.0,0.4940882008531248,False
2025-03-10 18:30:00+00:00,17.760000228881836,17.729999542236328,0.0,0.0,0.0,-0.0,-0.0016892278298915597,0.0,0.0,0.4932535733138227,False
2025-03-10 19:30:00+00:00,17.729999542236328,17.989999771118164,0.0,0.0,0.0,0.0,0.014664423891408651,0.0,0.0,0.5004868527988486,False
2025-03-11 13:30:00+00:00,18.049999237060547,16.91349983215332,0.0,0.0,0.0,-0.0,-0.05983879670154846,0.0,0.0,0.4705383217624205,False
2025-03-11 14:30:00+00:00,16.90999984741211,17.196199417114258,0.0,0.0,-0.0,0.0,0.016714434491169827,0.0,0.0,0.4784031037171035,False
2025-03-11 15:30:00+00:00,17.190000534057617,17.09000015258789,0.0,0.0,-0.0,-0.0,-0.006175740461620505,0.0,0.0,0.47544861031251295,False
2025-03-11 16:30:00+00:00,17.100000381469727,16.61870002746582,0.0,0.0,0.0,-0.0,-0.027577537794855056,0.0,0.0,0.46233690829210833,False
2025-03-11 17:30:00+00:00,16.610000610351562,17.782899856567383,0.0,0.0,-0.0,0.0,0.0700536039026809,0.0,0.0,0.4947252749351938,False
2025-03-11 18:30:00+00:00,17.790000915527344,17.924999237060547,0.0,0.0,0.0,0.0,0.007990787871455352,0.0,0.0,0.49867851966184834,False
2025-03-11 19:30:00+00:00,17.934999465942383,17.329999923706055,0.0,0.0,0.0,-0.0,-0.033193826425627404,0.0,0.0,0.4821254714380041,False
2025-03-12 13:30:00+00:00,18.540000915527344,18.543399810791016,0.0,0.0,0.0,0.0,0.0700173048140138,0.0,0.0,0.515882597530279,False
2025-03-12 14:30:00+00:00,18.549999237060547,18.346599578857422,0.0,0.0,0.0,-0.0,-0.010612953069106146,0.0,0.0,0.5104075597335216,False
2025-03-12 15:30:00+00:00,18.342899322509766,18.795000076293945,0.0,0.0,-0.0,0.0,0.02444052346099368,0.0,0.0,0.5228821876718572,False
2025-03-12 16:30:00+00:00,18.799999237060547,18.844999313354492,0.0,0.0,0.0,0.0,0.0026602413864105223,0.0,0.0,0.5242731805077188,False
2025-03-12 17:30:00+00:00,18.84000015258789,18.619699478149414,0.0,0.0,-0.0,-0.0,-0.01195541753325613,0.0,0.0,0.5180052757332608,False
2025-03-12 18:30:00+00:00,18.6299991607666,18.454999923706055,0.0,0.0,0.0,-0.0,-0.008845446438952242,0.0,0.0,0.5134232878116676,False
2025-03-12 19:30:00+00:00,18.459999084472656,18.389999389648438,0.0,0.0,0.0,-0.0,-0.0035221096898582216,0.0,0.0,0.5116149546746672,False
2025-03-13 13:30:00+00:00,18.3799991607666,18.903799057006836,0.0,0.0,-0.0,0.0,0.02793908017460911,0.0,0.0,0.5259090059118517,False
2025-03-13 14:30:00+00:00,18.90999984741211,18.400100708007812,0.0,0.0,0.0,-0.0,-0.026645350359472908,0.0,0.0,0.5118959761921283,False
2025-03-13 15:30:00+00:00,18.389999389648438,18.260000228881836,0.0,0.0,-0.0,-0.0,-0.007614114800197913,0.0,0.0,0.5079983414636421,False
2025-03-13 16:30:00+00:00,18.260000228881836,17.75,0.0,0.0,0.0,-0.0,-0.027929913608389145,0.0,0.0,0.4938099916733576,False
2025-03-13 17:30:00+00:00,17.75,18.40999984741211,0.0,0.0,0.0,0.0,0.03718308999504849,0.0,0.0,0.5121713730342022,False
2025-03-13 18:30:00+00:00,18.40999984741211,18.100000381469727,0.0,0.0,0.0,-0.0,-0.016838645763810667,0.0,0.0,0.5035471007133148,False
2025-03-13 19:30:00+00:00,18.094999313354492,18.1200008392334,0.0,0.0,-0.0,0.0,0.0011049976432127018,0.0,0.0,0.5041035190728496,False
2025-03-14 13:30:00+00:00,19.059999465942383,19.149999618530273,0.0,0.0,0.0,0.0,0.056843197107735444,0.0,0.0,0.5327583747702106,False
2025-03-14 14:30:00+00:00,19.145000457763672,19.629899978637695,0.0,0.0,-0.0,0.0,0.025060071523085092,0.0,0.0,0.5461093377464746,False
2025-03-14 15:30:00+00:00,19.6299991607666,19.5,0.0,0.0,0.0,-0.0,-0.006617454942667189,0.0,0.0,0.5424954838101675,False
2025-03-14 16:30:00+00:00,19.489999771118164,19.6200008392334,0.0,0.0,-0.0,0.0,0.006153889191456319,0.0,0.0,0.5458339409044008,False
2025-03-14 17:30:00+00:00,19.6299991607666,19.563400268554688,0.0,0.0,0.0,-0.0,-0.002884840380104836,0.0,0.0,0.5442592971108481,False
2025-03-14 18:30:00+00:00,19.56999969482422,19.66069984436035,0.0,0.0,0.0,0.0,0.004973551349458427,0.0,0.0,0.546966198672449,False
2025-03-14 19:30:00+00:00,19.665000915527344,19.780000686645508,0.0,0.0,0.0,0.0,0.0060679855360987744,0.0,0.0,0.5502851816547284,False
2025-03-17 13:30:00+00:00,19.510000228881836,20.114999771118164,0.0,0.0,-0.0,0.0,0.016936252418779274,0.0,0.0,0.5596049503935466,False
2025-03-17 14:30:00+00:00,20.101600646972656,20.16390037536621,0.0,0.0,-0.0,0.0,0.0024310516929888504,0.0,0.0,0.5609653789556058,False
2025-03-17 15:30:00+00:00,20.170000076293945,20.095800399780273,0.0,0.0,0.0,-0.0,-0.003377321565679492,0.0,0.0,0.5590708184836595,False
2025-03-17 16:30:00+00:00,20.094999313354492,20.40999984741211,0.0,0.0,-0.0,0.0,0.01563508003569103,0.0,0.0,0.5678119354762707,False
2025-03-17 17:30:00+00:00,20.415000915527344,20.954999923706055,0.0,0.0,0.0,0.0,0.02670260070399011,0.0,0.0,0.5829739908642534,False
2025-03-17 18:30:00+00:00,20.959999084472656,21.075000762939453,0.0,0.0,0.0,0.0,0.005726596977823961,0.0,0.0,0.5863124479584866,False
2025-03-17 19:30:00+00:00,21.06999969482422,20.75,0.0,0.0,-0.0,-0.0,-0.015421150708139764,0.0,0.0,0.5772708353364604,False
2025-03-18 13:30:00+00:00,20.190000534057617,20.07539939880371,0.0,0.0,-0.0,-0.0,-0.03251087234680927,0.0,0.0,0.5585032568993008,False
2025-03-18 14:30:00+00:00,20.059999465942383,19.743600845336914,0.0,0.0,-0.0,-0.0,-0.016527619046352138,0.0,0.0,0.5492725278331222,False
2025-03-18 15:30:00+00:00,19.739999771118164,20.0,0.0,0.0,-0.0,0.0,0.012986443388498747,0.0,0.0,0.5564056244206846,False
2025-03-18 16:30:00+00:00,20.0,20.029499053955078,0.0,0.0,0.0,0.0,0.001474952697753995,0.0,0.0,0.5572262963974695,False
2025-03-18 17:30:00+00:00,20.030000686645508,19.91010093688965,0.0,0.0,0.0,-0.0,-0.005961113492843562,0.0,0.0,0.5539046072034473,False
2025-03-18 18:30:00+00:00,19.90999984741211,19.900100708007812,0.0,0.0,-0.0,-0.0,-0.0005022691202588581,0.0,0.0,0.5536263980236799,False
2025-03-18 19:30:00+00:00,19.920000076293945,19.917499542236328,0.0,0.0,0.0,-0.0,0.0008743088531966148,0.0,0.0,0.5541104384848353,False
2025-03-19 13:30:00+00:00,19.889999389648438,19.981199264526367,0.0,0.0,-0.0,0.0,0.0031981786747357077,0.0,0.0,0.555882582672646,False
2025-03-19 14:30:00+00:00,19.989999771118164,20.1200008392334,0.0,0.0,0.0,0.0,0.006946608803078735,0.0,0.0,0.559744081514918,False
2025-03-19 15:30:00+00:00,20.125,20.350299835205078,0.0,0.0,0.0,0.0,0.011446271688150489,0.0,0.0,0.566151064347772,False
2025-03-19 16:30:00+00:00,20.299999237060547,20.011699676513672,0.0,0.0,-0.0,-0.0,-0.01663858328542378,0.0,0.0,0.5567311127114902,False
2025-03-19 17:30:00+00:00,20.015300750732422,20.23069953918457,0.0,0.0,0.0,0.0,0.010943591309633849,0.0,0.0,0.5628237504783625,False
2025-03-19 18:30:00+00:00,20.229999542236328,20.459999084472656,0.0,0.0,-0.0,0.0,0.011334237100598443,0.0,0.0,0.5692029283121324,False
2025-03-19 19:30:00+00:00,20.450000762939453,20.399999618530273,0.0,0.0,-0.0,-0.0,-0.0029325253483474256,0.0,0.0,0.5675337262965034,False
2025-03-20 13:30:00+00:00,19.610000610351562,20.290000915527344,0.0,0.0,-0.0,0.0,-0.005392093385286789,0.0,0.0,0.5644735314450129,False
2025-03-20 14:30:00+00:00,20.290000915527344,20.415000915527344,0.0,0.0,0.0,0.0,0.00616067000294418,0.0,0.0,0.5679510665976422,False
2025-03-20 15:30:00+00:00,20.415000915527344,19.949199676513672,0.0,0.0,0.0,-0.0,-0.02281661612169661,0.0,0.0,0.5549923451351756,False
2025-03-20 16:30:00+00:00,19.948999404907227,19.743499755859375,0.0,0.0,-0.0,-0.0,-0.01031118661348962,0.0,0.0,0.5492697154954286,False
2025-03-20 17:30:00+00:00,19.749900817871094,19.704999923706055,0.0,0.0,0.0,-0.0,-0.0019500003864257875,0.0,0.0,0.5481986393379605,False
2025-03-20 18:30:00+00:00,19.704999923706055,19.725000381469727,0.0,0.0,0.0,0.0,0.0010149940543573432,0.0,0.0,0.5487550576974953,False
2025-03-20 19:30:00+00:00,19.729999542236328,19.899999618530273,0.0,0.0,0.0,0.0,0.008871951010198442,0.0,0.0,0.5536235856859861,False
2025-03-21 13:30:00+00:00,18.81999969482422,18.976699829101562,0.6666666666666666,0.0,-0.0,0.005550837294308053,-0.046396975232550486,0.6666666666666666,0.00025951369915373453,0.5279371258927577,False
2025-03-21 14:30:00+00:00,18.979999542236328,18.614999771118164,0.0,0.6666666666666666,0.00011592156572648449,-0.0,-0.01906021917618761,0.6666666666666666,0.0002608677129069963,0.5178745285619951,False
2025-03-21 15:30:00+00:00,18.610000610351562,19.209999084472656,0.0,0.0,-0.0,0.0,0.031963433825965115,0.0,0.0,0.5344275767858393,False
2025-03-21 16:30:00+00:00,19.219999313354492,19.219999313354492,0.0,0.0,0.0,0.0,0.0005205741467171343,0.0,0.0,0.5347057859656067,False
2025-03-21 17:30:00+00:00,19.212099075317383,19.264999389648438,0.0,0.0,-0.0,0.0,0.0023413151873881155,0.0,0.0,0.5359577007430723,False
2025-03-21 18:30:00+00:00,19.260000228881836,19.22610092163086,0.0,0.0,-0.0,-0.0,-0.0020191263560839223,0.0,0.0,0.5348755344237558,False
2025-03-21 19:30:00+00:00,19.225000381469727,19.239999771118164,0.0,0.0,-0.0,0.0,0.000722915662617174,0.0,0.0,0.5352622043251415,False
2025-03-24 13:30:00+00:00,20.479999542236328,20.99880027770996,0.0,0.0,0.0,0.0,0.09141374883132758,0.0,0.0,0.5841925290302227,False
2025-03-24 14:30:00+00:00,20.999000549316406,21.246700286865234,0.0,0.0,0.0,0.0,0.011805436780996326,0.0,0.0,0.5910891769996194,False
2025-03-24 15:30:00+00:00,21.25,21.200000762939453,0.6666666666666666,0.0,0.0,-0.0015686035156249702,-0.002197965956843184,0.6666666666666666,0.0002608109971964217,0.5897899831111157,False
2025-03-24 16:30:00+00:00,21.19499969482422,21.075000762939453,0.6666666666666666,0.6666666666666666,-0.00015726628727226927,-0.003774441569947884,-0.0058962262029026435,0.0,0.0,0.5863124479584865,False
2025-03-24 17:30:00+00:00,21.075000762939453,20.920000076293945,0.0,0.6666666666666666,0.0,-0.0,-0.007354717961295609,0.6666666666666666,0.00025929146881145096,0.582000285266555,False
2025-03-24 18:30:00+00:00,20.920000076293945,21.1299991607666,0.0,0.0,0.0,0.0,0.010038197117915981,0.0,0.0,0.587842518852744,False
2025-03-24 19:30:00+00:00,21.125,20.959999084472656,0.0,0.0,-0.0,-0.0,-0.008045436963840302,0.0,0.0,0.5831130689226491,False
2025-03-25 13:30:00+00:00,20.829999923706055,20.750099182128906,0.6666666666666666,0.0,-0.0,-0.0025572328970971574,-0.010014308755349366,0.6666666666666666,0.0002592050383218471,0.5772735946111784,False
2025-03-25 14:30:00+00:00,20.7549991607666,20.739999771118164,0.6666666666666666,0.6666666666666666,0.0001574282800510159,-0.0004817920261765233,-0.0004867162764908839,0.0,0.0,0.5769926261566928,False
2025-03-25 15:30:00+00:00,20.739999771118164,20.71500015258789,0.6666666666666666,0.6666666666666666,0.0,-0.0008035878754793686,-0.001205381813219053,0.0,0.0,0.576297129738762,False
2025-03-25 16:30:00+00:00,20.7101993560791,20.371200561523438,0.6666666666666666,0.6666666666666666,-0.00015450306455629576,-0.01091245875931679,-0.016596649217089365,0.0,0.0,0.5667325284316723,False
2025-03-25 17:30:00+00:00,20.372699737548828,20.409900665283203,0.6666666666666666,0.6666666666666666,4.9061943137621945e-05,0.0012173457032732906,0.0018997458516440968,0.0,0.0,0.5678091762015521,False
2025-03-25 18:30:00+00:00,20.40999984741211,20.46500015258789,0.6666666666666666,0.6666666666666666,3.2396737424574456e-06,0.0017965149628277701,0.002699645050130428,0.0,0.0,0.5693420594335032,False
2025-03-25 19:30:00+00:00,20.469999313354492,20.549999237060547,0.6666666666666666,0.6666666666666666,0.0001628523732984573,0.0026054364562635435,0.004153387922741336,0.0,0.0,0.571706757867063,False
2025-03-26 13:30:00+00:00,20.299999237060547,19.420000076293945,0.6666666666666666,0.6666666666666666,-0.00811030038220606,-0.028899809321504412,-0.05498779575274748,0.0,0.0,0.5402698634350035,False
2025-03-26 14:30:00+00:00,19.424999237060547,19.21500015258789,0.0,0.6666666666666666,0.0001716155422918734,-0.0,-0.010556123733299949,0.6666666666666666,0.00024729538405468624,0.5345667079072105,False
2025-03-26 15:30:00+00:00,19.212499618530273,18.834999084472656,0.0,0.0,-0.0,-0.0,-0.019776271928057088,0.0,0.0,0.5239949713279513,False
2025-03-26 16:30:00+00:00,18.829999923706055,18.40999984741211,0.0,0.0,-0.0,-0.0,-0.02256433542441283,0.0,0.0,0.5121713730342018,False
2025-03-26 17:30:00+00:00,18.399999618530273,18.635000228881836,0.0,0.0,-0.0,0.0,0.012221639507582926,0.0,0.0,0.5184309469215296,False
2025-03-26 18:30:00+00:00,18.625,18.485000610351562,0.0,0.0,-0.0,-0.0,-0.00804934889658826,0.0,0.0,0.5142579153509695,False
2025-03-26 19:30:00+00:00,18.489999771118164,18.780099868774414,0.0,0.0,0.0,0.0,0.015964254729729177,0.0,0.0,0.5224676597084119,False
2025-03-27 13:30:00+00:00,18.165000915527344,18.03689956665039,0.0,0.0,-0.0,-0.0,-0.03957382055032288,0.0,0.0,0.501791618299764,False
2025-03-27 14:30:00+00:00,18.03499984741211,17.942800521850586,0.0,0.0,-0.0,-0.0,-0.005217029925353223,0.0,0.0,0.49917375641080275,False
2025-03-27 15:30:00+00:00,17.94260025024414,17.65999984741211,0.0,0.0,-0.0,-0.0,-0.015761233821558918,0.0,0.0,0.4913061621184262,False
2025-03-27 16:30:00+00:00,17.649999618530273,17.42009925842285,0.0,0.0,-0.0,-0.0,-0.013584404929902205,0.0,0.0,0.4846320602676533,False
2025-03-27 17:30:00+00:00,17.420000076293945,17.684999465942383,0.0,0.0,-0.0,0.0,0.015206584278872448,0.0,0.0,0.49200165853635697,False
2025-03-27 18:30:00+00:00,17.690000534057617,18.079999923706055,0.0,0.0,0.0,0.0,0.02233533897042861,0.0,0.0,0.5029906823537795,False
2025-03-27 19:30:00+00:00,18.075000762939453,17.700000762939453,0.0,0.0,-0.0,-0.0,-0.02101765278595802,0.0,0.0,0.4924189988374957,False
2025-03-28 13:30:00+00:00,17.329999923706055,16.621000289916992,0.0,0.0,-0.0,-0.0,-0.06096047607419819,0.0,0.0,0.4624009022403819,False
2025-03-28 14:30:00+00:00,16.620100021362305,16.334999084472656,0.0,0.0,-0.0,-0.0,-0.01720721980961859,0.0,0.0,0.45444426827536566,False
2025-03-28 15:30:00+00:00,16.334999084472656,15.979999542236328,0.0,0.0,0.0,-0.0,-0.021732449472481208,0.0,0.0,0.4445680811770126,False
2025-03-28 16:30:00+00:00,15.970000267028809,15.815099716186523,0.0,0.0,-0.0,-0.0,-0.010319138346278511,0.0,0.0,0.4399805216430074,False
2025-03-28 17:30:00+00:00,15.819999694824219,16.04010009765625,0.0,0.0,0.0,0.0,0.014226934101429833,0.0,0.0,0.44624009553033517,False
2025-03-28 18:30:00+00:00,16.040000915527344,15.958499908447266,0.0,0.0,-0.0,-0.0,-0.00508726184451358,0.0,0.0,0.4439699553188516,False
2025-03-28 19:30:00+00:00,15.960000038146973,16.020000457763672,0.0,0.0,0.0,0.0,0.0038537800964519864,0.0,0.0,0.44568091789608205,False
2025-03-31 13:30:00+00:00,15.069999694824219,14.734999656677246,0.0,0.0,-0.0,-0.0,-0.08021228241998479,0.0,0.0,0.4099318342406035,False
2025-03-31 14:30:00+00:00,14.739999771118164,15.029999732971191,0.0,0.0,0.0,0.0,0.020020365332025225,0.0,0.0,0.4181388193233276,False
2025-03-31 15:30:00+00:00,15.029999732971191,15.140000343322754,0.0,0.0,0.0,0.0,0.007318736680364424,0.0,0.0,0.4211990672377935,False
2025-03-31 16:30:00+00:00,15.140000343322754,15.077300071716309,0.0,0.0,0.0,-0.0,-0.004141365269790032,0.0,0.0,0.4194547280490669,False
2025-03-31 17:30:00+00:00,15.074899673461914,15.47719955444336,0.0,0.0,-0.0,0.0,0.02652328207470167,0.0,0.0,0.4305800441186796,False
2025-03-31 18:30:00+00:00,15.475000381469727,15.571000099182129,0.0,0.0,-0.0,0.0,0.00606056311471681,0.0,0.0,0.43318960165199843,False
2025-03-31 19:30:00+00:00,15.569999694824219,15.925000190734863,0.0,0.0,-0.0,0.0,0.022734576411140628,0.0,0.0,0.44303798375126735,False
2025-04-01 13:30:00+00:00,15.725000381469727,14.984999656677246,0.0,0.0,-0.0,-0.0,-0.05902672042694901,0.0,0.0,0.41688690454586214,False
2025-04-01 14:30:00+00:00,14.98009967803955,15.800000190734863,0.0,0.0,-0.0,0.0,0.05438775793995143,0.0,0.0,0.43956044859863813,False
2025-04-01 15:30:00+00:00,15.795000076293945,15.722299575805664,0.0,0.0,-0.0,-0.0,-0.004917760379190561,0.0,0.0,0.4373987956402605,False
2025-04-01 16:30:00+00:00,15.729999542236328,15.65369987487793,0.0,0.0,0.0,-0.0,-0.004363210394063399,0.0,0.0,0.43549033266877213,False
2025-04-01 17:30:00+00:00,15.649999618530273,15.130000114440918,0.0,0.0,-0.0,-0.0,-0.033455334178054574,0.0,0.0,0.4209208580580262,False
2025-04-01 18:30:00+00:00,15.130000114440918,15.324999809265137,0.0,0.0,0.0,0.0,0.01288828112024265,0.0,0.0,0.4263458044060518,False
2025-04-01 19:30:00+00:00,15.319999694824219,15.949999809265137,0.0,0.0,-0.0,0.0,0.04078303476533418,0.0,0.0,0.44373348016919817,False
2025-04-02 13:30:00+00:00,15.1899995803833,15.8149995803833,0.0,0.0,-0.0,0.0,-0.00846396429443319,0.0,0.0,0.4399777358368015,False
2025-04-02 14:30:00+00:00,15.8100004196167,16.040000915527344,0.0,0.0,-0.0,0.0,0.0142270844839687,0.0,0.0,0.44623733625561696,False
2025-04-02 15:30:00+00:00,16.040000915527344,16.429899215698242,0.0,0.0,0.0,0.0,0.024307872688053456,0.0,0.0,0.4570844166139746,False
2025-04-02 16:30:00+00:00,16.43000030517578,16.625,0.0,0.0,0.0,0.0,0.011874740175846332,0.0,0.0,0.46251217529969385,False
2025-04-02 17:30:00+00:00,16.6200008392334,15.86970043182373,0.0,0.0,-0.0,-0.0,-0.045431552973008715,0.0,0.0,0.4414995289069043,False
2025-04-02 18:30:00+00:00,15.859999656677246,16.099899291992188,0.0,0.0,-0.0,0.0,0.014505558007058328,0.0,0.0,0.4479037259335523,False
2025-04-02 19:30:00+00:00,16.09000015258789,16.25,0.0,0.0,-0.0,0.0,0.009323083659440679,0.0,0.0,0.45207956984180603,False
2025-04-03 13:30:00+00:00,13.8100004196167,13.305000305175781,0.0,0.0,-0.0,-0.0,-0.18123075045072112,0.0,0.0,0.37014885013593635,False
2025-04-03 14:30:00+00:00,13.3100004196167,12.204999923706055,0.0,0.0,0.0,-0.0,-0.08267571260722295,0.0,0.0,0.33954653018020364,False
2025-04-03 15:30:00+00:00,12.210000038146973,12.298800468444824,0.0,0.0,0.0,0.0,0.007685419526843207,0.0,0.0,0.34215608771352246,False
2025-04-03 16:30:00+00:00,12.225000381469727,11.859999656677246,0.0,0.0,-0.0,-0.0,-0.035678342200397006,0.0,0.0,0.32994852573013034,False
2025-04-03 17:30:00+00:00,11.850000381469727,11.669300079345703,0.0,0.0,-0.0,-0.0,-0.016079222837428797,0.0,0.0,0.3246432098600345,False
2025-04-03 18:30:00+00:00,11.65999984741211,11.524999618530273,0.0,0.0,-0.0,-0.0,-0.012365819700775216,0.0,0.0,0.3206287304598244,False
2025-04-03 19:30:00+00:00,11.529999732971191,11.404999732971191,0.0,0.0,0.0,-0.0,-0.010412137920260078,0.0,0.0,0.3172902998970788,False
2025-04-04 13:30:00+00:00,10.270099639892578,8.90999984741211,0.0,0.0,-0.0,-0.0,-0.21876369521922756,0.0,0.0,0.24787870143437693,False
2025-04-04 14:30:00+00:00,8.914999961853027,9.319999694824219,0.0,0.0,0.0,0.0,0.046015696344954504,0.0,0.0,0.2592850124899629,False
2025-04-04 15:30:00+00:00,9.329999923706055,8.848799705505371,0.0,0.0,0.0,-0.0,-0.05055794042359518,0.0,0.0,0.2461760962757642,False
2025-04-04 16:30:00+00:00,8.845000267028809,8.8100004196167,0.0,0.0,-0.0,-0.0,-0.004384694781206622,0.0,0.0,0.24509668923116604,False
2025-04-04 17:30:00+00:00,8.800000190734863,8.84000015258789,0.0,0.0,-0.0,0.0,0.0034051908674592735,0.0,0.0,0.2459312902389805,False
2025-04-04 18:30:00+00:00,8.848299980163574,9.125,0.0,0.0,0.0,0.0,0.032239801186957795,0.0,0.0,0.25386006614193724,False
2025-04-04 19:30:00+00:00,9.119999885559082,8.725000381469727,0.0,0.0,-0.0,-0.0,-0.043835574633454666,0.0,0.0,0.2427319642661186,False
2025-04-07 13:30:00+00:00,7.75,8.828800201416016,0.0,0.0,-0.0,0.0,0.011896826980860808,0.0,0.0,0.2456197044477171,False
2025-04-07 14:30:00+00:00,8.821599960327148,8.579999923706055,0.0,0.0,-0.0,-0.0,-0.028180530993334396,0.0,0.0,0.23869801075395458,False
2025-04-07 15:30:00+00:00,8.600000381469727,8.936699867248535,0.0,0.0,0.0,0.0,0.04157342036296985,0.0,0.0,0.24862150349483345,False
2025-04-07 16:30:00+00:00,8.939900398254395,9.385000228881836,0.0,0.0,0.0,0.0,0.05016397196869549,0.0,0.0,0.2610933456269632,False
2025-04-07 17:30:00+00:00,9.380000114440918,9.289999961853027,0.0,0.0,-0.0,-0.0,-0.010122564167494685,0.0,0.0,0.25845041148214837,False
2025-04-07 18:30:00+00:00,9.29010009765625,9.050000190734863,0.0,0.0,0.0,-0.0,-0.025834205823860312,0.0,0.0,0.25177355035665716,False
2025-04-07 19:30:00+00:00,9.058799743652344,9.319999694824219,0.0,0.0,0.0,0.0,0.029834198718114324,0.0,0.0,0.25928501248996283,False
2025-04-08 13:30:00+00:00,10.40999984741211,10.699999809265137,0.0,0.0,0.0,0.0,0.14806868665535355,0.0,0.0,0.29767700375876854,False
2025-04-08 14:30:00+00:00,10.699999809265137,10.005000114440918,0.0,0.0,0.0,-0.0,-0.06495324366477273,0.0,0.0,0.2783419168002258,False
2025-04-08 15:30:00+00:00,10.010000228881836,10.024999618530273,0.0,0.0,0.0,0.0,0.0019989509106039804,0.0,0.0,0.27889830862827286,False
2025-04-08 16:30:00+00:00,10.020000457763672,9.069999694824219,0.0,0.0,-0.0,-0.0,-0.09526184140105365,0.0,0.0,0.2523299421847042,False
2025-04-08 17:30:00+00:00,9.069999694824219,9.039999961853027,0.0,0.0,0.0,-0.0,-0.003307578167649816,0.0,0.0,0.25149534117688976,False
2025-04-08 18:30:00+00:00,9.050000190734863,8.210700035095215,0.0,0.0,0.0,-0.0,-0.09173671794881533,0.0,0.0,0.22842398399790434,False
2025-04-08 19:30:00+00:00,8.210000038146973,8.239999771118164,0.0,0.0,-0.0,0.0,0.003568482090164471,0.0,0.0,0.22923911089376486,False
2025-04-09 13:30:00+00:00,8.475000381469727,8.74120044708252,0.0,0.0,0.0,0.0,0.06082532644249605,0.0,0.0,0.24318265464726566,False
2025-04-09 14:30:00+00:00,8.75,8.600000381469727,0.0,0.0,0.0,-0.0,-0.016153395230734002,0.0,0.0,0.2392544291134893,False
2025-04-09 15:30:00+00:00,8.600000381469727,8.744999885559082,0.0,0.0,0.0,0.0,0.016860406704374498,0.0,0.0,0.24328835609416566,False
2025-04-09 16:30:00+00:00,8.739999771118164,10.5600004196167,0.0,0.0,-0.0,0.0,0.20754723359742866,0.0,0.0,0.29378218136797585,False
2025-04-09 17:30:00+00:00,10.559900283813477,12.531000137329102,0.0,0.0,-0.0,0.0,0.18664769312423424,0.0,0.0,0.34861594780131394,False
2025-04-09 18:30:00+00:00,12.539999961853027,12.569999694824219,0.0,0.0,0.0,0.0,0.0031122461948540625,0.0,0.0,0.349700926458324,False
2025-04-09 19:30:00+00:00,12.569999694824219,12.850000381469727,0.0,0.0,0.0,0.0,0.022275313718647105,0.0,0.0,0.3574906243028847,False
2025-04-10 13:30:00+00:00,10.914999961853027,10.441200256347656,0.0,0.0,-0.0,-0.0,-0.18745525709054978,0.0,0.0,0.2904771274167263,False
2025-04-10 14:30:00+00:00,10.444999694824219,9.530599594116211,0.0,0.0,0.0,-0.0,-0.08721225911531116,0.0,0.0,0.26514396091338754,False
2025-04-10 15:30:00+00:00,9.53499984741211,8.570099830627441,0.0,0.0,0.0,-0.0,-0.10078062287725753,0.0,0.0,0.23842258738039313,False
2025-04-10 16:30:00+00:00,8.579299926757812,9.078200340270996,0.0,0.0,0.0,0.0,0.059287583538726985,0.0,0.0,0.2525580864472276,False
2025-04-10 17:30:00+00:00,9.069999694824219,9.770000457763672,0.0,0.0,-0.0,0.0,0.07620454402441901,0.0,0.0,0.2718041602646184,False
2025-04-10 18:30:00+00:00,9.779999732971191,9.148799896240234,0.0,0.0,0.0,-0.0,-0.06358244958215986,0.0,0.0,0.254522185948372,False
2025-04-10 19:30:00+00:00,9.149999618530273,9.630000114440918,0.0,0.0,0.0,0.0,0.05259708635647797,0.0,0.0,0.2679093113423381,False
2025-04-11 13:30:00+00:00,9.350000381469727,9.079999923706055,0.0,0.0,-0.0,-0.0,-0.057113207081908146,0.0,0.0,0.25260815136447173,False
2025-04-11 14:30:00+00:00,9.085000038146973,9.360099792480469,0.0,0.0,0.0,0.0,0.030848003428186166,0.0,0.0,0.26040060848375074,False
2025-04-11 15:30:00+00:00,9.361100196838379,9.604999542236328,0.0,0.0,0.0,0.0,0.026164224226818744,0.0,0.0,0.26721378839291965,False
2025-04-11 16:30:00+00:00,9.609999656677246,9.729999542236328,0.0,0.0,0.0,0.0,0.013014055799829505,0.0,0.0,0.2706913235455489,False
2025-04-11 17:30:00+00:00,9.729999542236328,10.069999694824219,0.0,0.0,0.0,0.0,0.03494349111857664,0.0,0.0,0.2801502234057386,False
2025-04-11 18:30:00+00:00,10.0600004196167,10.274999618530273,0.0,0.0,-0.0,0.0,0.0203574905579611,0.0,0.0,0.2858533789335316,False
2025-04-11 19:30:00+00:00,10.270000457763672,10.252699851989746,0.0,0.0,-0.0,-0.0,-0.002170293661160949,0.0,0.0,0.2852329931572107,False
2025-04-14 13:30:00+00:00,11.145000457763672,11.010000228881836,0.0,0.0,0.0,-0.0,0.07386350793689922,0.0,0.0,0.30630130261114386,False
2025-04-14 14:30:00+00:00,11.010000228881836,10.430000305175781,0.0,0.0,0.0,-0.0,-0.05267937435501402,0.0,0.0,0.290165541625463,False
2025-04-14 15:30:00+00:00,10.430000305175781,10.213399887084961,0.0,0.0,0.0,-0.0,-0.020767057694459967,0.0,0.0,0.2841396570815828,False
2025-04-14 16:30:00+00:00,10.21500015258789,10.34000015258789,0.0,0.0,0.0,0.0,0.012395506579843119,0.0,0.0,0.2876617120705319,False
2025-04-14 17:30:00+00:00,10.36989974975586,10.649999618530273,0.0,0.0,0.0,0.0,0.029980605548133976,0.0,0.0,0.29628598439141945,False
2025-04-14 18:30:00+00:00,10.649700164794922,10.680000305175781,0.0,0.0,-0.0,0.0,0.0028169659831074334,0.0,0.0,0.2971206119307216,False
2025-04-14 19:30:00+00:00,10.680000305175781,10.444999694824219,0.0,0.0,0.0,-0.0,-0.022003801838626935,0.0,0.0,0.2905828288636264,False
2025-04-15 13:30:00+00:00,10.600000381469727,10.5600004196167,0.0,0.0,0.0,-0.0,0.011010122369794484,0.0,0.0,0.29378218136797596,False
2025-04-15 14:30:00+00:00,10.569499969482422,10.649999618530273,0.0,0.0,0.0,0.0,0.008522651073610499,0.0,0.0,0.2962859843914194,False
2025-04-15 15:30:00+00:00,10.654999732971191,10.854999542236328,0.0,0.0,0.0,0.0,0.019248819816797713,0.0,0.0,0.3019891399192124,False
2025-04-15 16:30:00+00:00,10.854999542236328,10.475000381469727,0.0,0.0,0.0,-0.0,-0.03500683342159905,0.0,0.0,0.29141745640292854,False
2025-04-15 17:30:00+00:00,10.479900360107422,10.463000297546387,0.0,0.0,0.0,-0.0,-0.0011455926955923346,0.0,0.0,0.29108361069350525,False
2025-04-15 18:30:00+00:00,10.46500015258789,10.515000343322754,0.0,0.0,0.0,0.0,0.004969898145617213,0.0,0.0,0.29253026659051046,False
2025-04-15 19:30:00+00:00,10.515000343322754,10.571800231933594,0.0,0.0,0.0,0.0,0.005401796172732398,0.0,0.0,0.2941104554649875,False
2025-04-16 13:30:00+00:00,9.130000114440918,9.59000015258789,0.0,0.0,-0.0,0.0,-0.092869715451115,0.0,0.0,0.2667965011547563,False
2025-04-16 14:30:00+00:00,9.59529972076416,9.651200294494629,0.0,0.0,0.0,0.0,0.006381662245356967,0.0,0.0,0.26849910631336893,False
2025-04-16 15:30:00+00:00,9.654999732971191,9.414999961853027,0.0,0.0,0.0,-0.0,-0.0244736743031162,0.0,0.0,0.26192794663477775,False
2025-04-16 16:30:00+00:00,9.40999984741211,9.468299865722656,0.0,0.0,-0.0,0.0,0.005661168782324477,0.0,0.0,0.2634107649494849,False
2025-04-16 17:30:00+00:00,9.461799621582031,8.969499588012695,0.0,0.0,-0.0,-0.0,-0.05268108158632878,0.0,0.0,0.24953400095046382,False
2025-04-16 18:30:00+00:00,8.960000038146973,8.375,0.0,0.0,-0.0,-0.0,-0.06628012880531431,0.0,0.0,0.23299485522616165,False
2025-04-16 19:30:00+00:00,8.380000114440918,9.350000381469727,0.0,0.0,0.0,0.0,0.11641795599638516,0.0,0.0,0.2601196400292651,False
2025-04-17 13:30:00+00:00,9.550000190734863,9.000100135803223,0.0,0.0,0.0,-0.0,-0.03742248464074438,0.0,0.0,0.25038531679551396,False
2025-04-17 14:30:00+00:00,9.005000114440918,9.029899597167969,0.0,0.0,0.0,0.0,0.0033110144237396,0.0,0.0,0.25121434619091654,False
2025-04-17 15:30:00+00:00,9.079899787902832,9.224100112915039,0.0,0.0,0.0,0.0,0.02150638704864205,0.0,0.0,0.25661705915226996,False
2025-04-17 16:30:00+00:00,9.228799819946289,9.10099983215332,0.0,0.0,0.0,-0.0,-0.013345505713815875,0.0,0.0,0.2531923747230907,False
2025-04-17 17:30:00+00:00,9.10770034790039,9.350000381469727,0.0,0.0,0.0,0.0,0.02735969167219432,0.0,0.0,0.26011964002926513,False
2025-04-17 18:30:00+00:00,9.345000267028809,9.1227445602417,0.0,0.0,-0.0,-0.0,-0.02430543443382238,0.0,0.0,0.25379731917358433,False
2025-04-17 19:30:00+00:00,9.125,9.180000305175781,0.0,0.0,0.0,0.0,0.006276153470701207,0.0,0.0,0.2553901900991703,False
2025-04-21 13:30:00+00:00,8.670000076293945,8.3149995803833,0.0,0.0,-0.0,-0.0,-0.09422665534169794,0.0,0.0,0.23132562667904505,False
2025-04-21 14:30:00+00:00,8.310099601745605,8.305000305175781,0.0,0.0,-0.0,-0.0,-0.0012025587146281547,0.0,0.0,0.23104744403076535,False
2025-04-21 15:30:00+00:00,8.305000305175781,8.265000343322754,0.0,0.0,0.0,-0.0,-0.004816370907066547,0.0,0.0,0.2299346338431835,False
2025-04-21 16:30:00+00:00,8.260100364685059,8.239899635314941,0.0,0.0,-0.0,-0.0,-0.0030369881385535757,0.0,0.0,0.2292363250875591,False
2025-04-21 17:30:00+00:00,8.234999656677246,8.309900283813477,0.0,0.0,-0.0,0.0,0.008495327806970154,0.0,0.0,0.23118376281444308,False
2025-04-21 18:30:00+00:00,8.305000305175781,8.359700202941895,0.0,0.0,-0.0,0.0,0.0059928419629078356,0.0,0.0,0.2325692105693804,False
2025-04-21 19:30:00+00:00,8.359999656677246,8.680000305175781,0.0,0.0,0.0,0.0,0.038314783360432925,0.0,0.0,0.24148004948865312,False
2025-04-22 13:30:00+00:00,8.954999923706055,9.140000343322754,0.0,0.0,0.0,0.0,0.05299539423664301,0.0,0.0,0.25427737991158833,False
2025-04-22 14:30:00+00:00,9.137999534606934,9.130000114440918,0.0,0.0,-0.0,-0.0,-0.0010941169043984234,0.0,0.0,0.25399917073182093,False
2025-04-22 15:30:00+00:00,9.135000228881836,9.34000015258789,0.0,0.0,0.0,0.0,0.023001099180143036,0.0,0.0,0.2598414308494976,False
2025-04-22 16:30:00+00:00,9.345000267028809,9.0,0.0,0.0,0.0,-0.0,-0.036402585335470805,0.0,0.0,0.25038253098930796,False
2025-04-22 17:30:00+00:00,8.994999885559082,9.133190155029297,0.0,0.0,-0.0,0.0,0.014798906114366295,0.0,0.0,0.25408791855809615,False
2025-04-22 18:30:00+00:00,9.140000343322754,8.960000038146973,0.0,0.0,0.0,-0.0,-0.018962718824698355,0.0,0.0,0.24926972080172613,False
2025-04-22 19:30:00+00:00,8.949999809265137,9.190099716186523,0.0,0.0,-0.0,0.0,0.02568076752900761,0.0,0.0,0.2556711585536559,False
2025-04-23 13:30:00+00:00,10.579999923706055,10.75,0.0,0.0,0.0,0.0,0.16973703572182397,0.0,0.0,0.2990680231261179,False
2025-04-23 14:30:00+00:00,10.739999771118164,10.4350004196167,0.0,0.0,-0.0,-0.0,-0.02930228654728384,0.0,0.0,0.2903046462153467,False
2025-04-23 15:30:00+00:00,10.4399995803833,10.38640022277832,0.0,0.0,0.0,-0.0,-0.004657421646770188,0.0,0.0,0.28895257507190536,False
2025-04-23 16:30:00+00:00,10.390000343322754,10.569999694824219,0.0,0.0,0.0,0.0,0.017676910970872095,0.0,0.0,0.2940603640162557,False
2025-04-23 17:30:00+00:00,10.579999923706055,10.548600196838379,0.0,0.0,0.0,-0.0,-0.0020245504828459993,0.0,0.0,0.2934650239643007,False
2025-04-23 18:30:00+00:00,10.550000190734863,10.224100112915039,0.0,0.0,0.0,-0.0,-0.030762383431746643,0.0,0.0,0.28443734037330415,False
2025-04-23 19:30:00+00:00,10.229999542236328,10.234999656677246,0.0,0.0,0.0,0.0,0.0010660638727939542,0.0,0.0,0.2847405687459497,False
2025-04-24 13:30:00+00:00,11.050000190734863,11.679900169372559,0.6666666666666666,0.0,0.0,0.03800301464645228,0.1411725023119732,0.6666666666666666,0.0002472553919914422,0.32493810734554984,False
2025-04-24 14:30:00+00:00,11.670000076293945,11.600000381469727,0.6666666666666666,0.6666666666666666,-0.0005650786356647212,-0.003998840009516558,-0.006840793734894102,0.0,0.0,0.32271527277659207,False
2025-04-24 15:30:00+00:00,11.604999542236328,11.85990047454834,0.6666666666666666,0.6666666666666666,0.0002873080805863755,0.014643167736129687,0.02240517970100986,0.0,0.0,0.329945766455412,False
2025-04-24 16:30:00+00:00,11.85890007019043,12.005000114440918,0.6666666666666666,0.6666666666666666,-5.6234556102596756e-05,0.008213243127426217,0.012234473653802258,0.0,0.0,0.33398247924229435,False
2025-04-24 17:30:00+00:00,12.010000228881836,11.949999809265137,0.6666666666666666,0.6666666666666666,0.0002776684377760278,-0.003330581097598391,-0.004581449783546354,0.0,0.0,0.33245235528506145,False
2025-04-24 18:30:00+00:00,11.946100234985352,11.820099830627441,0.6666666666666666,0.6666666666666666,-0.00021754947514796008,-0.007031605956723622,-0.010870291272890298,0.0,0.0,0.3288385013487544,False
2025-04-24 19:30:00+00:00,11.824999809265137,12.029999732971191,0.6666666666666666,0.6666666666666666,0.0002763641992825268,0.011557430698388327,0.01775787898168768,0.0,0.0,0.33467797566022517,False
2025-04-25 13:30:00+00:00,11.630000114440918,11.75,0.6666666666666666,0.6666666666666666,-0.022166784561320485,0.006878755195085369,-0.023275123789386676,0.0,0.0,0.3268883043471521,False
2025-04-25 14:30:00+00:00,11.755000114440918,11.856100082397461,0.6666666666666666,0.6666666666666666,0.0002836944363641495,0.005733728454404266,0.009029794246592449,0.0,0.0,0.32984003847702437,False
2025-04-25 15:30:00+00:00,11.859700202941895,12.0649995803833,0.6666666666666666,0.6666666666666666,0.00020243421920159338,0.011540447843163252,0.01761957950203108,0.0,0.0,0.3356516812579233,False
2025-04-25 16:30:00+00:00,12.069999694824219,12.579999923706055,0.6666666666666666,0.6666666666666666,0.00027628758750219973,0.02816902743864095,0.042685483732639584,0.0,0.0,0.34997913563809147,False
2025-04-25 17:30:00+00:00,12.585000038146973,12.265000343322754,0.6666666666666666,0.6666666666666666,0.00026497691951465896,-0.01695138094844406,-0.02503971242398073,0.0,0.0,0.3412157587273203,False
2025-04-25 18:30:00+00:00,12.270000457763672,12.279999732971191,0.6666666666666666,0.6666666666666666,0.00027178226938199635,0.000543291216216879,0.0012229424564673685,0.0,0.0,0.34163304596548366,False
2025-04-25 19:30:00+00:00,12.279999732971191,12.329700469970703,0.6666666666666666,0.6666666666666666,0.0,0.0026981942497424543,0.004047291374613682,0.0,0.0,0.34301573444570277,False
2025-04-28 13:30:00+00:00,12.15999984741211,12.229999542236328,0.6666666666666666,0.6666666666666666,-0.009175709389529422,0.003837702615274126,-0.008086240860205707,0.0,0.0,0.34024202659813446,False
2025-04-28 14:30:00+00:00,12.229999542236328,11.53499984741211,0.6666666666666666,0.6666666666666666,0.0,-0.037884967066653674,-0.05682745059998051,0.0,0.0,0.3209069396395917,False
2025-04-28 15:30:00+00:00,11.529999732971191,11.51259994506836,0.6666666666666666,0.6666666666666666,-0.00028898219951223325,-0.0010060588786239646,-0.0019419074677123893,0.0,0.0,0.3202837680570649,False
2025-04-28 16:30:00+00:00,11.574999809265137,11.510100364685059,0.6666666666666666,0.6666666666666666,0.003613424392666283,-0.003737909036688395,-0.00021711693233728013,0.0,0.0,0.3202142290278669,False
2025-04-28 17:30:00+00:00,11.520000457763672,11.852700233459473,0.6666666666666666,0.6666666666666666,0.000573414813363371,0.01925345847659147,0.029765150426104725,0.0,0.0,0.3297454537234605,False
2025-04-28 18:30:00+00:00,11.850000381469727,12.140999794006348,0.6666666666666666,0.6666666666666666,-0.00015185580425095915,0.01637127443988199,0.02432353428909151,0.0,0.0,0.33776602857377513,False
2025-04-28 19:30:00+00:00,12.140000343322754,12.25,0.6666666666666666,0.6666666666666666,-5.488019660937482e-05,0.006040617988271416,0.008977860789311842,0.0,0.0,0.3407984449576692,False
2025-04-29 13:30:00+00:00,11.8100004196167,11.789999961853027,0.6666666666666666,0.6666666666666666,-0.023945555395009567,-0.0011290125347470277,-0.037551023522201854,0.0,0.0,0.32800111453473396,False
2025-04-29 14:30:00+00:00,11.79069995880127,11.925000190734863,0.6666666666666666,0.6666666666666666,3.958139386532148e-05,0.0075935685131989965,0.01145040112965523,0.0,0.0,0.33175685886713063,False
2025-04-29 15:30:00+00:00,11.920000076293945,11.914999961853027,0.6666666666666666,0.6666666666666666,-0.00027953120117082025,-0.00027964845687441137,-0.0008385936035125718,0.0,0.0,0.33147864968736324,False
2025-04-29 16:30:00+00:00,11.919899940490723,11.875,0.6666666666666666,0.6666666666666666,0.0002741630243884666,-0.002511203433747037,-0.0033571096920764765,0.0,0.0,0.3303658394997814,False
2025-04-29 17:30:00+00:00,11.875,12.225000381469727,0.0,0.6666666666666666,0.0,0.0,0.029473716334292854,0.6666666666666666,0.00025979825597874763,0.34010294853973844,False
2025-04-29 18:30:00+00:00,12.229299545288086,12.046199798583984,0.0,0.0,0.0,-0.0,-0.014625814094596068,0.0,0.0,0.33512866604137226,False
2025-04-29 19:30:00+00:00,12.043399810791016,11.869999885559082,0.0,0.0,-0.0,-0.0,-0.01462701233343422,0.0,0.0,0.33022673490989773,False
2025-04-30 13:30:00+00:00,10.989999771118164,11.38010025024414,0.6666666666666666,0.0,-0.0,0.0236639664695392,-0.041272084249212804,0.6666666666666666,0.000259711656560088,0.316597589285354,False
2025-04-30 14:30:00+00:00,11.380000114440918,11.5,0.6666666666666666,0.6666666666666666,-5.866134803763264e-06,0.007029870202245103,0.010535913315288026,0.0,0.0,0.3199332340418936,False
2025-04-30 15:30:00+00:00,11.5,11.360300064086914,0.6666666666666666,0.6666666666666666,0.0,-0.008098547009454263,-0.012147820514181285,0.0,0.0,0.3160467425382311,False
2025-04-30 16:30:00+00:00,11.359999656677246,11.48069953918457,0.0,0.6666666666666666,-1.7629077164812063e-05,0.0,0.01059826539954467,0.6666666666666666,0.00026547019353031484,0.31939628979431284,False
2025-04-30 17:30:00+00:00,11.479999542236328,11.765000343322754,0.0,0.0,-0.0,0.0,0.02476336944171753,0.0,0.0,0.32730561811680325,False
2025-04-30 18:30:00+00:00,11.760000228881836,11.770000457763672,0.0,0.0,-0.0,0.0,0.00042499909009818815,0.0,0.0,0.3274447227066869,False
2025-04-30 19:30:00+00:00,11.770000457763672,12.109999656677246,0.0,0.0,0.0,0.0,0.028886931664416915,0.0,0.0,0.3369035960353889,False
2025-05-01 13:30:00+00:00,12.53499984741211,12.460000038146973,0.6666666666666666,0.0,0.0,-0.003988821176870383,0.028901766423811814,0.6666666666666666,0.000265377023471278,0.34664070507534595,False
2025-05-01 14:30:00+00:00,12.45989990234375,12.71500015258789,0.6666666666666666,0.6666666666666666,-5.35772086229791e-06,0.013649133205645054,0.020465498688621242,0.0,0.0,0.3537348799704882,False
2025-05-01 15:30:00+00:00,12.720000267028809,12.476499557495117,0.6666666666666666,0.6666666666666666,0.00026216355385570245,-0.012762091426725464,-0.01875741975860168,0.0,0.0,0.3470997263436232,False
2025-05-01 16:30:00+00:00,12.465100288391113,12.566100120544434,0.6666666666666666,0.6666666666666666,-0.0006091061600236684,0.005401739246194026,0.007181546605793843,0.0,0.0,0.3495924392052182,False
2025-05-01 17:30:00+00:00,12.5649995803833,12.524999618530273,0.6666666666666666,0.6666666666666666,-5.838672569187982e-05,-0.0021222954338163307,-0.0032707444330292157,0.0,0.0,0.3484490116808586,False
2025-05-01 18:30:00+00:00,12.520099639892578,12.48639965057373,0.6666666666666666,0.6666666666666666,-0.0002608105808081055,-0.001794447344038182,-0.0030818338628477715,0.0,0.0,0.3473751497171847,False
2025-05-01 19:30:00+00:00,12.484999656677246,12.0600004196167,0.0,0.6666666666666666,-7.474766869886018e-05,-0.0,-0.034149093645055584,0.6666666666666666,0.00026463025823792526,0.33551260319952736,False
2025-05-02 13:30:00+00:00,12.890000343322754,13.249300003051758,0.0,0.0,0.0,0.0,0.09861521907582627,0.0,0.0,0.36859925206674954,False
2025-05-02 14:30:00+00:00,13.249699592590332,13.289999961853027,0.6666666666666666,0.0,0.0,0.0020277375086165486,0.0030718572899621766,0.6666666666666666,0.00026452226765697547,0.36973153636628536,False
2025-05-02 15:30:00+00:00,13.289999961853027,13.501199722290039,0.6666666666666666,0.6666666666666666,0.0,0.010594419916891399,0.0158916298753371,0.0,0.0,0.3756071730954581,False
2025-05-02 16:30:00+00:00,13.501500129699707,13.489999771118164,0.6666666666666666,0.6666666666666666,1.4833615572307224e-05,-0.0005678558417493058,-0.0008295522918146947,0.0,0.0,0.3752955873041947,False
2025-05-02 17:30:00+00:00,13.490099906921387,13.479499816894531,0.6666666666666666,0.6666666666666666,4.948643682833875e-06,-0.0005238453927938942,-0.0007783509563961122,0.0,0.0,0.37500347562488523,False
2025-05-02 18:30:00+00:00,13.479999542236328,13.404999732971191,0.6666666666666666,0.6666666666666666,2.471532567153526e-05,-0.0037091895060353446,-0.005526917536655573,0.0,0.0,0.37293086233914724,False
2025-05-02 19:30:00+00:00,13.404999732971191,13.319999694824219,0.6666666666666666,0.6666666666666666,0.0,-0.004227280360073656,-0.006340920540110484,0.0,0.0,0.3705661373740998,False
2025-05-05 13:30:00+00:00,12.925000190734863,13.125,0.6666666666666666,0.6666666666666666,-0.019769745402363682,0.010315915219276809,-0.014639617063954558,0.0,0.0,0.36514119102607423,False
2025-05-05 14:30:00+00:00,13.130000114440918,13.149999618530273,0.6666666666666666,0.6666666666666666,0.0002539740668402087,0.0010154609756303223,0.0019047328404018238,0.0,0.0,0.36583668744400505,False
2025-05-05 15:30:00+00:00,13.158599853515625,13.099900245666504,0.6666666666666666,0.6666666666666666,0.0004360068560120093,-0.0029739540935245223,-0.003809838351110817,0.0,0.0,0.3644429088019375,False
2025-05-05 16:30:00+00:00,13.09000015258789,13.140000343322754,0.6666666666666666,0.6666666666666666,-0.0005038253672650465,0.0025464828190486046,0.0030610994667319424,0.0,0.0,0.3655585047957254,False
2025-05-05 17:30:00+00:00,13.140000343322754,13.324999809265137,0.6666666666666666,0.6666666666666666,0.0,0.009386071086184906,0.01407910662927736,0.0,0.0,0.3707052419639836,False
2025-05-05 18:30:00+00:00,13.324999809265137,13.145000457763672,0.6666666666666666,0.6666666666666666,0.0,-0.009005596201525263,-0.013508394302288007,0.0,0.0,0.365697609385609,False
2025-05-05 19:30:00+00:00,13.145000457763672,13.010000228881836,0.6666666666666666,0.6666666666666666,0.0,-0.006846721145204274,-0.010270081717806412,0.0,0.0,0.36194186505321235,False
2025-05-06 13:30:00+00:00,12.329999923706055,12.515000343322754,0.6666666666666666,0.6666666666666666,-0.03484500605752997,0.010002726183369651,-0.038047646183756,0.0,0.0,0.34817082903257895,False
2025-05-06 14:30:00+00:00,12.515000343322754,12.617600440979004,0.6666666666666666,0.6666666666666666,0.0,0.005465446522393483,0.008198169783590226,0.0,0.0,0.3510251926026814,False
2025-05-06 15:30:00+00:00,12.610300064086914,12.680100440979004,0.6666666666666666,0.6666666666666666,-0.00038572452431232895,0.0036901250849097345,0.004953398254474273,0.0,0.0,0.352763960178996,False
2025-05-06 16:30:00+00:00,12.680000305175781,12.489663124084473,0.6666666666666666,0.6666666666666666,-5.2647218734177175e-06,-0.010007212224519982,-0.015018596877914736,0.0,0.0,0.34746594046801094,False
2025-05-06 17:30:00+00:00,12.48900032043457,12.675000190734863,0.6666666666666666,0.6666666666666666,-3.537878448319394e-05,0.009928730110658979,0.014839236639857534,0.0,0.0,0.3526220697829064,False
2025-05-06 18:30:00+00:00,12.675000190734863,12.787099838256836,0.6666666666666666,0.6666666666666666,0.0,0.00589610234504064,0.00884415351756096,0.0,0.0,0.3557407135017465,False
2025-05-06 19:30:00+00:00,12.786600112915039,12.614999771118164,0.6666666666666666,0.6666666666666666,-2.605361904410112e-05,-0.008946883992175062,-0.013458881944737544,0.0,0.0,0.3509528412357898,False
2025-05-07 13:30:00+00:00,12.609999656677246,12.558799743652344,0.6666666666666666,0.6666666666666666,-0.0002642417509122937,-0.0027068418936760557,-0.004455016130439415,0.0,0.0,0.3493893406670608,False
2025-05-07 14:30:00+00:00,12.550700187683105,12.550100326538086,0.6666666666666666,0.6666666666666666,-0.0004299538243868935,-3.186335615009324e-05,-0.0006926949463188503,0.0,0.0,0.34914732043648306,False
2025-05-07 15:30:00+00:00,12.550000190734863,12.619999885559082,0.6666666666666666,0.6666666666666666,-5.31925645308462e-06,0.0037184432276421058,0.005569641453239127,0.0,0.0,0.35109194582567343,False
2025-05-07 16:30:00+00:00,12.630000114440918,12.765000343322754,0.6666666666666666,0.6666666666666666,0.0005282741137094444,0.007125902753158867,0.01148973526771524,0.0,0.0,0.35512589933783745,False
2025-05-07 17:30:00+00:00,12.770000457763672,12.470100402832031,0.6666666666666666,0.6666666666666666,0.0002611366656971962,-0.015656488863543906,-0.02310222738419132,0.0,0.0,0.3469217000613193,False
2025-05-07 18:30:00+00:00,12.470100402832031,12.460000038146973,0.0,0.6666666666666666,0.0,-0.0,-0.0008099665887826291,0.6666666666666666,0.00025428904774588634,0.34664070507534595,False
2025-05-07 19:30:00+00:00,12.454999923706055,13.265000343322754,0.0,0.0,-0.0,0.0,0.06460676586767478,0.0,0.0,0.36903603994835454,False
2025-05-08 13:30:00+00:00,13.835000038146973,13.6899995803833,0.6666666666666666,0.0,0.0,-0.006987132025725318,0.03203914256017937,0.6666666666666666,0.00025420428472997105,0.38085963824210395,False
2025-05-08 14:30:00+00:00,13.6899995803833,13.76200008392334,0.6666666666666666,0.6666666666666666,0.0,0.003506233540148488,0.005259350310222732,0.0,0.0,0.3828627124986439,False
2025-05-08 15:30:00+00:00,13.770000457763672,14.10990047454834,0.6666666666666666,0.6666666666666666,0.000387558678077049,0.01645606417260644,0.025279784079598633,0.0,0.0,0.39254139920273906,False
2025-05-08 16:30:00+00:00,14.100099563598633,14.189900398254395,0.6666666666666666,0.6666666666666666,-0.0004630748916283345,0.004245872366631875,0.0056697723595116045,0.0,0.0,0.3947670195779028,False
2025-05-08 17:30:00+00:00,14.189900398254395,13.996399879455566,0.6666666666666666,0.6666666666666666,0.0,-0.009090997275904417,-0.013636495913856628,0.0,0.0,0.3893837807285033,False
2025-05-08 18:30:00+00:00,13.994999885559082,14.135100364685059,0.6666666666666666,0.6666666666666666,-6.668352378909799e-05,0.006673834953989062,0.009909725816928283,0.0,0.0,0.3932424672330817,False
2025-05-08 19:30:00+00:00,14.140000343322754,13.670000076293945,0.6666666666666666,0.6666666666666666,0.00023110217408091788,-0.022159370844747023,-0.032903925433250714,0.0,0.0,0.38030324641405683,False
2025-05-09 13:30:00+00:00,14.210000038146973,13.989999771118164,0.6666666666666666,0.6666666666666666,0.026335038226735996,-0.010321382427314802,0.02340890219738556,0.0,0.0,0.3892057279147117,False
2025-05-09 14:30:00+00:00,13.989999771118164,13.994999885559082,0.6666666666666666,0.6666666666666666,0.0,0.00023827088504753863,0.00035740632757130797,0.0,0.0,0.3893448325045954,False
2025-05-09 15:30:00+00:00,13.997900009155273,13.84749984741211,0.6666666666666666,0.6666666666666666,0.0001381504642089896,-0.007162986907312059,-0.010539481197079037,0.0,0.0,0.38524133996323334,False
2025-05-09 16:30:00+00:00,13.84000015258789,13.930000305175781,0.6666666666666666,0.6666666666666666,-0.0003610613182576383,0.0043352674179010595,0.005957787230385092,0.0,0.0,0.3875365258990827,False
2025-05-09 17:30:00+00:00,13.930000305175781,14.010000228881836,0.6666666666666666,0.6666666666666666,0.0,0.0038286634100709684,0.005742995115106453,0.0,0.0,0.3897621462742465,False
2025-05-09 18:30:00+00:00,14.015000343322754,14.1628999710083,0.6666666666666666,0.6666666666666666,0.00023793073324910688,0.007035301418122438,0.010913614534513671,0.0,0.0,0.39401586009882833,False
2025-05-09 19:30:00+00:00,14.169899940490723,14.09119987487793,0.6666666666666666,0.6666666666666666,0.0003294979369456996,-0.0037026874310244207,-0.005062529303825003,0.0,0.0,0.3920211432609062,False
2025-05-12 13:30:00+00:00,16.889999389648438,16.639999389648438,0.6666666666666666,0.6666666666666666,0.13241358860481728,-0.009867772213704976,0.18087881354337743,0.0,0.0,0.46292946253785733,False
2025-05-12 14:30:00+00:00,16.639999389648438,16.887800216674805,0.6666666666666666,0.6666666666666666,0.0,0.00992791811360775,0.014891877170411627,0.0,0.0,0.46982335123253577,False
2025-05-12 15:30:00+00:00,16.88010025024414,17.110000610351562,0.6666666666666666,0.6666666666666666,-0.0003039656372005132,0.009079739128685796,0.013157450397675907,0.0,0.0,0.47600502867204775,False
2025-05-12 16:30:00+00:00,17.11009979248047,17.36669921875,0.6666666666666666,0.6666666666666666,3.864489591591061e-06,0.009997971154725041,0.015002840399849893,0.0,0.0,0.48314645614674046,False
2025-05-12 17:30:00+00:00,17.36009979248047,17.227699279785156,0.6666666666666666,0.6666666666666666,-0.00025333642608786156,-0.005084475868149936,-0.008003820254730454,0.0,0.0,0.47927943875503193,False
2025-05-12 18:30:00+00:00,17.229999542236328,16.99169921875,0.6666666666666666,0.6666666666666666,8.901410895771159e-05,-0.009220364860415959,-0.013698872797952566,0.0,0.0,0.47271385068885263,False
2025-05-12 19:30:00+00:00,16.989999771118164,17.149999618530273,0.6666666666666666,0.6666666666666666,-6.667756257365079e-05,0.0062781969616464055,0.009316337215149906,0.0,0.0,0.477117812328142,False
2025-05-13 13:30:00+00:00,17.360000610351562,18.07670021057129,0.6666666666666666,0.6666666666666666,0.008163304042463349,0.02752302515444101,0.05403502114599079,0.0,0.0,0.502898883406422,False
2025-05-13 14:30:00+00:00,18.079999923706055,18.56999969482422,0.6666666666666666,0.6666666666666666,0.00012169304855887593,0.01806783824431646,0.027289244082526087,0.0,0.0,0.5166226137845297,False
2025-05-13 15:30:00+00:00,18.56999969482422,18.740100860595703,0.6666666666666666,0.6666666666666666,0.0,0.006106665538211893,0.00915999830731784,0.0,0.0,0.5213548760523181,False
2025-05-13 16:30:00+00:00,18.739999771118164,18.639999389648438,0.6666666666666666,0.6666666666666666,-3.5961911585650577e-06,-0.003557466477804564,-0.005341565218453415,0.0,0.0,0.518570024979926,False
2025-05-13 17:30:00+00:00,18.6299991607666,18.674999237060547,0.6666666666666666,0.6666666666666666,-0.00035766198888720346,0.0016103087608188755,0.0018776742788706446,0.0,0.0,0.5195437305776242,False
2025-05-13 18:30:00+00:00,18.68000030517578,18.645000457763672,0.6666666666666666,0.6666666666666666,0.00017852988200080705,-0.0012491023140726771,-0.001606360402807372,0.0,0.0,0.5187091561012974,False
2025-05-13 19:30:00+00:00,18.645000457763672,18.59000015258789,0.6666666666666666,0.6666666666666666,0.0,-0.001966579201767719,-0.0029498688026515785,0.0,0.0,0.5171790321440645,False
2025-05-14 13:30:00+00:00,18.969999313354492,18.735000610351562,0.6666666666666666,0.6666666666666666,0.013627368034697735,-0.008258608733404818,0.007799916975443688,0.0,0.0,0.5212129856562285,False
2025-05-14 14:30:00+00:00,18.729999542236328,18.68000030517578,0.6666666666666666,0.6666666666666666,-0.00017795811590818703,-0.0017796489867426175,-0.002935698072269788,0.0,0.0,0.5196828616989956,False
2025-05-14 15:30:00+00:00,18.674999237060547,18.868099212646484,0.6666666666666666,0.6666666666666666,-0.00017848208542226018,0.006893350592583669,0.010069534496666144,0.0,0.0,0.5249158262021998,False
2025-05-14 16:30:00+00:00,18.86009979248047,18.650299072265625,0.6666666666666666,0.6666666666666666,-0.000282643562408739,-0.007416034291910881,-0.011543300569189174,0.0,0.0,0.5188565650468235,False
2025-05-14 17:30:00+00:00,18.649999618530273,18.610000610351562,0.6666666666666666,0.6666666666666666,-1.0704162050956256e-05,-0.0014298126540431462,-0.0021607407880118723,0.0,0.0,0.5177354505035991,False
2025-05-14 18:30:00+00:00,18.617399215698242,18.64069938659668,0.6666666666666666,0.6666666666666666,0.00026504048375519673,0.0008343510866183715,0.0016495849133955076,0.0,0.0,0.5185894990918799,False
2025-05-14 19:30:00+00:00,18.6476993560791,18.825000762939453,0.6666666666666666,0.6666666666666666,0.0002503471691072493,0.006338633825537787,0.009887041924794504,0.0,0.0,0.5237168152111595,False
2025-05-15 13:30:00+00:00,18.315000534057617,18.05500030517578,0.6666666666666666,0.6666666666666666,-0.01806109635104214,-0.009464017519349888,-0.04090307710794694,0.0,0.0,0.5022951859358491,False
2025-05-15 14:30:00+00:00,18.059999465942383,18.38010025024414,0.6666666666666666,0.6666666666666666,0.00018459007411072054,0.011816197628924089,0.01800608914834334,0.0,0.0,0.5113395578325937,False
2025-05-15 15:30:00+00:00,18.3799991607666,18.548999786376953,0.6666666666666666,0.6666666666666666,-3.6666277173728425e-06,0.006129874259229062,0.009189260876341976,0.0,0.0,0.5160383904259107,False
2025-05-15 16:30:00+00:00,18.540000915527344,18.820100784301758,0.6666666666666666,0.6666666666666666,-0.0003234269934856056,0.010071911360760428,0.014615397112889728,0.0,0.0,0.5235804964274818,False
2025-05-15 17:30:00+00:00,18.825000762939453,18.37820053100586,0.6666666666666666,0.6666666666666666,0.00017357252559750216,-0.015822938072622545,-0.02348022778201575,0.0,0.0,0.5112867071091437,False
2025-05-15 18:30:00+00:00,18.3700008392334,18.084999084472656,0.6666666666666666,0.6666666666666666,-0.0002974426779388898,-0.010343013672307722,-0.015953762504579472,0.0,0.0,0.5031297604121759,False
2025-05-15 19:30:00+00:00,18.084999084472656,18.485000610351562,0.6666666666666666,0.6666666666666666,0.0,0.014745241770469578,0.022117862655704368,0.0,0.0,0.5142579153509699,False
2025-05-16 13:30:00+00:00,18.299999237060547,18.187299728393555,0.6666666666666666,0.6666666666666666,-0.006672125766206941,-0.004105628902204413,-0.016104997139751,0.0,0.0,0.5059757930951482,False
2025-05-16 14:30:00+00:00,18.18000030517578,18.125,0.6666666666666666,0.6666666666666666,-0.00026756485117940265,-0.0020168795105437454,-0.003425452338935986,0.0,0.0,0.5042425971312454,False
2025-05-16 15:30:00+00:00,18.1200008392334,18.1200008392334,0.6666666666666666,0.6666666666666666,-0.00018387717762213818,0.0,-0.0002758157664333183,0.0,0.0,0.5041035190728493,False
2025-05-16 16:30:00+00:00,18.1200008392334,18.25,0.6666666666666666,0.6666666666666666,0.0,0.004782897525594206,0.007174346288391309,0.0,0.0,0.5077201322838746,False
2025-05-16 17:30:00+00:00,18.241899490356445,18.221099853515625,0.6666666666666666,0.6666666666666666,-0.0002959090280750439,-0.0007601414846013139,-0.001583569670376761,0.0,0.0,0.5069161220813502,False
2025-05-16 18:30:00+00:00,18.225000381469727,18.334999084472656,0.6666666666666666,0.6666666666666666,0.00014271103228165788,0.004023729335181839,0.006250952569970991,0.0,0.0,0.5100848307174343,False
2025-05-16 19:30:00+00:00,18.329999923706055,18.395000457763672,0.6666666666666666,0.6666666666666666,-0.00018177114866742744,0.0023640856275018622,0.0032725048424915304,0.0,0.0,0.5117540857960385,False
2025-05-19 13:30:00+00:00,17.25,17.84000015258789,0.6666666666666666,0.6666666666666666,-0.04149679910374493,0.022801938264266276,-0.030171258024706438,0.0,0.0,0.4963138212282885,False
2025-05-19 14:30:00+00:00,17.837799072265625,17.760000228881836,0.6666666666666666,0.6666666666666666,-8.225262718382827e-05,-0.002907639859551632,-0.00448430061781413,0.0,0.0,0.49408820085312477,False
2025-05-19 15:30:00+00:00,17.7549991607666,17.92690086364746,0.6666666666666666,0.6666666666666666,-0.00018772777968408444,0.006454584098609365,0.009397558142719253,0.0,0.0,0.49873142344827354,False
2025-05-19 16:30:00+00:00,17.924999237060547,18.094999313354492,0.0,0.6666666666666666,-7.071780379582411e-05,0.0,0.00937688287482552,0.6666666666666666,0.0003043394295870362,0.503407969591943,False
2025-05-19 17:30:00+00:00,18.094999313354492,17.895000457763672,0.0,0.0,0.0,-0.0,-0.011052714185140422,0.0,0.0,0.4978439451855214,False
2025-05-19 18:30:00+00:00,17.905000686645508,17.840099334716797,0.0,0.0,0.0,-0.0,-0.003067958739450982,0.0,0.0,0.4963165805030067,False
2025-05-19 19:30:00+00:00,17.850000381469727,18.06999969482422,0.0,0.0,0.0,0.0,0.012886719731433072,0.0,0.0,0.5027124731740121,False
2025-05-20 13:30:00+00:00,17.6200008392334,17.645000457763672,0.0,0.0,-0.0,0.0,-0.0235196039976846,0.0,0.0,0.4908888748802627,False
2025-05-20 14:30:00+00:00,17.639999389648438,17.7716007232666,0.0,0.0,-0.0,0.0,0.007174851925108694,0.0,0.0,0.4944109298692118,False
2025-05-20 15:30:00+00:00,17.774999618530273,17.825000762939453,0.0,0.0,0.0,0.0,0.003004796276057542,0.0,0.0,0.49589653399012495,False
2025-05-20 16:30:00+00:00,17.829299926757812,17.881200790405273,0.0,0.0,0.0,0.0,0.00315287658122676,0.0,0.0,0.49746003455885396,False
2025-05-20 17:30:00+00:00,17.885000228881836,17.527799606323242,0.0,0.0,0.0,-0.0,-0.019763839589098553,0.0,0.0,0.48762831423384534,False
2025-05-20 18:30:00+00:00,17.520000457763672,17.665000915527344,0.0,0.0,-0.0,0.0,0.007827640222141996,0.0,0.0,0.49144529323979746,False
2025-05-20 19:30:00+00:00,17.670000076293945,17.989999771118164,0.0,0.0,0.0,0.0,0.018397896334392483,0.0,0.0,0.5004868527988484,False
2025-05-21 13:30:00+00:00,17.55500030517578,17.837799072265625,0.0,0.0,-0.0,0.0,-0.008460294651970401,0.0,0.0,0.4962525865547328,False
2025-05-21 14:30:00+00:00,17.84000015258789,18.29990005493164,0.0,0.0,0.0,0.0,0.02590571744831993,0.0,0.0,0.5091083658450176,False
2025-05-21 15:30:00+00:00,18.29010009765625,18.5,0.0,0.0,-0.0,0.0,0.010934482946229673,0.0,0.0,0.5146752025891328,False
2025-05-21 16:30:00+00:00,18.5,17.260499954223633,0.6666666666666666,0.0,0.0,-0.04466666831626546,-0.06700000247439819,0.6666666666666666,0.00030421646089443834,0.48019196274214954,False
2025-05-21 17:30:00+00:00,17.260000228881836,17.280099868774414,0.0,0.6666666666666666,-1.9301308116670413e-05,0.0,0.001135535737826876,0.6666666666666666,0.0002905267196523535,0.48073723787686046,False
2025-05-21 18:30:00+00:00,17.28499984741211,16.725000381469727,0.0,0.0,0.0,-0.0,-0.032123627266053445,0.0,0.0,0.46529421403439214,False
2025-05-21 19:30:00+00:00,16.739999771118164,16.959999084472656,0.0,0.0,0.0,0.0,0.014050744253691905,0.0,0.0,0.471831944038512,False
2025-05-22 13:30:00+00:00,16.96500015258789,16.77989959716797,0.0,0.0,0.0,-0.0,-0.01061907411714269,0.0,0.0,0.4668215256539315,False
2025-05-22 14:30:00+00:00,16.78499984741211,16.689899444580078,0.0,0.0,0.0,-0.0,-0.005363569195794282,0.0,0.0,0.46431769609900037,False
2025-05-22 15:30:00+00:00,16.68000030517578,16.92799949645996,0.0,0.0,-0.0,0.0,0.014266116621643565,0.0,0.0,0.47094170650104156,False
2025-05-22 16:30:00+00:00,16.920000076293945,16.8799991607666,0.0,0.0,-0.0,-0.0,-0.002835558667366289,0.0,0.0,0.46960632366334826,False
2025-05-22 17:30:00+00:00,16.8799991607666,16.880699157714844,0.0,0.0,0.0,0.0,4.146901558321758e-05,0.0,0.0,0.4696257977753022,False
2025-05-22 18:30:00+00:00,16.8799991607666,16.97010040283203,0.0,0.0,-0.0,0.0,0.005296062934474488,0.0,0.0,0.472112965555973,False
2025-05-22 19:30:00+00:00,16.975000381469727,16.50119972229004,0.0,0.0,0.0,-0.0,-0.027630990354290397,0.0,0.0,0.45906801675856046,False
2025-05-23 13:30:00+00:00,15.210000038146973,15.350000381469727,0.0,0.0,-0.0,0.0,-0.06976458440565736,0.0,0.0,0.4270413273554701,False
2025-05-23 14:30:00+00:00,15.357399940490723,15.385000228881836,0.0,0.0,0.0,0.0,0.002280120295916177,0.0,0.0,0.42801503295316834,False
2025-05-23 15:30:00+00:00,15.380000114440918,15.439299583435059,0.0,0.0,-0.0,0.0,0.003529369759208034,0.0,0.0,0.42952565626695965,False
2025-05-23 16:30:00+00:00,15.439299583435059,15.875,0.0,0.0,0.0,0.0,0.02822021907214034,0.0,0.0,0.4416469643839181,False
2025-05-23 17:30:00+00:00,15.880000114440918,15.800100326538086,0.0,0.0,0.0,-0.0,-0.0047180896668922445,0.0,0.0,0.439563234404844,False
2025-05-23 18:30:00+00:00,15.805000305175781,15.770099639892578,0.0,0.0,0.0,-0.0,-0.0018987655790462243,0.0,0.0,0.4387286068655419,False
2025-05-23 19:30:00+00:00,15.774999618530273,15.71500015258789,0.0,0.0,0.0,-0.0,-0.003493921317104798,0.0,0.0,0.43719572363359066,False
2025-05-27 13:30:00+00:00,16.739999771118164,17.099300384521484,0.0,0.0,0.0,0.0,0.08808782809369764,0.0,0.0,0.47570734538032616,False
2025-05-27 14:30:00+00:00,17.100000381469727,17.360700607299805,0.0,0.0,0.0,0.0,0.015287188183146005,0.0,0.0,0.48297957308926004,False
2025-05-27 15:30:00+00:00,17.360000610351562,17.4424991607666,0.0,0.0,-0.0,0.0,0.004711708088117161,0.0,0.0,0.4852552318501801,False
2025-05-27 16:30:00+00:00,17.44930076599121,17.439899444580078,0.0,0.0,0.0,-0.0,-0.00014904493688439047,0.0,0.0,0.4851829070147762,False
2025-05-27 17:30:00+00:00,17.434999465942383,17.390100479125977,0.0,0.0,-0.0,-0.0,-0.0028554617308632624,0.0,0.0,0.4837974857913265,False
2025-05-27 18:30:00+00:00,17.390100479125977,17.239999771118164,0.0,0.0,0.0,-0.0,-0.00863138819628928,0.0,0.0,0.47962164188307277,False
2025-05-27 19:30:00+00:00,17.235000610351562,17.309999465942383,0.0,0.0,-0.0,0.0,0.004060307178280098,0.0,0.0,0.4815690530784691,False
2025-05-28 13:30:00+00:00,17.43000030517578,17.184999465942383,0.0,0.0,0.0,-0.0,-0.0072212596104314075,0.0,0.0,0.4780915179258398,False
2025-05-28 14:30:00+00:00,17.18000030517578,17.235000610351562,0.0,0.0,-0.0,0.0,0.0029095807950574315,0.0,0.0,0.4794825638246767,False
2025-05-28 15:30:00+00:00,17.229999542236328,17.290000915527344,0.0,0.0,-0.0,0.0,0.0031911983306078806,0.0,0.0,0.4810126877819096,False
2025-05-28 16:30:00+00:00,17.290000915527344,17.34000015258789,0.0,0.0,0.0,0.0,0.002891800717930826,0.0,0.0,0.48240368061777117,False
2025-05-28 17:30:00+00:00,17.340700149536133,17.399999618530273,0.0,0.0,0.0,0.0,0.0034601767828374985,0.0,0.0,0.48407288263340015,False
2025-05-28 18:30:00+00:00,17.399999618530273,17.353500366210938,0.0,0.0,0.0,-0.0,-0.0026723708815381553,0.0,0.0,0.4827792603573084,False
2025-05-28 19:30:00+00:00,17.353300094604492,17.024999618530273,0.6666666666666666,0.0,-0.0,-0.012612412789284377,-0.018929941553479823,0.6666666666666666,0.00029042426986673726,0.4736402771755123,False
2025-05-29 13:30:00+00:00,18.18000030517578,17.27669906616211,0.0,0.6666666666666666,0.04522763436221118,-0.0,0.014784108855889988,0.6666666666666666,0.0002866645110011959,0.480642626591809,False
2025-05-29 14:30:00+00:00,17.27910041809082,17.545000076293945,0.6666666666666666,0.0,0.0,0.010259008542857254,0.0155296453972118,0.6666666666666666,0.00029953411385237963,0.48810683614556427,False
2025-05-29 15:30:00+00:00,17.540000915527344,17.28499984741211,0.6666666666666666,0.6666666666666666,-0.00018995576118034188,-0.0096921723605116,-0.014819049743586943,0.0,0.0,0.4808735566605383,False
2025-05-29 16:30:00+00:00,17.280000686645508,17.165000915527344,0.6666666666666666,0.6666666666666666,-0.00019281306762060818,-0.004436719388444624,-0.006942373904778032,0.0,0.0,0.4775351526292804,False
2025-05-29 17:30:00+00:00,17.170000076293945,16.96500015258789,0.6666666666666666,0.6666666666666666,0.00019416100592136348,-0.00795961649369629,-0.011651660487738913,0.0,0.0,0.47197107515988346,False
2025-05-29 18:30:00+00:00,16.969999313354492,17.038799285888672,0.6666666666666666,0.6666666666666666,0.000196449974325071,0.0027028079087796364,0.004350081499381764,0.0,0.0,0.4740241878021798,False
2025-05-29 19:30:00+00:00,17.040000915527344,17.19219970703125,0.6666666666666666,0.6666666666666666,4.701542710498311e-05,0.005954568987736645,0.009003006524621826,0.0,0.0,0.4782918306577914,False
2025-05-30 13:30:00+00:00,16.899999618530273,16.524999618530273,0.6666666666666666,0.6666666666666666,-0.011330723369911883,-0.014792899742191926,-0.038808302594816046,0.0,0.0,0.45973013656499534,False
2025-05-30 14:30:00+00:00,16.500200271606445,16.437599182128906,0.0,0.6666666666666666,-0.0010004779625338114,-0.0,-0.005288982657727925,0.6666666666666666,0.0002906574802956496,0.4572986318454682,False
2025-05-30 15:30:00+00:00,16.43000030517578,15.698800086975098,0.0,0.0,-0.0,-0.0,-0.04494568135941879,0.0,0.0,0.4367450332524436,False
2025-05-30 16:30:00+00:00,15.6899995803833,15.609999656677246,0.0,0.0,-0.0,-0.0,-0.005656510676349535,0.0,0.0,0.43427458030900856,False
2025-05-30 17:30:00+00:00,15.600000381469727,15.864999771118164,0.0,0.0,-0.0,0.0,0.01633568994550494,0.0,0.0,0.4413687552041508,False
2025-05-30 18:30:00+00:00,15.859999656677246,16.310100555419922,0.0,0.0,-0.0,0.0,0.028055517852074052,0.0,0.0,0.45375158419512857,False
2025-05-30 19:30:00+00:00,16.315000534057617,16.149999618530273,0.0,0.0,0.0,-0.0,-0.00981606068862928,0.0,0.0,0.4492975311071075,False
2025-06-02 13:30:00+00:00,16.059999465942383,16.560100555419922,0.0,0.0,-0.0,0.0,0.02539324746603122,0.0,0.0,0.46070665450038717,False
2025-06-02 14:30:00+00:00,16.559999465942383,16.368600845336914,0.0,0.0,-0.0,-0.0,-0.011563921936472266,0.0,0.0,0.4553790787121314,False
2025-06-02 15:30:00+00:00,16.3700008392334,16.52989959716797,0.0,0.0,0.0,0.0,0.0098541563420802,0.0,0.0,0.4598664553486732,False
2025-06-02 16:30:00+00:00,16.526899337768555,16.69499969482422,0.0,0.0,-0.0,0.0,0.009987967360947314,0.0,0.0,0.4644595864950903,False
2025-06-02 17:30:00+00:00,16.69499969482422,16.990100860595703,0.0,0.0,0.0,0.0,0.017676021034188638,0.0,0.0,0.47266938391550806,False
2025-06-02 18:30:00+00:00,16.990100860595703,16.985000610351562,0.0,0.0,0.0,-0.0,-0.00030018952129762244,0.0,0.0,0.4725274935194184,False
2025-06-02 19:30:00+00:00,16.989999771118164,16.90999984741211,0.0,0.0,0.0,-0.0,-0.004415705636992673,0.0,0.0,0.4704409512026507,False
2025-06-03 13:30:00+00:00,16.93000030517578,17.633100509643555,0.0,0.0,0.0,0.0,0.042761719027579304,0.0,0.0,0.49055781497704565,False
2025-06-03 14:30:00+00:00,17.6299991607666,17.979999542236328,0.0,0.0,-0.0,0.0,0.01967317275841851,0.0,0.0,0.5002086436190814,False
2025-06-03 15:30:00+00:00,17.979999542236328,18.145099639892578,0.0,0.0,0.0,0.0,0.009182430581737178,0.0,0.0,0.5048017747654985,False
2025-06-03 16:30:00+00:00,18.145000457763672,18.065000534057617,0.0,0.0,-0.0,-0.0,-0.004414365719924707,0.0,0.0,0.5025733951156165,False
2025-06-03 17:30:00+00:00,18.065000534057617,18.079299926757812,0.0,0.0,0.0,0.0,0.0007915522987800294,0.0,0.0,0.502971208241826,False
2025-06-03 18:30:00+00:00,18.079999923706055,18.225000381469727,0.0,0.0,0.0,0.0,0.008058965518696448,0.0,0.0,0.5070246358659439,False
2025-06-03 19:30:00+00:00,18.219999313354492,18.299999237060547,0.0,0.0,-0.0,0.0,0.0041151634579428276,0.0,0.0,0.5091111251197362,False
2025-06-04 13:30:00+00:00,18.68000030517578,18.798999786376953,0.6666666666666666,0.0,0.0,0.004246947867847073,0.027267790716944296,0.6666666666666666,0.00029026979806520296,0.5229934607311693,False
2025-06-04 14:30:00+00:00,18.790000915527344,19.039899826049805,0.6666666666666666,0.6666666666666666,-0.0003191258737829106,0.00886637922108724,0.012814513666169924,0.0,0.0,0.5296953675810263,False
2025-06-04 15:30:00+00:00,19.030000686645508,18.950000762939453,0.6666666666666666,0.6666666666666666,-0.0003466103461585342,-0.002802589624083973,-0.004721614290604359,0.0,0.0,0.5271943503637888,False
2025-06-04 16:30:00+00:00,18.954999923706055,19.12339973449707,0.6666666666666666,0.6666666666666666,0.00017587196360002721,0.0059227929822853,0.009150341138599583,0.0,0.0,0.5320183585159599,False
2025-06-04 17:30:00+00:00,19.125,19.220199584960938,0.6666666666666666,0.6666666666666666,5.578734343429185e-05,0.0033185040509258927,0.005061853635222047,0.0,0.0,0.5347113575780188,False
2025-06-04 18:30:00+00:00,19.225000381469727,19.18000030517578,0.6666666666666666,0.6666666666666666,0.0001665191348149501,-0.0015604707551291803,-0.0020915120890113714,0.0,0.0,0.5335930023095127,False
2025-06-04 19:30:00+00:00,19.170000076293945,19.079999923706055,0.6666666666666666,0.6666666666666666,-0.0003475922392325673,-0.0031298957478596012,-0.005213784143827227,0.0,0.0,0.5308109635748142,False
2025-06-05 13:30:00+00:00,19.489999771118164,19.309900283813477,0.6666666666666666,0.6666666666666666,0.014325641126888536,-0.006160406684443176,0.012049285169114743,0.0,0.0,0.5372068562458197,False
2025-06-05 14:30:00+00:00,19.295000076293945,19.748300552368164,0.6666666666666666,0.6666666666666666,-0.0005144237688277837,0.01566210501103334,0.02270339370536134,0.0,0.0,0.5494032750043879,False
2025-06-05 15:30:00+00:00,19.7450008392334,19.790000915527344,1.0,0.6666666666666666,-0.00011139230693180124,0.0022790617564589777,0.0021115924911412343,0.33333333333333337,0.00015060535154689156,0.5505633908344956,False
2025-06-05 16:30:00+00:00,19.779300689697266,19.520000457763672,1.0,1.0,-0.0005406884959607838,-0.013109676423932348,-0.013643276668664939,0.0,0.0,0.5430519021697022,False
2025-06-05 17:30:00+00:00,19.520000457763672,19.213499069213867,1.0,1.0,0.0,-0.015701915028792923,-0.015701915028792923,0.0,0.0,0.5345249473456092,False
2025-06-05 18:30:00+00:00,19.21500015258789,18.75,0.6666666666666666,1.0,7.81264968248152e-05,-0.01613323441392267,-0.024123615773690044,0.33333333333333337,0.0001465096020528807,0.5216302728943918,False
2025-06-05 19:30:00+00:00,18.75,18.829999923706055,0.6666666666666666,0.6666666666666666,0.0,0.002844441731770786,0.004266662597656179,0.0,0.0,0.5238558932695555,False
2025-06-06 13:30:00+00:00,19.47010040283203,19.536500930786133,0.6666666666666666,0.6666666666666666,0.022662435182137987,0.0022735896436172354,0.03751996866397378,0.0,0.0,0.5435109499694672,False
2025-06-06 14:30:00+00:00,19.530000686645508,19.649900436401367,1.0,0.6666666666666666,-0.00022181536545888095,0.0061392598842993085,0.005804494162848561,0.33333333333333337,0.00014814726030323654,0.5466657561060093,False
2025-06-06 15:30:00+00:00,19.639999389648438,19.674999237060547,0.6666666666666666,1.0,-0.0005038726168091756,0.0011880464528106018,0.0012772991262939293,0.33333333333333337,0.00014899922228664862,0.5473640117986583,False
2025-06-06 16:30:00+00:00,19.670000076293945,19.45840072631836,0.6666666666666666,0.6666666666666666,-0.00016939130742750957,-0.007171643760544169,-0.011008819270203252,0.0,0.0,0.5413381803177535,False
2025-06-06 17:30:00+00:00,19.450700759887695,19.475000381469727,0.6666666666666666,0.6666666666666666,-0.00026380949935071263,0.0008328619066908516,0.0008530842480243273,0.0,0.0,0.5417999873922367,False
2025-06-06 18:30:00+00:00,19.475000381469727,19.325000762939453,0.6666666666666666,0.6666666666666666,0.0,-0.005134775030967301,-0.007702162546450841,0.0,0.0,0.5376269558216766,False
2025-06-06 19:30:00+00:00,19.31999969482422,19.170000076293945,0.6666666666666666,0.6666666666666666,-0.0001725249820714314,-0.0051759703554052905,-0.008020733791781143,0.0,0.0,0.5333147931297453,False
2025-06-09 13:30:00+00:00,19.709999084472656,20.774999618530273,0.6666666666666666,0.6666666666666666,0.01877930815613249,0.036022343430636816,0.08372454542768137,0.0,0.0,0.5779663317543912,False
2025-06-09 14:30:00+00:00,20.774999618530273,20.530000686645508,0.6666666666666666,0.6666666666666666,0.0,-0.0078619795068889,-0.011792969260333241,0.0,0.0,0.571150392570504,False
2025-06-09 15:30:00+00:00,20.599300384521484,20.44499969482422,0.6666666666666666,0.6666666666666666,0.0022503554329658115,-0.00499371942467223,-0.004140330685745375,0.0,0.0,0.5687856410739689,False
2025-06-09 16:30:00+00:00,20.450000762939453,20.70009994506836,0.6666666666666666,0.6666666666666666,0.000163073879184239,0.008153192267263815,0.012477390758226292,0.0,0.0,0.575882601775317,False
2025-06-09 17:30:00+00:00,20.70009994506836,20.825000762939453,0.6666666666666666,0.6666666666666666,0.0,0.004022551201927922,0.006033826802891884,0.0,0.0,0.579357377653228,False
2025-06-09 18:30:00+00:00,20.81999969482422,20.799999237060547,1.0,0.6666666666666666,-0.000160098213109805,-0.0009606367942763816,-0.0012005534195896894,0.33333333333333337,0.00015480361329865637,0.5786618281723219,False
2025-06-09 19:30:00+00:00,20.764999389648438,20.559999465942383,1.0,1.0,-0.001682685033456588,-0.009872378027049211,-0.011538450957754964,0.0,0.0,0.5719849670468308,False
2025-06-10 13:30:00+00:00,20.84000015258789,21.489999771118164,1.0,1.0,0.013618710793710243,0.031190000660799244,0.04523347905316455,0.0,0.0,0.5978578370724686,False
2025-06-10 14:30:00+00:00,21.5,21.50119972229004,1.0,1.0,0.0004653433684664865,5.5801036745961596e-05,0.0005211703718548399,0.0,0.0,0.598169422863732,False
2025-06-10 15:30:00+00:00,21.5049991607666,21.867300033569336,1.0,1.0,0.00017670820817605737,0.016847286070287737,0.017026971332197993,0.0,0.0,0.6083544364786302,False
2025-06-10 16:30:00+00:00,21.864999771118164,21.875,1.0,1.0,-0.00010519188229185517,0.00045736240505456216,0.000352122411950484,0.0,0.0,0.6085686517101239,False
2025-06-10 17:30:00+00:00,21.854999542236328,21.60770034790039,1.0,1.0,-0.0009143066406249734,-0.011315451819525979,-0.012219412667410667,0.0,0.0,0.6011323002184281,False
2025-06-10 18:30:00+00:00,21.604999542236328,22.014999389648438,1.0,1.0,-0.00012499273965194124,0.01897708197635395,0.01884971723923523,0.0,0.0,0.6124634741009165,False
2025-06-10 19:30:00+00:00,22.010000228881836,21.901399612426758,1.0,1.0,-0.00022707975949121106,-0.004934148810801453,-0.005160108124967477,0.0,0.0,0.6093030963519626,False
2025-06-11 13:30:00+00:00,22.360000610351562,22.385000228881836,1.0,1.0,0.020939346618952914,0.0011180508876507123,0.022080808761677728,0.0,0.0,0.6227570015004084,False
2025-06-11 14:30:00+00:00,22.389999389648438,22.290000915527344,1.0,1.0,0.0002233263665618601,-0.004466211560833044,-0.004243882617071426,0.0,0.0,0.6201140938870813,False
2025-06-11 15:30:00+00:00,22.28499984741211,21.729999542236328,1.0,1.0,-0.0002243637465151327,-0.024904658244376487,-0.02512343428846242,0.0,0.0,0.6045346981979598,False
2025-06-11 16:30:00+00:00,21.729999542236328,21.84000015258789,1.0,1.0,0.0,0.005062154287567067,0.005062154287567067,0.0,0.0,0.6075949461124257,False
2025-06-11 17:30:00+00:00,21.844999313354492,21.190099716186523,1.0,1.0,0.0002288993009007534,-0.029979382822301504,-0.029757345781170064,0.0,0.0,0.5895145332060668,False
2025-06-11 18:30:00+00:00,21.190000534057617,21.28499984741211,1.0,1.0,-4.680588115868467e-06,0.00448321429731946,0.004478512725123895,0.0,0.0,0.5921546815446757,False
2025-06-11 19:30:00+00:00,21.28499984741211,21.639999389648438,1.0,1.0,0.0,0.016678390640415763,0.016678390640415763,0.0,0.0,0.6020308686430288,False
2025-06-12 13:30:00+00:00,21.239999771118164,21.87929916381836,1.0,1.0,-0.018484271248252138,0.03009884178857214,0.01105821538444185,0.0,0.0,0.608688255656566,False
2025-06-12 14:30:00+00:00,21.8799991607666,21.719999313354492,1.0,1.0,3.199357269179082e-05,-0.007312607566229201,-0.007280847949979186,0.0,0.0,0.6042564890181925,False
2025-06-12 15:30:00+00:00,21.725000381469727,21.915000915527344,1.0,1.0,0.00023025176212421172,0.008745709124114764,0.008977974601175776,0.0,0.0,0.6096814884291935,False
2025-06-12 16:30:00+00:00,21.915000915527344,21.799999237060547,1.0,1.0,0.0,-0.00524762371263765,-0.00524762371263765,0.0,0.0,0.6064821093933562,False
2025-06-12 17:30:00+00:00,21.84980010986328,21.56999969482422,1.0,1.0,0.002284443786496615,-0.01280562813536934,-0.010550438086498692,0.0,0.0,0.6000834574476325,False
2025-06-12 18:30:00+00:00,21.56999969482422,21.719999313354492,1.0,1.0,0.0,0.0069540853339125075,0.0069540853339125075,0.0,0.0,0.6042564890181925,False
2025-06-12 19:30:00+00:00,21.71190071105957,21.729999542236328,1.0,1.0,-0.00037286383752055396,0.0008335903621528029,0.0004604157089309613,0.0,0.0,0.6045346981979599,False
2025-06-13 13:30:00+00:00,20.31999969482422,20.08060073852539,1.0,1.0,-0.06488724699103243,-0.011781444876684977,-0.07590422634409277,0.0,0.0,0.5586479596330841,False
2025-06-13 14:30:00+00:00,20.100099563598633,20.834999084472656,1.0,1.0,0.0009710279750660966,0.036561984111010526,0.03756851479547252,0.0,0.0,0.5796355337700202,False
2025-06-13 15:30:00+00:00,20.834999084472656,20.849899291992188,1.0,1.0,0.0,0.0007151527801427804,0.0007151527801427804,0.0,0.0,0.5800500617334654,False
2025-06-13 16:30:00+00:00,20.844999313354492,20.59000015258789,1.0,1.0,-0.00023501210097343073,-0.012233109578623669,-0.012465246750813619,0.0,0.0,0.5728195945861331,False
2025-06-13 17:30:00+00:00,20.590099334716797,20.209999084472656,1.0,1.0,4.817004767954103e-06,-0.018460340771802697,-0.018455612690584378,0.0,0.0,0.5622478580068738,False
2025-06-13 18:30:00+00:00,20.215299606323242,20.014999389648438,0.6666666666666666,1.0,0.00026227224595265497,-0.006605565110765635,-0.009648674104791866,0.33333333333333337,0.00015010742585188283,0.5568229116588482,False
2025-06-13 19:30:00+00:00,20.014999389648438,20.030099868774414,0.6666666666666666,0.6666666666666666,0.0,0.0005029720904808539,0.000754458135721281,0.0,0.0,0.5572430112347052,False
2025-06-16 13:30:00+00:00,20.829999923706055,21.875,0.6666666666666666,0.6666666666666666,0.026623267321751538,0.03344535382049803,0.09210638705310004,0.0,0.0,0.608568651710124,False
2025-06-16 14:30:00+00:00,21.87380027770996,21.860700607299805,1.0,0.6666666666666666,-3.656296502977755e-05,-0.0005988749208570843,-0.0006536865234375577,0.33333333333333337,0.0001581677940188544,0.6081708385839145,False
2025-06-16 15:30:00+00:00,21.860000610351562,21.959999084472656,1.0,1.0,-3.20207920513349e-05,0.004574495486232566,0.00454232821521261,0.0,0.0,0.6109333501436838,False
2025-06-16 16:30:00+00:00,21.959999084472656,22.065000534057617,1.0,1.0,0.0,0.004781486974615001,0.004781486974615001,0.0,0.0,0.6138545199997537,False
2025-06-16 17:30:00+00:00,22.06999969482422,21.8799991607666,1.0,1.0,0.0002265651776842681,-0.008608995771856587,-0.008384381092829019,0.0,0.0,0.6087077297685202,False
2025-06-16 18:30:00+00:00,21.8799991607666,21.960100173950195,1.0,1.0,0.0,0.0036609239605103205,0.0036609239605103205,0.0,0.0,0.6109361624813776,False
2025-06-16 19:30:00+00:00,21.969999313354492,21.940000534057617,1.0,1.0,0.00045077842659568823,-0.001365442887321322,-0.0009152799729220673,0.0,0.0,0.6103769848471245,False
2025-06-17 13:30:00+00:00,21.739900588989258,22.28499984741211,1.0,1.0,-0.009120325442004584,0.02507367759993029,0.015724672058186506,0.0,0.0,0.6199749627657103,False
2025-06-17 14:30:00+00:00,22.288700103759766,22.03019905090332,1.0,1.0,0.00016604246681595214,-0.01159785234908517,-0.01143373561828298,0.0,0.0,0.6128863329514923,False
2025-06-17 15:30:00+00:00,22.030000686645508,22.040000915527344,1.0,1.0,-9.004197254580681e-06,0.0004539368393163823,0.00044492855472499926,0.0,0.0,0.6131590235818232,False
2025-06-17 16:30:00+00:00,22.045000076293945,21.790000915527344,0.6666666666666666,1.0,0.00022682216692104795,-0.007711473800078453,-0.011343012232992833,0.33333333333333337,0.0001593737893902251,0.6062039532765646,False
2025-06-17 17:30:00+00:00,21.780000686645508,21.385000228881836,0.6666666666666666,0.6666666666666666,-0.0003059577317322167,-0.012090616630263895,-0.018586538303305367,0.0,0.0,0.5949367202793746,False
2025-06-17 18:30:00+00:00,21.389999389648438,21.520000457763672,0.6666666666666666,0.6666666666666666,0.00015584633194902034,0.004051770977863208,0.006312846735419209,0.0,0.0,0.5986924646117713,False
2025-06-17 19:30:00+00:00,21.524999618530273,21.385000228881836,0.6666666666666666,0.6666666666666666,0.00015486866977261943,-0.004336024533628505,-0.006273244703074887,0.0,0.0,0.5949367202793746,False
2025-06-18 13:30:00+00:00,21.71500015258789,22.238691329956055,1.0,0.6666666666666666,0.010287582267137255,0.024116563375006672,0.039920088470293935,0.33333333333333337,0.0001561951826355814,0.6186866467871538,False
2025-06-18 14:30:00+00:00,22.239999771118164,21.927900314331055,1.0,1.0,5.8836248171934e-05,-0.01403324910067738,-0.013975238516232169,0.0,0.0,0.6100403533314954,False
2025-06-18 15:30:00+00:00,21.97800064086914,22.014999389648438,1.0,1.0,0.0022847753692742945,0.0016834447038143185,0.003972066366083382,0.0,0.0,0.6124634741009171,False
2025-06-18 16:30:00+00:00,22.010000228881836,21.72879981994629,1.0,1.0,-0.00022707975949121106,-0.012776029350810791,-0.013000207932629793,0.0,0.0,0.6045013215864643,False
2025-06-18 17:30:00+00:00,21.729999542236328,21.799999237060547,1.0,1.0,5.521346323678067e-05,0.0032213389921229574,0.003276730316641663,0.0,0.0,0.6064821093933567,False
2025-06-18 18:30:00+00:00,21.799999237060547,21.385000228881836,0.6666666666666666,1.0,0.0,-0.012691101611697952,-0.019036652417546818,0.33333333333333337,0.00015835526406603038,0.5949367202793747,False
2025-06-18 19:30:00+00:00,21.3799991607666,21.609699249267578,0.6666666666666666,0.6666666666666666,-0.00015590579258698925,0.0071624601658073495,0.010507319054515296,0.0,0.0,0.601187910216597,False
2025-06-20 13:30:00+00:00,22.139999389648438,21.655000686645508,1.0,0.6666666666666666,0.016359942026150875,-0.02190599441613761,0.002096347425078804,0.33333333333333337,0.0001574144275306088,0.6024482089441681,False
2025-06-20 14:30:00+00:00,21.649999618530273,21.024999618530273,0.6666666666666666,1.0,-0.00023094287493230503,-0.019245573857194904,-0.029092636718490272,0.33333333333333337,0.00015651516313066252,0.5849214020596503,False
2025-06-20 15:30:00+00:00,21.05970001220703,21.100000381469727,0.6666666666666666,0.6666666666666666,0.001100289950260791,0.0012757500261743417,0.0035672182782515716,0.0,0.0,0.587007944376418,False
2025-06-20 16:30:00+00:00,21.104999542236328,20.780000686645508,1.0,0.6666666666666666,0.000157951364177548,-0.015399140613124307,-0.015165862039758338,0.33333333333333337,0.00015380528833062123,0.5781054628757631,False
2025-06-20 17:30:00+00:00,20.780000686645508,21.250099182128906,0.6666666666666666,1.0,0.0,0.015081760665693444,0.022622640998540167,0.33333333333333337,0.00015143547860896363,0.5911837352216964,False
2025-06-20 18:30:00+00:00,21.260000228881836,21.114999771118164,1.0,0.6666666666666666,0.0003106196248174875,-0.006820341307743116,-0.006357589668304242,0.33333333333333337,0.00015369415300720395,0.5874252316145815,False
2025-06-20 19:30:00+00:00,21.110000610351562,21.209999084472656,1.0,1.0,-0.00023675874121675822,0.00473701900662471,0.004499138734750829,0.0,0.0,0.5900681392279087,False
2025-06-23 13:30:00+00:00,21.18000030517578,21.727399826049805,1.0,1.0,-0.0014143696648641901,0.025845113927607244,0.024394189717618975,0.0,0.0,0.6044623733625567,False
2025-06-23 14:30:00+00:00,21.660200119018555,21.405000686645508,1.0,1.0,-0.003092855452988097,-0.011781951735015173,-0.014838367314332745,0.0,0.0,0.5954931386389097,False
2025-06-23 15:30:00+00:00,21.371000289916992,20.84000015258789,1.0,1.0,-0.0015884324054111776,-0.02484676103718142,-0.026395726042191536,0.0,0.0,0.5797746648913923,False
2025-06-23 16:30:00+00:00,20.84000015258789,21.435100555419922,0.6666666666666666,1.0,0.0,0.019037120872513746,0.02855568130877062,0.33333333333333337,0.00015067356146397916,0.5963305254529302,False
2025-06-23 17:30:00+00:00,21.440000534057617,21.45789909362793,0.6666666666666666,0.6666666666666666,0.00015239734549806389,0.000556547236457335,0.0010636077096566332,0.0,0.0,0.5969647871973055,False
2025-06-23 18:30:00+00:00,21.459999084472656,21.475000381469727,0.6666666666666666,0.6666666666666666,6.524375431056957e-05,0.0004660235364106017,0.0007969693476130857,0.0,0.0,0.5974405498343062,False
2025-06-23 19:30:00+00:00,21.469999313354492,21.56999969482422,0.6666666666666666,0.6666666666666666,-0.00015525240283735067,0.0031051198468530217,0.004423716492059526,0.0,0.0,0.6000834574476333,False
2025-06-24 13:30:00+00:00,22.65999984741211,23.42009925842285,0.6666666666666666,0.6666666666666666,0.03368877045307942,0.02236244236919971,0.08577188640584765,0.0,0.0,0.65155374759386,False
2025-06-24 14:30:00+00:00,23.421199798583984,23.799999237060547,1.0,0.6666666666666666,3.1327512008368544e-05,0.01617335754505045,0.016221108819642005,0.33333333333333337,0.0001628016019855225,0.6621226718354255,False
2025-06-24 15:30:00+00:00,23.799999237060547,23.860000610351562,1.0,1.0,0.0,0.002521066185480425,0.002521066185480425,0.0,0.0,0.6637919269140298,False
2025-06-24 16:30:00+00:00,23.850000381469727,23.739999771118164,1.0,1.0,-0.0004191210656339095,-0.004612184846631173,-0.005029372848437297,0.0,0.0,0.6604534698197965,False
2025-06-24 17:30:00+00:00,23.739999771118164,23.885000228881836,1.0,1.0,0.0,0.006107854219109088,0.006107854219109088,0.0,0.0,0.6644874233319605,False
2025-06-24 18:30:00+00:00,23.8799991607666,23.844999313354492,1.0,1.0,-0.0002093811206744789,-0.0014656553032720288,-0.001674729543396758,0.0,0.0,0.663374586612891,False
2025-06-24 19:30:00+00:00,23.84000015258789,23.989999771118164,1.0,1.0,-0.0002096523762029623,0.006291930267206425,0.006080958772872069,0.0,0.0,0.667408540125055,False
2025-06-25 13:30:00+00:00,24.399999618530273,24.199800491333008,1.0,1.0,0.01709044815855787,-0.008204882390458246,0.008745340650958555,0.0,0.0,0.6732452551618076,False
2025-06-25 14:30:00+00:00,24.200000762939453,24.09000015258789,1.0,1.0,8.275754443287653e-06,-0.004545479623290771,-0.004537241486120669,0.0,0.0,0.6701905788597535,False
2025-06-25 15:30:00+00:00,24.071399688720703,24.174999237060547,1.0,1.0,-0.000772123858421403,0.004303843967510934,0.0035283970084791783,0.0,0.0,0.6725552772933132,False
2025-06-25 16:30:00+00:00,24.179899215698242,24.40999984741211,1.0,1.0,0.00020268785076882345,0.009516194822039692,0.009720811489884351,0.0,0.0,0.6790930603604084,False
2025-06-25 17:30:00+00:00,24.405000686645508,24.31999969482422,1.0,1.0,-0.0002047997049509087,-0.003482933391917631,-0.003687019793137458,0.0,0.0,0.6765892308054773,False
2025-06-25 18:30:00+00:00,24.31999969482422,24.43000030517578,1.0,1.0,0.0,0.004523051469238926,0.004523051469238926,0.0,0.0,0.6796494787199432,False
2025-06-25 19:30:00+00:00,24.420000076293945,24.594999313354492,1.0,1.0,-0.00040934215132681917,0.0071662259014662055,0.00675395031181214,0.0,0.0,0.6842397975286667,False
2025-06-26 13:30:00+00:00,25.18000030517578,25.18000030517578,1.0,1.0,0.023785363210140353,0.0,0.023785363210140353,0.0,0.0,0.700514689635719,False
2025-06-26 14:30:00+00:00,25.18000030517578,24.877300262451172,1.0,1.0,0.0,-0.012021447142809949,-0.012021447142809838,0.0,0.0,0.6920934893215013,False
2025-06-26 15:30:00+00:00,24.875,25.1299991607666,1.0,1.0,-9.246431191911597e-05,0.010251222543381067,0.01015781035922303,0.0,0.0,0.6991236437368821,False
2025-06-26 16:30:00+00:00,25.125,25.010099411010742,1.0,1.0,-0.00019893199098897085,-0.0045731577707167625,-0.004771180014325083,0.0,0.0,0.6957879989803425,False
2025-06-26 17:30:00+00:00,25.014999389648438,25.18000030517578,1.0,1.0,0.00019591999844426056,0.00659607913464999,0.006793291436907989,0.0,0.0,0.700514689635719,False
2025-06-26 18:30:00+00:00,25.174999237060547,25.12070083618164,1.0,1.0,-0.00019861271066812236,-0.002156838233344338,-0.0023550225685244897,0.0,0.0,0.6988649617320439,False
2025-06-26 19:30:00+00:00,25.1200008392334,25.18000030517578,1.0,1.0,-2.786534312104738e-05,0.0023885136917938254,0.002360581791919225,0.0,0.0,0.700514689635719,False
2025-06-27 13:30:00+00:00,25.209999084472656,25.6299991607666,1.0,1.0,0.0011913732697894641,0.016660059164882446,0.01787128078383393,0.0,0.0,0.7130337843473992,False
2025-06-27 14:30:00+00:00,25.635000228881836,25.479000091552734,1.0,1.0,0.00019512556687439897,-0.006085435378827997,-0.005891497235981591,0.0,0.0,0.708832947777755,False
2025-06-27 15:30:00+00:00,25.470699310302734,25.360000610351562,1.0,1.0,-0.0003257891290935344,-0.004346119382218738,-0.004670492592863784,0.0,0.0,0.7055223487455812,False
2025-06-27 16:30:00+00:00,25.360000610351562,25.17009925842285,1.0,1.0,0.0,-0.007488223476272204,-0.007488223476272204,0.0,0.0,0.7002392397306698,False
2025-06-27 17:30:00+00:00,25.174999237060547,24.579999923706055,1.0,1.0,0.0001946745854033427,-0.023634531534705405,-0.023444457991929735,0.0,0.0,0.6838225102905033,False
2025-06-27 18:30:00+00:00,24.575000762939453,24.73240089416504,1.0,1.0,-0.00020338327022451086,0.006404888152148347,0.00620020223482598,0.0,0.0,0.6880623481470308,False
2025-06-27 19:30:00+00:00,24.739999771118164,25.084999084472656,1.0,1.0,0.0003072438048228321,0.013945000668805552,0.014256528988692008,0.0,0.0,0.6978717289594165,False
2025-06-30 13:30:00+00:00,25.489999771118164,25.084999084472656,1.0,1.0,0.016145134599434785,-0.01588861083884352,0.0,0.0,0.0,0.6978717289594165,False
2025-06-30 14:30:00+00:00,25.09000015258789,25.045000076293945,1.0,1.0,0.0001993648912799184,-0.0017935462742236785,-0.0015945389531016874,0.0,0.0,0.6967589453033223,False
2025-06-30 15:30:00+00:00,25.045000076293945,25.132699966430664,1.0,1.0,0.0,0.0035016925481956562,0.0035016925481956562,0.0,0.0,0.6991987809099796,False
2025-06-30 16:30:00+00:00,25.1299991607666,25.03499984741211,1.0,1.0,-0.00010746181936960308,-0.0037803150229629434,-0.003887370602802531,0.0,0.0,0.6964807361235548,False
2025-06-30 17:30:00+00:00,25.030000686645508,24.924999237060547,1.0,1.0,-0.00019968687026450382,-0.004195023839571155,-0.0043938730186544595,0.0,0.0,0.6934204882090889,False
2025-06-30 18:30:00+00:00,24.924999237060547,24.940099716186523,1.0,1.0,0.0,0.0006058366936085857,0.0006058366936085857,0.0,0.0,0.693840587784946,False
2025-06-30 19:30:00+00:00,24.940000534057617,25.020000457763672,1.0,1.0,-3.976813646944244e-06,0.0032076953485549176,0.0032037057785014866,0.0,0.0,0.6960634488853914,False
2025-07-01 13:30:00+00:00,24.375,24.334999084472656,1.0,1.0,-0.02577939432305365,-0.001641063201121784,-0.02737815190880466,0.0,0.0,0.6770065180436406,False
2025-07-01 14:30:00+00:00,24.334999084472656,24.27989959716797,1.0,1.0,0.0,-0.0022642074944578816,-0.0022642074944578816,0.0,0.0,0.6754736348116894,False
2025-07-01 15:30:00+00:00,24.274999618530273,25.05500030517578,1.0,1.0,-0.00020181214580750062,0.03213185165408183,0.031923554910343155,0.0,0.0,0.6970371544830894,False
2025-07-01 16:30:00+00:00,25.0580997467041,24.969999313354492,1.0,1.0,0.00012370550750628873,-0.0035158465422421292,-0.0033925759643167464,0.0,0.0,0.6946724029865544,False
2025-07-01 17:30:00+00:00,24.959999084472656,25.059999465942383,1.0,1.0,-0.000400489753977995,0.004006425686607251,0.0036043314001916738,0.0,0.0,0.6971762325414854,False
2025-07-01 18:30:00+00:00,25.05500030517578,24.950000762939453,1.0,1.0,-0.00019948766453070643,-0.004190761961979983,-0.00438941362119416,0.0,0.0,0.694116037689995,False
2025-07-01 19:30:00+00:00,24.950000762939453,24.684999465942383,1.0,1.0,0.0,-0.010621294144034676,-0.010621294144034676,0.0,0.0,0.6867436270835977,False
2025-07-02 13:30:00+00:00,24.510000228881836,25.15999984741211,1.0,1.0,-0.007089294747686381,0.026519772030207278,0.01924247080195718,0.0,0.0,0.699958271276184,False
2025-07-02 14:30:00+00:00,25.16510009765625,25.959999084472656,1.0,1.0,0.0002027126500425691,0.03158735644729016,0.03179647225406601,0.0,0.0,0.7222144750278212,False
2025-07-02 15:30:00+00:00,25.959999084472656,26.09000015258789,1.0,1.0,0.0,0.005007745481508508,0.005007745481508508,0.0,0.0,0.7258311413018218,False
2025-07-02 16:30:00+00:00,26.079999923706055,26.06999969482422,1.0,1.0,-0.000383297386866599,-0.000383444360087859,-0.000766594773733198,0.0,0.0,0.725274722942287,False
2025-07-02 17:30:00+00:00,26.06999969482422,26.174999237060547,1.0,1.0,0.0,0.004027600439794998,0.004027600439794998,0.0,0.0,0.7281958397353816,False
2025-07-02 18:30:00+00:00,26.170000076293945,26.049999237060547,1.0,1.0,-0.0001909899106902202,-0.004585435188519615,-0.0047755493273525795,0.0,0.0,0.7247183045827523,False
2025-07-02 19:30:00+00:00,26.040000915527344,26.079999923706055,1.0,1.0,-0.00038381273804333205,0.0015360601679110797,0.0011516578704089397,0.0,0.0,0.7255529321220545,False
2025-07-03 13:30:00+00:00,26.399999618530273,26.6289005279541,1.0,1.0,0.01226992698467555,0.008670489118612013,0.021046802371694318,0.0,0.0,0.7408235012946307,False
2025-07-03 14:30:00+00:00,26.625,26.516000747680664,1.0,1.0,-0.00014647724377525595,-0.0040938686317121276,-0.004239746216893936,0.0,0.0,0.7376825976576307,False
2025-07-03 15:30:00+00:00,26.56999969482422,26.469999313354492,1.0,1.0,0.0020364664964900303,-0.0037636576070118055,-0.0017348556731427989,0.0,0.0,0.7364028248181056,False
2025-07-03 17:00:00+00:00,26.475000381469727,26.36989974975586,1.0,1.0,0.00018893344333070772,-0.003969806617545091,-0.0037816232034479924,0.0,0.0,0.7336180268086888,False
2025-07-07 13:30:00+00:00,25.729999542236328,25.530000686645508,1.0,1.0,-0.02426631172632565,-0.007772983254916821,-0.03185067334653502,0.0,0.0,0.7102517986756757,False
2025-07-07 14:30:00+00:00,25.540000915527344,25.25,1.0,1.0,0.0003917049985457943,-0.011354773106176164,-0.010967515829013452,0.0,0.0,0.7024621008311149,False
2025-07-07 15:30:00+00:00,25.25,25.34000015258789,1.0,1.0,0.0,0.003564362478728267,0.003564362478728267,0.0,0.0,0.704965930386046,False
2025-07-07 16:30:00+00:00,25.329999923706055,25.20989990234375,1.0,1.0,-0.0003946420213740698,-0.004741414201501981,-0.0051341850615913565,0.0,0.0,0.7013465048373272,False
2025-07-07 17:30:00+00:00,25.204999923706055,24.659900665283203,1.0,1.0,-0.0001943672389289608,-0.021626632020346426,-0.0218167957505222,0.0,0.0,0.6860453713909486,False
2025-07-07 18:30:00+00:00,24.655000686645508,24.860000610351562,0.6666666666666666,1.0,-0.00019870228612051122,0.005543160089144164,0.00811438568972278,0.33333333333333337,0.0001714278716795706,0.6916122081350639,False
2025-07-07 19:30:00+00:00,24.860000610351562,24.940000534057617,0.6666666666666666,0.6666666666666666,0.0,0.0021453451794564886,0.0032180177691847334,0.0,0.0,0.6938378285102276,False
2025-07-08 13:30:00+00:00,25.6299991607666,26.084999084472656,0.6666666666666666,0.6666666666666666,0.018444229134818503,0.011835087491342359,0.04591012533666339,0.0,0.0,0.7256920101804505,False
2025-07-08 14:30:00+00:00,26.08289909362793,26.40999984741211,1.0,0.6666666666666666,-5.367045986666892e-05,0.01254081276049912,0.012459297463917274,0.33333333333333337,0.0001779139544043958,0.7347336228024768,False
2025-07-08 15:30:00+00:00,26.415000915527344,26.719999313354492,1.0,1.0,0.00018936267111424598,0.011546408754726345,0.011737957884644157,0.0,0.0,0.7433578951233643,False
2025-07-08 16:30:00+00:00,26.710100173950195,26.537500381469727,1.0,1.0,-0.00037047678363333336,-0.006461967246712219,-0.006830050021504164,0.0,0.0,0.7382807235157917,False
2025-07-08 17:30:00+00:00,26.53499984741211,26.655000686645508,1.0,1.0,-9.42264351078137e-05,0.0045223606528530524,0.004427708091822691,0.0,0.0,0.7415496150493393,False
2025-07-08 18:30:00+00:00,26.65999984741211,26.524999618530273,1.0,1.0,0.00018755057729591407,-0.005063774555682965,-0.004877173692228398,0.0,0.0,0.7379329487753385,False
2025-07-08 19:30:00+00:00,26.524999618530273,26.360000610351562,1.0,1.0,0.0,-0.0062205093516172205,-0.0062205093516173315,0.0,0.0,0.733342629966615,False
2025-07-09 13:30:00+00:00,26.6299991607666,26.741500854492188,1.0,1.0,0.010242736880249126,0.004187070868926668,0.014472694814385179,0.0,0.0,0.7439560740445005,False
2025-07-09 14:30:00+00:00,26.739999771118164,26.28499984741211,1.0,1.0,-5.613310121188597e-05,-0.017015704098752416,-0.017070882055723935,0.0,0.0,0.7312560876498474,False
2025-07-09 15:30:00+00:00,26.280000686645508,26.322200775146484,1.0,1.0,-0.00019019063327463392,0.0016057871917187772,0.0014152911527613998,0.0,0.0,0.7322910279211011,False
2025-07-09 16:30:00+00:00,26.325000762939453,26.509899139404297,1.0,1.0,0.00010637362038568021,0.007023679814100792,0.007130800568736495,0.0,0.0,0.7375128491994816,False
2025-07-09 17:30:00+00:00,26.5049991607666,26.594999313354492,1.0,1.0,-0.00018483580838724034,0.0033955916030026234,0.003210128167696613,0.0,0.0,0.739880359970735,False
2025-07-09 18:30:00+00:00,26.600000381469727,26.6299991607666,1.0,1.0,0.00018804543125972017,0.0011277736416039907,0.0013160311455444607,0.0,0.0,0.7408540655684331,False
2025-07-09 19:30:00+00:00,26.6299991607666,26.62070083618164,1.0,1.0,0.0,-0.0003491672879456509,-0.0003491672879456509,0.0,0.0,0.7405953835635951,False
2025-07-10 13:30:00+00:00,27.34000015258789,27.30970001220703,1.0,1.0,0.027020299759674682,-0.0011082714049652775,0.025882082529132155,0.0,0.0,0.7597635344016823,False
2025-07-10 14:30:00+00:00,27.309999465942383,27.68280029296875,1.0,1.0,1.0965105263549546e-05,0.013650707957401309,0.01366182274411476,0.0,0.0,0.7701432891361203,False
2025-07-10 15:30:00+00:00,27.684999465942383,27.545000076293945,1.0,1.0,7.944185379948898e-05,-0.005056868063900932,-0.004977827937074908,0.0,0.0,0.7663096483559078,False
2025-07-10 16:30:00+00:00,27.549999237060547,27.531286239624023,1.0,1.0,0.00018149067898920457,-0.0006792376753081975,-0.0004978702716260663,0.0,0.0,0.7659281255631312,False
2025-07-10 17:30:00+00:00,27.5398006439209,27.549999237060547,1.0,1.0,0.0003092628590894986,0.00037032196679676055,0.0006796993527165007,0.0,0.0,0.7664487264143038,False
2025-07-10 18:30:00+00:00,27.559999465942383,27.409700393676758,1.0,1.0,0.0003629847244563944,-0.005453522321412163,-0.005092517142253006,0.0,0.0,0.762545573136381,False
2025-07-10 19:30:00+00:00,27.405000686645508,27.420000076293945,1.0,1.0,-0.00017146145210455987,0.0005473230896777537,0.00037576779276160543,0.0,0.0,0.7628321132032786,False
2025-07-11 13:30:00+00:00,26.850000381469727,27.149999618530273,1.0,1.0,-0.020787734983159778,0.01117315578392275,-0.009846843800598748,0.0,0.0,0.7553206245384853,False
2025-07-11 14:30:00+00:00,27.149999618530273,27.096200942993164,1.0,1.0,0.0,-0.00198153503841636,-0.00198153503841636,0.0,0.0,0.7538239302557237,False
2025-07-11 15:30:00+00:00,27.09000015258789,27.19499969482422,1.0,1.0,-0.00022884353486740672,0.0038759520725324403,0.003646221551091733,0.0,0.0,0.7565725393159508,False
2025-07-11 16:30:00+00:00,27.19499969482422,27.375,1.0,1.0,0.0,0.006618875057756934,0.006618875057756934,0.0,0.0,0.761580198425813,False
2025-07-11 17:30:00+00:00,27.375,27.3799991607666,1.0,1.0,0.0,0.0001826177448986943,0.0001826177448986943,0.0,0.0,0.761719276484209,False
2025-07-11 18:30:00+00:00,27.424999237060547,27.315000534057617,1.0,1.0,0.0016435382641803997,-0.004010891743409184,-0.0023739455332826287,0.0,0.0,0.759910996410184,False
2025-07-11 19:30:00+00:00,27.309999465942383,27.260000228881836,1.0,1.0,-0.0001830887064783182,-0.0018308032968986643,-0.0020135568039695295,0.0,0.0,0.758380872452951,False
2025-07-14 13:30:00+00:00,26.635000228881836,25.95159912109375,1.0,1.0,-0.022927365911677988,-0.025658010208951865,-0.04799710553200365,0.0,0.0,0.7219807856843737,False
2025-07-14 14:30:00+00:00,25.954999923706055,26.315000534057617,1.0,1.0,0.00013104404843944373,0.013870183448652318,0.014003045102083611,0.0,0.0,0.7320907151891498,False
2025-07-14 15:30:00+00:00,26.315000534057617,26.405000686645508,1.0,1.0,0.0,0.0034201083321814263,0.0034201083321814263,0.0,0.0,0.7345945447440809,False
2025-07-14 16:30:00+00:00,26.405000686645508,26.600000381469727,1.0,1.0,0.0,0.0073849532192151734,0.0073849532192151734,0.0,0.0,0.7400194910921066,False
2025-07-14 17:30:00+00:00,26.600000381469727,26.671199798583984,1.0,1.0,0.0,0.0026766697779394555,0.0026766697779394555,0.0,0.0,0.742000278898999,False
2025-07-14 18:30:00+00:00,26.670000076293945,26.510000228881836,0.6666666666666666,1.0,-4.498193928659244e-05,-0.003999496236830454,-0.0060439564368869325,0.33333333333333337,0.00018181572879304915,0.7375156615371755,False
2025-07-14 19:30:00+00:00,26.500099182128906,26.479999542236328,0.6666666666666666,0.6666666666666666,-0.0002489889769255645,-0.0005056494255470945,-0.0011316743261593487,0.0,0.0,0.7366810339978734,False
2025-07-15 13:30:00+00:00,28.049999237060547,27.985000610351562,0.6666666666666666,0.6666666666666666,0.039526679807780386,-0.0015448277712869865,0.05683538875122407,0.0,0.0,0.7785505869507963,False
2025-07-15 14:30:00+00:00,27.989999771118164,27.829999923706055,1.0,0.6666666666666666,0.00011909143368645421,-0.005716321854965067,-0.005538705851883208,0.33333333333333337,0.00018778487693848372,0.7742384242588648,False
2025-07-15 15:30:00+00:00,27.825000762939453,27.719999313354492,1.0,1.0,-0.00017963207978100026,-0.003773636898684818,-0.003952591112221238,0.0,0.0,0.771178176344399,False
2025-07-15 16:30:00+00:00,27.719999313354492,27.479900360107422,1.0,1.0,0.0,-0.008661578614520327,-0.008661578614520327,0.0,0.0,0.7644985559441896,False
2025-07-15 17:30:00+00:00,27.475000381469727,27.760000228881836,1.0,1.0,-0.00017831136843593498,0.010373060726300398,0.010192899723211246,0.0,0.0,0.7722910130634685,False
2025-07-15 18:30:00+00:00,27.7549991607666,27.299999237060547,1.0,1.0,-0.00018015374906343862,-0.01639344036980639,-0.016570640779127177,0.0,0.0,0.7594936561090455,False
2025-07-15 19:30:00+00:00,27.309999465942383,27.260000228881836,1.0,1.0,0.00036630876048748817,-0.0018308032968986643,-0.0014651651756975026,0.0,0.0,0.7583808724529514,False
2025-07-16 13:30:00+00:00,26.600000381469727,25.940000534057617,1.0,1.0,-0.02421129280523049,-0.024812023982972664,-0.04842258561046109,0.0,0.0,0.7216581097312622,False
2025-07-16 14:30:00+00:00,25.950000762939453,25.6299991607666,0.6666666666666666,1.0,0.00038551382713758464,-0.008220978619516723,-0.011950708053533154,0.33333333333333337,0.00017391304092268076,0.7130337843473993,False
2025-07-16 15:30:00+00:00,25.6299991607666,25.820199966430664,0.6666666666666666,0.6666666666666666,0.0,0.0049473484690345515,0.007421022703551827,0.0,0.0,0.7183252242494408,False
2025-07-16 16:30:00+00:00,25.829999923706055,26.239999771118164,0.6666666666666666,0.6666666666666666,0.00025303076113880607,0.01058200667500649,0.016258580693925273,0.0,0.0,0.7300041728723823,False
2025-07-16 17:30:00+00:00,26.2450008392334,26.299999237060547,0.6666666666666666,0.6666666666666666,0.00012705965850760373,0.0013970507669644285,0.002286565032993071,0.0,0.0,0.7316733748880113,False
2025-07-16 18:30:00+00:00,26.309999465942383,26.709999084472656,0.6666666666666666,0.6666666666666666,0.0002534912337625409,0.01013555369693971,0.015589348262579295,0.0,0.0,0.7430796859435973,False
2025-07-16 19:30:00+00:00,26.709400177001953,27.024999618530273,0.6666666666666666,0.6666666666666666,-1.4948396137063705e-05,0.007877362512495118,0.011793356228182672,0.0,0.0,0.7518430893858562,False
2025-07-17 13:30:00+00:00,26.959999084472656,27.014999389648438,0.6666666666666666,0.6666666666666666,-0.0016034667893956762,0.0013600471573571582,-0.00037003622656772706,0.0,0.0,0.7515648802060888,False
2025-07-17 14:30:00+00:00,27.014999389648438,27.325000762939453,0.6666666666666666,0.6666666666666666,0.0,0.007650105010670464,0.011475157516005696,0.0,0.0,0.7601892055899516,False
2025-07-17 15:30:00+00:00,27.325000762939453,27.395000457763672,0.6666666666666666,0.6666666666666666,0.0,0.0017078302621473065,0.00256174539322096,0.0,0.0,0.7621366167853479,False
2025-07-17 16:30:00+00:00,27.395000457763672,27.35759925842285,1.0,0.6666666666666666,0.0,-0.0013652563867806444,-0.0013652563867806444,0.33333333333333337,0.00018036940187687747,0.7610961049016823,False
2025-07-17 17:30:00+00:00,27.350099563598633,27.377399444580078,1.0,1.0,-0.0002741357073541284,0.0009981638610845334,0.0007237545213740759,0.0,0.0,0.7616469516488051,False
2025-07-17 18:30:00+00:00,27.3799991607666,27.320100784301758,1.0,1.0,9.49584781340107e-05,-0.002187669039474427,-0.0020929182990631068,0.0,0.0,0.7600528868062737,False
2025-07-17 19:30:00+00:00,27.325000762939453,27.31999969482422,0.6666666666666666,1.0,0.00017935433973614856,-0.0001220144672302581,-3.7001868454789033e-06,0.33333333333333337,0.00017984632671452707,0.7600500744685801,False
2025-07-18 13:30:00+00:00,27.65999984741211,26.895000457763672,0.6666666666666666,0.6666666666666666,0.00829673392840006,-0.018438163265090363,-0.01555634120819771,0.0,0.0,0.7482264761748307,False
2025-07-18 14:30:00+00:00,26.899999618530273,27.232799530029297,0.6666666666666666,0.6666666666666666,0.00012391796942464356,0.008247829398227175,0.012559920673588021,0.0,0.0,0.7576241413614649,False
2025-07-18 15:30:00+00:00,27.239999771118164,27.24880027770996,0.6666666666666666,0.6666666666666666,0.0001762639467388638,0.00021538195461919446,0.000587554271202384,0.0,0.0,0.7580692866616879,False
2025-07-18 16:30:00+00:00,27.25,27.270000457763672,1.0,0.6666666666666666,2.9352296316768424e-05,0.0007339617527952758,0.0007780225124647266,0.33333333333333337,0.00017956345889624944,0.7586590816327188,False
2025-07-18 17:30:00+00:00,27.274999618530273,27.280000686645508,1.0,1.0,0.00018332089045403066,0.0001833572203548961,0.0003667117240178097,0.0,0.0,0.7589372908124861,False
2025-07-18 18:30:00+00:00,27.290000915527344,27.415000915527344,1.0,1.0,0.00036657729582567633,0.004580432239153165,0.004948688617442798,0.0,0.0,0.7626930351448827,False
2025-07-18 19:30:00+00:00,27.415000915527344,27.350000381469727,1.0,1.0,0.0,-0.0023709842016018667,-0.0023709842016017557,0.0,0.0,0.7608847020078825,False
2025-07-21 13:30:00+00:00,27.559999465942383,28.31839942932129,1.0,1.0,0.007678211390992784,0.027518141439592858,0.03540764293764598,0.0,0.0,0.7878258358532948,False
2025-07-21 14:30:00+00:00,28.319900512695312,28.170000076293945,1.0,1.0,5.300735226110298e-05,-0.005293113100244495,-0.005240386321893942,0.0,0.0,0.7836973241190546,False
2025-07-21 15:30:00+00:00,28.165000915527344,27.85650062561035,1.0,1.0,-0.00017746399549389835,-0.010953320784268694,-0.011128840959692243,0.0,0.0,0.7749756812383972,False
2025-07-21 16:30:00+00:00,27.850000381469727,28.045000076293945,0.6666666666666666,1.0,-0.00023334747705705539,0.004667856185595435,0.006766802952639761,0.33333333333333337,0.00018349672390454946,0.7802197889664252,False
2025-07-21 17:30:00+00:00,28.042699813842773,28.084999084472656,1.0,0.6666666666666666,-5.468027443781646e-05,0.0015083879551782697,0.0014262438249206255,0.33333333333333337,0.00018427985893737506,0.7813325726225194,False
2025-07-21 18:30:00+00:00,28.079999923706055,27.719999313354492,1.0,1.0,-0.00017800110128418645,-0.012820534591513222,-0.012996253623521081,0.0,0.0,0.771178176344399,False
2025-07-21 19:30:00+00:00,27.719999313354492,27.459999084472656,1.0,1.0,0.0,-0.009379517868767673,-0.009379517868767673,0.0,0.0,0.7639448968593731,False
2025-07-22 13:30:00+00:00,27.1200008392334,25.934999465942383,0.6666666666666666,1.0,-0.01238158254096633,-0.029129826367279527,-0.05553531206752982,0.33333333333333337,0.0001804103989054028,0.7215189786098909,False
2025-07-22 14:30:00+00:00,25.934999465942383,26.29990005493164,0.6666666666666666,0.6666666666666666,0.0,0.009379875239466557,0.014069812859199837,0.0,0.0,0.731670615613293,False
2025-07-22 15:30:00+00:00,26.290700912475586,26.099899291992188,0.6666666666666666,0.6666666666666666,-0.00023318573928269673,-0.0048382536755383985,-0.007604620645771276,0.0,0.0,0.726106538143896,False
2025-07-22 16:30:00+00:00,26.09000015258789,26.209999084472656,1.0,0.6666666666666666,-0.0002528525568508873,0.0045994224293963715,0.004218399130538009,0.33333333333333337,0.00017362790713586071,0.7291695453330802,False
2025-07-22 17:30:00+00:00,26.219999313354492,26.174999237060547,1.0,1.0,0.0003815425116806548,-0.0017162500942944359,-0.0013353624049854407,0.0,0.0,0.728195839735382,False
2025-07-22 18:30:00+00:00,26.170000076293945,26.38249969482422,1.0,1.0,-0.0001909899106902202,0.008119970115046504,0.007927429371989314,0.0,0.0,0.7339685608238607,False
2025-07-22 19:30:00+00:00,26.3799991607666,26.299999237060547,1.0,1.0,-9.478002791785123e-05,-0.0030325976592536774,-0.0031270902574807025,0.0,0.0,0.7316733748880113,False
2025-07-23 13:30:00+00:00,25.59000015258789,25.309900283813477,0.6666666666666666,1.0,-0.026996163690840125,-0.007297117809150322,-0.037646349124294876,0.33333333333333337,0.00017495268573600734,0.7041285435720261,False
2025-07-23 14:30:00+00:00,25.30500030517578,25.334999084472656,0.0,0.6666666666666666,-0.0001290661910358833,0.0,0.0009916594051233574,0.6666666666666666,0.0003378476505078541,0.7048267992646752,False
2025-07-23 15:30:00+00:00,25.334999084472656,25.485000610351562,0.0,0.0,0.0,0.0,0.005920723556324781,0.0,0.0,0.7089998838982106,False
2025-07-23 16:30:00+00:00,25.479999542236328,25.514999389648438,0.0,0.0,-0.0,0.0,0.0011771151100028465,0.0,0.0,0.7098344583745374,False
2025-07-23 17:30:00+00:00,25.510700225830078,25.66990089416504,0.0,0.0,-0.0,0.0,0.00607099777472242,0.0,0.0,0.7141438617917505,False
2025-07-23 18:30:00+00:00,25.670000076293945,25.609699249267578,0.0,0.0,0.0,-0.0,-0.002345223113469297,0.0,0.0,0.7124690351007342,False
2025-07-23 19:30:00+00:00,25.600000381469727,25.79990005493164,0.0,0.0,-0.0,0.0,0.007426905088294022,0.0,0.0,0.7177604750027758,False
2025-07-24 13:30:00+00:00,25.65999984741211,25.32990074157715,0.6666666666666666,0.0,-0.0,-0.008576230392255264,-0.01821709821952011,0.6666666666666666,0.00033769142991495004,0.7046849619315608,False
2025-07-24 14:30:00+00:00,25.321199417114258,25.616500854492188,0.6666666666666666,0.6666666666666666,-0.000229013253326249,0.007774814363081065,0.011314695459686774,0.0,0.0,0.7126582576708375,False
2025-07-24 15:30:00+00:00,25.6200008392334,25.520000457763672,0.6666666666666666,0.6666666666666666,9.108672468816081e-05,-0.0026021435907888817,-0.003767118595808916,0.0,0.0,0.7099735894959088,False
2025-07-24 16:30:00+00:00,25.51849937438965,25.55500030517578,0.6666666666666666,0.6666666666666666,-3.921325358143453e-05,0.0009535809100844617,0.0013714673504821029,0.0,0.0,0.7109472950936071,False
2025-07-24 17:30:00+00:00,25.559999465942383,25.6299991607666,0.6666666666666666,0.6666666666666666,0.00013041572313055028,0.001825761509828124,0.002934801592455072,0.0,0.0,0.7130337843473994,False
2025-07-24 18:30:00+00:00,25.62929916381836,25.658721923828125,0.6666666666666666,0.6666666666666666,-1.820775058295846e-05,0.0007653417760066598,0.0011206696840431185,0.0,0.0,0.7138328596932161,False
2025-07-24 19:30:00+00:00,25.65999984741211,25.610000610351562,0.6666666666666666,0.6666666666666666,3.3203097898522785e-05,-0.0012990188973205363,-0.0018988207448991101,0.0,0.0,0.7124774190508399,False
2025-07-25 13:30:00+00:00,25.165000915527344,25.325000762939453,0.0,0.6666666666666666,-0.011584008439899558,0.0,-0.011128459219829634,0.6666666666666666,0.00033715230466157756,0.7045486431478832,False
2025-07-25 14:30:00+00:00,25.329999923706055,25.200000762939453,0.0,0.0,0.0,-0.0,-0.004935834007275708,0.0,0.0,0.701071107995254,False
2025-07-25 15:30:00+00:00,25.200000762939453,25.510000228881836,0.0,0.0,0.0,0.0,0.012301565736390296,0.0,0.0,0.7096953803161415,False
2025-07-25 16:30:00+00:00,25.500099182128906,25.454999923706055,0.0,0.0,-0.0,-0.0,-0.002156029191779929,0.0,0.0,0.7081652563589086,False
2025-07-25 17:30:00+00:00,25.452999114990234,25.540000915527344,0.0,0.0,-0.0,0.0,0.0033392650589689765,0.0,0.0,0.7105300078554437,False
2025-07-25 18:30:00+00:00,25.549299240112305,25.5,0.0,0.0,0.0,-0.0,-0.001566206503267109,0.0,0.0,0.7094171711363741,False
2025-07-25 19:30:00+00:00,25.4950008392334,25.579999923706055,0.0,0.0,-0.0,0.0,0.0031372519100414387,0.0,0.0,0.711642791511538,False
2025-07-28 13:30:00+00:00,26.3799991607666,26.80500030517578,0.0,0.0,0.0,0.0,0.047888990817958055,0.0,0.0,0.7457226466199001,False
2025-07-28 14:30:00+00:00,26.80500030517578,26.689899444580078,0.6666666666666666,0.0,0.0,-0.0028626713743773458,-0.00429400706156613,0.6666666666666666,0.0003331343454172924,0.7425205083093445,False
2025-07-28 15:30:00+00:00,26.68670082092285,26.90999984741211,0.6666666666666666,0.6666666666666666,-7.989598371893614e-05,0.005578284804047169,0.008246580444750462,0.0,0.0,0.7486437634129944,False
2025-07-28 16:30:00+00:00,26.920000076293945,26.81999969482422,1.0,0.6666666666666666,0.0002477450498833041,-0.0037147244125674828,-0.00334448729461978,0.33333333333333337,0.00016694774725641018,0.7461399338580633,False
2025-07-28 17:30:00+00:00,26.81999969482422,26.937599182128906,1.0,1.0,0.0,0.004384768405772288,0.004384768405772288,0.0,0.0,0.7494115846663292,False
2025-07-28 18:30:00+00:00,26.940000534057617,26.952499389648438,1.0,1.0,8.914498699286177e-05,0.00046395157175371793,0.0005531379177032836,0.0,0.0,0.7498261126297743,False
2025-07-28 19:30:00+00:00,26.959999084472656,26.959999084472656,1.0,1.0,0.00027825600571573794,0.0,0.00027825600571573794,0.0,0.0,0.750034756248856,False
2025-07-29 13:30:00+00:00,27.40999984741211,27.854999542236328,0.6666666666666666,1.0,0.01669142352451436,0.010823293136360768,0.03319734748355896,0.33333333333333337,0.00016720940570644745,0.7749339206767957,False
2025-07-29 14:30:00+00:00,27.850000381469727,26.73819923400879,1.0,0.6666666666666666,-0.00011964724104007729,-0.03992104604065594,-0.04009335223768873,0.33333333333333337,0.00017178225689320928,0.7438642220341678,False
2025-07-29 15:30:00+00:00,26.729999542236328,27.020000457763672,0.6666666666666666,1.0,-0.0003066658192161231,0.00723284500545566,0.010539274589459025,0.33333333333333337,0.0001648753458575619,0.7517040113274602,False
2025-07-29 16:30:00+00:00,27.020700454711914,27.375,0.6666666666666666,0.6666666666666666,1.727108157867363e-05,0.008741435006638968,0.013138398823909991,0.0,0.0,0.7615801984258134,False
2025-07-29 17:30:00+00:00,27.375,27.385000228881836,0.6666666666666666,0.6666666666666666,0.0,0.00024353677642219296,0.00036530516463328944,0.0,0.0,0.7618584076055808,False
2025-07-29 18:30:00+00:00,27.38010025024414,27.260000228881836,0.6666666666666666,0.6666666666666666,-0.0001192861930920941,-0.0029242654400978285,-0.004564542594678089,0.0,0.0,0.7583808724529515,False
2025-07-29 19:30:00+00:00,27.260000228881836,27.065000534057617,0.6666666666666666,0.6666666666666666,0.0,-0.004768884646293732,-0.007153326969440599,0.0,0.0,0.7529559261049259,False
2025-07-30 13:30:00+00:00,27.75,27.864999771118164,0.6666666666666666,0.6666666666666666,0.0168729466697628,0.002762757264100024,0.029558441576746253,0.0,0.0,0.7752121298565632,False
2025-07-30 14:30:00+00:00,27.864999771118164,27.500699996948242,1.0,0.6666666666666666,0.0,-0.01307374043288223,-0.01307374043288223,0.33333333333333337,0.00016944145725241263,0.7650772076903967,False
2025-07-30 15:30:00+00:00,27.5,27.864999771118164,1.0,1.0,-2.5453786569817893e-05,0.01327271894975146,0.01324692732222621,0.0,0.0,0.7752121298565631,False
2025-07-30 16:30:00+00:00,27.860000610351562,27.915000915527344,1.0,1.0,-0.0001794064528141126,0.0019741674074245097,0.001794406776238544,0.0,0.0,0.7766031757554,False
2025-07-30 17:30:00+00:00,27.915000915527344,28.024999618530273,1.0,1.0,0.0,0.003940487171603335,0.003940487171603335,0.0,0.0,0.7796633706068906,False
2025-07-30 18:30:00+00:00,28.024999618530273,27.200000762939453,1.0,1.0,0.0,-0.029437961349527586,-0.029437961349527586,0.0,0.0,0.7567116704373226,False
2025-07-30 19:30:00+00:00,27.200000762939453,27.6299991607666,0.6666666666666666,1.0,0.0,0.010539176121716102,0.015808764182574153,0.33333333333333337,0.0001653699142260081,0.768674346789468,False
2025-07-31 13:30:00+00:00,26.700000762939453,26.309999465942383,1.0,0.6666666666666666,-0.022439339512001794,-0.014606789732321102,-0.04777414892934784,0.33333333333333337,0.00016708521522489807,0.7319515840677788,False
2025-07-31 14:30:00+00:00,26.315000534057617,25.809900283813477,0.6666666666666666,1.0,0.0001900824103666654,-0.012796256634194295,-0.019007951055881822,0.33333333333333337,0.00016086750721099017,0.7180386841825434,False
2025-07-31 15:30:00+00:00,25.809999465942383,26.11989974975586,0.6666666666666666,0.6666666666666666,2.561862639656927e-06,0.00800465685718447,0.012010874220106826,0.0,0.0,0.7266629565034309,False
2025-07-31 16:30:00+00:00,26.11009979248047,25.2549991607666,0.6666666666666666,0.6666666666666666,-0.0002501274856662553,-0.021833202183831592,-0.033112707065322544,0.0,0.0,0.7026011788895116,False
2025-07-31 17:30:00+00:00,25.260000228881836,24.860000610351562,0.6666666666666666,0.6666666666666666,0.00013201526513354858,-0.010556865001474309,-0.015640410356008494,0.0,0.0,0.6916122081350643,False
2025-07-31 18:30:00+00:00,24.850000381469727,24.969999313354492,0.0,0.6666666666666666,-0.0002681745410650175,0.0,0.004424726480381835,0.6666666666666666,0.00030983444313477105,0.6946724029865549,False
2025-07-31 19:30:00+00:00,24.979999542236328,24.975000381469727,0.0,0.0,0.0,-0.0,0.0002002830697940272,0.0,0.0,0.6948115341079262,False
2025-08-01 13:30:00+00:00,23.43000030517578,23.759300231933594,0.0,0.0,-0.0,0.0,-0.04867668192061869,0.0,0.0,0.6609904140673776,False
2025-08-01 14:30:00+00:00,23.729999542236328,23.655000686645508,0.0,0.0,-0.0,-0.0,-0.004389840789498667,0.0,0.0,0.658088771386237,False
2025-08-01 15:30:00+00:00,23.649999618530273,24.610000610351562,0.0,0.0,-0.0,0.0,0.04037200997610624,0.0,0.0,0.6846571378298056,False
2025-08-01 16:30:00+00:00,24.620100021362305,23.680099487304688,0.0,0.0,0.0,-0.0,-0.037785497764503795,0.0,0.0,0.6587870270788859,False
2025-08-01 17:30:00+00:00,23.68000030517578,23.915000915527344,0.0,0.0,-0.0,0.0,0.009919782150771494,0.0,0.0,0.6653220508712628,False
2025-08-01 18:30:00+00:00,23.915000915527344,23.975000381469727,0.0,0.0,0.0,0.0,0.0025088632090926044,0.0,0.0,0.6669912528868918,False
2025-08-01 19:30:00+00:00,23.975000381469727,24.065000534057617,0.0,0.0,0.0,0.0,0.003753916627982745,0.0,0.0,0.6694950824418229,False
2025-08-04 13:30:00+00:00,24.59000015258789,24.86520004272461,0.0,0.0,0.0,0.0,0.0332515890674725,0.0,0.0,0.691756857805872,False
2025-08-04 14:30:00+00:00,24.868499755859375,24.819900512695312,0.0,0.0,0.0,-0.0,-0.001821804367206581,0.0,0.0,0.6904966121412762,False
2025-08-04 15:30:00+00:00,24.809999465942383,25.079999923706055,0.0,0.0,-0.0,0.0,0.010479470329774365,0.0,0.0,0.6977326509010204,False
2025-08-04 16:30:00+00:00,25.08880043029785,25.124799728393555,0.0,0.0,0.0,0.0,0.0017862761094011859,0.0,0.0,0.6989789940660741,False
2025-08-04 17:30:00+00:00,25.1299991607666,25.059999465942383,0.0,0.0,0.0,-0.0,-0.0025791354817422674,0.0,0.0,0.6971762325414858,False
2025-08-04 18:30:00+00:00,25.059999465942383,24.90999984741211,0.0,0.0,0.0,-0.0,-0.005985619382559371,0.0,0.0,0.6930032009709257,False
2025-08-04 19:30:00+00:00,24.920000076293945,25.059999465942383,0.0,0.0,0.0,0.0,0.006021662763914248,0.0,0.0,0.6971762325414858,False
2025-08-05 13:30:00+00:00,25.420000076293945,24.649999618530273,0.0,0.0,0.0,-0.0,-0.01636072849759307,0.0,0.0,0.6857699214858997,False
2025-08-05 14:30:00+00:00,24.649999618530273,24.15999984741211,0.0,0.0,0.0,-0.0,-0.019878287168402675,0.0,0.0,0.67213799005515,False
2025-08-05 15:30:00+00:00,24.149999618530273,24.520000457763672,0.0,0.0,-0.0,0.0,0.014900687608660146,0.0,0.0,0.6821533082748744,False
2025-08-05 16:30:00+00:00,24.510000228881836,24.55190086364746,0.0,0.0,-0.0,0.0,0.0013009953217064663,0.0,0.0,0.6830407865376266,False
2025-08-05 17:30:00+00:00,24.55500030517578,24.649999618530273,0.0,0.0,0.0,0.0,0.003995566592893018,0.0,0.0,0.6857699214858997,False
2025-08-05 18:30:00+00:00,24.645000457763672,24.681499481201172,0.0,0.0,-0.0,0.0,0.0012778849151469096,0.0,0.0,0.6866462565238279,False
2025-08-05 19:30:00+00:00,24.690000534057617,24.5,0.0,0.0,0.0,-0.0,-0.0073536650939466375,0.0,0.0,0.6815968899153395,False
2025-08-06 13:30:00+00:00,23.84000015258789,23.209999084472656,0.0,0.0,-0.0,-0.0,-0.05265309859295275,0.0,0.0,0.6457087016699772,False
2025-08-06 14:30:00+00:00,23.21500015258789,23.4950008392334,0.0,0.0,0.0,0.0,0.012279266092319885,0.0,0.0,0.6536375306359092,False
2025-08-06 15:30:00+00:00,23.4950008392334,23.530000686645508,0.0,0.0,0.0,0.0,0.0014896721073389685,0.0,0.0,0.6546112362336075,False
2025-08-06 16:30:00+00:00,23.521499633789062,23.719900131225586,0.0,0.0,-0.0,0.0,0.008070524396025958,0.0,0.0,0.6598942921855435,False
2025-08-06 17:30:00+00:00,23.71179962158203,23.885000228881836,0.0,0.0,-0.0,0.0,0.006960404417508892,0.0,0.0,0.6644874233319606,False
2025-08-06 18:30:00+00:00,23.889999389648438,23.969999313354492,0.0,0.0,0.0,0.0,0.003558680496468014,0.0,0.0,0.6668521217655203,False
2025-08-06 19:30:00+00:00,23.968799591064453,23.950000762939453,0.0,0.0,-0.0,-0.0,-0.0008343158526458172,0.0,0.0,0.6662957564689609,False
2025-08-07 13:30:00+00:00,25.479999542236328,25.239999771118164,0.0,0.0,0.0,-0.0,0.053862169815663385,0.0,0.0,0.702183891651348,False
2025-08-07 14:30:00+00:00,25.239999771118164,25.049999237060547,0.6666666666666666,0.0,0.0,-0.005018503322255248,-0.007527754983382873,0.6666666666666666,0.0003096480752774656,0.6968980233617184,False
2025-08-07 15:30:00+00:00,25.042600631713867,25.24970054626465,0.6666666666666666,0.6666666666666666,-0.0001969023438993152,0.005513269637246557,0.007972108394664223,0.0,0.0,0.7024537699439852,False
2025-08-07 16:30:00+00:00,25.25,24.895000457763672,0.6666666666666666,0.6666666666666666,7.906463017330148e-06,-0.009372925207559835,-0.014047694856858306,0.0,0.0,0.6925859137327623,False
2025-08-07 17:30:00+00:00,24.899999618530273,24.741500854492188,0.6666666666666666,0.6666666666666666,0.00013387321884383852,-0.0042436082052556365,-0.006165880716969996,0.0,0.0,0.6883155116024324,False
2025-08-07 18:30:00+00:00,24.739999771118164,24.79990005493164,0.6666666666666666,0.6666666666666666,-4.044711172671948e-05,0.001614127846069587,0.002360374206193283,0.0,0.0,0.6899401937817415,False
2025-08-07 19:30:00+00:00,24.795000076293945,25.139999389648438,0.6666666666666666,0.6666666666666666,-0.00013172038669084785,0.009276045232047725,0.013713738118439123,0.0,0.0,0.6994018529166495,False
2025-08-08 13:30:00+00:00,25.15999984741211,25.508800506591797,0.6666666666666666,0.6666666666666666,0.0005303754507887485,0.009242200882222088,0.014669893631549469,0.0,0.0,0.7096620037046453,False
2025-08-08 14:30:00+00:00,25.510000228881836,25.700000762939453,0.6666666666666666,0.6666666666666666,3.135446764031731e-05,0.004965386968584469,0.00749546245023347,0.0,0.0,0.7149812486057708,False
2025-08-08 15:30:00+00:00,25.69499969482422,25.728500366210938,0.6666666666666666,0.6666666666666666,-0.0001297293895400712,0.0008691878260257783,0.0011089339465149006,0.0,0.0,0.7157741155834714,False
2025-08-08 16:30:00+00:00,25.72209930419922,25.470199584960938,0.6666666666666666,0.6666666666666666,-0.00016586177249896156,-0.006528749623925097,-0.010039480637170195,0.0,0.0,0.7085881152094835,False
2025-08-08 17:30:00+00:00,25.469999313354492,25.6299991607666,0.6666666666666666,0.6666666666666666,-5.2419850049556516e-06,0.004187929635533086,0.006273982081397511,0.0,0.0,0.7130337843473991,False
2025-08-08 18:30:00+00:00,25.625,25.689899444580078,0.6666666666666666,0.6666666666666666,-0.00013003409885015138,0.0016884408346036217,0.0023371161051448652,0.0,0.0,0.7147002270883097,False
2025-08-08 19:30:00+00:00,25.684999465942383,25.719999313354492,0.6666666666666666,0.6666666666666666,-0.00012715707323714592,0.0009084380803282184,0.001171661603399654,0.0,0.0,0.7155376139023301,False
2025-08-11 13:30:00+00:00,26.030000686645508,26.75,1.0,0.6666666666666666,0.008035287236057767,0.02766036474689315,0.04004668406467271,0.33333333333333337,0.00015674445459984825,0.7441925226626664,False
2025-08-11 14:30:00+00:00,26.75,26.53499984741211,1.0,1.0,0.0,-0.008037388881790286,-0.008037388881790286,0.0,0.0,0.7382111579551061,False
2025-08-11 15:30:00+00:00,26.530000686645508,26.489999771118164,1.0,1.0,-0.0001883987486470673,-0.0015077615715056725,-0.0016958762597594212,0.0,0.0,0.7369592431776405,False
2025-08-11 16:30:00+00:00,26.4950008392334,26.24810028076172,1.0,1.0,0.00018879079495826012,-0.009318760167996376,-0.009131728669178218,0.0,0.0,0.7302295313286994,False
2025-08-11 17:30:00+00:00,26.2450008392334,25.990100860595703,1.0,1.0,-0.00011808250864508985,-0.009712325032836255,-0.00982926068577672,0.0,0.0,0.723051914904817,False
2025-08-11 18:30:00+00:00,26.0,25.868499755859375,1.0,1.0,0.00038088114614831525,-0.005057701697716355,-0.0046787469347874255,0.0,0.0,0.7196689379742639,False
2025-08-11 19:30:00+00:00,25.860000610351562,25.610000610351562,1.0,1.0,-0.00032855192949055034,-0.00966743983369922,-0.009992815507179231,0.0,0.0,0.7124774190508395,False
2025-08-12 13:30:00+00:00,26.209999084472656,27.09000015258789,1.0,1.0,0.023428288161718047,0.033575013309961044,0.05778990655853833,0.0,0.0,0.7536514225228561,False
2025-08-12 14:30:00+00:00,27.09760093688965,27.650100708007812,1.0,1.0,0.0002805752771850578,0.020389250413899607,0.020675546410671153,0.0,0.0,0.7692335774866957,False
2025-08-12 15:30:00+00:00,27.649999618530273,27.771499633789062,1.0,1.0,-3.656025654552586e-06,0.0043942139940342795,0.004390541903020573,0.0,0.0,0.7726109297418615,False
2025-08-12 16:30:00+00:00,27.766700744628906,27.739999771118164,1.0,1.0,-0.00017279906463230077,-0.0009616185140723932,-0.0011342514119248026,0.0,0.0,0.7717345947039332,False
2025-08-12 17:30:00+00:00,27.739999771118164,27.8799991607666,1.0,1.0,0.0,0.005046841773740818,0.005046841773740818,0.0,0.0,0.775629417094726,False
2025-08-12 18:30:00+00:00,27.8799991607666,27.915000915527344,1.0,1.0,0.0,0.0012554431784201903,0.0012554431784201903,0.0,0.0,0.7766031757553996,False
2025-08-12 19:30:00+00:00,27.90999984741211,28.045000076293945,1.0,1.0,-0.00017915342830787662,0.004836984221422425,0.004656964230808747,0.0,0.0,0.780219788966425,False
2025-08-13 13:30:00+00:00,28.649999618530273,28.834999084472656,1.0,1.0,0.021572456430396958,0.006457224028119324,0.0281689786425241,0.0,0.0,0.8021977835382949,False
2025-08-13 14:30:00+00:00,28.83810043334961,28.690000534057617,1.0,1.0,0.00010755501908876752,-0.005135563614333094,-0.0050285609508868845,0.0,0.0,0.7981638830891061,False
2025-08-13 15:30:00+00:00,28.69499969482422,28.709999084472656,1.0,1.0,0.00017424749646366422,0.0005227178884110728,0.0006970564671582302,0.0,0.0,0.7987202483856655,False
2025-08-13 16:30:00+00:00,28.709999084472656,29.028499603271484,1.0,1.0,0.0,0.01109371400053738,0.01109371400053738,0.0,0.0,0.8075810223876942,False
2025-08-13 17:30:00+00:00,29.020000457763672,28.93000030517578,1.0,1.0,-0.00029278624882334015,-0.003101314650869158,-0.0033931928774094677,0.0,0.0,0.8048407442145973,False
2025-08-13 18:30:00+00:00,28.93000030517578,29.18000030517578,1.0,1.0,0.0,0.008641548474345173,0.008641548474345173,0.0,0.0,0.8117958145198557,False
2025-08-13 19:30:00+00:00,29.174999237060547,29.260000228881836,1.0,1.0,-0.0001713868424582099,0.002913487370834744,0.0027416011949754626,0.0,0.0,0.8140214348950194,False
2025-08-14 13:30:00+00:00,28.139999389648438,28.600000381469727,1.0,1.0,-0.038277540344236693,0.0163468728428795,-0.022556385586102734,0.0,0.0,0.7956600535341748,False
2025-08-14 14:30:00+00:00,28.60930061340332,28.521499633789062,1.0,1.0,0.00032518293040362245,-0.0030689663057726912,-0.0027447813508256758,0.0,0.0,0.7934761406576373,False
2025-08-14 15:30:00+00:00,28.520000457763672,28.350000381469727,1.0,1.0,-5.2563015431883464e-05,-0.0059607318921928165,-0.006012981593582212,0.0,0.0,0.7887049832289162,False
2025-08-14 16:30:00+00:00,28.345800399780273,28.80500030517578,1.0,1.0,-0.000148147500280027,0.01619992728796138,0.016049379808948938,0.0,0.0,0.8013632090619678,False
2025-08-14 17:30:00+00:00,28.800199508666992,28.735000610351562,1.0,1.0,-0.00016666538649290352,-0.002263834953497801,-0.0024301230370631366,0.0,0.0,0.7994157978665715,False
2025-08-14 18:30:00+00:00,28.725000381469727,28.96500015258789,1.0,1.0,-0.00034801561403952075,0.008355083304820043,0.008004159991333859,0.0,0.0,0.8058144498122953,False
2025-08-14 19:30:00+00:00,28.959999084472656,29.360000610351562,1.0,1.0,-0.0001726590053129362,0.013812207821973788,0.013637164014597136,0.0,0.0,0.816803473629718,False
2025-08-15 13:30:00+00:00,28.709999084472656,27.764999389648438,1.0,1.0,-0.022139016088771224,-0.032915350921599584,-0.054325653526749895,0.0,0.0,0.7724300911218641,False
2025-08-15 14:30:00+00:00,27.770000457763672,27.559999465942383,1.0,1.0,0.00018012131190969782,-0.007562152983781378,-0.007383393776788094,0.0,0.0,0.7667269355940711,False
2025-08-15 15:30:00+00:00,27.559999465942383,27.145000457763672,1.0,1.0,0.0,-0.015058019456479,-0.015058019456479,0.0,0.0,0.7551815464800891,False
2025-08-15 16:30:00+00:00,27.149999618530273,27.30500030517578,0.6666666666666666,1.0,0.00018416506473739602,0.003806032874728989,0.005894265784267105,0.33333333333333337,0.00016454445627060867,0.7596327872304166,False
2025-08-15 17:30:00+00:00,27.30500030517578,27.479900360107422,0.6666666666666666,0.6666666666666666,0.0,0.0042702814619266505,0.006405422192889976,0.0,0.0,0.7644985559441891,False
2025-08-15 18:30:00+00:00,27.469999313354492,27.399900436401367,1.0,0.6666666666666666,-0.00024020093773224893,-0.002551833953597704,-0.002911215930833211,0.33333333333333337,0.0001658789348948129,0.7622729355690254,False
2025-08-15 19:30:00+00:00,27.399999618530273,27.309999465942383,1.0,1.0,3.619798879750391e-06,-0.0032846771474779324,-0.0032810692384688256,0.0,0.0,0.7597718652888126,False
2025-08-18 13:30:00+00:00,27.100000381469727,27.40999984741211,0.6666666666666666,1.0,-0.007689457655776999,0.007626063015466459,0.0036616764344661323,0.33333333333333337,0.00016484550063126173,0.762553904023511,False
2025-08-18 14:30:00+00:00,27.399999618530273,27.440099716186523,0.6666666666666666,0.6666666666666666,-0.0002432258041470773,0.0009756714894047687,0.0010981345838005918,0.0,0.0,0.7633912908375313,False
2025-08-18 15:30:00+00:00,27.440000534057617,27.437400817871094,0.6666666666666666,0.6666666666666666,-2.4096639573330707e-06,-6.316122779215227e-05,-9.83559951800439e-05,0.0,0.0,0.7633162067274092,False
2025-08-18 16:30:00+00:00,27.430700302124023,27.47800064086914,0.6666666666666666,0.6666666666666666,-0.00016280734927113608,0.0011495717869429711,0.0014797255493530503,0.0,0.0,0.764445705220739,False
2025-08-18 17:30:00+00:00,27.475000381469727,27.44499969482422,0.0,0.6666666666666666,-7.279179293588159e-05,-0.0,-0.001200995169781005,0.6666666666666666,0.0003301604177232253,0.763527609621209,False
2025-08-18 18:30:00+00:00,27.440099716186523,27.429800033569336,0.6666666666666666,0.0,-0.0,-0.00025023433402737716,-0.0005538226060810558,0.6666666666666666,0.00033002633128188834,0.7631047507706338,False
2025-08-18 19:30:00+00:00,27.424999237060547,27.520000457763672,0.0,0.6666666666666666,-0.00011668079978499613,0.0,0.003288409834703465,0.6666666666666666,0.00032983373858557456,0.7656141519379769,False
2025-08-19 13:30:00+00:00,27.56999969482422,27.219999313354492,0.6666666666666666,0.0,0.0,-0.008463314843281925,-0.010901204194004532,0.6666666666666666,0.00032968530874163184,0.7572680357338814,False
2025-08-19 14:30:00+00:00,27.225000381469727,27.060100555419922,0.6666666666666666,0.6666666666666666,0.00012248513939239203,-0.004037950994533708,-0.005874311607940497,0.0,0.0,0.7528196073212475,False
2025-08-19 15:30:00+00:00,27.069900512695312,26.75349998474121,0.6666666666666666,0.6666666666666666,0.00024143682825128465,-0.007792185464583046,-0.01133035592572107,0.0,0.0,0.7442898932224362,False
2025-08-19 16:30:00+00:00,26.7549991607666,26.446800231933594,0.6666666666666666,0.6666666666666666,3.7357754468114734e-05,-0.007679535002812932,-0.011463911375429126,0.0,0.0,0.7357574198489066,False
2025-08-19 17:30:00+00:00,26.440000534057617,26.38990020751953,0.6666666666666666,0.6666666666666666,-0.000171405685283806,-0.0012632457268309711,-0.0021514899312982116,0.0,0.0,0.7341744451682237,False
2025-08-19 18:30:00+00:00,26.3799991607666,26.336599349975586,0.6666666666666666,0.6666666666666666,-0.0002501221218489391,-0.0010967857511171204,-0.0020197445660955493,0.0,0.0,0.732691600322029,False
2025-08-19 19:30:00+00:00,26.34000015258789,26.25,0.6666666666666666,0.6666666666666666,8.608559181870015e-05,-0.0022779081768291576,-0.003288175091430978,0.0,0.0,0.7302823820521493,False
2025-08-20 13:30:00+00:00,26.110000610351562,24.25,0.6666666666666666,0.6666666666666666,-0.0035555400545634885,-0.047491397085966794,-0.07619047619047614,0.0,0.0,0.6746418196100809,False
2025-08-20 14:30:00+00:00,24.25,24.96500015258789,0.6666666666666666,0.6666666666666666,0.0,0.01965636158317219,0.029484542374758282,0.0,0.0,0.6945333249281583,False
2025-08-20 15:30:00+00:00,24.959999084472656,25.25,0.6666666666666666,0.6666666666666666,-0.000133548783888567,0.007745751233026491,0.011415976193477562,0.0,0.0,0.702462100831115,False
2025-08-20 16:30:00+00:00,25.2549991607666,24.90999984741211,0.6666666666666666,0.6666666666666666,0.00013199104334260525,-0.009107089680431649,-0.013465352577738177,0.0,0.0,0.6930032009709254,False
2025-08-20 17:30:00+00:00,24.90999984741211,24.864999771118164,0.6666666666666666,0.6666666666666666,0.0,-0.0012043376574225975,-0.0018065064861338964,0.0,0.0,0.6917512861934598,False
2025-08-20 18:30:00+00:00,24.860000610351562,25.409900665283203,0.6666666666666666,0.6666666666666666,-0.00013403474261330928,0.014746581963817135,0.021914373584590363,0.0,0.0,0.7069105823067242,False
2025-08-20 19:30:00+00:00,25.399999618530273,25.760000228881836,0.6666666666666666,0.6666666666666666,-0.00025976873826608993,0.009448835059271113,0.01377807682959431,0.0,0.0,0.7166504506213995,False
2025-08-21 13:30:00+00:00,25.399999618530273,25.889999389648438,0.6666666666666666,0.6666666666666666,-0.009316785899402102,0.012860886574205328,0.0050465512271560264,0.0,0.0,0.7202670638324249,False
2025-08-21 14:30:00+00:00,25.889999389648438,25.459999084472656,0.6666666666666666,0.6666666666666666,0.0,-0.011072494278690687,-0.016608741418036033,0.0,0.0,0.7083043344173041,False
2025-08-21 15:30:00+00:00,25.454999923706055,25.08989906311035,0.6666666666666666,0.6666666666666666,-0.00013090235523353458,-0.00956199467530901,-0.014536529248660446,0.0,0.0,0.698008047743094,False
2025-08-21 16:30:00+00:00,25.079999923706055,25.09000015258789,0.0,0.6666666666666666,-0.00026303120044168793,0.0,4.029090642676536e-06,0.6666666666666666,0.0003097919563006731,0.6980108600807877,False
2025-08-21 17:30:00+00:00,25.084999084472656,25.30500030517578,0.6666666666666666,0.0,-0.0,0.005846820244037154,0.008569157085705159,0.6666666666666666,0.0003096072073650866,0.7039922247883481,False
2025-08-21 18:30:00+00:00,25.30500030517578,25.334999084472656,0.6666666666666666,0.6666666666666666,0.0,0.0007903254675648933,0.00118548820134734,0.0,0.0,0.704826799264675,False
2025-08-21 19:30:00+00:00,25.334999084472656,25.329999923706055,0.6666666666666666,0.6666666666666666,0.0,-0.00013154821254538854,-0.00019732231881819384,0.0,0.0,0.7046877212062789,False
2025-08-22 13:30:00+00:00,25.559999465942383,27.780099868774414,0.6666666666666666,0.6666666666666666,0.006053416052877717,0.05790559335470569,0.09672719907019567,0.0,0.0,0.7728501906977212,False
2025-08-22 14:30:00+00:00,27.799999237060547,27.90999984741211,1.0,0.6666666666666666,0.00047754491836797064,0.003956856596057712,0.004676008338750037,0.33333333333333337,0.00016572187069123758,0.7764640446340283,False
2025-08-22 15:30:00+00:00,27.90999984741211,27.610000610351562,1.0,1.0,0.0,-0.010748808265879095,-0.010748808265879095,0.0,0.0,0.7681179814929081,False
2025-08-22 16:30:00+00:00,27.610000610351562,27.99720001220703,1.0,1.0,0.0,0.014023882408401578,0.014023882408401578,0.0,0.0,0.7788899777411434,False
2025-08-22 17:30:00+00:00,28.0,27.843799591064453,1.0,1.0,0.00010000956494748969,-0.005578586033412436,-0.005479134380427131,0.0,0.0,0.7746223348855318,False
2025-08-22 18:30:00+00:00,27.850000381469727,27.657499313354492,1.0,1.0,0.0002226991465368311,-0.006912066983069676,-0.006690907147950731,0.0,0.0,0.7694394087680839,False
2025-08-22 19:30:00+00:00,27.655000686645508,27.433500289916992,1.0,1.0,-9.03417435059728e-05,-0.008009415701641154,-0.008099033860568206,0.0,0.0,0.7632076929428157,False
2025-08-25 13:30:00+00:00,27.350000381469727,27.325000762939453,0.6666666666666666,1.0,-0.003043720544766093,-0.0006093752146638653,-0.003955001214971388,0.33333333333333337,0.00016358795606828726,0.7601892055899513,False
2025-08-25 14:30:00+00:00,27.329999923706055,27.5049991607666,0.6666666666666666,0.6666666666666666,0.00012196793234571975,0.0042687946712787195,0.0065873153815709795,0.0,0.0,0.7651968116368382,False
2025-08-25 15:30:00+00:00,27.502399444580078,27.4950008392334,0.6666666666666666,0.6666666666666666,-6.301196790510961e-05,-0.00017934448135670245,-0.00036350924698325127,0.0,0.0,0.7649186555200461,False
2025-08-25 16:30:00+00:00,27.489999771118164,27.540000915527344,1.0,0.6666666666666666,-0.00012126005849758906,0.0018188848608762243,0.0016366639360030355,0.33333333333333337,0.00016363895260757748,0.7661705702975117,False
2025-08-25 17:30:00+00:00,27.530000686645508,27.375,1.0,1.0,-0.0003631165050614893,-0.005630246377752446,-0.005991318447426619,0.0,0.0,0.7615801984258128,False
2025-08-25 18:30:00+00:00,27.3700008392334,27.450000762939453,1.0,1.0,-0.0001826177448986943,0.002922905416625987,0.0027397538973317204,0.0,0.0,0.7636667407425806,False
2025-08-25 19:30:00+00:00,27.450000762939453,27.239999771118164,1.0,1.0,0.0,-0.007650309143335754,-0.007650309143335754,0.0,0.0,0.7578244540934161,False
2025-08-26 13:30:00+00:00,27.530000686645508,28.1200008392334,1.0,1.0,0.010646142362850775,0.02143117100880043,0.03230547266921335,0.0,0.0,0.7823063312831925,False
2025-08-26 14:30:00+00:00,28.11009979248047,27.795000076293945,1.0,1.0,-0.00035209980289596654,-0.011209484082685961,-0.011557637028445922,0.0,0.0,0.7732647186611662,False
2025-08-26 15:30:00+00:00,27.790000915527344,28.084999084472656,1.0,1.0,-0.00017985827497313256,0.010615263016435783,0.01043349549856809,0.0,0.0,0.781332572622519,False
2025-08-26 16:30:00+00:00,28.084999084472656,28.125,1.0,1.0,0.0,0.0014242804639954532,0.0014242804639954532,0.0,0.0,0.7824454093415886,False
2025-08-26 17:30:00+00:00,28.1299991607666,28.024999618530273,1.0,1.0,0.0001777479383680003,-0.0037326535858120957,-0.0035555691189236294,0.0,0.0,0.7796633706068901,False
2025-08-26 18:30:00+00:00,28.025999069213867,27.990100860595703,1.0,1.0,3.566282594813508e-05,-0.001280889524384432,-0.001245272378576412,0.0,0.0,0.7786924773468855,False
2025-08-26 19:30:00+00:00,27.989999771118164,27.959999084472656,1.0,1.0,-3.611615336573948e-06,-0.0010718359017802825,-0.0010754436460578276,0.0,0.0,0.7778550374698898,False
2025-08-27 13:30:00+00:00,27.610000610351562,27.594999313354492,1.0,1.0,-0.012517828525804964,-0.0005433283833918834,-0.01305435561766033,0.0,0.0,0.7677006411917694,False
2025-08-27 14:30:00+00:00,27.599899291992188,27.739999771118164,1.0,1.0,0.00017756763035414735,0.005076122838123087,0.005254591823580901,0.0,0.0,0.7717345947039335,False
2025-08-27 15:30:00+00:00,27.729999542236328,27.834999084472656,1.0,1.0,-0.00036049852070463295,0.003786496356640745,0.003424632809600814,0.0,0.0,0.7743775023172605,False
2025-08-27 16:30:00+00:00,27.836999893188477,28.065000534057617,1.0,1.0,7.188104119371097e-05,0.008190560827100235,0.008263030614334088,0.0,0.0,0.7807762073259596,False
2025-08-27 17:30:00+00:00,28.06999969482422,28.149900436401367,1.0,1.0,0.00017812794126026432,0.0028464817401434583,0.0030251167193360295,0.0,0.0,0.7831381464848012,False
2025-08-27 18:30:00+00:00,28.14430046081543,28.03580093383789,1.0,1.0,-0.0001989341169639225,-0.0038551154301597057,-0.004053282633139643,0.0,0.0,0.7799638662363052,False
2025-08-27 19:30:00+00:00,28.030000686645508,28.13800048828125,1.0,1.0,-0.00020688715853245387,0.0038530074559433025,0.0036453231596464963,0.0,0.0,0.7828070865815838,False
2025-08-28 13:30:00+00:00,28.40999984741211,28.229999542236328,1.0,1.0,0.009666620030237771,-0.006335808030360712,0.003269566151062886,0.0,0.0,0.7853665261346832,False
2025-08-28 14:30:00+00:00,28.225000381469727,28.249900817871094,1.0,1.0,-0.00017708681713302088,0.0008822120837850278,0.0007049690385219076,0.0,0.0,0.7859201852194996,False
2025-08-28 15:30:00+00:00,28.249900817871094,28.560100555419922,1.0,1.0,0.0,0.010980560234483905,0.010980560234483905,0.0,0.0,0.794550029152799,False
2025-08-28 16:30:00+00:00,28.559999465942383,28.510000228881836,1.0,1.0,-3.539535070706812e-06,-0.0017506735992824929,-0.0017542069377826097,0.0,0.0,0.7931562239792438,False
2025-08-28 17:30:00+00:00,28.510099411010742,28.58989906311035,1.0,1.0,3.4788540199670592e-06,0.002798995925941572,0.00280248451725984,0.0,0.0,0.7953790320167139,False
2025-08-28 18:30:00+00:00,28.58989906311035,28.684999465942383,1.0,1.0,0.0,0.003326363714055258,0.003326363714055258,0.0,0.0,0.7980247519677347,False
2025-08-28 19:30:00+00:00,28.684999465942383,28.510000228881836,1.0,1.0,0.0,-0.006100723037081535,-0.006100723037081535,0.0,0.0,0.7931562239792439,False
2025-08-29 13:30:00+00:00,27.200000762939453,26.429000854492188,1.0,1.0,-0.045948770797107796,-0.028345584074312535,-0.07299191012567963,0.0,0.0,0.7352622361629275,False
2025-08-29 14:30:00+00:00,26.43000030517578,26.434999465942383,0.0,1.0,3.7816438430482435e-05,0.0,0.00022697079935873887,1.0,0.00047109073003080834,0.7354291192204077,False
2025-08-29 15:30:00+00:00,26.440000534057617,26.2455997467041,0.0,0.0,0.0,-0.0,-0.007164733234903076,0.0,0.0,0.7301599657680137,False
2025-08-29 16:30:00+00:00,26.239999771118164,25.969999313354492,0.0,0.0,-0.0,-0.0,-0.010500824367110195,0.0,0.0,0.7224926842075886,False
2025-08-29 17:30:00+00:00,25.96969985961914,25.68000030517578,0.0,0.0,-0.0,-0.0,-0.011166692947488288,0.0,0.0,0.7144248302462358,False
2025-08-29 18:30:00+00:00,25.684999465942383,25.948299407958984,0.0,0.0,0.0,0.0,0.010447784252133552,0.0,0.0,0.7218889867370156,False
2025-08-29 19:30:00+00:00,25.949899673461914,26.03499984741211,0.0,0.0,0.0,0.0,0.0033412763622779895,0.0,0.0,0.7243010173445888,False
2025-09-02 13:30:00+00:00,24.079999923706055,24.700000762939453,0.0,0.0,-0.0,0.0,-0.051277092079774045,0.0,0.0,0.6871609673847363,False
2025-09-02 14:30:00+00:00,24.690000534057617,24.276199340820312,0.0,0.0,-0.0,-0.0,-0.017157951782536984,0.0,0.0,0.6753706926395076,False
2025-09-02 15:30:00+00:00,24.274999618530273,24.024999618530273,0.0,0.0,-0.0,-0.0,-0.010347572071038647,0.0,0.0,0.668382245722753,False
2025-09-02 16:30:00+00:00,24.020000457763672,24.470199584960938,0.0,0.0,-0.0,0.0,0.018530696087390774,0.0,0.0,0.680767833988449,False
2025-09-02 17:30:00+00:00,24.475000381469727,24.52989959716797,0.0,0.0,0.0,0.0,0.0024397027085845124,0.0,0.0,0.6824287051169478,False
2025-09-02 18:30:00+00:00,24.523700714111328,24.909900665283203,0.0,0.0,-0.0,0.0,0.015491342172436307,0.0,0.0,0.693000441696207,False
2025-09-02 19:30:00+00:00,24.905000686645508,25.240100860595703,0.0,0.0,-0.0,0.0,0.013255781295535174,0.0,0.0,0.7021867039890411,False
2025-09-03 13:30:00+00:00,25.40999984741211,25.024999618530273,0.0,0.0,0.0,-0.0,-0.008522202159708558,0.0,0.0,0.6962025269437871,False
2025-09-03 14:30:00+00:00,25.027299880981445,24.350200653076172,0.0,0.0,0.0,-0.0,-0.026964994035581502,0.0,0.0,0.6774294299571911,False
2025-09-03 15:30:00+00:00,24.34000015258789,24.485000610351562,0.0,0.0,-0.0,0.0,0.005535886919205479,0.0,0.0,0.6811796026771759,False
2025-09-03 16:30:00+00:00,24.489999771118164,24.54990005493164,0.0,0.0,0.0,0.0,0.0026505796594769038,0.0,0.0,0.6829851234764827,False
2025-09-03 17:30:00+00:00,24.540000915527344,24.2549991607666,0.0,0.0,-0.0,-0.0,-0.012012305284550329,0.0,0.0,0.6747808976684768,False
2025-09-03 18:30:00+00:00,24.259899139404297,24.415000915527344,0.0,0.0,0.0,0.0,0.0065966505997472336,0.0,0.0,0.6792321914817796,False
2025-09-03 19:30:00+00:00,24.420000076293945,24.8799991607666,0.0,0.0,0.0,0.0,0.019045596059901415,0.0,0.0,0.6921685734316232,False
2025-09-04 13:30:00+00:00,24.40999984741211,24.739999771118164,0.0,0.0,-0.0,0.0,-0.005626985304292398,0.0,0.0,0.6882737510408304,False
2025-09-04 14:30:00+00:00,24.735000610351562,25.079999923706055,0.0,0.0,-0.0,0.0,0.013742932729725155,0.0,0.0,0.6977326509010202,False
2025-09-04 15:30:00+00:00,25.079999923706055,25.06999969482422,0.0,0.0,0.0,-0.0,-0.00039873321021755004,0.0,0.0,0.6974544417212528,False
2025-09-04 16:30:00+00:00,25.077299118041992,25.25,0.0,0.0,0.0,0.0,0.007179908550734471,0.0,0.0,0.7024621008311149,False
2025-09-04 17:30:00+00:00,25.2549991607666,25.396499633789062,0.0,0.0,0.0,0.0,0.00580196569461644,0.0,0.0,0.7065377618419053,False
2025-09-04 18:30:00+00:00,25.390100479125977,25.684999465942383,0.0,0.0,-0.0,0.0,0.011359826602618917,0.0,0.0,0.7145639083046318,False
2025-09-04 19:30:00+00:00,25.68000030517578,25.6299991607666,0.0,0.0,-0.0,-0.0,-0.0021413395491290954,0.0,0.0,0.7130337843473988,False
2025-09-05 13:30:00+00:00,26.81999969482422,25.979999542236328,0.0,0.0,0.0,-0.0,0.013655887355841001,0.0,0.0,0.7227708933873559,False
2025-09-05 14:30:00+00:00,25.979999542236328,26.184999465942383,0.0,0.0,0.0,0.0,0.007890682344808386,0.0,0.0,0.7284740489151489,False
2025-09-05 15:30:00+00:00,26.184999465942383,26.100000381469727,0.0,0.0,0.0,-0.0,-0.003246098384810492,0.0,0.0,0.7261093504815891,False
2025-09-05 16:30:00+00:00,26.100000381469727,26.145000457763672,0.0,0.0,0.0,0.0,0.0017241408289745408,0.0,0.0,0.7273612652590545,False
2025-09-05 17:30:00+00:00,26.139999389648438,26.288299560546875,0.0,0.0,-0.0,0.0,0.005480937092148697,0.0,0.0,0.7313478865972051,False
2025-09-05 18:30:00+00:00,26.28499984741211,26.5,0.6666666666666666,0.0,-0.0,0.005453050633085876,0.008053029027820457,0.6666666666666666,0.0003139153330929202,0.7372374523574075,False
2025-09-05 19:30:00+00:00,26.5049991607666,26.512800216674805,0.6666666666666666,0.6666666666666666,0.0001257650507321036,0.00019621596315685014,0.00048302704433234034,0.0,0.0,0.7375935579849907,False
2025-09-08 13:30:00+00:00,26.959999084472656,27.187700271606445,0.6666666666666666,0.6666666666666666,0.01124485441354454,0.005630593344862303,0.025455630843066235,0.0,0.0,0.7563694673092805,False
2025-09-08 14:30:00+00:00,27.18199920654297,27.21500015258789,1.0,0.6666666666666666,-0.0001397952016664779,0.0012140735416170667,0.0010041261566340332,0.33333333333333337,0.0001604751904158364,0.757128957675485,False
2025-09-08 15:30:00+00:00,27.209999084472656,26.989999771118164,1.0,1.0,-0.0001837614582838043,-0.00808523780803927,-0.008267513511232893,0.0,0.0,0.7508693837881573,False
2025-09-08 16:30:00+00:00,26.989999771118164,26.856300354003906,1.0,1.0,0.0,-0.004953664996223073,-0.004953664996223073,0.0,0.0,0.7471498284049503,False
2025-09-08 17:30:00+00:00,26.860000610351562,26.979999542236328,1.0,1.0,0.0001377798244315276,0.004467569961205342,0.004605965326641925,0.0,0.0,0.7505911746083899,False
2025-09-08 18:30:00+00:00,26.980100631713867,26.899999618530273,1.0,1.0,3.746830216977415e-06,-0.0029688923061109707,-0.0029651565998293217,0.0,0.0,0.7483655542332261,False
2025-09-08 19:30:00+00:00,26.90999984741211,27.094999313354492,1.0,1.0,0.00037175572578629357,0.006874747937249515,0.007249059389944801,0.0,0.0,0.7537905005812517,False
2025-09-09 13:30:00+00:00,27.229999542236328,27.037599563598633,1.0,1.0,0.004982477663887597,-0.007065735654503524,-0.002118462860693615,0.0,0.0,0.7521936234010267,False
2025-09-09 14:30:00+00:00,27.030000686645508,27.049999237060547,1.0,1.0,-0.00028104850562826744,0.0007398649614138719,0.00045860851784373935,0.0,0.0,0.7525385858037862,False
2025-09-09 15:30:00+00:00,27.040000915527344,27.11750030517578,1.0,1.0,-0.00036962372699456125,0.0028661015911406462,0.0024954184849939054,0.0,0.0,0.7544164845014721,False
2025-09-09 16:30:00+00:00,27.1200008392334,27.03190040588379,1.0,1.0,9.22110824919109e-05,-0.0032485409521875175,-0.0031566294211732293,0.0,0.0,0.7520350712306767,False
2025-09-09 17:30:00+00:00,27.030000686645508,27.11009979248047,1.0,1.0,-7.02769398287506e-05,0.00296334087311112,0.0028928556787541915,0.0,0.0,0.7542106001571087,False
2025-09-09 18:30:00+00:00,27.117300033569336,26.979900360107422,1.0,1.0,0.00026559257044356244,-0.0050668640790868524,-0.004802617230098005,0.0,0.0,0.7505884153336716,False
2025-09-09 19:30:00+00:00,26.979999542236328,27.177099227905273,1.0,1.0,3.676148821352143e-06,0.007305399889291797,0.007309102893850117,0.0,0.0,0.7560745432922773,False
2025-09-10 13:30:00+00:00,28.479999542236328,28.56999969482422,1.0,1.0,0.04794111039611049,0.003160117768064463,0.0512527277189585,0.0,0.0,0.7948254259948723,False
2025-09-10 14:30:00+00:00,28.559999465942383,28.649999618530273,1.0,1.0,-0.0003500255158787047,0.0031512659058419157,0.002800137366488986,0.0,0.0,0.797051046370036,False
2025-09-10 15:30:00+00:00,28.65180015563965,28.559999465942383,1.0,1.0,6.284597324079932e-05,-0.0032040112383373565,-0.0031413666243010896,0.0,0.0,0.7945472168151049,False
2025-09-10 16:30:00+00:00,28.559999465942383,28.436500549316406,1.0,1.0,0.0,-0.004324191839472857,-0.004324191839472857,0.0,0.0,0.7911114422240771,False
2025-09-10 17:30:00+00:00,28.432600021362305,28.16900062561035,1.0,1.0,-0.0001371662433405918,-0.009271026763430057,-0.009406921334857543,0.0,0.0,0.7836695191199695,False
2025-09-10 18:30:00+00:00,28.167499542236328,28.21649932861328,1.0,1.0,-5.328848523855623e-05,0.001739585947395872,0.0016862047622572263,0.0,0.0,0.7849909463951454,False
2025-09-10 19:30:00+00:00,28.290000915527344,28.579999923706055,1.0,1.0,0.00260491516180128,0.010250936684117917,0.012882554666310497,0.0,0.0,0.7951036351746397,False
2025-09-11 13:30:00+00:00,29.05500030517578,29.139999389648438,1.0,1.0,0.016620027387604486,0.0029254546060877296,0.01959410312936649,0.0,0.0,0.8106829778007858,False
2025-09-11 14:30:00+00:00,29.145000457763672,29.320100784301758,1.0,1.0,0.00017162210775500952,0.006007902686151478,0.006180555882828731,0.0,0.0,0.8156934492483415,False
2025-09-11 15:30:00+00:00,29.31999969482422,29.18000030517578,1.0,1.0,-3.4477875189287133e-06,-0.004774876913561155,-0.004778308238319262,0.0,0.0,0.8117958145198552,False
2025-09-11 16:30:00+00:00,29.190000534057617,29.274999618530273,1.0,1.0,0.00034270831998806095,0.002911924731672455,0.0032556309924931526,0.0,0.0,0.8144387221331822,False
2025-09-11 17:30:00+00:00,29.270000457763672,29.145000457763672,1.0,1.0,-0.0001707655279844511,-0.004270584149131618,-0.00444062040855886,0.0,0.0,0.810822108922157,False
2025-09-11 18:30:00+00:00,29.145000457763672,29.139999389648438,1.0,1.0,0.0,-0.0001715926586614014,-0.0001715926586614014,0.0,0.0,0.8106829778007856,False
2025-09-11 19:30:00+00:00,29.145999908447266,29.15999984741211,1.0,1.0,0.00020592034744382204,0.00048033826284288317,0.0006863575217086471,0.0,0.0,0.8112393961603203,False
2025-09-12 13:30:00+00:00,29.3700008392334,29.049999237060547,1.0,1.0,0.007201680141295519,-0.010895525809634377,-0.003772311760191105,0.0,0.0,0.8081791482458544,False
2025-09-12 14:30:00+00:00,29.049999237060547,29.125,1.0,1.0,0.0,0.002581781924585025,0.002581781924585025,0.0,0.0,0.810265690562622,False
2025-09-12 15:30:00+00:00,29.129899978637695,29.3799991607666,1.0,1.0,0.0001682396098778849,0.008585651935376193,0.008755335991986302,0.0,0.0,0.8173598389262765,False
2025-09-12 16:30:00+00:00,29.3799991607666,29.290000915527344,1.0,1.0,0.0,-0.0030632487341741843,-0.0030632487341741843,0.0,0.0,0.8148560624343207,False
2025-09-12 17:30:00+00:00,29.295700073242188,29.3700008392334,1.0,1.0,0.0001945769046329815,0.002536234526072212,0.002731304923368816,0.0,0.0,0.8170816828094846,False
2025-09-12 18:30:00+00:00,29.3799991607666,29.395000457763672,1.0,1.0,0.00034042632780062476,0.0005105955556699016,0.0008511957036405615,0.0,0.0,0.8177771792274154,False
2025-09-12 19:30:00+00:00,29.395000457763672,29.260000228881836,1.0,1.0,0.0,-0.004592625507041981,-0.004592625507041981,0.0,0.0,0.8140214348950188,False
2025-09-15 13:30:00+00:00,29.139999389648438,29.934999465942383,1.0,1.0,-0.004101190645752206,0.02728208966868939,0.02306900997199146,0.0,0.0,0.8328001034940268,False
2025-09-15 14:30:00+00:00,29.934999465942383,29.655000686645508,1.0,1.0,0.0,-0.009353558853923971,-0.009353558853923971,0.0,0.0,0.8250104587124414,False
2025-09-15 15:30:00+00:00,29.655000686645508,29.671899795532227,1.0,1.0,0.0,0.0005698569716887647,0.0005698569716887647,0.0,0.0,0.8254805966740548,False
2025-09-15 16:30:00+00:00,29.684999465942383,29.635000228881836,1.0,1.0,0.00044148404721044976,-0.0016843266956400038,-0.0012435862517959917,0.0,0.0,0.8244540403529066,False
2025-09-15 17:30:00+00:00,29.635000228881836,29.89349937438965,1.0,1.0,0.0,0.008722765092334495,0.008722765092334495,0.0,0.0,0.8316455592763311,False
2025-09-15 18:30:00+00:00,29.899999618530273,29.850000381469727,1.0,1.0,0.00021744674516743778,-0.00167221530764039,-0.0014551321802488415,0.0,0.0,0.8304354050604671,False
2025-09-15 19:30:00+00:00,29.850000381469727,30.026599884033203,1.0,1.0,0.0,0.005916231166050778,0.005916231166050778,0.0,0.0,0.8353484528852778,False
2025-09-16 13:30:00+00:00,30.489999771118164,30.346200942993164,1.0,1.0,0.015432979054394336,-0.004716262027040563,0.010643931054275413,0.0,0.0,0.8442398442240844,False
2025-09-16 14:30:00+00:00,30.350000381469727,29.915000915527344,1.0,1.0,0.00012520310149199965,-0.014332766407738617,-0.014209357813053769,0.0,0.0,0.8322437381974676,False
2025-09-16 15:30:00+00:00,29.91069984436035,29.975000381469727,1.0,1.0,-0.00014377640098151012,0.002149750338305667,0.0020056648539577004,0.0,0.0,0.8339129402130966,False
2025-09-16 16:30:00+00:00,29.969999313354492,30.100000381469727,1.0,1.0,-0.0001668413028053095,0.004337706743199998,0.004170141731750343,0.0,0.0,0.8373904753657259,False
2025-09-16 17:30:00+00:00,30.100000381469727,30.33370018005371,1.0,1.0,0.0,0.007764112811369017,0.007764112811369017,0.0,0.0,0.8438920694836313,False
2025-09-16 18:30:00+00:00,30.34000015258789,30.38599967956543,1.0,1.0,0.00020768889046784977,0.0015161346982925927,0.001724138473093717,0.0,0.0,0.8453470562677666,False
2025-09-16 19:30:00+00:00,30.385000228881836,30.48240089416504,1.0,1.0,-3.289181511656469e-05,0.003205550914908928,0.0031725536634044094,0.0,0.0,0.8480289651679771,False
2025-09-17 13:30:00+00:00,30.129899978637695,30.524999618530273,1.0,1.0,-0.01156407977020013,0.013113207815913963,0.0013974858644874022,0.0,0.0,0.8492140736594752,False
2025-09-17 14:30:00+00:00,30.530000686645508,30.344999313354492,1.0,1.0,0.00016383515733764398,-0.006059658340326846,-0.005896815968066793,0.0,0.0,0.844206414549613,False
2025-09-17 15:30:00+00:00,30.340700149536133,30.395000457763672,1.0,1.0,-0.00014167618769622692,0.0017896854047505517,0.001647755661249084,0.0,0.0,0.8455974604484499,False
2025-09-17 16:30:00+00:00,30.39889907836914,30.340099334716797,1.0,1.0,0.00012826519318154261,-0.0019342721425784637,-0.0018062550491869667,0.0,0.0,0.8440700957659352,False
2025-09-17 17:30:00+00:00,30.350000381469727,30.52039909362793,1.0,1.0,0.00032633534398485153,0.005614455025253928,0.005942622564350852,0.0,0.0,0.8490860857629275,False
2025-09-17 18:30:00+00:00,30.530000686645508,30.649999618530273,1.0,1.0,0.0003145959195396397,0.003930525030654719,0.004246357477330598,0.0,0.0,0.8526916088121044,False
2025-09-17 19:30:00+00:00,30.649999618530273,30.450000762939453,1.0,1.0,0.0,-0.006525248224469982,-0.006525248224469982,0.0,0.0,0.8471275844056827,False
2025-09-18 13:30:00+00:00,32.7599983215332,33.98500061035156,1.0,1.0,0.07586198688721346,0.0373932341752643,0.11609194610315221,0.0,0.0,0.9454722742770008,False
2025-09-18 14:30:00+00:00,33.98550033569336,33.84000015258789,1.0,1.0,1.4704291093847743e-05,-0.004281242932082319,-0.004266601593630903,0.0,0.0,0.9414383207648367,False
2025-09-18 15:30:00+00:00,33.84000015258789,34.08000183105469,1.0,1.0,0.0,0.0070922481496633605,0.0070922481496633605,0.0,0.0,0.9481152349533033,False
2025-09-18 16:30:00+00:00,34.08000183105469,33.72999954223633,1.0,1.0,0.0,-0.010270019660017393,-0.010270019660017393,0.0,0.0,0.9383780728503709,False
2025-09-18 17:30:00+00:00,33.72999954223633,33.564998626708984,1.0,1.0,0.0,-0.004891814935269467,-0.004891814935269467,0.0,0.0,0.933787700978672,False
2025-09-18 18:30:00+00:00,33.564998626708984,33.667301177978516,1.0,1.0,0.0,0.0030478938017333146,0.0030478938017333146,0.0,0.0,0.9366337867246197,False
2025-09-18 19:30:00+00:00,33.65999984741211,33.630001068115234,1.0,1.0,-0.00021686711767621158,-0.0008912293354981227,-0.0011079031748371104,0.0,0.0,0.9355960871786478,False
2025-09-19 13:30:00+00:00,33.560001373291016,32.720001220703125,1.0,1.0,-0.002081465733005494,-0.025029800900318477,-0.02705916796044605,0.0,0.0,0.9102796355125446,False
2025-09-19 14:30:00+00:00,32.709999084472656,32.220401763916016,1.0,1.0,-0.00030568874869540963,-0.014967818228678875,-0.015268931483749304,0.0,0.0,0.8963806381268513,False
2025-09-19 15:30:00+00:00,32.21500015258789,32.849998474121094,1.0,1.0,-0.00016764568510674316,0.01971126240960741,0.019540312216409728,0.0,0.0,0.9138961956605945,False
2025-09-19 16:30:00+00:00,32.849998474121094,32.709999084472656,1.0,1.0,0.0,-0.004261777660620858,-0.004261777660620858,0.0,0.0,0.9100013732698018,False
2025-09-19 17:30:00+00:00,32.70000076293945,32.80500030517578,1.0,1.0,-0.0003056656011326542,0.003210995100505709,0.002904348008625268,0.0,0.0,0.9126443339461042,False
2025-09-19 18:30:00+00:00,32.79999923706055,32.95640182495117,1.0,1.0,-0.0001524483483832384,0.004768371692945195,0.004615196414172962,0.0,0.0,0.9168563668035475,False
2025-09-19 19:30:00+00:00,32.95989990234375,32.970001220703125,1.0,1.0,0.00010614257621810452,0.00030647296834351856,0.000412648074392008,0.0,0.0,0.9172347058178031,False
2025-09-22 13:30:00+00:00,33.19499969482422,33.81999969482422,1.0,1.0,0.006824339271780389,0.01882813694068064,0.025780965806799783,0.0,0.0,0.9408819024053019,False
2025-09-22 14:30:00+00:00,33.81999969482422,34.119998931884766,1.0,1.0,0.0,0.008870468355044236,0.008870468355044236,0.0,0.0,0.949227965546422,False
2025-09-22 15:30:00+00:00,34.1150016784668,34.5,1.0,1.0,-0.0001464611246895231,0.011285308591270304,0.011137194607591994,0.0,0.0,0.9597997021256811,False
2025-09-22 16:30:00+00:00,34.505001068115234,34.51499938964844,1.0,1.0,0.00014495849609375,0.00028976441743799874,0.00043476491734595335,0.0,0.0,0.9602169893638445,False
2025-09-22 17:30:00+00:00,34.51499938964844,34.68989944458008,1.0,1.0,0.0,0.005067363697653704,0.005067363697653704,0.0,0.0,0.9650827580776171,False
2025-09-22 18:30:00+00:00,34.685001373291016,34.60649871826172,1.0,1.0,-0.00014119589181538217,-0.0022633026357539165,-0.0024041789585351747,0.0,0.0,0.9627625264174018,False
2025-09-22 19:30:00+00:00,34.599998474121094,34.43000030517578,1.0,1.0,-0.00018783304816660795,-0.004913242093708803,-0.005100152272636604,0.0,0.0,0.9578522909302847,False
2025-09-23 13:30:00+00:00,34.529998779296875,35.130001068115234,1.0,1.0,0.0029043994549735608,0.017376261512586533,0.020331128572026902,0.0,0.0,0.9773265090101988,False
2025-09-23 14:30:00+00:00,35.130001068115234,35.130001068115234,1.0,1.0,0.0,0.0,0.0,0.0,0.0,0.9773265090101988,False
2025-09-23 15:30:00+00:00,35.125,34.8650016784668,1.0,1.0,-0.00014235889448277472,-0.007402087445785188,-0.007543392587282205,0.0,0.0,0.9699541514667769,False
2025-09-23 16:30:00+00:00,34.869998931884766,34.465599060058594,1.0,1.0,0.0001433315123302581,-0.011597358308387928,-0.011455689062963126,0.0,0.0,0.9588426583022432,False
2025-09-23 17:30:00+00:00,34.459999084472656,34.005001068115234,1.0,1.0,-0.00016248014654207665,-0.013203657238703759,-0.013363992053082696,0.0,0.0,0.9460286926365353,False
2025-09-23 18:30:00+00:00,34.0,34.04280090332031,1.0,1.0,-0.00014706860632696106,0.00125885009765625,0.001111596353999822,0.0,0.0,0.9470802946820494,False
2025-09-23 19:30:00+00:00,34.04499816894531,34.33000183105469,1.0,1.0,6.454420807622263e-05,0.00837138133170301,0.008436465863957743,0.0,0.0,0.9550703052585615,False
2025-09-24 13:30:00+00:00,33.959999084472656,34.00510025024414,1.0,1.0,-0.010777824842622907,0.001328067343562056,-0.009464071176269018,0.0,0.0,0.9460314519112535,False
2025-09-24 14:30:00+00:00,34.0,34.31999969482422,1.0,1.0,-0.00014998486128869892,0.009411755730124094,0.00926035924795765,0.0,0.0,0.9547920430158187,False
2025-09-24 15:30:00+00:00,34.31999969482422,33.48350143432617,1.0,1.0,0.0,-0.02437349265548505,-0.02437349265548505,0.0,0.0,0.931520426167857,False
2025-09-24 16:30:00+00:00,33.47999954223633,34.029998779296875,0.6666666666666666,1.0,-0.00010458560006676443,0.010951796984877582,0.016321391776860317,0.33333333333333337,0.00019711686780476696,0.9467241359914905,False
2025-09-24 17:30:00+00:00,34.040000915527344,34.21649932861328,1.0,0.6666666666666666,0.00019594743048800822,0.005185029622176929,0.0054804747577561486,0.33333333333333337,0.00019922218332605628,0.9519126337213504,False
2025-09-24 18:30:00+00:00,34.218101501464844,34.128299713134766,1.0,1.0,4.6824569520653725e-05,-0.002624394235496541,-0.00257769255210627,0.0,0.0,0.949458895615151,False
2025-09-24 19:30:00+00:00,34.12689971923828,34.150001525878906,1.0,1.0,-4.102149559903623e-05,0.0006769383340028412,0.000635889069380946,0.0,0.0,0.9500626461486992,False
2025-09-25 13:30:00+00:00,32.25,33.010101318359375,1.0,1.0,-0.055636938242567324,0.023569033127422534,-0.03337921395569232,0.0,0.0,0.9183503018115905,False
2025-09-25 14:30:00+00:00,33.02000045776367,32.928199768066406,0.6666666666666666,1.0,0.0002998821272564012,-0.001853436067527007,-0.002481105692560104,0.33333333333333337,0.00019346235336809595,0.9160717776500015,False
2025-09-25 15:30:00+00:00,32.91999816894531,33.56999969482422,0.6666666666666666,0.6666666666666666,-0.00016605015718769894,0.013163255610224134,0.019490890218062384,0.0,0.0,0.9339268321000429,False
2025-09-25 16:30:00+00:00,33.56999969482422,33.529998779296875,1.0,0.6666666666666666,0.0,-0.0011915673485547451,-0.0011915673485547451,0.33333333333333337,0.000195639699952288,0.9328139953809733,False
2025-09-25 17:30:00+00:00,33.540000915527344,33.53499984741211,1.0,1.0,0.00029830410362685633,-0.00014910757241271,0.0001491520518135392,0.0,0.0,0.9329531265023447,False
2025-09-25 18:30:00+00:00,33.529998779296875,33.52000045776367,1.0,1.0,-0.00014912980879644433,-0.00029819033394584693,-0.00044727567367486287,0.0,0.0,0.9325358392641814,False
2025-09-25 19:30:00+00:00,33.52000045776367,33.81999969482422,1.0,1.0,0.0,0.0089498577853111,0.0089498577853111,0.0,0.0,0.9408819024053016,False
2025-09-26 13:30:00+00:00,33.93000030517578,33.1349983215332,1.0,1.0,0.0032525313821454294,-0.02343065064816119,-0.020254328192553128,0.0,0.0,0.9218249715635508,False
2025-09-26 14:30:00+00:00,33.130001068115234,33.38999938964844,1.0,1.0,-0.00015081495914004428,0.00784782110325466,0.007695822575295441,0.0,0.0,0.9289191729901807,False
2025-09-26 15:30:00+00:00,33.400001525878906,33.70989990234375,1.0,1.0,0.00029955484915555886,0.009278394081052133,0.009580728318146825,0.0,0.0,0.9378188952161173,False
2025-09-26 16:30:00+00:00,33.70000076293945,34.06999969482422,0.6666666666666666,1.0,-0.0002936567427661574,0.007319464362182041,0.010682315685411892,0.33333333333333337,0.00019643719922528985,0.9478369727105601,False
2025-09-26 17:30:00+00:00,34.0797004699707,34.150001525878906,0.6666666666666666,0.6666666666666666,0.0001898204722312613,0.001375228360553334,0.0023481606037947245,0.0,0.0,0.9500626461486991,False
2025-09-26 18:30:00+00:00,34.150001525878906,34.0,0.6666666666666666,0.6666666666666666,0.0,-0.002928287343613241,-0.004392431015419862,0.0,0.0,0.9458895615151637,False
2025-09-26 19:30:00+00:00,33.994998931884766,33.9900016784668,0.6666666666666666,0.6666666666666666,-9.806015912220781e-05,-9.799977594708112e-05,-0.00029406828038835986,0.0,0.0,0.9456114053983716,False
2025-09-29 13:30:00+00:00,35.029998779296875,35.375,0.6666666666666666,0.6666666666666666,0.020398098450010355,0.006565824202597881,0.04074722721801516,0.0,0.0,0.9841424481940857,False
2025-09-29 14:30:00+00:00,35.380001068115234,34.97439956665039,1.0,0.6666666666666666,9.42486335026397e-05,-0.011464146105704232,-0.011324393875607353,0.33333333333333337,0.0002028000406240304,0.9729976314810314,False
2025-09-29 15:30:00+00:00,34.974998474121094,34.722801208496094,1.0,1.0,1.7124167337456697e-05,-0.007210787037249089,-0.007193786348635767,0.0,0.0,0.9659980944024282,False
2025-09-29 16:30:00+00:00,34.7239990234375,34.609901428222656,0.6666666666666666,1.0,3.449649509024155e-05,-0.002190561732973828,-0.003251459454423622,0.33333333333333337,0.00019901838023217102,0.9628571907654283,False
2025-09-29 17:30:00+00:00,34.600101470947266,34.529998779296875,0.6666666666666666,0.6666666666666666,-0.00018876981963700246,-0.001350722274793566,-0.0023086644465454276,0.0,0.0,0.9606342766020075,False
2025-09-29 18:30:00+00:00,34.53839874267578,34.1067008972168,0.6666666666666666,0.6666666666666666,0.00016217711508570432,-0.008332712983700603,-0.012258844397465607,0.0,0.0,0.9488580104822716,False
2025-09-29 19:30:00+00:00,34.1150016784668,34.0,0.6666666666666666,0.6666666666666666,0.00016225122984906784,-0.0022473334859286855,-0.003128443807518866,0.0,0.0,0.9458895615151637,False
2025-09-30 13:30:00+00:00,34.064998626708984,34.639400482177734,0.6666666666666666,0.6666666666666666,0.0012744828766468133,0.01124129123000328,0.018805896534639155,0.0,0.0,0.963677862742213,False
2025-09-30 14:30:00+00:00,34.630001068115234,34.20500183105469,1.0,0.6666666666666666,-0.00018090024522480577,-0.012272573605313974,-0.012540593805789091,0.33333333333333337,0.00019867648811903386,0.9515927701059319,False
2025-09-30 15:30:00+00:00,34.20000076293945,34.11009979248047,0.6666666666666666,1.0,-0.0001462086784832506,-0.0017524555254085545,-0.0027745076302863048,0.33333333333333337,0.00019616916292150674,0.9489525687043477,False
2025-09-30 16:30:00+00:00,34.12030029296875,33.685001373291016,1.0,0.6666666666666666,0.00019936422643803314,-0.012757769302734978,-0.012462538127289924,0.33333333333333337,0.00019576400869347337,0.9371262111358801,False
2025-09-30 17:30:00+00:00,33.68000030517578,34.04309844970703,0.6666666666666666,1.0,-0.00014846572395277313,0.007187215780704766,0.010630757364313181,0.33333333333333337,0.0001932728976381588,0.9470885725062038,False
2025-09-30 18:30:00+00:00,34.040000915527344,34.466400146484375,1.0,0.6666666666666666,-6.065907277822783e-05,0.012526416553723774,0.01243428818333614,0.33333333333333337,0.0001946010851077716,0.9588649447518904,False
2025-09-30 19:30:00+00:00,34.459999084472656,34.86000061035156,1.0,1.0,-0.0001857189025983308,0.0116077056444015,0.011419830971449274,0.0,0.0,0.9698150203454051,False
2025-10-01 13:30:00+00:00,34.18000030517578,35.20209884643555,1.0,1.0,-0.019506606232641777,0.029903409366119682,0.00981348910195945,0.0,0.0,0.9793322894784814,False
2025-10-01 14:30:00+00:00,35.20000076293945,35.22800064086914,1.0,1.0,-5.9601090981686866e-05,0.0007954510603069842,0.0007358025595742834,0.0,0.0,0.9800528846837534,False
2025-10-01 15:30:00+00:00,35.22999954223633,35.71500015258789,1.0,1.0,5.674183407577971e-05,0.013766693631945826,0.013824216613467666,0.0,0.0,0.9936013480542755,False
2025-10-01 16:30:00+00:00,35.72669982910156,35.900001525878906,1.0,1.0,0.0003275843892953656,0.0048507614083117545,0.005179934831320843,0.0,0.0,0.9987481382855091,False
2025-10-01 17:30:00+00:00,35.900001525878906,36.03269958496094,1.0,1.0,0.0,0.003696324608409185,0.003696324608409185,0.0,0.0,1.0024398356066566,False
2025-10-01 18:30:00+00:00,36.040000915527344,36.33440017700195,1.0,1.0,0.00020263068408721274,0.008168680743505963,0.00837296665296039,0.0,0.0,1.0108332309217902,False
2025-10-01 19:30:00+00:00,36.33000183105469,36.8650016784668,1.0,1.0,-0.00012105183863886371,0.014726116720280347,0.014603282258136563,0.0,0.0,1.0255947139088453,False
2025-10-02 13:30:00+00:00,38.959999084472656,38.810001373291016,1.0,1.0,0.05682889761617904,-0.003850044011972864,0.05276005984723198,0.0,0.0,1.0797051523936807,False
2025-10-02 14:30:00+00:00,38.8223991394043,38.685001373291016,1.0,1.0,0.0003194477112751226,-0.003539136404731469,-0.0032208192624807452,0.0,0.0,1.0762276172410514,False
2025-10-02 15:30:00+00:00,38.685001373291016,38.95500183105469,1.0,1.0,0.0,0.0069794609843309985,0.0069794609843309985,0.0,0.0,1.0837391059058448,False
2025-10-02 16:30:00+00:00,38.95500183105469,39.029998779296875,1.0,1.0,0.0,0.0019252199901682587,0.0019252199901682587,0.0,0.0,1.0858255420966618,False
2025-10-02 17:30:00+00:00,39.029998779296875,39.04499816894531,1.0,1.0,0.0,0.0003843041280440218,0.0003843041280440218,0.0,0.0,1.0862428293348252,False
2025-10-02 18:30:00+00:00,39.040000915527344,39.30670166015625,1.0,1.0,-0.00012798703168959147,0.0068314738313142165,0.006702612459566826,0.0,0.0,1.09352349405684,False
2025-10-02 19:30:00+00:00,39.29999923706055,39.03990173339844,1.0,1.0,-0.00017051603957141115,-0.006618257219120571,-0.006787644739682075,0.0,0.0,1.0861010450646862,False
2025-10-03 13:30:00+00:00,39.474998474121094,39.45000076293945,1.0,1.0,0.011144924075217055,-0.0006332542659381879,0.010504612238564581,0.0,0.0,1.0975101153949904,False
2025-10-03 14:30:00+00:00,39.44499969482422,39.6599006652832,1.0,1.0,-0.00012676978500680836,0.005448116925380164,0.00532065648376201,0.0,0.0,1.1033495897064611,False
2025-10-03 15:30:00+00:00,39.650001525878906,39.59000015258789,1.0,1.0,-0.00024960071100132986,-0.0015132754346012245,-0.0017624984309781988,0.0,0.0,1.101404937785783,False
2025-10-03 16:30:00+00:00,39.59349822998047,38.77330017089844,1.0,1.0,8.83575998760211e-05,-0.020715473392067474,-0.020628946161700523,0.0,0.0,1.078684114621969,False
2025-10-03 17:30:00+00:00,38.77000045776367,38.560001373291016,1.0,1.0,-8.510271553419102e-05,-0.005416535516976073,-0.005501177270629154,0.0,0.0,1.072750082088422,False
2025-10-03 18:30:00+00:00,38.56999969482422,38.36000061035156,1.0,1.0,0.0002592925616473618,-0.005444622404309651,-0.005186741592752786,0.0,0.0,1.067186004619025,False
2025-10-03 19:30:00+00:00,38.36000061035156,38.23500061035156,1.0,1.0,0.0,-0.0032586026593093287,-0.0032586026593093287,0.0,0.0,1.0637084694663956,False
2025-10-06 13:30:00+00:00,42.83000183105469,42.599998474121094,1.0,1.0,0.12017787752981213,-0.005370145858056619,0.11416235894050897,0.0,0.0,1.1851439375656778,False
2025-10-06 14:30:00+00:00,42.60499954223633,42.70389938354492,1.0,1.0,0.00011739596935123053,0.0023213200885157104,0.0024389885714890536,0.0,0.0,1.18803449008497,False
2025-10-06 15:30:00+00:00,42.70009994506836,43.03350067138672,1.0,1.0,-8.897169887078782e-05,0.007807961263492702,0.007718294877043563,0.0,0.0,1.197204090603544,False
2025-10-06 16:30:00+00:00,43.040000915527344,42.95500183105469,1.0,1.0,0.0001510507869266764,-0.001974885749642108,-0.0018241332707619184,0.0,0.0,1.1950202307899818,False
2025-10-06 17:30:00+00:00,42.95500183105469,42.67499923706055,1.0,1.0,0.0,-0.006518509650992765,-0.006518509650992876,0.0,0.0,1.1872304798824456,False
2025-10-06 18:30:00+00:00,42.68000030517578,42.22999954223633,1.0,1.0,0.00011718964744322768,-0.01054359793162607,-0.010427643884707183,0.0,0.0,1.1748504632291614,False
2025-10-06 19:30:00+00:00,42.22999954223633,41.689998626708984,1.0,1.0,0.0,-0.012787139980602213,-0.012787139980602213,0.0,0.0,1.1598274858995747,False
2025-10-07 13:30:00+00:00,42.779998779296875,41.904998779296875,1.0,1.0,0.02614536312048643,-0.020453483519579985,0.005157115847208349,0.0,0.0,1.1658088506071353,False
2025-10-07 14:30:00+00:00,41.90999984741211,39.9900016784668,1.0,1.0,0.00011934299632310186,-0.045812411737908176,-0.045698536132070755,0.0,0.0,1.1125330927245773,False
2025-10-07 15:30:00+00:00,39.97999954223633,39.22990036010742,1.0,1.0,-0.00025011592424750706,-0.018761860698284227,-0.0190072839824027,0.0,0.0,1.0913868602913406,False
2025-10-07 16:30:00+00:00,39.22999954223633,39.595001220703125,1.0,1.0,2.528227907694358e-06,0.009304146895893428,0.00930669864680489,0.0,0.0,1.1015440689071547,False
2025-10-07 17:30:00+00:00,39.56999969482422,39.13999938964844,1.0,1.0,-0.0006314313703275065,-0.010866826092799431,-0.011491395808236105,0.0,0.0,1.0888857900111277,False
2025-10-07 18:30:00+00:00,39.13999938964844,39.040000915527344,1.0,1.0,0.0,-0.002554892071550241,-0.00255489207155013,0.0,0.0,1.0861038043394047,False
2025-10-07 19:30:00+00:00,39.029998779296875,38.845001220703125,1.0,1.0,-0.0002562022539935871,-0.0047398812293040216,-0.004994869115042988,0.0,0.0,1.080678857991379,False
2025-10-08 13:30:00+00:00,38.869998931884766,40.69499969482422,1.0,1.0,0.0006435245307270243,0.04695139730097653,0.047625136207618546,0.0,0.0,1.1321463357999122,False
2025-10-08 14:30:00+00:00,40.689998626708984,41.42890167236328,1.0,1.0,-0.0001228914646206336,0.018159328350757953,0.018034205259679803,0.0,0.0,1.1525636952037221,False
2025-10-08 15:30:00+00:00,41.42879867553711,41.629600524902344,1.0,1.0,-2.4861104691575875e-06,0.004846914604931696,0.004844416444497401,0.0,0.0,1.1581471937220977,False
2025-10-08 16:30:00+00:00,41.625,41.869998931884766,1.0,1.0,-0.00011051090676672537,0.0058858602254598935,0.005774698866942485,0.0,0.0,1.1648351450094374,False
2025-10-08 17:30:00+00:00,41.869998931884766,41.900001525878906,1.0,1.0,0.0,0.0007165654349059469,0.0007165654349059469,0.0,0.0,1.1656698256117148,False
2025-10-08 18:30:00+00:00,41.90999984741211,42.43009948730469,1.0,1.0,0.00023862341692337807,0.012409917484757393,0.012651502198594677,0.0,0.0,1.180417299973277,False
2025-10-08 19:30:00+00:00,42.43000030517578,42.82500076293945,1.0,1.0,-2.337541747610139e-06,0.009309461581961997,0.009307102278959256,0.0,0.0,1.191403564515981,False
2025-10-09 13:30:00+00:00,42.58000183105469,42.130001068115234,1.0,1.0,-0.005720932341390372,-0.010568359407895911,-0.016228830880154144,0.0,0.0,1.1720684775574384,False
2025-10-09 14:30:00+00:00,42.13999938964844,41.589900970458984,1.0,1.0,0.00023732070447946008,-0.013054068038847233,-0.012819845334991142,0.0,0.0,1.1570427409531334,False
2025-10-09 15:30:00+00:00,41.5806999206543,42.04499816894531,1.0,1.0,-0.00022123278945107572,0.011166196075992119,0.01094249295783567,0.0,0.0,1.169703672997928,False
2025-10-09 16:30:00+00:00,42.03499984741211,41.1150016784668,1.0,1.0,-0.0002378004987186877,-0.021886479654690705,-0.02211907553763237,0.0,0.0,1.1438309090982408,False
2025-10-09 17:30:00+00:00,41.11000061035156,41.59000015258789,1.0,1.0,-0.00012163609172011203,0.011675979934562708,0.011552923622276445,0.0,0.0,1.157045500227852,False
2025-10-09 18:30:00+00:00,41.59000015258789,41.720699310302734,1.0,1.0,0.0,0.0031425620878895444,0.0031425620878895444,0.0,0.0,1.1606815875508312,False
2025-10-09 19:30:00+00:00,41.72010040283203,42.24980163574219,1.0,1.0,-1.435516375813961e-05,0.012696547414689396,0.012682009989913867,0.0,0.0,1.17540136303926,False
2025-10-10 13:30:00+00:00,42.52000045776367,42.15060043334961,1.0,1.0,0.006395268416903077,-0.008687676868230465,-0.0023479684768189513,0.0,0.0,1.1726415576912337,False
2025-10-10 14:30:00+00:00,42.15999984741211,37.72999954223633,1.0,1.0,0.0002229959707777951,-0.10507590894708474,-0.1048763444806281,0.0,0.0,1.0496591977345076,False
2025-10-10 15:30:00+00:00,37.720001220703125,37.290000915527344,0.6666666666666666,1.0,-0.0002649965983172464,-0.007599863755037406,-0.0116617713238093,0.33333333333333337,0.0002160568673456626,1.0374183122025946,False
2025-10-10 16:30:00+00:00,37.279998779296875,37.2400016784668,0.6666666666666666,0.6666666666666666,-0.00017881712675249517,-0.0007152557607251382,-0.0013408215562613623,0.0,0.0,1.036027319366733,False
2025-10-10 17:30:00+00:00,37.22999954223633,36.51729965209961,0.6666666666666666,0.6666666666666666,-0.00017905721052017634,-0.012762107599601835,-0.01940660563356189,0.0,0.0,1.0159215457541866,False
2025-10-10 18:30:00+00:00,36.52000045776367,35.329898834228516,0.6666666666666666,0.6666666666666666,4.93064143989308e-05,-0.02172511151182377,-0.03251611781767716,0.0,0.0,0.9828877210789267,False
2025-10-10 19:30:00+00:00,35.33000183105469,34.207801818847656,0.6666666666666666,0.6666666666666666,1.943525258951695e-06,-0.021175581735004407,-0.031760549913993574,0.0,0.0,0.9516706665537481,False
2025-10-13 13:30:00+00:00,38.22999954223633,38.16999816894531,0.6666666666666666,0.6666666666666666,0.07838753168431767,-0.0010463226786897963,0.11582727154115413,0.0,0.0,1.0619000832664203,False
2025-10-13 14:30:00+00:00,38.16999816894531,38.769901275634766,0.6666666666666666,0.6666666666666666,0.0,0.010477742301413517,0.015716613452120276,0.0,0.0,1.0785895563998928,False
2025-10-13 15:30:00+00:00,38.77000045776367,39.16999816894531,0.6666666666666666,0.6666666666666666,1.7054833025831329e-06,0.006878130968253811,0.010319781071044254,0.0,0.0,1.0897203644874545,False
2025-10-13 16:30:00+00:00,39.16999816894531,38.850101470947266,0.6666666666666666,0.6666666666666666,0.0,-0.005444587064114584,-0.008166880596171877,0.0,0.0,1.0808207483874686,False
2025-10-13 17:30:00+00:00,38.85499954223633,39.233699798583984,0.6666666666666666,0.6666666666666666,8.40507678421254e-05,0.006497666723446205,0.009873805038156158,0.0,0.0,1.0914925617382405,False
2025-10-13 18:30:00+00:00,39.244998931884766,39.029998779296875,1.0,0.6666666666666666,0.00019199707324387322,-0.005478408929531442,-0.0051919910773865485,0.33333333333333337,0.00022209800770902838,1.0858255420966618,False
2025-10-13 19:30:00+00:00,39.025001525878906,39.1349983215332,0.6666666666666666,1.0,-0.000128036217634242,0.001879082491623644,0.002690226633879078,0.33333333333333337,0.00022088688983319937,1.0887466588897565,False
2025-10-14 13:30:00+00:00,36.619998931884766,37.84000015258789,0.6666666666666666,0.6666666666666666,-0.04284314122081041,0.022210108434144466,-0.03309053850738941,0.0,0.0,1.0527194456489735,False
2025-10-14 14:30:00+00:00,37.83000183105469,37.3911018371582,0.6666666666666666,0.6666666666666666,-0.00017615083673157744,-0.007734601685659795,-0.01186306325633013,0.0,0.0,1.040230968274071,False
2025-10-14 15:30:00+00:00,37.400001525878906,38.490501403808594,0.6666666666666666,0.6666666666666666,0.0001586774799962794,0.01943849970478591,0.029402705794506323,0.0,0.0,1.0708165733925679,False
2025-10-14 16:30:00+00:00,38.5,38.88999938964844,0.6666666666666666,0.6666666666666666,0.00016451844559014123,0.006753236184388574,0.010379131766787397,0.0,0.0,1.0819307197058692,False
2025-10-14 17:30:00+00:00,38.900001525878906,38.58000183105469,0.6666666666666666,0.6666666666666666,0.0001714602963477733,-0.005484141941251315,-0.007971138170710934,0.0,0.0,1.073306500447957,False
2025-10-14 18:30:00+00:00,38.58000183105469,38.558799743652344,0.6666666666666666,0.6666666666666666,0.0,-0.0003663743977201742,-0.0005495615965801504,0.0,0.0,1.0727166524139509,False
2025-10-14 19:30:00+00:00,38.55500030517578,36.625,0.6666666666666666,0.6666666666666666,-6.56908150983663e-05,-0.03337224380580439,-0.05015196936908528,0.0,0.0,1.0189177997203787,False
2025-10-15 13:30:00+00:00,39.54999923706055,39.792301177978516,0.6666666666666666,0.6666666666666666,0.0532423069317051,0.0040843142956948535,0.08647921305060802,0.0,0.0,1.107033009203454,False
2025-10-15 14:30:00+00:00,39.79999923706055,39.99789810180664,0.6666666666666666,0.6666666666666666,0.00012897066105995353,0.0033148889202627707,0.005166751299668704,0.0,0.0,1.112752773442532,False
2025-10-15 15:30:00+00:00,40.0,39.68000030517578,0.6666666666666666,0.6666666666666666,3.503347747605782e-05,-0.005333328247070297,-0.007947862555720109,0.0,0.0,1.1039087673407144,False
2025-10-15 16:30:00+00:00,39.678199768066406,38.45000076293945,0.6666666666666666,0.6666666666666666,-3.0250959266231447e-05,-0.020636000159722036,-0.030997972096182047,0.0,0.0,1.0696898341739562,False
2025-10-15 17:30:00+00:00,38.459999084472656,39.560001373291016,0.6666666666666666,0.6666666666666666,0.0001733562433430258,0.01906746949217449,0.028868675899259122,0.0,0.0,1.1005703633094563,False
2025-10-15 18:30:00+00:00,39.560001373291016,40.1150016784668,0.6666666666666666,0.6666666666666666,0.0,0.009352886516842407,0.01402932977526361,0.0,0.0,1.1160106278772064,False
2025-10-15 19:30:00+00:00,40.1150016784668,40.01499938964844,0.6666666666666666,0.6666666666666666,0.0,-0.001661926704626282,-0.002492890056939312,0.0,0.0,1.1132285360795326,False
2025-10-16 13:30:00+00:00,41.45000076293945,41.38010025024414,0.6666666666666666,0.6666666666666666,0.023907724522957086,-0.0011242543049248728,0.03411472901206247,0.0,0.0,1.151206025916381,False
2025-10-16 14:30:00+00:00,41.400001525878906,41.2599983215332,0.6666666666666666,0.6666666666666666,0.0003206255424614094,-0.0022544798580613383,-0.00290240787201157,0.0,0.0,1.1478647564844542,False
2025-10-16 15:30:00+00:00,41.25,40.279998779296875,0.6666666666666666,0.6666666666666666,-0.00016154987784681532,-0.015676787405303056,-0.023751807612771403,0.0,0.0,1.1206008936229548,False
2025-10-16 16:30:00+00:00,40.290000915527344,41.0,0.6666666666666666,0.6666666666666666,0.0001655434712610019,0.011748143763366265,0.01787490671606462,0.0,0.0,1.1406315300624037,False
2025-10-16 17:30:00+00:00,40.97999954223633,39.560001373291016,1.0,0.6666666666666666,-0.00032521069534426533,-0.034651004997737544,-0.035121917724609486,0.33333333333333337,0.0002288809923051438,1.1005703633094566,False
2025-10-16 18:30:00+00:00,39.560001373291016,39.84000015258789,1.0,1.0,0.0,0.007077825317921116,0.007077825317921116,0.0,0.0,1.1083600080910418,False
2025-10-16 19:30:00+00:00,39.849998474121094,40.584999084472656,1.0,1.0,0.0002509618849124706,0.018444181643542112,0.01869977231504527,0.0,0.0,1.129086087885446,False
2025-10-17 13:30:00+00:00,39.61000061035156,40.279998779296875,1.0,1.0,-0.02402361700419786,0.01691487398690472,-0.007515099471628983,0.0,0.0,1.1206008936229546,False
2025-10-17 14:30:00+00:00,40.290000915527344,38.71989822387695,1.0,1.0,0.0002483152068915029,-0.03897003365530549,-0.03873139530038372,0.0,0.0,1.0771984574380806,False
2025-10-17 15:30:00+00:00,38.720001220703125,39.95000076293945,1.0,1.0,2.660048990188457e-06,0.031766516101726205,0.031769260651205666,0.0,0.0,1.1114202560055078,False
2025-10-17 16:30:00+00:00,39.93000030517578,39.179901123046875,1.0,1.0,-0.0005006372310817353,-0.018785353779015024,-0.019276586362595993,0.0,0.0,1.089995867455479,False
2025-10-17 17:30:00+00:00,39.189998626708984,39.974998474121094,1.0,1.0,0.0002577215197760996,0.02003061686450569,0.020293500705302003,0.0,0.0,1.112115699360463,False
2025-10-17 18:30:00+00:00,39.97990036010742,40.31999969482422,1.0,1.0,0.00012262379420735492,0.008506757937199794,0.008630424862341668,0.0,0.0,1.1217137303420242,False
2025-10-17 19:30:00+00:00,40.314998626708984,40.189998626708984,1.0,1.0,-0.00012403442839992174,-0.003100583015205327,-0.0032242328645633034,0.0,0.0,1.1180970640680234,False
2025-10-20 13:30:00+00:00,41.15999984741211,42.70989990234375,1.0,1.0,0.024135388252003898,0.037655492241919664,0.06269971041900257,0.0,0.0,1.1882014262054255,False
2025-10-20 14:30:00+00:00,42.70500183105469,42.790000915527344,1.0,1.0,-0.00011468234063438665,0.001990377726921011,0.0018754671251102195,0.0,0.0,1.190429858918283,False
2025-10-20 15:30:00+00:00,42.79999923706055,42.64649963378906,1.0,1.0,0.00023366023181314866,-0.0035864393927037552,-0.0033536171691507244,0.0,0.0,1.186437612904745,False
2025-10-20 16:30:00+00:00,42.63999938964844,42.595001220703125,1.0,1.0,-0.00015242151633643175,-0.0010553041648549977,-0.0012075648301305142,0.0,0.0,1.185004912570257,False
2025-10-20 17:30:00+00:00,42.595001220703125,42.33000183105469,1.0,1.0,0.0,-0.006221372979316575,-0.006221372979316464,0.0,0.0,1.1776325550268352,False
2025-10-20 18:30:00+00:00,42.33000183105469,42.36470031738281,1.0,1.0,0.0,0.0008197137922794084,0.0008197137922794084,0.0,0.0,1.1785978766744278,False
2025-10-20 19:30:00+00:00,42.36000061035156,42.15999984741211,1.0,1.0,-0.00011093450434063179,-0.00472145325915263,-0.004831863991416219,0.0,0.0,1.172903052033765,False
2025-10-21 13:30:00+00:00,41.80500030517578,40.73870086669922,1.0,1.0,-0.008420292778016147,-0.025506504740882563,-0.033712025281236624,0.0,0.0,1.1333621146911632,False
2025-10-21 14:30:00+00:00,40.7400016784668,41.4900016784668,1.0,1.0,3.193061486750359e-05,0.018409424867461777,0.01844194330658455,0.0,0.0,1.1542635145561284,False
2025-10-21 15:30:00+00:00,41.4900016784668,41.959999084472656,1.0,1.0,0.0,0.011327967871589406,0.011327967871589406,0.0,0.0,1.167338974564368,False
2025-10-21 16:30:00+00:00,41.970001220703125,41.37189865112305,1.0,1.0,0.00023837312794827703,-0.014250716039651778,-0.014015739899461588,0.0,0.0,1.1509778551223697,False
2025-10-21 17:30:00+00:00,41.380001068115234,41.560001373291016,1.0,1.0,0.00019584348933343598,0.0043499347638846775,0.004546630159620646,0.0,0.0,1.1562109257515245,False
2025-10-21 18:30:00+00:00,41.56019973754883,41.45000076293945,1.0,1.0,4.772960809917848e-06,-0.0026515506495463637,-0.002646790344483896,0.0,0.0,1.1531506778370586,False
2025-10-21 19:30:00+00:00,41.45180130004883,41.459999084472656,1.0,1.0,4.3438771441195456e-05,0.0001977666631296504,0.00024121402531163127,0.0,0.0,1.1534288339538505,False
2025-10-22 13:30:00+00:00,39.68000030517578,38.94499969482422,1.0,1.0,-0.042932918924340036,-0.018523200723254307,-0.06066086457272368,0.0,0.0,1.0834608436631015,False
2025-10-22 14:30:00+00:00,38.95000076293945,37.752899169921875,0.0,1.0,0.0001284136129009461,-0.0,-0.030609848099723336,1.0,0.0006512198896049411,1.0502962718165758,False
2025-10-22 15:30:00+00:00,37.7599983215332,37.83980178833008,0.0,0.0,0.0,0.0,0.0023018793342748367,0.0,0.0,1.0527139270995363,False
2025-10-22 16:30:00+00:00,37.849998474121094,36.902099609375,0.0,0.0,0.0,-0.0,-0.02478084278032,0.0,0.0,1.0266267887794294,False
2025-10-22 17:30:00+00:00,36.900001525878906,36.78499984741211,0.0,0.0,-0.0,-0.0,-0.003173254725406971,0.0,0.0,1.0233690404707056,False
2025-10-22 18:30:00+00:00,36.779998779296875,37.95000076293945,0.0,0.0,-0.0,0.0,0.03167054289411131,0.0,0.0,1.0557796935634387,False
2025-10-22 19:30:00+00:00,37.95500183105469,38.38999938964844,0.0,0.0,0.0,0.0,0.011594166478612333,0.0,0.0,1.0680205790953514,False
2025-10-23 13:30:00+00:00,37.72999954223633,40.255001068115234,0.0,0.0,-0.0,0.0,0.048580403962436014,0.0,0.0,1.1199054502679984,False
2025-10-23 14:30:00+00:00,40.255001068115234,40.470699310302734,0.6666666666666666,0.0,0.0,0.0035721978464658593,0.005358296769698789,0.6666666666666666,0.00043398527010597054,1.1259062360245375,False
2025-10-23 15:30:00+00:00,40.480098724365234,40.904998779296875,0.0,0.6666666666666666,0.0001548348842114559,0.0,0.01073120742649425,0.6666666666666666,0.0004353908895965389,1.1379885693861003,False
2025-10-23 16:30:00+00:00,40.904998779296875,40.77000045776367,0.6666666666666666,0.0,0.0,-0.0022001927321334174,-0.0033002890982000155,0.6666666666666666,0.00043531317299798426,1.134232878116679,False
2025-10-23 17:30:00+00:00,40.770198822021484,41.21009826660156,0.6666666666666666,0.6666666666666666,3.243631029103966e-06,0.007193153451788318,0.01079464812108144,0.0,0.0,1.14647652292331,False
2025-10-23 18:30:00+00:00,41.209999084472656,41.380001068115234,0.6666666666666666,0.6666666666666666,-1.6044955496822646e-06,0.0027501737024890893,0.004122843881965821,0.0,0.0,1.1512032666416618,False
2025-10-23 19:30:00+00:00,41.3650016784668,41.15999984741211,0.6666666666666666,0.6666666666666666,-0.00024165279944043938,-0.003303949760044074,-0.005316607419632136,0.0,0.0,1.14508277081273,False
2025-10-24 13:30:00+00:00,43.43000030517578,43.314998626708984,0.6666666666666666,0.6666666666666666,0.036767095338176084,-0.001765318561036085,0.0523566274850793,0.0,0.0,1.2050354428837546,False
2025-10-24 14:30:00+00:00,43.310001373291016,43.58000183105469,1.0,0.6666666666666666,-7.691336452197994e-05,0.006234136439676519,0.0061180471602808595,0.33333333333333337,0.0002261386833544521,1.2124079065531275,False
2025-10-24 15:30:00+00:00,43.59000015258789,43.52000045776367,1.0,1.0,0.00022942453219632064,-0.0016058658999583697,-0.0013768097927947531,0.0,0.0,1.2107386514745233,False
2025-10-24 16:30:00+00:00,43.51750183105469,43.709999084472656,1.0,1.0,-5.7413296937092184e-05,0.004423444483676597,0.004365777222207878,0.0,0.0,1.2160244667011775,False
2025-10-24 17:30:00+00:00,43.70500183105469,43.5,1.0,1.0,-0.00011432746562889395,-0.004690580539205569,-0.004804371742649027,0.0,0.0,1.2101822331149885,False
2025-10-24 18:30:00+00:00,43.4900016784668,43.65999984741211,1.0,1.0,-0.0002298464720276172,0.003908902331210662,0.0036781574117725757,0.0,0.0,1.214633473865316,False
2025-10-24 19:30:00+00:00,43.66999816894531,43.1609992980957,1.0,1.0,0.0002290041586840985,-0.011655573441529676,-0.01142923845763566,0.0,0.0,1.200751138253883,False
2025-10-27 13:30:00+00:00,45.4900016784668,46.67620086669922,1.0,1.0,0.0539608076329654,0.026076041865567223,0.0814439337774695,0.0,0.0,1.2985450344410532,False
2025-10-27 14:30:00+00:00,46.67499923706055,46.67900085449219,1.0,1.0,-2.5743946944212226e-05,8.573363678743284e-05,5.9987482720957885e-05,0.0,0.0,1.298622930888869,False
2025-10-27 15:30:00+00:00,46.689998626708984,46.52470016479492,1.0,1.0,0.00023560427634428116,-0.003540339832426187,-0.0033055696752861685,0.0,0.0,1.2943302423088916,False
2025-10-27 16:30:00+00:00,46.529998779296875,46.400001525878906,1.0,1.0,0.00011388820310909153,-0.002793837456015802,-0.0026802674380345115,0.0,0.0,1.2908610911063678,False
2025-10-27 17:30:00+00:00,46.415000915527344,46.45500183105469,1.0,1.0,0.0003232626973097563,0.0008618100773096771,0.0011853513656698844,0.0,0.0,1.2923912150636008,False
2025-10-27 18:30:00+00:00,46.45439910888672,46.64500045776367,1.0,1.0,-1.2974322338044075e-05,0.004102977382834938,0.0040899498271458334,0.0,0.0,1.297677030290255,False
2025-10-27 19:30:00+00:00,46.649898529052734,46.83000183105469,1.0,1.0,0.00010500742289631937,0.0038607437032212033,0.003966156532864362,0.0,0.0,1.3028238205214886,False
2025-10-28 13:30:00+00:00,46.435001373291016,46.39500045776367,1.0,1.0,-0.008434773485354263,-0.0008614388789562888,-0.009288946322495217,0.0,0.0,1.2907219599849964,False
2025-10-28 14:30:00+00:00,46.38999938964844,46.46849822998047,1.0,1.0,-0.00010779325500354098,0.001692150061755493,0.0015841744043887385,0.0,0.0,1.2927666886771871,False
2025-10-28 15:30:00+00:00,46.470001220703125,47.02000045776367,1.0,1.0,3.2344293013686354e-05,0.011835576126809189,0.011868303233165012,0.0,0.0,1.3081096357481425,False
2025-10-28 16:30:00+00:00,47.01499938964844,47.150001525878906,1.0,1.0,-0.00010636044378020681,0.0028714694881011305,0.0027648036335519155,0.0,0.0,1.3117263020221432,False
2025-10-28 17:30:00+00:00,47.15999984741211,47.205501556396484,1.0,1.0,0.0002120534721026246,0.0009648369196690876,0.0011770949887905946,0.0,0.0,1.3132703284789182,False
2025-10-28 18:30:00+00:00,47.189998626708984,47.279998779296875,1.0,1.0,-0.0003284136207932775,0.0019071870143465564,0.0015781470473603676,0.0,0.0,1.3153428621701932,False
2025-10-28 19:30:00+00:00,47.279998779296875,46.904998779296875,1.0,1.0,0.0,-0.007931472285997776,-0.007931472285997776,0.0,0.0,1.3049102567123054,False
2025-10-29 13:30:00+00:00,49.369998931884766,50.119998931884766,1.0,1.0,0.05255303734654193,0.01519141211720032,0.06854280431208415,0.0,0.0,1.3943524650829684,False
2025-10-29 14:30:00+00:00,50.119998931884766,50.26499938964844,1.0,1.0,0.0,0.0028930658590142766,0.0028930658590142766,0.0,0.0,1.3983864185951322,False
2025-10-29 15:30:00+00:00,50.26499938964844,49.90999984741211,1.0,1.0,0.0,-0.007062559366298071,-0.007062559366298071,0.0,0.0,1.3885102314967792,False
2025-10-29 16:30:00+00:00,49.90999984741211,49.68669891357422,1.0,1.0,0.0,-0.004474072020047681,-0.004474072020047681,0.0,0.0,1.3822979367204895,False
2025-10-29 17:30:00+00:00,49.68000030517578,49.790199279785156,1.0,1.0,-0.00013481693380534843,0.002218175803793132,0.002083059822327149,0.0,0.0,1.3851773460149577,False
2025-10-29 18:30:00+00:00,49.79499816894531,49.641700744628906,1.0,1.0,9.638220432073297e-05,-0.003078570739099007,-0.002982485254212297,0.0,0.0,1.3810460750059992,False
2025-10-29 19:30:00+00:00,49.63999938964844,49.439998626708984,1.0,1.0,-3.427269724742832e-05,-0.004029024282807714,-0.004063158894525576,0.0,0.0,1.3754346653625888,False
2025-10-30 13:30:00+00:00,48.5,48.31999969482422,1.0,1.0,-0.019012917735017232,-0.003711346498469714,-0.022653700707825575,0.0,0.0,1.3442759801102966,False
2025-10-30 14:30:00+00:00,48.32500076293945,48.52000045776367,1.0,1.0,0.00010349892687955276,0.0040351721002716,0.0041390886631333945,0.0,0.0,1.3498400575796936,False
2025-10-30 15:30:00+00:00,48.529998779296875,48.525001525878906,1.0,1.0,0.0002060659818399202,-0.00010297246123358583,0.00010307230148498547,0.0,0.0,1.349979188701065,False
2025-10-30 16:30:00+00:00,48.529998779296875,48.61000061035156,1.0,1.0,0.00010298306565337256,0.001648502638924798,0.0017516554724337219,0.0,0.0,1.352343887134625,False
2025-10-30 17:30:00+00:00,48.61000061035156,48.27560043334961,1.0,1.0,0.0,-0.006879246509014503,-0.006879246509014503,0.0,0.0,1.343040780170067,False
2025-10-30 18:30:00+00:00,48.279998779296875,47.93000030517578,1.0,1.0,9.110908839637943e-05,-0.00724934720319792,-0.007158898596216767,0.0,0.0,1.3334260874142456,False
2025-10-30 19:30:00+00:00,47.939998626708984,47.310001373291016,1.0,1.0,0.00020860257603882992,-0.013141369867853414,-0.012935508615421587,0.0,0.0,1.3161775427724707,False
2025-10-31 13:30:00+00:00,48.77000045776367,49.04499816894531,1.0,1.0,0.030860262990753284,0.005638665339357418,0.03667293902540014,0.0,0.0,1.3644456415451665,False
2025-10-31 14:30:00+00:00,49.05500030517578,49.27000045776367,1.0,1.0,0.00020393794686279776,0.004382838675983214,0.004587670449966996,0.0,0.0,1.3707052684954695,False
2025-10-31 15:30:00+00:00,49.27000045776367,47.6150016784668,1.0,1.0,0.0,-0.03359039504608108,-0.03359039504608108,0.0,0.0,1.324662737034962,False
2025-10-31 16:30:00+00:00,47.619998931884766,47.029998779296875,1.0,1.0,0.00010495123893328184,-0.012389755687139403,-0.012286104768415629,0.0,0.0,1.3083877918649343,False
2025-10-31 17:30:00+00:00,47.03499984741211,47.86000061035156,1.0,1.0,0.0001063378321293218,0.01754014596823361,0.017648348981460282,0.0,0.0,1.3314786762188489,False
2025-10-31 18:30:00+00:00,47.849998474121094,48.52000045776367,1.0,1.0,-0.00020898738200825218,0.014002131766105208,0.01379021811523673,0.0,0.0,1.3498400575796934,False
2025-10-31 19:30:00+00:00,48.529998779296875,47.720001220703125,1.0,1.0,0.0002060659818399202,-0.016690656891986122,-0.01648803028674617,0.0,0.0,1.3275838538280562,False
2025-11-03 14:30:00+00:00,49.5,48.33000183105469,1.0,1.0,0.03730089551055227,-0.023636326645359862,0.012782912714740524,0.0,0.0,1.344554242353039,False
2025-11-03 15:30:00+00:00,48.33000183105469,48.470001220703125,1.0,1.0,0.0,0.0028967387615217444,0.0028967387615217444,0.0,0.0,1.3484490647438316,False
2025-11-03 16:30:00+00:00,48.459999084472656,48.83000183105469,1.0,1.0,-0.00020635725146622708,0.00763521984259774,0.007427287008150429,0.0,0.0,1.358464382963556,False
2025-11-03 17:30:00+00:00,48.82500076293945,49.01499938964844,1.0,1.0,-0.00010241793831045065,0.003891420865131945,0.003788604375519311,0.0,0.0,1.363611067068839,False
2025-11-03 18:30:00+00:00,49.02000045776367,48.82149887084961,1.0,1.0,0.00010203138177100612,-0.004049399940032505,-0.003947781724132793,0.0,0.0,1.3582278282194395,False
2025-11-03 19:30:00+00:00,48.81999969482422,48.625,1.0,1.0,-3.070729207554912e-05,-0.003994258419565133,-0.004024843058780814,0.0,0.0,1.3527611743727876,False
2025-11-03 20:30:00+00:00,48.630001068115234,48.56999969482422,1.0,1.0,0.00010284972987628649,-0.0012338345048968913,-0.0011311116745662542,0.0,0.0,1.3512310504155547,False
2025-11-04 14:30:00+00:00,44.77000045776367,46.43000030517578,1.0,1.0,-0.07823758000693348,0.03707839692738357,-0.044060107125684866,0.0,0.0,1.2916956655826937,False
2025-11-04 15:30:00+00:00,46.43000030517578,45.46500015258789,0.6666666666666666,1.0,0.0,-0.013855986018308878,-0.020783979027463317,0.33333333333333337,0.00024276342232444704,1.2648490899593576,False
2025-11-04 16:30:00+00:00,45.470001220703125,45.04499816894531,0.6666666666666666,0.6666666666666666,7.333213238676824e-05,-0.00623125929694357,-0.009237918887781582,0.0,0.0,1.2531645166610288,False
2025-11-04 17:30:00+00:00,45.029998779296875,44.349998474121094,0.6666666666666666,0.6666666666666666,-0.00022199119781185495,-0.010067367290098161,-0.015429009281287098,0.0,0.0,1.233829429702486,False
2025-11-04 18:30:00+00:00,44.34000015258789,44.56999969482422,0.6666666666666666,0.6666666666666666,-0.00015029420334008076,0.0034581197029743826,0.004960568844923463,0.0,0.0,1.239949925531418,False
2025-11-04 19:30:00+00:00,44.56999969482422,43.69499969482422,0.6666666666666666,0.6666666666666666,0.0,-0.013088026415245313,-0.01963203962286797,0.0,0.0,1.215607179463013,False
2025-11-04 20:30:00+00:00,43.69499969482422,42.79010009765625,0.6666666666666666,0.6666666666666666,0.0,-0.013806302833855755,-0.020709454250783632,0.0,0.0,1.1904326181929996,False
2025-11-05 14:30:00+00:00,43.220001220703125,45.570098876953125,0.6666666666666666,0.6666666666666666,0.006697828423953981,0.03625015563587815,0.06496827006602746,0.0,0.0,1.2677729660271706,False
2025-11-05 15:30:00+00:00,45.57500076293945,46.029998779296875,0.6666666666666666,0.6666666666666666,7.171202326568722e-05,0.006655666611674752,0.010092141857878323,0.0,0.0,1.2805675106439,False
2025-11-05 16:30:00+00:00,46.040000915527344,46.558101654052734,0.6666666666666666,0.6666666666666666,0.00014486402340097015,0.007502182569109579,0.011473015180556212,0.0,0.0,1.2952594811332445,False
2025-11-05 17:30:00+00:00,46.55500030517578,47.33000183105469,0.6666666666666666,0.6666666666666666,-4.440829510898858e-05,0.01109800624062777,0.016579288020321714,0.0,0.0,1.316733961132005,False
2025-11-05 18:30:00+00:00,47.334999084472656,47.79999923706055,0.6666666666666666,0.6666666666666666,7.038880519250057e-05,0.006549067449479473,0.009930221589331989,0.0,0.0,1.3298094211402447,False
2025-11-05 19:30:00+00:00,47.79999923706055,48.10459899902344,0.6666666666666666,0.6666666666666666,0.0,0.004248253372728457,0.006372380059092686,0.0,0.0,1.3382834721779124,False
2025-11-05 20:30:00+00:00,48.099998474121094,46.7599983215332,0.6666666666666666,0.6666666666666666,-6.375724287040659e-05,-0.018572421276462782,-0.027951603494658306,0.0,0.0,1.300876303200141,False
2025-11-06 14:30:00+00:00,46.459999084472656,44.93259811401367,0.6666666666666666,0.6666666666666666,-0.004277149241932232,-0.021917075628605343,-0.039080416448133315,0.0,0.0,1.2500375155235712,False
2025-11-06 15:30:00+00:00,44.94900131225586,43.24720001220703,0.6666666666666666,0.6666666666666666,0.0002433748760097091,-0.025240476248872934,-0.03750947357929424,0.0,0.0,1.2031492663619132,False
2025-11-06 16:30:00+00:00,43.2400016784668,42.595001220703125,0.6666666666666666,0.6666666666666666,-0.00011096415857680952,-0.00994450250888675,-0.015080717163650226,0.0,0.0,1.185004912570256,False
2025-11-06 17:30:00+00:00,42.59000015258789,43.91999816894531,0.0,0.6666666666666666,-7.827316151209907e-05,0.0,0.031106864896582653,0.6666666666666666,0.00045863093985683317,1.2218667002873658,False
2025-11-06 18:30:00+00:00,43.91999816894531,44.599998474121094,0.6666666666666666,0.0,0.0,0.010321802269663838,0.015482703404495757,0.6666666666666666,0.00045844216438325103,1.2407845000077449,False
2025-11-06 19:30:00+00:00,44.59000015258789,43.93000030517578,0.6666666666666666,0.6666666666666666,-0.00014945174701449143,-0.009867681021956749,-0.015022380983579664,0.0,0.0,1.2221449625301082,False
2025-11-06 20:30:00+00:00,43.939998626708984,43.060001373291016,0.6666666666666666,0.6666666666666666,0.00015173110954928384,-0.013351498724339345,-0.019804209557045316,0.0,0.0,1.1979413475830747,False
2025-11-07 14:30:00+00:00,41.099998474121094,39.516700744628906,0.6666666666666666,0.6666666666666666,-0.03034529860133972,-0.025682040361292957,-0.08228751778117516,0.0,0.0,1.0993657276430275,False
2025-11-07 15:30:00+00:00,39.52000045776367,37.954200744628906,0.0,0.6666666666666666,5.566782436439155e-05,-0.0,-0.0395402442652647,0.6666666666666666,0.0004269896106991865,1.0558965382351617,False
2025-11-07 16:30:00+00:00,37.939998626708984,38.39500045776367,0.0,0.0,-0.0,0.0,0.011613990137762098,0.0,0.0,1.068159710216722,False
2025-11-07 17:30:00+00:00,38.38999938964844,39.375,0.0,0.0,-0.0,0.0,0.025524144564456286,0.0,0.0,1.0954235730782214,False
2025-11-07 18:30:00+00:00,39.369998931884766,39.41999816894531,0.0,0.0,-0.0,0.0,0.0011428106398809756,0.0,0.0,1.0966754347927117,False
2025-11-07 19:30:00+00:00,39.41999816894531,40.06010055541992,0.0,0.0,0.0,0.0,0.016238011572990763,0.0,0.0,1.1144832631946904,False
2025-11-07 20:30:00+00:00,40.064998626708984,41.7307014465332,0.0,0.0,0.0,0.0,0.041702363897018646,0.0,0.0,1.1609598497935723,False
2025-11-10 14:30:00+00:00,45.060001373291016,44.72999954223633,0.6666666666666666,0.0,0.0,-0.004882405991969799,0.07187269783964512,0.6666666666666666,0.00042687105041160734,1.2444011662817454,False
2025-11-10 15:30:00+00:00,44.7400016784668,43.76679992675781,0.6666666666666666,0.6666666666666666,0.00014907424298134703,-0.014501590153454424,-0.021533637946251738,0.0,0.0,1.217604682107141,False
2025-11-10 16:30:00+00:00,43.75,44.5,0.6666666666666666,0.6666666666666666,-0.00025590061851943346,0.011428571428571416,0.016752425913458824,0.0,0.0,1.2380025143360214,False
2025-11-10 17:30:00+00:00,44.5099983215332,44.71500015258789,0.6666666666666666,0.6666666666666666,0.0001497875885124363,0.003070498596349669,0.004831464103098648,0.0,0.0,1.2439838790435818,False
2025-11-10 18:30:00+00:00,44.720001220703125,45.0099983215332,0.6666666666666666,0.6666666666666666,7.456212453934204e-05,0.004323152846066621,0.006597297728696105,0.0,0.0,1.2521908110633306,False
2025-11-10 19:30:00+00:00,45.0098991394043,45.19499969482422,0.6666666666666666,0.6666666666666666,-1.46903847449605e-06,0.002741627345081395,0.00411022839790931,0.0,0.0,1.2573376012945643,False
2025-11-10 20:30:00+00:00,45.19499969482422,44.96009826660156,1.0,0.6666666666666666,0.0,-0.00519750923351725,-0.00519750923351725,0.33333333333333337,0.00021381244660727446,1.2508025775021874,False
2025-11-11 14:30:00+00:00,43.720001220703125,42.39500045776367,1.0,1.0,-0.027582169383727484,-0.030306512487287218,-0.057052762510160226,0.0,0.0,1.1794408351008587,False
2025-11-11 15:30:00+00:00,42.38999938964844,42.125,0.6666666666666666,1.0,-0.00011796362923066628,-0.004167640063914864,-0.0063686862801820565,0.33333333333333337,0.0002003545924577295,1.1719293464360654,False
2025-11-11 16:30:00+00:00,42.119998931884766,42.23500061035156,0.6666666666666666,0.6666666666666666,-7.914647857935422e-05,0.001820222877225497,0.002611290453449655,0.0,0.0,1.1749895943505313,False
2025-11-11 17:30:00+00:00,42.2400016784668,42.470001220703125,0.6666666666666666,0.6666666666666666,7.894034241677042e-05,0.003630043136000053,0.005564119970533854,0.0,0.0,1.1815273774176265,False
2025-11-11 18:30:00+00:00,42.459999084472656,42.28499984741211,0.6666666666666666,0.6666666666666666,-0.0001570070786120296,-0.0027476721751279833,-0.004356048221652364,0.0,0.0,1.1763805871863928,False
2025-11-11 19:30:00+00:00,42.290000915527344,41.885501861572266,0.6666666666666666,0.6666666666666666,7.884700064290465e-05,-0.006376590922963091,-0.009447747127384498,0.0,0.0,1.1652664408730917,False
2025-11-11 20:30:00+00:00,41.880001068115234,41.859901428222656,0.6666666666666666,0.6666666666666666,-8.755286376035028e-05,-0.0003199560550772862,-0.0006112003488514262,0.0,0.0,1.1645542296179252,False
2025-11-12 14:30:00+00:00,44.0099983215332,44.230098724365234,0.0,0.6666666666666666,0.03424274496516795,0.0,0.05662214231934515,0.6666666666666666,0.000397256138030846,1.2304937849459467,False
2025-11-12 15:30:00+00:00,44.244998931884766,43.95500183105469,0.6666666666666666,0.0,0.0,-0.00436956504058276,-0.006219676221500436,0.6666666666666666,0.0004107268599386068,1.2228405120110144,False
2025-11-12 16:30:00+00:00,43.95000076293945,43.470001220703125,0.6666666666666666,0.6666666666666666,-7.585133139046776e-05,-0.007280994067559998,-0.011034025483964482,0.0,0.0,1.2093476586386607,False
2025-11-12 17:30:00+00:00,43.459999084472656,43.6697998046875,0.0,0.6666666666666666,-0.00015339522965403712,0.0,0.004596240588307543,0.6666666666666666,0.00040578780977884224,1.2149061114326705,False
2025-11-12 18:30:00+00:00,43.65999984741211,43.33000183105469,1.0,0.0,-0.0,-0.007558360456040636,-0.007781074682104205,1.0,0.0006083854518919663,1.205452836247868,False
2025-11-12 19:30:00+00:00,43.34000015258789,43.525001525878906,0.6666666666666666,1.0,0.0002307482370340619,0.002845737157970725,0.004500338947238669,0.33333333333333337,0.00020116095420813658,1.2108777825958936,False
2025-11-12 20:30:00+00:00,43.52000045776367,43.744998931884766,0.6666666666666666,0.6666666666666666,-7.660069599705702e-05,0.003446667765846456,0.005054506566187111,0.0,0.0,1.2169981722988747,False
2025-11-13 14:30:00+00:00,42.16999816894531,41.419898986816406,0.0,0.6666666666666666,-0.024002755383792707,-0.0,-0.053151217324036715,0.6666666666666666,0.0004048523893382404,1.1523132379600618,False
2025-11-13 15:30:00+00:00,41.40999984741211,39.70000076293945,0.0,0.0,-0.0,-0.0,-0.04152347702307013,0.0,0.0,1.1044651857002477,False
2025-11-13 16:30:00+00:00,39.689998626708984,39.935001373291016,0.0,0.0,-0.0,0.0,0.00591941072633273,0.0,0.0,1.1110029687673428,False
2025-11-13 17:30:00+00:00,39.93000030517578,38.68000030517578,0.6666666666666666,0.0,-0.0,-0.020869855421095908,-0.03142609302511723,0.6666666666666666,0.00039499986567396447,1.0760884861196789,False
2025-11-13 18:30:00+00:00,38.676700592041016,38.959999084472656,0.6666666666666666,0.6666666666666666,-5.687199429046015e-05,0.004883189587789142,0.007238851527604728,0.0,0.0,1.0838781309012642,False
2025-11-13 19:30:00+00:00,38.959999084472656,38.40999984741211,0.6666666666666666,0.6666666666666666,0.0,-0.00941134924683551,-0.014117023870253265,0.0,0.0,1.0685769974548855,False
2025-11-13 20:30:00+00:00,38.41999816894531,39.21500015258789,0.0,0.6666666666666666,0.00017353677988237354,0.0,0.020958091860810546,0.6666666666666666,0.00038483436156902404,1.0909723323278941,False
2025-11-14 14:30:00+00:00,35.7400016784668,38.709999084472656,0.0,0.0,-0.0,0.0,-0.012877752547500898,0.0,0.0,1.0769230605960056,False
2025-11-14 15:30:00+00:00,38.720001220703125,40.34000015258789,0.0,0.0,0.0,0.0,0.04210801102212014,0.0,0.0,1.1222701487015576,False
2025-11-14 16:30:00+00:00,40.349998474121094,40.39500045776367,0.0,0.0,0.0,0.0,0.0013634185663793374,0.0,0.0,1.1238002726587906,False
2025-11-14 17:30:00+00:00,40.38999938964844,39.5265007019043,0.0,0.0,-0.0,-0.0,-0.02150017937906612,0.0,0.0,1.0996383652103832,False
2025-11-14 18:30:00+00:00,39.5099983215332,39.3849983215332,0.0,0.0,-0.0,-0.0,-0.003579936950104723,0.0,0.0,1.0957017291950137,False
2025-11-14 19:30:00+00:00,39.38999938964844,39.0099983215332,0.0,0.0,0.0,-0.0,-0.009521391798434475,0.0,0.0,1.085269123737126,False
2025-11-14 20:30:00+00:00,39.0,38.85499954223633,0.0,0.0,-0.0,-0.0,-0.00397330904808868,0.0,0.0,1.08095701410817,False
2025-11-17 14:30:00+00:00,37.525001525878906,39.029998779296875,0.0,0.0,-0.0,0.0,0.004503905266304731,0.0,0.0,1.0858255420966607,False
2025-11-17 15:30:00+00:00,39.040000915527344,38.34000015258789,0.0,0.0,0.0,-0.0,-0.017678674053020815,0.0,0.0,1.0666295862594892,False
2025-11-17 16:30:00+00:00,38.34000015258789,38.43000030517578,0.0,0.0,0.0,0.0,0.0023474218108947564,0.0,0.0,1.0691334158144203,False
2025-11-17 17:30:00+00:00,38.43000030517578,37.599998474121094,0.0,0.0,0.0,-0.0,-0.021597757597282774,0.0,0.0,1.0460425314605055,False
2025-11-17 18:30:00+00:00,37.59000015258789,36.72460174560547,0.0,0.0,-0.0,-0.0,-0.023281828830874374,0.0,0.0,1.0216887482932275,False
2025-11-17 19:30:00+00:00,36.709999084472656,35.7599983215332,0.0,0.0,-0.0,-0.0,-0.02626586479423676,0.0,0.0,0.9948532097687647,False
2025-11-17 20:30:00+00:00,35.7599983215332,36.8400993347168,0.0,0.0,0.0,0.0,0.03020416845302809,0.0,0.0,1.0249019237026562,False
2025-11-18 14:30:00+00:00,35.310001373291016,34.03200149536133,0.0,0.0,-0.0,-0.0,-0.07622394863385229,0.0,0.0,0.9467798521156086,False
2025-11-18 15:30:00+00:00,34.029998779296875,34.70690155029297,0.0,0.0,-0.0,0.0,0.019831335956647544,0.0,0.0,0.9655557614398983,False
2025-11-18 16:30:00+00:00,34.709999084472656,34.22829818725586,0.0,0.0,0.0,-0.0,-0.013789861429824746,0.0,0.0,0.9522408812868732,False
2025-11-18 17:30:00+00:00,34.220001220703125,35.349998474121094,0.0,0.0,-0.0,0.0,0.03277113810124721,0.0,0.0,0.9834468987131787,False
2025-11-18 18:30:00+00:00,35.35499954223633,34.95000076293945,0.0,0.0,0.0,-0.0,-0.011315352997100403,0.0,0.0,0.9723188499003355,False
2025-11-18 19:30:00+00:00,34.95000076293945,34.7781982421875,0.0,0.0,0.0,-0.0,-0.004915665722506346,0.0,0.0,0.9675392554585336,False
2025-11-18 20:30:00+00:00,34.77000045776367,34.3400993347168,0.0,0.0,-0.0,-0.0,-0.012596940888653374,0.0,0.0,0.9553512206500707,False
2025-11-19 14:30:00+00:00,34.720001220703125,37.04990005493164,0.0,0.0,0.0,0.0,0.07891068379861443,0.0,0.0,1.0307386387394089,False
2025-11-19 15:30:00+00:00,37.060001373291016,35.657100677490234,0.0,0.0,0.0,-0.0,-0.03759252725044837,0.0,0.0,0.9919905683745076,False
2025-11-19 16:30:00+00:00,35.65999984741211,34.970001220703125,0.0,0.0,0.0,-0.0,-0.019269638970418668,0.0,0.0,0.9728752682598705,False
2025-11-19 17:30:00+00:00,34.959999084472656,34.850101470947266,0.0,0.0,-0.0,-0.0,-0.0034286458556048727,0.0,0.0,0.9695396235033308,False
2025-11-19 18:30:00+00:00,34.849998474121094,35.09000015258789,0.0,0.0,-0.0,0.0,0.006883729788867754,0.0,0.0,0.9762136722911283,False
2025-11-19 19:30:00+00:00,35.099998474121094,36.30500030517578,0.0,0.0,0.0,0.0,0.03462525355669688,0.0,0.0,1.010015318219723,False
2025-11-19 20:30:00+00:00,36.30500030517578,35.95000076293945,0.0,0.0,0.0,-0.0,-0.00977825476524552,0.0,0.0,1.0001391311213699,False
2025-11-20 14:30:00+00:00,38.790000915527344,38.665401458740234,0.0,0.0,0.0,-0.0,0.0755327020354355,0.0,0.0,1.0756823421063397,False
2025-11-20 15:30:00+00:00,38.665000915527344,36.5,0.6666666666666666,0.0,-0.0,-0.03732921012566881,-0.05600359435168234,0.6666666666666666,0.0003847728663643957,1.0154402645677487,False
2025-11-20 16:30:00+00:00,36.5,33.3885383605957,0.0,0.6666666666666666,0.0,-0.0,-0.08524552436724098,0.6666666666666666,0.0003702813415631019,0.9288785267510611,False
2025-11-20 17:30:00+00:00,33.349998474121094,34.099998474121094,0.0,0.0,-0.0,0.0,0.021308513294042264,0.0,0.0,0.9486715471868865,False
2025-11-20 18:30:00+00:00,34.09000015258789,32.54330062866211,0.0,0.0,-0.0,-0.0,-0.045650965252693076,0.0,0.0,0.9053637753500394,False
2025-11-20 19:30:00+00:00,32.540000915527344,31.625,0.0,0.0,-0.0,-0.0,-0.028217808609533823,0.0,0.0,0.879816393615207,False
2025-11-20 20:30:00+00:00,31.625,30.80620002746582,0.0,0.0,0.0,-0.0,-0.02589090822242468,0.0,0.0,0.857037148115531,False
2025-11-21 14:30:00+00:00,30.850000381469727,28.93000030517578,0.0,0.0,0.0,-0.0,-0.06090331558638451,0.0,0.0,0.8048407442145958,False
2025-11-21 15:30:00+00:00,28.934999465942383,30.31999969482422,0.0,0.0,0.0,0.0,0.04804698841982935,0.0,0.0,0.8435109181316813,False
2025-11-21 16:30:00+00:00,30.31999969482422,31.829999923706055,0.0,0.0,0.0,0.0,0.049802118868081724,0.0,0.0,0.8855195491430001,False
2025-11-21 17:30:00+00:00,31.829999923706055,30.90999984741211,0.0,0.0,0.0,-0.0,-0.028903552576158065,0.0,0.0,0.8599248882971297,False
2025-11-21 18:30:00+00:00,30.90999984741211,32.95500183105469,0.0,0.0,0.0,0.0,0.06615988333024192,0.0,0.0,0.916817418579639,False
2025-11-21 19:30:00+00:00,32.95500183105469,32.20500183105469,0.0,0.0,0.0,-0.0,-0.022758305517472266,0.0,0.0,0.8959522076638634,False
2025-11-21 20:30:00+00:00,32.20500183105469,31.700000762939453,0.0,0.0,0.0,-0.0,-0.015680827182200985,0.0,0.0,0.8819029359319749,False
2025-11-24 14:30:00+00:00,32.689998626708984,34.68000030517578,0.0,0.0,0.0,0.0,0.09400629244527514,0.0,0.0,0.9648073612355429,False
2025-11-24 15:30:00+00:00,34.685001373291016,35.560001373291016,0.0,0.0,0.0,0.0,0.025374886400560293,0.0,0.0,0.9892892384253191,False
2025-11-24 16:30:00+00:00,35.560001373291016,35.61000061035156,0.0,0.0,0.0,0.0,0.0014060527314292415,0.0,0.0,0.9906802312611807,False
2025-11-24 17:30:00+00:00,35.599998474121094,36.02000045776367,0.6666666666666666,0.0,-0.0,0.00786520602330724,0.01151361528741246,0.6666666666666666,0.0003701579144492475,1.0020865423167666,False
2025-11-24 18:30:00+00:00,36.02000045776367,35.96500015258789,0.6666666666666666,0.6666666666666666,0.0,-0.0010179586244087138,-0.0015269379366131819,0.0,0.0,1.0005564183595337,False
2025-11-24 19:30:00+00:00,35.970001220703125,35.95000076293945,0.6666666666666666,0.6666666666666666,9.270249954148231e-05,-0.0003706877413571045,-0.00041705518100376704,0.0,0.0,1.0001391311213703,False
2025-11-24 20:30:00+00:00,35.95000076293945,35.83000183105469,0.6666666666666666,0.6666666666666666,0.0,-0.0022252930799836848,-0.0033379396199755273,0.0,0.0,0.9968007270901124,False
2025-11-25 14:30:00+00:00,34.34000015258789,33.40999984741211,0.6666666666666666,0.6666666666666666,-0.027723538977055002,-0.01805475249550333,-0.0675412185311447,0.0,0.0,0.9294755913497151,False
2025-11-25 15:30:00+00:00,33.400001525878906,34.269798278808594,0.0,0.6666666666666666,-0.0001995075641797091,0.0,0.025734763104558356,0.6666666666666666,0.00035462108413309703,0.9533954255045693,False
2025-11-25 16:30:00+00:00,34.27000045776367,35.03499984741211,0.0,0.0,0.0,0.0,0.022328744464092498,0.0,0.0,0.9746835483338956,False
2025-11-25 17:30:00+00:00,35.03499984741211,35.21500015258789,0.0,0.0,0.0,0.0,0.005137728156407562,0.0,0.0,0.9796912074437579,False
2025-11-25 18:30:00+00:00,35.220001220703125,34.96500015258789,0.0,0.0,0.0,-0.0,-0.007099247449005808,0.0,0.0,0.9727361371384994,False
2025-11-25 19:30:00+00:00,34.96500015258789,35.79010009765625,0.0,0.0,0.0,0.0,0.02359788192385559,0.0,0.0,0.995690649645761,False
2025-11-25 20:30:00+00:00,35.79999923706055,36.15650177001953,0.6666666666666666,0.0,0.0,0.006638781015949094,0.010237514602181141,0.6666666666666666,0.00035443212751635046,1.0058840472107649,False
2025-11-26 14:30:00+00:00,37.439998626708984,37.91999816894531,0.6666666666666666,0.6666666666666666,0.023665579611902743,0.008547000709448138,0.04877397736492428,0.0,0.0,1.054945012961161,False
2025-11-26 15:30:00+00:00,37.93000030517578,39.29499816894531,0.6666666666666666,0.6666666666666666,0.00017584628539809205,0.023991525666351727,0.03626055027413111,0.0,0.0,1.093197899640083,False
2025-11-26 16:30:00+00:00,39.29499816894531,39.17499923706055,1.0,0.6666666666666666,0.0,-0.0030537966020214302,-0.0030537966020214302,0.33333333333333337,0.00018852675549992418,1.0898594956088252,False
2025-11-26 17:30:00+00:00,39.17499923706055,39.2400016784668,0.6666666666666666,1.0,0.0,0.0011061891967186395,0.0016592837950779593,0.33333333333333337,0.00018791961200867173,1.0916678818088008,False
2025-11-26 18:30:00+00:00,39.25,39.63999938964844,0.6666666666666666,0.6666666666666666,0.00016986614178608286,0.006624193454750552,0.010193621153720356,0.0,0.0,1.1027959306216442,False
2025-11-26 19:30:00+00:00,39.650001525878906,40.010101318359375,0.6666666666666666,0.6666666666666666,0.00016821621904602085,0.006054641086548814,0.00933657755826256,0.0,0.0,1.1130922703588295,False
2025-11-26 20:30:00+00:00,40.012001037597656,39.130001068115234,0.6666666666666666,0.6666666666666666,3.165399362803356e-05,-0.014695590433041028,-0.021996951300902845,0.0,0.0,1.088607633894335,False
2025-11-28 14:30:00+00:00,39.650001525878906,40.11000061035156,0.6666666666666666,0.6666666666666666,0.008859365253759854,0.007734326469444053,0.02504471033697131,0.0,0.0,1.1158714967558343,False
2025-11-28 15:30:00+00:00,40.11000061035156,40.63999938964844,0.6666666666666666,0.6666666666666666,0.0,0.008809087862243992,0.013213631793365987,0.0,0.0,1.1306162118426781,False
2025-11-28 16:30:00+00:00,40.63999938964844,40.775001525878906,0.6666666666666666,0.6666666666666666,0.0,0.0022146020055446116,0.0033219030083169176,0.0,0.0,1.1343720092380503,False
2025-11-28 18:00:00+00:00,40.77370071411133,41.209999084472656,0.6666666666666666,0.6666666666666666,-2.126812538564652e-05,0.0071336566253899685,0.010668241381123433,0.0,0.0,1.1464737636485918,False
2025-12-01 14:30:00+00:00,39.57500076293945,40.80649948120117,0.6666666666666666,0.6666666666666666,-0.026449864237750788,0.020745398096786584,-0.009791303378687055,0.0,0.0,1.1352482912130033,False
2025-12-01 15:30:00+00:00,40.79999923706055,41.27519989013672,0.6666666666666666,0.6666666666666666,-0.0001061962223872411,0.0077647166987285425,0.011485925401453878,0.0,0.0,1.148287668398004,False
2025-12-01 16:30:00+00:00,41.27000045776367,41.810001373291016,0.6666666666666666,0.6666666666666666,-8.397992639467647e-05,0.008723058065385647,0.012956968944494385,0.0,0.0,1.1631659960567826,False
2025-12-01 17:30:00+00:00,41.810001373291016,41.97999954223633,0.6666666666666666,0.6666666666666666,0.0,0.0027106459915738528,0.00406596898736078,0.0,0.0,1.1678953929239022,False
2025-12-01 18:30:00+00:00,41.9900016784668,41.5099983215332,0.6666666666666666,0.6666666666666666,0.00015883970683712906,-0.007620915102745318,-0.011195836727683983,0.0,0.0,1.1548198267897118,False
2025-12-01 19:30:00+00:00,41.5099983215332,41.35449981689453,0.6666666666666666,0.6666666666666666,0.0,-0.002497366272003365,-0.0037460494080050477,0.0,0.0,1.1504938146612138,False
2025-12-01 20:30:00+00:00,41.36000061035156,41.329200744628906,0.6666666666666666,0.6666666666666666,8.867706426762823e-05,-0.000496451729015801,-0.0006117610508564741,0.0,0.0,1.1497899873561528,False
2025-12-02 14:30:00+00:00,42.790000915527344,43.599998474121094,0.6666666666666666,0.6666666666666666,0.02356364901940481,0.012619732667495349,0.054944148170765095,0.0,0.0,1.2129642187867113,False
2025-12-02 15:30:00+00:00,43.59000015258789,42.439998626708984,1.0,0.6666666666666666,-0.00015287953949716382,-0.02638223266467765,-0.026605502018552385,0.33333333333333337,0.0002019552496395191,1.1806926968153497,False
2025-12-02 16:30:00+00:00,42.439998626708984,43.459999084472656,1.0,1.0,0.0,0.02403394181831442,0.02403394181831442,0.0,0.0,1.2090693963959185,False
2025-12-02 17:30:00+00:00,43.470001220703125,43.58000183105469,0.6666666666666666,1.0,0.0002301457993827416,0.0016869965073625555,0.002761222943166386,0.33333333333333337,0.0002012868613621124,1.2124079065531272,False
2025-12-02 18:30:00+00:00,43.58000183105469,43.81370162963867,0.6666666666666666,0.6666666666666666,0.0,0.0035750311880812604,0.005362546782121891,0.0,0.0,1.2189095006710329,False
2025-12-02 19:30:00+00:00,43.810001373291016,44.21500015258789,1.0,0.6666666666666666,-5.630287954113318e-05,0.009244436580725157,0.009159201528814664,0.33333333333333337,0.00020236007557090149,1.2300737384330658,False
2025-12-02 20:30:00+00:00,44.209999084472656,43.779998779296875,1.0,1.0,-0.00011310795200669688,-0.00972631336983687,-0.009838321198457733,0.0,0.0,1.2179718778965736,False
2025-12-03 14:30:00+00:00,44.45000076293945,44.650001525878906,1.0,1.0,0.01530383742174557,0.004499454657067359,0.019872151001371074,0.0,0.0,1.2421755989695578,False
2025-12-03 15:30:00+00:00,44.63999938964844,44.560001373291016,1.0,1.0,-0.00022401200198551852,-0.0017920702834053337,-0.0020156808401390336,0.0,0.0,1.2396717694146266,False
2025-12-03 16:30:00+00:00,44.56999969482422,44.939998626708984,1.0,1.0,0.00022437884257331397,0.008301524218492062,0.008527765747460947,0.0,0.0,1.250243399867935,False
2025-12-03 17:30:00+00:00,44.92499923706055,45.220001220703125,1.0,1.0,-0.00033376479988411756,0.006566543987811979,0.0062305875066879235,0.0,0.0,1.2580331507754712,False
2025-12-03 18:30:00+00:00,45.220001220703125,45.67639923095703,1.0,1.0,0.0,0.010092834983050691,0.010092834983050691,0.0,0.0,1.2707302717694553,False
2025-12-03 19:30:00+00:00,45.68000030517578,46.41999816894531,1.0,1.0,7.883883754811194e-05,0.01619960286396238,0.016279718859369074,0.0,0.0,1.2914174033399517,False
2025-12-03 20:30:00+00:00,46.42499923706055,46.582000732421875,1.0,1.0,0.00010773520707685336,0.003381830865728741,0.0034899304150541877,0.0,0.0,1.2959243602143982,False
2025-12-04 14:30:00+00:00,45.88999938964844,45.724998474121094,1.0,1.0,-0.01485555218524126,-0.003595574585354311,-0.0183977125247069,0.0,0.0,1.272082316381409,False
2025-12-04 15:30:00+00:00,45.724998474121094,45.512699127197266,1.0,1.0,0.0,-0.004642960175143207,-0.004642960175143207,0.0,0.0,1.2661760888469462,False
2025-12-04 16:30:00+00:00,45.5099983215332,45.619998931884766,1.0,1.0,-5.934180384503662e-05,0.002417064698055915,0.002357579461231829,0.0,0.0,1.2691611995883145,False
2025-12-04 17:30:00+00:00,45.619998931884766,45.72010040283203,1.0,1.0,0.0,0.0021942453592935784,0.0021942453592935784,0.0,0.0,1.2719460506607068,False
2025-12-04 18:30:00+00:00,45.720001220703125,45.16999816894531,1.0,1.0,-2.169333138679619e-06,-0.012029812709382859,-0.01203195594585027,0.0,0.0,1.256642051813659,False
2025-12-04 19:30:00+00:00,45.17499923706055,44.46500015258789,1.0,1.0,0.00011071658884143076,-0.015716637442468206,-0.015607660946112656,0.0,0.0,1.237028808738324,False
2025-12-04 20:30:00+00:00,44.459999084472656,45.209999084472656,1.0,1.0,-0.0001124720139001889,0.016869096163835362,0.016754726848716928,0.0,0.0,1.2577548885327283,False
2025-12-05 14:30:00+00:00,46.470001220703125,47.314998626708984,1.0,1.0,0.02786998809436425,0.01818371817966291,0.04656048628320564,0.0,0.0,1.3163165677678912,False
2025-12-05 15:30:00+00:00,47.310001373291016,46.81999969482422,1.0,1.0,-0.00010561668737207874,-0.01035725352448269,-0.010461776313047122,0.0,0.0,1.3025455582787455,False
2025-12-05 16:30:00+00:00,46.810001373291016,46.85449981689453,1.0,1.0,-0.00021354809052487322,0.0009506182930578699,0.0007368671998118081,0.0,0.0,1.3035053613769017,False
2025-12-05 17:30:00+00:00,46.85499954223633,47.25,1.0,1.0,1.066547169958909e-05,0.008430273431282664,0.00844102881582498,0.0,0.0,1.3145082876938665,False
2025-12-05 18:30:00+00:00,47.25,47.08000183105469,1.0,1.0,0.0,-0.003597844845403486,-0.003597844845403486,0.0,0.0,1.309778890826747,False
2025-12-05 19:30:00+00:00,47.08000183105469,47.009700775146484,1.0,1.0,0.0,-0.0014932254285052737,-0.0014932254285053848,0.0,0.0,1.3078230956812449,False
2025-12-05 20:30:00+00:00,47.005001068115234,46.5099983215332,1.0,1.0,-9.997313222076532e-05,-0.01053085278872179,-0.010629773118604247,0.0,0.0,1.2939212328948826,False
2025-12-08 14:30:00+00:00,47.560001373291016,47.4900016784668,1.0,1.0,0.02257585658246919,-0.0014718186039315295,0.021070810412819885,0.0,0.0,1.321185201882333,False
2025-12-08 15:30:00+00:00,47.4900016784668,47.34000015258789,1.0,1.0,0.0,-0.0031585917156731202,-0.0031585917156731202,0.0,0.0,1.3170121172487974,False
2025-12-08 16:30:00+00:00,47.31999969482422,47.333099365234375,1.0,1.0,-0.0004224853759865477,0.00027683158272684416,-0.00014577075055488553,0.0,0.0,1.3168201354039761,False
2025-12-08 17:30:00+00:00,47.334999084472656,47.650001525878906,1.0,1.0,4.013511187217489e-05,0.006654746963110858,0.0066951491639968275,0.0,0.0,1.3256364426326603,False
2025-12-08 18:30:00+00:00,47.630001068115234,47.43000030517578,1.0,1.0,-0.00041973677068629645,-0.0041990501460085206,-0.0046170244209465805,0.0,0.0,1.3195159468037285,False
2025-12-08 19:30:00+00:00,47.41999816894531,47.46369934082031,1.0,1.0,-0.00021088206127162223,0.0009215768359860377,0.0007105004306915408,0.0,0.0,1.320453463452237,False
2025-12-08 20:30:00+00:00,47.46500015258789,47.9900016784668,1.0,1.0,2.7406455578526945e-05,0.011060813740464859,0.01108852333374366,0.0,0.0,1.3350953424928498,False
2025-12-09 14:30:00+00:00,46.9901008605957,47.459999084472656,1.0,1.0,-0.020835607061871597,0.009999940737964952,-0.011044021159764883,0.0,0.0,1.3203505212800553,False
2025-12-09 15:30:00+00:00,47.45000076293945,47.720001220703125,1.0,1.0,-0.00021066838866568016,0.005690209766541443,0.005478342630552913,0.0,0.0,1.3275838538280564,False
2025-12-09 16:30:00+00:00,47.7400016784668,47.82500076293945,1.0,1.0,0.0004191210656339095,0.001780458346967162,0.0022003256402007842,0.0,0.0,1.330504970621151,False
2025-12-09 17:30:00+00:00,47.83000183105469,47.779998779296875,1.0,1.0,0.00010457016279041831,-0.0010454327795017537,-0.0009409719377870829,0.0,0.0,1.3292530027807101,False
2025-12-09 18:30:00+00:00,47.779998779296875,47.66080093383789,1.0,1.0,0.0,-0.0024947226560130265,-0.0024947226560130265,0.0,0.0,1.3259368851990998,False
2025-12-09 19:30:00+00:00,47.66999816894531,47.560001373291016,1.0,1.0,0.00019297273497742573,-0.002307463811189181,-0.002114936353814212,0.0,0.0,1.323132613077729,False
2025-12-09 20:30:00+00:00,47.55500030517578,47.77000045776367,1.0,1.0,-0.0001051528168803939,0.004521084033396461,0.004415455811794589,0.0,0.0,1.328974846663918,False
2025-12-10 14:30:00+00:00,47.64500045776367,47.76499938964844,1.0,1.0,-0.002616705019932386,0.00251860490569511,-0.00010469056033735047,0.0,0.0,1.3288357155425465,False
2025-12-10 15:30:00+00:00,47.7599983215332,47.689998626708984,1.0,1.0,-0.00010470152159824941,-0.0014656553032720288,-0.0015702033685298655,0.0,0.0,1.3267491732257788,False
2025-12-10 16:30:00+00:00,47.68000030517578,47.53499984741211,1.0,1.0,-0.0002096523762029623,-0.003041116963833801,-0.003250131762639108,0.0,0.0,1.3224370635968226,False
2025-12-10 17:30:00+00:00,47.529998779296875,47.83879852294922,1.0,1.0,-0.0001052081230943358,0.006496944068655308,0.006391052414269627,0.0,0.0,1.3308888281848428,False
2025-12-10 18:30:00+00:00,47.83000183105469,48.34939956665039,1.0,1.0,-0.00018388195703344934,0.010859245572064191,0.010673366795703076,0.0,0.0,1.345093892812363,False
2025-12-10 19:30:00+00:00,48.34000015258789,49.89440155029297,1.0,1.0,-0.00019440601427822557,0.03215559356223663,0.031954936307177384,0.0,0.0,1.3880762824843553,False
2025-12-10 20:30:00+00:00,49.89500045776367,49.619998931884766,1.0,1.0,1.2003500434731862e-05,-0.005511604837276196,-0.005499667495392546,0.0,0.0,1.3804423244724509,False
2025-12-11 14:30:00+00:00,48.0099983215332,46.790000915527344,1.0,1.0,-0.03244660711423375,-0.025411319488813033,-0.05703341550333907,0.0,0.0,1.3017109838024183,False
2025-12-11 15:30:00+00:00,46.79999923706055,45.810001373291016,1.0,1.0,0.00021368500400864576,-0.021153800852747873,-0.020944636098759184,0.0,0.0,1.274447120940919,False
2025-12-11 16:30:00+00:00,45.79999923706055,46.79010009765625,1.0,1.0,-0.00021833957499728385,0.02161792308054311,0.02139486345740793,0.0,0.0,1.3017137430771366,False
2025-12-11 17:30:00+00:00,46.79499816894531,47.29999923706055,0.6666666666666666,1.0,0.00010468178693434638,0.007194516335442694,0.0108975859923377,0.33333333333333337,0.00021581499426291602,1.3158992805297274,False
2025-12-11 18:30:00+00:00,47.28010177612305,47.91419982910156,1.0,0.6666666666666666,-0.00028044342858975685,0.013411520473899374,0.012985213571838239,0.33333333333333337,0.00021735430149811026,1.332986513726434,False
2025-12-11 19:30:00+00:00,47.91999816894531,48.16999816894531,1.0,1.0,0.00012101506159822861,0.0052170285799804095,0.005338674980613689,0.0,0.0,1.3401028954767609,False
2025-12-11 20:30:00+00:00,48.18000030517578,48.78499984741211,1.0,1.0,0.00020764244572712975,0.012557068044919406,0.01276731787096641,0.0,0.0,1.357212415123115,False
2025-12-12 14:30:00+00:00,46.91999816894531,43.88930130004883,1.0,1.0,-0.03822899834580462,-0.06459285991409935,-0.10035253792509713,0.0,0.0,1.22101270476206,False
2025-12-12 15:30:00+00:00,43.875,42.86000061035156,0.6666666666666666,1.0,-0.0003258493442640509,-0.015422592815170924,-0.02345220040438689,0.33333333333333337,0.00020112302295597102,1.1923772701136777,False
2025-12-12 16:30:00+00:00,42.8650016784668,42.79999923706055,0.6666666666666666,0.6666666666666666,7.778920584877724e-05,-0.0010109637056020155,-0.0013999386942735725,0.0,0.0,1.1907080150350733,False
2025-12-12 17:30:00+00:00,42.79999923706055,43.7400016784668,0.6666666666666666,0.6666666666666666,0.0,0.014641782837421236,0.021962674256131853,0.0,0.0,1.216859147303454,False
2025-12-12 18:30:00+00:00,43.75,42.00859832763672,0.6666666666666666,0.6666666666666666,0.00015239020194372324,-0.026535644531249975,-0.03958397998147423,0.0,0.0,1.1686910191763202,False
2025-12-12 19:30:00+00:00,42.005001068115234,41.53499984741211,0.6666666666666666,0.6666666666666666,-5.708767037685784e-05,-0.0074594486172566326,-0.011273846285726696,0.0,0.0,1.1555153762706172,False
2025-12-12 20:30:00+00:00,41.53499984741211,41.70000076293945,0.6666666666666666,0.6666666666666666,0.0,0.0026483835501546573,0.003972575325231986,0.0,0.0,1.160105748142316,False
2025-12-15 14:30:00+00:00,43.10499954223633,41.130001068115234,0.6666666666666666,0.6666666666666666,0.022462010449099047,-0.030545543751228456,-0.013669057179749533,0.0,0.0,1.1442481963364026,False
2025-12-15 15:30:00+00:00,41.119998931884766,42.65999984741211,0.6666666666666666,0.6666666666666666,-0.00016212231089585138,0.02496759007019674,0.037199094081302064,0.0,0.0,1.1868131926442806,False
2025-12-15 16:30:00+00:00,42.66999816894531,42.130001068115234,0.6666666666666666,0.6666666666666666,0.00015624818829455359,-0.008436795937855363,-0.012423787651021811,0.0,0.0,1.1720684775574368,False
2025-12-15 17:30:00+00:00,42.1349983215332,41.529998779296875,0.6666666666666666,0.6666666666666666,7.907671953910622e-05,-0.009572399293331127,-0.014241687007039983,0.0,0.0,1.155376245149246,False
2025-12-15 18:30:00+00:00,41.529998779296875,41.81999969482422,0.6666666666666666,0.6666666666666666,0.0,0.004655284116725629,0.006982926175088444,0.0,0.0,1.163444152173574,False
2025-12-15 19:30:00+00:00,41.83000183105469,41.45000076293945,0.6666666666666666,0.6666666666666666,0.00015944741437046162,-0.006056276220912796,-0.008847415939377767,0.0,0.0,1.1531506778370577,False
2025-12-15 20:30:00+00:00,41.44499969482422,41.16999816894531,0.6666666666666666,0.6666666666666666,-8.04353522023682e-05,-0.00442355777381831,-0.006755189115569271,0.0,0.0,1.1453609269295215,False
2025-12-16 14:30:00+00:00,40.75,39.759300231933594,0.6666666666666666,0.6666666666666666,-0.0068010393915460075,-0.016207767166730593,-0.03426519309577747,0.0,0.0,1.1061149136039228,False
2025-12-16 15:30:00+00:00,39.75199890136719,39.88990020751953,0.6666666666666666,0.6666666666666666,-0.00012242553773692913,0.0023126938680409674,0.003284765446677662,0.0,0.0,1.1097482416521838,False
2025-12-16 16:30:00+00:00,39.880001068115234,39.939998626708984,0.6666666666666666,0.6666666666666666,-0.00016544103232144872,0.001002968187676719,0.0012559173858250894,0.0,0.0,1.1111419937627636,False
2025-12-16 17:30:00+00:00,39.94499969482422,39.665000915527344,0.6666666666666666,0.6666666666666666,8.347635264878879e-05,-0.004673071831034973,-0.006885270922311615,0.0,0.0,1.1034914801025495,False
2025-12-16 18:30:00+00:00,39.65999984741211,39.88999938964844,0.6666666666666666,0.6666666666666666,-8.405509474858815e-05,0.003866188319402071,0.005672468648122875,0.0,0.0,1.1097510009269018,False
2025-12-16 19:30:00+00:00,39.88999938964844,40.22999954223633,0.6666666666666666,0.6666666666666666,0.0,0.005682295609429122,0.008523443414143683,0.0,0.0,1.1192099007870915,False
2025-12-16 20:30:00+00:00,40.23500061035156,40.439998626708984,0.6666666666666666,0.6666666666666666,8.287460721086622e-05,0.00339667807046388,0.005219962387824184,0.0,0.0,1.1250521343732804,False
2025-12-17 14:30:00+00:00,41.0,39.97999954223633,0.6666666666666666,0.6666666666666666,0.009231806665149259,-0.016585373296970296,-0.011374854107162213,0.0,0.0,1.112254830481833,False
2025-12-17 15:30:00+00:00,39.97999954223633,37.18000030517578,0.0,0.6666666666666666,0.0,-0.0,-0.07003499922761436,0.6666666666666666,0.0003785754052893487,1.0343580642881274,False
2025-12-17 16:30:00+00:00,37.18000030517578,37.02000045776367,0.0,0.0,0.0,-0.0,-0.004303384779419606,0.0,0.0,1.0299068235378,False
2025-12-17 17:30:00+00:00,37.02000045776367,36.51499938964844,0.0,0.0,0.0,-0.0,-0.013641303670198335,0.0,0.0,1.0158575518059114,False
2025-12-17 18:30:00+00:00,36.5099983215332,35.861900329589844,0.0,0.0,-0.0,-0.0,-0.01788577491373966,0.0,0.0,0.9976881522898883,False
2025-12-17 19:30:00+00:00,35.86000061035156,35.869998931884766,0.0,0.0,-0.0,0.0,0.0002258274720661202,0.0,0.0,0.9979134576832303,False
2025-12-17 20:30:00+00:00,35.875,36.00920104980469,0.0,0.0,0.0,0.0,0.0038807393940618606,0.0,0.0,1.001786099750326,False
2025-12-18 14:30:00+00:00,39.970001220703125,39.244998931884766,0.0,0.0,0.0,-0.0,0.08986030758096009,0.0,0.0,1.0918069068042207,False
2025-12-18 15:30:00+00:00,39.2400016784668,39.11949920654297,0.0,0.0,-0.0,-0.0,-0.003197852688430869,0.0,0.0,1.0883154691520494,False
2025-12-18 16:30:00+00:00,39.1150016784668,38.4900016784668,0.0,0.0,-0.0,-0.0,-0.01609165610102925,0.0,0.0,1.0708026708930243,False
2025-12-18 17:30:00+00:00,38.4900016784668,39.52000045776367,0.0,0.0,0.0,0.0,0.02676016457211805,0.0,0.0,1.0994575265903852,False
2025-12-18 18:30:00+00:00,39.529998779296875,39.06999969482422,0.0,0.0,0.0,-0.0,-0.011386658849368847,0.0,0.0,1.0869383788157296,False
2025-12-18 19:30:00+00:00,39.064998626708984,39.30500030517578,0.0,0.0,-0.0,0.0,0.00601486081871383,0.0,0.0,1.0934761618828246,False
2025-12-18 20:30:00+00:00,39.29999923706055,38.57500076293945,0.0,0.0,-0.0,-0.0,-0.018572688883561672,0.0,0.0,1.0731673693265837,False
2025-12-19 14:30:00+00:00,39.599998474121094,41.435001373291016,0.0,0.0,0.0,0.0,0.07414129757060905,0.0,0.0,1.1527333905988937,False
2025-12-19 15:30:00+00:00,41.43989944458008,41.61000061035156,0.0,0.0,0.0,0.0,0.004223464010148392,0.0,0.0,1.1576019185873845,False
2025-12-19 16:30:00+00:00,41.619998931884766,41.970001220703125,0.0,0.0,0.0,0.0,0.008651780943786047,0.0,0.0,1.167617236807109,False
2025-12-19 17:30:00+00:00,41.974998474121094,42.244998931884766,0.0,0.0,0.0,0.0,0.006552244536175644,0.0,0.0,1.1752677504673228,False
2025-12-19 18:30:00+00:00,42.249900817871094,42.08000183105469,0.0,0.0,0.0,-0.0,-0.0039057191384028744,0.0,0.0,1.1706774847215748,False
2025-12-19 19:30:00+00:00,42.07500076293945,42.30500030517578,0.0,0.0,-0.0,0.0,0.0053469216808599285,0.0,0.0,1.1769370055459272,False
2025-12-19 20:30:00+00:00,42.29999923706055,41.79499816894531,0.6666666666666666,0.0,-0.0,-0.007959039830159664,-0.01205536301977217,0.6666666666666666,0.00037844921348758557,1.1627486026926674,False
2025-12-22 14:30:00+00:00,44.45000076293945,43.22999954223633,0.0,0.6666666666666666,0.0423496065767166,-0.0,0.034334284870414455,0.6666666666666666,0.0003753109713859161,1.2026707444501938,False
2025-12-22 15:30:00+00:00,43.23500061035156,43.36989974975586,0.6666666666666666,0.0,0.0,0.002080091553909498,0.0032361834143173063,0.6666666666666666,0.00039108013971090634,1.2065628075662682,False
2025-12-22 16:30:00+00:00,43.367801666259766,43.371700286865234,0.6666666666666666,0.6666666666666666,-3.225099294209184e-05,5.993110795987633e-05,4.1515823641757876e-05,0.0,0.0,1.2066128990149998,False
2025-12-22 17:30:00+00:00,43.380001068115234,43.359901428222656,0.6666666666666666,0.6666666666666666,0.00012759135865240503,-0.0003088925679680295,-0.0002720404910238061,0.0,0.0,1.206284651449476,False
2025-12-22 18:30:00+00:00,43.36000061035156,43.39500045776367,0.6666666666666666,0.6666666666666666,1.5249439480058413e-06,0.0005381280276666918,0.0008094813038059812,0.0,0.0,1.2072611163218925,False
2025-12-22 19:30:00+00:00,43.400001525878906,43.32640075683594,0.6666666666666666,0.6666666666666666,7.683017340672411e-05,-0.00113058012988132,-0.0015808203757137207,0.0,0.0,1.205352653350404,False
2025-12-22 20:30:00+00:00,43.31999969482422,43.27000045776367,0.6666666666666666,0.6666666666666666,-9.84936343646492e-05,-0.0007694557927481563,-0.0013017536210496727,0.0,0.0,1.2037835811692632,False
2025-12-23 14:30:00+00:00,42.6150016784668,42.939998626708984,0.6666666666666666,0.6666666666666666,-0.01009165353004371,0.005084233805649152,-0.007626573320164587,0.0,0.0,1.1946028374258655,False
2025-12-23 15:30:00+00:00,42.939998626708984,43.36000061035156,0.6666666666666666,0.6666666666666666,0.0,0.006520757600914824,0.009781136401372237,0.0,0.0,1.206287410724194,False
2025-12-23 16:30:00+00:00,43.349998474121094,43.60049819946289,0.6666666666666666,0.6666666666666666,-0.00015378438022254728,0.0038523603869150174,0.00554653103611602,0.0,0.0,1.2129781212862518,False
2025-12-23 17:30:00+00:00,43.599998474121094,43.5900993347168,0.6666666666666666,0.6666666666666666,-7.640972961834672e-06,-0.000151362993130603,-0.00023850334687725017,0.0,0.0,1.2126888219446361,False
2025-12-23 18:30:00+00:00,43.590999603271484,43.709999084472656,0.6666666666666666,0.6666666666666666,1.3768700820075233e-05,0.0018199396249104123,0.002750618869555188,0.0,0.0,1.2160244667011757,False
2025-12-23 19:30:00+00:00,43.709999084472656,43.72999954223633,0.6666666666666666,0.6666666666666666,0.0,0.000305047787426016,0.000457571681139024,0.0,0.0,1.2165808850607103,False
2025-12-23 20:30:00+00:00,43.72999954223633,43.70000076293945,0.6666666666666666,0.6666666666666666,0.0,-0.000457333327401462,-0.000685999991102193,0.0,0.0,1.2157463105843835,False
2025-12-24 14:30:00+00:00,43.7599983215332,43.9900016784668,0.6666666666666666,0.6666666666666666,0.0009152945468540175,0.0035040122753754823,0.006636176440831587,0.0,0.0,1.2238142176087115,False
2025-12-24 15:30:00+00:00,43.99089813232422,43.99919891357422,0.6666666666666666,0.6666666666666666,1.3585721349092712e-05,0.00012579543500157442,0.00020907557982474678,0.0,0.0,1.2240700872758559,False
2025-12-24 16:30:00+00:00,44.0,44.10940170288086,0.6666666666666666,0.6666666666666666,1.2137894106552711e-05,0.0016576015588009398,0.002504654448893584,0.0,0.0,1.227135959865709,False
2025-12-24 18:00:00+00:00,44.10169982910156,44.04999923706055,0.6666666666666666,0.6666666666666666,-0.00011640562604127898,-0.0007815358930435649,-0.0013467075844838527,0.0,0.0,1.225483366561365,False
2025-12-26 14:30:00+00:00,44.75,44.435001373291016,0.6666666666666666,0.6666666666666666,0.01059403367481441,-0.004692716971455975,0.008740116751388083,0.0,0.0,1.2361942342619954,False
2025-12-26 15:30:00+00:00,44.43000030517578,44.45899963378906,0.6666666666666666,0.6666666666666666,-7.503196370239884e-05,0.0004351313438982392,0.0005400756105855553,0.0,0.0,1.2368618726178668,False
2025-12-26 16:30:00+00:00,44.459999084472656,44.36000061035156,0.6666666666666666,0.6666666666666666,1.498685218326301e-05,-0.0014994523343871227,-0.002226748785464361,0.0,0.0,1.2341076919452278,False
2025-12-26 17:30:00+00:00,44.36000061035156,44.47959899902344,0.6666666666666666,0.6666666666666666,0.0,0.0017973908480059344,0.002696086272008902,0.0,0.0,1.237434952751662,False
2025-12-26 18:30:00+00:00,44.474998474121094,44.48040008544922,0.6666666666666666,0.6666666666666666,-6.8953333001683e-05,8.096850685331465e-05,1.8010198918450016e-05,0.0,0.0,1.2374572392013097,False
2025-12-26 19:30:00+00:00,44.48889923095703,44.38999938964844,0.6666666666666666,0.6666666666666666,0.0001273841286121661,-0.001482015259509565,-0.0020323714630964274,0.0,0.0,1.2349422664215548,False
2025-12-26 20:30:00+00:00,44.38999938964844,44.189998626708984,0.6666666666666666,0.6666666666666666,0.0,-0.0030036910068245897,-0.004505536510236885,0.0,0.0,1.2293781889521578,False
2025-12-29 14:30:00+00:00,42.97999954223633,43.31850051879883,0.6666666666666666,0.6666666666666666,-0.018254493808188183,0.005250519313909555,-0.01972161427910535,0.0,0.0,1.2051328665064982,False
2025-12-29 15:30:00+00:00,43.310001373291016,43.29499816894531,0.6666666666666666,0.6666666666666666,-0.00013080085730917307,-0.00023094287493230503,-0.0005425476314286914,0.0,0.0,1.2044790245242183,False
2025-12-29 16:30:00+00:00,43.279998779296875,42.869998931884766,0.6666666666666666,0.6666666666666666,-0.0002309641649581954,-0.006315463015651075,-0.009816358818219961,0.0,0.0,1.192655426230469,False
2025-12-29 17:30:00+00:00,42.869998931884766,43.150001525878906,0.6666666666666666,0.6666666666666666,0.0,0.0043542897281776405,0.006531434592266461,0.0,0.0,1.200445177138005,False
2025-12-29 18:30:00+00:00,43.13999938964844,43.35499954223633,0.6666666666666666,0.6666666666666666,-0.00015453280613009213,0.003322518244935087,0.004750822922554798,0.0,0.0,1.2061482796028224,False
2025-12-29 19:30:00+00:00,43.35499954223633,43.66419982910156,0.6666666666666666,0.6666666666666666,0.0,0.004754550265327673,0.007131825397991509,0.0,0.0,1.2147503185370376,False
2025-12-29 20:30:00+00:00,43.66999816894531,43.84980010986328,0.6666666666666666,0.6666666666666666,8.85292736604685e-05,0.0027448583841988374,0.0042506282375067705,0.0,0.0,1.2199137705425316,False
2025-12-30 14:30:00+00:00,44.150001525878906,44.03179931640625,0.6666666666666666,0.6666666666666666,0.0045640864232521965,-0.0017848577634947589,0.00415051393819299,0.0,0.0,1.224977039650562,False
2025-12-30 15:30:00+00:00,44.029998779296875,44.6150016784668,0.6666666666666666,0.6666666666666666,-2.7261163330886497e-05,0.008857641235350783,0.013245026801419924,0.0,0.0,1.2412018933718576,False
2025-12-30 16:30:00+00:00,44.6150016784668,44.20560073852539,0.6666666666666666,0.6666666666666666,0.0,-0.006117537816717533,-0.00917630672507641,0.0,0.0,1.229812244090532,False
2025-12-30 17:30:00+00:00,44.20000076293945,44.095001220703125,0.6666666666666666,0.6666666666666666,-8.445348541637661e-05,-0.0015837034754739854,-0.0025019345054591025,0.0,0.0,1.2267353344018057,False
2025-12-30 18:30:00+00:00,44.09000015258789,44.07500076293945,0.6666666666666666,0.6666666666666666,-7.561050726515953e-05,-0.0002267995705228139,-0.00045357653271327347,0.0,0.0,1.226178916042271,False
2025-12-30 19:30:00+00:00,44.07500076293945,43.77000045776367,0.6666666666666666,0.6666666666666666,0.0,-0.004613352995215998,-0.006920029492823998,0.0,0.0,1.2176937217797794,False
2025-12-30 20:30:00+00:00,43.7599983215332,43.68000030517578,0.6666666666666666,0.6666666666666666,-0.00015234385996287791,-0.0012187388699853585,-0.0020562063433089417,0.0,0.0,1.2151898922248483,False
2025-12-31 14:30:00+00:00,43.88999938964844,43.21879959106445,0.6666666666666666,0.6666666666666666,0.0032051142094851786,-0.010195182014398913,-0.0105586243335416,0.0,0.0,1.2023591586589293,False
2025-12-31 15:30:00+00:00,43.209999084472656,43.275001525878906,0.0,0.6666666666666666,-0.00013575121127947415,0.0,0.001300404808699751,0.6666666666666666,0.0003910532572571888,1.2039227122906335,False
2025-12-31 16:30:00+00:00,43.27000045776367,43.18000030517578,0.0,0.0,-0.0,-0.0,-0.002195290984480125,0.0,0.0,1.201279751614331,False
2025-12-31 17:30:00+00:00,43.16999816894531,43.14500045776367,0.0,0.0,-0.0,-0.0,-0.0008105569051585215,0.0,0.0,1.2003060460166328,False
2025-12-31 18:30:00+00:00,43.145999908447266,42.83000183105469,0.0,0.0,0.0,-0.0,-0.007300929965624814,0.0,0.0,1.1915426956373494,False
2025-12-31 19:30:00+00:00,42.83000183105469,42.18000030517578,0.0,0.0,0.0,-0.0,-0.015176313287187493,0.0,0.0,1.173459470393297,False
2025-12-31 20:30:00+00:00,42.18000030517578,42.029998779296875,0.0,0.0,0.0,-0.0,-0.0035562239163972054,0.0,0.0,1.1692863857597615,False
2026-01-02 14:30:00+00:00,45.130001068115234,46.33110046386719,0.0,0.0,0.0,0.0,0.10233409016154793,0.0,0.0,1.2889442441847714,False
2026-01-02 15:30:00+00:00,46.33000183105469,46.720001220703125,0.6666666666666666,0.0,-0.0,0.005611905521762346,0.008393946030684774,0.6666666666666666,0.00039086982021808894,1.29976357260702,False
2026-01-02 16:30:00+00:00,46.709999084472656,46.470001220703125,0.6666666666666666,0.6666666666666666,-0.00014272454293854744,-0.0034253602864989423,-0.005351027257448293,0.0,0.0,1.2928085023017615,False
2026-01-02 17:30:00+00:00,46.47999954223633,46.68000030517578,1.0,0.6666666666666666,0.0001434376482398747,0.00430294244641094,0.0045190247246884585,0.33333333333333337,0.00019576551815432094,1.2986507358879507,False
2026-01-02 18:30:00+00:00,46.68000030517578,47.283199310302734,1.0,1.0,0.0,0.012922000882250817,0.012922000882250817,0.0,0.0,1.3154319018428304,False
2026-01-02 19:30:00+00:00,47.28150177001953,47.91999816894531,1.0,1.0,-3.590155293986541e-05,0.013504148028788743,0.013467761655963528,0.0,0.0,1.3331478251715005,False
2026-01-02 20:30:00+00:00,47.91999816894531,47.27000045776367,1.0,1.0,0.0,-0.013564226544626079,-0.01356422654462619,0.0,0.0,1.3150647060533986,False
2026-01-05 14:30:00+00:00,50.345001220703125,50.654998779296875,1.0,1.0,0.06505184542333575,0.006157464516383326,0.07160986436963834,0.0,0.0,1.4092363112911808,False
2026-01-05 15:30:00+00:00,50.665000915527344,50.83000183105469,1.0,1.0,0.00019745605510812503,0.0032567040865636443,0.0034548031976133764,0.0,0.0,1.4141049454056225,False
2026-01-05 16:30:00+00:00,50.83000183105469,49.67499923706055,1.0,1.0,0.0,-0.022722851709371605,-0.022722851709371494,0.0,0.0,1.3819724484296816,False
2026-01-05 17:30:00+00:00,49.67499923706055,49.2400016784668,1.0,1.0,0.0,-0.008756870966778352,-0.008756870966778352,0.0,0.0,1.36987069401914,False
2026-01-05 18:30:00+00:00,49.2400016784668,48.9208984375,1.0,1.0,0.0,-0.006480569254455282,-0.006480569254455282,0.0,0.0,1.3609931521169003,False
2026-01-05 19:30:00+00:00,48.93000030517578,49.290000915527344,1.0,1.0,0.00018605274977545605,0.007357461845621138,0.007544883471404251,0.0,0.0,1.3712616868550014,False
2026-01-05 20:30:00+00:00,49.290000915527344,49.2400016784668,1.0,1.0,0.0,-0.0010143890471058237,-0.0010143890471058237,0.0,0.0,1.3698706940191399,False
2026-01-06 14:30:00+00:00,51.74879837036133,53.36000061035156,1.0,1.0,0.05095037787116197,0.031135065754744895,0.08367178699115452,0.0,0.0,1.4844902229345343,False
2026-01-06 15:30:00+00:00,53.28499984741211,53.32099914550781,1.0,1.0,-0.0014055615082751993,0.0006755991029143704,-0.0007309120014549197,0.0,0.0,1.483405191214549,False
2026-01-06 16:30:00+00:00,53.4379997253418,53.279998779296875,1.0,1.0,0.002194268331594751,-0.0029567151999889685,-0.0007689346949228959,0.0,0.0,1.4822645494963953,False
2026-01-06 17:30:00+00:00,53.404998779296875,53.43000030517578,1.0,1.0,0.0023460961498478206,0.00046814954499341255,0.0028153440186862166,0.0,0.0,1.4864376341299306,False
2026-01-06 18:30:00+00:00,53.4286003112793,53.41999816894531,1.0,1.0,-2.620239357076226e-05,-0.00016100257696938236,-0.00018720075188727314,0.0,0.0,1.486159371887188,False
2026-01-06 19:30:00+00:00,53.41999816894531,53.852901458740234,1.0,1.0,0.0,0.008103768338325823,0.008103768338325823,0.0,0.0,1.4982028631507935,False
2026-01-06 20:30:00+00:00,53.81999969482422,54.10499954223633,1.0,1.0,-0.000610956197805268,0.0052954264033471254,0.004681234931960709,0.0,0.0,1.5052163027289387,False
2026-01-07 14:30:00+00:00,52.20000076293945,52.53969955444336,1.0,1.0,-0.03520929295655506,0.006507639588869241,-0.02893078275642602,0.0,0.0,1.461669216873257,False
2026-01-07 15:30:00+00:00,52.540000915527344,51.95000076293945,1.0,1.0,5.735873759071808e-06,-0.011229542107098145,-0.011223870644574974,0.0,0.0,1.4452636306579143,False
2026-01-07 16:30:00+00:00,51.95000076293945,51.97999954223633,1.0,1.0,0.0,0.0005774548384276379,0.0005774548384276379,0.0,0.0,1.4460982051342413,False
2026-01-07 17:30:00+00:00,51.97999954223633,51.58000183105469,1.0,1.0,0.0,-0.007695223445637445,-0.007695223445637556,0.0,0.0,1.434970156321398,False
2026-01-07 18:30:00+00:00,51.58000183105469,52.0099983215332,1.0,1.0,0.0,0.008336496223612544,0.008336496223612544,0.0,0.0,1.446932779610568,False
2026-01-07 19:30:00+00:00,52.0099983215332,51.59000015258789,1.0,1.0,0.0,-0.008075335175917964,-0.008075335175917964,0.0,0.0,1.43524831243819,False
2026-01-07 20:30:00+00:00,51.59000015258789,52.249900817871094,1.0,1.0,0.0,0.0127912514698858,0.0127912514698858,0.0,0.0,1.453606934524316,False
2026-01-08 14:30:00+00:00,51.79800033569336,49.43000030517578,1.0,1.0,-0.008648829473436481,-0.04571605110566046,-0.05396949024888531,0.0,0.0,1.375156509245794,False
2026-01-08 15:30:00+00:00,49.42499923706055,48.38999938964844,1.0,1.0,-0.00010117475388138342,-0.02094081665935632,-0.021039872731266063,0.0,0.0,1.3462233913056905,False
2026-01-08 16:30:00+00:00,48.380001068115234,48.779998779296875,1.0,1.0,-0.00020661958378409562,0.008267831797243552,0.00805950391749466,0.0,0.0,1.3570732840017417,False
2026-01-08 17:30:00+00:00,48.77880096435547,49.61000061035156,1.0,1.0,-2.4555452467822647e-05,0.017040181996344828,0.01701520811449786,0.0,0.0,1.3801641683556563,False
2026-01-08 18:30:00+00:00,49.61000061035156,49.32740020751953,1.0,1.0,0.0,-0.005696440220826493,-0.005696440220826382,0.0,0.0,1.3723021456756916,False
2026-01-08 19:30:00+00:00,49.329898834228516,49.33000183105469,1.0,1.0,5.0653930644406486e-05,2.087918860693705e-06,5.274195526649983e-05,0.0,0.0,1.372374523574071,False
2026-01-08 20:30:00+00:00,49.34000015258789,49.64500045776367,1.0,1.0,0.00020268236695875075,0.006181603247518153,0.006385538516454847,0.0,0.0,1.3811378739533546,False
2026-01-09 14:30:00+00:00,51.084999084472656,53.01499938964844,1.0,1.0,0.02900591425986776,0.03778017695536007,0.0678819397887176,0.0,0.0,1.4748921919529736,False
2026-01-09 15:30:00+00:00,53.029998779296875,53.45000076293945,1.0,1.0,0.0002829272813567041,0.007920082845759957,0.008205250934624209,0.0,0.0,1.4869940524894656,False
2026-01-09 16:30:00+00:00,53.45000076293945,53.68080139160156,1.0,1.0,0.0,0.004318065956364636,0.004318065956364636,0.0,0.0,1.493414990884837,False
2026-01-09 17:30:00+00:00,53.68000030517578,53.7958984375,1.0,1.0,-1.4923145799095039e-05,0.00215905610404854,0.002144100738340482,0.0,0.0,1.496617023069442,False
2026-01-09 18:30:00+00:00,53.790000915527344,54.04999923706055,1.0,1.0,-0.00010962772523459563,0.004833580909238355,0.004723423289523909,0.0,0.0,1.5036861787717062,False
2026-01-09 19:30:00+00:00,54.042598724365234,54.4900016784668,1.0,1.0,-0.00013691975577745374,0.008278709104709403,0.00814065583010315,0.0,0.0,1.5159271704295696,False
2026-01-09 20:30:00+00:00,54.4900016784668,53.90999984741211,1.0,1.0,0.0,-0.01064418816642998,-0.01064418816642998,0.0,0.0,1.4997913563809135,False
2026-01-12 14:30:00+00:00,52.3849983215332,54.27000045776367,1.0,1.0,-0.028287915603696923,0.03598362501914276,0.006677807667789137,0.0,0.0,1.5098066746006378,False
2026-01-12 15:30:00+00:00,54.262298583984375,54.27000045776367,1.0,1.0,-0.00014191770249372127,0.00014193784598659498,0.0,0.0,0.0,1.5098066746006378,False
2026-01-12 16:30:00+00:00,54.27000045776367,54.592994689941406,1.0,1.0,0.0,0.0059516165368214136,0.0059516165368214136,0.0,0.0,1.5187924649725943,False
2026-01-12 17:30:00+00:00,54.59000015258789,55.04999923706055,1.0,1.0,-5.4852044122588595e-05,0.008426434936561256,0.008371120685257916,0.0,0.0,1.5315064599927404,False
2026-01-12 18:30:00+00:00,55.059898376464844,54.994998931884766,1.0,1.0,0.00017982088177093125,-0.0011787062180234065,-0.0009990972922440111,0.0,0.0,1.5299763360355074,False
2026-01-12 19:30:00+00:00,54.999900817871094,55.06999969482422,1.0,1.0,8.913330451010282e-05,0.0012745273338810037,0.001363774241224025,0.0,0.0,1.532062878352275,False
2026-01-12 20:30:00+00:00,55.060001373291016,54.650001525878906,1.0,1.0,-0.00018155659321972273,-0.007446419127969617,-0.0076266237747008025,0.0,0.0,1.520378411179897,False
2026-01-13 14:30:00+00:00,55.689998626708984,55.779998779296875,1.0,1.0,0.019030138550638398,0.0016160918442673644,0.020676984846612845,0.0,0.0,1.551815252548981,False
2026-01-13 15:30:00+00:00,55.775001525878906,56.47999954223633,1.0,1.0,-8.958862544516943e-05,0.012640035805831618,0.012549314776953091,0.0,0.0,1.5712894706288951,False
2026-01-13 16:30:00+00:00,56.470001220703125,56.869998931884766,1.0,1.0,-0.0001770241079007695,0.007083366434123439,0.006905088399598691,0.0,0.0,1.5821393633249463,False
2026-01-13 17:30:00+00:00,56.869998931884766,56.35499954223633,1.0,1.0,0.0,-0.009055730601740808,-0.009055730601740808,0.0,0.0,1.5678119354762658,False
2026-01-13 18:30:00+00:00,56.34000015258789,56.540000915527344,1.0,1.0,-0.00026615898802728744,0.0035498892864356257,0.003282785463468274,0.0,0.0,1.5729587257074995,False
2026-01-13 19:30:00+00:00,56.529998779296875,55.63970184326172,1.0,1.0,-0.0001769037153963593,-0.015749105877589598,-0.01592322351764197,0.0,0.0,1.5479121523340338,False
2026-01-13 20:30:00+00:00,55.630001068115234,56.08000183105469,1.0,1.0,-0.0001743498765289786,0.00808917408411447,0.007913413861082574,0.0,0.0,1.560161421816052,False
2026-01-14 14:30:00+00:00,54.88999938964844,54.47840118408203,1.0,1.0,-0.021219729004132715,-0.007498601022830953,-0.028559211745349145,0.0,0.0,1.5156044414134824,False
2026-01-14 15:30:00+00:00,54.459999084472656,54.334999084472656,1.0,1.0,-0.00033778707174603184,-0.002295262616624605,-0.0026322743783323554,0.0,0.0,1.511614954674663,False
2026-01-14 16:30:00+00:00,54.34000015258789,53.72999954223633,1.0,1.0,9.204137663565426e-05,-0.011225627689338769,-0.011134619534929224,0.0,0.0,1.4947836972710513,False
2026-01-14 17:30:00+00:00,53.72999954223633,53.8400993347168,1.0,1.0,0.0,0.0020491307168897244,0.0020491307168897244,0.0,0.0,1.4978467044602355,False
2026-01-14 18:30:00+00:00,53.845001220703125,53.970001220703125,1.0,1.0,9.10452626741165e-05,0.0023214782647629217,0.002412734887035528,0.0,0.0,1.501460611459518,False
2026-01-14 19:30:00+00:00,53.97999954223633,54.09000015258789,1.0,1.0,0.00018525701884497536,0.0020378030990069185,0.0022234376351788487,0.0,0.0,1.5047990154907758,False
2026-01-14 20:30:00+00:00,54.097599029541016,55.40999984741211,1.0,1.0,0.00014048580017922419,0.0242598718134317,0.024403765781114695,0.0,0.0,1.5415217782124646,False
2026-01-15 14:30:00+00:00,60.95500183105469,60.12879943847656,1.0,1.0,0.10007222521047443,-0.013554300184717594,0.08516151604510136,0.0,0.0,1.6728001098615786,False
2026-01-15 15:30:00+00:00,60.130001068115234,61.130001068115234,1.0,1.0,1.9984261284022864e-05,0.0166306333317241,0.016650949943929794,0.0,0.0,1.700653820757084,False
2026-01-15 16:30:00+00:00,61.13999938964844,60.869998931884766,1.0,1.0,0.00016355834056125396,-0.004416101741233969,-0.004253265690945418,0.0,0.0,1.6934204882090826,False
2026-01-15 17:30:00+00:00,60.8650016784668,61.15840148925781,1.0,1.0,-8.209714975615512e-05,0.004820501153371737,0.004738008254210335,0.0,0.0,1.7014439284600662,False
2026-01-15 18:30:00+00:00,61.150001525878906,60.025001525878906,1.0,1.0,-0.00013734766073603133,-0.018397383024167158,-0.01853220384738119,0.0,0.0,1.6699124227429551,False
2026-01-15 19:30:00+00:00,60.029998779296875,59.439998626708984,1.0,1.0,8.325286615473715e-05,-0.009828421865491821,-0.009745987243627408,0.0,0.0,1.6536374775729274,False
2026-01-15 20:30:00+00:00,59.41999816894531,58.119998931884766,1.0,1.0,-0.0003364814640941516,-0.021878143337607292,-0.022207263211999506,0.0,0.0,1.6169147148512386,False
2026-01-16 14:30:00+00:00,61.189998626708984,60.20000076293945,1.0,1.0,0.05282174382732152,-0.016179079686029052,0.0357880569387552,0.0,0.0,1.674780950731446,False
2026-01-16 15:30:00+00:00,60.20000076293945,60.915000915527344,1.0,1.0,0.0,0.011877078796119545,0.011877078796119545,0.0,0.0,1.6946724560495234,False
2026-01-16 16:30:00+00:00,60.900001525878906,61.119998931884766,1.0,1.0,-0.000246234743872642,0.0036124367897161225,0.0033653125383958926,0.0,0.0,1.700375558514341,False
2026-01-16 17:30:00+00:00,61.09000015258789,60.61940002441406,1.0,1.0,-0.0004908177326754526,-0.007703390522153963,-0.00819042729415942,0.0,0.0,1.6864487561295636,False
2026-01-16 18:30:00+00:00,60.599998474121094,60.56999969482422,1.0,1.0,-0.0003200551355697634,-0.000495029373799194,-0.0008149260726755259,0.0,0.0,1.6850744250679623,False
2026-01-16 19:30:00+00:00,60.56999969482422,60.97880172729492,1.0,1.0,0.0,0.006749249373128707,0.006749249373128707,0.0,0.0,1.6964474125750275,False
2026-01-16 20:30:00+00:00,60.970001220703125,60.709999084472656,1.0,1.0,-0.0001443207531554025,-0.0042644272761172,-0.004408132583916369,0.0,0.0,1.688969247458755,False
2026-01-20 14:30:00+00:00,57.34000015258789,60.08000183105469,1.0,1.0,-0.05550978393519179,0.04778517040766239,-0.0103771580121651,0.0,0.0,1.6714425467001879,False
2026-01-20 15:30:00+00:00,60.029998779296875,60.93009948730469,1.0,1.0,-0.0008322744712695451,0.01499418168101374,0.014149427935113534,0.0,0.0,1.6950925025624048,False
2026-01-20 16:30:00+00:00,60.93939971923828,59.86000061035156,1.0,1.0,0.00015263772768880912,-0.0177126639556634,-0.01756272984875218,0.0,0.0,1.665322050871256,False
2026-01-20 17:30:00+00:00,59.86000061035156,58.6150016784668,1.0,1.0,0.0,-0.020798511847483492,-0.020798511847483492,0.0,0.0,1.6306858304663348,False
2026-01-20 18:30:00+00:00,58.59000015258789,57.87459945678711,1.0,1.0,-0.0004265380049983669,-0.01221028663488033,-0.012631616488576913,0.0,0.0,1.6100876324425275,False
2026-01-20 19:30:00+00:00,57.86000061035156,57.71549987792969,1.0,1.0,-0.00025224963235292996,-0.002497420167604014,-0.002749039826637878,0.0,0.0,1.6056614374165659,False
2026-01-20 20:30:00+00:00,57.744998931884766,58.0,1.0,1.0,0.0005111114694920094,0.004415985329154326,0.004929353859397301,0.0,0.0,1.6135763108199805,False
2026-01-21 14:30:00+00:00,60.2400016784668,62.540000915527344,1.0,1.0,0.03862071859425509,0.03818059716095079,0.07827587785391965,0.0,0.0,1.7398804130337036,False
2026-01-21 15:30:00+00:00,62.540000915527344,64.11000061035156,1.0,1.0,0.0,0.025103928235383544,0.025103928235383544,0.0,0.0,1.7835582460606512,False
2026-01-21 16:30:00+00:00,64.11000061035156,61.059898376464844,1.0,1.0,0.0,-0.047576075570871734,-0.047576075570871734,0.0,0.0,1.698703544161018,False
2026-01-21 17:30:00+00:00,61.05500030517578,61.03499984741211,1.0,1.0,-8.021748183828503e-05,-0.0003275809952288933,-0.00040777219934473585,0.0,0.0,1.6980108600807808,False
2026-01-21 18:30:00+00:00,61.769901275634766,63.67499923706055,1.0,1.0,0.01204065585418057,0.030841848895381885,0.04325386083801841,0.0,0.0,1.771456385524159,False
2026-01-21 19:30:00+00:00,63.66999816894531,63.95500183105469,1.0,1.0,-7.854052885991614e-05,0.00447626308003235,0.004397370983102666,0.0,0.0,1.779246136431695,False
2026-01-21 20:30:00+00:00,63.95000076293945,63.5,1.0,1.0,-7.819666909625322e-05,-0.007036759305251494,-0.007114405723208872,0.0,0.0,1.766587857535668,False
2026-01-22 14:30:00+00:00,66.25,63.720001220703125,1.0,1.0,0.04330708661417315,-0.038188660819575504,0.0034645861528050936,0.0,0.0,1.7727083533645995,False
2026-01-22 15:30:00+00:00,63.720001220703125,64.30999755859375,1.0,1.0,0.0,0.009259201609979506,0.009259201609979506,0.0,0.0,1.789122217404097,False
2026-01-22 16:30:00+00:00,64.31500244140625,64.34500122070312,1.0,1.0,7.782433528991106e-05,0.0004664351731029637,0.0005442958084003191,0.0,0.0,1.790096029127746,False
2026-01-22 17:30:00+00:00,64.3499984741211,64.29499816894531,1.0,1.0,7.766342875381582e-05,-0.0008547056174041945,-0.0007771085680191581,0.0,0.0,1.7887049301659337,False
2026-01-22 18:30:00+00:00,64.28060150146484,64.17500305175781,1.0,1.0,-0.0002239158237883343,-0.001642773204364345,-0.0018663211852373296,0.0,0.0,1.7853666322606265,False
2026-01-22 19:30:00+00:00,64.16999816894531,63.439998626708984,1.0,1.0,-7.798804167513662e-05,-0.011376025604900364,-0.011453126452616424,0.0,0.0,1.7649186024570636,False
2026-01-22 20:30:00+00:00,63.43000030517578,63.75,1.0,1.0,-0.0001576028018542841,0.005044926584969689,0.00488652868855044,0.0,0.0,1.7735429278409263,False
2026-01-23 14:30:00+00:00,62.47999954223633,63.099998474121094,1.0,1.0,-0.019921575808057645,0.009923158393521536,-0.010196102366727966,0.0,0.0,1.7554597025968737,False
2026-01-23 15:30:00+00:00,63.099998474121094,61.95500183105469,1.0,1.0,0.0,-0.01814574755554077,-0.01814574755554077,0.0,0.0,1.723605573989626,False
2026-01-23 16:30:00+00:00,61.95000076293945,61.43000030517578,1.0,1.0,-8.072097437539227e-05,-0.008393873306854815,-0.008473916719598074,0.0,0.0,1.708999883898203,False
2026-01-23 17:30:00+00:00,61.41999816894531,61.07500076293945,1.0,1.0,-0.00016282168615955328,-0.005617020779728588,-0.005778927893093533,0.0,0.0,1.69912369679985,False
2026-01-23 18:30:00+00:00,61.06999969482422,60.79499816894531,1.0,1.0,-8.188404507181168e-05,-0.004503054318865662,-0.004584569635634694,0.0,0.0,1.691333945892314,False
2026-01-23 19:30:00+00:00,60.790000915527344,60.33700180053711,0.6666666666666666,1.0,-8.219843027357232e-05,-0.004967912575180625,-0.007533454761121217,0.33333333333333337,0.0002567280733563683,1.6785923581249855,False
2026-01-23 20:30:00+00:00,60.33000183105469,61.54999923706055,0.6666666666666666,0.6666666666666666,-7.734302637444715e-05,0.013481378738915417,0.02010370751489088,0.0,0.0,1.7123382879294613,False
2026-01-26 14:30:00+00:00,60.75,60.60499954223633,1.0,0.6666666666666666,-0.008665033815075995,-0.0023868388109246075,-0.015353366475026942,0.33333333333333337,0.0002588120204041901,1.68604813066566,False
2026-01-26 15:30:00+00:00,60.599998474121094,60.814998626708984,0.6666666666666666,1.0,-8.251906860834435e-05,0.0023652382618425762,0.0034650455582678763,0.33333333333333337,0.0002559085275838711,1.691890364251849,False
2026-01-26 16:30:00+00:00,60.82500076293945,61.04499816894531,1.0,0.6666666666666666,0.00010964549816468623,0.0036168911343426036,0.0037819542453350063,0.33333333333333337,0.0002564500434702351,1.6982890161975728,False
2026-01-26 17:30:00+00:00,61.029998779296875,61.13029861450195,1.0,1.0,-0.0002457103792014026,0.0016434513716410137,0.0013973371793798428,0.0,0.0,1.700662098581238,False
2026-01-26 18:30:00+00:00,61.1349983215332,61.34000015258789,1.0,1.0,7.688015824824923e-05,0.003353264687708135,0.003430402645476116,0.0,0.0,1.706496054343272,False
2026-01-26 19:30:00+00:00,61.349998474121094,60.78499984741211,1.0,1.0,0.0001629983943320923,-0.009209431797252865,-0.009047934525516443,0.0,0.0,1.6910557897755218,False
2026-01-26 20:30:00+00:00,60.78499984741211,60.68000030517578,1.0,1.0,0.0,-0.0017273923254077506,-0.0017273923254076395,0.0,0.0,1.6881346729824274,False
2026-01-27 14:30:00+00:00,63.310001373291016,65.06999969482422,1.0,1.0,0.04334213999486258,0.02779968856983328,0.07234672655850316,0.0,0.0,1.810265690562615,False
2026-01-27 15:30:00+00:00,65.08000183105469,65.78500366210938,1.0,1.0,0.00015371348205595048,0.010832848973865161,0.010988227610857493,0.0,0.0,1.8301573020066433,False
2026-01-27 16:30:00+00:00,65.79000091552734,65.73030090332031,1.0,1.0,7.596341323679034e-05,-0.0009074329134557413,-0.0008315384319202979,0.0,0.0,1.8286354558735651,False
2026-01-27 17:30:00+00:00,65.73500061035156,65.62999725341797,1.0,1.0,7.149985572341144e-05,-0.0015973736359418123,-0.0015259879922028263,0.0,0.0,1.8258449801257857,False
2026-01-27 18:30:00+00:00,65.63500213623047,65.66500091552734,1.0,1.0,7.625907392894149e-05,0.00045705459465983367,0.0005333485231489021,0.0,0.0,1.8268187918494345,False
2026-01-27 19:30:00+00:00,65.66000366210938,65.55999755859375,1.0,1.0,-7.610223632525948e-05,-0.0015230901300320454,-0.0015990764557921588,0.0,0.0,1.8238975689303893,False
2026-01-27 20:30:00+00:00,65.55000305175781,64.9800033569336,1.0,1.0,-0.00015244824905624732,-0.008695647113458604,-0.00884676972633791,0.0,0.0,1.8077619671336347,False
2026-01-28 14:30:00+00:00,69.0,68.48999786376953,1.0,1.0,0.06186513443196762,-0.007391335307687985,0.054016533171837855,0.0,0.0,1.9054110013980956,False
2026-01-28 15:30:00+00:00,68.4800033569336,69.32499694824219,1.0,1.0,-0.00014592651697575842,0.012339274969136449,0.012191547824742521,0.0,0.0,1.928640910747431,False
2026-01-28 16:30:00+00:00,69.30999755859375,69.4801025390625,1.0,1.0,-0.0002163633654341801,0.0024542632587014612,0.002237368880608992,0.0,0.0,1.9329559919030066,False
2026-01-28 17:30:00+00:00,69.49500274658203,69.875,1.0,1.0,0.0002144528717578087,0.005467979543847923,0.0056836050395217,0.0,0.0,1.9439421503197603,False
2026-01-28 18:30:00+00:00,69.87999725341797,69.45999908447266,1.0,1.0,7.151704354879662e-05,-0.006010277410604337,-0.005939190204326872,0.0,0.0,1.932396708142803,False
2026-01-28 19:30:00+00:00,69.45999908447266,70.3386001586914,1.0,1.0,0.0,0.012649022254524578,0.012649022254524578,0.0,0.0,1.9568396371086714,False
2026-01-28 20:30:00+00:00,70.33000183105469,70.08999633789062,1.0,1.0,-0.00012224194990118065,-0.0034125620206949536,-0.0035343868123605127,0.0,0.0,1.9499234089013702,False
2026-01-29 14:30:00+00:00,70.39800262451172,66.79000091552734,1.0,1.0,0.004394440044428682,-0.05125147837259969,-0.0470822598770676,0.0,0.0,1.8581166082230982,False
2026-01-29 15:30:00+00:00,66.77999877929688,66.07350158691406,1.0,1.0,-0.0001497549946603005,-0.010579472975399962,-0.010727643641141316,0.0,0.0,1.8381833954063946,False
2026-01-29 16:30:00+00:00,66.08000183105469,68.16580200195312,1.0,1.0,9.837898680276069e-05,0.03156477168737304,0.031666255984432956,0.0,0.0,1.8963917813516677,False
2026-01-29 17:30:00+00:00,68.16000366210938,68.79000091552734,1.0,1.0,-8.506229918026076e-05,0.009242916953776437,0.009157068430828863,0.0,0.0,1.9137571706651664,False
2026-01-29 18:30:00+00:00,68.77999877929688,68.88999938964844,1.0,1.0,-0.00014540101900495372,0.001599311025063166,0.0014536774646054518,0.0,0.0,1.9165391563368894,False
2026-01-29 19:30:00+00:00,68.9000015258789,68.23999786376953,1.0,1.0,0.00014518995963253012,-0.009579153084074754,-0.0094353539212918,0.0,0.0,1.8984559310928368,False
2026-01-29 20:30:00+00:00,68.23999786376953,70.45999908447266,1.0,1.0,0.0,0.03253225806271276,0.03253225806271276,0.0,0.0,1.9602169893638366,False
2026-01-30 14:30:00+00:00,67.12000274658203,67.86470031738281,1.0,1.0,-0.04740273036175302,0.01109501698938331,-0.036833647471076536,0.0,0.0,1.888015047810794,False
2026-02-02 18:30:00+00:00,66.65499877929688,66.40039825439453,1.0,1.0,-0.017825195314037034,-0.003819676386843218,-0.02157678522324835,0.0,0.0,1.8472777526259194,False
2026-02-02 19:30:00+00:00,66.4000015258789,65.05000305175781,1.0,1.0,-5.9747912068974784e-06,-0.02033130185388543,-0.02033715516980872,0.0,0.0,1.8097093783290306,False
2026-02-02 20:30:00+00:00,65.05000305175781,65.20999908447266,1.0,1.0,0.0,0.0024595853221949238,0.0024595853221949238,0.0,0.0,1.814160512953407,False
2026-02-03 14:30:00+00:00,66.80999755859375,61.310001373291016,1.0,1.0,0.024536091037947516,-0.08232295144868285,-0.05980674384199269,0.0,0.0,1.7056614798669445,False
2026-02-03 15:30:00+00:00,61.29499816894531,61.79999923706055,1.0,1.0,-0.00024471055308505907,0.008238862602186758,0.007992135912477716,0.0,0.0,1.719293358234719,False
2026-02-03 16:30:00+00:00,61.80500030517578,60.30500030517578,1.0,1.0,8.092343328436336e-05,-0.02426988095774485,-0.024190921526553,0.0,0.0,1.677702067524539,False
2026-02-03 17:30:00+00:00,60.29999923706055,58.57500076293945,0.6666666666666666,1.0,-8.29295761533011e-05,-0.01907129348752301,-0.028687497446009402,0.33333333333333337,0.0002547954177409695,1.6295729937472643,False
2026-02-03 18:30:00+00:00,58.52470016479492,58.56999969482422,0.6666666666666666,0.6666666666666666,-0.0005724922178331759,0.0005160160855359012,-8.53788826308266e-05,0.0,0.0,1.6294338626258928,False
2026-02-03 19:30:00+00:00,58.56999969482422,58.915000915527344,0.6666666666666666,0.6666666666666666,0.0,0.003926938961934301,0.005890408442901451,0.0,0.0,1.639031893607454,False
2026-02-03 20:30:00+00:00,58.90999984741211,61.19499969482422,0.6666666666666666,0.6666666666666666,-5.6590772440727e-05,0.0258586527848208,0.03869980045601551,0.0,0.0,1.7024621008311076,False
2026-02-04 14:30:00+00:00,59.439998626708984,56.4900016784668,0.6666666666666666,0.6666666666666666,-0.01911922081724889,-0.03308655244951082,-0.07688533441982126,0.0,0.0,1.5715677328716364,False
2026-02-04 15:30:00+00:00,56.505001068115234,54.22999954223633,0.6666666666666666,0.6666666666666666,0.0001770152735323845,-0.026841299977872213,-0.04000711752663921,0.0,0.0,1.5086938378815669,False
2026-02-04 16:30:00+00:00,54.22999954223633,50.880001068115234,0.0,0.6666666666666666,0.0,-0.0,-0.06177389825555868,0.6666666666666666,0.00047475155917690805,1.4154959382414827,False
2026-02-04 17:30:00+00:00,50.8849983215332,51.439998626708984,0.0,0.0,0.0,0.0,0.01100624109351056,0.0,0.0,1.4310752278046535,False
2026-02-04 18:30:00+00:00,51.435001373291016,52.0099983215332,0.0,0.0,-0.0,0.0,0.011080865280743923,0.0,0.0,1.4469327796105667,False
2026-02-04 19:30:00+00:00,52.01499938964844,53.88999938964844,0.0,0.0,0.0,0.0,0.036146916531179185,0.0,0.0,1.499234938021377,False
2026-02-04 20:30:00+00:00,53.869998931884766,53.185001373291016,0.6666666666666666,0.0,-0.0,-0.008477168147709158,-0.013082167829692737,0.6666666666666666,0.0004745933086571824,1.4796216949460423,False
2026-02-05 14:30:00+00:00,51.30500030517578,50.47999954223633,0.0,0.6666666666666666,-0.023565554442940506,-0.0,-0.05086023805976836,0.6666666666666666,0.0004704119036083654,1.4043677833026886,False
2026-02-05 15:30:00+00:00,50.470001220703125,53.470001220703125,0.0,0.0,-0.0,0.0,0.05923141255112485,0.0,0.0,1.4875504708489988,False
2026-02-05 16:30:00+00:00,53.470001220703125,54.24660110473633,0.0,0.0,0.0,0.0,0.014524029667171812,0.0,0.0,1.509155698019025,False
2026-02-05 17:30:00+00:00,54.2599983215332,53.540000915527344,0.0,0.0,0.0,-0.0,-0.013025704372606195,0.0,0.0,1.4894978820443951,False
2026-02-05 18:30:00+00:00,53.52000045776367,53.880001068115234,0.0,0.0,-0.0,0.0,0.006350394971496698,0.0,0.0,1.4989567819045848,False
2026-02-05 19:30:00+00:00,53.8849983215332,52.72999954223633,0.0,0.0,0.0,-0.0,-0.021343754697129125,0.0,0.0,1.4669634160500153,False
2026-02-05 20:30:00+00:00,52.731998443603516,53.2599983215332,0.0,0.0,0.0,0.0,0.010051181185244396,0.0,0.0,1.4817081311368592,False
2026-02-06 14:30:00+00:00,56.01499938964844,58.69499969482422,0.0,0.0,0.0,0.0,0.1020465930261516,0.0,0.0,1.632911397778522,False
2026-02-06 15:30:00+00:00,59.380001068115234,60.52000045776367,0.0,0.0,0.0,0.0,0.031092951229717558,0.0,0.0,1.6836834322320995,False
2026-02-06 16:30:00+00:00,60.52000045776367,60.939998626708984,0.6666666666666666,0.0,0.0,0.004626549523777464,0.006939824285666196,0.6666666666666666,0.00045916958231540574,1.6953678994044776,False
2026-02-06 17:30:00+00:00,60.94499969482422,61.625,0.6666666666666666,0.6666666666666666,5.471029677206474e-05,0.007438404119351519,0.011240587278103176,0.0,0.0,1.7144248302462282,False
2026-02-06 18:30:00+00:00,61.625,61.560001373291016,0.6666666666666666,0.6666666666666666,0.0,-0.0007031629664258077,-0.0010547444496386005,0.0,0.0,1.7126165501722033,False
2026-02-06 19:30:00+00:00,61.560001373291016,61.86000061035156,0.6666666666666666,0.6666666666666666,0.0,0.0032488545632240276,0.0048732818448360415,0.0,0.0,1.7209626133133231,False
2026-02-06 20:30:00+00:00,61.85499954223633,61.7599983215332,0.6666666666666666,0.6666666666666666,-5.3896627501807494e-05,-0.0010239131453257944,-0.001616590491944292,0.0,0.0,1.7181805215156492,False
2026-02-09 14:30:00+00:00,59.9900016784668,62.92499923706055,0.6666666666666666,0.6666666666666666,-0.019106181899503895,0.032616519158472336,0.018863357305519246,0.0,0.0,1.7505911746083822,False
2026-02-09 15:30:00+00:00,62.935001373291016,64.31999969482422,0.6666666666666666,0.6666666666666666,0.00010596886612882864,0.014671203530748134,0.022169256649622104,0.0,0.0,1.7894004796468388,False
2026-02-09 16:30:00+00:00,64.30000305175781,64.69999694824219,0.6666666666666666,0.6666666666666666,-0.00020726205598342595,0.0041471630637654276,0.005907917525200812,0.0,0.0,1.7999721101001471,False
2026-02-09 17:30:00+00:00,64.70999908447266,64.29000091552734,1.0,0.6666666666666666,0.00010306168678253513,-0.006490467854852633,-0.006336878702526527,0.33333333333333337,0.0002402078321816763,1.7885659051705118,False
2026-02-09 18:30:00+00:00,64.31500244140625,64.7699966430664,1.0,1.0,0.00038888669346515137,0.007074464501104272,0.007466102359677151,0.0,0.0,1.8019195212955434,False
2026-02-09 19:30:00+00:00,64.7750015258789,64.38009643554688,1.0,1.0,7.727162377491048e-05,-0.006096566283742333,-0.006019765751543726,0.0,0.0,1.7910723878742105,False
2026-02-09 20:30:00+00:00,64.36000061035156,63.959999084472656,1.0,1.0,-0.0003121434466230033,-0.006215064047320307,-0.006525267502430543,0.0,0.0,1.7793851614271143,False
2026-02-10 14:30:00+00:00,64.66999816894531,63.724998474121094,1.0,1.0,0.011100673774790959,-0.014612644527304264,-0.0036741809523980207,0.0,0.0,1.7728473783600192,False
2026-02-10 15:30:00+00:00,63.72999954223633,63.974998474121094,1.0,1.0,7.8478905217505e-05,0.0038443265910019786,0.0039231071947616325,0.0,0.0,1.7798024486652777,False
2026-02-10 16:30:00+00:00,63.970001220703125,64.55999755859375,1.0,1.0,-7.811259925216696e-05,0.009223015892325437,0.009144182859329053,0.0,0.0,1.7960772877093547,False
2026-02-10 17:30:00+00:00,64.54000091552734,64.11499786376953,1.0,1.0,-0.0003097373578470064,-0.006585110717833298,-0.006892808420885466,0.0,0.0,1.7836972710560706,False
2026-02-10 18:30:00+00:00,64.08000183105469,63.95000076293945,1.0,1.0,-0.0005458322370874846,-0.002028730717860805,-0.002573455608322117,0.0,0.0,1.7791070053103224,False
2026-02-10 19:30:00+00:00,63.95000076293945,62.77000045776367,1.0,1.0,0.0,-0.01845192011099428,-0.01845192011099428,0.0,0.0,1.746279064979426,False
2026-02-10 20:30:00+00:00,62.77000045776367,63.31999969482422,1.0,1.0,0.0,0.008762135304278384,0.008762135304278384,0.0,0.0,1.7615801984258044,False
2026-02-11 14:30:00+00:00,67.20999908447266,63.4900016784668,0.6666666666666666,1.0,0.061433976759263986,-0.03689924571422172,0.0026848070824687653,0.33333333333333337,0.00023506964305931692,1.7663097014188747,False
2026-02-11 15:30:00+00:00,63.500301361083984,66.45999908447266,0.6666666666666666,0.6666666666666666,0.00010815017950231245,0.031072794511203334,0.04677897822474253,0.0,0.0,1.8489358644796996,False
2026-02-11 16:30:00+00:00,66.43000030517578,67.8550033569336,1.0,0.6666666666666666,-0.0003009206511197515,0.021451197429044555,0.02099013378991854,0.33333333333333337,0.0002483061392375094,1.887745275644107,False
2026-02-11 17:30:00+00:00,67.8499984741211,67.38999938964844,1.0,1.0,-7.37584933299118e-05,-0.006779647676014355,-0.00685290611274636,0.0,0.0,1.8748087345053375,False
2026-02-11 18:30:00+00:00,67.4000015258789,68.12000274658203,1.0,1.0,0.00014842166969963877,0.010682510451081706,0.010832517636819139,0.0,0.0,1.895117633187529,False
2026-02-11 19:30:00+00:00,68.0999984741211,68.44170379638672,1.0,1.0,-0.0002936622380266263,0.005017699411483445,0.004722563664617985,0.0,0.0,1.9040674468621972,False
2026-02-11 20:30:00+00:00,68.44999694824219,67.98999786376953,1.0,1.0,0.00012117103162911924,-0.006720220671747823,-0.0065998639361902756,0.0,0.0,1.8915008607875774,False
2026-02-12 14:30:00+00:00,69.66999816894531,69.55989837646484,1.0,1.0,0.024709521370216425,-0.0015803042252632293,0.02309016858392754,0.0,0.0,1.9351759345398065,False
2026-02-12 15:30:00+00:00,69.55999755859375,63.290000915527344,1.0,1.0,1.4258521248144973e-06,-0.09013796525488493,-0.09013666792616937,0.0,0.0,1.7607456239494774,False
2026-02-12 16:30:00+00:00,63.279998779296875,63.9900016784668,0.6666666666666666,1.0,-0.0001580365948140594,0.007480013831291968,0.011060210978251384,0.33333333333333337,0.00023647007185656854,1.7802198420293915,False
2026-02-12 17:30:00+00:00,63.970001220703125,63.518798828125,1.0,0.6666666666666666,-0.00020837065415491018,-0.007053343504269005,-0.007363694920801356,0.33333333333333337,0.00023816208866116783,1.76711084622073,False
2026-02-12 18:30:00+00:00,63.45000076293945,64.12999725341797,1.0,1.0,-0.0010831134475906001,0.010717044638330231,0.009622323415573453,0.0,0.0,1.7841145582942335,False
2026-02-12 19:30:00+00:00,64.0999984741211,62.89500045776367,1.0,1.0,-0.00046778076690590087,-0.01879872145151318,-0.01925770853808173,0.0,0.0,1.7497566001320548,False
2026-02-12 20:30:00+00:00,62.900001525878906,63.029998779296875,1.0,1.0,7.951455725940804e-05,0.002066728939020601,0.002146407831316477,0.0,0.0,1.753512291401476,False
2026-02-13 14:30:00+00:00,63.92499923706055,64.7699966430664,1.0,1.0,0.014199595035652157,0.013218575144166245,0.027605868593814087,0.0,0.0,1.801919521295543,False
2026-02-13 15:30:00+00:00,64.75,64.83999633789062,1.0,1.0,-0.00030873311877110954,0.001389904832287625,0.0010807426038628165,0.0,0.0,1.803866932490939,False
2026-02-13 16:30:00+00:00,64.83999633789062,65.16999816894531,1.0,1.0,0.0,0.005089479483234349,0.005089479483234349,0.0,0.0,1.8130476762343366,False
2026-02-13 17:30:00+00:00,65.19000244140625,65.23999786376953,1.0,1.0,0.00030695524049395573,0.0007669185533198952,0.0010741092034827204,0.0,0.0,1.814995087429733,False
2026-02-13 18:30:00+00:00,65.2699966430664,65.25,1.0,1.0,0.0004598218926910036,-0.0003063680725426954,0.00015331294540121831,0.0,0.0,1.8152733496724756,False
2026-02-13 19:30:00+00:00,65.26000213623047,64.2020034790039,1.0,1.0,0.000153289444145166,-0.016212053671374238,-0.016061249363924834,0.0,0.0,1.7861177917396989,False
2026-02-13 20:30:00+00:00,64.18000030517578,64.58000183105469,0.6666666666666666,1.0,-0.0003427178691599586,0.0041549966134506455,0.005887641063637483,0.33333333333333337,0.00023889316472283236,1.796633812194839,False
2026-02-17 14:30:00+00:00,62.02000045776367,61.2400016784668,0.6666666666666666,0.6666666666666666,-0.02642718386194476,-0.008384378948078863,-0.05171879928597001,0.0,0.0,1.703714068671547,False
2026-02-17 15:30:00+00:00,61.20000076293945,64.01000213623047,0.6666666666666666,0.6666666666666666,-0.000435455197376422,0.030610036364494626,0.04523188082696694,0.0,0.0,1.7807762603889254,False
2026-02-17 16:30:00+00:00,63.9900016784668,64.83820343017578,1.0,0.6666666666666666,-0.00020830554701027162,0.013255223151438233,0.01293862312615901,0.33333333333333337,0.00023840044088904995,1.8038170532941085,False
2026-02-17 17:30:00+00:00,64.8499984741211,64.54499816894531,0.6666666666666666,1.0,0.00018191503344189286,-0.0031354439717526566,-0.004522106500779666,0.33333333333333337,0.00024147109839137382,1.79566000047119,False
2026-02-17 18:30:00+00:00,64.54499816894531,65.30000305175781,0.6666666666666666,0.6666666666666666,0.0,0.007798227636852524,0.011697341455278787,0.0,0.0,1.8166644486342876,False
2026-02-17 19:30:00+00:00,65.30000305175781,64.45909881591797,0.6666666666666666,0.6666666666666666,0.0,-0.008585035186734775,-0.012877552780102164,0.0,0.0,1.7932702563132643,False
2026-02-17 20:30:00+00:00,64.44000244140625,64.34500122070312,0.6666666666666666,0.6666666666666666,-0.00019750379038815008,-0.0009828389934187776,-0.0017700774182506374,0.0,0.0,1.7900960291277437,False
2026-02-18 14:30:00+00:00,65.25499725341797,68.07499694824219,0.6666666666666666,0.6666666666666666,0.009428300727340725,0.028810050964349777,0.057968694642575036,0.0,0.0,1.893865559221136,False
2026-02-18 15:30:00+00:00,68.06500244140625,68.16999816894531,1.0,0.6666666666666666,-9.787741250074274e-05,0.001542580236141955,0.0013955376417476018,0.33333333333333337,0.00024941419321185347,1.8965085198974385,False
2026-02-18 16:30:00+00:00,68.16000366210938,67.91449737548828,1.0,1.0,-0.00014661151686068408,-0.003601911288592996,-0.0037479947237760713,0.0,0.0,1.8894004159712665,False
2026-02-18 17:30:00+00:00,67.91000366210938,67.47000122070312,0.6666666666666666,1.0,-6.616721837848782e-05,-0.004319466133399248,-0.006544937707888887,0.33333333333333337,0.0002487968238971148,1.8770344079434753,False
2026-02-18 18:30:00+00:00,67.47000122070312,66.72000122070312,0.6666666666666666,0.6666666666666666,0.0,-0.007410700918241216,-0.011116051377361824,0.0,0.0,1.8561691970276997,False
2026-02-18 19:30:00+00:00,66.72000122070312,65.19499969482422,0.0,0.6666666666666666,0.0,-0.0,-0.022856737080000245,0.6666666666666666,0.0004916577212064839,1.8137432257152424,False
2026-02-18 20:30:00+00:00,65.19000244140625,66.35220336914062,0.0,0.0,-0.0,0.0,0.017749883882709483,0.0,0.0,1.8459369573647388,False
2026-02-19 14:30:00+00:00,64.33000183105469,63.77989959716797,0.0,0.0,-0.0,-0.0,-0.03876742054309823,0.0,0.0,1.7743747430425327,False
2026-02-19 15:30:00+00:00,63.75,64.68000030517578,0.0,0.0,-0.0,0.0,0.014112607791683995,0.0,0.0,1.7994157978665621,False
2026-02-19 16:30:00+00:00,64.68499755859375,64.08000183105469,0.0,0.0,0.0,-0.0,-0.0092764142128966,0.0,0.0,1.782723671584322,False
2026-02-19 17:30:00+00:00,64.08000183105469,63.5099983215332,0.0,0.0,0.0,-0.0,-0.008895185599780198,0.0,0.0,1.7668660136524579,False
2026-02-19 18:30:00+00:00,63.5099983215332,63.95669937133789,0.6666666666666666,0.0,0.0,0.004689036494098353,0.00703355474114753,0.6666666666666666,0.000491493835299415,1.7792933624797556,False
2026-02-19 19:30:00+00:00,63.95500183105469,63.86000061035156,0.0,0.6666666666666666,-1.7694683016156176e-05,-0.0,-0.0015119410778984266,0.6666666666666666,0.0004936346365513253,1.7766031757553904,False
2026-02-19 20:30:00+00:00,63.849998474121094,65.22000122070312,0.6666666666666666,0.0,-0.0,0.01430438819443669,0.021296595636598026,0.6666666666666666,0.0004934613569640552,1.8144387751961488,False
2026-02-20 14:30:00+00:00,64.38500213623047,66.5199966430664,0.6666666666666666,0.6666666666666666,-0.008535204628889199,0.022106540715994306,0.019932465471199867,0.0,0.0,1.8506050134323522,False
2026-02-20 15:30:00+00:00,66.5199966430664,66.63999938964844,0.6666666666666666,0.6666666666666666,0.0,0.0012026734078770158,0.0018040101118155238,0.0,0.0,1.8539435235895607,False
2026-02-20 16:30:00+00:00,66.62000274658203,65.44999694824219,0.6666666666666666,0.6666666666666666,-0.00020004645107600064,-0.011708253278328066,-0.017857179656443734,0.0,0.0,1.8208373210159217,False
2026-02-20 17:30:00+00:00,65.44999694824219,65.93000030517578,0.6666666666666666,0.6666666666666666,0.0,0.004889262839978295,0.007333894259967444,0.0,0.0,1.8341911493928549,False
2026-02-20 18:30:00+00:00,65.94000244140625,66.87999725341797,0.6666666666666666,0.6666666666666666,0.0001011389472083124,0.00950353631795305,0.014409175547472453,0.0,0.0,1.8606203316520769,False
2026-02-20 19:30:00+00:00,66.88999938964844,66.56990051269531,1.0,0.6666666666666666,9.970231899147919e-05,-0.004785451934129714,-0.0046366141366253055,0.33333333333333337,0.00025450237624994595,1.8519933531194464,False
2026-02-20 20:30:00+00:00,66.58999633789062,67.08999633789062,1.0,1.0,0.0003018755479660129,0.007508635343106196,0.007812777564480955,0.0,0.0,1.8664625652382658,False
2026-02-23 14:30:00+00:00,65.8499984741211,66.44000244140625,1.0,1.0,-0.018482604433669003,0.008959817478462417,-0.009688387717458835,0.0,0.0,1.8483795522461146,False
2026-02-23 15:30:00+00:00,66.43000030517578,64.69000244140625,1.0,1.0,-0.00015054388716029266,-0.02619295281914913,-0.026339553517375824,0.0,0.0,1.799694060109305,False
2026-02-23 16:30:00+00:00,64.66999816894531,64.33999633789062,1.0,1.0,-0.0003092328289685531,-0.0051028582093443076,-0.005410513067032996,0.0,0.0,1.789956791880422,False
2026-02-23 17:30:00+00:00,64.36000061035156,65.1500015258789,1.0,1.0,0.0003109150388489468,0.012274718894273562,0.012589450327824547,0.0,0.0,1.8124913640007527,False
2026-02-23 18:30:00+00:00,65.13999938964844,64.08999633789062,1.0,1.0,-0.00015352472749363688,-0.016119175032179522,-0.016270225067718913,0.0,0.0,1.7830017215751637,False
2026-02-23 19:30:00+00:00,64.08000183105469,64.45500183105469,0.6666666666666666,1.0,-0.00015594488074621715,0.0039013731719159672,0.005695202278366507,0.33333333333333337,0.00024386986416310367,1.79315627704221,False
2026-02-23 20:30:00+00:00,64.45999908447266,65.80000305175781,0.6666666666666666,0.6666666666666666,5.168725752853949e-05,0.0138587649841481,0.02086729008601318,0.0,0.0,1.8305745892448053,False
2026-02-24 14:30:00+00:00,68.11000061035156,69.72000122070312,1.0,0.6666666666666666,0.023404229498051578,0.0236382410207594,0.05957443749450686,0.33333333333333337,0.0002481470967495306,1.9396300406908025,False
2026-02-24 15:30:00+00:00,69.73979949951172,69.44999694824219,1.0,1.0,0.00028396842314903914,-0.004155483000371385,-0.0038726946031774068,0.0,0.0,1.9321184459000584,False
2026-02-24 16:30:00+00:00,69.41999816894531,69.87999725341797,1.0,1.0,-0.0004319478850263181,0.006626319455572016,0.0061915093458713155,0.0,0.0,1.944081175315179,False
2026-02-24 17:30:00+00:00,69.87999725341797,69.25,1.0,1.0,0.0,-0.009015416115906505,-0.009015416115906505,0.0,0.0,1.926554474556612,False
2026-02-24 18:30:00+00:00,69.26000213623047,68.77999877929688,1.0,1.0,0.00014443518022333457,-0.006930455416236603,-0.0067870212375902295,0.0,0.0,1.913478908422422,False
2026-02-24 19:30:00+00:00,68.77999877929688,68.86039733886719,1.0,1.0,0.0,0.0011689235387790653,0.0011689235387790653,0.0,0.0,1.9157156189594342,False
2026-02-24 20:30:00+00:00,68.86000061035156,68.55500030517578,1.0,1.0,-5.761345141186425e-06,-0.004429281186063894,-0.004435017012587417,0.0,0.0,1.9072193875980696,False
2026-02-25 14:30:00+00:00,71.13710021972656,71.94499969482422,1.0,1.0,0.03766464740801467,0.011356935728364492,0.04944933811622332,0.0,0.0,2.001530123957223,False
2026-02-25 15:30:00+00:00,71.94950103759766,70.94999694824219,1.0,1.0,6.256644370750131e-05,-0.013891744556132068,-0.013830047269478452,0.0,0.0,1.9738488677316095,False
2026-02-25 16:30:00+00:00,70.93000030517578,71.57009887695312,1.0,1.0,-0.0002818413520297991,0.009024370069411036,0.008739985276719597,0.0,0.0,1.9911002777740534,False
2026-02-25 17:30:00+00:00,71.58000183105469,71.82499694824219,1.0,1.0,0.00013836719882953652,0.0034226754808661664,0.0035615162657145483,0.0,0.0,1.9981916138000144,False
2026-02-25 18:30:00+00:00,71.81500244140625,71.99749755859375,1.0,1.0,-0.0001391508146271203,0.002541183749682263,0.002401679327266315,0.0,0.0,2.0029906292907946,False
2026-02-25 19:30:00+00:00,71.99729919433594,71.86000061035156,1.0,1.0,-2.755154894784617e-06,-0.0019069963112613442,-0.0019097462120858388,0.0,0.0,1.999165425523663,False
2026-02-25 20:30:00+00:00,71.86000061035156,71.8406982421875,1.0,1.0,0.0,-0.00026861074311324007,-0.00026861074311324007,0.0,0.0,1.9986284282131068,False
2026-02-26 14:30:00+00:00,71.02999877929688,62.089900970458984,1.0,1.0,-0.011284682397679546,-0.12586369086977467,-0.13572804149058904,0.0,0.0,1.7273585059843275,False
2026-02-26 15:30:00+00:00,62.06999969482422,64.96499633789062,0.6666666666666666,1.0,-0.0003205235525215455,0.031093890309865792,0.04630536242600147,0.33333333333333337,0.00023087674315450894,1.8073444676435682,False
2026-02-26 16:30:00+00:00,64.95999908447266,63.41999816894531,0.6666666666666666,0.6666666666666666,-5.1281497213044126e-05,-0.01580460731970105,-0.023782009636537094,0.0,0.0,1.7643621840975268,False
2026-02-26 17:30:00+00:00,63.40999984741211,63.266300201416016,0.6666666666666666,0.6666666666666666,-0.00010510166952459876,-0.0015107989942899636,-0.0024234937238544196,0.0,0.0,1.7600862634177603,False
2026-02-26 18:30:00+00:00,63.25,64.44000244140625,0.6666666666666666,0.6666666666666666,-0.00017176286442251626,0.012542845232213384,0.01855177616287995,0.0,0.0,1.7927389898040464,False
2026-02-26 19:30:00+00:00,64.44000244140625,63.84000015258789,0.6666666666666666,0.6666666666666666,0.0,-0.006207348086968434,-0.00931102213045265,0.0,0.0,1.7760467573958556,False
2026-02-26 20:30:00+00:00,63.84000015258789,65.31999969482422,0.6666666666666666,0.6666666666666666,0.0,0.015455300111726059,0.02318295016758909,0.0,0.0,1.8172207608678719,False
2026-02-27 14:30:00+00:00,61.505001068115234,62.96260070800781,0.6666666666666666,0.6666666666666666,-0.03893650382254236,0.01579925333527843,-0.03609000302863141,0.0,0.0,1.7516372581044586,False
2026-02-27 15:30:00+00:00,62.95000076293945,62.51499938964844,0.0,0.6666666666666666,-0.0001334119506572288,-0.0,-0.007109003016491533,0.6666666666666666,0.00046664795915920485,1.7391848635527951,False
2026-02-27 16:30:00+00:00,62.52000045776367,61.84989929199219,0.0,0.0,0.0,-0.0,-0.01063904829480622,0.0,0.0,1.7206815917958609,False
2026-02-27 17:30:00+00:00,61.845001220703125,61.459999084472656,0.0,0.0,-0.0,-0.0,-0.0063039748161726195,0.0,0.0,1.709834458374528,False
2026-02-27 18:30:00+00:00,61.459999084472656,61.400001525878906,0.0,0.0,0.0,-0.0,-0.0009762050030505121,0.0,0.0,1.7081653094218745,False
2026-02-27 19:30:00+00:00,61.400001525878906,62.54499816894531,0.0,0.0,0.0,0.0,0.0186481533324363,0.0,0.0,1.740019438029122,False
2026-02-27 20:30:00+00:00,62.52000045776367,62.76499938964844,0.0,0.0,-0.0,0.0,0.0035174870436298633,0.0,0.0,1.7461399338580537,False
2026-03-02 14:30:00+00:00,58.11000061035156,59.939998626708984,0.0,0.0,-0.0,0.0,-0.045009173749874454,0.0,0.0,1.6675476181834423,False
2026-03-02 15:30:00+00:00,59.93000030517578,60.29999923706055,0.0,0.0,-0.0,0.0,0.006006016326319141,0.0,0.0,1.6775629364031668,False
2026-03-02 16:30:00+00:00,60.310001373291016,62.559898376464844,0.0,0.0,0.0,0.0,0.03747759814257767,0.0,0.0,1.7404339659925672,False
2026-03-02 17:30:00+00:00,62.54999923706055,62.13999938964844,0.0,0.0,-0.0,-0.0,-0.006711951229357749,0.0,0.0,1.7287522580949073,False
2026-03-02 18:30:00+00:00,62.150001525878906,62.30099868774414,0.0,0.0,0.0,0.0,0.0025909124505483216,0.0,0.0,1.733231303844319,False
2026-03-02 19:30:00+00:00,62.29999923706055,61.769901275634766,0.0,0.0,-0.0,-0.0,-0.008524701422063297,0.0,0.0,1.7184560244836726,False
2026-03-02 20:30:00+00:00,61.779998779296875,62.65999984741211,0.0,0.0,0.0,0.0,0.014409907631315111,0.0,0.0,1.7432188170649594,False
2026-03-03 14:30:00+00:00,55.1150016784668,51.529998779296875,0.0,0.0,-0.0,-0.0,-0.17762529676378402,0.0,0.0,1.4335790573595835,False
2026-03-03 15:30:00+00:00,51.529998779296875,54.255001068115234,0.0,0.0,0.0,0.0,0.0528818620875493,0.0,0.0,1.509389387362472,False
2026-03-03 16:30:00+00:00,54.25,55.369998931884766,0.0,0.0,-0.0,0.0,0.02055106150250907,0.0,0.0,1.5404089414933926,False
2026-03-03 17:30:00+00:00,55.36000061035156,54.95000076293945,0.0,0.0,-0.0,-0.0,-0.007585302095851398,0.0,0.0,1.5287244743210144,False
2026-03-03 18:30:00+00:00,54.95989990234375,53.72999954223633,0.0,0.0,0.0,-0.0,-0.022202023726375364,0.0,0.0,1.4947836972710487,False
2026-03-03 19:30:00+00:00,53.7400016784668,54.01499938964844,0.0,0.0,0.0,0.0,0.0053042964794383085,0.0,0.0,1.5027124731740054,False
2026-03-03 20:30:00+00:00,54.01499938964844,53.41999816894531,0.0,0.0,0.0,-0.0,-0.01101548139269537,0.0,0.0,1.486159371887186,False
2026-03-04 14:30:00+00:00,55.959999084472656,56.720001220703125,0.0,0.0,0.0,0.0,0.06177467549364701,0.0,0.0,1.577966384817359,False
2026-03-04 15:30:00+00:00,56.724998474121094,56.54999923706055,0.0,0.0,0.0,-0.0,-0.002997214033566231,0.0,0.0,1.5732368818242888,False
2026-03-04 16:30:00+00:00,56.564998626708984,57.11000061035156,0.0,0.0,0.0,0.0,0.009902765355370935,0.0,0.0,1.58881627751341,False
2026-03-04 17:30:00+00:00,57.11000061035156,56.70000076293945,0.0,0.0,0.0,-0.0,-0.0071791252500493785,0.0,0.0,1.577409966457824,False
2026-03-04 18:30:00+00:00,56.70000076293945,57.224998474121094,0.0,0.0,0.0,0.0,0.009259218767502908,0.0,0.0,1.5920155504232965,False
2026-03-04 19:30:00+00:00,57.22999954223633,56.8650016784668,0.0,0.0,0.0,-0.0,-0.006290900921860243,0.0,0.0,1.5820003383295227,False
2026-03-04 20:30:00+00:00,56.86000061035156,56.619998931884766,0.0,0.0,-0.0,-0.0,-0.004308498010205941,0.0,0.0,1.5751842930196849,False
2026-03-05 14:30:00+00:00,56.27000045776367,55.999900817871094,0.0,0.0,-0.0,-0.0,-0.010951927335068778,0.0,0.0,1.5579329891031917,False
2026-03-05 15:30:00+00:00,56.0,55.2874870300293,0.0,0.0,0.0,-0.0,-0.012721697314407532,0.0,0.0,1.5381134371796907,False
2026-03-05 16:30:00+00:00,55.275001525878906,54.21500015258789,0.0,0.0,-0.0,-0.0,-0.019398365435905673,0.0,0.0,1.5082765506434022,False
2026-03-05 17:30:00+00:00,54.20500183105469,51.290000915527344,0.0,0.0,-0.0,-0.0,-0.05395184411746101,0.0,0.0,1.4269022492970675,False
2026-03-05 18:30:00+00:00,51.279998779296875,51.939998626708984,0.0,0.0,-0.0,0.0,0.012672990828215491,0.0,0.0,1.4449853684151694,False
2026-03-05 19:30:00+00:00,51.90999984741211,53.189998626708984,0.0,0.0,-0.0,0.0,0.024066230902001218,0.0,0.0,1.4797607199414622,False
2026-03-05 20:30:00+00:00,53.18000030517578,54.72010040283203,0.0,0.0,-0.0,0.0,0.028766719601957647,0.0,0.0,1.5223285816500092,False
2026-03-06 14:30:00+00:00,50.09000015258789,52.57500076293945,0.0,0.0,-0.0,0.0,-0.039201310379568644,0.0,0.0,1.4626513064210587,False
2026-03-06 15:30:00+00:00,52.58000183105469,52.380001068115234,0.0,0.0,0.0,-0.0,-0.003708981302795844,0.0,0.0,1.457226360073033,False
2026-03-06 16:30:00+00:00,52.38999938964844,52.06999969482422,0.0,0.0,0.0,-0.0,-0.0059183155206105065,0.0,0.0,1.4486020346891701,False
2026-03-06 17:30:00+00:00,52.06999969482422,51.81999969482422,0.0,0.0,0.0,-0.0,-0.0048012291427927956,0.0,0.0,1.4416469643839116,False
2026-03-06 18:30:00+00:00,51.79999923706055,50.82609939575195,0.0,0.0,-0.0,-0.0,-0.019179859222800077,0.0,0.0,1.4139963785580512,False
2026-03-06 19:30:00+00:00,50.810001373291016,47.6150016784668,0.0,0.0,-0.0,-0.0,-0.06317812610962503,0.0,0.0,1.3246627370349575,False
2026-03-06 20:30:00+00:00,47.619998931884766,47.880001068115234,0.0,0.0,0.0,0.0,0.005565460050551252,0.0,0.0,1.3320350945783794,False
2026-03-09 13:30:00+00:00,45.5099983215332,46.5,0.0,0.0,-0.0,0.0,-0.028822076803047936,0.0,0.0,1.2936430767780862,False
2026-03-09 14:30:00+00:00,46.4900016784668,48.635101318359375,0.0,0.0,-0.0,0.0,0.04591615738407251,0.0,0.0,1.3530421958902445,False
2026-03-09 15:30:00+00:00,48.619998931884766,49.849998474121094,0.0,0.0,-0.0,0.0,0.024979842188652013,0.0,0.0,1.38684097641817,False
2026-03-09 16:30:00+00:00,49.849998474121094,49.33000183105469,0.0,0.0,0.0,-0.0,-0.010431226860244669,0.0,0.0,1.3723745235740687,True
2026-03-09 17:30:00+00:00,49.32500076293945,49.8849983215332,0.0,0.0,-0.0,0.0,0.011250688625134675,0.0,0.0,1.387814682015868,True
2026-03-09 18:30:00+00:00,49.869998931884766,52.83330154418945,0.0,0.0,-0.0,0.0,0.059102001039530894,0.0,0.0,1.469837306795046,True
2026-03-09 19:30:00+00:00,52.810001373291016,53.42499923706055,0.0,0.0,-0.0,0.0,0.011199332155614083,0.0,0.0,1.4862985030085571,True
2026-03-10 13:30:00+00:00,53.36000061035156,55.13999938964844,0.0,0.0,-0.0,0.0,0.032101079589687886,0.0,0.0,1.5340102895476688,True
2026-03-10 14:30:00+00:00,55.130001068115234,56.8650016784668,0.6666666666666666,0.0,-0.0,0.020980719230144846,0.03128404620806369,0.6666666666666666,0.00046643015342498343,1.5820003383295234,True
2026-03-10 15:30:00+00:00,56.869998931884766,56.3849983215332,0.6666666666666666,0.6666666666666666,5.8586163374840794e-05,-0.005685488769247978,-0.008441103363501012,0.0,0.0,1.5686465099525904,True
2026-03-10 16:30:00+00:00,56.38999938964844,57.724998474121094,0.0,0.6666666666666666,5.9130008147612045e-05,0.0,0.023765189189979052,0.6666666666666666,0.000473381969508761,1.605925691033814,True
2026-03-10 17:30:00+00:00,57.720001220703125,55.90999984741211,0.6666666666666666,0.0,-0.0,-0.020905536324923014,-0.031442159804000225,0.6666666666666666,0.0004732521665986387,1.5554319188229793,True
2026-03-10 18:30:00+00:00,55.900001525878906,55.09000015258789,0.0,0.6666666666666666,-0.00011921923997482153,-0.0,-0.014666422769846865,0.6666666666666666,0.00046320082551676284,1.5326192967118073,True
2026-03-10 19:30:00+00:00,55.08000183105469,54.59000015258789,0.0,0.0,-0.0,-0.0,-0.00907605733554373,0.0,0.0,1.5187091561012902,True
2026-03-11 13:30:00+00:00,55.5,57.19049835205078,0.0,0.0,0.0,0.0,0.04763689672456639,0.0,0.0,1.5910557473251408,True
2026-03-11 14:30:00+00:00,57.189998626708984,56.56999969482422,0.6666666666666666,0.0,-0.0,-0.007227358474939234,-0.010849680892915492,0.6666666666666666,0.00046299120279121676,1.5737933001838238,True
2026-03-11 15:30:00+00:00,56.58000183105469,56.19499969482422,0.0,0.6666666666666666,0.00011787326951188484,-0.0,-0.006628955312409368,0.6666666666666666,0.00045949066899697095,1.563360694725936,True
2026-03-11 16:30:00+00:00,56.189998626708984,56.72999954223633,0.6666666666666666,0.0,-0.0,0.006406844975084998,0.0095204173025627,0.6666666666666666,0.00045939166710810353,1.5782445409341512,True
2026-03-11 17:30:00+00:00,56.73500061035156,56.220001220703125,0.6666666666666666,0.6666666666666666,5.8770411370664036e-05,-0.006051518863818384,-0.008989922891740942,0.0,0.0,1.5640562442068422,True
2026-03-11 18:30:00+00:00,56.220001220703125,56.03499984741211,0.6666666666666666,0.6666666666666666,0.0,-0.002193778836405628,-0.003290668254608553,0.0,0.0,1.5589094539756085,True
2026-03-11 19:30:00+00:00,56.03499984741211,56.099998474121094,0.6666666666666666,0.6666666666666666,0.0,0.0007733098585524326,0.001159964787828649,0.0,0.0,1.5607177340496334,True
2026-03-12 13:30:00+00:00,53.529998779296875,50.654998779296875,0.6666666666666666,0.6666666666666666,-0.030540698333052063,-0.035805468155697996,-0.09705882072948713,0.0,0.0,1.4092363112911788,True
2026-03-12 14:30:00+00:00,50.656700134277344,50.685001373291016,0.0,0.6666666666666666,2.239140619838172e-05,0.0,0.0005922928579045195,0.6666666666666666,0.0004283218082782479,1.4100709918934562,True
2026-03-12 15:30:00+00:00,50.66999816894531,51.19340133666992,0.0,0.0,-0.0,0.0,0.010030580045457205,0.0,0.0,1.4242148218474207,True
2026-03-12 16:30:00+00:00,51.209999084472656,51.119998931884766,0.0,0.0,0.0,-0.0,-0.0014338255100970754,0.0,0.0,1.4221727463039975,True
2026-03-12 17:30:00+00:00,51.1150016784668,50.97999954223633,0.0,0.0,-0.0,-0.0,-0.002738642264742186,0.0,0.0,1.4182779239132048,True
2026-03-12 18:30:00+00:00,50.97999954223633,50.31999969482422,0.0,0.0,0.0,-0.0,-0.012946250555873617,0.0,0.0,1.3999165425523603,True
2026-03-12 19:30:00+00:00,50.314998626708984,50.279998779296875,0.0,0.0,-0.0,-0.0,-0.0007949307585440879,0.0,0.0,1.3988037058332907,True
2026-03-13 13:30:00+00:00,52.25,52.4901008605957,0.0,0.0,0.0,0.0,0.04395588971670494,0.0,0.0,1.460289367262217,True
2026-03-13 14:30:00+00:00,52.5099983215332,51.14670181274414,0.6666666666666666,0.0,0.0,-0.017308405413145895,-0.025593379052926468,0.6666666666666666,0.0004281886250697479,1.422915627958917,True
2026-03-13 15:30:00+00:00,51.13750076293945,50.750099182128906,0.6666666666666666,0.6666666666666666,-0.00011993018094469399,-0.005050456449516923,-0.007754217115841899,0.0,0.0,1.4118820312421991,True
2026-03-13 16:30:00+00:00,50.73500061035156,50.935001373291016,0.6666666666666666,0.6666666666666666,-0.00019833881471057838,0.0026280445521947486,0.003643385808932864,0.0,0.0,1.4170260621987143,True
2026-03-13 17:30:00+00:00,50.93000030517578,50.429901123046875,0.6666666666666666,0.6666666666666666,-6.54568630659528e-05,-0.00654622919212359,-0.009916564967621722,0.0,0.0,1.4029740311921075,True
2026-03-13 18:30:00+00:00,50.400001525878906,50.36000061035156,0.6666666666666666,0.6666666666666666,-0.00039526281699446086,-0.0005291126232314831,-0.0013860925986104444,0.0,0.0,1.4010293792714295,True
2026-03-13 19:30:00+00:00,50.369998931884766,50.724998474121094,0.6666666666666666,0.6666666666666666,0.00013235797474224023,0.004698558000982474,0.007247773219734688,0.0,0.0,1.4111837224865744,True
2026-03-16 13:30:00+00:00,54.060001373291016,54.5713996887207,0.6666666666666666,0.6666666666666666,0.043831154913638606,0.006306552009354889,0.07582851316519945,0.0,0.0,1.5181916859656628,True
2026-03-16 14:30:00+00:00,54.58000183105469,55.0,0.6666666666666666,0.6666666666666666,0.00010508730926280425,0.005130061742459742,0.007853936562449704,0.0,0.0,1.5301154671568757,True
2026-03-16 15:30:00+00:00,54.99599838256836,54.34000015258789,0.6666666666666666,0.6666666666666666,-4.850445371684664e-05,-0.007952072263114488,-0.011999997225674797,0.0,0.0,1.5117540857960312,True
2026-03-16 16:30:00+00:00,54.33000183105469,54.70500183105469,0.0,0.6666666666666666,-0.0001226637407082028,0.0,0.006716998112658468,0.6666666666666666,0.0004380698832751159,1.5219085351371269,True
2026-03-16 17:30:00+00:00,54.71500015258789,54.90999984741211,0.0,0.0,0.0,0.0,0.0037473358832984527,0.0,0.0,1.5276116376019444,True
2026-03-16 18:30:00+00:00,54.90999984741211,54.029998779296875,0.0,0.0,0.0,-0.0,-0.016026244228021125,0.0,0.0,1.5031297604121683,True
2026-03-16 19:30:00+00:00,54.02000045776367,53.689998626708984,0.0,0.0,-0.0,-0.0,-0.006292803262438196,0.0,0.0,1.4936708605519786,True
2026-03-17 13:30:00+00:00,55.099998474121094,54.92499923706055,0.0,0.0,0.0,-0.0,0.023002433263933586,0.0,0.0,1.5280289248401078,True
2026-03-17 14:30:00+00:00,54.93000030517578,54.09000015258789,0.0,0.0,0.0,-0.0,-0.01520253247284964,0.0,0.0,1.5047990154907724,True
2026-03-17 15:30:00+00:00,54.09000015258789,54.17499923706055,0.0,0.0,0.0,0.0,0.0015714380520035487,0.0,0.0,1.5071637139243321,True
2026-03-17 16:30:00+00:00,54.18000030517578,54.169898986816406,0.0,0.0,0.0,-0.0,-9.414398368190469e-05,0.0,0.0,1.5070218235282424,True
2026-03-17 17:30:00+00:00,54.14500045776367,54.599998474121094,0.0,0.0,-0.0,0.0,0.007939824429234354,0.0,0.0,1.5189873122180813,True
2026-03-17 18:30:00+00:00,54.599998474121094,54.650001525878906,0.0,0.0,0.0,0.0,0.0009158068343446679,0.0,0.0,1.5203784111798935,True
2026-03-17 19:30:00+00:00,54.63399887084961,54.91999816894531,0.0,0.0,-0.0,0.0,0.004940469085596533,0.0,0.0,1.5278897937187361,True
2026-03-18 13:30:00+00:00,55.029998779296875,54.53499984741211,0.0,0.0,0.0,-0.0,-0.007010166321361977,0.0,0.0,1.5171790321440564,True
2026-03-18 14:30:00+00:00,54.54999923706055,55.689998626708984,0.0,0.0,0.0,0.0,0.02117903699511392,0.0,0.0,1.5493114229940466,True
2026-03-18 15:30:00+00:00,55.68000030517578,55.81999969482422,0.0,0.0,-0.0,0.0,0.0023343701081164347,0.0,0.0,1.5529280892680473,True
2026-03-18 16:30:00+00:00,55.83000183105469,55.78010177612305,0.6666666666666666,0.0,0.0,-0.0005958571054400045,-0.0007147602816068854,0.6666666666666666,0.0004378701246901167,1.5518181179496469,True
2026-03-18 17:30:00+00:00,55.790000915527344,56.0989990234375,0.6666666666666666,0.6666666666666666,0.00011831147773833095,0.0036923953257981994,0.005717043123986576,0.0,0.0,1.5606899290505487,True
2026-03-18 18:30:00+00:00,56.08000183105469,54.435001373291016,0.6666666666666666,0.6666666666666666,-0.00022575794831173704,-0.01955540185512546,-0.029661806433503135,0.0,0.0,1.5143970464723335,True
2026-03-18 19:30:00+00:00,54.43000030517578,54.01499938964844,0.6666666666666666,0.6666666666666666,-6.12481918994175e-05,-0.005082992384108476,-0.007715660384802536,0.0,0.0,1.502712473174005,True
2026-03-19 13:30:00+00:00,49.529998779296875,52.350101470947266,0.6666666666666666,0.6666666666666666,-0.055355002141757925,0.0379581770126373,-0.030822881375802358,0.0,0.0,1.456394544871424,True
2026-03-19 14:30:00+00:00,52.34989929199219,52.650001525878906,0.6666666666666666,0.6666666666666666,-2.57470312884737e-06,0.0038217486304712445,0.005728738751310303,0.0,0.0,1.4647378487378258,True
2026-03-19 15:30:00+00:00,52.63999938964844,53.060001373291016,0.6666666666666666,0.6666666666666666,-0.00012664939462606975,0.00531917411996489,0.007787271330098378,0.0,0.0,1.4761441597934117,True
2026-03-19 16:30:00+00:00,53.064998626708984,53.125,0.6666666666666666,0.6666666666666666,6.278745179836656e-05,0.0007538097910589532,0.001225002356326721,0.0,0.0,1.4779524398674366,True
2026-03-19 17:30:00+00:00,53.1150016784668,53.83000183105469,0.6666666666666666,0.6666666666666666,-0.00012546913296566467,0.0089742399195889,0.013270622702205914,0.0,0.0,1.497565789068722,True
2026-03-19 18:30:00+00:00,53.82500076293945,55.36000061035156,0.6666666666666666,0.6666666666666666,-6.193656505197134e-05,0.01901222883609647,0.028422788914233665,0.0,0.0,1.5401307853766,True
2026-03-19 19:30:00+00:00,55.36000061035156,54.869998931884766,0.6666666666666666,0.6666666666666666,0.0,-0.005900790860602874,-0.008851186290904423,0.0,0.0,1.5264988008828748,True
2026-03-20 13:30:00+00:00,54.689998626708984,51.720001220703125,1.0,0.6666666666666666,-0.0021869911752592968,-0.05430604279729123,-0.0574083793056388,0.33333333333333337,0.0002171164712136529,1.4388649787121879,True
2026-03-20 14:30:00+00:00,51.720001220703125,52.05979919433594,0.6666666666666666,1.0,0.0,0.004379968620944178,0.0065699529314162675,0.33333333333333337,0.00020481471695084406,1.4483182538969903,True
2026-03-20 15:30:00+00:00,52.040000915527344,52.209999084472656,0.6666666666666666,0.6666666666666666,-0.00025353252880962646,0.0021777884442040945,0.002885141557615878,0.0,0.0,1.4524968570799621,True
2026-03-20 16:30:00+00:00,52.180599212646484,51.029998779296875,0.0,0.6666666666666666,-0.00037540538008951074,-0.0,-0.02260104052609957,0.6666666666666666,0.00041214687931622233,1.4196689167490657,True
2026-03-20 17:30:00+00:00,51.03499984741211,50.260101318359375,0.0,0.0,0.0,-0.0,-0.015087154210355447,0.0,0.0,1.3982501528744242,True
2026-03-20 18:30:00+00:00,50.2599983215332,49.20500183105469,0.0,0.0,-0.0,-0.0,-0.020992784726426073,0.0,0.0,1.368896988421439,True
2026-03-20 19:30:00+00:00,49.20500183105469,51.119998931884766,0.0,0.0,0.0,0.0,0.038918748695614624,0.0,0.0,1.4221727463039966,True
2026-03-23 13:30:00+00:00,54.630001068115234,56.415000915527344,0.0,0.0,0.0,0.0,0.10357985317444829,0.0,0.0,1.5694811905548665,True
2026-03-23 14:30:00+00:00,56.40999984741211,55.529998779296875,0.6666666666666666,0.0,-0.0,-0.01040005992431155,-0.015687354814646226,0.6666666666666666,0.0004118547748672346,1.544860182243719,True
2026-03-23 15:30:00+00:00,55.53499984741211,52.34000015258789,0.6666666666666666,0.6666666666666666,6.004043730323261e-05,-0.03835418749260581,-0.057446401887880194,0.0,0.0,1.4561135233539624,True
2026-03-23 16:30:00+00:00,52.33000183105469,53.000099182128906,0.0,0.6666666666666666,-0.00012735092986952226,0.0,0.012611750623167994,0.6666666666666666,0.00039183183136762756,1.474477663989525,True
2026-03-23 17:30:00+00:00,53.0,53.62710189819336,0.0,0.0,-0.0,0.0,0.01183021778713722,0.0,0.0,1.4919210558767904,True
2026-03-23 18:30:00+00:00,53.630001068115234,54.02000045776367,0.0,0.0,0.0,0.0,0.007326492494712733,0.0,0.0,1.5028516042953755,True
2026-03-23 19:30:00+00:00,54.0099983215332,52.959999084472656,0.0,0.0,-0.0,-0.0,-0.01962238734373567,0.0,0.0,1.473362067995737,True
2026-03-24 13:30:00+00:00,51.540000915527344,53.079898834228516,0.0,0.0,-0.0,0.0,0.002263968123651594,0.0,0.0,1.476697712752277,True
2026-03-24 14:30:00+00:00,53.04999923706055,55.59000015258789,0.0,0.0,-0.0,0.0,0.04728911270533054,0.0,0.0,1.546529437322323,True
2026-03-24 15:30:00+00:00,55.59000015258789,54.810001373291016,1.0,0.0,0.0,-0.014031278596076113,-0.014031278596076113,1.0,0.0005874769809136418,1.5248296519302207,True
2026-03-24 16:30:00+00:00,54.79999923706055,54.26499938964844,1.0,1.0,-0.00018248742893378633,-0.009762771074096954,-0.009943476920038052,0.0,0.0,1.5096675434792628,True
2026-03-24 17:30:00+00:00,54.2599983215332,55.02000045776367,0.6666666666666666,1.0,-9.216010635737515e-05,0.009337783016835003,0.013913223562281196,0.33333333333333337,0.00019106082646515548,1.5306718855164096,True
2026-03-24 18:30:00+00:00,55.025001525878906,55.39500045776367,0.6666666666666666,0.6666666666666666,6.059697169054819e-05,0.004482797778276056,0.006815703323882483,0.0,0.0,1.5411044909742972,True
2026-03-24 19:30:00+00:00,55.39500045776367,55.02000045776367,0.6666666666666666,0.6666666666666666,0.0,-0.004513042656089761,-0.006769563984134641,0.0,0.0,1.5306718855164094,True
2026-03-25 13:30:00+00:00,56.63999938964844,57.75,0.6666666666666666,0.6666666666666666,0.019629212630636772,0.013064979076187644,0.04961831187791477,0.0,0.0,1.6066212405147184,True
2026-03-25 14:30:00+00:00,57.7599983215332,57.29999923706055,1.0,0.6666666666666666,0.00011542073920001172,-0.007963973300552651,-0.007792221003280586,0.33333333333333337,0.00019910071169349614,1.5941020927400629,True
2026-03-25 15:30:00+00:00,57.290000915527344,57.18000030517578,1.0,1.0,-0.00017449077951703362,-0.0019200664792056177,-0.0020942222248260256,0.0,0.0,1.590763688708805,True
2026-03-25 16:30:00+00:00,57.20000076293945,57.150001525878906,1.0,1.0,0.0003497806515726509,-0.0008741125243645342,-0.0005246376204403047,0.0,0.0,1.589929114232478,True
2026-03-25 17:30:00+00:00,57.150001525878906,57.7400016784668,1.0,1.0,0.0,0.010323711930623869,0.010323711930623869,0.0,0.0,1.606343084397926,True
2026-03-25 18:30:00+00:00,57.7400016784668,56.755001068115234,1.0,1.0,0.0,-0.017059241110463974,-0.017059241110463974,0.0,0.0,1.5789400904150555,True
2026-03-25 19:30:00+00:00,56.75,57.08000183105469,1.0,1.0,-8.811678303433101e-05,0.0058150102388492275,0.005726381055819241,0.0,0.0,1.5879817030370817,True
2026-03-26 13:30:00+00:00,54.189998626708984,52.959999084472656,1.0,1.0,-0.050630748276770055,-0.022697906872248708,-0.07217944313976055,0.0,0.0,1.4733620679957367,True
2026-03-26 14:30:00+00:00,52.970001220703125,52.0,0.6666666666666666,1.0,0.000188862092208808,-0.012208183227603975,-0.01812687124373691,0.33333333333333337,0.00018231950194940008,1.446654623493772,True
2026-03-26 15:30:00+00:00,52.0,51.57500076293945,0.0,0.6666666666666666,0.0,-0.0,-0.00817306225116432,0.6666666666666666,0.0003601955174451333,1.4348310252000227,True
2026-03-26 16:30:00+00:00,51.56999969482422,50.6150016784668,0.0,0.0,-0.0,-0.0,-0.018613651386748753,0.0,0.0,1.408123580698058,True
2026-03-26 17:30:00+00:00,50.6150016784668,49.77000045776367,0.0,0.0,0.0,-0.0,-0.016694679298264514,0.0,0.0,1.3846154091059801,True
2026-03-26 18:30:00+00:00,49.7599983215332,49.65999984741211,0.0,0.0,-0.0,-0.0,-0.0022101790102435626,0.0,0.0,1.3815551611915142,True
2026-03-26 19:30:00+00:00,49.65999984741211,48.96500015258789,0.0,0.0,0.0,-0.0,-0.013995161034227044,0.0,0.0,1.3622200742329715,True
2026-03-27 13:30:00+00:00,48.03499984741211,47.089900970458984,0.0,0.0,-0.0,-0.0,-0.038294683473615865,0.0,0.0,1.3100542876688144,True
2026-03-27 14:30:00+00:00,47.07830047607422,47.91080093383789,0.0,0.0,-0.0,0.0,0.01743261180128375,0.0,0.0,1.3328919555043521,True
2026-03-27 15:30:00+00:00,47.915000915527344,47.75,0.0,0.0,0.0,-0.0,-0.003356256432864635,0.0,0.0,1.3284184283043772,True
2026-03-27 16:30:00+00:00,47.7400016784668,46.709999084472656,0.0,0.0,-0.0,-0.0,-0.021780123885389413,0.0,0.0,1.2994853103642736,True
2026-03-27 17:30:00+00:00,46.70000076293945,46.389801025390625,0.0,0.0,-0.0,-0.0,-0.006855021737486422,0.0,0.0,1.2905773103141822,True
2026-03-27 18:30:00+00:00,46.3849983215332,46.13999938964844,0.0,0.0,-0.0,-0.0,-0.0053848395600029075,0.0,0.0,1.2836277585583602,True
2026-03-27 19:30:00+00:00,46.14500045776367,46.61000061035156,0.0,0.0,0.0,0.0,0.010186415841361596,0.0,0.0,1.2967033246925506,True
2026-03-30 13:30:00+00:00,47.86000061035156,43.599998474121094,0.0,0.0,0.0,-0.0,-0.06457846163516212,0.0,0.0,1.2129642187867056,True
2026-03-30 14:30:00+00:00,43.599998474121094,42.222900390625,0.0,0.0,0.0,-0.0,-0.031584819534190456,0.0,0.0,1.1746529628348972,True
2026-03-30 15:30:00+00:00,42.220001220703125,41.329898834228516,0.0,0.0,-0.0,-0.0,-0.021149697158056036,0.0,0.0,1.1498094084051258,True
2026-03-30 16:30:00+00:00,41.33000183105469,40.67499923706055,0.0,0.0,0.0,-0.0,-0.015845661751913043,0.0,0.0,1.131589917440371,True
2026-03-30 17:30:00+00:00,40.67919921875,40.63999938964844,0.0,0.0,0.0,-0.0,-0.0008604756747043751,0.0,0.0,1.1306162118426728,True
2026-03-30 18:30:00+00:00,40.63800048828125,39.630001068115234,0.0,0.0,-0.0,-0.0,-0.024852321277112677,0.0,0.0,1.1025177745048467,True
2026-03-30 19:30:00+00:00,39.630001068115234,40.630001068115234,0.0,0.0,0.0,0.0,0.02523340835346488,0.0,0.0,1.1303380557258809,True
2026-03-31 13:30:00+00:00,42.880001068115234,44.4900016784668,0.0,0.0,0.0,0.0,0.09500370437796346,0.0,0.0,1.2377243582192243,True
2026-03-31 14:30:00+00:00,44.4900016784668,43.92499923706055,0.0,0.0,0.0,-0.0,-0.012699537426174357,0.0,0.0,1.2220058314087316,True
2026-03-31 15:30:00+00:00,43.92499923706055,44.15999984741211,0.0,0.0,0.0,0.0,0.005350042445835479,0.0,0.0,1.2285436144758268,True
2026-03-31 16:30:00+00:00,44.15999984741211,46.459999084472656,0.0,0.0,0.0,0.0,0.05208331623659035,0.0,0.0,1.292530240059015,True
2026-03-31 17:30:00+00:00,46.470001220703125,47.025001525878906,0.0,0.0,0.0,0.0,0.012161051496772046,0.0,0.0,1.308248766869508,True
2026-03-31 18:30:00+00:00,47.02000045776367,47.91999816894531,0.0,0.0,-0.0,0.0,0.019032357555031076,0.0,0.0,1.333147825171497,True
2026-03-31 19:30:00+00:00,47.91999816894531,47.939998626708984,0.0,0.0,0.0,0.0,0.00041737183906298547,0.0,0.0,1.3337042435310316,True
2026-04-01 13:30:00+00:00,50.040000915527344,52.90999984741211,0.0,0.0,0.0,0.0,0.10367128416925264,0.0,0.0,1.4719710751598754,True
2026-04-01 14:30:00+00:00,52.900001525878906,53.11000061035156,0.0,0.0,-0.0,0.0,0.0037800182104750224,0.0,0.0,1.4775351526292722,True
2026-04-01 15:30:00+00:00,53.11000061035156,53.6150016784668,0.0,0.0,0.0,0.0,0.009508587126937584,0.0,0.0,1.4915844243611607,True
2026-04-01 16:30:00+00:00,53.62030029296875,53.89500045776367,0.6666666666666666,0.0,0.0,0.003415375188054052,0.005222396167700483,0.6666666666666666,0.0003600754522726516,1.4993740691427462,True
2026-04-01 17:30:00+00:00,53.88999938964844,51.93000030517578,0.6666666666666666,0.6666666666666666,-6.186186811089436e-05,-0.024246911692600587,-0.03645978543274753,0.0,0.0,1.4447072122983762,True
2026-04-01 18:30:00+00:00,51.91999816894531,52.61000061035156,0.6666666666666666,0.6666666666666666,-0.00012840536840223274,0.008859815944279129,0.013094556155972326,0.0,0.0,1.4636250120187555,True
2026-04-01 19:30:00+00:00,52.599998474121094,52.27000045776367,0.6666666666666666,0.6666666666666666,-0.0001267456898489764,-0.0041824844858095265,-0.006462652511754485,0.0,0.0,1.4541661121585658,True
2026-04-02 13:30:00+00:00,46.060001373291016,49.45009994506836,0.0,0.6666666666666666,-0.07920412001897206,0.0,-0.053948737095839694,0.6666666666666666,0.0003539503902745073,1.375715686880044,True
2026-04-02 14:30:00+00:00,49.45000076293945,51.9900016784668,0.0,0.0,-0.0,0.0,0.05136292416435739,0.0,0.0,1.4463764673769806,True
2026-04-02 15:30:00+00:00,52.0,51.09000015258789,0.0,0.0,0.0,-0.0,-0.01731105014085177,0.0,0.0,1.4213381718276696,True
2026-04-02 16:30:00+00:00,51.08000183105469,51.915000915527344,0.0,0.0,-0.0,0.0,0.016147989048257205,0.0,0.0,1.4442899250602128,True
2026-04-02 17:30:00+00:00,51.910400390625,51.749900817871094,0.0,0.0,-0.0,-0.0,-0.003180200226229224,0.0,0.0,1.4396967939137957,True
2026-04-02 18:30:00+00:00,51.75,52.380001068115234,0.0,0.0,0.0,0.0,0.012175873582090935,0.0,0.0,1.4572263600730317,True
2026-04-02 19:30:00+00:00,52.369998931884766,52.7400016784668,0.0,0.0,-0.0,0.0,0.0068728637459058994,0.0,0.0,1.4672416782927562,True
2026-04-06 13:30:00+00:00,53.75,53.900001525878906,0.0,0.0,0.0,0.0,0.021994687343472874,0.0,0.0,1.4995132002641178,True
2026-04-06 14:30:00+00:00,53.90999984741211,53.95000076293945,0.0,0.0,0.0,0.0,0.0009276296038052134,0.0,0.0,1.5009041930999796,True
2026-04-06 15:30:00+00:00,53.95000076293945,54.20500183105469,0.0,0.0,0.0,0.0,0.004726618433903873,0.0,0.0,1.5079983945266096,True
2026-04-06 16:30:00+00:00,54.20000076293945,54.250999450683594,0.6666666666666666,0.0,-0.0,0.0006272901233243348,0.0008485862572658043,0.6666666666666666,0.00032579807761901834,1.5092780612401837,True
2026-04-06 17:30:00+00:00,54.26499938964844,54.474998474121094,0.0,0.6666666666666666,0.00017203909121921157,0.0,0.004128938189260856,0.6666666666666666,0.00032589384817610054,1.515509777065452,True
2026-04-06 18:30:00+00:00,54.47999954223633,54.40999984741211,0.0,0.0,0.0,-0.0,-0.001193182717386776,0.0,0.0,1.5137014969914269,True
2026-04-06 19:30:00+00:00,54.38999938964844,54.79499816894531,0.0,0.0,-0.0,0.0,0.007075874335837007,0.0,0.0,1.5244122585661066,True
2026-04-07 13:30:00+00:00,54.31999969482422,53.68000030517578,0.6666666666666666,0.0,-0.0,-0.007854680820373439,-0.02034853364410638,0.6666666666666666,0.0003258412833748493,1.493392704435186,True
2026-04-07 14:30:00+00:00,53.689998626708984,53.540000915527344,0.0,0.6666666666666666,0.00012417190109736964,-0.0,-0.0026080363050023925,0.6666666666666666,0.0003231732903347141,1.4894978820443934,True
2026-04-07 15:30:00+00:00,53.560001373291016,54.72999954223633,0.0,0.0,0.0,0.0,0.02222634677549795,0.0,0.0,1.5226039784920817,True
2026-04-07 16:30:00+00:00,54.72999954223633,54.79499816894531,0.0,0.0,0.0,0.0,0.0011876233738834507,0.0,0.0,1.5244122585661068,True
2026-04-07 17:30:00+00:00,54.79999923706055,54.63999938964844,0.0,0.0,0.0,-0.0,-0.0028287030655421708,0.0,0.0,1.5201001489371508,True
2026-04-07 18:30:00+00:00,54.63999938964844,54.77000045776367,0.6666666666666666,0.0,0.0,0.0015861526301537883,0.0023792289452306825,0.6666666666666666,0.00032310569494644725,1.5237168152111515,True
2026-04-07 19:30:00+00:00,54.77000045776367,56.540000915527344,0.6666666666666666,0.6666666666666666,0.0,0.021544646618831965,0.03231696992824795,0.0,0.0,1.5729587257074962,True
2026-04-08 13:30:00+00:00,66.62000274658203,66.30000305175781,0.6666666666666666,0.6666666666666666,0.11885392840270784,-0.003202238383182232,0.17262118815336125,0.0,0.0,1.8444847298553213,True
2026-04-08 14:30:00+00:00,66.31999969482422,65.79000091552734,1.0,0.6666666666666666,0.00020107231921532667,-0.007991537722190856,-0.007692339558903694,0.33333333333333337,0.00018435051237056176,1.8302963270020614,True
2026-04-08 15:30:00+00:00,65.81999969482422,66.73999786376953,1.0,1.0,0.00045597779114481263,0.013977486678986573,0.014439837893633012,0.0,0.0,1.856725509261283,True
2026-04-08 16:30:00+00:00,66.73999786376953,67.0,1.0,1.0,0.0,0.003895746846758863,0.003895746846758863,0.0,0.0,1.8639588418092845,True
2026-04-08 17:30:00+00:00,66.99500274658203,67.32499694824219,1.0,1.0,-7.458587191000454e-05,0.004925653976139088,0.004850700720032686,0.0,0.0,1.87300034830536,True
2026-04-08 18:30:00+00:00,67.31500244140625,66.56999969482422,1.0,1.0,-0.0001484516492977761,-0.01106741022895319,-0.011214218902949158,0.0,0.0,1.8519961123941637,True
2026-04-08 19:30:00+00:00,66.56999969482422,67.55000305175781,1.0,1.0,0.0,0.014721396446240265,0.014721396446240265,0.0,0.0,1.879260081381614,True
2026-04-09 13:30:00+00:00,68.12000274658203,68.94499969482422,1.0,1.0,0.008438189031427124,0.012110935334388007,0.020651318727514134,0.0,0.0,1.91806928029412,True
2026-04-09 14:30:00+00:00,68.93000030517578,69.6500015258789,1.0,1.0,-0.00021755587373750718,0.010445397033446158,0.01022556870223057,0.0,0.0,1.9376826294954055,True
2026-04-09 15:30:00+00:00,69.6500015258789,70.70500183105469,1.0,1.0,0.0,0.015147168443116144,0.015147168443116144,0.0,0.0,1.9670330346736726,True
2026-04-09 16:30:00+00:00,70.70989990234375,70.87000274658203,1.0,1.0,6.927474948326129e-05,0.0022642210561660825,0.0023336526589958773,0.0,0.0,1.9716234065453715,True
2026-04-09 17:30:00+00:00,70.875,70.52999877929688,1.0,1.0,7.05129564597673e-05,-0.004867742091049343,-0.004797572373475778,0.0,0.0,1.9621644005592311,True
2026-04-09 18:30:00+00:00,70.5199966430664,71.58000183105469,1.0,1.0,-0.00014181392887535615,0.015031271106739297,0.014887325534252316,0.0,0.0,1.9913757807420776,True
2026-04-09 19:30:00+00:00,71.58000183105469,71.9800033569336,1.0,1.0,0.0,0.005588174289559378,0.005588174289559378,0.0,0.0,2.002503935680872,True
2026-04-10 13:30:00+00:00,74.29499816894531,76.97989654541016,1.0,1.0,0.03216163801121463,0.0361383463575764,0.06946225278266738,0.0,0.0,2.141602370259423,True
2026-04-10 14:30:00+00:00,76.9800033569336,77.80999755859375,1.0,1.0,1.3875249023076464e-06,0.01078194551137801,0.010783347996498271,0.0,0.0,2.1646960138880558,True
2026-04-10 15:30:00+00:00,77.80999755859375,76.4000015258789,1.0,1.0,0.0,-0.018121013712319778,-0.018121013712319667,0.0,0.0,2.1254695277373865,True
2026-04-10 16:30:00+00:00,76.37999725341797,76.54000091552734,1.0,1.0,-0.0002618360217461202,0.0020948372330849008,0.0018324527074913277,0.0,0.0,2.129364350128179,True
2026-04-10 17:30:00+00:00,76.5250015258789,77.48500061035156,1.0,1.0,-0.00019596798365595358,0.012544907746888656,0.012346481362956352,0.0,0.0,2.15565450739198,True
2026-04-10 18:30:00+00:00,77.48500061035156,77.62000274658203,1.0,1.0,0.0,0.001742300253817497,0.001742300253817497,0.0,0.0,2.159410304787352,True
2026-04-10 19:30:00+00:00,77.61000061035156,76.37999725341797,1.0,1.0,-0.00012886029214820294,-0.01584851626414674,-0.015975334311859046,0.0,0.0,2.124913003251901,True
2026-04-13 13:30:00+00:00,75.58999633789062,76.66000366210938,1.0,1.0,-0.01034303409184778,0.01415540912895108,0.003665965157898299,0.0,0.0,2.1327028602853875,True
2026-04-13 14:30:00+00:00,76.6500015258789,77.12999725341797,1.0,1.0,-0.00013047398581600422,0.006262175055234742,0.006130884018479277,0.0,0.0,2.145778214167676,True
2026-04-13 15:30:00+00:00,77.13999938964844,77.6802978515625,1.0,1.0,0.0001296789392797315,0.00700412841831799,0.007134715645541467,0.0,0.0,2.16108773156416,True
2026-04-13 16:30:00+00:00,77.66999816894531,78.5,1.0,1.0,-0.00013259066844550915,0.010686260468930175,0.010552252902066073,0.0,0.0,2.1838920758511775,True
2026-04-13 17:30:00+00:00,78.48500061035156,78.19000244140625,1.0,1.0,-0.0001910750273685924,-0.0037586566433230884,-0.003949013485270658,0.0,0.0,2.1752678565932655,True
2026-04-13 18:30:00+00:00,78.18000030517578,79.73999786376953,1.0,1.0,-0.00012792090955571211,0.019953921111592443,0.019823447678299022,0.0,0.0,2.218389165134728,True
2026-04-13 19:30:00+00:00,79.7300033569336,80.5,1.0,1.0,-0.00012533868953712446,0.009657551870646541,0.009531002716213877,0.0,0.0,2.2395326382932463,True
2026-04-14 13:30:00+00:00,83.2699966430664,81.8499984741211,1.0,1.0,0.034409896187160394,-0.017052938947891172,0.01677016738038617,0.0,0.0,2.277089975491262,True
2026-04-14 14:30:00+00:00,81.87000274658203,82.76000213623047,1.0,1.0,0.00024440162289396383,0.010870885059126145,0.011117943543970776,0.0,0.0,2.3024065332833157,True
2026-04-14 15:30:00+00:00,82.76499938964844,83.05000305175781,1.0,1.0,6.0382470867370586e-05,0.0034435288372034467,0.003504119236850345,0.0,0.0,2.310474440307644,True
2026-04-14 16:30:00+00:00,83.06999969482422,84.17500305175781,1.0,1.0,0.00024077835438429673,0.013302074888564608,0.013546056094650316,0.0,0.0,2.341772256681307,True
2026-04-14 17:30:00+00:00,84.18499755859375,84.37999725341797,1.0,1.0,0.00011873485564106723,0.0023163235787766467,0.002435333462763367,0.0,0.0,2.347475253020174,True
2026-04-14 18:30:00+00:00,84.37999725341797,85.5,1.0,1.0,0.0,0.013273320491091534,0.013273320491091534,0.0,0.0,2.378634044398417,True
2026-04-14 19:30:00+00:00,85.5,85.38999938964844,1.0,1.0,0.0,-0.0012865568462171462,-0.0012865568462171462,0.0,0.0,2.375573796483951,True
2026-04-15 13:30:00+00:00,84.66000366210938,84.41000366210938,1.0,1.0,-0.008548960449197063,-0.0029529882965489973,-0.011476703765591734,0.0,0.0,2.3483100397484025,True
2026-04-15 14:30:00+00:00,84.43000030517578,84.4000015258789,1.0,1.0,0.0002368989716723391,-0.00035530947753692477,-0.0001184946783145957,0.0,0.0,2.3480317775056596,True
2026-04-15 15:30:00+00:00,84.4000015258789,83.21240234375,1.0,1.0,0.0,-0.014071080102584621,-0.014071080102584621,0.0,0.0,2.3149924342809634,True
2026-04-15 16:30:00+00:00,83.22000122070312,81.58499908447266,1.0,1.0,9.131904306447503e-05,-0.019646744920062797,-0.019557219998943887,0.0,0.0,2.26971761794784,True
2026-04-15 17:30:00+00:00,81.58499908447266,82.625,1.0,1.0,0.0,0.012747452683679494,0.012747452683679494,0.0,0.0,2.2986507358879438,True
2026-04-15 18:30:00+00:00,82.61000061035156,84.3949966430664,1.0,1.0,-0.00018153572948187424,0.021607505381027403,0.021422047117293896,0.0,0.0,2.3478925402583375,True
2026-04-15 19:30:00+00:00,84.38999938964844,85.8822021484375,1.0,1.0,-5.9212673934938564e-05,0.01768222265175301,0.01762196296613361,0.0,0.0,2.3892670156512312,True
2026-04-16 13:30:00+00:00,85.01000213623047,85.81999969482422,1.0,1.0,-0.010155771398357216,0.009528261830833884,-0.0007242764165009685,0.0,0.0,2.3875365258990713,True
2026-04-16 14:30:00+00:00,85.83499908447266,88.2699966430664,1.0,1.0,0.00017477732115800393,0.02836835305604657,0.028548088521957338,0.0,0.0,2.4556961299898443,True
2026-04-16 15:30:00+00:00,88.29000091552734,88.39219665527344,1.0,1.0,0.0002266259569696505,0.0011575007213315835,0.0013843889980098556,0.0,0.0,2.4590957686946577,True
2026-04-16 16:30:00+00:00,88.41000366210938,87.9800033569336,1.0,1.0,0.00020145451193376296,-0.004863706451355698,-0.004663231755031361,0.0,0.0,2.4476284352174176,True
2026-04-16 17:30:00+00:00,87.9822006225586,86.5999984741211,1.0,1.0,2.4974602650162936e-05,-0.015710020193369756,-0.01568543794223143,0.0,0.0,2.4092363112911737,True
2026-04-16 18:30:00+00:00,86.61000061035156,88.11000061035156,1.0,1.0,0.00011549811093192197,0.01731901615782605,0.01743651458240736,0.0,0.0,2.4512449953654674,True
2026-04-16 19:30:00+00:00,88.11499786376953,88.43499755859375,1.0,1.0,5.671607517143684e-05,0.003631614396892413,0.0036885364429790624,0.0,0.0,2.460286501861543,True
2026-04-17 13:30:00+00:00,93.19499969482422,92.63909912109375,1.0,1.0,0.05382486874697623,-0.005964918456471069,0.04753888933749928,0.0,0.0,2.577245789612082,True
2026-04-17 14:30:00+00:00,92.63999938964844,93.75,1.0,1.0,9.718019316151683e-06,0.01198187195233924,0.011991706411718539,0.0,0.0,2.6081513644719476,True
2026-04-17 15:30:00+00:00,93.75499725341797,94.32990264892578,1.0,1.0,5.330403645831261e-05,0.0061319973585391985,0.0061856282552084085,0.0,0.0,2.624284419245886,True
2026-04-17 16:30:00+00:00,94.33999633789062,93.06999969482422,1.0,1.0,0.00010700412786812663,-0.013461911091428802,-0.013356347443616357,0.0,0.0,2.5892335647515687,True
2026-04-17 17:30:00+00:00,93.05999755859375,93.62000274658203,1.0,1.0,-0.00010746896167690423,0.0060176789456252155,0.005909563270240392,0.0,0.0,2.6045348043238983,True
2026-04-17 18:30:00+00:00,93.63999938964844,93.13999938964844,1.0,1.0,0.00021359370305229497,-0.005339598496999498,-0.005127145298562952,0.0,0.0,2.5911809759469655,True
2026-04-17 19:30:00+00:00,93.1500015258789,94.72000122070312,1.0,1.0,0.00010738819299982438,0.01685453214284749,0.016963730313598102,0.0,0.0,2.635137071216656,True
2026-04-20 13:30:00+00:00,95.80000305175781,94.35559844970703,1.0,1.0,0.01140204621131935,-0.015077291816686156,-0.00384715758340215,0.0,0.0,2.624999283649821,True
2026-04-20 14:30:00+00:00,94.33999633789062,94.43000030517578,1.0,1.0,-0.00016535438355280707,0.0009540382741037856,0.0007885261361402218,0.0,0.0,2.6270691641923283,True
2026-04-20 15:30:00+00:00,94.43000030517578,93.8499984741211,1.0,1.0,0.0,-0.006142135223766387,-0.006142135223766387,0.0,0.0,2.610933350143672,True
2026-04-20 16:30:00+00:00,93.87999725341797,93.91999816894531,1.0,1.0,0.0003196460286054581,0.0004260856060676055,0.0007458678312448619,0.0,0.0,2.6128807613390683,True
2026-04-20 17:30:00+00:00,93.91000366210938,95.37000274658203,1.0,1.0,-0.00010641510893094619,0.015546789772533431,0.015438720250275262,0.0,0.0,2.6532202964607086,True
2026-04-20 18:30:00+00:00,95.38999938964844,95.69920349121094,1.0,1.0,0.0002096743471795559,0.0032414729378440477,0.0034518269387457945,0.0,0.0,2.6623787537544588,True
2026-04-20 19:30:00+00:00,95.69999694824219,95.94000244140625,1.0,1.0,8.29115606304498e-06,0.002507894470402894,0.0025162064198103185,0.0,0.0,2.6690778482666224,True
2026-04-21 13:30:00+00:00,97.97000122070312,99.07499694824219,1.0,1.0,0.021159044482375045,0.011278919197416082,0.03267661483280215,0.0,0.0,2.756294277073195,True
2026-04-21 14:30:00+00:00,99.08000183105469,97.37999725341797,1.0,1.0,5.051610362505343e-05,-0.01715789812494617,-0.01710824877148065,0.0,0.0,2.7091389088936184,True
2026-04-21 15:30:00+00:00,97.36000061035156,98.33999633789062,1.0,1.0,-0.00020534651499704015,0.010065691468728932,0.00985827799906791,0.0,0.0,2.735846353395583,True
2026-04-21 16:30:00+00:00,98.33000183105469,97.04010009765625,1.0,1.0,-0.0001016321660374242,-0.0131180891831435,-0.013218388129363046,0.0,0.0,2.6996828744340977,True
2026-04-21 17:30:00+00:00,97.06999969482422,97.94999694824219,1.0,1.0,0.00030811589371682047,0.009065594480113015,0.00937650362757525,0.0,0.0,2.724996460699532,True
2026-04-21 18:30:00+00:00,97.88999938964844,99.61000061035156,1.0,1.0,-0.0006125325213175437,0.017570755250050807,0.016947460069718367,0.0,0.0,2.771178229407361,True
2026-04-21 19:30:00+00:00,99.61000061035156,98.08000183105469,1.0,1.0,0.0,-0.01535989127519266,-0.01535989127519266,0.0,0.0,2.728613233099483,True
2026-04-22 13:30:00+00:00,102.94000244140625,101.98999786376953,1.0,1.0,0.049551391921087484,-0.009228721149268093,0.039865374793221386,0.0,0.0,2.8373904223027373,True
2026-04-22 14:30:00+00:00,102.0,103.13712310791016,1.0,1.0,9.806977586013232e-05,0.011148265763825105,0.011247428847609875,0.0,0.0,2.869303769190477,True
2026-04-22 15:30:00+00:00,103.08000183105469,103.41999816894531,1.0,1.0,-0.0005538381829373051,0.0032983734172595813,0.002742708469182231,0.0,0.0,2.8771734329388923,True
2026-04-22 16:30:00+00:00,103.41000366210938,104.91000366210938,1.0,1.0,-9.663998271991492e-05,0.014505366472099102,0.014407324691013912,0.0,0.0,2.918625804779602,True
2026-04-22 17:30:00+00:00,104.9291000366211,104.87010192871094,1.0,1.0,0.0001820262495959568,-0.0005622664055020543,-0.0003803425031509988,0.0,0.0,2.917515727335251,True
2026-04-22 18:30:00+00:00,104.91000366210938,105.50499725341797,1.0,1.0,0.00038048721861216883,0.0056714666908690425,0.0060541118300678765,0.0,0.0,2.9351786938145206,True
2026-04-22 19:30:00+00:00,105.51000213623047,105.66999816894531,1.0,1.0,4.743740052881584e-05,0.0015164063072263811,0.0015639156421285438,0.0,0.0,2.9397690656862197,True
2026-04-23 13:30:00+00:00,108.62000274658203,112.98999786376953,1.0,1.0,0.027917144210793277,0.04023195550255143,0.0692722610169918,0.0,0.0,3.1434135157341134,True
2026-04-23 14:30:00+00:00,112.9800033569336,115.5823974609375,1.0,1.0,-8.845479267982626e-05,0.023034112468400814,0.02294362019807794,0.0,0.0,3.2155348015646217,True
2026-04-23 15:30:00+00:00,115.6500015258789,115.88839721679688,1.0,1.0,0.0005848993136194913,0.002061354844553387,0.00264745984320669,0.0,0.0,3.2240478008261975,True
2026-04-23 16:30:00+00:00,115.86000061035156,111.58000183105469,1.0,1.0,-0.0002450340769851733,-0.036941125122991525,-0.03717710736547941,0.0,0.0,3.104187029583444,True
2026-04-23 17:30:00+00:00,111.56999969482422,111.8499984741211,1.0,1.0,-8.964093983088173e-05,0.0025096242723201545,0.002419758367410818,0.0,0.0,3.111698412122287,True
2026-04-23 18:30:00+00:00,111.88800048828125,110.13990020751953,1.0,1.0,0.00033975873650948785,-0.015623661814787804,-0.015289211353876286,0.0,0.0,3.0641229974298283,True
2026-04-23 19:30:00+00:00,110.13500213623047,112.69999694824219,1.0,1.0,-4.447136123997275e-05,0.023289551570889078,0.023244044491588012,0.0,0.0,3.1353456087097853,True
2026-04-24 13:30:00+00:00,125.20999908447266,124.69999694824219,1.0,1.0,0.11100268389515322,-0.004073174187042339,0.10647737644137689,0.0,0.0,3.469188983362195,True
2026-04-24 14:30:00+00:00,124.69999694824219,126.51000213623047,1.0,1.0,0.0,0.01451487756442793,0.01451487756442793,0.0,0.0,3.5195438367035594,True
2026-04-24 15:30:00+00:00,126.55999755859375,129.14999389648438,1.0,1.0,0.0003951894831955016,0.020464573228926586,0.02086785009624026,0.0,0.0,3.5929891498950357,True
2026-04-24 16:30:00+00:00,129.17999267578125,128.10000610351562,1.0,1.0,0.00023227859631891334,-0.008360323838817685,-0.008129987166784813,0.0,0.0,3.563778194215992,True
2026-04-24 17:30:00+00:00,128.0706024169922,127.89630126953125,1.0,1.0,-0.000229536964265864,-0.0013609770249493058,-0.0015902015946803738,0.0,0.0,3.5581110684484623,True
2026-04-24 18:30:00+00:00,127.88999938964844,127.87999725341797,1.0,1.0,-4.927335521243137e-05,-7.820890044729634e-05,-0.00012747840204485605,0.0,0.0,3.557657486135158,True
2026-04-24 19:30:00+00:00,127.87999725341797,128.2100067138672,1.0,1.0,0.0,0.002580618294784953,0.002580618294784953,0.0,0.0,3.5668384421304573,True
2026-04-27 13:30:00+00:00,128.3249969482422,119.43000030517578,1.0,1.0,0.0008968896993479802,-0.0693161648517635,-0.06848144410666945,0.0,0.0,3.3225761947181804,True
2026-04-27 14:30:00+00:00,119.43000030517578,119.29499816894531,1.0,1.0,0.0,-0.0011303871379511055,-0.0011303871379511055,0.0,0.0,3.3188203973228085,True
2026-04-27 15:30:00+00:00,119.26000213623047,119.88009643554688,1.0,1.0,-0.00029335708329769616,0.005199516084261724,0.004904633686090953,0.0,0.0,3.3350979956416036,True
2026-04-27 16:30:00+00:00,119.92659759521484,119.60649871826172,1.0,1.0,0.0003878972494235633,-0.002669123308521981,-0.002282261404688235,0.0,0.0,3.3274864302052976,True
2026-04-27 17:30:00+00:00,119.61009979248047,121.0,1.0,1.0,3.0107680246027613e-05,0.011620257904064735,0.011650715443319859,0.0,0.0,3.3662540277451276,True
2026-04-27 18:30:00+00:00,121.04000091552734,122.09500122070312,1.0,1.0,0.00033058607873837076,0.008716129355551328,0.009049596865315035,0.0,0.0,3.396717269642464,True
2026-04-27 19:30:00+00:00,122.05000305175781,123.37000274658203,1.0,1.0,-0.0003685504606693035,0.010815236885036716,0.010442700463831223,0.0,0.0,3.432188170649663,True
2026-04-28 13:30:00+00:00,108.75,109.51969909667969,1.0,1.0,-0.11850532885707565,0.007077692843031613,-0.1122663803319569,0.0,0.0,3.0468688281126646,True
2026-04-28 14:30:00+00:00,109.5,106.4561996459961,1.0,1.0,-0.00017986806795644572,-0.02779726350688494,-0.027972131734759986,0.0,0.0,2.9616414118741634,True
2026-04-28 15:30:00+00:00,106.43000030517578,106.94000244140625,1.0,1.0,-0.00024610441578254427,0.004791902046115792,0.004544618322079641,0.0,0.0,2.9751009416979968,True
2026-04-28 16:30:00+00:00,106.92500305175781,107.66999816894531,1.0,1.0,-0.00014025985885546266,0.006967454719892574,0.00682621760682145,0.0,0.0,2.9954096281282867,True
2026-04-28 17:30:00+00:00,107.69499969482422,111.43499755859375,1.0,1.0,0.00023220512960042683,0.034727683498468664,0.03496795257431673,0.0,0.0,3.1001529699453285,True
2026-04-28 18:30:00+00:00,111.43000030517578,110.4800033569336,1.0,1.0,-4.4844559855095056e-05,-0.00852550431338428,-0.00856996655075093,0.0,0.0,3.073584762690686,True
2026-04-28 19:30:00+00:00,110.45999908447266,109.59010314941406,1.0,1.0,-0.00018106690670804948,-0.007875212224050077,-0.00805485319044097,0.0,0.0,3.0488274886588362,True
2026-04-29 13:30:00+00:00,114.66999816894531,116.30999755859375,1.0,1.0,0.0463535928295038,0.014301904733897253,0.06131844223212246,0.0,0.0,3.23577684089787,True
2026-04-29 14:30:00+00:00,116.3499984741211,115.78500366210938,1.0,1.0,0.00034391639899400417,-0.004855993291116301,-0.0045137469478485626,0.0,0.0,3.2211713630583483,True
2026-04-29 15:30:00+00:00,115.7699966430664,114.33000183105469,1.0,1.0,-0.00012961107715436793,-0.01243841110621613,-0.012566410027508912,0.0,0.0,3.1806928029412873,True
2026-04-29 16:30:00+00:00,114.30000305175781,114.94000244140625,1.0,1.0,-0.0002623876394334257,0.005599294598081839,0.0053354377729561975,0.0,0.0,3.1976631914662703,True
2026-04-29 17:30:00+00:00,114.9800033569336,115.2300033569336,0.6666666666666666,1.0,0.0003480156140394097,0.0014495274117298784,0.002523063418892635,0.33333333333333337,0.00031952082569106885,3.2057310984905985,True
2026-04-29 18:30:00+00:00,114.77999877929688,117.61000061035156,0.6666666666666666,0.6666666666666666,-0.0026035150830338396,0.016437253070524495,0.020654319049577374,0.0,0.0,3.2719432913859756,True
2026-04-29 19:30:00+00:00,117.5999984741211,118.04000091552734,1.0,0.6666666666666666,-5.6696631117292284e-05,0.003741517407443551,0.0036561542636190936,0.33333333333333337,0.00032446930078257634,3.2839060208010964,True
2026-04-30 13:30:00+00:00,121.69999694824219,119.13999938964844,1.0,1.0,0.031006404645269603,-0.021035313252164567,0.009318861958568458,0.0,0.0,3.3145082876938536,True
2026-04-30 14:30:00+00:00,119.0999984741211,124.47489929199219,1.0,1.0,-0.0003357471523608435,0.04512931055191394,0.0447784113620473,0.0,0.0,3.462926703263124,True
2026-04-30 15:30:00+00:00,124.46499633789062,124.80500030517578,1.0,1.0,-7.955783983670806e-05,0.0027317235953001617,0.0026519484254350356,0.0,0.0,3.47211020628124,True
2026-04-30 16:30:00+00:00,124.81089782714844,125.16000366210938,1.0,1.0,4.725389173709793e-05,0.002797078148131016,0.0028444642126961295,0.0,0.0,3.481986499505544,True
2026-04-30 17:30:00+00:00,125.1500015258789,126.0999984741211,0.6666666666666666,1.0,-7.991479656288547e-05,0.005060577635687569,0.007510345034420052,0.33333333333333337,0.0003454793536043533,3.5081374195220234,True
2026-04-30 18:30:00+00:00,126.1050033569336,125.95999908447266,0.6666666666666666,0.6666666666666666,2.6459861871922875e-05,-0.0007665795361056678,-0.0011102251494251592,0.0,0.0,3.5042425971312308,True
2026-04-30 19:30:00+00:00,125.9800033569336,127.05000305175781,0.6666666666666666,0.6666666666666666,0.00010587632373419234,0.005662272669272402,0.008653572365891815,0.0,0.0,3.5345668140331465,True
2026-05-01 13:30:00+00:00,124.38999938964844,127.8499984741211,0.6666666666666666,0.6666666666666666,-0.013957778293143042,0.018543822394351334,0.006296697388014749,0.0,0.0,3.556822911658833,True
2026-05-01 14:30:00+00:00,127.87000274658203,128.11300659179688,0.6666666666666666,0.6666666666666666,0.00010431115995146456,0.0012669317275110594,0.0020571616802094184,0.0,0.0,3.564139871455988,True
2026-05-01 15:30:00+00:00,128.1199951171875,128.16990661621094,0.6666666666666666,0.6666666666666666,3.636646310178904e-05,0.0002597122537496924,0.00044413932611364615,0.0,0.0,3.5657228461366715,True
2026-05-01 16:30:00+00:00,128.1300048828125,129.26010131835938,1.0,0.6666666666666666,-0.00020754603245998204,0.008819920334666831,0.008505855476768742,0.33333333333333337,0.0003510709751038847,3.5960523693361224,True
2026-05-01 17:30:00+00:00,129.2899932861328,129.97000122070312,1.0,1.0,0.00023125440463500624,0.005259555803869276,0.00549202650395042,0.0,0.0,3.61580198425811,True
2026-05-01 18:30:00+00:00,129.89999389648438,131.1199951171875,1.0,1.0,-0.0005386421755884108,0.009391849715368883,0.008848148693417102,0.0,0.0,3.6477951378607782,True
2026-05-01 19:30:00+00:00,131.10000610351562,130.3300018310547,1.0,1.0,-0.00015244824905624732,-0.005873411415808438,-0.006024964273578237,0.0,0.0,3.625817302477835,True
2026-05-04 13:30:00+00:00,132.19500732421875,129.83999633789062,1.0,1.0,0.014309870842951877,-0.017814674199852942,-0.003759729043810278,0.0,0.0,3.612185211858159,True
2026-05-04 14:30:00+00:00,129.83999633789062,127.69999694824219,1.0,1.0,0.0,-0.016481819547186305,-0.016481819547186305,0.0,0.0,3.552649827025298,True
2026-05-04 15:30:00+00:00,127.77989959716797,126.55010223388672,1.0,1.0,0.0006257059579897195,-0.009624341286526672,-0.009004657336221578,0.0,0.0,3.5206594326973484,True
2026-05-04 16:30:00+00:00,126.58989715576172,128.61000061035156,1.0,1.0,0.00031445981609290463,0.015957856827264916,0.016277334748080907,0.0,0.0,3.5779663848173517,True
2026-05-04 17:30:00+00:00,128.58999633789062,127.79499816894531,1.0,1.0,-0.00015554212243218402,-0.00618242625076626,-0.006337006745497642,0.0,0.0,3.5552927877016005,True
2026-05-04 18:30:00+00:00,127.83999633789062,127.79000091552734,1.0,1.0,0.0003521121295047003,-0.0003910780960220128,-3.910366985848679e-05,0.0,0.0,3.5551537627061798,True
2026-05-04 19:30:00+00:00,128.0449981689453,127.55000305175781,1.0,1.0,0.001995439796471432,-0.0038657903414109906,-0.0018780644968315885,0.0,0.0,3.548476954643664,True
2026-05-05 13:30:00+00:00,135.0,141.91000366210938,1.0,1.0,0.05840844194428674,0.05118521231192119,0.11258330275793482,0.0,0.0,3.9479762099578664,True
2026-05-05 14:30:00+00:00,141.88999938964844,143.42999267578125,1.0,1.0,-0.00014096449823630675,0.010853430775651818,0.010710936328991894,0.0,0.0,3.9902627317710997,True
2026-05-05 15:30:00+00:00,143.4149932861328,144.94000244140625,1.0,1.0,-0.00010457638161043281,0.010633540610575087,0.010527852211763777,0.0,0.0,4.032271628097295,True
2026-05-05 16:30:00+00:00,144.8800048828125,146.7899932861328,1.0,1.0,-0.0004139475478345256,0.013183243642662879,0.012763838923450121,0.0,0.0,4.083738893653926,True
2026-05-05 17:30:00+00:00,146.8000030517578,146.6300048828125,1.0,1.0,6.819106262567765e-05,-0.0011580256499407193,-0.0010899135543147587,0.0,0.0,4.079287971281451,True
2026-05-05 18:30:00+00:00,146.64999389648438,144.07000732421875,1.0,1.0,0.0001363228057440491,-0.01759281745409924,-0.017458892950591665,0.0,0.0,4.008068119276212,True
2026-05-05 19:30:00+00:00,144.05999755859375,144.27499389648438,1.0,1.0,-6.947848348803909e-05,0.0014924083127461074,0.0014228261389916952,0.0,0.0,4.013770903363177,True
2026-05-06 13:30:00+00:00,157.83999633789062,150.6300048828125,1.0,1.0,0.09402185420391684,-0.04567911570172356,0.04404790334552211,0.0,0.0,4.1905690961655875,True
2026-05-06 14:30:00+00:00,151.1199951171875,161.99000549316406,1.0,1.0,0.003252939112338149,0.07192966336153805,0.0754165852891624,0.0,0.0,4.506607507816688,True
2026-05-06 15:30:00+00:00,162.0,160.52999877929688,1.0,1.0,6.169829308610986e-05,-0.009074081609278584,-0.009012943171539112,0.0,0.0,4.4659897104523045,True
2026-05-06 16:30:00+00:00,160.55999755859375,161.39999389648438,1.0,1.0,0.00018687335404599104,0.005231666359387432,0.005419517372473148,0.0,0.0,4.4901932192733875,True
2026-05-06 17:30:00+00:00,161.3800048828125,161.89669799804688,1.0,1.0,-0.00012384767303452726,0.0032017170628391156,0.0030774728645965865,0.0,0.0,4.504011667062497,True
2026-05-06 18:30:00+00:00,161.92999267578125,164.42999267578125,1.0,1.0,0.00020565384066562054,0.015438770537126834,0.015647599420248515,0.0,0.0,4.574488637412816,True
2026-05-06 19:30:00+00:00,164.41000366210938,165.75999450683594,1.0,1.0,-0.00012156549633424163,0.008211123500130979,0.008088559814492857,0.0,0.0,4.611489662377248,True
2026-05-07 13:30:00+00:00,162.11500549316406,161.27000427246094,1.0,1.0,-0.02198955800231739,-0.005212356611484448,-0.02708729719576486,0.0,0.0,4.486576871377238,True
2026-05-07 14:30:00+00:00,161.33990478515625,159.43499755859375,1.0,1.0,0.0004334377803898448,-0.011806795281670168,-0.01137847501242073,0.0,0.0,4.435526468554968,True
2026-05-07 15:30:00+00:00,159.5,153.3887939453125,1.0,1.0,0.00040770497319675414,-0.038314771502742984,-0.03792268765243478,0.0,0.0,4.2673193837138506,True
2026-05-07 16:30:00+00:00,153.3300018310547,149.47000122070312,1.0,1.0,-0.00038328819691202387,-0.025174463994363405,-0.025548103116362908,0.0,0.0,4.158297468068275,True
2026-05-07 17:30:00+00:00,149.49000549316406,149.63499450683594,1.0,1.0,0.0001338346979165017,0.0009698910184232634,0.0011038555214111234,0.0,0.0,4.162887627688072,True
2026-05-07 18:30:00+00:00,149.58999633789062,148.9499969482422,1.0,1.0,-0.0003007195548982988,-0.004278356877573719,-0.004577789846896274,0.0,0.0,4.143830802972271,True
2026-05-07 19:30:00+00:00,149.67999267578125,152.0500030517578,1.0,1.0,0.004900944897586745,0.015833848823805008,0.020812394541994017,0.0,0.0,4.230073844558998,True
2026-05-08 13:30:00+00:00,163.0,167.02000427246094,1.0,1.0,0.07201576276532395,0.02466260289853328,0.09845446182337358,0.0,0.0,4.646543488398183,True
2026-05-08 14:30:00+00:00,167.0800018310547,169.40069580078125,1.0,1.0,0.00035922378792352383,0.013889717167187676,0.014253930471925136,0.0,0.0,4.712774996216587,True
2026-05-08 15:30:00+00:00,169.3300018310547,171.92999267578125,1.0,1.0,-0.0004173180599547077,0.015354578731539004,0.014930852928576543,0.0,0.0,4.78314074657057,True
2026-05-08 16:30:00+00:00,171.86000061035156,176.39990234375,1.0,1.0,-0.0004070963090290203,0.02641627904850008,0.025998428769772097,0.0,0.0,4.907494890566079,True
2026-05-08 17:30:00+00:00,176.33999633789062,174.7899932861328,1.0,1.0,-0.0003396033958263933,-0.00878985530195775,-0.009126473633074728,0.0,0.0,4.862706767842879,True
2026-05-08 18:30:00+00:00,174.77999877929688,174.3699951171875,1.0,1.0,-5.718008593080803e-05,-0.0023458271253743446,-0.0024028730767085005,0.0,0.0,4.851022300670501,True
2026-05-08 19:30:00+00:00,174.375,177.44000244140625,1.0,1.0,2.8702660736623642e-05,0.0175770749327957,0.017606282102350823,0.0,0.0,4.936430767780901,True
2026-05-11 13:30:00+00:00,181.0,179.72959899902344,1.0,1.0,0.02006310589276117,-0.007018790060643987,0.012903497103891493,0.0,0.0,5.000127987896523,True
2026-05-11 14:30:00+00:00,180.25,186.66000366210938,1.0,1.0,0.0028954663220464028,0.0355617401503987,0.03856017429340386,0.0,0.0,5.192933794599139,True
2026-05-11 15:30:00+00:00,186.63999938964844,188.3699951171875,1.0,1.0,-0.00010716957070866506,0.009269158450474269,0.00916099550803362,0.0,0.0,5.240506237764978,True
2026-05-11 16:30:00+00:00,188.4199981689453,189.22999572753906,1.0,1.0,0.0002654512557942468,0.0042988937823227324,0.004565486184870071,0.0,0.0,5.26443169659522,True
2026-05-11 17:30:00+00:00,189.1699981689453,190.27000427246094,1.0,1.0,-0.00031706156501809524,0.0058149078297988765,0.0054960025810038005,0.0,0.0,5.293365026787225,True
2026-05-11 18:30:00+00:00,190.3000030517578,187.08999633789062,1.0,1.0,0.0001576642593328348,-0.016868138005200817,-0.016713133248352885,0.0,0.0,5.20489631176236,True
2026-05-11 19:30:00+00:00,187.9199981689453,190.39999389648438,1.0,1.0,0.004436377397515567,0.013197082544187166,0.01769200718041475,0.0,0.0,5.296981374683374,True
2026-05-12 13:30:00+00:00,177.6199951171875,169.17999267578125,1.0,1.0,-0.06712184447991654,-0.04751718654106385,-0.11144958981584785,0.0,0.0,4.706634973212726,True
2026-05-12 14:30:00+00:00,169.19000244140625,156.27999877929688,1.0,1.0,5.916636752778537e-05,-0.07630476668726549,-0.07625011499560763,0.0,0.0,4.347753515262907,True
2026-05-12 15:30:00+00:00,157.0,154.3699951171875,1.0,1.0,0.004607123280823133,-0.01675162345740444,-0.012221676971003403,0.0,0.0,4.294616676249819,True
2026-05-12 16:30:00+00:00,154.3719024658203,159.03990173339844,1.0,1.0,1.2355695362620267e-05,0.030238658674376806,0.030251387989394196,0.0,0.0,4.424534791588775,True
2026-05-12 17:30:00+00:00,158.99000549316406,164.22999572753906,0.6666666666666666,1.0,-0.00031373409874224656,0.02197199007623703,0.032633910971857194,0.33333333333333337,0.00043392814296993606,4.5689246660693685,True
2026-05-12 18:30:00+00:00,164.89999389648438,165.72500610351562,1.0,0.6666666666666666,0.002719755571963726,0.005003106352745812,0.00910315055026123,0.33333333333333337,0.0004432539484090562,4.6105162751574,True
2026-05-12 19:30:00+00:00,165.75999450683594,172.5449981689453,1.0,1.0,0.00021112325860150882,0.04093269719449433,0.041152462297510795,0.0,0.0,4.800250372342874,True
2026-05-13 13:30:00+00:00,183.8350067138672,179.1199951171875,1.0,1.0,0.06543225630839444,-0.025648061710131453,0.03810598405063215,0.0,0.0,4.983168636470412,True
2026-05-13 14:30:00+00:00,179.11000061035156,181.47999572753906,1.0,1.0,-5.579782887665807e-05,0.01323206470387639,0.013175528554517646,0.0,0.0,5.048824517132205,True
2026-05-13 15:30:00+00:00,181.48989868164062,184.9530029296875,1.0,1.0,5.45677448462456e-05,0.01908152615216152,0.019137135132858196,0.0,0.0,5.145444554178652,True
2026-05-13 16:30:00+00:00,184.94000244140625,186.61000061035156,1.0,1.0,-7.029076616937857e-05,0.009029945641286563,0.008959020153319619,0.0,0.0,5.191542695637327,True
2026-05-13 17:30:00+00:00,186.60499572753906,187.80099487304688,1.0,1.0,-2.6820013912076668e-05,0.006409255769626254,0.00638226385938534,0.0,0.0,5.224676490958149,True
2026-05-13 18:30:00+00:00,187.8800048828125,186.1501007080078,1.0,1.0,0.00042071134830279355,-0.009207494836311558,-0.008790657185575923,0.0,0.0,5.178748151020598,True
2026-05-13 19:30:00+00:00,186.14500427246094,184.38499450683594,1.0,1.0,-2.7378097178010208e-05,-0.009455047007594475,-0.009482166243576673,0.0,0.0,5.129642400119006,True
2026-05-14 13:30:00+00:00,182.6699981689453,185.5,1.0,1.0,-0.009301170859795982,0.015492428200701625,0.006047159619177789,0.0,0.0,5.160662166501828,True
2026-05-14 14:30:00+00:00,185.60000610351562,188.24000549316406,1.0,1.0,0.0005391164610006882,0.014224134174737113,0.014770919100614899,0.0,0.0,5.23688988986883,True
2026-05-14 15:30:00+00:00,188.27999877929688,186.80999755859375,1.0,1.0,0.00021245901490507535,-0.007807527247895685,-0.007596727012538551,0.0,0.0,5.1971066669807735,True
2026-05-14 16:30:00+00:00,186.83999633789062,183.1894073486328,1.0,1.0,0.00016058444242239567,-0.019538584140495807,-0.019381137290713335,0.0,0.0,5.096380829153538,True
2026-05-14 17:30:00+00:00,183.1999969482422,186.0,1.0,1.0,5.78068337173665e-05,0.015283859707426073,0.015342550052680037,0.0,0.0,5.174572307112345,True
2026-05-14 18:30:00+00:00,185.97000122070312,187.49009704589844,1.0,1.0,-0.00016128375966062425,0.008173876513509981,0.008011274440314242,0.0,0.0,5.216027225975872,True
2026-05-14 19:30:00+00:00,187.5399932861328,186.10499572753906,1.0,1.0,0.00026612733696618207,-0.007651688226331332,-0.0073875972127760425,0.0,0.0,5.177493317779489,True
2026-05-15 13:30:00+00:00,167.0,168.16000366210938,1.0,1.0,-0.10265708157296916,0.006946129713229832,-0.09642402126432681,0.0,0.0,4.6782585920100095,True
2026-05-15 14:30:00+00:00,168.1300048828125,169.17999267578125,0.6666666666666666,1.0,-0.00017839425929810915,0.004163396429251638,0.006065586295546099,0.33333333333333337,0.0004543190844074291,4.706634973212727,True
2026-05-15 15:30:00+00:00,169.4499969482422,168.7899932861328,0.6666666666666666,0.6666666666666666,0.0010639724323209994,-0.0025966506304549624,-0.0023052335177472516,0.0,0.0,4.695785080516675,True
2026-05-15 16:30:00+00:00,168.8699951171875,170.97000122070312,0.6666666666666666,0.6666666666666666,0.00031598172971092353,0.008290425235334926,0.012915504599107175,0.0,0.0,4.7564335143205065,True
2026-05-15 17:30:00+00:00,170.91000366210938,171.02000427246094,0.6666666666666666,0.6666666666666666,-0.00023394965263060877,0.00042907810346400527,0.0002924668152353149,0.0,0.0,4.7578246132823185,True
2026-05-15 18:30:00+00:00,171.02999877929688,168.2050018310547,0.6666666666666666,0.6666666666666666,3.896038118833545e-05,-0.011011701527627574,-0.016460077014859076,0.0,0.0,4.679510453724499,True
2026-05-15 19:30:00+00:00,169.1450958251953,164.22999572753906,0.6666666666666666,0.6666666666666666,0.0037259850932172727,-0.019372322812266862,-0.023631913797118376,0.0,0.0,4.568924666069368,True
2026-05-18 13:30:00+00:00,172.9499969482422,153.35000610351562,0.6666666666666666,0.6666666666666666,0.0353975174960112,-0.07555166691943582,-0.06624849240131248,0.0,0.0,4.266240295047102,True
2026-05-18 14:30:00+00:00,152.4499969482422,150.6300048828125,0.6666666666666666,0.6666666666666666,-0.0039126578391565445,-0.007958859087624132,-0.01773720973227122,0.0,0.0,4.190569096165585,True
2026-05-18 15:30:00+00:00,150.60000610351562,146.67999267578125,0.6666666666666666,0.6666666666666666,-0.00013277026853630858,-0.017352869716087255,-0.026223276100298287,0.0,0.0,4.080678645739457,True
2026-05-18 16:30:00+00:00,146.5301055908203,148.96499633789062,0.6666666666666666,0.6666666666666666,-0.000681243034475513,0.011077999920233209,0.01557815500550297,0.0,0.0,4.144248090210432,True
2026-05-18 17:30:00+00:00,148.9980926513672,144.8101043701172,0.6666666666666666,0.6666666666666666,0.00014811673565458722,-0.018738442471427048,-0.02789173342675133,0.0,0.0,4.0286578272239595,True
2026-05-18 18:30:00+00:00,144.86000061035156,145.418701171875,0.6666666666666666,0.6666666666666666,0.00022970883351636218,0.002571220761053983,0.0042027233141295195,0.0,0.0,4.045589161399084,True
2026-05-18 19:30:00+00:00,145.41000366210938,151.6649932861328,0.6666666666666666,0.6666666666666666,-3.9873412408593836e-05,0.028677484200964276,0.04295384337723607,0.0,0.0,4.219362764606464,True
2026-05-19 13:30:00+00:00,142.58999633789062,138.3350067138672,0.6666666666666666,0.6666666666666666,-0.039890536599179516,-0.01989382019918858,-0.08789099108135734,0.0,0.0,3.8485187894934256,True
2026-05-19 14:30:00+00:00,138.39500427246094,144.47149658203125,0.6666666666666666,0.6666666666666666,0.00028914136302867394,0.02927125075318182,0.04435963111533159,0.0,0.0,4.019237663335776,True
2026-05-19 15:30:00+00:00,144.4199981689453,152.57000732421875,0.6666666666666666,0.6666666666666666,-0.00023764047720746065,0.037621794112564125,0.05605611441554603,0.0,0.0,4.244540509654998,True
2026-05-19 16:30:00+00:00,152.5500030517578,158.47000122070312,0.6666666666666666,0.6666666666666666,-8.741024448063091e-05,0.025871290508099776,0.038670732209814984,0.0,0.0,4.408679999057578,True
2026-05-19 17:30:00+00:00,158.41000366210938,156.0399932861328,0.6666666666666666,0.6666666666666666,-0.0002524034333799552,-0.009974161232190118,-0.015334182595139967,0.0,0.0,4.341076494948488,True
2026-05-19 18:30:00+00:00,156.02000427246094,154.50900268554688,0.6666666666666666,0.6666666666666666,-8.540124127121018e-05,-0.006456443812915916,-0.009811526957570038,0.0,0.0,4.298483905893427,True
2026-05-19 19:30:00+00:00,154.47500610351562,151.92990112304688,0.6666666666666666,0.6666666666666666,-0.00014668652070041568,-0.010983891157828014,-0.016692241343042813,0.0,0.0,4.226732575127069,True
2026-05-20 13:30:00+00:00,161.0,170.0399932861328,0.6666666666666666,0.6666666666666666,0.03979949002756348,0.03743268441462858,0.11920031560093425,0.0,0.0,4.730560432042965,True
2026-05-20 14:30:00+00:00,170.0749969482422,170.4600067138672,0.6666666666666666,0.6666666666666666,0.00013723697754045952,0.0015091764320975067,0.0024700861227839876,0.0,0.0,4.742245323719145,True
2026-05-20 15:30:00+00:00,170.43499755859375,167.87820434570312,0.6666666666666666,0.6666666666666666,-9.781045128246882e-05,-0.010001049273977639,-0.015146088621818765,0.0,0.0,4.6704188557796895,True
2026-05-20 16:30:00+00:00,167.8800048828125,169.6800994873047,0.6666666666666666,0.6666666666666666,7.150172219194673e-06,0.0071483383056794025,0.010733347718510311,0.0,0.0,4.72054808534986,True
2026-05-20 17:30:00+00:00,169.82000732421875,170.0,0.6666666666666666,0.6666666666666666,0.0005496925777263387,0.0007066017666481628,0.0018853154474915979,0.0,0.0,4.729447807575797,True
2026-05-20 18:30:00+00:00,170.0,172.0596923828125,0.6666666666666666,0.6666666666666666,0.0,0.008077225030637198,0.012115837545955799,0.0,0.0,4.786749028894462,True
2026-05-20 19:30:00+00:00,172.0500030517578,173.34500122070312,0.6666666666666666,0.6666666666666666,-3.7542517640284004e-05,0.005017913962898893,0.007470133301360038,0.0,0.0,4.822506682220459,True
2026-05-21 13:30:00+00:00,171.25999450683594,171.28500366210938,0.6666666666666666,0.6666666666666666,-0.008018716814000904,9.735356018373645e-05,-0.011883801344643063,0.0,0.0,4.765196970825738,True
2026-05-21 14:30:00+00:00,171.22000122070312,170.77499389648438,0.6666666666666666,0.6666666666666666,-0.0002529991535218379,-0.0017326921350546698,-0.0029775506011670005,0.0,0.0,4.751008355720576,True
2026-05-21 15:30:00+00:00,170.8249969482422,172.03500366210938,0.6666666666666666,0.6666666666666666,0.00019520052132889393,0.004722207855929472,0.0073781865651170175,0.0,0.0,4.786062181741513,True
2026-05-21 16:30:00+00:00,172.03500366210938,176.15499877929688,1.0,0.6666666666666666,0.0,0.023948586214928014,0.023948586214928014,0.33333333333333337,0.00046356447278119686,4.900681604530956,True
2026-05-21 17:30:00+00:00,176.1999969482422,177.02000427246094,1.0,1.0,0.0002554464491903996,0.004653844145409591,0.00491047940256184,0.0,0.0,4.924746300608518,True
2026-05-21 18:30:00+00:00,177.08999633789062,176.42999267578125,1.0,1.0,0.00039539071144734095,-0.003726939272448049,-0.003333022158171328,0.0,0.0,4.908332012065218,True
2026-05-21 19:30:00+00:00,176.4199981689453,178.23150634765625,1.0,1.0,-5.664857025922121e-05,0.010268156657479377,0.010210926410826104,0.0,0.0,4.958450629040318,True
2026-05-22 13:30:00+00:00,184.8000030517578,189.10499572753906,1.0,1.0,0.036853735002885024,0.02329541452753947,0.06100767256420481,0.0,0.0,5.2609541614425845,True
2026-05-22 14:30:00+00:00,189.17999267578125,192.7050018310547,1.0,1.0,0.0003965889317394389,0.018633097006799382,0.019037075618575816,0.0,0.0,5.361107343639828,True
2026-05-22 15:30:00+00:00,192.77999877929688,192.3800048828125,1.0,1.0,0.0003891800811062218,-0.002074872388303617,-0.0016864998062018355,0.0,0.0,5.352065837143752,True
2026-05-22 16:30:00+00:00,192.3000030517578,194.89999389648438,1.0,1.0,-0.0004158531501411433,0.013520492997739497,0.013099017307993677,0.0,0.0,5.42217264017802,True
2026-05-22 17:30:00+00:00,194.9199981689453,193.4199981689453,1.0,1.0,0.00010263865103854464,-0.0076954648783645885,-0.007593616079460297,0.0,0.0,5.380998742831954,True
2026-05-22 18:30:00+00:00,193.4199981689453,189.52000427246094,1.0,1.0,0.0,-0.02016334367389394,-0.02016334367389394,0.0,0.0,5.272499815871442,True
2026-05-22 19:30:00+00:00,189.5500030517578,190.36000061035156,1.0,1.0,0.00015828819449459353,0.004273265869442211,0.004432230471475895,0.0,0.0,5.295868750216199,True
2026-05-26 13:30:00+00:00,211.3800048828125,223.18499755859375,1.0,1.0,0.11042237972822266,0.05584725330253382,0.17243641964170697,0.0,0.0,6.209069396395882,True
2026-05-26 14:30:00+00:00,223.3000030517578,219.7100067138672,1.0,1.0,0.000515292221350494,-0.016077009802183073,-0.015570001938926326,0.0,0.0,6.11239417385507,True
2026-05-26 15:30:00+00:00,219.7100067138672,220.14500427246094,1.0,1.0,0.0,0.001979871400032529,0.001979871400032529,0.0,0.0,6.1244959282656115,True
2026-05-26 16:30:00+00:00,220.15499877929688,220.8800048828125,1.0,1.0,4.53996531466494e-05,0.0032931621245739784,0.00333871128613894,0.0,0.0,6.144943851943224,True
2026-05-26 17:30:00+00:00,220.89999389648438,224.26300048828125,1.0,1.0,9.049716239584171e-05,0.015224113556892238,0.015315988458364904,0.0,0.0,6.239059741056887,True
2026-05-26 18:30:00+00:00,224.25999450683594,225.89999389648438,1.0,1.0,-1.3403822470836602e-05,0.007312937794611729,0.007299435950820943,0.0,0.0,6.284601358030077,True
2026-05-26 19:30:00+00:00,225.89999389648438,225.75010681152344,1.0,1.0,0.0,-0.0006635107968600007,-0.0006635107968600007,0.0,0.0,6.280431457175063,True
2026-05-27 13:30:00+00:00,242.66000366210938,206.44000244140625,1.0,1.0,0.0749053769649104,-0.14926234514995507,-0.0855375204151686,0.0,0.0,5.743218923190884,True
2026-05-27 14:30:00+00:00,206.41000366210938,209.72000122070312,1.0,1.0,-0.00014531475945600558,0.0160360326528175,0.01588838762113376,0.0,0.0,5.834469411635571,True
2026-05-27 15:30:00+00:00,209.75,214.69000244140625,1.0,1.0,0.00014304205188953034,0.023551859077026283,0.023698270035164004,0.0,0.0,5.972736243264415,True
2026-05-27 16:30:00+00:00,214.5,213.44090270996094,1.0,1.0,-0.0008850083340891102,-0.004937516503678574,-0.005818155094512223,0.0,0.0,5.937985937462488,True
2026-05-27 17:30:00+00:00,213.60000610351562,216.28489685058594,1.0,1.0,0.0007454212924262738,0.012569712876174588,0.013324503900218332,0.0,0.0,6.017106654245649,True
2026-05-27 18:30:00+00:00,216.18150329589844,214.66000366210938,1.0,1.0,-0.00047804334095014056,-0.007038065748421141,-0.00751274458890705,0.0,0.0,5.971901668788088,True
2026-05-27 19:30:00+00:00,214.66000366210938,217.89999389648438,1.0,1.0,0.0,0.015093590697384807,0.015093590697384807,0.0,0.0,6.062039108261804,True
2026-05-28 13:30:00+00:00,219.0,216.5399932861328,1.0,1.0,0.00504821539388467,-0.011232907369256528,-0.006241398111271224,0.0,0.0,6.024203508821047,True
2026-05-28 14:30:00+00:00,216.52999877929688,227.8249969482422,1.0,1.0,-4.615547772157669e-05,0.052163664308048086,0.05211510119148066,0.0,0.0,6.338155484281328,True
2026-05-28 15:30:00+00:00,227.89999389648438,229.48500061035156,1.0,1.0,0.0003291866531187626,0.006954834384888642,0.007286310476661617,0.0,0.0,6.384337252989158,True
2026-05-28 16:30:00+00:00,229.4550018310547,227.89999389648438,1.0,1.0,-0.00013072217886611615,-0.006776962463931113,-0.006906798743497755,0.0,0.0,6.340241920472146,True
2026-05-28 17:30:00+00:00,227.94000244140625,228.30999755859375,1.0,1.0,0.00017555307588135172,0.001623212745567093,0.0017990507814389378,0.0,0.0,6.351648337653684,True
2026-05-28 18:30:00+00:00,228.3000030517578,225.35000610351562,1.0,1.0,-4.3776036716791644e-05,-0.012921580853301196,-0.01296479123442007,0.0,0.0,6.2693005429615525,True
2026-05-28 19:30:00+00:00,225.42999267578125,224.6699981689453,1.0,1.0,0.00035494373241284904,-0.0033713105244561614,-0.0030175634175841903,0.0,0.0,6.250382530989271,True
2026-05-29 13:30:00+00:00,231.82000732421875,228.09500122070312,1.0,1.0,0.03182449465236048,-0.016068527244526898,0.015244594648468945,0.0,0.0,6.345667079072074,True
2026-05-29 14:30:00+00:00,228.07000732421875,225.05999755859375,1.0,1.0,-0.00010957669545852422,-0.013197744854482552,-0.013305875384672428,0.0,0.0,6.261232423685323,True
2026-05-29 15:30:00+00:00,225.10000610351562,223.8300018310547,1.0,1.0,0.00017776835224325716,-0.005641955744225546,-0.005465190353158289,0.0,0.0,6.227013596644516,True
2026-05-29 16:30:00+00:00,223.77000427246094,222.2100067138672,1.0,1.0,-0.00026804967208571284,-0.006971432849839476,-0.007237613831635792,0.0,0.0,6.181944876907658,True
2026-05-29 17:30:00+00:00,222.0399932861328,222.4499969482422,1.0,1.0,-0.0007651024823256414,0.0018465306904464907,0.0010800154229058112,0.0,0.0,6.188621472718272,True
2026-05-29 18:30:00+00:00,222.57989501953125,221.15499877929688,1.0,1.0,0.0005839427874627656,-0.0064017293211021675,-0.005821524777303688,0.0,0.0,6.152594259477489,True
2026-05-29 19:30:00+00:00,221.16000366210938,224.05999755859375,1.0,1.0,2.2630656508537683e-05,0.013112650788860591,0.01313557819326494,0.0,0.0,6.233412142464289,True
2026-06-01 13:30:00+00:00,217.26499938964844,220.5399932861328,1.0,1.0,-0.03032669036412161,0.015073729803165126,-0.015710096897329495,0.0,0.0,6.135484633705184,True
2026-06-01 14:30:00+00:00,220.58999633789062,227.6298065185547,1.0,1.0,0.0002267300865150812,0.03191355137374763,0.032147517222526734,0.0,0.0,6.33272523163577,True
2026-06-01 15:30:00+00:00,227.60000610351562,227.3686065673828,1.0,1.0,-0.0001309161374550838,-0.0010166938924753843,-0.0011474769282932007,0.0,0.0,6.325458575539248,True
2026-06-01 16:30:00+00:00,227.3350067138672,230.69000244140625,1.0,1.0,-0.00014777701294332868,0.014757937090444706,0.014607979193640874,0.0,0.0,6.417860742800962,True
2026-06-01 17:30:00+00:00,230.75,230.6699981689453,1.0,1.0,0.00026007871151234596,-0.00034670349319476657,-8.671495188017353e-05,0.0,0.0,6.4173042183154765,True
2026-06-01 18:30:00+00:00,230.66000366210938,227.91000366210938,1.0,1.0,-4.332816107543991e-05,-0.011922309704063161,-0.01196512129338334,0.0,0.0,6.340520394966791,True
2026-06-01 19:30:00+00:00,227.89999389648438,226.9199981689453,1.0,1.0,-4.3919816875792606e-05,-0.0043001130047602976,-0.00434384396146037,0.0,0.0,6.312978163736599,True
2026-06-02 13:30:00+00:00,243.17999267578125,248.61500549316406,1.0,1.0,0.0716551852548939,0.02234975319136967,0.09560641415159221,0.0,0.0,6.916539368588758,True
2026-06-02 14:30:00+00:00,248.5200958251953,259.1600036621094,1.0,1.0,-0.0003817535783107173,0.042813068301719825,0.042414970681386555,0.0,0.0,7.209904183124106,True
2026-06-02 15:30:00+00:00,259.18499755859375,256.6686096191406,1.0,1.0,9.644195142466394e-05,-0.009708848749566457,-0.009613343138461294,0.0,0.0,7.140592900216307,True
2026-06-02 16:30:00+00:00,256.5950012207031,256.25,1.0,1.0,-0.00028678379700086687,-0.0013445360161415953,-0.001630934221998448,0.0,0.0,7.128947062889985,True
2026-06-02 17:30:00+00:00,256.2099914550781,259.5400085449219,1.0,1.0,-0.00015613090701216414,0.012997217910713621,0.012839057736280468,0.0,0.0,7.220476025829316,True
2026-06-02 18:30:00+00:00,259.57000732421875,261.125,1.0,1.0,0.00011558441207215608,0.005990648502925744,0.0061069253405829915,0.0,0.0,7.264570933842525,True
2026-06-02 19:30:00+00:00,261.0400085449219,266.3699951171875,1.0,1.0,-0.00032548187679515284,0.020418274585477514,0.02008614693034949,0.0,0.0,7.410488173005632,True
2026-06-03 13:30:00+00:00,281.4700012207031,282.7698974609375,1.0,1.0,0.056688089425659616,0.004618240787994665,0.06156812946043333,0.0,0.0,7.866738068206253,True
2026-06-03 14:30:00+00:00,282.6300048828125,277.9902038574219,1.0,1.0,-0.000494722314437035,-0.016416519637801552,-0.01690312033364838,0.0,0.0,7.73376564800607,True
2026-06-03 15:30:00+00:00,278.1698913574219,274.95001220703125,1.0,1.0,0.0006463806907819336,-0.011575225250576748,-0.010936326561888143,0.0,0.0,7.649186661326364,True
2026-06-03 16:30:00+00:00,275.06500244140625,277.5989990234375,1.0,1.0,0.00041822232867705367,0.009212355477942191,0.00963443061937963,0.0,0.0,7.7228822195095965,True
2026-06-03 17:30:00+00:00,277.5899963378906,284.1698913574219,1.0,1.0,-3.2430540378602934e-05,0.02370364604753994,0.023670446785110988,0.0,0.0,7.905686292114178,True
2026-06-03 18:30:00+00:00,284.1300048828125,278.9801025390625,1.0,1.0,-0.00014036136769746133,-0.018125161916194066,-0.01826297921137532,0.0,0.0,7.7613049077096425,True
2026-06-03 19:30:00+00:00,279.05499267578125,280.0,1.0,1.0,0.00026844257363567436,0.0033864555339337965,0.0036558071764085653,0.0,0.0,7.789678741889542,True
2026-06-04 13:30:00+00:00,242.0399932861328,248.5,1.0,1.0,-0.13557145254952563,0.026689831817299448,-0.11250000000000004,0.0,0.0,6.913339883426969,True
2026-06-04 14:30:00+00:00,248.5,256.7301025390625,1.0,1.0,0.0,0.03311912490568414,0.03311912490568414,0.0,0.0,7.142303650541634,True
2026-06-04 15:30:00+00:00,256.9208984375,262.0350036621094,1.0,1.0,0.0007431769650325659,0.019905368756342856,0.02066333893291583,0.0,0.0,7.289887491634578,True
2026-06-04 16:30:00+00:00,262.04998779296875,264.6549987792969,1.0,1.0,5.718369931484446e-05,0.009940893370261161,0.009998645526633432,0.0,0.0,7.362776492592471,True
2026-06-04 17:30:00+00:00,264.7699890136719,271.20001220703125,1.0,1.0,0.0004344910729265905,0.024285317294881814,0.024730360121376194,0.0,0.0,7.544860606747486,True
2026-06-04 18:30:00+00:00,271.1600036621094,271.0899963378906,1.0,1.0,-0.0001475241265525007,-0.00025817717684495367,-0.00040566321603496824,0.0,0.0,7.541799934329217,True
2026-06-04 19:30:00+00:00,271.0799865722656,262.8900146484375,1.0,1.0,-3.692414238898323e-05,-0.030212381324745352,-0.03024818990086431,0.0,0.0,7.313674137721301,True
2026-06-05 13:30:00+00:00,230.84820556640625,220.4468994140625,1.0,1.0,-0.12188294456478588,-0.045056907099724874,-0.16144818315421428,0.0,0.0,6.132894736004232,True
2026-06-05 14:30:00+00:00,220.44900512695312,215.23179626464844,0.6666666666666666,1.0,9.552018632286163e-06,-0.01577752296742485,-0.023656958493295077,0.33333333333333337,0.0005956183468185171,5.987809099790832,True
2026-06-05 15:30:00+00:00,214.92999267578125,205.7100067138672,0.6666666666666666,0.6666666666666666,-0.000934817234581479,-0.028598415844245828,-0.044239697461211924,0.0,0.0,5.722910236760594,True
2026-06-05 16:30:00+00:00,205.5200958251953,202.35000610351562,0.6666666666666666,0.6666666666666666,-0.0006154647561248023,-0.010283145982882342,-0.016333676052158075,0.0,0.0,5.629434074877767,True
2026-06-05 17:30:00+00:00,202.13999938964844,193.60000610351562,0.6666666666666666,0.6666666666666666,-0.0006918926201555653,-0.028165275920711386,-0.043241906281553444,0.0,0.0,5.386006614193719,True
2026-06-05 18:30:00+00:00,193.3350067138672,193.9499969482422,0.6666666666666666,0.6666666666666666,-0.0009125323047312801,0.002120637625601477,0.0018078038930402496,0.0,0.0,5.395743457918799,True
2026-06-05 19:30:00+00:00,193.97970581054688,182.110107421875,0.6666666666666666,0.6666666666666666,0.00010211863116656635,-0.040793265251037804,-0.06104609287272522,0.0,0.0,5.0663544016692885,True
2026-06-08 13:30:00+00:00,210.6199951171875,209.88999938964844,0.6666666666666666,0.6666666666666666,0.1043686814858907,-0.0023106249626897815,0.15254448180308144,0.0,0.0,5.839198808502691,True
2026-06-08 14:30:00+00:00,209.8300018310547,217.31500244140625,0.6666666666666666,0.6666666666666666,-0.00019056826200462376,0.023781157905716256,0.035375687614223716,0.0,0.0,6.04576448146963,True
2026-06-08 15:30:00+00:00,217.5,216.25999450683594,0.6666666666666666,0.6666666666666666,0.0005675250412700745,-0.0038007831208094105,-0.004854740458403284,0.0,0.0,6.016413864039461,True
2026-06-08 16:30:00+00:00,216.30999755859375,216.19500732421875,0.6666666666666666,0.6666666666666666,0.0001541448658340568,-0.0003543995058722752,-0.0003005048750018835,0.0,0.0,6.0146059023432885,True
2026-06-08 17:30:00+00:00,216.19000244140625,218.07000732421875,0.6666666666666666,0.6666666666666666,-1.5433235868685575e-05,0.005797384589425469,0.00867272571742661,0.0,0.0,6.066768929632727,True
2026-06-08 18:30:00+00:00,218.07000732421875,211.0,0.6666666666666666,0.6666666666666666,0.0,-0.02161387654350011,-0.032420814815250165,0.0,0.0,5.870079337638191,True
2026-06-08 19:30:00+00:00,211.10000610351562,211.17999267578125,0.6666666666666666,0.6666666666666666,0.00031597505060224995,0.0002526024631390733,0.0008530458567832522,0.0,0.0,5.875086784496152,True
2026-06-09 13:30:00+00:00,227.05499267578125,212.91000366210938,0.6666666666666666,0.6666666666666666,0.05011522729608971,-0.041531756534623446,0.00819211595003777,0.0,0.0,5.923216176651279,True
2026-06-09 14:30:00+00:00,212.91000366210938,187.21499633789062,0.6666666666666666,0.6666666666666666,0.0,-0.08045655247837964,-0.12068482871756936,0.0,0.0,5.208373846914983,True
2026-06-09 15:30:00+00:00,187.21499633789062,168.76010131835938,0.6666666666666666,0.6666666666666666,0.0,-0.06571729608748278,-0.09857594413122417,0.0,0.0,4.694953477566963,True
2026-06-09 16:30:00+00:00,168.58999633789062,181.6999969482422,0.0,0.6666666666666666,-0.0006719794514615055,0.0,0.07667627317592207,0.6666666666666666,0.0010066305734036936,5.054945012961133,True
2026-06-09 17:30:00+00:00,181.69000244140625,191.97000122070312,0.6666666666666666,0.0,-0.0,0.03771992089515989,0.056521763593569974,0.6666666666666666,0.0010056185948186856,5.3406594199622175,True
2026-06-09 18:30:00+00:00,191.97000122070312,191.82000732421875,0.6666666666666666,0.6666666666666666,0.0,-0.0005208935268725678,-0.0007813402903088518,0.0,0.0,5.336486547580583,True
2026-06-09 19:30:00+00:00,191.8699951171875,201.7812957763672,0.6666666666666666,0.6666666666666666,0.00017373159232647595,0.03443755637118147,0.05193039345114636,0.0,0.0,5.6136123936431925,True
2026-06-10 13:30:00+00:00,191.5399932861328,208.0800018310547,0.6666666666666666,0.6666666666666666,-0.03383631256415609,0.05756851179799834,0.031215509992899904,0.0,0.0,5.788844167413228,True
2026-06-10 14:30:00+00:00,208.19000244140625,186.27000427246094,0.6666666666666666,0.6666666666666666,0.00035243050552224986,-0.07019228561055924,-0.10481544293863387,0.0,0.0,5.182083901903083,True
2026-06-10 15:30:00+00:00,186.3000030517578,185.27999877929688,0.6666666666666666,0.6666666666666666,0.00010736664916081531,-0.0036500420674624072,-0.005314894886220944,0.0,0.0,5.154541670672891,True
2026-06-10 16:30:00+00:00,185.1999969482422,183.08999633789062,0.6666666666666666,0.6666666666666666,-0.00028785920977895485,-0.0075953946908586065,-0.011819961441250637,0.0,0.0,5.093615186878218,True
2026-06-10 17:30:00+00:00,183.03500366210938,184.91000366210938,0.6666666666666666,0.6666666666666666,-0.00020023914242976262,0.006829294806951491,0.009940506639477764,0.0,0.0,5.144248302462326,True
2026-06-10 18:30:00+00:00,184.8699951171875,180.5500030517578,0.6666666666666666,0.6666666666666666,-0.0001442451070953569,-0.01557848643021198,-0.02357904128496302,0.0,0.0,5.022951859358465,True
2026-06-10 19:30:00+00:00,180.44000244140625,180.02499389648438,0.6666666666666666,0.6666666666666666,-0.0004061685903896291,-0.0015333205472056743,-0.0029078324364411046,0.0,0.0,5.00834595701514,True
2026-06-11 13:30:00+00:00,192.3000030517578,205.0,0.0,0.6666666666666666,0.04545668498427746,0.0,0.13873077044999893,0.6666666666666666,0.0010042323802175767,5.703157650311988,True
2026-06-11 14:30:00+00:00,204.88999938964844,198.42999267578125,0.6666666666666666,0.0,-0.0,-0.021019430696507246,-0.032048816215701215,0.6666666666666666,0.001049546711049399,5.520378198927969,True
2026-06-11 15:30:00+00:00,198.50999450683594,199.83009338378906,0.6666666666666666,0.6666666666666666,0.0002687827244121088,0.004433358230426195,0.007055892554990173,0.0,0.0,5.559329394362515,True
2026-06-11 16:30:00+00:00,199.88999938964844,206.0,0.6666666666666666,0.6666666666666666,0.0001998564708814617,0.020377876595487766,0.03087576306317974,0.0,0.0,5.7309779315330225,True
2026-06-11 17:30:00+00:00,206.10000610351562,211.6199951171875,0.6666666666666666,0.6666666666666666,0.0003236443479469978,0.01785537392916403,0.027281529695085016,0.0,0.0,5.8873277761540175,True
2026-06-11 18:30:00+00:00,211.72999572753906,221.13999938964844,1.0,0.6666666666666666,0.0003465350246972439,0.04444341308266253,0.04498631741858383,0.33333333333333337,0.0005361737029205703,6.152176972239327,True
2026-06-11 19:30:00+00:00,221.13999938964844,224.00999450683594,1.0,1.0,0.0,0.012978181808396272,0.012978181808396272,0.0,0.0,6.232021043502478,True
2026-06-12 13:30:00+00:00,222.22000122070312,230.0,1.0,1.0,-0.007990684924900515,0.03501034441796258,0.02673990286170591,0.0,0.0,6.398664680837841,True
2026-06-12 14:30:00+00:00,230.0,240.52000427246094,1.0,1.0,0.0,0.04573914901069975,0.04573914901069975,0.0,0.0,6.691334158144185,True
2026-06-12 15:30:00+00:00,240.61000061035156,236.88499450683594,1.0,1.0,0.0003741740241642866,-0.01548150988764585,-0.015113128642336382,0.0,0.0,6.590207164223292,True
2026-06-12 16:30:00+00:00,236.9600067138672,240.6999969482422,1.0,1.0,0.0003166608640088331,0.015783212898415888,0.016104871688257916,0.0,0.0,6.6963416050021465,True
2026-06-12 17:30:00+00:00,240.8000030517578,238.73989868164062,1.0,1.0,0.0004154802857647688,-0.008555250598042519,-0.008143324850241052,0.0,0.0,6.641811120004429,True
2026-06-12 18:30:00+00:00,238.5449981689453,236.6199951171875,1.0,1.0,-0.0008163717659744885,-0.008069769085640055,-0.008879552919975109,0.0,0.0,6.5828348066798705,True
2026-06-12 19:30:00+00:00,236.58999633789062,234.36000061035156,1.0,1.0,-0.0001267804070489431,-0.009425570658339488,-0.009551156087703627,0.0,0.0,6.519961123941703,True
2026-06-15 13:30:00+00:00,265.989990234375,266.94000244140625,1.0,1.0,0.13496325969298684,0.0035716088646575717,0.13901690453236681,0.0,0.0,7.4263459370634495,True
2026-06-15 14:30:00+00:00,267.0,268.5,1.0,1.0,0.0002247604631939737,0.00561797752808979,0.005844000690515383,0.0,0.0,7.469745507847654,True
2026-06-15 15:30:00+00:00,268.6000061035156,271.389892578125,1.0,1.0,0.00037246221048659045,0.010386769959842113,0.010763100849627616,0.0,0.0,7.550143132069671,True
2026-06-15 16:30:00+00:00,271.260009765625,271.3800964355469,1.0,1.0,-0.00047858382368681784,0.0004426994971564735,-3.609619534861164e-05,0.0,0.0,7.549870600628266,True
2026-06-15 17:30:00+00:00,271.49700927734375,272.239990234375,1.0,1.0,0.00043080846138865425,0.0027366082558657467,0.003168595671246388,0.0,0.0,7.573793087931887,True
2026-06-15 18:30:00+00:00,272.0791015625,271.5199890136719,1.0,1.0,-0.0005909810374901125,-0.002054963228036444,-0.0026447298212259884,0.0,0.0,7.553762451492438,True
2026-06-15 19:30:00+00:00,271.4200134277344,272.8299865722656,1.0,1.0,-0.00036820709333651447,0.005194801690283857,0.00482468183411644,0.0,0.0,7.590206951971385,True
2026-06-16 13:30:00+00:00,267.1300048828125,260.2099914550781,1.0,1.0,-0.0208920645456373,-0.02590503987288928,-0.04625589465344493,0.0,0.0,7.239115138803151,True
2026-06-16 14:30:00+00:00,260.25,244.86000061035156,1.0,1.0,0.00015375483738400142,-0.05913544434062801,-0.05899078186387219,0.0,0.0,6.81207407676256,True
2026-06-16 15:30:00+00:00,245.01499938964844,248.0800018310547,1.0,1.0,0.0006330097970699278,0.012509448193136707,0.013150376593468849,0.0,0.0,6.901655416254594,True
2026-06-16 16:30:00+00:00,248.22999572753906,243.58009338378906,1.0,1.0,0.0006046190558581799,-0.018732233911222362,-0.018138940720945795,0.0,0.0,6.776466697782758,True
2026-06-16 17:30:00+00:00,243.47500610351562,243.08999633789062,1.0,1.0,-0.0004314280317967434,-0.0015813112474523106,-0.0020120570572498275,0.0,0.0,6.762832060140266,True
2026-06-16 18:30:00+00:00,243.08999633789062,239.5500030517578,1.0,1.0,0.0,-0.014562480313720094,-0.014562480313720094,0.0,0.0,6.664348451399478,True
2026-06-16 19:30:00+00:00,239.4199981689453,226.0050048828125,1.0,1.0,-0.0005427045758976679,-0.05603121455487858,-0.05654351073424424,0.0,0.0,6.287522793201028,True
2026-06-17 13:30:00+00:00,247.4199981689453,248.0,0.6666666666666666,1.0,0.09475450907486249,0.0015627996533479718,0.09732083202578767,0.33333333333333337,0.000571994278326129,6.899429742816456,True
2026-06-17 14:30:00+00:00,248.1999969482422,247.27999877929688,1.0,0.6666666666666666,0.00053762620495205,-0.0037066808229541115,-0.002903230728641626,0.33333333333333337,0.0006269918954427158,6.879399106377007,True
2026-06-17 15:30:00+00:00,247.1699981689453,248.57000732421875,1.0,1.0,-0.0004448423281081526,0.005664154896001916,0.005216792912043244,0.0,0.0,6.915287506874272,True
2026-06-17 16:30:00+00:00,248.63999938964844,249.38999938964844,1.0,1.0,0.0002815788846897149,0.003016409273813858,0.0032988375156626226,0.0,0.0,6.938099916733542,True
2026-06-17 17:30:00+00:00,249.3800048828125,243.79519653320312,1.0,1.0,-4.007581242393421e-05,-0.022394771995588703,-0.02243395031933082,0.0,0.0,6.782450927890988,True
2026-06-17 18:30:00+00:00,243.97999572753906,244.41000366210938,1.0,1.0,0.000758009989383801,0.001762472096485057,0.002521818057323877,0.0,0.0,6.7995550351138565,True
2026-06-17 19:30:00+00:00,244.33999633789062,233.85000610351562,1.0,1.0,-0.00028643395593386245,-0.0429319407039227,-0.043206077494244766,0.0,0.0,6.505772933340345,True
2026-06-18 13:30:00+00:00,266.0350036621094,273.3399963378906,1.0,1.0,0.1376309459848668,0.02745876510693801,0.1688688869090491,0.0,0.0,7.604395567076549,True
2026-06-18 14:30:00+00:00,273.1600036621094,277.3949890136719,1.0,1.0,-0.0006584937374431998,0.015503680241566675,0.014834977427776952,0.0,0.0,7.717206603666017,True
2026-06-18 15:30:00+00:00,277.5,279.95001220703125,1.0,1.0,0.00037856122311907825,0.008828872818130717,0.009210776310142554,0.0,0.0,7.788288067431539,True
2026-06-18 16:30:00+00:00,279.9700012207031,280.3599853515625,1.0,1.0,7.140208180134167e-05,0.0013929497058935425,0.0014644512472035132,0.0,0.0,7.799693635605469,True
2026-06-18 17:30:00+00:00,280.3999938964844,280.6400146484375,1.0,1.0,0.00014270419108375343,0.0008559941411472316,0.0009988204861826055,0.0,0.0,7.80748412939466,True
2026-06-18 18:30:00+00:00,280.6300048828125,281.44000244140625,1.0,1.0,-3.566763505746806e-05,0.0028863540765429185,0.002850583492061576,0.0,0.0,7.829740014768445,True
2026-06-18 19:30:00+00:00,281.25,279.4700012207031,1.0,1.0,-0.000675108157184634,-0.006328884548611136,-0.00699972002421112,0.0,0.0,7.774934026802703,True
2026-06-22 13:30:00+00:00,299.260009765625,296.7124938964844,1.0,1.0,0.07081263984857289,-0.008512717322758157,0.06169711453990545,0.0,0.0,8.254625021994558,True
2026-06-22 14:30:00+00:00,296.8500061035156,293.55010986328125,1.0,1.0,0.00046345270205994105,-0.011116375854422822,-0.01065807506678984,0.0,0.0,8.166646608861939,True
2026-06-22 15:30:00+00:00,293.79998779296875,293.82501220703125,1.0,1.0,0.00085122751207245,8.517500034788128e-05,0.0009364750157239143,0.0,0.0,8.174294469373384,True
2026-06-22 16:30:00+00:00,293.864990234375,294.0663146972656,1.0,1.0,0.00013606066768612202,0.0006850916903373694,0.0008212455720562062,0.0,0.0,8.18100757251104,True
2026-06-22 17:30:00+00:00,294.1499938964844,294.8599853515625,1.0,1.0,0.0002845589414242067,0.002413705489750839,0.002698951272654071,0.0,0.0,8.203087713310461,True
2026-06-22 18:30:00+00:00,294.9100036621094,291.760009765625,1.0,1.0,0.00016963410781989374,-0.010681203951607765,-0.010513381740290706,0.0,0.0,8.11684552073134,True
2026-06-22 19:30:00+00:00,291.760009765625,300.80999755859375,1.0,1.0,0.0,0.031018602584496513,0.031018602584496513,0.0,0.0,8.368618726178656,True
2026-06-23 13:30:00+00:00,236.0,245.53500366210938,1.0,1.0,-0.2154516076081202,0.04040255789029401,-0.18375384576677023,0.0,0.0,6.830852851487519,True
2026-06-23 14:30:00+00:00,245.74560546875,231.47999572753906,0.0,1.0,0.0008577262040017075,-0.0,-0.05724237980305236,1.0,0.0018762962857971023,6.439838578183907,True
2026-06-23 15:30:00+00:00,231.52999877929688,238.5,0.0,0.0,0.0,0.0,0.03032661310709428,0.0,0.0,6.63513707121663,True
2026-06-23 16:30:00+00:00,238.57899475097656,237.5399932861328,0.0,0.0,0.0,-0.0,-0.0040251853830908235,0.0,0.0,6.608429414462765,True
2026-06-23 17:30:00+00:00,237.60000610351562,231.74000549316406,0.0,0.0,0.0,-0.0,-0.024416889605542225,0.0,0.0,6.447072122983809,True
2026-06-23 18:30:00+00:00,231.60000610351562,232.25999450683594,0.0,0.0,-0.0,0.0,0.0022438465579790456,0.0,0.0,6.461538363576009,True
2026-06-23 19:30:00+00:00,232.30499267578125,230.8350067138672,0.0,0.0,0.0,-0.0,-0.006135313126113151,0.0,0.0,6.421894802439078,True
2026-06-24 13:30:00+00:00,233.11000061035156,227.63999938964844,0.0,0.0,0.0,-0.0,-0.013841086625908217,0.0,0.0,6.3330088001760485,True
2026-06-24 14:30:00+00:00,227.2801055908203,229.74000549316406,0.0,0.0,-0.0,0.0,0.00922511908779744,0.0,0.0,6.391431560541742,True
2026-06-24 15:30:00+00:00,229.67999267578125,231.64999389648438,0.6666666666666666,0.0,-0.0,0.0057181042712297625,0.008313695297518242,0.6666666666666666,0.0012513116574300019,6.444567975051028,True
2026-06-24 16:30:00+00:00,231.64999389648438,217.335205078125,0.0,0.6666666666666666,0.0,-0.0,-0.06179490263555165,0.6666666666666666,0.001258049684077182,6.046326524504555,True
2026-06-24 17:30:00+00:00,217.50999450683594,223.47000122070312,0.0,0.0,0.0,0.0,0.028227346510073525,0.0,0.0,6.216998278424794,True
2026-06-24 18:30:00+00:00,223.5800018310547,218.13999938964844,0.0,0.0,0.0,-0.0,-0.02385108427054905,0.0,0.0,6.068716128576225,True
2026-06-24 19:30:00+00:00,218.10000610351562,229.5919952392578,0.0,0.0,-0.0,0.0,0.0524983766464282,0.0,0.0,6.387313873654474,True
2026-06-25 13:30:00+00:00,268.04998779296875,239.05999755859375,0.6666666666666666,0.0,0.0,-0.07210095518145354,0.041238381632030974,0.6666666666666666,0.0012576303341824894,6.650716360779803,True
2026-06-25 14:30:00+00:00,239.1300048828125,243.75999450683594,0.6666666666666666,0.6666666666666666,0.00019522944012292004,0.012907873066207701,0.019660323752367814,0.0,0.0,6.781471597617903,True
2026-06-25 15:30:00+00:00,244.1199951171875,256.9100036621094,1.0,0.6666666666666666,0.0009845766832518401,0.05239230214953161,0.05394654353302686,0.33333333333333337,0.0005909100002273565,7.147308550376783,True
2026-06-25 16:30:00+00:00,256.88800048828125,257.05499267578125,0.6666666666666666,1.0,-8.56454537171425e-05,0.00043337222754032584,0.0005643572130518137,0.33333333333333337,0.0006223524467105343,7.151342185511095,True
2026-06-25 17:30:00+00:00,257.2200012207031,256.6199035644531,0.6666666666666666,0.6666666666666666,0.0004279461584055788,-0.0015553421284039506,-0.0016925915610473963,0.0,0.0,7.139237884077737,True
2026-06-25 18:30:00+00:00,256.3299865722656,250.24969482421875,0.6666666666666666,0.6666666666666666,-0.00075316837122541,-0.01581370906399382,-0.02482351778545666,0.0,0.0,6.962016885487727,True
2026-06-25 19:30:00+00:00,250.08999633789062,253.55999755859375,0.6666666666666666,0.6666666666666666,-0.00042543771182964224,0.009250006721620055,0.01322799908587391,0.0,0.0,7.0541104384847975,True
2026-06-26 13:30:00+00:00,226.24000549316406,225.80999755859375,0.6666666666666666,0.6666666666666666,-0.07183044730630657,-0.0012671143450306843,-0.10944155334907446,0.0,0.0,6.282097634601101,True
2026-06-26 14:30:00+00:00,225.47000122070312,219.8784942626953,0.6666666666666666,0.6666666666666666,-0.0010037829489883223,-0.016532892558463574,-0.026267673530970703,0.0,0.0,6.117081544845716,True
2026-06-26 15:30:00+00:00,219.82000732421875,220.75,0.6666666666666666,0.6666666666666666,-0.000177331086646119,0.0028204671846500475,0.00396357879485687,0.0,0.0,6.141327079543276,True
2026-06-26 16:30:00+00:00,220.80569458007812,224.3292999267578,0.6666666666666666,0.6666666666666666,0.00016819805233107368,0.010638630654826137,0.0162142692038858,0.0,0.0,6.240904210080105,True
2026-06-26 17:30:00+00:00,224.5500030517578,216.0,0.6666666666666666,0.6666666666666666,0.0006558903215706142,-0.025384110251788217,-0.03712979057785715,0.0,0.0,6.0091807437433635,True
2026-06-26 18:30:00+00:00,216.09500122070312,217.2949981689453,0.6666666666666666,0.6666666666666666,0.00029321364414543655,0.0037020660402863705,0.005995361893265327,0.0,0.0,6.045207956984147,True
2026-06-26 19:30:00+00:00,217.36000061035156,215.00999450683594,0.6666666666666666,0.6666666666666666,0.0001994291691141588,-0.007207723276029772,-0.01051567537846776,0.0,0.0,5.981638512513171,True
2026-06-29 13:30:00+00:00,216.36000061035156,206.63613891601562,0.6666666666666666,0.6666666666666666,0.004185870852537446,-0.029961982088201555,-0.03894635507538735,0.0,0.0,5.748675495072221,True
2026-06-29 14:30:00+00:00,206.77999877929688,221.34779357910156,0.6666666666666666,0.6666666666666666,0.00046413263441695085,0.04696713056002855,0.07119594249225347,0.0,0.0,6.15795786502601,True
2026-06-29 15:30:00+00:00,221.38999938964844,229.74009704589844,0.6666666666666666,0.6666666666666666,0.000127117630477791,0.025144459036904543,0.03791455668519128,0.0,0.0,6.3914341075645575,True
2026-06-29 16:30:00+00:00,229.89999389648438,235.72000122070312,0.6666666666666666,0.6666666666666666,0.0004639934506919611,0.016876924688217,0.026028996469040333,0.0,0.0,6.5577967233824594,True
2026-06-29 17:30:00+00:00,235.71499633789062,235.41000366210938,1.0,0.6666666666666666,-1.4154880894216385e-05,-0.0012939044206761174,-0.0013151092694230204,0.33333333333333337,0.0005891735240442942,6.549172504124547,True
2026-06-29 18:30:00+00:00,235.49000549316406,235.74000549316406,0.6666666666666666,1.0,0.0003398404052934456,0.0007077441198305815,0.0014018173651122456,0.33333333333333337,0.0005883046545485885,6.558353247867944,True
2026-06-29 19:30:00+00:00,235.8300018310547,236.52999877929688,0.6666666666666666,0.6666666666666666,0.0002545073266976653,0.0019788179134890465,0.003351121013508651,0.0,0.0,6.580331083250887,True
2026-06-30 13:30:00+00:00,241.4499969482422,262.8500061035156,1.0,0.6666666666666666,0.013867157638458433,0.08863122561919434,0.11127555684290868,0.33333333333333337,0.0005901379356754263,7.31256108875033,True
2026-06-30 14:30:00+00:00,262.9100036621094,260.57501220703125,1.0,1.0,0.0002282577789636253,-0.008881333621975962,-0.008655103076499193,0.0,0.0,7.249270118773999,True
2026-06-30 15:30:00+00:00,260.57501220703125,262.75,1.0,1.0,0.0,0.008346877832018151,0.008346877832018151,0.0,0.0,7.309778890826705,True
2026-06-30 16:30:00+00:00,262.7554016113281,265.2897033691406,1.0,1.0,2.0557987928215837e-05,0.00964509860604612,0.009665854877795033,0.0,0.0,7.380434152774206,True
2026-06-30 17:30:00+00:00,265.45001220703125,266.3299865722656,1.0,1.0,0.0006042784015163338,0.0033150285355725284,0.0039213101372332915,0.0,0.0,7.409375124034662,True
2026-06-30 18:30:00+00:00,266.2550048828125,269.3800048828125,1.0,1.0,-0.0002815367898229004,0.011736868575955572,0.011452027425831401,0.0,0.0,7.494227491163381,True
2026-06-30 19:30:00+00:00,269.260009765625,266.9202880859375,1.0,1.0,-0.00044544923532729985,-0.008689451068965237,-0.009131029594958373,0.0,0.0,7.425797478150217,True
2026-07-01 13:30:00+00:00,237.78500366210938,237.66000366210938,1.0,1.0,-0.10915350284069736,-0.000525684959416628,-0.10962180744540295,0.0,0.0,6.611768136871875,True
2026-07-01 14:30:00+00:00,237.47000122070312,231.14500427246094,1.0,1.0,-0.0007994716758331633,-0.026634930373221177,-0.027413108176633116,0.0,0.0,6.43051902169699,True
2026-07-01 15:30:00+00:00,231.0,227.7301025390625,1.0,1.0,-0.0006273303328243607,-0.01415540026379869,-0.014773850484664286,0.0,0.0,6.3355154951316495,True
2026-07-01 16:30:00+00:00,227.67999267578125,223.5800018310547,0.6666666666666666,1.0,-0.0002200405775194536,-0.01200512701047914,-0.018223768670617257,0.33333333333333337,0.0005635552931304155,6.220058526339259,True
2026-07-01 17:30:00+00:00,223.60000610351562,220.02999877929688,0.6666666666666666,0.6666666666666666,5.964836537882452e-05,-0.010644028702354664,-0.01587799902801834,0.0,0.0,6.1212964431038275,True
2026-07-01 18:30:00+00:00,219.94000244140625,225.4700927734375,0.0,0.6666666666666666,-0.0002726789934400416,0.0,0.02472432861119711,0.6666666666666666,0.0011013616832593238,6.272641387889679,True
2026-07-01 19:30:00+00:00,225.58749389648438,217.57000732421875,0.6666666666666666,0.0,0.0,-0.023693649660515938,-0.03503828535324682,0.6666666666666666,0.0011006942445030328,6.052858789022214,True
2026-07-02 13:30:00+00:00,219.22999572753906,204.0850067138672,0.0,0.6666666666666666,0.005086449870352597,-0.0,-0.061980053115760936,0.6666666666666666,0.0010742478826089308,5.677702279776417,True
2026-07-02 14:30:00+00:00,204.1699981689453,189.75999450683594,0.0,0.0,0.0,-0.0,-0.07019139934721086,0.0,0.0,5.279176411682061,True
2026-07-02 15:30:00+00:00,189.89999389648438,181.47000122070312,0.0,0.0,0.0,-0.0,-0.043686728109776474,0.0,0.0,5.048546467141362,True
2026-07-02 16:30:00+00:00,181.55999755859375,175.9499969482422,0.0,0.0,0.0,-0.0,-0.030418274289575442,0.0,0.0,4.894978395940189,True
2026-07-02 17:30:00+00:00,175.77000427246094,177.38999938964844,0.0,0.0,-0.0,0.0,0.008184157240024525,0.0,0.0,4.935039668819087,True
2026-07-02 18:30:00+00:00,177.3300018310547,173.5850067138672,0.0,0.0,-0.0,-0.0,-0.02144987140691812,0.0,0.0,4.829183702534878,True
2026-07-02 19:30:00+00:00,173.58999633789062,181.0301055908203,0.0,0.0,0.0,0.0,0.04289021856147657,0.0,0.0,5.03630844701012,True
2026-07-06 13:30:00+00:00,197.2100067138672,207.39999389648438,0.0,0.0,0.0,0.0,0.14566576216481653,0.0,0.0,5.769926155440952,True
2026-07-06 14:30:00+00:00,207.5,204.89999389648438,0.0,0.0,0.0,-0.0,-0.012054002283374166,0.0,0.0,5.700375452388367,True
2026-07-06 15:30:00+00:00,204.82000732421875,203.6800994873047,0.0,0.0,-0.0,-0.0,-0.005953608811701594,0.0,0.0,5.66643764686502,True
2026-07-06 16:30:00+00:00,203.67999267578125,197.72000122070312,0.0,0.0,-0.0,-0.0,-0.029262054965625395,0.0,0.0,5.500626036983167,True
2026-07-06 17:30:00+00:00,197.83999633789062,197.65499877929688,0.0,0.0,0.0,-0.0,-0.00032876006982063277,0.0,0.0,5.498817650783192,True
2026-07-06 18:30:00+00:00,197.63499450683594,200.2100067138672,0.0,0.0,-0.0,0.0,0.012926604185828028,0.0,0.0,5.56989869004491,True
2026-07-06 19:30:00+00:00,200.25999450683594,194.77000427246094,0.0,0.0,0.0,-0.0,-0.027171481239601003,0.0,0.0,5.418556292281877,True
2026-07-07 13:30:00+00:00,165.39999389648438,155.43499755859375,0.0,0.0,-0.0,-0.0,-0.20195618345236577,0.0,0.0,4.324245343670827,True
2026-07-07 14:30:00+00:00,155.44000244140625,154.81500244140625,0.0,0.0,0.0,-0.0,-0.003988774258858796,0.0,0.0,4.306996905155003,True
2026-07-07 15:30:00+00:00,154.88999938964844,168.0050048828125,0.0,0.0,0.0,0.0,0.08519847710752937,0.0,0.0,4.6739464823810515,True
2026-07-07 16:30:00+00:00,168.0,167.16929626464844,0.0,0.0,-0.0,-0.0,-0.004974307871048134,0.0,0.0,4.6506968336048855,True
2026-07-07 17:30:00+00:00,167.17999267578125,165.4810028076172,0.0,0.0,0.0,-0.0,-0.010099303489071842,0.0,0.0,4.603728034846644,True
2026-07-07 18:30:00+00:00,165.5,159.0,0.0,0.0,0.0,-0.0,-0.039164633387868575,0.0,0.0,4.4234247141444225,True
2026-07-07 19:30:00+00:00,158.86000061035156,165.27000427246094,0.0,0.0,-0.0,0.0,0.03943398913497442,0.0,0.0,4.597857996261371,True
2026-07-08 13:30:00+00:00,159.2100067138672,170.5749969482422,0.0,0.0,-0.0,0.0,0.03209894438579153,0.0,0.0,4.745444384377131,True
2026-07-08 14:30:00+00:00,170.42999267578125,161.51609802246094,0.0,0.0,-0.0,-0.0,-0.0531080116538416,0.0,0.0,4.493423268708973,True
2026-07-08 15:30:00+00:00,161.51480102539062,169.74000549316406,0.0,0.0,-0.0,0.0,0.05091695237436622,0.0,0.0,4.722214687279697,True
2026-07-08 16:30:00+00:00,169.7899932861328,176.14999389648438,0.0,0.0,0.0,0.0,0.03776356896358446,0.0,0.0,4.900542367283635,True
2026-07-08 17:30:00+00:00,176.19009399414062,174.18499755859375,0.0,0.0,0.0,-0.0,-0.011155244995610936,0.0,0.0,4.845875616565215,True
2026-07-08 18:30:00+00:00,174.16409301757812,176.42999267578125,0.0,0.0,-0.0,0.0,0.012888567607163282,0.0,0.0,4.9083320120652205,True
2026-07-08 19:30:00+00:00,176.36000061035156,174.83999633789062,0.0,0.0,-0.0,-0.0,-0.009012052394132941,0.0,0.0,4.864097866804689,True
2026-07-09 13:30:00+00:00,199.80999755859375,197.8444061279297,0.0,0.0,0.0,-0.0,0.1315740692740659,0.0,0.0,5.504087016487484,True
2026-07-09 14:30:00+00:00,197.86500549316406,200.10000610351562,0.0,0.0,0.0,0.0,0.011400878193783326,0.0,0.0,5.566838442130442,True
2026-07-09 15:30:00+00:00,200.11000061035156,199.2899932861328,0.0,0.0,0.0,-0.0,-0.004048039943405857,0.0,0.0,5.544303657758211,True
2026-07-09 16:30:00+00:00,199.3000030517578,201.0688934326172,0.0,0.0,0.0,0.0,0.008926189003028773,0.0,0.0,5.593793160097544,True
2026-07-09 17:30:00+00:00,201.19000244140625,197.28500366210938,0.6666666666666666,0.0,0.0,-0.012939671394901634,-0.018818872009040533,0.6666666666666666,0.0010793539079846173,5.488524282572622,True
2026-07-09 18:30:00+00:00,197.28500366210938,193.57000732421875,0.6666666666666666,0.6666666666666666,0.0,-0.01255373788826956,-0.01883060683240434,0.0,0.0,5.385172039717393,True
2026-07-09 19:30:00+00:00,193.47999572753906,192.44000244140625,0.6666666666666666,0.6666666666666666,-0.00031000531512755575,-0.0035834653335336713,-0.005837706463066916,0.0,0.0,5.353734986096407,True
2026-07-10 13:30:00+00:00,182.39999389648438,186.33999633789062,0.6666666666666666,0.6666666666666666,-0.034781432888340826,0.014400594200466502,-0.031698222958467026,0.0,0.0,5.184031100846578,True
2026-07-10 14:30:00+00:00,186.36000061035156,190.44500732421875,0.6666666666666666,0.6666666666666666,7.156907750734594e-05,0.01461331723720501,0.02202968266074512,0.0,0.0,5.298233660901661,True
2026-07-10 15:30:00+00:00,190.4600067138672,192.2100067138672,0.6666666666666666,0.6666666666666666,5.250645968339166e-05,0.006125520453327334,0.009267764035649773,0.0,0.0,5.347336440276635,True
2026-07-10 16:30:00+00:00,192.16000366210938,194.58999633789062,0.0,0.6666666666666666,-0.0001734320101667297,0.0,0.012382235788412466,0.6666666666666666,0.0010477156403552086,5.413548420920111,True
2026-07-10 17:30:00+00:00,194.6699981689453,192.19000244140625,0.0,0.0,0.0,-0.0,-0.012333593409997068,0.0,0.0,5.34677991579115,True
2026-07-10 18:30:00+00:00,192.05999755859375,191.24000549316406,0.0,0.0,-0.0,-0.0,-0.004943009189730563,0.0,0.0,5.320350733531928,True
2026-07-10 19:30:00+00:00,191.25999450683594,192.0749969482422,0.0,0.0,0.0,0.0,0.004366196565017244,0.0,0.0,5.343580430629362,True
2026-07-13 13:30:00+00:00,174.61000061035156,176.1199951171875,0.0,0.0,-0.0,0.0,-0.08306652133048842,0.0,0.0,4.899707792807307,True
2026-07-13 14:30:00+00:00,176.1999969482422,174.4199981689453,0.0,0.0,0.0,-0.0,-0.009652492592400086,0.0,0.0,4.85241339963231,True
2026-07-13 15:30:00+00:00,174.5399932861328,167.11000061035156,0.0,0.0,0.0,-0.0,-0.041910317826704735,0.0,0.0,4.649047211827159,True
2026-07-13 16:30:00+00:00,167.0800018310547,164.41000366210938,0.6666666666666666,0.0,-0.0,-0.010653571700919368,-0.01615700399964537,0.6666666666666666,0.0010471846943788338,4.573932537431127,True
2026-07-13 17:30:00+00:00,164.47000122070312,163.36000061035156,0.6666666666666666,0.6666666666666666,0.00024328429843019822,-0.0044993032249573215,-0.006386491261904825,0.0,0.0,4.544721157248281,True
2026-07-13 18:30:00+00:00,163.36000061035156,162.86000061035156,0.0,0.6666666666666666,0.0,-0.0,-0.003060724768192191,0.6666666666666666,0.0010312715045640527,4.530811016637764,True
2026-07-13 19:30:00+00:00,162.8699951171875,165.3699951171875,0.0,0.0,0.0,0.0,0.015411976528485916,0.0,0.0,4.600639769681191,True
2026-07-14 13:30:00+00:00,187.69000244140625,174.42999267578125,0.0,0.0,0.0,-0.0,0.05478622377761755,0.0,0.0,4.852691449623151,True
2026-07-14 14:30:00+00:00,174.37010192871094,183.0050048828125,0.6666666666666666,0.0,-0.0,0.033013698482292256,0.04916019358534229,0.6666666666666666,0.0010309277473958644,5.091250700696561,True
2026-07-14 15:30:00+00:00,182.9499969482422,178.8249969482422,0.6666666666666666,0.6666666666666666,-0.00020038772384226947,-0.015031429603018731,-0.02284094873387199,0.0,0.0,4.974961704450661,True
2026-07-14 16:30:00+00:00,178.7200927734375,180.00999450683594,0.6666666666666666,0.6666666666666666,-0.00039108691586727434,0.00481162736426303,0.006626576702454701,0.0,0.0,5.007928669776978,True
2026-07-14 17:30:00+00:00,180.14999389648438,180.89999389648438,0.6666666666666666,0.6666666666666666,0.000518487468920803,0.002775464984402435,0.004944166528568106,0.0,0.0,5.032688703083545,True
2026-07-14 18:30:00+00:00,180.89999389648438,176.08999633789062,0.6666666666666666,0.6666666666666666,0.0,-0.017726175496155294,-0.02658926324423294,0.0,0.0,4.89887321833098,True
2026-07-14 19:30:00+00:00,176.08999633789062,176.65899658203125,0.0,0.6666666666666666,0.0,0.0,0.003231303628678628,0.6666666666666666,0.0010377781149781837,4.91470296513781,True
2026-07-15 13:30:00+00:00,183.77000427246094,166.17990112304688,0.6666666666666666,0.0,0.0,-0.06381202133268944,-0.059318210007597516,0.6666666666666666,0.0010374321889398575,4.623171582526803,True
2026-07-15 14:30:00+00:00,166.14999389648438,161.39739990234375,0.0,0.6666666666666666,-0.00011997931703485361,-0.0,-0.028779059250745087,0.6666666666666666,0.0009708857332383621,4.490121053626903,True
2026-07-15 15:30:00+00:00,161.2200927734375,151.62989807128906,0.0,0.0,-0.0,-0.0,-0.06051833447728827,0.0,0.0,4.218386405859996,True
2026-07-15 16:30:00+00:00,151.60000610351562,160.83999633789062,0.0,0.0,-0.0,0.0,0.0607406480104038,0.0,0.0,4.474613929710211,True
2026-07-15 17:30:00+00:00,160.8300018310547,164.40980529785156,0.0,0.0,-0.0,0.0,0.022194783892319547,0.0,0.0,4.573927018881692,True
2026-07-15 18:30:00+00:00,164.5,163.5399932861328,0.0,0.0,0.0,-0.0,-0.005290511780261298,0.0,0.0,4.549728604106243,True
2026-07-15 19:30:00+00:00,163.55999755859375,165.50999450683594,0.0,0.0,0.0,0.0,0.012045990592994382,0.0,0.0,4.6045345920719845,True
2026-07-16 13:30:00+00:00,150.44000244140625,151.9199981689453,0.0,0.0,-0.0,0.0,-0.0821098229045577,0.0,0.0,4.226457072159044,True
2026-07-16 14:30:00+00:00,151.8000030517578,146.6999969482422,0.0,0.0,-0.0,-0.0,-0.034360198022765354,0.0,0.0,4.081235170224942,True
2026-07-16 15:30:00+00:00,146.7989959716797,142.25,0.0,0.0,0.0,-0.0,-0.030333994824909283,0.0,0.0,3.957435003692101,True
2026-07-16 16:30:00+00:00,142.2899932861328,141.50320434570312,0.0,0.0,0.0,-0.0,-0.005249881576779414,0.0,0.0,3.936658938574916,True
2026-07-16 17:30:00+00:00,141.46600341796875,142.3699951171875,0.0,0.0,-0.0,0.0,0.00612559111641553,0.0,0.0,3.9607733015974085,True
2026-07-16 18:30:00+00:00,142.30499267578125,140.6699981689453,0.0,0.0,-0.0,-0.0,-0.011940696821987618,0.0,0.0,3.913478908422411,True
2026-07-16 19:30:00+00:00,140.63999938964844,142.50999450683594,0.0,0.0,-0.0,0.0,0.013080232898565747,0.0,0.0,3.964668123988201,True
2026-07-17 13:30:00+00:00,124.7300033569336,133.47500610351562,0.0,0.0,-0.0,0.0,-0.06339898078437523,0.0,0.0,3.713312205779048,True
2026-07-17 14:30:00+00:00,133.5399932861328,130.47999572753906,0.0,0.0,0.0,-0.0,-0.022438735636047147,0.0,0.0,3.629990174859465,True
2026-07-17 15:30:00+00:00,130.3699951171875,139.14999389648438,0.0,0.0,-0.0,0.0,0.06644695319464544,0.0,0.0,3.8711919621053745,True
2026-07-17 16:30:00+00:00,139.0,143.44000244140625,0.0,0.0,-0.0,0.0,0.030830102285978267,0.0,0.0,3.99054120626574,True
2026-07-17 17:30:00+00:00,143.39999389648438,136.78500366210938,0.0,0.0,-0.0,-0.0,-0.04639569622159878,0.0,0.0,3.8053972687000623,True
2026-07-17 18:30:00+00:00,136.75,135.6699981689453,0.0,0.0,-0.0,-0.0,-0.008151518538672464,0.0,0.0,3.77437750231724,True
2026-07-17 19:30:00+00:00,136.42010498046875,135.28500366210938,0.0,0.0,0.0,-0.0,-0.002837727662946654,0.0,0.0,3.763666846868511,True
2026-07-20 13:30:00+00:00,143.52000427246094,144.67999267578125,0.0,0.0,0.0,0.0,0.06944590131465711,0.0,0.0,4.025038083297388,True
2026-07-20 14:30:00+00:00,144.52000427246094,143.25,0.0,0.0,-0.0,-0.0,-0.009883831546672606,0.0,0.0,3.9852552849131344,True
2026-07-20 15:30:00+00:00,143.37989807128906,144.5500030517578,0.0,0.0,0.0,0.0,0.009075064933736998,0.0,0.0,4.02142173540124,True
2026-07-20 16:30:00+00:00,144.5800018310547,141.6300048828125,0.0,0.0,0.0,-0.0,-0.020200609528176705,0.0,0.0,3.9401865651762766,True
2026-07-20 17:30:00+00:00,141.7100067138672,141.2050018310547,0.0,0.0,0.0,-0.0,-0.0030007981155508734,0.0,0.0,3.9283628607565766,True
2026-07-20 18:30:00+00:00,141.1199951171875,138.17999267578125,0.0,0.0,-0.0,-0.0,-0.02142281871071905,0.0,0.0,3.8442062553606666,True
2026-07-20 19:30:00+00:00,138.02999877929688,136.80999755859375,0.0,0.0,-0.0,-0.0,-0.009914569328440925,0.0,0.0,3.806092605929067,True
2026-07-21 13:30:00+00:00,155.83999633789062,153.57269287109375,0.0,0.0,0.0,-0.0,0.12252536811369197,0.0,0.0,4.272435503545327,True
2026-07-21 14:30:00+00:00,153.5399932861328,158.18600463867188,0.0,0.0,-0.0,0.0,0.03003992234120978,0.0,0.0,4.400779134279656,True
2026-07-21 15:30:00+00:00,158.1999969482422,158.35000610351562,0.0,0.0,0.0,0.0,0.0010367634306105433,0.0,0.0,4.405341701152271,True
2026-07-21 16:30:00+00:00,158.42999267578125,159.71359252929688,0.0,0.0,0.0,0.0,0.008611218018456324,0.0,0.0,4.44327705898669,True
2026-07-21 17:30:00+00:00,159.71080017089844,158.72000122070312,0.0,0.0,-0.0,-0.0,-0.00622108170543767,0.0,0.0,4.415635069362837,True
2026-07-21 18:30:00+00:00,158.7899932861328,156.4499969482422,0.6666666666666666,0.0,0.0,-0.009824281280638983,-0.01430194213081215,0.6666666666666666,0.000970445618453423,4.352482912130025,True
2026-07-21 19:30:00+00:00,156.50999450683594,158.41000366210938,0.0,0.6666666666666666,0.0002556623405308341,0.0,0.012528007364011717,0.6666666666666666,0.0009605882058573552,4.407010850104925,True
2026-07-22 13:30:00+00:00,150.60189819335938,159.50999450683594,0.0,0.0,-0.0,0.0,0.006943948104899178,0.0,0.0,4.437612904745781,True
2026-07-22 14:30:00+00:00,159.50999450683594,164.66000366210938,0.0,0.0,0.0,0.0,0.032286435537760116,0.0,0.0,4.580887607736388,True
2026-07-22 15:30:00+00:00,164.7100067138672,163.59019470214844,0.0,0.0,0.0,-0.0,-0.00649707844144265,0.0,0.0,4.551125221617492,True
2026-07-22 16:30:00+00:00,163.6199951171875,164.68499755859375,0.6666666666666666,0.0,0.0,0.004339332898131746,0.0066923501034927835,0.6666666666666666,0.0009605135960177318,4.581582944965393,True
2026-07-22 17:30:00+00:00,164.6300048828125,162.9739990234375,0.6666666666666666,0.6666666666666666,-0.0002226176300067865,-0.0067059701968414185,-0.010389522789090111,0.0,0.0,4.533982484548568,True
2026-07-22 18:30:00+00:00,162.94500732421875,164.0,0.6666666666666666,0.6666666666666666,-0.0001185943745320254,0.004316354714209769,0.006295488744894495,0.0,0.0,4.562526120249593,True
2026-07-22 19:30:00+00:00,163.97500610351562,160.9499969482422,0.6666666666666666,0.6666666666666666,-0.00010160120522106908,-0.01229865952198339,-0.01859757958388908,0.0,0.0,4.477674177624678,True
2026-07-23 13:30:00+00:00,152.16000366210938,161.0,0.0,0.6666666666666666,-0.03640879549673418,0.0,0.0003106744498659886,0.6666666666666666,0.0009497745313819343,4.479065276586491,True
2026-07-23 14:30:00+00:00,160.91000366210938,151.7899932861328,0.0,0.0,-0.0,-0.0,-0.05720501064513783,0.0,0.0,4.222840299759094,True
2026-07-23 15:30:00+00:00,151.5,158.77000427246094,0.0,0.0,-0.0,0.0,0.045984658377119736,0.0,0.0,4.417026168324649,True
2026-07-23 16:30:00+00:00,158.7100067138672,156.58999633789062,0.0,0.0,-0.0,-0.0,-0.013730603236800643,0.0,0.0,4.356377734520818,True
2026-07-23 17:30:00+00:00,156.625,153.66009521484375,0.6666666666666666,0.0,0.0,-0.012619972482708148,-0.018710653244570885,0.6666666666666666,0.0009148777931903824,4.2748670613278295,True
2026-07-23 18:30:00+00:00,153.74000549316406,156.22999572753906,0.6666666666666666,0.6666666666666666,0.0003466971617173501,0.010797407507944593,0.01672457972320096,0.0,0.0,4.346362416301092,True
2026-07-23 19:30:00+00:00,156.25,157.39999389648438,0.6666666666666666,0.6666666666666666,8.536249123306897e-05,0.004906640624999939,0.007488947071250918,0.0,0.0,4.3789120943892454,True
2026-07-24 13:30:00+00:00,151.4499969482422,142.77999877929688,1.0,0.6666666666666666,-0.02520117398969009,-0.05724660510827395,-0.09288434360932996,0.33333333333333337,0.00045882434032924047,3.972179718778944,True
2026-07-24 14:30:00+00:00,142.86000061035156,142.2899932861328,0.0,1.0,0.0005603153924826909,-0.0,-0.003431891702993295,1.0,0.0012627564652488536,3.9585476281592684,True
2026-07-24 15:30:00+00:00,142.3699951171875,145.10000610351562,0.0,0.0,0.0,0.0,0.01974849216369079,0.0,0.0,4.036722974973569,True
2026-07-24 16:30:00+00:00,145.00999450683594,144.1199951171875,0.0,0.0,-0.0,-0.0,-0.006754038215745939,0.0,0.0,4.009458793734217,True
2026-07-24 17:30:00+00:00,144.18499755859375,138.39999389648438,0.0,0.0,0.0,-0.0,-0.039689157747001436,0.0,0.0,3.850326751189598,True
2026-07-24 18:30:00+00:00,138.47999572753906,135.75,0.0,0.0,0.0,-0.0,-0.019147355587793013,0.0,0.0,3.776603175755379,True
2026-07-24 19:30:00+00:00,135.88490295410156,136.7899932861328,0.0,0.0,0.0,0.0,0.007661092347203136,0.0,0.0,3.8055360814435812,True
2026-07-27 13:30:00+00:00,140.64999389648438,120.98989868164062,0.0,0.0,0.0,-0.0,-0.11550621668240069,0.0,0.0,3.365973006227665,True
2026-07-27 14:30:00+00:00,120.9000015258789,118.05999755859375,0.0,0.0,-0.0,-0.0,-0.024216080474257606,0.0,0.0,3.284462333034677,True
2026-07-27 15:30:00+00:00,118.0999984741211,123.31999969482422,0.0,0.0,0.0,0.0,0.04455363582080296,0.0,0.0,3.430797071687849,True
2026-07-27 16:30:00+00:00,123.39990234375,119.01069641113281,0.0,0.0,0.0,-0.0,-0.03494407471906824,0.0,0.0,3.3109110424688284,True
2026-07-27 17:30:00+00:00,119.11000061035156,122.13999938964844,0.0,0.0,0.0,0.0,0.026294300200590204,0.0,0.0,3.3979691313569527,True
2026-07-27 18:30:00+00:00,122.12999725341797,129.69639587402344,0.0,0.0,-0.0,0.0,0.061866681857994266,0.0,0.0,3.6081902065698985,True
2026-07-27 19:30:00+00:00,129.6999969482422,128.08999633789062,0.0,0.0,0.0,-0.0,-0.012385845615117463,0.0,0.0,3.563499719721345,True
2026-07-28 13:30:00+00:00,112.3499984741211,104.40950012207031,0.0,0.0,-0.0,-0.0,-0.18487389251970276,0.0,0.0,2.9047016555435903,True
2026-07-28 14:30:00+00:00,104.30000305175781,109.33499908447266,0.0,0.0,-0.0,0.0,0.04717481605259777,0.0,0.0,3.0417304218315353,True
2026-07-28 15:30:00+00:00,109.3499984741211,111.1500015258789,0.0,0.0,0.0,0.0,0.016600379170479185,0.0,0.0,3.0922243001683203,True
2026-07-28 16:30:00+00:00,111.15010070800781,110.96369934082031,0.0,0.0,0.0,-0.0,-0.0016761329959605886,0.0,0.0,3.087041320987897,True
2026-07-28 17:30:00+00:00,110.91999816894531,108.60079956054688,0.0,0.0,-0.0,-0.0,-0.021294349362090736,0.0,0.0,3.0213047846035703,True
2026-07-28 18:30:00+00:00,108.80000305175781,114.52999877929688,0.0,0.0,0.0,0.0,0.054596275927456306,0.0,0.0,3.1862567742847308,True
2026-07-28 19:30:00+00:00,114.52999877929688,109.51000213623047,0.0,0.0,0.0,-0.0,-0.04383128173030104,0.0,0.0,3.0465990559459764,True
2026-07-29 13:30:00+00:00,107.62000274658203,98.1697006225586,0.0,0.0,-0.0,-0.0,-0.10355493829289264,0.0,0.0,2.731108678704306,True
2026-07-29 14:30:00+00:00,98.22899627685547,97.04000091552734,0.0,0.0,0.0,-0.0,-0.011507620985569567,0.0,0.0,2.699680115159377,True
2026-07-29 15:30:00+00:00,96.9800033569336,95.25,0.0,0.0,-0.0,-0.0,-0.01844601090931064,0.0,0.0,2.649881786303498,True
2026-07-29 16:30:00+00:00,95.18000030517578,97.05000305175781,0.0,0.0,-0.0,0.0,0.018897669834727626,0.0,0.0,2.69995837740212,True
2026-07-29 17:30:00+00:00,96.87000274658203,99.5999984741211,0.0,0.0,-0.0,0.0,0.026275067925586093,0.0,0.0,2.770899967164616,True
2026-07-29 18:30:00+00:00,99.58999633789062,101.3499984741211,0.0,0.0,-0.0,0.0,0.017570281393676,0.0,0.0,2.819585459301426,True
2026-07-29 19:30:00+00:00,102.3499984741211,92.01000213623047,0.0,0.0,0.0,-0.0,-0.0921558606661006,0.0,0.0,2.55974413457788,True
2026-07-30 13:30:00+00:00,107.37999725341797,117.23999786376953,0.0,0.0,0.0,0.0,0.27420927227219716,0.0,0.0,3.2616497109235056,True
2026-07-30 14:30:00+00:00,117.24009704589844,113.0,0.0,0.0,0.0,-0.0,-0.03616511379244758,0.0,0.0,3.143691777976853,True
2026-07-30 15:30:00+00:00,113.04000091552734,114.88999938964844,0.0,0.0,0.0,0.0,0.016725658315472902,0.0,0.0,3.1962720925044557,True
2026-07-30 16:30:00+00:00,114.86000061035156,114.95999908447266,0.0,0.0,-0.0,0.0,0.0006092757872406818,0.0,0.0,3.1982195036998515,True
2026-07-30 17:30:00+00:00,114.98999786376953,114.06999969482422,0.0,0.0,0.0,-0.0,-0.007741817995270406,0.0,0.0,3.1734594703932832,True
2026-07-30 18:30:00+00:00,114.11000061035156,114.66000366210938,0.0,0.0,0.0,0.0,0.005172297438972739,0.0,0.0,3.1898735466846824,True
2026-07-30 19:30:00+00:00,114.63999938964844,115.06999969482422,0.0,0.0,-0.0,0.0,0.0035757545754406816,0.0,0.0,3.2012797516143174,True
2026-07-31 13:30:00+00:00,129.89999389648438,119.69000244140625,0.0,0.0,0.0,-0.0,0.04014949820834879,0.0,0.0,3.3298095272661796,True
2026-07-31 14:30:00+00:00,119.62000274658203,115.81999969482422,0.0,0.0,-0.0,-0.0,-0.03233355056932663,0.0,0.0,3.222144962530093,True
2026-07-31 15:30:00+00:00,115.73999786376953,119.0,0.0,0.0,-0.0,0.0,0.027456400566005845,0.0,0.0,3.310613465303057,True
2026-07-31 16:30:00+00:00,119.0,120.5199966430664,0.0,0.0,0.0,0.0,0.012773081034171518,0.0,0.0,3.352900199368192,True
2026-07-31 17:30:00+00:00,120.44010162353516,118.59500122070312,0.0,0.0,-0.0,-0.0,-0.015972415167454512,0.0,0.0,3.2993462853688422,True
2026-07-31 18:30:00+00:00,118.6500015258789,118.68000030517578,0.0,0.0,0.0,0.0,0.0007167172612483341,0.0,0.0,3.3017109838024017,True
2026-07-31 19:30:00+00:00,118.36000061035156,114.61000061035156,0.0,0.0,-0.0,-0.0,-0.034293896902245935,0.0,0.0,3.188482447722869,True
2026-08-03 13:30:00+00:00,106.1500015258789,111.45999908447266,0.0,0.0,-0.0,0.0,-0.027484525862522258,0.0,0.0,3.1008485194262314,True
2026-08-03 14:30:00+00:00,111.51499938964844,110.88999938964844,0.0,0.0,0.0,-0.0,-0.005113939525445699,0.0,0.0,3.084990967620318,True
2026-08-03 15:30:00+00:00,110.9000015258789,114.10040283203125,0.0,0.0,0.0,0.0,0.028951244116270702,0.0,0.0,3.174305294220384,True
2026-08-03 16:30:00+00:00,114.1500015258789,114.98999786376953,0.0,0.0,0.0,0.0,0.007796598519006714,0.0,0.0,3.199054078176178,True
2026-08-03 17:30:00+00:00,114.94999694824219,116.0,0.0,0.0,-0.0,0.0,0.008783391207877411,0.0,0.0,3.227152621639955,True
2026-08-03 18:30:00+00:00,116.01499938964844,116.48999786376953,0.0,0.0,0.0,0.0,0.004224119515254587,0.0,0.0,3.240784500007729,True
2026-08-03 19:30:00+00:00,116.48999786376953,116.72000122070312,0.0,0.0,0.0,0.0,0.001974447258575651,0.0,0.0,3.247183258079404,True
2026-08-04 13:30:00+00:00,131.5050048828125,134.56210327148438,0.0,0.0,0.0,0.0,0.1528624217287664,0.0,0.0,3.743555554706527,True
2026-08-04 14:30:00+00:00,134.57000732421875,136.91749572753906,0.0,0.0,0.0,0.0,0.01750412931122658,0.0,0.0,3.809083235219871,True
2026-08-04 15:30:00+00:00,136.9593048095703,138.94000244140625,0.0,0.0,0.0,0.0,0.014771718567595737,0.0,0.0,3.865349940771086,True
2026-08-04 16:30:00+00:00,138.98500061035156,140.7550048828125,0.0,0.0,0.0,0.0,0.013063210087186139,0.0,0.0,3.915843819107871,True
2026-08-04 17:30:00+00:00,140.7100067138672,141.17999267578125,0.0,0.0,-0.0,0.0,0.003019344095952947,0.0,0.0,3.9276670990237683,True
2026-08-04 18:30:00+00:00,141.17999267578125,141.3000030517578,0.6666666666666666,0.0,0.0,0.0005667015261960154,0.0008500522892940232,0.6666666666666666,0.0008418884192671101,3.9310058214328785,True
2026-08-04 19:30:00+00:00,141.27000427246094,140.14999389648438,0.0,0.6666666666666666,-0.00014153705425323793,-0.0,-0.00813877657774853,0.6666666666666666,0.0008420848892461067,3.8990122433264074,True
2026-08-05 13:30:00+00:00,135.5399932861328,135.17999267578125,0.6666666666666666,0.0,-0.0,-0.0017706980875702438,-0.03546201524899095,0.6666666666666666,0.0008416850080683695,3.760745411697564,True
2026-08-05 14:30:00+00:00,135.11000061035156,133.27999877929688,0.6666666666666666,0.6666666666666666,-0.0003451796085315687,-0.009029688514483306,-0.01405528923974253,0.0,0.0,3.70788704717912,True
2026-08-05 15:30:00+00:00,133.23500061035156,137.86000061035156,0.0,0.6666666666666666,-0.00022508087913886143,0.0,0.03436375955134041,0.6666666666666666,0.0008320399926643055,3.835303986111913,True
2026-08-05 16:30:00+00:00,137.9199981689453,134.7949981689453,0.0,0.0,0.0,-0.0,-0.022232717451301842,0.0,0.0,3.7500347562488354,True
2026-08-05 17:30:00+00:00,134.69000244140625,136.10000610351562,0.0,0.0,-0.0,0.0,0.009681426998757736,0.0,0.0,3.7863404439842627,True
2026-08-05 18:30:00+00:00,136.08999633789062,137.11000061035156,0.6666666666666666,0.0,-0.0,0.004996714428729583,0.007420973266288877,0.6666666666666666,0.0008315753697070566,3.8144387751961384,True
2026-08-05 19:30:00+00:00,137.13999938964844,131.60499572753906,0.6666666666666666,0.6666666666666666,0.00014586234489740352,-0.026906828480595557,-0.040150279763013,0.0,0.0,3.6612879912331286,True
2026-08-06 13:30:00+00:00,125.2300033569336,137.0050048828125,0.0,0.6666666666666666,-0.03229356826647911,0.0,0.041031946586990165,0.6666666666666666,0.0008130957844924127,3.811517764528995,True
2026-08-06 14:30:00+00:00,137.07000732421875,138.3699951171875,0.0,0.0,0.0,0.0,0.009963068396972474,0.0,0.0,3.849492176713273,True
2026-08-06 15:30:00+00:00,138.28390502929688,133.0699005126953,0.0,0.0,-0.0,-0.0,-0.03830378544137014,0.0,0.0,3.702042054318215,True
2026-08-06 16:30:00+00:00,132.96170043945312,136.05999755859375,0.0,0.0,-0.0,0.0,0.022470123103557782,0.0,0.0,3.785227395013293,True
2026-08-06 17:30:00+00:00,136.0,136.94700622558594,0.0,0.0,-0.0,0.0,0.006519246530268363,0.0,0.0,3.80990422557451,True
2026-08-06 18:30:00+00:00,136.9499053955078,134.9113006591797,0.0,0.0,0.0,-0.0,-0.01486491470323148,0.0,0.0,3.753270324233864,True
2026-08-06 19:30:00+00:00,134.8699951171875,132.4600067138672,0.0,0.0,-0.0,-0.0,-0.018169670986310393,0.0,0.0,3.685074637319852,True
2026-08-07 13:30:00+00:00,141.97000122070312,137.24349975585938,0.0,0.0,0.0,-0.0,0.03611273440688567,0.0,0.0,3.8181527589669346,True
2026-08-07 14:30:00+00:00,137.2086944580078,138.84500122070312,0.0,0.0,-0.0,0.0,0.01166905148653763,0.0,0.0,3.8627069800947855,True
2026-08-07 15:30:00+00:00,139.33999633789062,137.42999267578125,0.0,0.0,0.0,-0.0,-0.010191281878939473,0.0,0.0,3.8233410444448923,True
2026-08-07 16:30:00+00:00,137.39999389648438,139.38009643554688,0.0,0.0,-0.0,0.0,0.014189797451028108,0.0,0.0,3.8775934794517677,True
2026-08-07 17:30:00+00:00,139.43760681152344,137.63580322265625,0.0,0.0,0.0,-0.0,-0.012514650638782099,0.0,0.0,3.8290667517372095,True
2026-08-07 18:30:00+00:00,137.64999389648438,139.50999450683594,0.0,0.0,0.0,0.0,0.013617033070586704,0.0,0.0,3.881207280325099,True
2026-08-07 19:30:00+00:00,139.5449981689453,140.25999450683594,0.0,0.0,0.0,0.0,0.005375958924313862,0.0,0.0,3.9020724912408746,True
2026-08-10 13:30:00+00:00,142.8000030517578,137.11000061035156,0.0,0.0,0.0,-0.0,-0.022458249107737194,0.0,0.0,3.8144387751961384,True
2026-08-10 14:30:00+00:00,137.1300048828125,134.20620727539062,0.0,0.0,0.0,-0.0,-0.021178567004846993,0.0,0.0,3.7336544280097606,True
2026-08-10 15:30:00+00:00,134.10000610351562,135.05999755859375,0.0,0.0,-0.0,0.0,0.006361779388125877,0.0,0.0,3.757407113792258,True
2026-08-10 16:30:00+00:00,135.0,133.97999572753906,0.0,0.0,-0.0,-0.0,-0.00799645972587959,0.0,0.0,3.7273611591330846,True
2026-08-10 17:30:00+00:00,133.98500061035156,133.9199981689453,0.0,0.0,0.0,-0.0,-0.0004478098261456731,0.0,0.0,3.725692010180431,True
2026-08-10 18:30:00+00:00,133.9600067138672,135.55999755859375,0.0,0.0,0.0,0.0,0.012246112694681344,0.0,0.0,3.7713172544027747,True
2026-08-10 19:30:00+00:00,135.55999755859375,130.0,0.0,0.0,0.0,-0.0,-0.04101503141581664,0.0,0.0,3.6166365587344336,True
2026-08-11 13:30:00+00:00,136.25999450683594,135.8300018310547,0.0,0.0,0.0,-0.0,0.044846167931190006,0.0,0.0,3.778828849193519,True
2026-08-11 14:30:00+00:00,135.72650146484375,133.3350067138672,0.0,0.0,-0.0,-0.0,-0.018368512725861375,0.0,0.0,3.7094173833882556,True
2026-08-11 15:30:00+00:00,133.3350067138672,132.34019470214844,0.0,0.0,0.0,-0.0,-0.007460996449743962,0.0,0.0,3.6817414334601772,True
2026-08-11 16:30:00+00:00,132.26499938964844,130.6300048828125,0.0,0.0,-0.0,-0.0,-0.012922678731015713,0.0,0.0,3.6341634717449023,True
2026-08-11 17:30:00+00:00,130.64999389648438,130.4311981201172,0.0,0.0,0.0,-0.0,-0.0015219073357125579,0.0,0.0,3.628632611698075,True
2026-08-11 18:30:00+00:00,130.4600067138672,131.8800048828125,0.0,0.0,0.0,0.0,0.011107823768981007,0.0,0.0,3.6689388232711946,True
2026-08-11 19:30:00+00:00,132.42999267578125,133.07000732421875,0.0,0.0,0.0,0.0,0.009023372742999802,0.0,0.0,3.702045025844834,True
2026-08-12 13:30:00+00:00,147.3000030517578,146.0,0.0,0.0,0.0,-0.0,0.09716684424821542,0.0,0.0,4.06176105827098,True
2026-08-12 14:30:00+00:00,145.97000122070312,145.64999389648438,0.6666666666666666,0.0,-0.0,-0.0014615209588391131,-0.0023973020788741195,0.6666666666666666,0.0007865669883405564,4.052023790042097,True
2026-08-12 15:30:00+00:00,145.64999389648438,144.95010375976562,0.6666666666666666,0.6666666666666666,0.0,-0.003203525190744442,-0.004805287786116774,0.0,0.0,4.032552649614753,True
2026-08-12 16:30:00+00:00,145.0010986328125,145.77000427246094,0.6666666666666666,0.6666666666666666,0.00023453989441494608,0.0035351715580011303,0.0056564327408428206,0.0,0.0,4.0553625124512065,True
2026-08-12 17:30:00+00:00,145.8000030517578,145.9499969482422,0.6666666666666666,0.6666666666666666,0.0001371968554006268,0.000685843133721183,0.0012347716986056412,0.0,0.0,4.060369959309168,True
2026-08-12 18:30:00+00:00,145.9583282470703,143.85000610351562,0.6666666666666666,0.6666666666666666,3.805549390130854e-05,-0.009629790314697868,-0.014388426780654884,0.0,0.0,4.001947623447277,True
2026-08-12 19:30:00+00:00,143.82000732421875,142.22999572753906,0.6666666666666666,0.6666666666666666,-0.00013902805248074596,-0.007370377396311634,-0.011261802622453798,0.0,0.0,3.956878479206616,True
2026-08-13 13:30:00+00:00,142.16000366210938,150.7100067138672,0.6666666666666666,0.6666666666666666,-0.00032806987523585163,0.04009568013274093,0.05962181847050574,0.0,0.0,4.192794769603723,True
2026-08-13 14:30:00+00:00,150.6999969482422,153.0500030517578,0.6666666666666666,0.6666666666666666,-4.4278261469428884e-05,0.010395957315215771,0.015526482872058045,0.0,0.0,4.25789412578003,True
2026-08-13 15:30:00+00:00,153.0800018310547,152.25,0.6666666666666666,0.6666666666666666,0.00013067092975586428,-0.0036146756429173235,-0.005227069819053076,0.0,0.0,4.235637815902442,True
2026-08-13 16:30:00+00:00,152.3000030517578,152.9600067138672,0.6666666666666666,0.6666666666666666,0.00021895151289689588,0.0028890507720917094,0.004663426692066874,0.0,0.0,4.25539040235105,True
2026-08-13 17:30:00+00:00,153.1199951171875,150.8800048828125,0.6666666666666666,0.6666666666666666,0.0006972994957198015,-0.009752657200477133,-0.013598337733768506,0.0,0.0,4.197524166470843,True
2026-08-13 18:30:00+00:00,150.89999389648438,147.2899932861328,0.6666666666666666,0.6666666666666666,8.83219027261184e-05,-0.015948755274428034,-0.023793819462479604,0.0,0.0,4.097649034264441,True
2026-08-13 19:30:00+00:00,147.27999877929688,145.3699951171875,0.6666666666666666,0.6666666666666666,-4.523731998780829e-05,-0.008645680236918732,-0.013035496343702269,0.0,0.0,4.0442341452605115,True
2026-08-14 13:30:00+00:00,143.7899932861328,143.139892578125,0.6666666666666666,0.6666666666666666,-0.007245886974043936,-0.003014121234033107,-0.015340872353092783,0.0,0.0,3.982192065472051,True
2026-08-14 14:30:00+00:00,143.13999938964844,140.96530151367188,0.6666666666666666,0.6666666666666666,4.974691611240681e-07,-0.010128535630615776,-0.015192068579108708,0.0,0.0,3.921694330518217,True
2026-08-14 15:30:00+00:00,140.97999572753906,141.9600067138672,0.6666666666666666,0.6666666666666666,6.949329000072169e-05,0.004634279169753637,0.007056383305070524,0.0,0.0,3.9493673089196752,True
2026-08-14 16:30:00+00:00,141.92999267578125,140.25140380859375,0.6666666666666666,0.6666666666666666,-0.00014095067468041417,-0.0078845860814493,-0.0120358046243072,0.0,0.0,3.901833495599892,True
2026-08-14 17:30:00+00:00,140.30999755859375,140.80999755859375,0.6666666666666666,0.6666666666666666,0.00027851771133298914,0.0023756919616089904,0.0039828032720607975,0.0,0.0,3.9173737308132037,True
2026-08-14 18:30:00+00:00,140.8000030517578,143.17999267578125,0.6666666666666666,0.6666666666666666,-4.731911563678655e-05,0.011268890021015832,0.016831156581771145,0.0,0.0,3.9833076614658376,True
2026-08-14 19:30:00+00:00,143.19000244140625,145.0,0.6666666666666666,0.6666666666666666,4.660691035551778e-05,0.008427020172419326,0.01271132432825306,0.0,0.0,4.033940777049945,True
2026-08-17 13:30:00+00:00,150.60499572753906,152.8000030517578,0.6666666666666666,0.6666666666666666,0.025770095299030217,0.009716398908793018,0.053793124494881495,0.0,0.0,4.250939055474771,True
2026-08-17 14:30:00+00:00,152.83999633789062,156.25,0.6666666666666666,0.6666666666666666,0.00017449077370882785,0.014873958578969226,0.022578513608233264,0.0,0.0,4.346918940786579,True
2026-08-17 15:30:00+00:00,156.27000427246094,155.52999877929688,0.6666666666666666,0.6666666666666666,8.535156250003931e-05,-0.00315695259457834,-0.004608007812500037,0.0,0.0,4.32688830434713,True
2026-08-17 16:30:00+00:00,155.53500366210938,152.94000244140625,0.6666666666666666,0.6666666666666666,2.145302236137662e-05,-0.011122903353385356,-0.016652712391298286,0.0,0.0,4.254833877865565,True
2026-08-17 17:30:00+00:00,152.9127960205078,153.17999267578125,0.6666666666666666,0.6666666666666666,-0.00011859300145652026,0.0011649195368302518,0.0015691789626257613,0.0,0.0,4.261510473676179,True
2026-08-17 18:30:00+00:00,153.22000122070312,150.80999755859375,0.6666666666666666,0.6666666666666666,0.00017412432795775126,-0.010486027250180033,-0.015471962596341204,0.0,0.0,4.195576543023544,True
2026-08-17 19:30:00+00:00,150.8800048828125,151.56649780273438,0.6666666666666666,0.6666666666666666,0.00030947251664163267,0.003033284277595675,0.005016247307123578,0.0,0.0,4.216622592559317,True
2026-08-18 13:30:00+00:00,134.19500732421875,129.939697265625,0.6666666666666666,0.6666666666666666,-0.07640866431720653,-0.021139932319105343,-0.14268852847188507,0.0,0.0,3.6149589197057233,True
2026-08-18 14:30:00+00:00,129.89999389648438,125.58899688720703,0.0,0.6666666666666666,-0.0002037015116812905,-0.0,-0.033482457401175836,0.6666666666666666,0.0007281541831084149,3.493921211669676,True
2026-08-18 15:30:00+00:00,125.58999633789062,124.87999725341797,0.0,0.0,0.0,-0.0,-0.005645396104451916,0.0,0.0,3.474196642472054,True
2026-08-18 16:30:00+00:00,124.8499984741211,126.18000030517578,0.0,0.0,-0.0,0.0,0.010410018260328169,0.0,0.0,3.5103630929601586,True
2026-08-18 17:30:00+00:00,126.0009994506836,125.2699966430664,0.0,0.0,-0.0,-0.0,-0.007211948485563946,0.0,0.0,3.485046535168105,True
2026-08-18 18:30:00+00:00,125.2699966430664,127.58999633789062,0.0,0.0,0.0,0.0,0.018519994867044032,0.0,0.0,3.549589579110828,True
2026-08-18 19:30:00+00:00,127.55999755859375,129.0,0.0,0.0,-0.0,0.0,0.01105105182678523,0.0,0.0,3.5888162775133985,True
2026-08-19 13:30:00+00:00,132.6300048828125,120.75,0.0,0.0,0.0,-0.0,-0.06395348837209303,0.0,0.0,3.3592989574398673,True
2026-08-19 14:30:00+00:00,120.69000244140625,122.51000213623047,0.0,0.0,-0.0,0.0,0.01457558704952766,0.0,0.0,3.4082627118194195,True
2026-08-19 15:30:00+00:00,122.48999786376953,122.54000091552734,0.0,0.0,-0.0,0.0,0.00024486800076539694,0.0,0.0,3.409097286295746,True
2026-08-19 16:30:00+00:00,122.55000305175781,121.0999984741211,0.0,0.0,0.0,-0.0,-0.01175128472864062,0.0,0.0,3.3690360134168484,True
2026-08-19 17:30:00+00:00,121.09809875488281,120.1500015258789,0.0,0.0,-0.0,-0.0,-0.00784473129820229,0.0,0.0,3.3426068311576267,True
2026-08-19 18:30:00+00:00,120.17500305175781,121.81500244140625,0.0,0.0,0.0,0.0,0.01385768534650178,0.0,0.0,3.3889276248608766,True
2026-08-19 19:30:00+00:00,121.80500030517578,120.55999755859375,0.0,0.0,-0.0,-0.0,-0.010302547778679116,0.0,0.0,3.3540130360872618,True
2026-08-20 13:30:00+00:00,119.98999786376953,121.38999938964844,0.0,0.0,-0.0,0.0,0.006884554146173505,0.0,0.0,3.377103920441176,True
2026-08-20 14:30:00+00:00,121.37999725341797,121.58499908447266,0.0,0.0,-0.0,0.0,0.0016063901128979818,0.0,0.0,3.382528866789202,True
2026-08-20 15:30:00+00:00,121.58499908447266,121.2300033569336,0.0,0.0,0.0,-0.0,-0.0029197329457758547,0.0,0.0,3.3726527858167996,True
2026-08-20 16:30:00+00:00,121.18499755859375,120.80000305175781,0.0,0.0,-0.0,-0.0,-0.0035469792400297795,0.0,0.0,3.360690056401679,True
2026-08-20 17:30:00+00:00,120.79000091552734,120.0989990234375,0.0,0.0,-0.0,-0.0,-0.005803013332871809,0.0,0.0,3.34118792719673,True
2026-08-20 18:30:00+00:00,120.08999633789062,122.19999694824219,0.0,0.0,-0.0,0.0,0.01749388372832872,0.0,0.0,3.3996382803096052,True
2026-08-20 19:30:00+00:00,122.197998046875,122.19999694824219,0.0,0.0,-0.0,0.0,0.0,0.0,0.0,3.3996382803096052,True
2026-08-21 13:30:00+00:00,126.58999633789062,119.18499755859375,0.0,0.0,0.0,-0.0,-0.024672663379242454,0.0,0.0,3.3157601494083395,True
2026-08-21 14:30:00+00:00,119.17500305175781,119.06659698486328,0.0,0.0,-0.0,-0.0,-0.000993418434835025,0.0,0.0,3.312466212150426,True
2026-08-21 15:30:00+00:00,119.44999694824219,118.98999786376953,0.0,0.0,0.0,-0.0,-0.0006433300609363091,0.0,0.0,3.3103352030603137,True
2026-08-21 16:30:00+00:00,118.94499969482422,118.72000122070312,0.0,0.0,-0.0,-0.0,-0.002269070072389856,0.0,0.0,3.302823820521471,True
2026-08-21 17:30:00+00:00,118.7699966430664,120.1449966430664,0.0,0.0,0.0,0.0,0.01200299366333546,0.0,0.0,3.3424675939103037,True
2026-08-21 18:30:00+00:00,120.11000061035156,120.95500183105469,0.0,0.0,-0.0,0.0,0.0067418969630062,0.0,0.0,3.365002166030634,True
2026-08-21 19:30:00+00:00,120.94999694824219,120.59010314941406,0.0,0.0,-0.0,-0.0,-0.003016813493585846,0.0,0.0,3.3548505820902075,True
2026-08-24 13:30:00+00:00,115.0,106.94999694824219,0.0,0.0,-0.0,-0.0,-0.1131113237731578,0.0,0.0,2.975378991688835,True
2026-08-24 14:30:00+00:00,106.91999816894531,108.34500122070312,0.0,0.0,-0.0,0.0,0.013043518581267843,0.0,0.0,3.0141884028532426,True
2026-08-24 15:30:00+00:00,108.34010314941406,111.81999969482422,0.0,0.0,-0.0,0.0,0.03207345456614452,0.0,0.0,3.110863837645956,True
2026-08-24 16:30:00+00:00,111.82499694824219,110.2699966430664,0.0,0.0,0.0,-0.0,-0.01386159055614411,0.0,0.0,3.0677423168525926,True
2026-08-24 17:30:00+00:00,110.26000213623047,112.68499755859375,0.0,0.0,-0.0,0.0,0.02190079794184152,0.0,0.0,3.134928321471618,True
2026-08-24 18:30:00+00:00,112.72000122070312,112.18000030517578,0.0,0.0,0.0,-0.0,-0.004481495002521374,0.0,0.0,3.1208791558656803,True
2026-08-24 19:30:00+00:00,112.18000030517578,111.19000244140625,0.0,0.0,0.0,-0.0,-0.008825083446927562,0.0,0.0,3.093337136887389,True
2026-08-25 13:30:00+00:00,117.37000274658203,114.69000244140625,0.0,0.0,0.0,-0.0,0.03147765017672688,0.0,0.0,3.190708121161008,True
2026-08-25 14:30:00+00:00,114.71389770507812,116.37999725341797,0.0,0.0,0.0,0.0,0.014735328067283948,0.0,0.0,3.2377242520932628,True
2026-08-25 15:30:00+00:00,116.41000366210938,116.5,0.0,0.0,0.0,0.0,0.0010311286253146257,0.0,0.0,3.2410627622504715,True
2026-08-25 16:30:00+00:00,116.4800033569336,114.94999694824219,0.0,0.0,-0.0,-0.0,-0.013304747225389102,0.0,0.0,3.197941241457108,True
2026-08-25 17:30:00+00:00,114.9800033569336,115.0,0.0,0.0,0.0,0.0,0.00043499828695359177,0.0,0.0,3.19933234041892,True
2026-08-25 18:30:00+00:00,115.0,115.31809997558594,0.0,0.0,0.0,0.0,0.0027660867442256265,0.0,0.0,3.208181971196125,True
2026-08-25 19:30:00+00:00,115.30999755859375,115.83999633789062,0.0,0.0,-0.0,0.0,0.004525710728976451,0.0,0.0,3.222701274763676,True
2026-08-26 13:30:00+00:00,114.69999694824219,113.0199966430664,0.0,0.0,-0.0,-0.0,-0.02434392078707126,0.0,0.0,3.1442480902104357,True
2026-08-26 14:30:00+00:00,113.0385971069336,115.5999984741211,0.0,0.0,0.0,0.0,0.02282783496448615,0.0,0.0,3.2160244667011604,True
2026-08-26 15:30:00+00:00,115.56999969482422,114.94989776611328,0.0,0.0,-0.0,-0.0,-0.0056237086210113585,0.0,0.0,3.1979384821823897,True
2026-08-26 16:30:00+00:00,114.93009948730469,115.86840057373047,0.0,0.0,-0.0,0.0,0.007990462153224742,0.0,0.0,3.223491488592609,True
2026-08-26 17:30:00+00:00,115.84500122070312,116.125,0.0,0.0,-0.0,0.0,0.0022145764073635554,0.0,0.0,3.2306301567925835,True
2026-08-26 18:30:00+00:00,116.09500122070312,116.76000213623047,0.0,0.0,-0.0,0.0,0.005468263821144959,0.0,0.0,3.248296094798472,True
2026-08-26 19:30:00+00:00,116.76499938964844,116.66500091552734,0.0,0.0,0.0,-0.0,-0.0008136452463599619,0.0,0.0,3.2456531341221697,True
2026-08-27 13:30:00+00:00,123.4000015258789,122.69000244140625,0.0,0.0,0.0,-0.0,0.05164360758237496,0.0,0.0,3.4132703709292804,True
2026-08-27 14:30:00+00:00,122.7699966430664,120.89869689941406,0.0,0.0,0.0,-0.0,-0.014600256796373223,0.0,0.0,3.363435746998261,True
2026-08-27 15:30:00+00:00,120.91999816894531,121.26750183105469,0.0,0.0,0.0,0.0,0.003050528592110968,0.0,0.0,3.3736960039122073,True
2026-08-27 16:30:00+00:00,121.2699966430664,121.38999938964844,0.0,0.0,0.0,0.0,0.0010101433339033683,0.0,0.0,3.3771039204411757,True
2026-08-27 17:30:00+00:00,121.41999816894531,119.24639892578125,0.0,0.0,0.0,-0.0,-0.01765878964202372,0.0,0.0,3.3174683527108515,True
2026-08-27 18:30:00+00:00,119.27999877929688,120.24430084228516,0.0,0.0,0.0,0.0,0.008368402949635367,0.0,0.0,3.345230264658999,True
2026-08-27 19:30:00+00:00,120.22000122070312,123.16999816894531,0.0,0.0,-0.0,0.0,0.02433127646105704,0.0,0.0,3.4266239870543123,True
2026-08-28 13:30:00+00:00,119.91999816894531,119.4800033569336,0.0,0.0,-0.0,-0.0,-0.02995855213824361,0.0,0.0,3.3239672936799893,True
2026-08-28 14:30:00+00:00,119.48999786376953,117.9000015258789,0.0,0.0,0.0,-0.0,-0.013223985492656798,0.0,0.0,3.2800111984102993,True
2026-08-28 15:30:00+00:00,117.91999816894531,111.54000091552734,0.0,0.0,0.0,-0.0,-0.05394402483494076,0.0,0.0,3.10307419286437,True
2026-08-28 16:30:00+00:00,111.50499725341797,111.55000305175781,0.0,0.0,-0.0,0.0,8.967308721863354e-05,0.0,0.0,3.1033524551071126,True
2026-08-28 17:30:00+00:00,111.53990173339844,112.01000213623047,0.0,0.0,-0.0,0.0,0.004123703020063818,0.0,0.0,3.11614975899856,True
2026-08-28 18:30:00+00:00,111.9801025390625,112.48999786376953,0.0,0.0,-0.0,0.0,0.004285293441520288,0.0,0.0,3.1295033751235914,True
2026-08-28 19:30:00+00:00,112.5,111.37000274658203,0.0,0.0,0.0,-0.0,-0.009956397354935143,0.0,0.0,3.0983447959972503,True
2026-08-31 13:30:00+00:00,112.41000366210938,112.19999694824219,0.0,0.0,0.0,-0.0,0.007452583112068201,0.0,0.0,3.1214354680992638,True
2026-08-31 14:30:00+00:00,112.12999725341797,111.68000030517578,0.0,0.0,-0.0,-0.0,-0.0046345513120314985,0.0,0.0,3.106969015255163,True
2026-08-31 15:30:00+00:00,111.6500015258789,111.73999786376953,0.0,0.0,-0.0,0.0,0.0005372274214703321,0.0,0.0,3.1086381642078167,True
2026-08-31 16:30:00+00:00,111.75,111.36000061035156,0.0,0.0,0.0,-0.0,-0.0034007272300223823,0.0,0.0,3.0980665337545084,True
2026-08-31 17:30:00+00:00,111.36009979248047,112.43250274658203,0.0,0.0,0.0,0.0,0.009630945854455897,0.0,0.0,3.1279038447946,True
2026-08-31 18:30:00+00:00,112.41500091552734,111.95999908447266,0.0,0.0,-0.0,-0.0,-0.004202553981871082,0.0,0.0,3.1147586600367485,True
2026-08-31 19:30:00+00:00,111.94499969482422,112.84500122070312,0.0,0.0,-0.0,0.0,0.007904627933792208,0.0,0.0,3.139379668347896,True
2026-09-01 13:30:00+00:00,106.21749877929688,102.62000274658203,0.0,0.0,-0.0,-0.0,-0.09061100060713334,0.0,0.0,2.854917335313203,True
2026-09-01 14:30:00+00:00,102.61000061035156,106.62000274658203,0.0,0.0,-0.0,0.0,0.038978755534414766,0.0,0.0,2.9661984601973392,True
2026-09-01 15:30:00+00:00,106.61000061035156,105.5250015258789,0.0,0.0,-0.0,-0.0,-0.01027012936123961,0.0,0.0,2.9357352183000027,True
2026-09-01 16:30:00+00:00,105.5,105.20500183105469,0.0,0.0,-0.0,-0.0,-0.0030324538279750124,0.0,0.0,2.926832736799348,True
2026-09-01 17:30:00+00:00,105.19000244140625,104.01000213623047,0.0,0.0,-0.0,-0.0,-0.011358772625119307,0.0,0.0,2.8935875092302883,True
2026-09-01 18:30:00+00:00,104.0,106.0999984741211,0.0,0.0,-0.0,0.0,0.02009418608753788,0.0,0.0,2.951731795101337,True
2026-09-01 19:30:00+00:00,106.029296875,105.77999877929688,0.0,0.0,-0.0,-0.0,-0.0030160197872413086,0.0,0.0,2.942829313600682,True
2026-09-02 13:30:00+00:00,104.5,106.68000030517578,0.0,0.0,-0.0,0.0,0.008508239140337936,0.0,0.0,2.967867609149993,True
2026-09-02 14:30:00+00:00,106.66000366210938,106.86000061035156,0.0,0.0,-0.0,0.0,0.001687291944702407,0.0,0.0,2.972875268259855,True
2026-09-02 15:30:00+00:00,106.8499984741211,106.51000213623047,0.0,0.0,-0.0,-0.0,-0.0032752991963503897,0.0,0.0,2.9631382122828733,True
2026-09-02 16:30:00+00:00,106.5625991821289,106.19999694824219,0.0,0.0,0.0,-0.0,-0.002910573483904111,0.0,0.0,2.95451378077306,True
2026-09-02 17:30:00+00:00,106.19960021972656,105.84391021728516,0.0,0.0,-0.0,-0.0,-0.0033529824970764954,0.0,0.0,2.9446073477787564,True
2026-09-02 18:30:00+00:00,105.86499786376953,106.2699966430664,0.0,0.0,0.0,0.0,0.004025611156150077,0.0,0.0,2.9564611919684562,True
2026-09-02 19:30:00+00:00,106.26499938964844,106.36000061035156,0.0,0.0,-0.0,0.0,0.0008469367660512983,0.0,0.0,2.9589651276493383,True
2026-09-03 13:30:00+00:00,103.0,101.54000091552734,0.0,0.0,-0.0,-0.0,-0.04531778551301657,0.0,0.0,2.82487138065403,True
2026-09-03 14:30:00+00:00,101.52999877929688,106.01599884033203,0.0,0.0,-0.0,0.0,0.04408112945092779,0.0,0.0,2.9493949016668615,True
2026-09-03 15:30:00+00:00,106.02999877929688,105.58000183105469,0.0,0.0,0.0,-0.0,-0.004112558614233208,0.0,0.0,2.937265342257236,True
2026-09-03 16:30:00+00:00,105.58329772949219,106.0,0.0,0.0,0.0,0.0,0.003978008729507154,0.0,0.0,2.948949809429614,True
2026-09-03 17:30:00+00:00,105.99500274658203,106.69999694824219,0.0,0.0,-0.0,0.0,0.006603744794737576,0.0,0.0,2.968423921383577,True
2026-09-03 18:30:00+00:00,106.68499755859375,106.55999755859375,0.0,0.0,-0.0,-0.0,-0.0013120842891527484,0.0,0.0,2.9645290989927844,True
2026-09-03 19:30:00+00:00,106.54000091552734,106.77999877929688,0.0,0.0,-0.0,0.0,0.002064576067413615,0.0,0.0,2.970649594821716,True
2026-09-04 13:30:00+00:00,111.22000122070312,116.95999908447266,0.0,0.0,0.0,0.0,0.09533620922975272,0.0,0.0,3.2538600661419195,True
2026-09-04 14:30:00+00:00,116.25,116.06099700927734,0.0,0.0,-0.0,-0.0,-0.007686406311836813,0.0,0.0,3.2288495755916924,True
2026-09-04 15:30:00+00:00,116.04000091552734,116.9000015258789,0.0,0.0,-0.0,0.0,0.007228996288343836,0.0,0.0,3.252190917189265,True
2026-09-04 16:30:00+00:00,116.91000366210938,115.76000213623047,0.0,0.0,0.0,-0.0,-0.009751919373551687,0.0,0.0,3.2204758135774383,True
2026-09-04 17:30:00+00:00,115.73999786376953,116.4800033569336,0.0,0.0,-0.0,0.0,0.006219775461439703,0.0,0.0,3.240506450016887,True
2026-09-04 18:30:00+00:00,116.48999786376953,115.37999725341797,0.0,0.0,0.0,-0.0,-0.009443733446202307,0.0,0.0,3.2099039708722286,True
2026-09-04 19:30:00+00:00,115.37999725341797,117.54000091552734,0.0,0.0,0.0,0.0,0.01872078101514596,0.0,0.0,3.269995880190575,True
2026-09-08 13:30:00+00:00,125.0,125.089599609375,0.0,0.0,0.0,0.0,0.06423003773220426,0.0,0.0,3.480027838959368,True
2026-09-08 14:30:00+00:00,125.04000091552734,126.83499908447266,0.6666666666666666,0.0,-0.0,0.009570261014089088,0.013953194194786134,0.6666666666666666,0.0007277631389395425,3.52858534319963,True
2026-09-08 15:30:00+00:00,126.85549926757812,124.96710205078125,0.6666666666666666,0.6666666666666666,0.00010775250392732379,-0.00992413797693629,-0.014726984248625064,0.0,0.0,3.4766199224304,True
2026-09-08 16:30:00+00:00,124.99500274658203,125.66500091552734,0.6666666666666666,0.6666666666666666,0.00014884288394260517,0.0035734664278468387,0.005584660709043954,0.0,0.0,3.4960356651114766,True
2026-09-08 17:30:00+00:00,125.69000244140625,125.30000305175781,0.6666666666666666,0.6666666666666666,0.00013263584767312744,-0.002068578152985297,-0.0029045307851061075,0.0,0.0,3.4858813218963314,True
2026-09-08 18:30:00+00:00,125.30000305175781,123.86000061035156,0.6666666666666666,0.6666666666666666,0.0,-0.007661624933940514,-0.011492437400910771,0.0,0.0,3.4458200490174336,True
2026-09-08 19:30:00+00:00,123.8499984741211,123.3499984741211,0.6666666666666666,0.6666666666666666,-5.383570795617724e-05,-0.002691427835608643,-0.004117569301770541,0.0,0.0,3.431631646164174,True
2026-09-09 13:30:00+00:00,123.38999938964844,127.15499877929688,0.6666666666666666,0.6666666666666666,0.0002161919525587308,0.02034200182765803,0.03084718566878686,0.0,0.0,3.537487824700285,True
2026-09-09 14:30:00+00:00,127.1500015258789,123.8499984741211,0.6666666666666666,0.6666666666666666,-2.6200324884021832e-05,-0.017302414534831424,-0.025991902299588476,0.0,0.0,3.4455417867746916,True
2026-09-09 15:30:00+00:00,123.87000274658203,124.52999877929688,0.6666666666666666,0.6666666666666666,0.00010768011146492876,0.003552089653565164,0.005490515248717243,0.0,0.0,3.4644595864950705,True
2026-09-09 16:30:00+00:00,124.5,125.56999969482422,0.6666666666666666,0.6666666666666666,-0.0001605973371393195,0.00572958337255273,0.008351408702496954,0.0,0.0,3.4933927044351742,True
2026-09-09 17:30:00+00:00,125.58000183105469,125.5510025024414,0.6666666666666666,0.6666666666666666,5.310257893217003e-05,-0.00015394876142934183,-0.00015128766766725477,0.0,0.0,3.4928641972006744,True
2026-09-09 18:30:00+00:00,125.5999984741211,125.17500305175781,0.6666666666666666,0.6666666666666666,0.0002601650362700584,-0.0022558143711593663,-0.002994794491396169,0.0,0.0,3.4824037867437028,True
2026-09-09 19:30:00+00:00,125.18000030517578,125.90499877929688,0.6666666666666666,0.6666666666666666,2.6614756919673965e-05,0.0038610985373255247,0.0058318011563156524,0.0,0.0,3.5027124731739927,True
2026-09-10 13:30:00+00:00,116.3499984741211,117.08999633789062,0.6666666666666666,0.6666666666666666,-0.05059370370684572,0.004240068033085631,-0.07001312518860636,0.0,0.0,3.257476626289969,True
2026-09-10 14:30:00+00:00,117.08999633789062,118.55000305175781,0.0,0.6666666666666666,0.0,0.0,0.012469098638059561,0.6666666666666666,0.0006971759746742248,3.298094423654352,True
2026-09-10 15:30:00+00:00,118.55480194091797,116.77999877929688,0.0,0.0,0.0,-0.0,-0.014930444765051343,0.0,0.0,3.248852407032057,True
2026-09-10 16:30:00+00:00,116.76000213623047,117.62999725341797,0.0,0.0,-0.0,0.0,0.007278630613171355,0.0,0.0,3.272499603619556,True
2026-09-10 17:30:00+00:00,117.5999984741211,117.01000213623047,0.0,0.0,-0.0,-0.0,-0.005270722873960465,0.0,0.0,3.255251165103732,True
2026-09-10 18:30:00+00:00,116.96009826660156,117.23999786376953,0.0,0.0,-0.0,0.0,0.00196560741252938,0.0,0.0,3.2616497109235048,True
2026-09-10 19:30:00+00:00,117.2300033569336,115.67500305175781,0.0,0.0,-0.0,-0.0,-0.013348642447351566,0.0,0.0,3.2181111151438793,True
2026-09-11 13:30:00+00:00,120.70999908447266,122.41999816894531,0.6666666666666666,0.0,0.0,0.009444117291813381,0.05830987628476225,0.6666666666666666,0.0006969435826826668,3.405758776138537,True
2026-09-11 14:30:00+00:00,122.41000366210938,123.86000061035156,0.6666666666666666,0.6666666666666666,-5.442741918767109e-05,0.007896941452838774,0.011762803977655611,0.0,0.0,3.445820049017435,True
2026-09-11 15:30:00+00:00,123.87999725341797,122.22000122070312,0.6666666666666666,0.6666666666666666,0.00010763035129916312,-0.008933355233662343,-0.013240750698909398,0.0,0.0,3.4001948047950914,True
2026-09-11 16:30:00+00:00,122.2300033569336,123.8499984741211,0.6666666666666666,0.6666666666666666,5.45580981321514e-05,0.008835774483601028,0.013336583514465428,0.0,0.0,3.4455417867746925,True
2026-09-11 17:30:00+00:00,123.875,123.4800033569336,0.6666666666666666,0.6666666666666666,0.00013457960536629915,-0.002125780790132037,-0.0029874454723129995,0.0,0.0,3.435248418564127,True
2026-09-11 18:30:00+00:00,123.50990295410156,121.76000213623047,0.6666666666666666,0.6666666666666666,0.00016142747195294996,-0.009445400873490476,-0.013929390783471662,0.0,0.0,3.3873975009036443,True
2026-09-11 19:30:00+00:00,121.74500274658203,121.83999633789062,0.6666666666666666,0.6666666666666666,-8.212543465443052e-05,0.000520177908281146,0.0006569825908071536,0.0,0.0,3.3896229620898817,True
2026-09-14 13:30:00+00:00,101.52999877929688,103.0999984741211,0.6666666666666666,0.6666666666666666,-0.11112933994881505,0.01030893800650349,-0.15380826023499838,0.0,0.0,2.868270951438235,True
2026-09-14 14:30:00+00:00,103.07009887695312,102.07499694824219,0.0,0.6666666666666666,-0.0001933371976106102,-0.0,-0.009941819020843012,0.6666666666666666,0.0006304393794606474,2.839755120736295,True
2026-09-14 15:30:00+00:00,102.05000305175781,103.23999786376953,0.0,0.0,-0.0,0.0,0.011413185896229416,0.0,0.0,2.872165773829028,True
2026-09-14 16:30:00+00:00,103.20999908447266,103.87999725341797,0.0,0.0,-0.0,0.0,0.006199141833506783,0.0,0.0,2.8899707368303376,True
2026-09-14 17:30:00+00:00,103.88500213623047,104.08899688720703,0.0,0.0,0.0,0.0,0.002011933378080588,0.0,0.0,2.8957851654174425,True
2026-09-14 18:30:00+00:00,104.08999633789062,103.56999969482422,0.0,0.0,0.0,-0.0,-0.004986090825192635,0.0,0.0,2.8813465175724255,True
2026-09-14 19:30:00+00:00,103.58499908447266,101.13500213623047,0.0,0.0,0.0,-0.0,-0.023510645609429615,0.0,0.0,2.813604200719816,True
2026-09-15 13:30:00+00:00,104.55000305175781,104.25,0.0,0.0,0.0,-0.0,0.0308003935133514,0.0,0.0,2.900264317292805,True
2026-09-15 14:30:00+00:00,104.22000122070312,103.24349975585938,0.0,0.0,-0.0,-0.0,-0.009654678600869437,0.0,0.0,2.872263197451773,True
2026-09-15 15:30:00+00:00,103.2300033569336,101.8499984741211,0.0,0.0,-0.0,-0.0,-0.013497230189149945,0.0,0.0,2.8334955999119424,True
2026-09-15 16:30:00+00:00,101.84339904785156,101.67320251464844,0.0,0.0,-0.0,-0.0,-0.0017358464616726854,0.0,0.0,2.8285770866006703,True
2026-09-15 17:30:00+00:00,101.66999816894531,102.17500305175781,0.0,0.0,-0.0,0.0,0.004935425704104102,0.0,0.0,2.842537318659919,True
2026-09-15 18:30:00+00:00,102.15499877929688,102.06999969482422,0.0,0.0,-0.0,-0.0,-0.0010276814660862277,0.0,0.0,2.839616095740874,True
2026-09-15 19:30:00+00:00,102.06999969482422,102.33499908447266,0.0,0.0,0.0,0.0,0.0025962514983908225,0.0,0.0,2.846988453284296,True
2026-09-16 13:30:00+00:00,107.44000244140625,108.19000244140625,0.0,0.0,0.0,0.0,0.057214085203641574,0.0,0.0,3.0098762932242873,True
2026-09-16 14:30:00+00:00,108.22000122070312,108.44000244140625,0.0,0.0,0.0,0.0,0.002310749555028302,0.0,0.0,3.0168313635295454,True
2026-09-16 15:30:00+00:00,108.44000244140625,108.16999816894531,0.0,0.0,0.0,-0.0,-0.0024898954848957544,0.0,0.0,3.009319768738801,True
2026-09-16 16:30:00+00:00,108.17500305175781,107.16000366210938,0.0,0.0,0.0,-0.0,-0.009337103854420659,0.0,0.0,2.981221437526926,True
2026-09-16 17:30:00+00:00,107.18000030517578,106.77629852294922,0.0,0.0,0.0,-0.0,-0.0035806749351187106,0.0,0.0,2.9705466526495345,True
2026-09-16 18:30:00+00:00,106.7699966430664,102.38999938964844,0.0,0.0,-0.0,-0.0,-0.0410793330914917,0.0,0.0,2.8485185772415287,True
2026-09-16 19:30:00+00:00,102.37999725341797,104.08000183105469,0.0,0.0,-0.0,0.0,0.016505542059580325,0.0,0.0,2.8955349204256846,True
2026-09-17 13:30:00+00:00,113.33000183105469,113.8499984741211,0.0,0.0,0.0,0.0,0.09387006601830494,0.0,0.0,3.167338974564351,True
2026-09-17 14:30:00+00:00,113.87999725341797,114.11579895019531,0.0,0.0,0.0,0.0,0.002334655069271996,0.0,0.0,3.17473361855742,True
2026-09-17 15:30:00+00:00,114.12000274658203,114.94499969482422,0.0,0.0,0.0,0.0,0.007266309768297674,0.0,0.0,3.197802216461687,True
2026-09-17 16:30:00+00:00,114.94999694824219,115.1500015258789,0.0,0.0,0.0,0.0,0.0017834775901428568,0.0,0.0,3.2035054250524557,True
2026-09-17 17:30:00+00:00,115.1500015258789,115.05000305175781,0.0,0.0,0.0,-0.0,-0.0008684192166390492,0.0,0.0,3.2007234393807327,True
2026-09-17 18:30:00+00:00,115.24500274658203,114.6500015258789,0.0,0.0,0.0,-0.0,-0.00347676240998418,0.0,0.0,3.1895952844419386,True
2026-09-17 19:30:00+00:00,114.66000366210938,114.69999694824219,0.0,0.0,0.0,0.0,0.0004360699668373158,0.0,0.0,3.1909861711518497,True
2026-09-18 13:30:00+00:00,117.02999877929688,118.5999984741211,0.0,0.0,0.0,0.0,0.03400175788704485,0.0,0.0,3.299485310364263,True
2026-09-18 14:30:00+00:00,118.6500015258789,118.64659881591797,0.0,0.0,0.0,-0.0,0.00039292025629356075,0.0,0.0,3.3007817449780483,True
2026-09-18 15:30:00+00:00,118.62000274658203,117.1500015258789,0.0,0.0,-0.0,-0.0,-0.01261390806795104,0.0,0.0,3.259145987494524,True
2026-09-18 16:30:00+00:00,117.19000244140625,118.08999633789062,0.6666666666666666,0.0,0.0,0.005119855947520513,0.008023856592132228,0.6666666666666666,0.0006301073456179388,3.2852969075110035,True
2026-09-18 17:30:00+00:00,117.99469757080078,117.98999786376953,0.6666666666666666,0.6666666666666666,-0.0005380007906126139,-2.6553210316526688e-05,-0.000846798858685438,0.0,0.0,3.2825149218392804,True
2026-09-18 18:30:00+00:00,118.0,119.08999633789062,0.6666666666666666,0.6666666666666666,5.6514034588062145e-05,0.006158171400511965,0.00932281120465106,0.0,0.0,3.313117188732038,True
2026-09-18 19:30:00+00:00,119.08999633789062,123.7699966430664,0.6666666666666666,0.6666666666666666,0.0,0.02619867578632077,0.03929801367948116,0.0,0.0,3.4433161133365537,True
2026-09-21 13:30:00+00:00,132.06500244140625,136.44000244140625,0.6666666666666666,0.6666666666666666,0.044679680177317785,0.022085083956748647,0.10236734379882217,0.0,0.0,3.795799237718501,True
2026-09-21 14:30:00+00:00,136.47000122070312,139.57000732421875,0.6666666666666666,0.6666666666666666,0.00014657861213758966,0.015143773116370163,0.022940522037564914,0.0,0.0,3.8828768537815543,True
2026-09-21 15:30:00+00:00,139.58999633789062,139.8000030517578,0.6666666666666666,0.6666666666666666,9.547903141982061e-05,0.0010029692641624344,0.0016478879090748855,0.0,0.0,3.8892753996013276,True
2026-09-21 16:30:00+00:00,139.80999755859375,139.2552032470703,0.6666666666666666,0.6666666666666666,4.76609757642521e-05,-0.0026454679980518017,-0.0038969942260000945,0.0,0.0,3.874118915825757,True
2026-09-21 17:30:00+00:00,139.25,140.860107421875,0.6666666666666666,0.6666666666666666,-2.4909887022713424e-05,0.007708473593656487,0.011524913521236524,0.0,0.0,3.9187678013016356,True
2026-09-21 18:30:00+00:00,140.8699951171875,141.8699951171875,0.6666666666666666,0.6666666666666666,4.679676166411776e-05,0.0047324958456346575,0.007169437208278451,0.0,0.0,3.946863160986891,True
2026-09-21 19:30:00+00:00,142.27000427246094,142.03990173339844,0.6666666666666666,0.6666666666666666,0.0018796981698773565,-0.0010782433970730012,0.001197621921891212,0.0,0.0,3.9515900108311937,True
2026-09-22 13:30:00+00:00,137.6699981689453,147.32980346679688,0.6666666666666666,0.6666666666666666,-0.020510215843691615,0.04677758614236967,0.037242364074056455,0.0,0.0,4.098756564685973,True
2026-09-22 14:30:00+00:00,147.3300018310547,146.36000061035156,0.6666666666666666,0.6666666666666666,8.975973321649159e-07,-0.004389245044673862,-0.006582530035505574,0.0,0.0,4.0717763764907025,True
2026-09-22 15:30:00+00:00,146.4698944091797,146.5500030517578,0.6666666666666666,0.6666666666666666,0.0005005638989243147,0.00036461937747800377,0.0012981855740221704,0.0,0.0,4.077062297843307,True
2026-09-22 16:30:00+00:00,146.58999633789062,148.27999877929688,0.6666666666666666,0.6666666666666666,0.00018193237939264267,0.007685847072905686,0.011804815363450238,0.0,0.0,4.125191265494632,True
2026-09-22 17:30:00+00:00,148.2899932861328,149.83999633789062,0.6666666666666666,0.6666666666666666,4.493528872506758e-05,0.006968341861373369,0.010520620255167978,0.0,0.0,4.168590836278836,True
2026-09-22 18:30:00+00:00,149.82000732421875,150.17999267578125,0.6666666666666666,0.6666666666666666,-8.893492685713156e-05,0.001601857046072889,0.0022690626414854087,0.0,0.0,4.178049630013075,True
2026-09-22 19:30:00+00:00,150.1699981689453,151.9600067138672,0.6666666666666666,0.6666666666666666,-4.436679239742484e-05,0.00794658749749318,0.011852537787298667,0.0,0.0,4.2275701211300145,True
2026-09-23 13:30:00+00:00,150.33999633789062,140.95309448242188,0.6666666666666666,0.6666666666666666,-0.007107178662812963,-0.041625214332503546,-0.07243295436391206,0.0,0.0,3.921354727475966,True
2026-09-23 14:30:00+00:00,140.97000122070312,145.27999877929688,0.6666666666666666,0.6666666666666666,7.996389788781735e-05,0.02038257558947354,0.03069747643897669,0.0,0.0,4.041730421831529,True
2026-09-23 15:30:00+00:00,145.27499389648438,142.95399475097656,0.6666666666666666,0.6666666666666666,-2.296660634433974e-05,-0.010651060600108675,-0.016010490417568635,0.0,0.0,3.9770203356423997,True
2026-09-23 16:30:00+00:00,142.9499969482422,142.3000030517578,0.6666666666666666,0.6666666666666666,-1.864377296737866e-05,-0.003031334547560771,-0.004574840320887841,0.0,0.0,3.9588261026539118,True
2026-09-23 17:30:00+00:00,142.26499938964844,145.1999969482422,0.6666666666666666,0.6666666666666666,-0.00016398998059822625,0.013753664270601096,0.02037943664294639,0.0,0.0,4.03950474839339,True
2026-09-23 18:30:00+00:00,145.17999267578125,145.02000427246094,0.6666666666666666,0.6666666666666666,-9.184698292645047e-05,-0.0007346669026569626,-0.0012396190052637035,0.0,0.0,4.034497301535429,True
2026-09-23 19:30:00+00:00,145.0791015625,146.32000732421875,0.6666666666666666,0.6666666666666666,0.00027167419803234927,0.005702203135412365,0.008964301568460842,0.0,0.0,4.070663752023534,True
2026-09-24 13:30:00+00:00,138.47000122070312,141.1699981689453,0.6666666666666666,0.6666666666666666,-0.035766382862103166,0.012999190796754748,-0.0351968896766246,0.0,0.0,3.927389049032927,True
2026-09-24 14:30:00+00:00,141.1199951171875,138.7899932861328,0.6666666666666666,0.6666666666666666,-0.00023613634816828838,-0.011007189680998453,-0.0168591408492067,0.0,0.0,3.8611766438856487,True
2026-09-24 15:30:00+00:00,138.58059692382812,142.97500610351562,0.6666666666666666,0.6666666666666666,-0.0010058187306198154,0.021140088762945226,0.030153563079687418,0.0,0.0,3.9776048773788704,True
2026-09-24 16:30:00+00:00,142.9499969482422,144.6300048828125,0.6666666666666666,0.6666666666666666,-0.00011661318041992588,0.007834944481454276,0.011575441221514104,0.0,0.0,4.023647408839377,True
2026-09-24 17:30:00+00:00,144.61000061035156,144.58999633789062,0.6666666666666666,0.6666666666666666,-9.220895519868044e-05,-9.22217107000763e-05,-0.0002766268655959303,0.0,0.0,4.0225343598684065,True
2026-09-24 18:30:00+00:00,144.61160278320312,145.35000610351562,0.6666666666666666,0.6666666666666666,9.962166982383872e-05,0.00340407595748952,0.005256309460365038,0.0,0.0,4.043678045278826,True
2026-09-24 19:30:00+00:00,145.9304962158203,146.24000549316406,0.6666666666666666,0.6666666666666666,0.002662493236687731,0.0014139574905850751,0.00612314655848456,0.0,0.0,4.068438078585395,True
2026-09-25 13:30:00+00:00,149.24000549316406,148.25,0.6666666666666666,0.6666666666666666,0.013676148282786293,-0.004422431237042593,0.013744491461537223,0.0,0.0,4.1243566910183045,True
2026-09-25 14:30:00+00:00,148.33999633789062,150.38600158691406,0.6666666666666666,0.6666666666666666,0.00040470528562390007,0.009195116172458384,0.014408105139386507,0.0,0.0,4.183780855854828,True
2026-09-25 15:30:00+00:00,150.3699951171875,153.093505859375,0.6666666666666666,0.6666666666666666,-7.095726799769922e-05,0.012074708300083318,0.018003698774424537,0.0,0.0,4.259104386121843,True
2026-09-25 16:30:00+00:00,153.08770751953125,152.7050018310547,0.6666666666666666,0.6666666666666666,-2.5249666039931874e-05,-0.001666607527051056,-0.0025376911067487296,0.0,0.0,4.248296094798467,True
2026-09-25 17:30:00+00:00,152.72000122070312,152.2899932861328,0.6666666666666666,0.6666666666666666,6.548307507318421e-05,-0.0018771081331117045,-0.0027177141543864858,0.0,0.0,4.236750440369608,True
2026-09-25 18:30:00+00:00,152.30999755859375,152.1094970703125,0.6666666666666666,0.6666666666666666,8.757096479457734e-05,-0.0008775982819911505,-0.0011852138930835698,0.0,0.0,4.231728984886154,True
2026-09-25 19:30:00+00:00,152.08999633789062,151.35000610351562,0.6666666666666666,0.6666666666666666,-8.54679591455465e-05,-0.0032436506988971674,-0.004993054223601856,0.0,0.0,4.21059973260503,True
2026-09-28 13:30:00+00:00,148.13999938964844,140.7899932861328,0.6666666666666666,0.6666666666666666,-0.014139440962082306,-0.03307684682866833,-0.06977213340949784,0.0,0.0,3.9168172063277162,True
2026-09-28 14:30:00+00:00,140.7899932861328,137.4600067138672,0.0,0.6666666666666666,0.0,-0.0,-0.0236521537826766,0.6666666666666666,0.0007139330442334458,3.824176043425019,True
2026-09-28 15:30:00+00:00,137.4600067138672,143.77499389648438,0.0,0.0,0.0,0.0,0.04594054178800011,0.0,0.0,3.9998607627526552,True
2026-09-28 16:30:00+00:00,143.6999969482422,142.07000732421875,0.0,0.0,-0.0,-0.0,-0.01185871427331231,0.0,0.0,3.9524275568341385,True
2026-09-28 17:30:00+00:00,142.0399932861328,141.91000366210938,0.0,0.0,-0.0,-0.0,-0.0011262311104428546,0.0,0.0,3.94797620995786,True
2026-09-28 18:30:00+00:00,141.92999267578125,142.67999267578125,0.0,0.0,0.0,0.0,0.005425896651410467,0.0,0.0,3.9693975208553187,True
2026-09-28 19:30:00+00:00,142.63999938964844,142.27999877929688,0.0,0.0,-0.0,-0.0,-0.00280343367688074,0.0,0.0,3.958269578168426,True
2026-09-29 13:30:00+00:00,148.5,151.24000549316406,0.0,0.0,0.0,0.0,0.06297446437124199,0.0,0.0,4.207539484690565,True
2026-09-29 14:30:00+00:00,151.24000549316406,148.66000366210938,0.6666666666666666,0.0,0.0,-0.011372660395604584,-0.017058990593406986,0.6666666666666666,0.0007136950665520347,4.13576310819984,True
2026-09-29 15:30:00+00:00,148.6300048828125,148.8000946044922,0.0,0.6666666666666666,-0.0001345297033852333,0.0,0.0009423579909308977,0.6666666666666666,0.0007053405565786025,4.139660477613449,True
2026-09-29 16:30:00+00:00,148.80999755859375,148.16000366210938,1.0,0.0,0.0,-0.004367945078612379,-0.004301683705807857,1.0,0.0010575158307058214,4.121852967589323,True
2026-09-29 17:30:00+00:00,148.1300048828125,147.99009704589844,1.0,1.0,-0.00020247555720431798,-0.000944493568502569,-0.0011467778888452074,0.0,0.0,4.117126117745021,True
2026-09-29 18:30:00+00:00,147.9199981689453,147.13999938964844,1.0,1.0,-0.0004736727548153574,-0.005273112418552106,-0.005744287443681717,0.0,0.0,4.093476161882804,True
2026-09-29 19:30:00+00:00,147.13949584960938,146.99000549316406,1.0,1.0,-3.422183234680354e-06,-0.0010159770874714757,-0.001019395793846467,0.0,0.0,4.08930328950117,True
2026-09-30 13:30:00+00:00,147.9499969482422,146.18499755859375,1.0,1.0,0.006530998157713297,-0.01192970210243327,-0.00547661680717304,0.0,0.0,4.06690774237626,True
2026-09-30 14:30:00+00:00,146.181396484375,146.59500122070312,1.0,1.0,-2.463367841354369e-05,0.0028293937961683113,0.00280469041937792,0.0,0.0,4.078314159557796,True
2026-09-30 15:30:00+00:00,146.64999389648438,145.66000366210938,1.0,1.0,0.00037513336282501974,-0.006750700822216182,-0.00637809987249216,0.0,0.0,4.0523022645367375,True
2026-09-30 16:30:00+00:00,145.69000244140625,145.93499755859375,1.0,1.0,0.00020595069712103786,0.0016816192812272313,0.001887916309011528,0.0,0.0,4.059952672071001,True
2026-09-30 17:30:00+00:00,145.9550018310547,147.61500549316406,1.0,1.0,0.0001370765943440322,0.011373393451982183,0.011512029072366925,0.0,0.0,4.106690965264316,True
2026-09-30 18:30:00+00:00,147.6300048828125,148.50999450683594,1.0,1.0,0.00010161155092824892,0.005960777585301669,0.006062994820084988,0.0,0.0,4.131589811314403,True
2026-09-30 19:30:00+00:00,148.50999450683594,147.64999389648438,1.0,1.0,0.0,-0.005790860158654043,-0.005790860158654043,0.0,0.0,4.107664352484162,True
2026-10-01 13:30:00+00:00,148.55499267578125,146.84500122070312,1.0,1.0,0.006129351958736651,-0.011510831270478805,-0.0054520332479365274,0.0,0.0,4.085269229863054,True
2026-10-01 14:30:00+00:00,146.8000030517578,149.10000610351562,1.0,1.0,-0.0003064331000118825,0.015667595394714517,0.015356361224876158,0.0,0.0,4.148004099857703,True
2026-10-01 15:30:00+00:00,149.16000366210938,149.07000732421875,1.0,1.0,0.0004023980961616047,-0.000603354355598551,-0.00020119904808069133,0.0,0.0,4.1471695253813765,True
2026-10-01 16:30:00+00:00,149.0850067138672,154.24000549316406,1.0,1.0,0.00010061976864217392,0.034577580220327864,0.034681679177092084,0.0,0.0,4.291000328353666,True
2026-10-01 17:30:00+00:00,154.25,154.11129760742188,1.0,1.0,6.479840819495486e-05,-0.0008992051382699096,-0.0008344649971365747,0.0,0.0,4.287419638776954,True
2026-10-01 18:30:00+00:00,154.10000610351562,153.59359741210938,1.0,1.0,-7.326850193045686e-05,-0.0032862340775383636,-0.003359261802021063,0.0,0.0,4.273017073755176,True
2026-10-01 19:30:00+00:00,153.5749969482422,153.77000427246094,1.0,1.0,-0.00012110181791813446,0.0012697856297823051,0.0011485300385161157,0.0,0.0,4.277924762219476,True
2026-10-02 13:30:00+00:00,163.81509399414062,169.1699981689453,1.0,1.0,0.06532541745840792,0.03268871044933275,0.1001495315640204,0.0,0.0,4.70635692322188,True
2026-10-02 14:30:00+00:00,169.1699981689453,165.75,1.0,1.0,0.0,-0.02021633981180193,-0.020216339811802042,0.0,0.0,4.611211612386399,True
2026-10-02 15:30:00+00:00,165.75,166.1199951171875,1.0,1.0,0.0,0.002232248067496334,0.002232248067496334,0.0,0.0,4.621504980596965,True
2026-10-02 16:30:00+00:00,166.1300048828125,162.6300048828125,1.0,1.0,6.0256235969280425e-05,-0.02106783782056043,-0.021008851053198274,0.0,0.0,4.52441247081799,True
2026-10-02 17:30:00+00:00,162.58999633789062,163.27499389648438,1.0,1.0,-0.00024600961520415687,0.004213036312333829,0.003965990249687579,0.0,0.0,4.542356246562819,True
2026-10-02 18:30:00+00:00,163.25,163.9384002685547,1.0,1.0,-0.00015307853265156268,0.004216846974301358,0.004063122932902452,0.0,0.0,4.560812398397641,True
2026-10-02 19:30:00+00:00,163.9199981689453,163.75,1.0,1.0,-0.00011225008649118351,-0.0010370801051992062,-0.0011492137793589485,0.0,0.0,4.555571049944332,True
2026-10-05 13:30:00+00:00,161.66000366210938,161.9199981689453,1.0,1.0,-0.012763336414599258,0.0016082797287284567,-0.01117558370109728,0.0,0.0,4.504659884369383,True
2026-10-05 14:30:00+00:00,161.97000122070312,162.3350067138672,1.0,1.0,0.00030881331721377414,0.002253537632976199,0.002563046872622099,0.0,0.0,4.516205538798243,True
2026-10-05 15:30:00+00:00,162.36000061035156,162.02999877929688,1.0,1.0,0.0001539649210009486,-0.002032531595307474,-0.0018788796128732521,0.0,0.0,4.50772013228385,True
2026-10-05 16:30:00+00:00,162.02499389648438,162.54010009765625,0.6666666666666666,1.0,-3.088861846700652e-05,0.002119451609632339,0.0031481905955834666,0.33333333333333337,0.0003829494795936675,4.521911294411828,True
2026-10-05 17:30:00+00:00,162.5399932861328,163.91990661621094,0.6666666666666666,0.6666666666666666,-4.3809301364383657e-07,0.005659789947404755,0.008489022202678997,0.0,0.0,4.560297899788634,True
2026-10-05 18:30:00+00:00,163.91000366210938,163.6300048828125,0.6666666666666666,0.6666666666666666,-4.027558054005749e-05,-0.0011388313629068225,-0.0017685572142083217,0.0,0.0,4.552232752039024,True
2026-10-05 19:30:00+00:00,163.6199951171875,164.360107421875,1.0,0.6666666666666666,-4.0782111374445165e-05,0.004523360999720172,0.0044619111243404674,0.33333333333333337,0.0003854019133340522,4.572544409995934,True
2026-10-06 13:30:00+00:00,167.33999633789062,166.9600067138672,1.0,1.0,0.018130244392983608,-0.0022707639078476394,0.015818310980527883,0.0,0.0,4.644874339445524,True
2026-10-06 14:30:00+00:00,166.9893035888672,167.66000366210938,1.0,1.0,0.00017547241148729853,0.004016425356760944,0.004192602540091128,0.0,0.0,4.664348451399487,True
2026-10-06 15:30:00+00:00,167.66050720214844,166.46929931640625,1.0,1.0,3.0033402604878745e-06,-0.007104880604386743,-0.007101898602500323,0.0,0.0,4.631222721650919,True
2026-10-06 16:30:00+00:00,166.4499969482422,166.77499389648438,1.0,1.0,-0.00011595151924903568,0.0019525200012064925,0.001836342084296838,0.0,0.0,4.639727230836438,True
2026-10-06 17:30:00+00:00,166.74000549316406,166.6750030517578,1.0,1.0,-0.0002097940614648186,-0.0003898431046226447,-0.0005995553793193276,0.0,0.0,4.636945457416616,True
2026-10-06 18:30:00+00:00,166.67999267578125,165.58999633789062,1.0,1.0,2.9936246780160047e-05,-0.0065394551583094485,-0.006509714678272882,0.0,0.0,4.60676026551012,True
2026-10-06 19:30:00+00:00,165.55999755859375,164.19000244140625,1.0,1.0,-0.00018116299269466118,-0.00827491626836152,-0.0084545801524607,0.0,0.0,4.567812041602194,True
