date,rv,up_var,down_var,rsj,jump_share,quote_volume,ret_1d,rv21,rv63,rv5_60_ratio,vol_of_vol21,amihud21,iv21_raw
2020-07-11,0.11108576310423664,0.00933130208112465,0.0030087446833259326,0.5123608944508093,0.37231641090545714,22740437.240251,0.07544068644341957,0.11108576310423664,0.11108576310423664,1.0,0.0,3.3174685977404227e-09,0.11108576310423664
2020-07-12,0.032622040820106474,0.0001143264947147463,0.0009498710525539466,-0.785140465681076,0.492313915344502,10502299.177602,-0.04345011692652454,0.07185390196217156,0.07185390196217156,1.0,0.05548223010424646,3.727334525913332e-09,0.08186648982251307
2020-07-13,0.10911147003880536,0.0012794694934427115,0.010625843400586407,-0.785059073233698,0.4861054742082431,25473364.711217,-0.14364939000659507,0.08427309132104949,0.08427309132104949,1.0,0.04474201293711847,4.364622909019998e-09,0.09185052568484732
2020-07-14,0.05380129997623222,0.00271035838628512,0.00018422149284740504,0.8727127938838475,0.8989115481160542,15959890.23422,0.04154348157427915,0.07665514348484517,0.07665514348484517,1.0,0.039581531864208735,3.924215416317463e-09,0.08397043688834917
2020-07-15,0.026444691018233785,6.607745954102556e-05,0.0006332442235088291,-0.8110241362662999,0.6956392529325183,9759906.154239,-0.06427537123169741,0.0666130529915229,0.0666130529915229,1.0,0.04097854506834518,4.456503260666032e-09,0.07603086053429985
2020-07-16,0.03798032864434424,0.00037172421276921016,0.0010707811511631855,-0.4846130599391915,0.7038826419415675,9535187.348905,-0.034247667091879326,0.061840932266993116,0.061840932266993116,0.8407371007130584,0.03847118066802262,4.312371738165074e-09,0.07111723200915417
2020-07-17,0.02878560919327807,0.0005706230487981905,0.00025798824782994457,0.3772997088507598,0.6196866647199528,9744076.336817,0.023834296064132017,0.05711874325646239,0.05711874325646239,0.8968103437461957,0.03727537080098964,4.045751387551681e-09,0.06673462950746605
2020-07-18,0.048826580363922754,0.0015130041135762446,0.0008710308364583623,0.26928014503670067,0.595043384949233,46528269.762695,0.11654689661513827,0.056082222894894944,0.056082222894894944,0.6983978133785345,0.03463459166758922,3.853140218838218e-09,0.06476747870124125
2020-07-19,0.03870096798561256,6.339329058575347e-05,0.001434371632437655,-0.9153494789318648,0.8505546146515581,25311733.439749,-0.015245091503458534,0.054150972349419124,0.054150972349419124,0.6675343742274655,0.032911671645598106,3.4919350233741487e-09,0.06241115934897587
2020-07-20,0.03505016825000604,0.00017783871201517174,0.00105067558233856,-0.7104816560417395,0.4867672298990201,10948310.95846,-0.05151093239422358,0.05224089193947782,0.05224089193947782,0.7248867598069433,0.03161185025619537,3.6132335685284973e-09,0.0602369401579322
2020-07-21,0.01749208429958657,0.00022477989592079739,8.119311722304557e-05,0.4692792257147505,0.3297229036331898,8529437.698051,0.02670098780835345,0.049081909426760426,0.049081909426760426,0.6880555873416885,0.03176710633076774,3.569344255170001e-09,0.0576753158237378
2020-07-22,0.016375273718092043,0.0002603591702739122,7.790419068523865e-06,0.9418949766984337,0.9091081179738401,4615803.028801,-0.00333586359382931,0.04635635645103806,0.04635635645103806,0.6749670879869881,0.03172620195788985,3.3321243112073473e-09,0.05542187609478569
2020-07-23,0.01646590516322594,0.0001530475738925777,0.00011807845895177292,0.12897734154831242,0.4355113292258438,5526691.788143,0.003938802244207142,0.044057090967360206,0.044057090967360206,0.5632891173339218,0.03148648359832676,3.130629145305627e-09,0.053443095712408614
2020-07-24,0.014976980716479973,0.00013315289015742882,9.115706122438415e-05,0.18722231748675638,0.5936111587433782,6290572.085254,-0.02883635386593429,0.04197994023515448,0.04197994023515448,0.4781350882598333,0.031233651517548422,3.2344455667157878e-09,0.05165437900301214
2020-07-25,0.015848181723007317,0.00013490473677633624,0.00011626012714912698,0.07423255520621834,0.4906379522585247,5930589.909477,0.014828816673460622,0.04023782300101133,0.04023782300101133,0.4033937204721638,0.030844514502617118,3.1855088545875947e-09,0.050070359193532823
2020-07-26,0.01957458889284867,0.00011706139693278536,0.0002661031333912493,-0.3889758176009201,0.6211748657392976,5516807.064219,-0.006462555189423992,0.038946370869251165,0.038946370869251165,0.4274643739880478,0.03024308264127066,3.059628947589818e-09,0.04872677496565992
2020-07-27,0.03565870932849648,0.000524256115001816,0.0007472874359723855,-0.17540203070488036,0.5265745249265592,8648116.894403,-0.02436859101695769,0.038752979013912656,0.038752979013912656,0.5291173397908391,0.0292935931840718,3.045403220418189e-09,0.04805653602350856
2020-07-28,0.010084898938106466,7.267298286652185e-05,2.9032203725299074e-05,0.4290909893943634,0.6136648300315037,4132661.652034,0.00818644370440879,0.03716030789859009,0.03716030789859009,0.5174518998137081,0.029211232346385393,2.9862648817396235e-09,0.04676301144805168
2020-07-29,0.015197658692137402,0,0.00023096882972269955,-1.0,0.5203907913554348,6155296.82016,-0.00534340419569475,0.036004378992987314,0.036004378992987314,0.5352906522474139,0.028831892369977165,2.8747824428105475e-09,0.04564911663649474
2020-07-30,0.01948762896911843,0.00037133897947829586,8.428703359728017e-06,0.9556112658310476,0.89322550396422,4435378.988175,0.017500446635100867,0.03517854149179387,0.03517854149179387,0.5685482147918802,0.028304888174822084,2.9283257477383516e-09,0.04470613091455787
2020-07-31,0.010648295959781123,8.953634192272107e-05,2.3849864924369917e-05,0.5793162927386207,0.3773428375628972,3529025.017237,0.0006193868268627174,0.03401043456169803,0.03401043456169803,0.5355838175041108,0.02810271000566708,2.7972393867331376e-09,0.043690550920154475
2020-08-01,0.09287884152762609,0.008587511808781381,3.89673947324971e-05,0.9909656317917918,0.7684544138531995,37170612.133866,0.13989654093515727,0.03314343829614514,0.03668627124196749,0.8084622343255418,0.025791804831190215,2.8184853087003572e-09,0.04161763675637788
2020-08-02,0.06698226348789987,0.0002212715729673627,0.004265352048995081,-0.9013638800080229,0.48783461198335537,18146307.064724002,-0.10694608432650599,0.03477963937556388,0.038003488296138456,1.0798729160734057,0.026826216589948108,2.9021207817857775e-09,0.04353160184750071
2020-08-03,0.012582456527184423,7.461523195135097e-05,8.370298030713494e-05,-0.05740178736320254,0.31380580255050755,7491071.282724,0.013087634755367703,0.030183019684534306,0.03694427863909871,1.096675826049108,0.021114810729685157,2.7167826010501573e-09,0.03654613057872738
2020-08-04,0.0345967740836927,0.0011821744299307503,1.476234706732082e-05,0.9753331214296131,0.5502878821938576,16678623.016552001,0.04845238338594675,0.029268518451556234,0.036850378456882465,1.1814729764086151,0.020446026685348853,2.731166697757712e-09,0.035422867085495836
2020-08-05,0.026048403880641686,5.3505669129905174e-05,0.0006250136755991235,-0.8422869751745309,0.827569548905504,8150926.455789,-0.01331653053984736,0.02924964763548042,0.036434917896257815,1.2794799767120377,0.020448945941753196,2.4953614488397377e-09,0.03540888200745143
2020-08-06,0.02126854956379144,0.00039468747499814326,5.766372554930974e-05,0.7450488669886456,0.3533319046587391,9935964.144303,0.01584639836842719,0.028453848631644574,0.03587320055061092,0.9002734356829509,0.020417347674198092,2.4002728053328103e-09,0.034736705755744765
2020-08-07,0.032703729524869364,0.0003098491369995916,0.0007596847878362207,-0.4205903528545716,0.48340641337513046,7669864.353271,-0.018702727074180903,0.02864042579029178,0.03576000515683443,0.7114088100508523,0.020438422287152303,2.3999127956304597e-09,0.03490145029746356
2020-08-08,0.017262806737094124,0.00024498284247410543,5.302165396815685e-05,0.6441553426128945,0.4823984398554632,3748655.406265,0.008263332388159501,0.027137388950918984,0.03512217072856753,0.7509801419125902,0.0200363544289595,2.385602493352989e-09,0.033448115781937876
2020-08-09,0.01988148328475,8.443777945479386e-05,0.0003108355981469998,-0.5727626284011559,0.78117820125132,3671236.819017,-0.014870162479451393,0.026241223012782675,0.03461414781377361,0.6769773655645193,0.019913784675244742,2.5498004407834545e-09,0.03265389489725372
2020-08-10,0.02387119658380386,0.0004847313281483351,8.510269819427412e-05,0.7013070674614063,0.8506535337307032,6881578.28453,0.009747783606904172,0.02570889102867781,0.03426760099990362,0.6711165202059648,0.019815707136959033,2.3932091831216323e-09,0.03217003458053385
2020-08-11,0.029511824821560676,4.603281591242132e-06,0.0008663445227072426,-0.9894292595525862,0.6100221188719487,7571935.439534,-0.03072705503690293,0.026281259624962288,0.0341189829943304,0.7223605754752743,0.019739948907423907,2.4373790642113263e-09,0.032585498099558005
2020-08-12,0.021622261763995843,0.0004134870697207766,5.403513406997997e-05,0.7688446297016351,0.4508444608706879,5266088.796788,0.020979790469194466,0.02653111619857676,0.033740294472199055,0.6647812352889346,0.019641255518907847,2.5926760508021743e-09,0.03273085120215554
2020-08-13,0.030675237074625623,0.0004441276623160439,0.0004968425072684425,-0.056021802450630695,0.42376920459238954,6505751.243293,0.006898561420012559,0.02720775105150055,0.03365014572521159,0.7462791071044996,0.019521563849525095,2.6092328011227527e-09,0.03321454440847285
2020-08-14,0.028877572719751395,0.0006896635633203425,0.00014425064286418757,0.6540396079251647,0.5524427820311273,6961788.878596,0.02460879380653311,0.027869684004037283,0.03351378649648416,0.8030014333226925,0.019320745850161563,2.559269880060172e-09,0.0336486958781561
2020-08-15,0.021993742447974057,0.0003421207870459279,0.00014160391982188795,0.4145268256451367,0.6034266027154064,8752214.289325,-0.009835684181501065,0.028162329752845223,0.03319378527291444,0.7994306026687034,0.019175552278862747,2.493717447597269e-09,0.033812852771335195
2020-08-16,0.02743596866386384,0.00027934626822754345,0.00047338610829697524,-0.25778064836980125,0.6271640382027688,4490847.829102,-0.0014134277971470752,0.028536681170512616,0.03303816860780496,0.7906296757584595,0.019075994722004667,2.4529224398247005e-09,0.03407209241303914
2020-08-17,0.05961889682564522,0.0030729240614741837,0.0004814887972327466,0.7290754808894606,0.8644516737155822,10284808.371257,0.01544323826796565,0.029677642479900648,0.03373766145564286,0.9994849106748647,0.020206329071268885,2.3902446591965866e-09,0.035631664901821056
2020-08-18,0.03883054822139092,2.916044867116799e-05,0.0014786510265025975,-0.961320829359244,0.5408656812377548,7417696.260614,-0.03226999509704191,0.031046482921961813,0.03386824829579025,1.0437902033486386,0.019781893953150626,2.5030776839596437e-09,0.03655917102436942
2020-08-19,0.024518664969222212,0.00030318728805349887,0.0002979776438194656,0.008665915055627579,0.5043329575278138,6830507.292352,-0.016251083125514015,0.031490340363727755,0.03363450871262605,1.0251246575418531,0.019511223112902678,2.5750344791736003e-09,0.03679947515666184
2020-08-20,0.021843814322054685,0.0003366044801888233,0.00014054774394757803,0.4108892850622015,0.2689884632406312,3268076.569335,0.008156176877564054,0.031602539666248534,0.033346930800660896,1.033065945599786,0.019445414072123197,2.5059898669073818e-09,0.03686242980210635
2020-08-21,0.025789988068946886,0.00019741403107603682,0.000467709453520386,-0.40638382000352374,0.411971419179838,7389939.087735999,-0.019924479802575352,0.03232357262382785,0.033167003592762936,1.0287448001150479,0.01890273834189583,2.62602085550572e-09,0.03721709196884635
2020-08-22,0.019960670145322004,0.00029097737826695345,0.00010745097438339565,0.4606258632517954,0.5923197138198274,4172044.430038,0.015850052980356303,0.028851278748480043,0.032859879559101524,0.7969821404331224,0.012998034047949272,2.627710207199765e-09,0.0315166620906839
2020-08-23,0.019367435925877047,0.00015200536182625419,0.00022309221251669867,-0.18951562354132834,0.3297174495942918,3993826.621551,-0.010247491225814687,0.026583906007431334,0.03255323311289188,0.6849124512137863,0.009764703010422475,2.469247701569103e-09,0.02824027327576354
2020-08-24,0.016404474610876463,0.0001450138697747678,0.00012409291748412263,0.07774219485039766,0.46146925574878683,5284956.011752999,0.0035252680456851373,0.026765906868559525,0.03219437181284709,0.6421394625990433,0.009523321697448472,2.4178162927558854e-09,0.028333525744573252
2020-08-25,0.028627689529761118,5.171186938658082e-05,0.0007678327384258135,-0.8738034052237498,0.6687230461409727,6862073.940921,-0.03612872408850554,0.026481664746943738,0.032116835241475655,0.6859346971929262,0.009365682599631078,2.5301937763774475e-09,0.028014596649655457
2020-08-26,0.008582449311750524,5.069791268530584e-05,2.2960523503461186e-05,0.37656771738624867,0.3632536710158927,5488422.561386,-0.0012169152703459321,0.025649952624615585,0.03161610362594959,0.587945438332271,0.010148861421890774,2.4629547115081953e-09,0.027495721940625738
2020-08-27,0.02861969362263427,7.28528309179917e-05,0.000746234032135461,-0.8221120757659193,0.6652239394115282,4106217.837548,-0.02777956410707582,0.0260000071036081,0.031553678417547186,0.6439930182238156,0.010116909436990265,2.709163808045863e-09,0.027811478350002968
2020-08-28,0.01141240777707384,0.00012317959163183674,7.063459638378736e-06,0.8915341806032452,0.8051838515616896,1331728.764067,0.01829224775650442,0.024986134639427365,0.031142632077945688,0.6014052673371441,0.010472126350673327,3.2471279350821235e-09,0.026995373514293645
2020-08-29,0.006921699942114693,3.6203499763254305e-05,1.1706430325416234e-05,0.5113150737748832,0.566031919723726,1384218.135812,0.004593485339190115,0.02449370098252358,0.030658213435229068,0.5490466061314743,0.011079012374982626,3.3001814386335566e-09,0.026773885151613133
2020-08-30,0.012299795225854414,2.9793889029187877e-05,0.00012149107356876316,-0.6061222673086558,0.5817313690771653,2406666.798432,0.007914805396906588,0.024132668217814266,0.030298244450731527,0.4477886234612507,0.011356874243844938,3.2639076180462055e-09,0.026556024366595352
2020-08-31,0.013388270369875738,1.134715051052571e-05,0.00016789863298636692,-0.8733900425532473,0.41232241680281934,2595412.06276,-0.02704528699548268,0.02363348125524626,0.029973052641484303,0.484714505435544,0.011596794016912625,3.692665578993343e-09,0.02620349194332114
2020-09-01,0.016895462580090136,0.00014808283661722164,0.00013737381917800433,0.037515388840327055,0.3843514916945466,3261128.408051,0.009919486171559909,0.02303270210089052,0.029726305659193847,0.4098567551139206,0.011603833320413249,3.6442710878789203e-09,0.02566597863208392
2020-09-02,0.03345160994653354,0.00021216075971890202,0.0009068494482961197,-0.620806390863498,0.5915296309431484,3764441.427565,-0.039319422528284416,0.023596004395297077,0.02979529277562606,0.5568452620296525,0.011817105725045705,3.951938405846732e-09,0.02626339082142635
2020-09-03,0.06895065717080302,4.227973257600015e-06,0.0047499651510280105,-0.9982213708416671,0.6761109426080775,5177014.206844,-0.12164032105614142,0.025418643447496003,0.030507208491902006,0.9505018810989714,0.015378632045780573,5.02031230896661e-09,0.029518599948184197
2020-09-04,0.03214088836714238,0.0008676945096871838,0.00016534219534192438,0.6798909573357986,0.583939720442148,5335815.619947,0.04260495252775106,0.025574039430705093,0.030536381346817014,1.079544341305036,0.015431726654681068,5.23221109856858e-09,0.02967877636721979
2020-09-05,0.050679592659832975,0.00028622924902619315,0.002282191863140403,-0.7771165735475956,0.4976155270943637,5404317.69581,-0.04151740484035218,0.026940032297936473,0.030889771018975186,1.3086416898347575,0.016341740055104345,5.5445192874313736e-09,0.03130656519087688
2020-09-06,0.028513215269957506,0.0005769417821130685,0.0002360616629178693,0.4192849627866305,0.3314176579310899,4199283.874449,0.006860471031308085,0.026991329755369504,0.03084879591985419,1.3857005243871423,0.01634506508452096,5.607328280961556e-09,0.03135236952659052
2020-09-07,0.04744649426201711,0.0015916477531775115,0.0006595220645781109,0.4140628047015635,0.5212757793779625,3757856.832787,0.013226287535429369,0.026411691538053877,0.0311301128409078,1.4630904095567168,0.015313430518160793,5.703427215862783e-09,0.03034652999118069
2020-09-08,0.033870892389016076,0.00029490712358297145,0.0008523302276453357,-0.4858829809416078,0.6439644965841764,3245126.23933,-0.02553636333430195,0.026175517450797936,0.03117579250004294,1.2359017526030858,0.01514969210663237,5.870986103211909e-09,0.030062296754028526
2020-09-09,0.02157621594697288,0.0004540598243620721,1.1473270228334877e-05,0.9507091102151202,0.5424093386924019,1684097.244098,0.011950169370657994,0.026035400830690822,0.03101842239261556,1.2268334099793685,0.015179360241263023,6.095590822315544e-09,0.02995468289281422
2020-09-10,0.0177477974291149,0.00015691246318648438,0.000158071850398413,-0.0036807776194738547,0.32229783712980936,2386721.985829,0.008242297154448505,0.025840352407217503,0.03080438005449458,1.0134141718081342,0.0152620044517843,6.14119485723519e-09,0.02982550495388508
2020-09-11,0.014311833113294212,0.00019902344690444744,5.805120158337269e-06,0.9433172799909509,0.9155124713773424,2607465.663158,-0.0028571448007798914,0.025293773599805468,0.03054259359511045,0.9689323683906391,0.01546804141128171,6.0649849790067204e-09,0.02945576242702578
2020-09-12,0.013984297443671204,0.00018617457835839093,9.385996634678064e-06,0.9040093164482593,0.8932516825696839,1820208.0167750001,0.007130154984591049,0.025009184423536383,0.029001300489387188,0.7464647639889379,0.015625248077243803,6.07060928905195e-09,0.02929132243161362
2020-09-13,0.01754492866239268,8.011208878354598e-05,0.00022771243298490225,-0.47949508165689353,0.4527054885055255,2338698.201932,-0.009996513091842527,0.02492239836337046,0.028761981248788555,0.6298231506268106,0.015663165659023287,6.15196925657162e-09,0.02923658822603498
2020-09-14,0.01620825790383724,0.00017613552058321568,8.657210369408673e-05,0.34092431514126825,0.5335014391370846,2426181.035608,0.0,0.02491305471065431,0.02728732708791605,0.5981511379828036,0.015668558572431816,6.120205528252204e-09,0.029231376448124794
2020-09-15,0.02453785655826522,0.00045081227095043915,0.00015129413352356024,0.49745050908159366,0.584404213018558,3772620.815426,0.01495754381961906,0.024718300759630694,0.026822827986043556,0.6507755014108031,0.015645479068150236,6.058290095871044e-09,0.029053729001507083
2020-09-16,0.013748525644536522,0.00012109335311415986,6.792860428431857e-05,0.28126229122558677,0.6345903963985949,3325788.774742,-0.006741199912219633,0.024964304394525266,0.026621301551540424,0.6610654404962483,0.015418040887236965,6.144253126958935e-09,0.029148116060956665
2020-09-17,0.008624289302180298,4.361782410503763e-05,3.07605418626639e-05,0.17286319852679938,0.5556295130154769,2519033.456602,-0.0010689471889050444,0.024012142284027455,0.02615533267309338,0.6320492902712168,0.015793851734838594,5.842305722740451e-09,0.02853332018041301
2020-09-18,0.010638856694210413,2.661552590146253e-05,8.65697458584832e-05,-0.5296998366022161,0.6028041703033947,1693374.05524,-0.0057224762740662105,0.02397530651817682,0.025867288982631985,0.5872974921837993,0.015825577423771636,5.3491446802226156e-09,0.028519082827173622
2020-09-19,0.010882433877994537,6.949934832564569e-05,4.89280187832775e-05,0.17370418717024905,0.47821870709451325,1679540.8517109999,0.001791794064762182,0.02416391289607586,0.025265000943172806,0.5472908384294742,0.015634623137375694,5.241924032150183e-09,0.028577894577708658
2020-09-20,0.020023399163087364,9.568657875452345e-05,0.0003052499352898043,-0.5226846375785853,0.7533232611765431,2104026.2284319997,-0.005749207355787322,0.024531703559753617,0.02496853159678352,0.5099461966452065,0.015431096379417461,5.21543730907362e-09,0.028785139006284547
2020-09-21,0.045086469919860594,2.096186730646903e-05,0.0020118279025280253,-0.9793762565932473,0.5510216064738891,5172212.161887,-0.0681955360880307,0.02604114163356242,0.025127837972495497,0.7457754794798793,0.015831693777051764,5.347083168310034e-09,0.030279501762092022
2020-09-22,0.014572842124603493,0.0001830724493944213,2.9295278194196734e-05,0.7241080033502527,0.5856022830927464,1858994.678097,0.01872785482496685,0.025930540659491623,0.025081500795114814,0.7925569607496065,0.015906715753416987,5.6819617347314795e-09,0.03022197547824824
2020-09-23,0.021371715587820857,1.3146226979905529e-06,0.00045543560446871447,-0.9942435816347794,0.4935778335102725,2522142.505078,-0.03823597649074168,0.025355307594791026,0.02516080939622162,0.8734604342126656,0.01583941250387853,5.906493262459652e-09,0.029695649719169853
2020-09-24,0.013298449718159841,0.00013972489783672647,3.712386706969906e-05,0.5801625520049054,0.3284993418971203,3182983.816636,0.035213543467131826,0.022705202477998492,0.025110532325665014,0.8959695517983444,0.01248012196821813,5.314437544194846e-09,0.025765535764380607
2020-09-25,0.0072165695643333656,3.8061935495669516e-05,1.4016940781193143e-05,0.46170340901074625,0.4509696743732479,3575821.8460460003,0.02256583153898344,0.021518330154055205,0.024987351196265863,0.8106812690043659,0.012720755645769443,5.234721243471314e-09,0.024842515083339393
2020-09-26,0.007424948083199688,1.214917345280112e-05,4.298068058540961e-05,-0.5592524716506422,0.717765300482712,1645586.226213,0.001484781267579224,0.019458585174215524,0.024853649074999075,0.5109189416257682,0.011170280064148492,4.911864828258053e-09,0.02230403594788606
2020-09-27,0.017510056897575035,0.00010114688337561807,0.00020545520918069705,-0.34020748174091525,0.6475071306665119,1370946.561241,0.00037098868910010813,0.01893462525172112,0.024820878725867745,0.5335871053875664,0.010980774919140334,4.846954525953709e-09,0.02175673848366879
2020-09-28,0.019570487004550743,1.1037657778630109e-05,0.00037196630381665943,-0.9423626965493724,0.8099915537642077,1743503.474016,-0.019098127739797813,0.017607196334698913,0.024565510117551145,0.5191752513738462,0.008837484325531168,5.2009661507436284e-09,0.01960600394221058
2020-09-29,0.01633845218641335,8.813695438326541e-05,0.00017880806546444972,-0.3396621189371119,0.6444545637137035,1879309.140482,0.010908515167341983,0.01677231822981307,0.024664772867524273,0.5413991787364213,0.008014009720472033,5.102651457777889e-09,0.018506126232555584
2020-09-30,0.01462411167770982,0.00010487683392425055,0.00010898780843787817,-0.019222319632745382,0.49038884018362733,1534666.3003759999,-0.015451598165579226,0.016441265645562447,0.024655668946660343,0.6331689133217449,0.00794897126056464,5.244198419245592e-09,0.018179452580438488
2020-10-01,0.016928432471126055,5.942302361938854e-05,0.0002271488023100865,-0.5852835607502289,0.6795177244229761,2293031.209373,-0.002281369810769488,0.016402248266610596,0.024615046780025542,0.7387552576912627,0.00794424703407152,5.12712784785295e-09,0.018142202747234756
2020-10-02,0.021301863113084175,5.929525242250352e-05,0.00039447411966607264,-0.7386546731896703,0.8528951712193579,3045221.483683,-0.014190075111203794,0.016735106838029166,0.024784151020554163,0.7668771796324063,0.007998533982855075,5.296843503416946e-09,0.0184660186442725
2020-10-03,0.00906111101933967,1.669393325786071e-05,6.540979964693811e-05,-0.593345328714403,0.7948785300426485,984845.171138,-0.00038617494204572927,0.016500669389251474,0.023453710853755968,0.688743064210186,0.008153833447323254,5.128981482406341e-09,0.01831914675427083
2020-10-04,0.010199748299650887,0.00010044105356079619,3.5938118154349785e-06,0.9309113958587185,0.7359805579416878,1403714.5379010001,0.017997805354671548,0.01615089889578758,0.022552401088863125,0.64217878494223,0.008263600908567412,5.535989314817108e-09,0.018052336924966283
2020-10-05,0.004619003537487477,1.3216851265080154e-06,2.0013508552813816e-05,-0.876102823684324,0.5562585379266002,999541.465832,-0.009149892276333898,0.015599029640247114,0.02242599707315365,0.5600033149622795,0.008638077236402425,5.971898350019789e-09,0.01773112921350275
2020-10-06,0.01949020058223194,9.835726581324709e-05,0.00028151065292238706,-0.4821501845134861,0.6538910824404579,2204898.942557,-0.005374293165776915,0.015358665069959814,0.022186210192178084,0.5889480912479385,0.008444977423921569,5.899168389476173e-09,0.0174301508355714
2020-10-07,0.004696237159855803,2.1905050580506314e-05,1.4959288110418728e-07,0.9864343414696704,0.823908374978847,2958570.495149,-0.002699056969165058,0.014927603713546447,0.021847286910895766,0.44194020874044965,0.008756556406564486,5.846089172740571e-09,0.01720056201632918
2020-10-08,0.01905165906833277,0.0003177831407767362,4.518257247924996e-05,0.7510366911852944,0.8650942241144253,4032500.339964,0.005006750300981954,0.01542414513098228,0.021812098172872614,0.5341367917957281,0.00867653168340871,5.885005902420419e-09,0.017595499092391827
2020-10-09,0.015342744693388735,0.00015873351864200398,7.666629608450425e-05,0.3486290872949366,0.5100993544019333,2763702.643228,0.01827230129446021,0.01564813979760982,0.021536526985071334,0.5852805233313554,0.008607258668844025,6.038919976265394e-09,0.01776010496735947
2020-10-10,0.012321041303811502,3.393424071417927e-05,0.00011787381809604977,-0.5529322885736981,0.40673617868128525,2856512.894537,0.004140792666031387,0.015716644913124914,0.02145808626390812,0.665435607299,0.008573089044665012,6.057146709370738e-09,0.017804799498992056
2020-10-11,0.011869052679767898,9.909750727771363e-05,4.177690423739189e-05,0.4068915172304052,0.6225789037411124,2524918.020157,0.004126811334216107,0.015328342699633509,0.021330904825733795,0.5984740305922941,0.008552913533968046,6.004858845240137e-09,0.017453566270394686
2020-10-12,0.01520056566310707,0.00015316367914015803,7.789351733827164e-05,0.3257641958315427,0.6628820979157714,2484460.122041,-0.0026231980565914023,0.013905204401692866,0.021193275763500514,0.7064337308821474,0.005171967782141269,5.4272806547103565e-09,0.014792910002688026
2020-10-13,0.00635230465247664,5.839089470987609e-06,3.4512684926888756e-05,-0.7105906960416141,0.5961701014813335,2511650.16145,-0.009049835519917927,0.013513750236353492,0.020825664332245215,0.5955505565409766,0.0054238713371908545,5.1191358509700964e-09,0.01451340588839855
2020-10-14,0.004886475609024271,9.39825186531624e-06,1.4479392012272876e-05,-0.2127990589442391,0.6063995294721195,1767818.75796,-0.001516300517964075,0.012728738808791749,0.020560016932959953,0.5005652155582384,0.005422678083332322,4.438069496747707e-09,0.0137849907625931
2020-10-15,0.01910932326934222,4.331550534988774e-05,0.0003218507304623362,-0.76276281264864,0.8578970309257505,1796442.886266,-0.01644711008373349,0.013005447073133766,0.02037643099954275,0.5716012647042205,0.005598607517554525,4.3472273636716615e-09,0.014106504490458966
2020-10-16,0.018626641009712182,0.00024358772573121885,0.00010336402957347276,0.4041590625030913,0.69122500436686,2867154.4558180002,0.0038491194559010797,0.013548783808627996,0.0202137177977961,0.6613649917023946,0.005562262714948851,4.110647253372708e-09,0.014595719735844847
2020-10-17,0.0033066546928013575,7.341413391132221e-06,3.592551866293019e-06,0.34286385922923573,0.6714319296146178,1668072.183974,-0.00616572280853626,0.01335267459956141,0.019917097357237804,0.5557457635654928,0.005853919796922144,4.2436965625767525e-09,0.014523445475330998
2020-10-18,0.0027547142173627395,3.7167878523277676e-06,3.871662567012644e-06,-0.02040926752188463,0.48979536623905773,4928388.627095,0.00038647343476209636,0.012650039233837016,0.019525331413642547,0.5276768607148051,0.00620496918149581,4.234544663205017e-09,0.014024682656347235
2020-10-19,0.009959927434821254,6.965603033727846e-05,2.9544124169626604e-05,0.4043532630270225,0.6583934869609637,6259756.522185,0.0019301299178730775,0.012192393540040373,0.018737093804264388,0.5889894826151618,0.006020708944170196,3.727614163659577e-09,0.013534299265460263
2020-10-20,0.01015844535661799,7.170876758364367e-05,3.148524447974993e-05,0.3897854371548597,0.6948927185774298,2055338.5125330002,0.00038557933772483756,0.011898107500526308,0.018281981060379104,0.4980274612393362,0.00595863733158762,3.4601410312444802e-09,0.013243095920882304
2020-10-21,0.009475747825457941,6.167995090365344e-05,2.810984594801746e-05,0.3738743836462002,0.6465149749143123,2920249.065123,0.012641424809150694,0.011652947317085742,0.01804320459777967,0.40020101203259323,0.0059467711019625235,3.1868319503021985e-09,0.01301811290444975
2020-10-22,0.009707739654549491,5.6843892927545493e-05,3.73963162729672e-05,0.2063617729582936,0.6016885024504712,2069459.886613,0.008720434409328267,0.011309104802010667,0.017850568491946255,0.4763513639279531,0.005834175343799606,3.340115537416404e-09,0.012661461810444172
2020-10-23,0.011746619298637464,7.440084727124971e-05,6.358221767587239e-05,0.07840548838020979,0.5392027441901049,2066895.903225,-0.0015111449796698275,0.01085409319179892,0.017627657876544515,0.5807508773415493,0.005370011602600304,3.1530361962822956e-09,0.012053015057657736
2020-10-24,0.004984657378892851,1.992272722655115e-05,4.924081958399797e-06,0.6036447238157098,0.3704160155129955,1084445.045036,-0.0026500110151398957,0.010659976351777642,0.0173899433881885,0.5361678598143063,0.005509921395233913,3.250728526314541e-09,0.01193937401219128
2020-10-25,0.016043152708778208,0.00011897303226457183,0.00013840971657260565,-0.07551665523756461,0.46653201918473225,1750783.397345,0.00529101763441568,0.010938233704593228,0.01733717698791709,0.6003066357406079,0.005631720355368417,2.784087060855248e-09,0.012241361524266633
2020-10-26,0.04135920421403703,0,0.001710583773218418,-1.0,0.49740911453377873,12416824.452288,0.006012795266784412,0.012687767070143206,0.017733283807014874,0.9569412333856573,0.008530973136496164,2.371237350138695e-09,0.0151753530607125
2020-10-27,0.006554391039154945,2.9064006110656967e-06,4.005364128308893e-05,-0.8646928409322078,0.46773784237185145,3019599.593633,0.0007490637054367439,0.012071776139520493,0.01738291398970367,0.9252249787868336,0.00848211916800483,2.2669818432726908e-09,0.014637216548467457
2020-10-28,0.020816373654274377,1.5005682464377712e-07,0.00043317135528972455,-0.999307410986632,0.4527998456751506,3965411.9755200003,-0.03388864170337305,0.012839401686873758,0.017577103264981825,1.0157389525528067,0.008510646548468712,2.6304948953609027e-09,0.015291574154655796
2020-10-29,0.011856453368958669,6.194295582088382e-06,0.00013438119090820297,-0.9118723223125225,0.7135673745509068,2095501.097073,-0.0023264841823435363,0.01249677284404642,0.01731102008635205,1.0939606242377382,0.008392052353503186,2.624239115210394e-09,0.01494129275962996
2020-10-30,0.011198037758049789,0.00010348614771048708,2.1909901920221657e-05,0.6505487695227036,0.39457009341557003,3664705.959449,0.002713705871596104,0.012299405847125518,0.017307617387637385,1.0412598061690415,0.0083704838055341,2.3446661708308012e-09,0.014764956986073455
2020-10-31,0.006158621554360469,2.253228497661496e-05,1.53963344732184e-05,0.18814158297627975,0.3979394286758501,1849467.329773,-0.006211200092640636,0.012005957287627851,0.01729550503227621,0.6485051962755107,0.008477028940651788,2.435560236586593e-09,0.014580162014012951
2020-11-01,0.0023014023744934954,4.993411570436023e-06,3.030413188882757e-07,0.8855681999932086,0.7143646448807732,2102483.02208,0.002722148287984852,0.011550354892138593,0.017136800383841907,0.6181524981467172,0.008737851543729329,2.4193838756126054e-09,0.014357055097998747
2020-11-02,0.015360158723925174,0,0.00023593447602417462,-1.0,0.8421436731668012,3286865.467062,-0.023585999005879113,0.01155795456170136,0.01716810019898555,0.5845374841175085,0.008741253759372092,2.71081202395002e-09,0.014365141227774688
2020-11-03,0.023673608931691303,0.0005284436722967535,3.199608755390071e-05,0.885817924258525,0.8446743205061098,1886737.8846790001,0.0023847388090180418,0.012382778574997295,0.01727568982361414,0.7383972196976957,0.009037681140202054,2.599421776150232e-09,0.015202742418369207
2020-11-04,0.01718211766902454,0.0002187193026617916,7.650586493041368e-05,0.48171176899056734,0.5801882843759176,3354781.4246199997,0.009092768715871714,0.012968285339759213,0.017017443914447327,0.8432983194485787,0.008925338995852928,2.6876440063877146e-09,0.015621929704500638
2020-11-05,0.019919241022335665,0.00037494011523048627,2.1836047675413695e-05,0.8899326637190532,0.6843785516939965,2858953.376625,0.036325477655298734,0.013006852851806519,0.01623916746764626,1.0323608587726392,0.008954902917825875,2.8567149447062985e-09,0.01567003262012775
2020-11-06,0.0387275582052458,0.0013725923621332986,0.00012723140240740268,0.8303381965062202,0.4887172784270839,7763395.893352,0.04598511324182344,0.01396403938492717,0.01634371778253679,1.526389195778274,0.010522685168362429,3.0748500335437016e-09,0.017333452899591137
2020-11-07,0.047566193040174946,0.00017369934502084905,0.0020888433753143386,-0.8464565168562952,0.4800367770417937,8154176.89767,-0.03428907347863219,0.016071636449087816,0.016294298740954918,1.9251717612687678,0.012523541176045988,3.0990774913841583e-09,0.020190791315593773
2020-11-08,0.01724906490787652,0.00025603749735058994,4.149274284554721e-05,0.7210855419725103,0.8484143520792318,2688183.9431,0.014147667098567497,0.016761843624826567,0.016115502703461567,1.8498042739365042,0.012146652804287015,3.3459580177799673e-09,0.020529851578713135
2020-11-09,0.045588761661247264,0.000773226978451548,0.0013051082113544601,-0.25591696445873,0.5787300924318559,3226300.024834,-0.01152643361869331,0.018458454778465902,0.016086014884401728,2.157581339237332,0.013555626781969197,3.501401271286587e-09,0.02270945466836277
2020-11-10,0.03804320041563349,0.0010671168779411034,0.0003801682199229529,0.47464639761161675,0.5682727553464524,5179570.510217,0.03201745426826578,0.01978630025746664,0.016152241995935335,2.3300842969489155,0.014058353047872368,3.78682457167546e-09,0.024077451458854666
2020-11-11,0.018287058667756925,5.786833058280252e-05,0.00027654818413518117,-0.6539146361739737,0.5900114280461914,3662919.449056,-0.0018119229454407735,0.020205886488052306,0.016100033150233495,2.0664027694052454,0.013865404677759537,3.6042426908609678e-09,0.02431815289203664
2020-11-12,0.004921469632307775,1.6921299290649958e-05,7.299564051077669e-06,0.3972498875791927,0.4360069630155464,1702549.252957,0.008310797608954387,0.019977968867945554,0.015896440645522272,1.558204888500526,0.014084211681827361,3.636029109759024e-09,0.0242495011395238
2020-11-13,0.010848931630448633,9.725191675360721e-05,2.0447400768541647e-05,0.6525485245113029,0.6698857143810024,2645397.836577,0.013581338133868897,0.019935221836127042,0.015841473955318375,1.4861724306266657,0.014111779132410249,3.845687734655105e-09,0.024229577230757523
2020-11-14,0.016189909978527237,5.314032191217537e-05,0.00020897286320064045,-0.594523855110125,0.7123441504479603,2487763.720293,-0.01501637083193051,0.020468805293252488,0.015876483678093866,1.12480729590386,0.013724750000526921,4.016756101895104e-09,0.024461619153992063
2020-11-15,0.020525175264142884,0.00012220198868336137,0.0002990808309404216,-0.41985771557220836,0.7087055829106068,2888270.826729,0.0,0.020682234938746043,0.015923789179708953,0.8951901457787487,0.01368728503361668,3.872847254536523e-09,0.024620633154135253
2020-11-16,0.06840705478202116,0.0031138510581101343,0.0015656740858403103,0.3308406140890732,0.5895908064795452,12114992.977834,0.04302497158881551,0.021970227822935767,0.016752341511108694,1.4385021525261548,0.01667650947204914,4.018901372760972e-09,0.02734142895719887
2020-11-17,0.019815200558141188,0.0003436158269523813,4.9026346206977496e-05,0.7502746798058316,0.8633581348403114,7977737.487782,0.016766859857067107,0.02260169494288749,0.01667737871745593,1.6011537869106922,0.01631064333035265,4.107169892282142e-09,0.027644262831224144
2020-11-18,0.032363785797168185,8.600228202676095e-06,0.001038814402922309,-0.9835781782168941,0.9852666000064988,8739287.411011,-0.01263030956360408,0.023151571711596722,0.016972859037338976,1.816507179557792,0.016441567913473332,3.769035373214592e-09,0.02816820551118586
2020-11-19,0.021744617822104424,0.000278832963554487,0.00019399544067489436,0.1794256058238746,0.5897128029119373,5599892.520863,0.0017161493829256965,0.023622436685556043,0.017181118220194913,1.8775428006977775,0.01624230116030721,3.730760755973384e-09,0.028447660171476083
2020-11-20,0.01662237816870313,0.0002651551943225235,1.1148261660854988e-05,0.9193042184638789,0.6520999681158655,6964886.745355,0.02807557987795012,0.02388073860987287,0.01727609475153607,1.8840708276854286,0.0160771280902493,3.887452177762652e-09,0.02857368433018328
2020-11-21,0.07758252932318971,0.0056648692116271215,0.00035417964455646927,0.882313749890032,0.7413177007819264,31959342.403124,0.1610836103936085,0.02728187707505521,0.018334826425269325,1.8760655011750436,0.019360226297033645,3.9675423827173516e-09,0.0331853986802816
2020-11-22,0.07664678043753008,0.0028996667129364715,0.0029750622385024722,-0.012833873050012537,0.2639267809258506,22335524.450911,-0.05214520413664542,0.030822133173295047,0.019233610255022383,2.387506433766917,0.021267387163335944,4.017061460104158e-09,0.037158679621515825
2020-11-23,0.09793747670655313,0.009279480141378985,0.0003122692022676521,0.9348879560797754,0.8411743339587459,17204919.834132,0.09845876282998067,0.03475438641056305,0.020072515124652423,2.8687010566827116,0.025482069080881867,3.947865096692132e-09,0.0427350262069741
2020-11-24,0.1303914868240308,0.013082055213515908,0.003919884622665487,0.538889719592622,0.33965870819025956,52907033.496414,0.1469607380473493,0.03983619011972207,0.02191090631035762,3.5787572055050343,0.032762836363103,4.0199493034176995e-09,0.05108043695950664
2020-11-25,0.08272896087275675,0.0018964799234776877,0.004947601043608428,-0.44580435778067107,0.5033635049898134,28263384.300752,-0.1375868336392703,0.04295746836751885,0.022884830838689935,3.9492357689907296,0.033608080709463806,4.122693742332826e-09,0.054046843720429304
2020-11-26,0.087774769483432,0.004627739855391202,0.0030766703024784235,0.201322297376451,0.6006611486882255,27073613.464549,-0.13464478609373381,0.04618868400852343,0.024066994644487905,3.8446685115983397,0.03453160617078984,3.754475596640962e-09,0.05717555323151021
2020-11-27,0.06494708827105412,0.0018370615863993623,0.0023810626884887337,-0.12896753785278253,0.44552047343046486,7469171.137264,0.007041204661105295,0.047437233059276204,0.024983352084277124,3.638806807421367,0.03472182991832369,3.5173031090957884e-09,0.058296541653638186
2020-11-28,0.04445150870892996,0.0016943372690402495,0.00028159935745982606,0.7149712660991404,0.6151897303671328,6539402.283124,0.03537539129398188,0.04728891475778835,0.025571075268812526,3.1610530152081924,0.03472790334303948,3.5746594178013755e-09,0.058179367988524314
2020-11-29,0.02805522477368894,0.0005393675953866236,0.0002477280417155859,0.37052619773722156,0.5670596247414285,3463836.115402,0.01403942334572721,0.047803493799017514,0.0257384588858937,2.3523325782673283,0.03433840928179838,3.517051522899241e-09,0.058379375617524695
2020-11-30,0.024459240744852888,0.00046736030329656717,0.0001308941545181044,0.5624131076390473,0.3066354648483543,6420175.655032,0.035371628152278504,0.046797326136332064,0.025816058151612777,1.8981404843227316,0.034714057895632595,3.6092801362174354e-09,0.05777258400517763
2020-12-01,0.04260090122439914,0.0002951902455332178,0.0015196465395977948,-0.6746922390468209,0.37372234812695104,7285052.449714,-0.06997484533313128,0.047014359508178054,0.026232922422057,1.534027588547826,0.03467081078036677,3.772317032719815e-09,0.0579238631647936
2020-12-02,0.027153145428595565,0.0002702935356550247,0.0004669997710114356,-0.2667950916925897,0.5065596475075613,3980273.6922500003,0.011664555764930737,0.04743655411583703,0.02643179597365836,1.2365571010016303,0.03435605419753367,3.888313463262671e-09,0.05808922906248745
2020-12-03,0.044316945182951775,0.0014469264957966167,0.0005170651345521361,0.47345484923444503,0.7281801492439691,5336228.951839,0.01827342329307181,0.04931252914205817,0.02686653427067147,1.2100426596301204,0.032965939864844446,3.818933611593148e-09,0.058878931457680854
2020-12-04,0.05495771785671609,0.0008225867831501278,0.0021977639688682826,-0.45530380363908557,0.5017022668011526,4319028.344529,-0.04054206486596593,0.05141294753378519,0.02740075418723705,1.3638977479211751,0.031776435246667775,4.021452626809774e-09,0.060041236383664306
2020-12-05,0.013335787715380345,0.00017706445814095627,7.787758487330877e-07,0.9912419963215668,0.5490788369106523,2679607.1863,0.03351600363466392,0.05127703694982582,0.02746860619828532,1.2901526292667949,0.031940301000074466,4.3296294242297545e-09,0.0600078095889499
2020-12-06,0.022213733123930473,0.0002954590682515165,0.00019799087104968937,0.19752398255404738,0.5845913039593604,1919014.114325,-0.002062160106238792,0.051357444466958564,0.027659304370099277,1.1342084920846667,0.031861041586005195,4.380800543589461e-09,0.0600364367794435
2020-12-07,0.01490086360094714,4.562741217048351e-05,0.00017640832388354785,-0.5890083913394889,0.7431642416495196,1438975.392329,-0.014854699768882158,0.04880953060119314,0.027822508498090703,1.0509602559227065,0.03256116039780603,4.703263718124696e-09,0.05824184355595293
2020-12-08,0.028805812621267846,1.1466224959048548e-05,0.0008183086158125454,-0.9723630450198121,0.5496053200486796,3501697.643574,-0.05034826360371984,0.04923765498515155,0.027970375355853175,0.934722449147148,0.03221817172587317,5.28786076549683e-09,0.05842027201332569
2020-12-09,0.037347107274270444,0.000859641726286113,0.0005351646954697513,0.2326323034904664,0.5268107950815416,3176526.591631,-0.008220090547347573,0.049474956007870705,0.028488643135447057,0.800448720286746,0.03210583039213094,5.34226682816518e-09,0.058561682424017526
2020-12-10,0.012226801354774604,4.584567135945034e-05,0.00010364900000966775,-0.38665812045898884,0.33646485144451493,1634447.012618,-0.01760890704765697,0.04902172665228356,0.028380312060628677,0.7926736189030471,0.03258053599828085,5.840702849038739e-09,0.058430076192912545
2020-12-11,0.034692063502557054,0.0007967272299298476,0.00040681204013560355,0.32397379918732494,0.6619868995936625,2907182.277914,-0.010050335853501338,0.04988218785865756,0.028687444105218653,0.8686327664334607,0.03191386823881467,5.813372071651448e-09,0.058806699365756165
2020-12-12,0.01696470786285218,0.00011078372619690983,0.00017701758667500875,-0.2301374507890979,0.5024706794078276,2388628.09662,0.026676818963817947,0.04699562493197482,0.028761153098219295,0.877374729554884,0.03202434553210054,6.105181261528547e-09,0.056438562531419226
2020-12-13,0.018229086116129712,0.00033192343292033063,3.7614770894240704e-07,0.997736092785732,0.435361401855364,3217500.368997,0.03305570683776966,0.044213829964289096,0.02886210600990758,0.800010339551917,0.03185670323474259,6.483233258860996e-09,0.054049848588864004
2020-12-14,0.01306086849192855,5.097333985977904e-05,0.00011961294590367293,-0.4023747028473018,0.29881264857634915,2181331.909351,-0.011104370734234465,0.04017208671597364,0.028828142562746014,0.6395264967233192,0.0300318315714748,6.453134594970914e-09,0.04972684707679517
2020-12-15,0.018432162740408136,4.996682054973126e-05,0.00028977780273915874,-0.7058565927193866,0.7390926918551002,2195315.964283,-0.005908896060374554,0.034840690331039224,0.02901988634191953,0.681298136950972,0.022107015576141375,6.4490334554331525e-09,0.04097952480103176
2020-12-16,0.037054463645845505,0.001373033276081286,0,1.0,0.5650452700024892,6334887.345785,0.06488925475898373,0.03266571427261488,0.02953048932663098,0.6842422649658281,0.019218059413659155,6.704992237200918e-09,0.03766690022279956
2020-12-17,0.09091411683623471,0.007296370384338307,0.000969006255774228,0.7655264126569712,0.8256780331822486,29957454.10379,0.08671910751509569,0.03281520700370072,0.030670247954676894,1.1178224541520239,0.01967495270377249,6.606014027050854e-09,0.03801983774327492
2020-12-18,0.02710883797541636,0.00053729764515918,0.0001975914512181961,0.4622550472112868,0.6101045640664874,12882877.233833,0.03634848396279451,0.031013385561051307,0.03080488600175156,1.1632259960050446,0.018267460634809565,6.6954785368275e-09,0.03577205222224619
2020-12-19,0.020179709531147363,0.0001243307108773891,0.0002828899658840907,-0.38936936176149534,0.45966029785953594,10044054.478287,0.016160413256009906,0.029857585600204514,0.031072712269026893,1.2013553186893704,0.018142125563078794,6.514496514251489e-09,0.03471223070734214
2020-12-20,0.11763850928952298,0.013838818867861183,0,1.0,0.8958744744587936,72395805.817818,0.16726953225637275,0.034123456291434706,0.0328962645717596,1.7204945520431925,0.026365532187205235,6.431512868244669e-09,0.042736981534917604
2020-12-21,0.13020012802884665,0.006136024615769641,0.010816048722958415,-0.27607384735039875,0.41172841914510017,91885962.574239,0.02909218864457893,0.03915873663829156,0.034804839184363175,2.14134001434554,0.0335467737112665,6.184234927061738e-09,0.05104118798342553
2020-12-22,0.06605334192439423,0.0015775957293589324,0.0027854482500220047,-0.276837117932158,0.34077034170529236,29287562.23919,-0.055079526095356705,0.04027551952876751,0.03569205976480407,1.9543786896156108,0.03405363456420046,5.816396001113051e-09,0.052216339114165886
2020-12-23,0.11288473181022163,8.835795032873956e-06,0.012734126880832787,-0.9986132275111176,0.4285517273330377,24571234.957638,-0.18652929193579149,0.04435797602313066,0.037333472209006666,2.306306696067303,0.037378406918403335,6.038337755009718e-09,0.057430345740523
2020-12-24,0.0880111926236054,0.007745970027029376,0,1.0,0.26813756932068944,18715860.688418,0.19725213738146818,0.046438654472685595,0.03857638416089644,2.576582906985051,0.03857304371719562,6.3771423222298136e-09,0.05977940210875187
2020-12-25,0.05049328056924425,0.0017291432162372352,0.000820428166407184,0.35641875180114807,0.6100455864538893,17227654.256493,-0.0030621196280266726,0.04622606222090122,0.039191410530271156,2.2320085313968154,0.03853602890752987,5.938613555689126e-09,0.05959160050939698
2020-12-26,0.041272905543916695,8.618670793830454e-05,0.001617266024098765,-0.898809393043459,0.9479982960116288,13973177.724547,-0.010127783617789137,0.04755640116511723,0.039767414469398514,1.7631696650474622,0.03781937879409268,5.3775181720476585e-09,0.06019806411012859
2020-12-27,0.06257873665941736,0.0021533732912352097,0.0017627249906534968,0.09975446795817033,0.542998077318805,18691269.214077998,0.007715237212405364,0.049478544190616605,0.04050607453210707,1.7167249202136265,0.037491292774228836,5.346002874023675e-09,0.06153690093769818
2020-12-28,0.031127595701448452,0.0003032656993396464,0.0006656615148131857,-0.374017583756686,0.6778902847373451,10710222.327888,0.012663924703866304,0.05025124571921191,0.04034366804778027,1.311450299805338,0.036905652393943396,4.910731720385951e-09,0.061825208757253114
2020-12-29,0.04629028479590283,0.0008985704768910454,0.001244219989594747,-0.16130812513393894,0.5329626744219377,10814294.452048,-0.024161069856466186,0.05108383963228977,0.0409743965201096,1.0960141776908083,0.03659355730044785,4.332442905753395e-09,0.06232881349330634
2020-12-30,0.027059293860559247,0.000692529582275018,3.9675801957081406e-05,0.8916265768826831,0.6978567417364153,9464873.506321,0.029114456533278103,0.05059394375544638,0.04107349049163793,0.9771456356038355,0.03685458570131553,4.355694942044544e-09,0.06207518474499364
2020-12-31,0.01926421747504696,0.00028065043776678096,9.045963715912381e-05,0.5124916122140589,0.5916871202472325,8319117.943345,0.008587429328647414,0.05092905880879267,0.041191074048877424,0.8681599943415622,0.03651873870565971,3.891820409508775e-09,0.06216012930794285
2021-01-01,0.10629344018492386,0.010633937284117817,0.0006643581422281668,0.8823967479768708,0.6341529291596818,23460125.460313,0.1938668208489808,0.05433864817461967,0.042700524881050035,1.0352940946637545,0.03822944477043656,4.120706245448154e-09,0.06591346106592168
2021-01-02,0.3745748297797107,0.12888561231585416,0.011420690788645053,0.8372034536447163,0.6808633154268604,909020979.933275,0.6184160456999551,0.07136770159923198,0.04854840120208734,2.2808407199707026,0.07883351053720561,3.6212800672813256e-09,0.10493870617675816
2021-01-03,0.28481213730229277,0.021012501426658992,0.06010545212804107,-0.48192723051156156,0.7046659017946749,676762352.617866,-0.06525331066882235,0.08406213260809689,0.053032698581893675,2.966365115494689,0.09045582960708386,3.136646593417443e-09,0.12189777667200974
2021-01-04,0.22109780231896906,0.01868279255741447,0.03020144563286345,-0.2356312280169645,0.47296142858008544,253660279.31706202,-0.008335923028511832,0.0939686532665274,0.05629837546435469,3.463118347172189,0.09362740391638952,2.895800151475037e-09,0.13106779035032956
2021-01-05,0.1132996535202927,0.01020239265373974,0.002634418834078633,0.5895524622171804,0.6410283982145222,94740845.877904,0.020610953904124547,0.09848615282747428,0.05772101109274519,3.707508201778073,0.09207637525563148,2.7779886438714273e-09,0.1333186561942416
2021-01-06,0.06371735007287829,0.003137281668859512,0.0009226190314502121,0.5454967500166559,0.5924406106330747,95398129.02656001,0.046338071745886306,0.09975581408590439,0.05845966557534604,3.547923585411827,0.09136803105563311,2.3133493635067947e-09,0.1337976463068719
2021-01-07,0.04542663185477843,0.0003738955005727333,0.0016896833810968374,-0.637624222757865,0.40759873285346526,50633857.364843,-0.0693136282025595,0.09758974337250172,0.05886454479490862,2.424529365592059,0.09212418176088896,2.240691094505317e-09,0.1326894361073096
2021-01-08,0.06986515891198035,0.0038122299408529653,0.0010689104889433016,0.5620242833341647,0.6543070581105163,45219640.528681,-0.0020481317963550144,0.09962575865519525,0.05935879242517426,1.6975860587767844,0.09095365285059288,2.108492808033241e-09,0.13343135686247973
2021-01-09,0.0343969679884945,0.0004594808675105493,0.000723670539290966,-0.22329320682178502,0.3710065860709256,50242413.630711004,0.04449631810708941,0.10030277096268796,0.059149757106893616,1.0813435696210727,0.09038385765411555,2.074048970300828e-09,0.13356974236909072
2021-01-10,0.10384154409222698,0.002186761709879557,0.008596304569578363,-0.5944081853516181,0.6013741002421293,52015339.310729,-0.03632046434495965,0.09964577261995958,0.060524240903470604,1.0258315508026379,0.09030165142383748,1.9972764934362665e-09,0.13302392284294606
2021-01-11,0.229007596284287,0.02010866161036788,0.032335817545539096,-0.23314476818088553,0.5790731513264573,66322227.675188,-0.11179359105211184,0.10435089015593293,0.06343565097685219,1.4714533447184457,0.0944520452486814,2.062467009292279e-09,0.1392317442656267
2021-01-12,0.07859987750853734,0.0016318827472066352,0.004546057997150437,-0.4717065719035275,0.48920606928047433,31968969.199271,-0.08697005552932356,0.10494834423136833,0.06407940775610463,1.5459951070651552,0.09423711941326016,2.1024578024632437e-09,0.13954175814688566
2021-01-13,0.07123979702962363,0.004607179909952743,0.00046792877086922896,0.8155985220031022,0.48103368078942044,21193161.204937,0.07315963013003787,0.1029652520989589,0.0649199274126422,1.5290874478254037,0.09449957345679225,1.905346912684886e-09,0.13822722728246428
2021-01-14,0.12450675472155115,0.014947694655068497,0.0005542373162240005,0.9284944202760824,0.9375037928967684,49897142.597267,0.08274480144565677,0.10470313600838488,0.0668181065410429,1.7506938095102778,0.09454638413514943,1.4824423337381592e-09,0.13955679088942044
2021-01-15,0.10853527217620972,0.00328588512463811,0.008494020181725815,-0.44212028209378607,0.7168664372390698,44669938.881464,-0.005428143816199905,0.10746704037062134,0.06836868337510259,1.7473794027878011,0.09372724507519294,1.4797648229406705e-09,0.14112277489479413
2021-01-16,0.013820134581288604,6.948978632201721e-05,0.00012150633352291192,-0.272343476103741,0.4542343684148869,21711887.217541,-0.013430231411242706,0.10615976556287714,0.06833106789260673,1.1344846074584607,0.0948810098360793,1.4747059695007159e-09,0.14086736971552005
2021-01-17,0.028232489539255667,0.00013473237100221914,0.0006623410945819615,-0.661932364280944,0.7858294458322514,22637381.905682,-0.013180300819663333,0.1045242299857266,0.06845340621443391,0.9914204776182193,0.09595970516559396,1.482775676451788e-09,0.14033919929697625
2021-01-18,0.015371137230458605,0.0002133720207006194,2.2899839056971233e-05,0.806156864550303,0.5618311454094851,17191208.909995,0.008846232537122745,0.10377392243948896,0.067611566253298,0.8327564117672647,0.0966216037289878,1.4509739676779211e-09,0.14021484411112514
2021-01-19,0.035320943121958916,0.0004875610757741837,0.0007600079472504729,-0.21838220286662616,0.36985457613025874,24904262.297903,-0.016224868087115665,0.10325157283596784,0.06785768915113638,0.574496974917725,0.09697690397529296,1.3756078048786466e-09,0.14006274635520094
2021-01-20,0.06501913991037157,0.002049266294990216,0.0021782222596942575,-0.030504154662026373,0.5132945463325579,19136029.462089,0.0016551727916684252,0.10505918455262557,0.06837602810531421,0.4516420440682899,0.09583272848618193,1.2332478848309843e-09,0.14065566100337795
2021-01-21,0.08478073579445289,0.0011148093086122922,0.006072963853236533,-0.6898039814251614,0.40030981673211685,19075129.597807,-0.10819155602506068,0.10817901875831155,0.0693766014064626,0.6535179903043451,0.09394793116812901,1.4541818091688812e-09,0.14180485878994542
2021-01-22,0.038321538901517384,0.0013294608892577963,0.00013907945452271397,0.8105881733358753,0.6524501815208594,19755979.054788,0.04452112050314163,0.1049422615543398,0.06972103252920568,0.6921698496935614,0.09517898375157967,1.1679855260831488e-09,0.14014469094859108
2021-01-23,0.04557966135523406,0.0007457891014035687,0.001331716427854248,-0.28203406354350374,0.5802684662109707,13323707.053632,0.00877352530754489,0.08927582496269808,0.06921305049796829,0.7960317757442769,0.07309199459215092,1.1669464702485043e-09,0.11427252822536565
2021-01-24,0.04358475641842192,0.0010908764183566243,0.0008087545736965463,0.14851402500816926,0.38676742728964186,14922214.09151,0.01582841664903521,0.0777888068253709,0.06868825646591895,0.8284809746791203,0.05827994272093,1.21286592717022e-09,0.0963634247658583
2021-01-25,0.02990737609803294,2.126086995750985e-07,0.0008942385363696169,-0.9995246052269101,0.4120943988435304,15395659.113946,-0.04298840737321782,0.06868450081485013,0.06760841359911704,0.7341509815358958,0.04896199625404027,1.3442649529692055e-09,0.08367007635989993
2021-01-26,0.030344642031150896,0.0003932890315634295,0.0005275082684352601,-0.14576415121115324,0.5137168659005047,11139475.448659,-0.01446854272727069,0.06473426217251003,0.06602036844367451,0.5741467707655266,0.048526942193114195,1.3957555372928634e-09,0.08020755844078818
2021-01-27,0.05112044845511024,2.195872430791432e-06,0.0026111043778207915,-0.9983194641101188,0.5045802398279119,17499197.098183,-0.1039031435271566,0.06413440971452108,0.06551864602434679,0.6122482625939053,0.048617912287341254,1.6553679828211838e-09,0.07977698098646875
2021-01-28,0.7398031625276775,0.5473087192859533,0,1.0,0.47415901471216165,3118898156.708398,1.5891085750990415,0.09719995879418294,0.07586830305679514,2.3129142792579747,0.1549987692248714,1.6144437459528845e-09,0.17980105950822783
2021-01-29,0.4949889641820241,0.009322229732383934,0.2356918449296092,-0.9239045369516479,0.8871803859882625,6087730361.178434,0.2324329080603336,0.11744394952132789,0.08269436457919148,3.15952931618179,0.17739434438216617,1.6141050594274438e-09,0.20919685138736172
2021-01-30,0.28880693938271046,0.017433119683765826,0.06597632855184277,-0.581986931875581,0.779470508937137,1999784448.62402,-0.49402940516676186,0.1295587100639096,0.08657302220893402,3.594107795118563,0.18010572251388945,1.5836959524581754e-09,0.21835489592545163
2021-01-31,0.36530456570770403,0.1252066677837345,0.008240757943159756,0.8764943137977825,0.9359250637376145,1447946010.292546,0.2759576608089033,0.14200933014083708,0.09192618635074379,4.086314090657546,0.18713909061528447,1.5595207673033932e-09,0.2313439442654643
2021-02-01,0.10215663015367266,0.0022882065309279146,0.008147770553426349,-0.561477279524038,0.47773402830903317,876013760.296476,-0.0567213376493356,0.13596880794414115,0.09315947824612188,4.151663286152209,0.1862356139456185,1.4823367978442264e-09,0.226979328767516
2021-02-02,0.08950311100213303,0.001209848813750308,0.0068009580653098384,-0.6979458294238018,0.8361225856906723,368152255.670911,-0.10524251271399426,0.13648800953907428,0.09390395776640337,2.7790072874767646,0.18608281541705976,1.3664041560784392e-09,0.22717151015807394
2021-02-03,0.13950554559641104,0.018483649505753215,0.0009781477463991087,0.8994802243877109,0.8759796267175457,429107676.919648,0.17487610964840894,0.13973875947082606,0.09568732919763855,1.9986373401032287,0.18548128548205003,1.2214277182458634e-09,0.22867438736259574
2021-02-04,0.3351493860277146,0.0926168778213108,0.01970823313344326,0.6490858906628282,0.715962613019099,2583071107.453231,0.34556961013795073,0.14976936096159574,0.10030371714755541,1.9875055895821057,0.19025069934070538,1.1488312919787614e-09,0.23854266496016913
2021-02-05,0.023521255342584247,0.0005312157817066554,2.2033671184392648e-05,0.9203481501183454,0.9601740750591727,751309780.722023,-0.11962725427091447,0.14572107444570884,0.09980472567907712,1.3271930220274328,0.19206779336850943,1.1506269221532511e-09,0.23741946075798068
2021-02-06,0.11166582699313157,0.01246925691805999,0,1.0,0.4719510025741929,878181604.71627,0.20843402089131421,0.15038039313198706,0.10136551995332714,1.3278479364088438,0.18988243108143013,1.1324736584518625e-09,0.23864760512571587
2021-02-07,0.17129327123819466,0.029158970398874003,0.00018241437260772104,0.9875660692889302,0.4824699803372323,2663381745.746014,0.30155893669366046,0.157192811308127,0.10373186182815675,1.452362210108211,0.18783628522158977,1.1101397528227307e-09,0.24147863746420314
2021-02-08,0.12403326753252795,0.014933545773793681,0.0004507056810019744,0.9414068754237012,0.4235906020269823,2136033168.372039,0.01303779513214493,0.16236719846536843,0.10546412220802309,1.3993530347278667,0.18521248730723158,1.08592665236431e-09,0.24296762070950223
2021-02-09,0.10998943252606887,0.0001275126523979538,0.011970162615008701,-0.9789194783990449,0.7383111274314135,1250812955.478011,-0.11896965265602077,0.1659228408179451,0.1067527510954009,0.976642519490752,0.18335900496230195,1.0594325692809737e-09,0.24402855660590114
2021-02-10,0.0863809657526336,0.00557622544815926,0.001885445796198398,0.49463176962557065,0.5236261239088191,1043057988.4744,0.03432172722978259,0.16694007061995755,0.10753106630934316,1.07894698649394,0.1828297182026896,1.0568806553556381e-09,0.24434390751288998
2021-02-11,0.036735818954874634,0.00014945038409860194,0.0012000700101867244,-0.7785133374323739,0.35897818800797654,436430616.197035,-0.040480781260092726,0.1646522174371205,0.10792009833474157,0.9423565708693094,0.18420466719091053,7.912087232006696e-10,0.2437743487369356
2021-02-12,0.06344719710430942,0.003919868806262372,0.00010567801413071855,0.9474963184651772,0.6076848599569156,487344613.771201,0.002692100030681904,0.16584867735153916,0.10837652902683288,0.7444597681397492,0.1834230277605184,6.841597851556138e-10,0.24402396463316697
2021-02-13,0.03896492969262794,0.0002706201561311545,0.0012476455898202841,-0.6435141122655477,0.2512252941213692,262484823.758558,-0.052275891949878875,0.1655336901295103,0.10872573889714679,0.5920912447029704,0.18364543390893465,6.622868308988574e-10,0.24396939326361697
2021-02-14,0.08752742674136975,0.002347193190263302,0.005313857241702546,-0.38723985408851946,0.6568036602422022,565821919.357306,-0.05660280140917991,0.16762619824012687,0.10982571255786489,0.5483820445720979,0.18243278107462943,6.165395927596009e-10,0.24453101675672945
2021-02-15,0.10685838874639085,0.007096677339813299,0.004322037905661491,0.242990509396527,0.5305460983536116,722909754.747756,-0.10410156137962362,0.17129053217576296,0.11131456208571348,0.5828957560096948,0.18028847310683865,4.904329950070103e-10,0.24555360634580903
2021-02-16,0.07795244680991156,0.0005733677458055642,0.005503216217846526,-0.8112861603706158,0.67551655356845,365936735.225089,-0.053107251538277445,0.17355757049856108,0.11225932849951514,0.6501135549402635,0.17872003192383246,4.354936483575874e-10,0.2460530171326552
2021-02-17,0.04856721865641185,1.6680763317059605e-07,0.0023586079203865486,-0.9998585641679223,0.593999983963226,284474001.281136,-0.07899377853391588,0.1734359881271945,0.11244207064254,0.6217483322980619,0.1788083366329324,1.659740647196928e-10,0.24602838652708203
2021-02-18,0.14724326904725368,0.020527953848216225,0.0011526264315057078,0.893671994325376,0.9463186217424626,716000516.862115,0.17226992925904122,0.1452188503424124,0.11333618416969903,0.8053880433794773,0.12301267477846792,1.5316885895086802e-10,0.18841458435023065
2021-02-19,0.05420837445247617,0.0003826572276547283,0.0025558906331251425,-0.739560323136494,0.7975767692055877,311776289.04704,-0.06383615458665728,0.12422929845052917,0.11376633554235076,0.7563065855343281,0.09469275322017437,1.6110073120757165e-10,0.15483103551199665
2021-02-20,0.04878590707576973,0.0006281332086933294,0.001751931520512309,-0.4721713229177823,0.4650802596758105,428385094.087772,-0.018642204638839345,0.112799725483532,0.11422040217004319,0.6569443412197615,0.08808998744275476,1.514091155110288e-10,0.14182421332756862
2021-02-21,0.03034183245952068,0.000457297478046176,0.00046332931895544686,-0.0065518850080356975,0.4336001167020966,296092279.062476,0.034644218795297416,0.0968491191383804,0.11283474063305902,0.5808938890908102,0.0681522812678639,1.4790526798214145e-10,0.11748747821338743
2021-02-22,0.08203055191835346,0.0013431839081602967,0.005385827539869386,-0.6007782365852288,0.5307450634414197,436078635.494503,-0.04434560765181094,0.09589073446050805,0.11207014418686072,0.640514985182764,0.06821539436833568,1.4966442989417748e-10,0.11673382270697243
2021-02-23,0.17781100951115708,0.009829264529335054,0.021787490574041734,-0.378224330915904,0.5608667359911388,303359536.733159,-0.11768981729229826,0.10009587248474731,0.11384407541839663,0.6817334116103041,0.07048602109837748,1.5452576705472573e-10,0.12145319319132528
2021-02-24,0.12087339316294805,0.01225071289290047,0.002359664281824147,0.6769879033778438,0.43767240238186295,541928941.113274,0.17380877578368054,0.09920862713077289,0.1139708795668526,0.7882580655175057,0.07008125111101472,1.5039186783286723e-10,0.12049837398356189
2021-02-25,0.0656764981150538,0,0.004313402404656665,-1.0,0.5614435167311983,255428776.518794,-0.12900271903267563,0.08637658484921759,0.11361636060639942,0.8168502927123698,0.04484758054886352,1.6807097903974866e-10,0.09683203725947609
2021-02-26,0.05779368279706295,0.0009011415780578137,0.002438968193189716,-0.46041199854264814,0.6207131483557642,175892509.36542,0.010886794264620536,0.08800860520419278,0.11373224000684097,0.8606103718886983,0.04303275854790832,1.6343620036737845e-10,0.0975148761678341
2021-02-27,0.0205828071550139,0.00011442105259673337,0.00030923089778375795,-0.45983464731381857,0.3081983986751956,114484144.46987501,-0.006543445616798513,0.0836713185452348,0.11340382574669966,0.758496803142493,0.045070992388590504,1.548556586977339e-10,0.09452804259833084
2021-02-28,0.09861968747180938,0.005215959491337009,0.004509883265700348,0.07259794788742224,0.4702563940722477,124145328.164719,-0.03924386757611639,0.08021067169921645,0.11397590433102335,0.6165276803302294,0.040572303748515046,1.64517003610332e-10,0.08945097768170338
2021-03-01,0.05701655714041636,0.0026207056431877783,0.0006301821449585857,0.612301508986927,0.4838466248232813,133204545.016582,0.04994962928481864,0.07701939977578255,0.11438684022687998,0.5055374708900295,0.03957645457058849,1.820827502692807e-10,0.08616088547590026
2021-03-02,0.037765386161328414,0.00035882492326061156,0.0010673994686536442,-0.4968184175016072,0.4617114146564702,97645582.473921,-0.007695244336172862,0.07358015947269968,0.11425152437553752,0.46291432255200393,0.039706028384702836,1.813062763247846e-10,0.08315968890386014
2021-03-03,0.02831574660153276,0.00045421228347223414,0.00034756922212997993,0.13300763437060717,0.46924153996636286,90175011.14302,0.003974173139277357,0.07081514903693298,0.11427146806983869,0.43403720481573527,0.04077734008979971,1.8183803207080052e-10,0.08123051305992962
2021-03-04,0.03701953826561184,0.0006756375239971375,0.0006948086894019622,-0.013988995129750204,0.4629071327350556,89877033.20722699,-0.008563401197296767,0.07082865948030141,0.11455329855857782,0.4812831510047529,0.04076552957547271,1.8195826359835764e-10,0.08123664640761732
2021-03-05,0.021569189224393413,0.0003404082851171294,0.00012482163868055953,0.46339806493255675,0.6686560517252592,84446200.255058,-0.009424458627997128,0.06883446862887684,0.11320846917825195,0.34874592005476523,0.042145619413095164,1.8700964899884033e-10,0.08018636928879101
2021-03-06,0.04355870572522941,0.001462759829354292,0.0004346010151028411,0.541888917574677,0.48519343026166917,151468602.06548202,0.027994740338068338,0.06905321986852453,0.10795424498691097,0.3265565976796484,0.04199448455104837,1.8632699658165918e-10,0.08029885408439064
2021-03-07,0.018394153269711618,0.00031096632517580667,2.7378549333835942e-05,0.8381618792156068,0.8453995301873369,73649430.148238,0.021494929801940645,0.065761159227017,0.10372538809750492,0.291088300838013,0.043167226245516666,1.9546119856101997e-10,0.07809741162564536
2021-03-08,0.095991005231718,0.009174602301133837,3.9670784261873405e-05,0.9913892753352949,0.8666229712845844,390142653.199995,0.19155935064302645,0.06524366477393734,0.10173956592151681,0.4199658183769904,0.04271265968026574,2.1198475519986295e-10,0.07742242741241871
2021-03-09,0.02608168178387528,0.00020128950995345574,0.0004789646147218758,-0.4081931953017522,0.4974185338096936,197699354.946717,-0.08311818500567036,0.06277362834412609,0.10035515367173241,0.4015936877860872,0.043434692948646186,2.2509429461624323e-10,0.07574473037024372
2021-03-10,0.026497103767550257,0.0005617834889527939,0.0001403130191155321,0.6003027575181238,0.7987870218274002,128241033.63055201,-0.03619081566310523,0.06172267049227553,0.09976435611133037,0.41174899031910944,0.044058154993979,2.2530980307496292e-10,0.07522216920440156
2021-03-11,0.023170595230120515,0.0002351519932849595,0.0003017244900331241,-0.12399965134759378,0.5182134089473037,98449847.574981,0.002071503294419154,0.05581444792955491,0.09941108568871675,0.3768277165651818,0.040163329785031024,2.1485460867007674e-10,0.06820213854338898
2021-03-12,0.026895804249608052,7.803649273797893e-05,0.0006453477934952555,-0.784246093748245,0.6339816233244754,90907640.162885,-0.01227824216960559,0.054513849348465954,0.09872903244010768,0.4072720681232537,0.04065713158761044,2.1153617769074923e-10,0.06742438521893476
2021-03-13,0.07117500453286633,0.005065881270253543,0,1.0,0.6953391153170706,211896317.954252,0.1262983175014569,0.05557999684642293,0.09931281079795483,0.3568434879189542,0.04079274547502861,2.3784669601799626e-10,0.0683662471393267
2021-03-14,0.059381688265388595,0.0001756506367985187,0.0033505342644492707,-0.9003735528806999,0.6968878386776269,275728162.962155,-0.07696995525054623,0.056962847122892825,0.09860709880070344,0.42607096587012383,0.040384583575421636,2.455679716134404e-10,0.06926772656407736
2021-03-15,0.05882754536828158,0.0004913830982081024,0.0029692969958491256,-0.7160193459939169,0.8205169785937572,146618592.54807702,-0.01888158273912001,0.05585794204907989,0.09590582815124303,0.49818772079256685,0.0399798336460855,2.468579005169825e-10,0.06813503589913303
2021-03-16,0.024539579496152344,0.0005686544846130122,3.3536477234968366e-05,0.8886184637110697,0.4778383494177203,104895859.546104,0.029670950110754483,0.04855930252455585,0.09504772818279247,0.5084404042626736,0.029118171491246,2.4185343039735464e-10,0.05626276841959237
2021-03-17,0.03243249322280594,0.0007233146734676664,0.00032855194317968654,0.3752973276651933,0.6876486638325966,66114243.263247,-0.013292874483529069,0.0443478310988348,0.09443173923347792,0.5184322704795309,0.024099417182067564,2.3615517885645224e-10,0.05019816481036174
2021-03-18,0.02191068955382254,7.576635443257305e-05,0.0004043119622914151,-0.6843583565715031,0.7364943145581455,82914281.21756,-0.009980157341453896,0.0422637449768714,0.09280323026256158,0.41522076354981025,0.024055082352893605,2.17837244236705e-10,0.048345801348676914
2021-03-19,0.018988788789077657,0.0002680322500765653,9.254184959963604e-05,0.486697188274258,0.4795810254601907,104619691.65102,0.015673516578841716,0.04041589288125306,0.09138185751038488,0.3299140612718589,0.024291746182830976,2.2202389299618015e-10,0.04685545706765141
2021-03-20,0.015325205328157614,0.0001446397238548437,9.022219449534682e-05,0.2317000974093965,0.3697308804297,105486325.370465,0.010536822576516815,0.040165530889497994,0.09140574752223994,0.23916333937474257,0.024532278390947654,2.2405875639357414e-10,0.046759425311837105
2021-03-21,0.020027324855450532,6.22983026904662e-05,0.00033879543817528054,-0.689357891469473,0.6194087977755199,73785063.528457,-0.023700923204510158,0.03642303743157614,0.09127550681297321,0.23146335871998616,0.02089399576266489,2.2430177606950998e-10,0.041742163193305266
2021-03-22,0.03265683760427605,2.8469222752240638e-05,0.0010379998195598175,-0.9466103156815118,0.5362418635461064,78488931.184226,-0.047443381318532665,0.03526305078699804,0.09154988300938299,0.23410677071595248,0.02036297551491228,2.3522916148884084e-10,0.040477008878852506
2021-03-23,0.034510264724233124,0.00018717674313384577,0.0010037816282028032,-0.6856703850634652,0.4718492840433028,86095705.967145,-0.027468270559364454,0.035108045004279206,0.09153701509830799,0.2613688317491331,0.02035536278023903,2.4666894880032746e-10,0.040338382515188634
2021-03-24,0.06262475394465965,0.0011656889235353166,0.002756170883093848,-0.4055427878554256,0.36317778464321865,113099932.27896899,-0.03658108098953616,0.03674180725871382,0.09149900897186812,0.35414924610869214,0.02114449936796347,2.599722138070106e-10,0.042139770539639104
2021-03-25,0.042208950358044846,0.0010738954608610861,0.0007077000294668082,0.20554353296374886,0.5665961761979775,89315912.706158,-0.0037349042580213203,0.036988922120258255,0.09082326634589338,0.41190223951516347,0.0211782048445351,2.5742639011835575e-10,0.042371438471334025
2021-03-26,0.02670989146383611,0.0006839020012792766,2.9516300730628544e-05,0.9172538729453041,0.6704454212673048,48077386.78192,0.05095022248723181,0.03723371746499362,0.0906389544818032,0.4264801669458755,0.021020179705964415,3.025764518193756e-10,0.04251067268734554
2021-03-27,0.011923457882861917,0.00011540812078260991,2.6760727101772093e-05,0.6235359925891064,0.4811855171970016,63742836.782524,0.009313715971087311,0.03572727709154755,0.09010472902986079,0.38324409773470947,0.021667840509000683,3.007332068173886e-10,0.04151598151393337
2021-03-28,0.018482206307564485,4.419688704327459e-05,0.0002973950629521019,-0.7412299262680353,0.6286363825667312,42377280.960546,-0.013771394292775265,0.035731470093350065,0.08970627585349797,0.3507848382224359,0.02166432685566847,3.023101829036899e-10,0.04151784367844066
2021-03-29,0.010997879561351273,9.013167919650323e-05,3.082167564948483e-05,0.4903543487697289,0.5942924566666129,50939339.290913,0.008617787333116224,0.031684178394761175,0.08940612511482049,0.2751571874706169,0.01735426189115277,2.869853838620499e-10,0.0359265378020644
2021-03-30,0.01962765365582948,0.000163131099877619,0.00022211368815557735,-0.1531041823539891,0.5342279788041294,80859712.059285,-0.001551590691418833,0.03137684372199709,0.08923601418822809,0.2428283379880913,0.017514845688182762,2.6787878770543975e-10,0.035730491947264555
2021-03-31,0.01677195033067806,0.0001634293186905404,0.00011786899920419145,0.16196442206738917,0.4305743220122188,70200828.499584,-0.005429911136832727,0.03091374117738413,0.08869079993228472,0.2297381511914695,0.017776928440063105,2.581234983081098e-10,0.03544897806337514
2021-04-01,0.24147549196239793,0.04590083898735172,0.012409574231130387,0.5743616432751658,0.7264362721510946,1253014151.6479728,0.1437731300525664,0.04130921245034972,0.08078083690743901,0.9360852341197066,0.049156533643567674,2.625854326395869e-10,0.06330679933980413
2021-04-02,0.03748713166803115,0.0001835476604106302,0.0012217373802856737,-0.7387751878157269,0.6490009784551172,183305889.66492802,-0.07317896562282777,0.041813561375036536,0.07351890305801055,1.0105533076748006,0.04905548707228117,2.751642390718858e-10,0.0635627430744494
2021-04-03,0.03681298337452375,2.974260328217164e-07,0.0013548983189001402,-0.9995610581955652,0.865269139434385,123132778.624182,-0.03878876325275286,0.04017727465321069,0.06951899899438854,1.1055187325872324,0.04859809747050142,2.6178221317271273e-10,0.062157244118597424
2021-04-04,0.010517284685062809,0.00010019762200624216,1.0415655140414564e-05,0.8116744136130248,0.6590840067278289,84780240.06732,0.033573324068793195,0.03785039829224281,0.06388745485117202,1.1145270741910964,0.04880200079514482,2.673466191726937e-10,0.06083483154085803
2021-04-05,0.04919808742311041,0.0017949849239116869,0.0006254668821803277,0.4831817096245459,0.4027444401677156,173429655.346187,0.04444495405762003,0.03739185267580608,0.063046843061798,1.3222316192468975,0.048640014101364086,2.7341759585478736e-10,0.06042633571734496
2021-04-06,0.057425029722896835,0.00276365793325951,0.0005339761054160748,0.6761459281694377,0.3729360857816234,332834261.38774097,0.07017943353531246,0.038957826496127244,0.06253766716847681,0.6674865062727229,0.048734827863761356,2.699886897510506e-10,0.06147923617332249
2021-04-07,0.08154670485572273,0.00015470962954669068,0.006495155443279662,-0.953469844018674,0.686577357700637,316018061.665039,-0.09107079242321477,0.0412965984786471,0.061617685569418254,0.8283560600391924,0.049577229945661,2.741374075820498e-10,0.06361028089476815
2021-04-08,0.02814530231040004,0.0005528858618616516,0.00023927218028215808,0.39589786998912974,0.39062391436573357,112451126.384309,0.05049410373805332,0.04159348480038888,0.05674460487549263,0.8328124246767352,0.049473895508901196,2.8978809243476954e-10,0.063726986236735
2021-04-09,0.034115069609435625,0.0008032128142710564,0.0003606251601855816,0.3802828776850197,0.6754386267369836,169318509.74996,-0.0029292549732247712,0.04231378388707259,0.05691276065750614,0.9454621367376772,0.04923788465310941,2.8347790448902113e-10,0.06402639639649294
2021-04-10,0.03198152035766925,0.0008205797528129619,0.00020223789157505057,0.6045475111136619,0.4576659954298647,196669406.628926,0.03324767962216592,0.04310694174562076,0.05564793039345118,0.9026157824871295,0.04891449013948134,2.867715044931618e-10,0.06431874638673192
2021-04-11,0.13736663483980807,0.016794761008827798,0.0020748313583853735,0.7800873152945802,0.8266416534498877,1230172057.725391,0.1553765923683212,0.048694527935352075,0.055109412355381554,1.1924085443280874,0.05270157703074003,2.774900298547017e-10,0.07082622009045163
2021-04-12,0.03909981990915754,0.0002203928332641947,0.0013084030836643576,-0.7116778886916734,0.6541651278484084,322202553.320709,-0.05159620604875286,0.049001336616536904,0.05376126239310583,1.0300099089515224,0.0526222379696023,2.5633176395430824e-10,0.07098146953789433
2021-04-13,0.134273299744956,0.01800863471993892,2.0684304459877493e-05,0.9977054813404893,0.5210271890686063,1354160243.203189,0.2913898270254683,0.05375195733180942,0.05414672060292944,1.402321145740239,0.055663892591601837,2.5138594283538407e-10,0.07642117321478313
2021-04-14,0.23832786311076232,0.03315507886759834,0.023645091467343927,0.16742885354349135,0.3654315894703354,5750949447.761896,0.2504790808357515,0.06211877205400479,0.056558576116550525,2.0363619791038428,0.06873457713657266,2.3805804015123137e-10,0.09142324924539935
2021-04-15,0.2575070724346024,0.06309913808372672,0.0032107542701128398,0.9031591168032735,0.7921072685857822,4565072775.667006,0.40042153249222384,0.07237106358145991,0.06006288172733986,2.6930542698880533,0.08064171677726127,2.4024362955938387e-10,0.10691579183500452
2021-04-16,0.31358101042544245,0.0873601530831708,0.010972897016270647,0.7768217907372127,0.44352250237414026,20377998780.374283,0.6991025685606921,0.08603159305582213,0.06403325971656419,3.1029363916911064,0.09545685259243669,1.9141278798443367e-10,0.12680512780965053
2021-04-17,0.25605693914564753,0.034752964404447896,0.03081219168018995,0.06010467997926852,0.5300523399896342,8672532454.70059,-0.2567194464192219,0.09765699692547856,0.06747916462851689,3.618371499610298,0.10070220117590523,1.8586457447433401e-10,0.13854573534912257
2021-04-18,0.12261556278383176,0.014428690225046217,0.0006058860117495697,0.9194009858067409,0.36762969938947726,6762260375.867345,0.1328587098221579,0.10261572818625322,0.06803611916887342,3.5177454003309525,0.09916062213492732,1.713253326870036e-10,0.1410481715650656
2021-04-19,0.15169185142411254,0.017395096360637588,0.0056153214278374455,0.5119322491702061,0.38416816578589735,9610968278.746075,0.23684662965662315,0.10931544113209898,0.06874776143359916,3.257653924000887,0.0973983075069653,1.6444275754147477e-10,0.1448604887424023
2021-04-20,0.14454915942085142,0.00040366988155280184,0.020490789607721917,-0.9613610601642978,0.4104419888353397,9674298082.762375,-0.2536538289368857,0.11526408426376669,0.06980485210996329,2.859891498797416,0.09544186930514915,1.6477755172076614e-10,0.14819308509567966
2021-04-21,0.08083200343719699,0.002538771297682549,0.003995041481988476,-0.2228821414713462,0.472998556835304,4133646016.61698,-0.036869530221538875,0.11831456298312473,0.07031699155092815,2.1697429894062217,0.09313228823663011,1.6151903382842196e-10,0.14919426682707837
2021-04-22,0.1432359069766413,0.010894139640900398,0.00962238540652064,0.061986824349653614,0.518703486734168,4498168779.233939,-0.1593233631397717,0.11363648750761253,0.07025338262917237,1.7972895906210362,0.08901273757445456,1.5774178529300157e-10,0.14303573082814916
2021-04-23,0.14296967356561913,0.019304708298219446,0.0011356192612402487,0.8888844361288438,0.8558338260019265,5482138734.807901,-0.04282857728178187,0.11865946569321195,0.0716622921389048,1.8282352744299335,0.08746348492730882,1.3910343436385343e-10,0.14616993839252423
2021-04-24,0.13348753906442437,0.01554007062106823,0.0022788524644079943,0.7442210785156335,0.7554180955775902,3552876481.119627,0.07776808890274227,0.1232630159641596,0.07300676248793107,1.7963461404104382,0.08546145412626394,1.2514500717195802e-10,0.14882754417744948
2021-04-25,0.06224509791228555,9.230929922670335e-05,0.003782142914883312,-0.9523497546876276,0.5999697371040876,2305520047.387858,-0.07147171913929182,0.1257262451654559,0.07351316352686385,1.588768610656742,0.08275184945642505,1.0776387110929283e-10,0.14942847229179707
2021-04-26,0.019388133753882618,0.0003341163385528885,4.178339190555405e-05,0.7776886306643765,0.4440436658861868,1557431345.517375,0.07853442700176969,0.12430672356215935,0.0725188394290151,1.4308871955356537,0.08437010457119656,9.796171992235558e-11,0.1491023430694875
2021-04-27,0.04137499095013256,0.0012231875730439113,0.00048870230307964,0.4290493683083513,0.5628020553549479,971353069.813687,0.0022150762752012414,0.12354243600155154,0.07035318834074487,1.1446254392520159,0.08507600583164898,8.802964412567145e-11,0.1488489068889085
2021-04-28,0.1428688248432143,0.018406609543996106,0.0020048915680849445,0.8035527561568413,0.4228652072621521,4944430240.100573,0.17136059217496769,0.12646253695333684,0.07070232217693957,1.1118700936664307,0.08461363260597575,7.59570279095301e-11,0.15103414542378232
2021-04-29,0.04805004491655878,0.0002833189934354167,0.0020254878230478997,-0.7545754011009401,0.5559590840961812,1415468892.97694,-0.05824151911538124,0.12741038183934442,0.0704225372055349,0.8843797958297737,0.08356216551965304,5.6533927811609806e-11,0.15127304602637862
2021-04-30,0.051236596060177796,0.002622680256640167,2.5085191936595564e-06,0.9980888847181189,0.5937611030978845,1421155780.572201,0.10135052043907807,0.12822569262271308,0.07031845646367958,0.8545267146592761,0.08268530132901161,5.910608475203529e-11,0.15150287979935492
2021-05-01,0.07305544765333134,0.005327245582073191,9.852849755445052e-06,0.9963077878808883,0.7767685970642207,2779728711.355317,0.1467701778256942,0.1301815939225065,0.07115135551920843,0.997644532811385,0.0807581759961807,5.357020559601095e-11,0.15217938273549692
2021-05-02,0.042095185419926434,0.0005728386512166451,0.0011991659843213422,-0.35345693828534586,0.6750493448772669,2217560388.178645,-0.0436124507757739,0.12564485823584548,0.07025414120092457,0.996458209053326,0.08297982555115398,4.8492210154323056e-11,0.14948041238032284
2021-05-03,0.0892723594174684,0.007890919383817908,7.863477214375291e-05,0.9802662054602064,0.46465244682753265,3040257077.307983,0.1648682999811685,0.1280340267838603,0.07076613806246508,0.8368258704933922,0.08106357792743811,4.344899472419616e-11,0.15050281212880595
2021-05-04,0.16700515554731893,0.02469778828709055,0.003192933692293643,0.7710397246328908,0.417983236917353,14069837385.905642,0.19871718290301776,0.1295926865839728,0.07281756297335382,1.126955224391857,0.0815030293455861,3.387482471115178e-11,0.152054881788066
2021-05-05,0.1532431138979698,0.008916012861185353,0.014567439095960791,-0.24065568576069918,0.6203278428803495,13668906630.549911,0.19522102706853456,0.12554103185955412,0.07480053705742425,1.3656538000148664,0.07786082003223702,3.2480907427410356e-11,0.14674527820901107
2021-05-06,0.04879380781489517,3.049648889989027e-05,0.002350339192177034,-0.9743816936697658,0.4808445781301761,5691607071.733271,-0.11828501633293567,0.11560230497290139,0.07498743022487318,1.2939714931749848,0.07336446766680613,2.9293678675455707e-11,0.1359777036234212
2021-05-07,0.14815425531711085,0.020046420031473892,0.001903263337093779,0.8265794266700645,0.44999805147540106,8640365197.426977,0.17278540761762606,0.10772484044393323,0.07699671698824966,1.5507901126467314,0.05839855331415176,2.8612284987269732e-11,0.12187137771043012
2021-05-08,0.11378576805933978,0.0013471017860447235,0.011600099226809145,-0.7919084156170383,0.6280758348886654,9343617562.49304,-0.08047881008722835,0.10095002277315666,0.07811143226339427,1.5838721140154848,0.047580606699632884,2.7612846853542445e-11,0.11111712647858625
2021-05-09,0.20087721501963585,0.023158646965931052,0.017193008548113956,0.14784123084468404,0.4956149566100032,16363755549.655674,-0.11082613639143409,0.10467676811771875,0.08100798879910734,1.6101628640574572,0.05220281101448758,2.6999778910850082e-11,0.11641559603651337
2021-05-10,0.16430205202292106,0.0009317193847362525,0.026063444914206403,-0.9309713862513704,0.8571690466413242,6014334709.032963,-0.23628146243724965,0.10527725386051917,0.08209229112912644,1.5916118106634818,0.05283931005088991,2.7697065375940025e-11,0.11722773065434841
2021-05-11,0.06710640552702606,0.003530524530762136,0.0009727451319955361,0.5679827303968933,0.6475671228471556,4481450956.171495,0.09100080875092578,0.1015895036750989,0.08274347722028758,1.6219356324229788,0.052663552528864295,2.7415482122619325e-11,0.11384993625596236
2021-05-12,0.19387288290151095,0.003119762861621779,0.03446693186292119,-0.8339964242940112,0.7834156872458102,2925496372.305523,-0.23378755446809418,0.10697240269720909,0.08540023561923933,1.6884154262559041,0.05610073792963927,3.0796169493575826e-11,0.12016870078988214
2021-05-13,0.2667620046839692,0.06151761959225431,0.00964434755075568,0.7289465725034272,0.8600272354934424,5411855203.4901,0.2253212102211278,0.11285459782612947,0.08926676592803057,1.960181722465398,0.06574075086095213,3.109212851245938e-11,0.12981604048947798
2021-05-14,0.09918299476036058,0.00940195141362872,0.0004353150360049949,0.9114967479566026,0.7629900191282768,5752059644.115889,0.13442731394547874,0.11076951788302193,0.09041418165042348,1.7242087286417005,0.06543149955987414,3.1832981240446634e-11,0.12785654733516508
2021-05-15,0.034543721953865236,0.00023499583066031673,0.0009582728957656345,-0.6061309150971042,0.5429355340943659,2737610625.742402,-0.09636622630418383,0.10605790754442386,0.08983273272059805,1.4388306255595185,0.0672509113172723,3.2466890001137684e-11,0.12472208653581718
2021-05-16,0.034271896278863415,5.288568000738666e-05,0.0011216771945417852,-0.9099483200885511,0.6285727438810724,2533424623.104004,0.00998129470229255,0.10472585032378473,0.08943416459382782,1.3669529579350503,0.0684288348141372,3.117829874125593e-11,0.12420560659978745
2021-05-17,0.10299043904066152,0.0076981263591546,0.002908904174633616,0.4515139434420532,0.6522932776221463,2050463145.919175,-0.05096529782857376,0.10870691248029801,0.0901351629060878,1.1523993190050115,0.06558878276412501,2.996067467152656e-11,0.12615161281466689
2021-05-18,0.07037209254161116,0.0008360339162084099,0.004116197492476676,-0.6623607229895611,0.8266899807679241,1395269932.657902,-0.024589617033693327,0.11008772684179698,0.09086266311315859,0.7248844945003496,0.06439475896300081,3.0691300987722896e-11,0.12676171107034906
2021-05-19,0.18315477560431417,0.002794177327379184,0.030751494499287494,-0.8334105608725361,0.3439390250213888,3735859561.515171,-0.36808191173210897,0.1120061054494684,0.09325508029381745,0.8771491208722176,0.06600023074225393,3.37327010516737e-11,0.12920513958112195
2021-05-20,0.119497008274799,0.013480794231064967,0.0007987407555624163,0.8881279038413468,0.5653781089364086,3793726845.7134333,0.1873877202802589,0.11540834179986079,0.0948040694798647,1.0346584256845137,0.06435964016796629,3.4125446284065194e-11,0.1313925521821765
2021-05-21,0.1351196845857067,0.0019333773032266584,0.016323951859314203,-0.7882080904589889,0.8585925060835388,2228862785.052471,-0.10501103882108857,0.11940277458679074,0.09664741703219214,1.2180499124842754,0.06276094501163494,3.297299953650026e-11,0.13419534420540905
2021-05-22,0.06659160304194126,0.0029936080151019115,0.0014408335805935672,0.3501623374667118,0.5484192112867731,1712216237.93194,-0.04452041010012175,0.11909497246243884,0.09746116937685538,1.1394320751669174,0.06301495057366505,3.169687799858176e-11,0.13403509520847415
2021-05-23,0.12662009354690748,0.00373374856034445,0.012298899529483156,-0.534231832517619,0.5192022569378054,2286649558.521353,-0.11051377259686343,0.12311996808753316,0.09915311808624357,1.2378580980965832,0.060500052798881924,3.306178939216672e-11,0.13654480952153694
2021-05-24,0.12453412058289086,0.015432924400526914,7.582278882708497e-05,0.9902219324486592,0.4967224737432751,2144390178.062058,0.17668263393329173,0.1247990995716009,0.1006114876573327,1.1079449852436565,0.06000094076537124,3.440295810503779e-11,0.13785316173138398
2021-05-25,0.13041455900720716,0.006467313126649234,0.010540644074395087,-0.23949560194658434,0.5567884308250328,1672045387.138726,-0.05543618435779588,0.12305669021254798,0.10213377804277673,1.1105012025819219,0.059240477834152566,3.530920011763015e-11,0.13596053583717757
2021-05-26,0.050603243383082995,0.0010051572992361847,0.0015555309416513485,-0.21493192089030122,0.45205287108123865,1054030897.714808,0.019191148377403187,0.11816907733088668,0.1019429604148152,0.9437992331098745,0.06083802351721666,3.54961173728336e-11,0.13224577582443173
2021-05-27,0.035476111292673446,0.000580999201707182,0.0006775552707429704,-0.0767198171786821,0.32194781612230533,781571177.613251,-0.05434615668435317,0.11753490130601899,0.1018360899534601,0.8825550439933706,0.06166119320835752,3.7817647673497554e-11,0.13204356576937132
2021-05-28,0.08792684174148953,0.002167446681854613,0.005563682816778333,-0.43929365502469697,0.3636697441767819,1329706213.286395,-0.07011876873827504,0.1146669292309894,0.10280778757691492,0.7998553105963367,0.061566393742204004,3.937646010913523e-11,0.12945435206003647
2021-05-29,0.07546619737199459,0.0016305865196880953,0.004064560426100747,-0.4273768402433238,0.5972555838111258,929586897.01855,-0.027587282559245578,0.11284218776968725,0.10381640248944084,0.7022669485876833,0.06215883460629705,4.0379492880568954e-11,0.1281135955288446
2021-05-30,0.04990685955513752,0.001457393193903064,0.0010333014367531568,0.1702704747222152,0.4294492711024618,741269290.389995,-0.003373911641897909,0.10565312322375876,0.10431520650924357,0.5506280596720455,0.060166339541673004,4.027372497584118e-11,0.12087262080437987
2021-05-31,0.04573856252196573,0.002092016101575768,0,1.0,0.421001934967045,900021432.611778,0.07548406384548928,0.10000724277133231,0.10486664592131682,0.5584340689838166,0.05995015876706767,4.239671549312183e-11,0.11586339482444312
2021-06-01,0.1257544684927141,0.014388071552283449,0.0014261147936015768,0.8196410789135966,0.7287272606326302,2395342275.6131268,0.12919497750652165,0.10280000767446032,0.10655119853777531,0.719576387710398,0.059706404603282234,4.3998135071830076e-11,0.11816489047256681
2021-06-02,0.10315266058284513,0.009838471486655348,0.0008019998986643028,0.8492548178324509,0.6765923099064123,7437878004.683828,0.1344521703925918,0.09847999708785718,0.10792232092273034,0.7403949096869235,0.0559513353076283,4.105351013509316e-11,0.11260456406402782
2021-06-03,0.05547468065884855,0.0003683933968783012,0.002709046797322924,-0.7605845289390452,0.5523199682185479,4733519825.017202,-0.055559062671785966,0.08841869594380382,0.10496992709251526,0.6985486511590553,0.04124065725699362,3.962982551160745e-11,0.097147658320487
2021-06-04,0.09781908913567046,0.0018573750980228256,0.007711199101309417,-0.611775995183808,0.7755365966188195,3809069413.577403,-0.06338989914973803,0.0883537480569138,0.10592757721104923,0.7808034944413844,0.04122392806377004,3.930942272431438e-11,0.09708178329682718
2021-06-05,0.06297191735139243,0.001189240514284119,0.00277622186062648,-0.4002008331697106,0.6347549487570666,2280062958.24431,-0.01370141052023542,0.08970747164727225,0.10634279838528524,0.8115624135887136,0.03981110360323472,3.791934523409763e-11,0.09775930579463278
2021-06-06,0.006153407293818723,1.5297129203111784e-05,2.2567292120509676e-05,-0.1920051241576073,0.40399743792119636,964584295.281003,0.0008887812163458136,0.08836849598131774,0.10627353049018612,0.6004031774557321,0.042171677748928785,3.7775610517720755e-11,0.09748206692349048
2021-06-07,0.0823229737671191,0,0.006777072009861779,-1.0,0.8863043281022744,1563370162.641917,-0.1143263291835102,0.0873843309682919,0.10679932233691643,0.5573496271756747,0.04205437849200213,4.007430670388081e-11,0.09654208613007101
2021-06-08,0.08416592217286448,0.0033707306860494297,0.003713171769159252,-0.04834073948294286,0.49863932168645203,2231760455.701343,-0.017076740976754937,0.08804117999835159,0.10722378094723337,0.6052070075678644,0.04188275088998189,3.959945600663769e-11,0.09706638212799835
2021-06-09,0.03655961455346181,0.0013366054162976962,0,1.0,0.38963636815461855,1777714111.92899,0.05230438811952474,0.0810604580435491,0.10650970014878479,0.4936745141853848,0.03719120319013085,3.63087689907017e-11,0.08881507457778873
2021-06-10,0.02620609344855742,3.368136407864754e-07,0.0006864225201937375,-0.9990191217674295,0.8702839835167515,1112403681.831693,-0.050920742703194466,0.07661803352801379,0.10647891905573967,0.43428480438808026,0.03793475119790035,3.613645080175658e-11,0.08509313980088405
2021-06-11,0.02349741813469971,9.736079370719653e-05,0.0004547678652897183,-0.6473257016432449,0.7846332566921512,920951189.001529,-0.023417368426610415,0.07130268750653726,0.10631038490534703,0.46740246451279516,0.03713956960058357,3.5103745733851805e-11,0.07998585909577863
2021-06-12,0.018475566395710435,0.0002771844152783263,6.416213836397845e-05,0.62406453102079,0.5291615680669546,907759062.7118601,-0.02080105438562912,0.06901144766624055,0.10609600468372864,0.35567952846307394,0.03888779862002747,3.4956750608450496e-11,0.0787580368443306
2021-06-13,0.031356718343249226,0.0009832437852578624,0,1.0,0.7732185927658314,674793919.805075,0.03751481431516952,0.06447509646606635,0.10441330759648167,0.2648484547110477,0.03735785865382417,3.530267804427546e-11,0.07406881980533596
2021-06-14,0.043482419687850535,0.001219421257683609,0.0006712995642267627,0.2899009135061134,0.46714216442835865,779923467.841451,0.011447988142772128,0.06061549166154062,0.10448287267233394,0.2883280274746765,0.03495208908652097,3.2078173164402424e-11,0.06955366720228764
2021-06-15,0.022292423345707784,5.407446794618192e-05,0.0004428776706780755,-0.78237554990354,0.524773966152528,603391312.977677,-0.02312152514886649,0.05546681853480256,0.10270539844377444,0.29486794348355555,0.031994556457912625,3.2324105296049294e-11,0.06365119232960893
2021-06-16,0.029712481707107125,0.00015012043732229964,0.0007327111318728759,-0.6599114880788521,0.6061917649417433,582716205.712939,-0.0392019756254477,0.05447202035975608,0.09939404318339896,0.32087177358792,0.032474514830370095,3.466063728887362e-11,0.06302044389111848
2021-06-17,0.014499171266523867,1.7942532813215495e-06,0.00020843171413466977,-0.9829302411745253,0.5949314339147976,436573718.064196,-0.005112768607130428,0.05347311845374897,0.09553677491088979,0.31842643641658464,0.03339753918130022,3.1907143422493705e-11,0.06262312626523836
2021-06-18,0.05562810588395631,0.000954585819158115,0.0021399003450785392,-0.38304082261515515,0.6118014257372446,787658575.317046,-0.04371150255594403,0.05193508341291405,0.09144228436261223,0.37995896937370877,0.03246214780497608,3.2038713330934555e-11,0.06083472202203959
2021-06-19,0.02944422498722116,0.00034442511124092574,0.0005225372738571732,-0.20544393352901186,0.4725776109511363,469185182.80560297,-0.02605717955216866,0.04974356091840103,0.08784525715374832,0.3555770412443301,0.03234740175275945,3.327014964290688e-11,0.058914767698682695
2021-06-20,0.09202284287712385,0.002068900484934232,0.00639930312625359,-0.5113720501002383,0.7556860250501191,954050068.6274589,-0.01901789378702696,0.05174908393373371,0.0873596584250704,0.5180215833751962,0.03363787630463858,3.400264106939135e-11,0.061282894332570205
2021-06-21,0.20084415353724086,0,0.040338374010090786,-1.0,0.5804724950519642,3463143901.677572,-0.4518270971381849,0.059135064458270624,0.08813985369670736,0.9083885061553871,0.04673207730439073,3.6221599799766074e-11,0.07467829856308779
2021-06-22,0.12891760708602873,0.0033574360692786077,0.013262313347509078,-0.595970313982322,0.7089516259585772,4477694605.740888,0.06664976666336818,0.059285690105571325,0.08789173381837684,1.1764248696134354,0.0469620712892667,3.436202478529391e-11,0.0749346943845849
2021-06-23,0.11522683025998545,0.010485182633396081,0.002792039778367417,0.5794241157105728,0.531372221170215,3387858669.01177,0.2077966840580468,0.05986065056638753,0.0884376834504846,1.319414789874477,0.047595630413055576,3.6421977943059084e-11,0.0757678559495974
2021-06-24,0.08426476283645769,0.006919428533816982,0.00018112172206747915,0.9489837504023361,0.5038810577482735,2526868662.319539,0.1154230351297033,0.06123160686055938,0.08750163354349755,1.4409465762203355,0.04787678702023187,3.8038212255307274e-11,0.07702171554050784
2021-06-25,0.09898465327239903,2.9142882876092883e-06,0.009795047295169446,-0.999405123552938,0.5468906031548577,4674146178.976711,-0.10485043953582351,0.06128710991468932,0.08680345861820835,1.435016696216363,0.04792197756217205,3.831393439042718e-11,0.0770925928580091
2021-06-26,0.06377900841296404,0.002178377893982144,0.001889384020158793,0.07104493328842795,0.40079611137884025,2276347635.064803,0.0355302165308048,0.0613255428223832,0.08569697400469312,1.1171692164747846,0.04792371992685725,3.8771039487113607e-11,0.07712418090456954
2021-06-27,0.09116987682816204,0.0074602039454934035,0.0008517424953688342,0.7950558268321857,0.8647537960021131,1505755939.715704,0.07385800775781387,0.06537394613354242,0.08615609747954828,1.0415181839633596,0.04660268093643186,4.106289839885848e-11,0.07963757395785663
2021-06-28,0.0465178777181561,0.0011886871353276427,0.0009752258120736813,0.09864598458561388,0.4054585796443584,1232334560.599471,-0.029996112071183967,0.06366894155978227,0.08658672833612406,0.883952868396999,0.04660656141311648,3.8739696410987976e-11,0.07824620722324846
2021-06-29,0.047677054395996475,0.001940533385130247,0.0003325681307485596,0.707388228439956,0.8105185171605852,1347841886.8018599,0.02529931164875429,0.061931376427550464,0.08668676108923301,0.8004317328207888,0.04648421441281678,3.9269150991120744e-11,0.07676837360402936
2021-06-30,0.06861918754873245,0.002451001183720249,0.0022575917161278703,0.04107585253306086,0.5154167149049333,1212835493.175515,-0.037166635908368176,0.0634580227606586,0.08550819541789204,0.7312357198175835,0.04613442352461845,3.9327348345243664e-11,0.07780715917162026
2021-07-01,0.0775337130923254,0.004408257157240829,0.001603219508642201,0.46661374642241826,0.7295195635644859,1726488343.125217,-0.04049201271551093,0.06590219512464754,0.0859761901508407,0.7577384913724878,0.04541622284513207,3.826439489415002e-11,0.07941984630147957
2021-07-02,0.02451060650640461,0.0004653464933989223,0.00013542333791288167,0.5491673154852679,0.5550853725120999,796866291.1080279,0.005402100307321961,0.06595044218996682,0.08555196809443161,0.6129385016939422,0.0453694366086813,3.7376385770846186e-11,0.07943442725198784
2021-07-03,0.02077226488561542,0.00037631071289945484,5.51762755787165e-05,0.7442505704595176,0.8570713697824796,505808091.873927,0.005007644052275085,0.0660598087847242,0.08472207630446786,0.5694158891173254,0.045251888499019205,3.6756650245342735e-11,0.07946144118067704
2021-07-04,0.03261570020348786,0.000715979228593539,0.0003478046711702594,0.34609901268954035,0.6382158261494303,515621447.634813,0.00032480714861277403,0.06611976030187841,0.08457160828515932,0.5466346964139471,0.04520442273123565,3.4139291076332404e-11,0.07948557025056875
2021-07-05,0.06842511158446486,0.0006663758228990018,0.004015620072447465,-0.7153454049110437,0.7531886974751489,769412106.263222,-0.06481188235905999,0.06730750753505053,0.08424069958939735,0.5439899534619154,0.04490659001218954,3.7451540668601915e-11,0.08031733149637078
2021-07-06,0.03605516186460343,0.0006313307655585607,0.000668643931524193,-0.028702994027011427,0.4653612677868449,626736004.368093,0.013721530640902107,0.06796287603595033,0.08216212826110028,0.45348855244434955,0.044313298325941455,3.666936684411458e-11,0.08055503030939978
2021-07-07,0.03799637151834846,2.3684053525491204e-05,0.001420040195034871,-0.9671903363137271,0.74315052089562,476024939.818968,-0.04522099337799511,0.06835734697934276,0.08033281488999518,0.4947915333582845,0.043991475960315524,3.798948831214264e-11,0.08072064223825393
2021-07-08,0.0378066221371639,4.031606943729402e-06,0.001425309070478562,-0.9943587879259126,0.5040905346920045,775769125.812173,-0.07823453020277049,0.06946722559223038,0.08015841511733278,0.5569428545696334,0.042843771075482935,4.2234087091834095e-11,0.08107943737338744
2021-07-09,0.06047065230751697,0.003639059232848738,1.7640557647869637e-05,0.9903516511288591,0.9188496240681496,1733536510.142257,0.059196647504883855,0.06969782304097137,0.07876661189495827,0.6443973691757727,0.042778542995925165,4.121753538983647e-11,0.08124436744923309
2021-07-10,0.024893734498105755,8.827948958817203e-05,0.0005314185276740085,-0.7150886814897686,0.6522365004427827,636529668.526315,-0.026912007493969253,0.06948113301768016,0.07735562723525614,0.5328996118861142,0.043003571343016585,4.05862104789576e-11,0.08117187165834931
2021-07-11,0.013419575282850078,0.0001762897399224792,3.7952608496015663e-06,0.957850339191714,0.6375652746507272,372370739.542734,0.010518084587414316,0.0657381202750957,0.07438010914419606,0.4917174210006648,0.04434337577650835,4.098203987936041e-11,0.07870324284130756
2021-07-12,0.03501021565298576,0.0001177089088348756,0.0011080062912336938,-0.8079343246648313,0.4856103876419703,517145875.958889,-0.03913737943409549,0.05784126609013117,0.0723278577732447,0.5111078886412648,0.0321773965520641,3.83730996686473e-11,0.06581559747776981
2021-07-13,0.025122864866426498,4.1260936814870065e-05,0.0005898974022818568,-0.869253294271862,0.8162544137120965,482234916.244305,-0.03803486160765649,0.05289865931776916,0.0716614523659336,0.4821934504068986,0.028472203910845897,4.1420110192166454e-11,0.0597522500954213
2021-07-14,0.04120195519161853,0.001147501292742675,0.0005500998188694662,0.35190921458921604,0.3315186982487407,706199130.171608,-0.011723109780970813,0.04937366526689454,0.06923810430704641,0.4230153056154046,0.024702634131804253,3.9289852518804526e-11,0.05494470723703357
2021-07-15,0.02520935019037415,0,0.0006355113370209172,-1.0,0.3405031027053886,581905492.714175,-0.06400889137686604,0.046561502759938186,0.06540393518810046,0.42494347304390506,0.02387975573286715,4.235273284121407e-11,0.05206785819703909
2021-07-16,0.07376796588156927,0.0013927403099028544,0.004048972480401514,-0.48812428602099933,0.40701457053139234,706867989.866615,-0.07494268114416167,0.045360708122279624,0.06500052203129425,0.6126967226536676,0.021640909800844974,4.6333150036668134e-11,0.0500362012797276
2021-07-17,0.1541685166074375,0.019982272123935513,0.0037856593890022165,0.6814481405803827,0.8229623413055516,1709053465.693762,0.08639544768078014,0.049664970417254546,0.06689932829563666,0.9567321148663823,0.031997988053882646,4.799711211891301e-11,0.05866621474693789
2021-07-18,0.049940072361873755,0.000292800516792003,0.0022012103107171836,-0.7651970764822796,0.7850150132982501,1023138762.764085,-0.03242706715629039,0.04770164639505035,0.0671480295033035,1.06650968106613,0.03055641974224944,4.71706008308732e-11,0.056255490396200626
2021-07-19,0.025027629717855306,4.234638639030506e-05,0.0005840358629037691,-0.8647905925238816,0.587783791528551,756831953.579986,-0.04434404430659687,0.04667830125217888,0.06591052459341767,1.0418124007697285,0.030955301268423913,4.880159042363122e-11,0.05560093931030396
2021-07-20,0.030887359414261274,0.0008429819270521751,0.00011104704453357958,0.7672040413007564,0.4062674698226629,1311753808.967204,-0.01860843367533949,0.04587879196733434,0.06528378279774547,1.0898998841900926,0.031144458858387913,4.85832895809473e-11,0.05503318520573232
2021-07-21,0.11048076762660691,0.007527307333694383,0.004678692681669932,0.2333782277927867,0.38331088610360664,3377497429.769981,0.11110205741213437,0.047872200542471224,0.06413022711555964,1.1954979607234777,0.03389128854648574,4.869045006852314e-11,0.05818651785715989
2021-07-22,0.02763552867338163,0.0005094226698647474,0.0002542997751925509,0.3340518487093251,0.5103659895254897,1048737946.347801,0.00398302502358717,0.045496096522521526,0.06267210839172761,0.8087422749853836,0.03345410518294362,4.7754475178418627e-11,0.05599801605599102
2021-07-23,0.05125358966217056,0.0020102178501183485,0.0006167126031398076,0.5304690290716261,0.7085195242774577,851747376.941725,0.019217912943248306,0.04676957191089133,0.061340900535798465,0.8298961974726279,0.03312268443001353,4.850608210860949e-11,0.05685298269525823
2021-07-24,0.014059116464552452,0.00017737771303354572,2.0281042730304112e-05,0.7947873075298054,0.4707979638885773,813036913.387705,0.009903092673942303,0.046449898176554996,0.06050705154250658,0.8196759694003518,0.03341722039811268,4.861465773631469e-11,0.05675497302967406
2021-07-25,0.03949970487510972,0.0012791796082062083,0.00028104707701455807,0.6397355849931627,0.5458955388983219,675865836.742385,0.005268502561377331,0.0467777079228227,0.05912418823025583,0.852562926431148,0.03330831419650767,4.895586043011694e-11,0.056962857163592465
2021-07-26,0.07242209377465116,0.00022554482670525438,0.00501941483999911,-0.9139955915630621,0.8054252656444574,2400344561.980268,0.028986093068653775,0.046968040408069664,0.05829701320155361,0.7113094312092442,0.03344931955745821,4.551968021869606e-11,0.05719768260057333
2021-07-27,0.041451979952096825,0.001393872150863838,0.00032439449108519897,0.6224165875475102,0.4919174015717253,915784989.501176,0.00996491247012381,0.04722503174556936,0.05688490877210741,0.7696291988780872,0.03338194770118281,4.4995282239405447e-11,0.05737153962477545
2021-07-28,0.026233464068750108,0.0002718082361269093,0.0004163864009194936,-0.21008324826982896,0.5842291852949693,829739163.2957209,-0.00014582573850125785,0.04666489329558848,0.05649808687822911,0.6915605328660297,0.0336422186647113,4.0479979348774895e-11,0.05705712890050547
2021-07-29,0.01897735742224067,0.0002524219706581973,0.00010771812407327568,0.40179876859535857,0.5481381074513896,432533769.08205104,-0.0034575991981147807,0.0457682616424969,0.05623620189615875,0.7157102738684129,0.034137388076534866,3.6058366361659536e-11,0.05660920106226044
2021-07-30,0.04576481820175348,0.0008622565506790213,0.0012321620343605257,-0.17661487838378773,0.5587517213806206,632835926.475732,0.018224069314415874,0.04506798382793673,0.05556696342727405,0.7382842793692838,0.03397113984324079,3.580358321512115e-11,0.055948255574150174
2021-07-31,0.01020524326737814,1.3519337328471038e-05,9.062765281789582e-05,-0.7403796824186444,0.8629393004598156,583785595.997337,-0.005042390687195381,0.04436853186456875,0.05453107526688331,0.5325337732437667,0.034553511611933756,3.420158965199025e-11,0.055728424101890314
2021-08-01,0.038969707932557426,3.084156719243583e-06,0.0015155539796295858,-0.9959382598850589,0.7032826592940689,793558894.241138,-0.017581803062937967,0.045585204847888146,0.05435746968557252,0.5339282177406807,0.03385197669601987,3.391155950730362e-11,0.05629740560970641
2021-08-02,0.022441858813629173,0.000255127709855504,0.00024850931715536133,0.01314119563333827,0.5016459199926409,423211433.855026,-0.003779423842537156,0.04498671166506164,0.05398768073782114,0.5249890072575639,0.03415800676112331,3.07330247768788e-11,0.055991188623535165
2021-08-03,0.01609854145922655,5.726946216735204e-05,0.000201893574947084,-0.5580429770772894,0.24541360408886076,480387027.882032,-0.03523358993329146,0.044556981979004505,0.05224711046744833,0.5277423064454178,0.034475690324050005,3.04697920918545e-11,0.055832778378629315
2021-08-04,0.019233754889631707,0.00036993732715443167,0,1.0,0.8697719378562262,415733813.915377,0.02674198059186307,0.043510877202719414,0.05091506434533383,0.42902868641789366,0.03491310144674165,3.274238625965649e-11,0.05526370469397578
2021-08-05,0.021977457360644798,0.00024238829196166913,0.00024062034007729113,0.003660290452604983,0.32192926526660615,448783585.56421304,-0.002632299317245463,0.043356977544160874,0.050383362388219485,0.4737471175309096,0.03500481248665527,2.778365454810379e-11,0.055197962126625574
2021-08-06,0.04002322548114756,0.0011541780698638572,0.0004476805080509224,0.4410486490840024,0.4083525625992721,549103835.084777,0.019258358636422147,0.041750085144140796,0.049465967727036576,0.4847699209572232,0.034306558752509334,2.440515857595612e-11,0.05351602397733235
2021-08-07,0.10695888066745589,0.011337525794000443,0.00010267635963462627,0.982049904668511,0.3870182606596385,3200013738.801741,0.24515427244046023,0.03950200724223691,0.05016417349395822,0.820531446904963,0.027428955330460074,2.5646051233966193e-11,0.047717188632054236
2021-08-08,0.0570227335992941,4.0092261466275365e-06,0.003247582920989437,-0.9975339919859514,0.4338308435107123,4216986594.281042,-0.08718144472211713,0.03983927682497121,0.05097162311785466,0.9782022763747501,0.02760668912858294,2.5121296902242786e-11,0.0480937146816677
2021-08-09,0.06864139118461161,0.004283354553401508,0.0004282860303573695,0.8182008908601051,0.8449866375212409,2892579160.668514,0.06487693502097619,0.04191612260910246,0.05075445514035454,1.1589475407648009,0.02807328226069417,2.3399253332301196e-11,0.0500753582418204
2021-08-10,0.043563096723406455,0.0010627366707717646,0.0008350067253611017,0.12000038881690774,0.43999980559154617,1869367182.057394,0.005876989690606294,0.04251972914763319,0.050109965847505995,1.235729809369414,0.027960339130612244,2.287343999075829e-11,0.0505220772055934
2021-08-11,0.0719939957109397,0.0019341655677907808,0.003248969850636024,-0.2536696761135975,0.6231238436233956,2637230854.742983,0.026350572903897713,0.040687025723077606,0.05067241634206914,1.3373611507145409,0.024305458322762905,2.1782819585624138e-11,0.047096264836016984
2021-08-12,0.0593053742027041,0.0002076172575045334,0.003309510151818227,-0.8819393025375153,0.44925280075796686,2876650726.180649,-0.0010967608837233562,0.04219511360542629,0.051197801750865114,1.1440889269128678,0.024437314193854504,2.1620121539827995e-11,0.04846826470601283
2021-08-13,0.05068907327427852,0.0024746225425467576,9.475960685841907e-05,0.9262393825843644,0.7572471261313558,1752321201.212677,0.08208673788552705,0.04216823187266953,0.05162941532450922,1.1174222758059809,0.02442715976877997,2.277639043502406e-11,0.04843998645943822
2021-08-14,0.05573105145248069,0.0012815949874488018,0.0018243551085502482,-0.17474850024171554,0.5873742501208578,2373896854.066785,0.0260443034077015,0.04415260972923754,0.05222077223017225,1.0571959777159923,0.023711661190527474,2.2718806893043152e-11,0.04984899549651209
2021-08-15,0.08720071134227407,0.0066509823784387575,0.0009529816801598492,0.7493460850640893,0.40711181708972755,4215560234.570191,0.14486071054409408,0.04642408622767394,0.05310718481745835,1.199607444133387,0.025463695079514837,2.3983956680997694e-11,0.052656617530859116
2021-08-16,0.06875303188582191,0.0013343282751464589,0.003392651118346385,-0.4354414673424241,0.3561115390615565,3930631064.954798,-0.06246444052240456,0.046249368994872544,0.05350830564599758,1.1681429873306717,0.025288376491484982,2.4165666336108183e-11,0.05242188133304062
2021-08-17,0.06882055683744985,0.00036166809024801945,0.004374600953168646,-0.8472772188688341,0.4508180032627709,3146601433.407352,-0.065529430925917,0.04755263456084174,0.05424684744745381,1.1979139661122236,0.02573015231849076,2.4639198869653762e-11,0.053775161948294306
2021-08-18,0.1249579754887261,0.011619736310042069,0.003994759328199005,0.4883268187778619,0.7434511840572468,3408932393.113732,0.01273860317433392,0.05225380177131679,0.05575868068208268,1.4255020929478923,0.030260348729309192,2.4808774193200555e-11,0.060021198594474995
2021-08-19,0.04564492706899216,0.0019356448574225122,0.00014781450971110155,0.8581066546889637,0.5977874859330243,1980661185.836724,0.0473451680016852,0.05352368604020972,0.05625305775831233,1.4091895996967627,0.029339618993366238,2.5566388189575053e-11,0.06070096459870096
2021-08-20,0.041492659478387886,0.0016045587523812834,0.00011708203820816866,0.8639878436336509,0.9263569198244236,1810991983.744965,0.028846515510078587,0.05332024991052564,0.05602868559314458,1.3081948807088086,0.02941083245343329,2.4953583827698885e-11,0.060554568611026406
2021-08-21,0.028097380964158356,8.330314144838345e-05,0.0007061596755966648,-0.7889624700497325,0.5861166564651483,1439012725.004692,-0.032374527743765216,0.054172256467515174,0.05600730711658802,1.1936108891332002,0.028339007051667534,2.561359972642218e-11,0.060823431888234324
2021-08-22,0.031699797087950864,0.00036460114209871115,0.0006402759933185468,-0.27433687313958677,0.6351736098860624,1084350940.543357,-0.006520042088013069,0.05382607023681962,0.05504979845326782,1.079243263310531,0.02857740682695412,2.484489567905394e-11,0.06062198493199072
2021-08-23,0.02952895771645267,0.0003089743556164364,0.0005629849882036132,-0.2913101790667871,0.5585352475328632,1387974382.8417299,0.010518931389845991,0.05416355113695408,0.05233050963071563,0.7133659414823632,0.028227958488632923,2.4780527885627658e-11,0.06076647278753148
2021-08-24,0.07071754294441852,0.00015446996972070246,0.004846500910374976,-0.9382240075280155,0.8348612216529994,1657261561.646301,-0.09683864060250773,0.05676445596958227,0.051406699088785306,0.8225565077085201,0.027036441765513092,2.407046839417191e-11,0.06259684168161443
2021-08-25,0.03523352401493374,0.000713647864384389,0.0005277533501265234,0.1497457164411623,0.39198798547822156,1150732781.835334,0.013651502347099817,0.05752634973745379,0.05013696406902258,0.804824214098561,0.026136393257007336,2.1572303897921772e-11,0.06292744130237149
2021-08-26,0.028049867124789643,0,0.0007867950457183547,-1.0,0.6608926750260675,1275524939.0698102,-0.08723494892483079,0.05781551210717498,0.049244664137091346,0.8224582999279573,0.025754227240686326,2.454973250767344e-11,0.06304227858003253
2021-08-27,0.047653005792025575,0.002270789246047447,1.971496737616023e-08,0.9999826361726464,0.5007937911649988,1048350508.218639,0.09335370645981513,0.058178834979121546,0.04842987608184732,0.8893111485349305,0.025543632682946706,2.712001048617197e-11,0.06329442051800498
2021-08-28,0.01655366132253941,5.403493710868009e-05,0.00021998876607265711,-0.6056185178044831,0.3801842842186825,738357982.826443,-0.02889070695492807,0.05387382453412552,0.04768026739787233,0.843887860265806,0.02450868236344895,2.5335150397633784e-11,0.05894455772465436
2021-08-29,0.01763013766494891,0.00014679013776341393,0.00016403161632163623,-0.05547063013325803,0.5017804484705272,722330581.090637,-0.01751617498976246,0.051997986632490036,0.0465129699508372,0.6292467827713738,0.02573257207210488,2.55054196461743e-11,0.057744473328377746
2021-08-30,0.035050975094111175,0.00015500972117336384,0.0010735611338746382,-0.7476584756402879,0.7403373537152742,867241866.777245,-0.033256878236817625,0.050398443009132876,0.0463309556234714,0.6382527852646231,0.025690245481558103,2.626347296961191e-11,0.05628999677295943
2021-08-31,0.013738318900400047,0.00016172244189923017,2.7018964309859016e-05,0.713693302889487,0.5282748821456741,852089213.884268,0.023175755771645094,0.048978215493751615,0.045792245536239715,0.5775128902901334,0.02688369303943551,2.7408944595449457e-11,0.05556242155954467
2021-09-01,0.03903543009443501,0.0014619133066626966,6.18514959948258e-05,0.9188175289428477,0.4636591635878248,858963265.765084,0.05661164624046568,0.04740875998820377,0.0453226620845842,0.5358083495191398,0.026431103712294193,3.0071572625005e-11,0.05397153829522088
2021-09-02,0.05089996605583287,0.0008003443153981723,0.0017904622290867665,-0.38216589957141434,0.6090645060534423,1844123416.383469,0.0005427776780246161,0.04700850245740038,0.04489990419511607,0.6820783322155067,0.026305284289595478,3.006743286996999e-11,0.053561333334591885
2021-09-03,0.027851385441395867,0.00047308164862631036,0.0003026180223788873,0.21975467132340812,0.5217663417973741,1153815472.674785,0.005411634664040047,0.0459209935129774,0.04495293243217942,0.7375459106176648,0.026615758463894478,2.8060082174745588e-11,0.0527579660072949
2021-09-04,0.031473439378698405,0.0006741814760565153,0.00031639591026808814,0.3611889093450232,0.668831686861554,1251699575.0932791,0.011169927456093947,0.044765869128511576,0.045122792344768035,0.7229278539953837,0.026694986417526587,2.7962591233729232e-11,0.05179450688473501
2021-09-05,0.02801973072222,0.0007851053097457192,0,1.0,0.5799380782573784,1276324669.548918,0.04876157136433281,0.04194772719422329,0.045049840448239974,0.7891784622096644,0.025065297635632276,2.8145512244572875e-11,0.0485588651428725
2021-09-06,0.015386162012853942,9.351176766080835e-05,0.0001432222138249813,-0.20998441310444863,0.4979414712707713,1427760002.728589,-0.01749988571269763,0.039406447676462904,0.04420795235980171,0.6896373848181536,0.02491661610571969,2.7972425294168557e-11,0.046304882829655274
2021-09-07,0.13940707861014584,0.0009892288732156792,0.018445104693399703,-0.8981978085510488,0.7993607249798558,2700863985.687059,-0.19101268853215628,0.04276771061801986,0.04584845897481032,1.0557646394031657,0.032645391460961556,3.034848941453412e-11,0.053329635366333956
2021-09-08,0.06867376447601838,0.0014875830552981291,0.003228502872009515,-0.36914505875113596,0.6841085218148757,1234486395.063956,0.004764145218430058,0.0400875100936052,0.04633540172017016,1.2144390310309519,0.027458571237313663,3.0354317115760736e-11,0.048219063836923544
2021-09-09,0.025182705188605884,0.0002820593227138187,0.00035210931790241904,-0.1104595697455664,0.45562066843545473,691198427.941067,-0.015588198714127923,0.039113118575491566,0.04613502208606606,1.1824649251051562,0.027614120299466673,3.028996965525051e-11,0.04749804494070711
2021-09-10,0.03581145300332876,0,0.0012824601662096246,-1.0,0.43518261937723624,790809947.555582,-0.052566727231834545,0.03884258493382209,0.04574360622409482,1.2154193322222293,0.027617471482227898,3.2696800083957244e-11,0.047277382648828255
2021-09-11,0.020499558447852406,0.00028793646179416934,0.00013229543476274758,0.37036938011282416,0.6800371495932729,402833126.23182297,0.005116802976975533,0.038480783861617046,0.04567385739790032,1.2393074896507488,0.027814342463390995,3.223033844940939e-11,0.04709106587600856
2021-09-12,0.03230284786637086,0.0009582281847738839,8.524579550401638e-05,0.8366115550263868,0.47438192087175535,531893427.36107,0.03830108183505585,0.03850950056535133,0.04597359188335303,0.783414299182411,0.027807301853400027,3.537300928489203e-11,0.047110576629159844
2021-09-13,0.02686795727296722,0.00019857727294354992,0.0005233098550784421,-0.4498384436146911,0.4090116302959941,781753774.616764,-0.060060818474062555,0.03838278625851869,0.045844349686844796,0.6035679509969935,0.027856290959909723,3.8670613362670954e-11,0.0470346694932744
2021-09-14,0.025614611464839527,0.00044804986549336405,0.00020805845500132447,0.365780166163862,0.4039003645667299,344235821.24798,0.020189986748146642,0.036235027616633976,0.045852155188406914,0.6160280622260876,0.026963010317496972,3.868102715525e-11,0.044781267481143285
2021-09-15,0.01780904258599911,0.00031716199782992984,0,1.0,0.814490618768661,339459028.198537,0.029522892621615515,0.03540529040573233,0.04548083911530184,0.5654843290962314,0.027261818246305282,4.2257555864915495e-11,0.044287137251657824
2021-09-16,0.02623350123272411,0.00040509277485900624,0.00028310381206833113,0.1772588895497606,0.42315810988197394,413323852.838516,-0.023349905645072052,0.035318796791824446,0.04549709548105343,0.5972459280762336,0.027289189290663957,4.1690965059395854e-11,0.04423409726944638
2021-09-17,0.048539595644757925,0.00010487016392915255,0.00225122218142745,-0.9109795809694549,0.9091426437529274,903221342.936825,-0.007919930270834293,0.03536101535624027,0.0450966451598342,0.6664656219740068,0.027309903352934116,3.7868124865962805e-11,0.04427997826086784
2021-09-18,0.011757750568973225,5.919949029860654e-05,7.904520814358367e-05,-0.14355500115815303,0.4268827855250689,332779468.612484,0.005148657777897116,0.0351326386536895,0.04283615681001731,0.6014502832279295,0.027494470981924066,3.6741618276786696e-11,0.044206909051533884
2021-09-19,0.03156685317629767,0.0001930402307193105,0.0008034259887346236,-0.612550376619697,0.6104459977237946,290340456.55522,-0.035322085629367866,0.03579629177327753,0.04254451841024626,0.6487430457414309,0.02721768435411184,4.13800917893589e-11,0.04457466258242148
2021-09-20,0.06322200633239335,0.0009407899586472033,0.0030562321260459813,-0.5292545606640454,0.5944428591586765,889475094.69964,-0.11086732702704845,0.03713776945129097,0.04315077835650877,0.8534380959832367,0.02786563326443019,4.548940954835361e-11,0.04602968124234851
2021-09-21,0.04638252463751815,0.00017849317852914725,0.0019728454132208312,-0.8340631463465226,0.7119551739172814,709884680.9565899,-0.03875298629723323,0.038692255438772784,0.04339673336005253,0.9500910407020633,0.02740169392257824,4.679378070221264e-11,0.04703390866287312
2021-09-22,0.06803711682751769,0.004299758181110262,0.00032929108509102814,0.8577284162882751,0.4314470936308526,781832753.13582,0.11174733071136947,0.04007328814034815,0.04272302461720984,1.0203927711832956,0.028140724439710465,5.046154363733064e-11,0.04858044105242016
2021-09-23,0.027067033173385047,0.00023245000741839938,0.0005001742773907272,-0.36543188032878143,0.6443285756506223,403712316.1794,-8.911464605103793e-05,0.0389383865745173,0.04271400087911466,1.0963342702301528,0.028162834658968308,5.0458039337782594e-11,0.04766103632254862
2021-09-24,0.08362767176080012,0.00028437042903206393,0.006709217055100061,-0.9186768079537785,0.9509255181196828,623418426.9696,-0.0711784697164135,0.04159440020877465,0.043227875198140524,1.3321279894339542,0.0296554996248337,5.567157571309214e-11,0.05067212526826249
2021-09-25,0.021060985577911206,0.00017173346928738343,0.0002718316442256004,-0.22566737529345157,0.48204435271791857,337161720.61992,-0.0035467828592123706,0.04109856907540383,0.04333901597771765,1.1463415071130418,0.02991905547429601,5.5747562448972514e-11,0.050414443126303256
2021-09-26,0.05607345847789019,0.0014250855775433829,0.0017191471681282924,-0.09352411681028139,0.5202452378714023,409384356.10677,-0.016995930234229416,0.04243446087329289,0.043602091431730036,1.1778297759482779,0.029932183485856,5.5905236287856954e-11,0.05151655537248221
2021-09-27,0.019690541242155926,2.4114073981858452e-06,0.0003853060070108576,-0.9875610054716717,0.34166362090325514,278589518.94616,-0.025920232353478147,0.04263943131278346,0.04276508266137297,0.9550145960868147,0.029751895152292943,5.975209647786323e-11,0.05158628853414524
2021-09-28,0.02489245953055126,8.074704030325077e-05,0.0005388875011768815,-0.7393720494975349,0.5758025583020305,313595576.42289,-0.015811205044074107,0.03718635421375514,0.042502233130872244,0.9526325804740554,0.02003749697470517,5.878525292356341e-11,0.04201436796992335
2021-09-29,0.02069959065907435,0.00012662801237930615,0.00030184504107393193,-0.4089336010339056,0.4995157785540249,316790274.81801,0.010888664467843442,0.034901869746281615,0.042414393870401204,0.658028317082906,0.018974701332017802,6.023823516383462e-11,0.03950993639959455
2021-09-30,0.018187913979976197,0.0001611891020474091,0.00016961111289560455,-0.025459508391330085,0.4847695103471435,298160633.92149,0.028305181771652574,0.034568784450632585,0.04240186302211129,0.6499542481783186,0.019213732209472822,6.368491310810535e-11,0.03932669524371146
2021-10-01,0.061257761316327645,0.0036768139915259526,7.569932996221484e-05,0.9596540646351688,0.7482123266343083,510508408.9963,0.08679511533667043,0.03578051341791825,0.04264778275408866,0.6640958684000476,0.020078935903651705,6.861562755640809e-11,0.04079473664107351
2021-10-02,0.036002995406645144,0.0005668709704843822,0.0007293447077665289,-0.12534467836508942,0.5600711753911802,411189514.74511003,-0.018896273334344398,0.0365187723207179,0.04305727088328337,0.7333650140988511,0.019771658634948126,7.019910863770585e-11,0.04130283345036446
2021-10-03,0.021010619376125295,0.00036622837544880737,7.521775111960432e-05,0.6592211525138495,0.5452715680131647,397076388.59278,0.015029000896637074,0.03598104715451573,0.04277220598556223,0.7152051941088791,0.020043735151968035,6.857245162922557e-11,0.04095431671991073
2021-10-04,0.06816120249331392,0.004606848765383991,3.9100759950552155e-05,0.9831678068229823,0.46592449619981235,1518058809.528908,0.08563224006551765,0.037947392165008434,0.043497909853493735,0.9151667209257746,0.021102539658271822,6.760010561195193e-11,0.04317541166164488
2021-10-05,0.09086496722018966,0.007058168831259161,0.0011982734366669816,0.7097361314274739,0.8353283383794778,1988762907.573879,0.04148863198763604,0.04105455196288225,0.044684678516366164,1.2171513858938896,0.023824118649281648,6.580057764843856e-11,0.047180894823179255
2021-10-06,0.06665401478503588,0.0019176853698088954,0.0025250723171548867,-0.13671394888994826,0.48023683658078997,2026793763.860286,0.00900622298652697,0.043380503019979234,0.04543738105438845,1.2594042658840239,0.023825553890909686,6.187072841847805e-11,0.04921883556011566
2021-10-07,0.04818419350700647,0.0013702512547265654,0.0009514652491940794,0.1803777527640816,0.5192363193118454,1111236424.585082,-0.04496133221007997,0.04442577408065935,0.045853360993219586,1.3179964133277016,0.02351515650891958,6.110728236060765e-11,0.05000280428743645
2021-10-08,0.028842342432530005,0.0003442521982564177,0.00048762851873890317,-0.17235201820802865,0.4915097197564306,726773490.31574,0.004842028335853698,0.04348780964198183,0.04567588665911455,1.373360501628944,0.02373467527036934,6.1006988302776e-11,0.0492716848757502
2021-10-09,0.012834810108582851,7.702719707015931e-05,8.770515345322127e-05,-0.06482003291482463,0.5324100164574124,508256681.781244,0.010869893497845779,0.04353909819148705,0.04418185379310069,1.135540647842434,0.023663738815531733,6.12886521572447e-11,0.04928448282432313
2021-10-10,0.05500948199484055,5.220395329110218e-05,0.0029738391560495845,-0.9654968872518962,0.9074723022789629,524393659.999549,-0.07637490691728344,0.0446554138495129,0.04414989741842682,0.9773040515676191,0.023623628399201447,6.243087842844966e-11,0.050255415288574
2021-10-11,0.03862026281032279,0.00032835210150856606,0.0011631725980298356,-0.5597094682908238,0.4722521302658511,474759993.68803,0.01073713286383382,0.04348390225322383,0.04367337157121589,0.8545864018329409,0.023264135314563693,5.757242008272811e-11,0.049054024977915445
2021-10-12,0.021530426678578286,0.00028515012463579145,0.00017840914832584418,0.2302639220826917,0.4601262632198999,561079235.8641,-0.022076916825425418,0.04230046901708383,0.04332364664986941,0.7388109173985877,0.02373661951295298,5.684654855867168e-11,0.04822786458866001
2021-10-13,0.04582944582558728,0.00075116298055057,0.0013491751241298693,-0.2847218465668342,0.6423609232834171,469547658.53613,0.028460660147056324,0.04124296087413477,0.0429083363342289,0.8220269492567224,0.02301644625254969,5.292668966650747e-11,0.0469628800816863
2021-10-14,0.021779891785138995,0.0001591888869874556,0.0003151747991849095,-0.3288318999628794,0.4783331963594074,505207908.3593,0.000644260733118681,0.04099119223659924,0.04231269375617231,0.8872023199761693,0.023207389941280056,5.2976903991289126e-11,0.04683176253166477
2021-10-15,0.04728402779161624,0.0015127449796245806,0.000723034304573756,0.3532149531182297,0.6416264029476677,637135228.431032,0.0062489503124670545,0.03926054252378096,0.04225864541517767,0.8571452712364338,0.021131127790346857,4.8007066610830144e-11,0.044346946756087934
2021-10-16,0.023151069986253988,0.00021936671333136257,0.0003166053281770677,-0.1814247895693187,0.585576458204988,607195581.330414,0.01318290503012301,0.03936007035274966,0.04174150285222169,0.7962352667990659,0.021045871857311164,4.8540000162550136e-11,0.04439653158177835
2021-10-17,0.026343503459015975,0.00042618345794260984,0.00026779671655257676,0.22822949013672672,0.4064940862367988,548202881.592022,0.002313404047582813,0.03794435820899374,0.040775515425503304,0.8553237249234439,0.02086453816576245,4.6764007333411516e-11,0.04306243516832618
2021-10-18,0.07803149367102975,0.005348583240427444,0.0007403307641045127,0.7568266644746542,0.8545201155131246,2764060389.0724587,0.038973461004119574,0.04072249880084488,0.04092279259669709,1.0087087944091573,0.022156574966580526,4.3004918282285616e-11,0.04610703714767314
2021-10-19,0.03262147753286454,0.0002495395358229363,0.0008146212606042496,-0.5310115977571426,0.3432169948949872,816799548.564904,-0.007462418537418425,0.04109054727714551,0.04034820403630684,1.0683898845677082,0.021943641486749908,4.10390646703846e-11,0.04633602045319765
2021-10-20,0.04140474523552272,0.0015926360705618952,0.00012171685745664612,0.858002567070799,0.6390861380746219,862257446.967301,0.037395001461128556,0.04207650701888115,0.03902196228625599,1.0322125623073661,0.021441036814574096,4.146748753543512e-11,0.04699211813079351
2021-10-21,0.024516168714988663,0,0.0006010425284617889,-1.0,0.7776784198046236,821117127.055503,-0.04984954864847635,0.04237785248245317,0.03868658516952578,1.0423994511980719,0.021130729763534483,3.983780972883164e-11,0.04712884305830755
2021-10-22,0.0533844491454468,0.0015348694001306217,0.0013150300104321738,0.07713935056221308,0.5119714658942943,850385655.336416,0.009393206741916032,0.04200293285526837,0.038875343735669574,1.1693685976130832,0.020846938816110435,3.226775286238146e-11,0.04667061423646161
2021-10-23,0.020098506529751214,0.00033388837811078407,7.006158661566809e-05,0.6531175010097472,0.6658294874134735,685596522.769734,0.026191109896171,0.04124557624208295,0.038748377474805966,0.8939471851864913,0.021358436779742807,3.18985521658619e-11,0.04621317333518062
2021-10-24,0.09318944803623896,0.006929555829126899,0.0017547173961719828,0.5958861839905799,0.37884744735326414,2656809278.428506,0.09330516297306748,0.04468266332113598,0.03972440368033434,1.1791019065615271,0.02362655693464147,3.1768557521085255e-11,0.05028094038338455
2021-10-25,0.033015732312342214,0.0003178235797624128,0.000772215000357825,-0.41685810840318155,0.5786496066658436,1641037380.653279,-0.038970047184655375,0.04300906950299447,0.03977974930884053,1.134195548856945,0.023119623794074815,3.0213231932906905e-11,0.0485679305015997
2021-10-26,0.05410465609008208,0.0006887143411358796,0.0022385994694901763,-0.5294564329687727,0.6098997241441347,1309189144.726266,-0.03624488316408043,0.04125857849679887,0.039516052692105036,1.2803941874349585,0.020565646827860423,3.0538158531295304e-11,0.04588110560385423
2021-10-27,0.0729912300211146,0.0007201141963709181,0.004607605463624344,-0.7296726395804548,0.5442767341364161,2522123063.7165833,-0.07281683965131243,0.04156035065089786,0.04011538135886981,1.3473421132345977,0.020998853757249088,3.170138073707004e-11,0.04633807179595258
2021-10-28,0.357115627975496,0.11514842848208565,0.012383143262247214,0.8058027029248547,0.8617463951765073,10852734149.47199,0.23142777090190722,0.056271371339873553,0.045338647404119116,2.640117376761584,0.07204359729068484,3.079013021681018e-11,0.09005326733014248
2021-10-29,0.028428923571238288,0.0002127495230896757,0.000595454172329632,-0.47352499302963924,0.48912528613888867,2993836860.6693277,-0.03932470469539615,0.056251684727431084,0.04503350324188439,2.365667466630844,0.0720515233509257,3.1098361515961014e-11,0.09004700705529417
2021-10-30,0.04391293922648104,0.00011862304508522754,0.0018097231864233896,-0.8769691426290971,0.7003059718495668,1662316397.000281,-0.06910679124298916,0.05773159563780719,0.04546777749432791,2.3868905876127227,0.07143166913921745,3.20595978963961e-11,0.09051212677313714
2021-10-31,0.06887483670254624,0.0032359980952451333,0.0015077450355572776,0.3643226481775204,0.4011394389960502,1847925323.638299,0.04015902125422601,0.058391850623888415,0.04628118541555962,2.424381002793435,0.07146932012040366,2.6159013502898353e-11,0.09096285138513235
2021-11-01,0.02917672204680365,0.000680866476048869,0.00017041463334756932,0.5996278280663506,0.7551514141527654,1226411839.24802,-0.03036025096093731,0.05794215820657798,0.04618794330369759,2.255784934216478,0.07162947568350854,2.6260891108951715e-11,0.09079511298581501
2021-11-02,0.019683704232413595,0.0003070166884813885,8.043152382774838e-05,0.5848140666418988,0.5116786685098877,950264270.715843,0.009263224131872761,0.0578542190424749,0.04628231449944384,0.8151988200748888,0.07167753080369214,2.485140611077825e-11,0.09077515191882284
2021-11-03,0.03212438557693202,0.00030164467291547334,0.0007303314757799247,-0.41540378952206203,0.6788897709619793,924547612.447661,-0.019133002060898508,0.057201597125872264,0.046172615380118395,0.8308545447417455,0.07185466351561501,2.2950525913504317e-11,0.09049449611456453
2021-11-04,0.04062729080387833,0.00048251499409245437,0.0011680617639704422,-0.4153377093971321,0.41849460610413663,761712542.560604,-0.022845254292288807,0.05809909231724081,0.04600955704278578,0.8131034746295545,0.07150697460725965,2.4317988963749083e-11,0.09080343591136536
2021-11-05,0.005285429634878372,3.9229709214310375e-06,2.401279550381948e-05,-0.7191434906983507,0.8065012783226869,636748101.040063,-0.007821929725143418,0.056099159071681864,0.045651367268079154,0.5436219723220557,0.07240623982164035,2.4435907786398325e-11,0.09022266105420076
2021-11-06,0.03203133424413183,0.0003947663439630772,0.0006312400294962152,-0.23047974325524034,0.5225684570331246,570167645.929234,0.003823073051153995,0.05652202879824747,0.04566022274213365,0.5780075286045264,0.07222991060662047,2.3721338212540785e-11,0.09035188728460147
2021-11-07,0.019393503228749026,0.0002712809499308343,0.0001048270175526647,0.44256954589900416,0.36854476852941415,557807736.214965,0.017812031414954046,0.05619107640633,0.045523298496205546,0.5874618460193721,0.07239084321408404,2.5040968111065016e-11,0.09026808275424304
2021-11-08,0.0431235375221594,0.001709446723444302,0.00015019276498078767,0.8384710951605094,0.8155848548334084,2266121283.868992,0.05597701233549055,0.05452879278019332,0.045963574297940554,0.6330779704739393,0.072264933905452,2.5545806606733377e-11,0.0891455704987654
2021-11-09,0.02198245239381431,2.2324454446364947e-05,0.00046090375879994755,-0.907602851677927,0.39601332614453816,1128190387.769228,-0.029456734085444688,0.05402217253547664,0.04409969134212577,0.5519097306592207,0.07246321732881711,2.6354070906262952e-11,0.08899027634078009
2021-11-10,0.04661169448898372,4.693076417512514e-05,0.0021257192989592305,-0.9567985981990851,0.6907168621765609,1413532851.010433,-0.07046444994184783,0.054270122499927166,0.04374949975502997,0.7319296123508346,0.0724267843974842,2.666269782473289e-11,0.08911281028173873
2021-11-11,0.024776428772652535,0.00039449530058836114,0.0002193761221379633,0.28527012655624023,0.6391927884928739,829214296.502878,0.020930185385286702,0.05428251583600639,0.04374305092303072,0.7013544372110607,0.07242146054228156,2.4973724477508917e-11,0.08911623789207017
2021-11-12,0.032914870494448065,0.00022974802975059917,0.0008536406699156886,-0.5758714673295602,0.4460284533125281,770665744.485377,-0.00472959565043107,0.053307773995482644,0.043697073422889754,0.7604643812225614,0.07257174936930962,2.4739972386215207e-11,0.08864301607218869
2021-11-13,0.01192703988283558,0.00013977136443194888,2.482915934801686e-06,0.9650918632690645,0.47086948701917963,373514953.771958,0.006989007366606171,0.0529186565361057,0.04356100169963552,0.6236186710046233,0.0727803222650834,2.381185444952098e-11,0.08857269669101804
2021-11-14,0.01637723899425922,0.00015174971609067565,0.00011646424098440909,0.13155719221721415,0.4544325478519002,575460494.15727,0.006369083905051359,0.04926093229601144,0.04330821425722105,0.5986500787836152,0.07258515235540951,2.266654724673154e-11,0.0862806923480613
2021-11-15,0.018456628205146233,1.6777141356949457e-05,0.00032386998334605,-0.9014984120498479,0.70728401957113,478391886.52447,-0.023345867321481688,0.048567641624240196,0.043174701097414364,0.47292883678351794,0.07281723415033917,2.3859571766132402e-11,0.0860736461680344
2021-11-16,0.029755958392289478,1.594021067740228e-05,0.0008694768491662604,-0.9639938930469291,0.7994050877141374,1001251053.625224,-0.0823770902117991,0.047408179829107215,0.04324043676292944,0.49901128936566463,0.07291844118540552,2.6459056280828147e-11,0.0855069551910913
2021-11-17,0.026999729200807048,0.0005578873670754298,0.00017109800984148294,0.5305858930528751,0.5270301797318622,476320895.20516,0.0037534573725514584,0.04521810836147352,0.043386320677450206,0.469319814170889,0.07280222147174141,2.5459477928483565e-11,0.08421669691479262
2021-11-18,0.04423817434674887,0.00012597504901232953,0.0018310410205210205,-0.871258033111227,0.3852522054848106,674706562.7483801,-0.07153692331859454,0.03031918199819985,0.043672109139577586,0.6128767882716428,0.014252418060385567,2.949292290198775e-11,0.033357327423206705
2021-11-19,0.050319719084383374,0.0024048389550257424,0.00012723517370551447,0.8995012252905342,0.7178948502133853,481587114.48003,0.051709083534213086,0.031361600832159144,0.04370036506719068,0.7697652405199168,0.014893383498456527,3.39803996964423e-11,0.03456588435252261
2021-11-20,0.04021505741238899,0.0005721013822654144,0.0010451494604163283,-0.29250136445531266,0.640654378991031,334376653.29515,0.001243967988833663,0.031185511221964283,0.04415206835041951,0.8704498921171854,0.01475881750006414,3.217790797174618e-11,0.03435092858915687
2021-11-21,0.012486823853537707,1.1257434823245102e-05,0.00014466333512603316,-0.8556005742287293,0.6165647325839211,283432351.43878,-0.03250122706791718,0.02850036775296387,0.04384921074212173,0.8089858467883713,0.012518385737972516,3.6603535994501705e-11,0.031008362798899236
2021-11-22,0.02381076975791049,5.317338232711585e-05,0.000513779374137109,-0.8124239393111722,0.9056973065848029,375237913.72498,-0.02815569566398853,0.02824484621539753,0.04322363555839978,0.7951830850719049,0.012558589466055736,3.899776948840226e-11,0.03078926952836708
2021-11-23,0.04651131214367351,0.0015919928246054468,0.0005713093327207839,0.4718173503539578,0.5867991621556388,862632273.76396,0.03279276097920967,0.029522351354028958,0.04322567980452923,0.8175027027777468,0.013000887673598974,4.034380338972254e-11,0.03213321632925462
2021-11-24,0.019353558616887086,5.814035151517245e-05,0.0003164198796221119,-0.6895540600312008,0.4763675444508263,472787457.94598997,-0.043510578491872745,0.02891421673688396,0.042452924912297,0.6719146824454562,0.013170666246816396,4.3740729296220095e-11,0.03164234618006314
2021-11-25,0.019920908140494582,0.00023800098833514776,0.00015884159280687556,0.1994730386554521,0.20947874328538102,486388815.14772004,0.01928616551731732,0.027928198514818064,0.042339494356219365,0.5844511520346467,0.013024199807459195,4.420071894587316e-11,0.030684465846850487
2021-11-26,0.08981641871852718,0.0010280914827503268,0.007038897588671472,-0.7451114725337972,0.815149182376998,946963362.64597,-0.09214460702002251,0.03195348370927754,0.042437728434913446,0.9286713256575234,0.01784627564940848,4.82493462618668e-11,0.03639159939394292
2021-11-27,0.010163248520753506,4.578865858290434e-05,5.750296191169399e-05,-0.11341000627831423,0.3929803637871502,296423698.20071,0.014844214572249046,0.030912146293878565,0.04226474848162524,0.8700880589210248,0.018468659025619467,5.0314704266476254e-11,0.035782813034877556
2021-11-28,0.04666264500832382,0.002102244182482347,7.515825669050091e-05,0.9309652131013024,0.9403833686397406,394914651.78172,0.011207453020389068,0.0322106768548107,0.042115370490044816,0.8620609091613778,0.018576620497028816,5.014552450440834e-11,0.03696194848641377
2021-11-29,0.057973749525239086,0.0031458446689193796,0.00021511096509577925,0.8719941656362794,0.919797870547462,944461584.76392,0.036801766165971576,0.0329178298073383,0.04272304046279217,1.0253720887898636,0.019282064977623366,5.082477138800803e-11,0.03791670978527019
2021-11-30,0.041342514562891945,0.0005087521398885333,0.0012004513704943994,-0.40469097237630686,0.3672928659920737,882320812.56294,-0.0017685939637481492,0.03383973752967533,0.0429841524474325,1.131773584594318,0.01919570946756259,4.96769028359735e-11,0.03867889162055357
2021-12-01,0.02785801880041786,8.858675020195901e-05,0.0006874824612824758,-0.7717039952338433,0.6836414524198103,408475594.86555,-0.02552085488284895,0.03294670535402934,0.04309777829094588,0.8493258711728543,0.019007124556130846,5.027825525042356e-11,0.037809427487281014
2021-12-02,0.051238483881612173,0.0020624224685641657,0.0005629597619220644,0.5711407235221498,0.7342425228378733,903754552.96089,0.0017185415724724473,0.03420680321636075,0.04362239051160677,1.0269837852162307,0.01931308706687734,4.916685397144643e-11,0.039055589047624274
2021-12-03,0.0355842279832689,0.00011698978345667729,0.00114924749770858,-0.8152166498383034,0.5856172937919251,513439051.33428,-0.04787238845943917,0.03433391547773317,0.04321487410949473,0.9886814730742449,0.019312943252931987,5.331455262431004e-11,0.0391669007092262
2021-12-04,0.19170831028629254,0.00987245668913887,0.02687961954368655,-0.462753797821022,0.7243834644671349,1586571483.635445,-0.11488506220822023,0.04289492835408827,0.04568638704409231,1.5465013764660962,0.03884927144645254,5.587166896024008e-11,0.05724832718993078
2021-12-05,0.056891885807458735,0.0005195295560572053,0.002717157114671719,-0.6789744520187345,0.7679078724942499,507851273.46866,-0.03956207600284366,0.044824197249954914,0.046255930955700776,1.6215223331677289,0.03847069089543779,5.905419778950202e-11,0.05846987950691102
2021-12-06,0.0580468825377441,0.0020639718929817558,0.0013054686793689053,0.22511250675766845,0.45088049764077553,620611139.70488,0.035681197091625615,0.04670944745626909,0.04609538619450125,1.7498523944956579,0.038082039292286464,5.946814675840553e-11,0.059690493958121066
2021-12-07,0.02353960500974022,0.0001449450894603279,0.000409167914554259,-0.4768392425003898,0.5990413542978906,353775260.68604,-0.007012016968608095,0.04641343062852865,0.04502672965147825,1.629872027368039,0.03824422505132708,5.649416484979853e-11,0.059558195786588254
2021-12-08,0.04682069771225608,0.0011081296919217226,0.0010840480423407388,0.010985263286184186,0.49212093246050753,322692129.75149,0.015988630863802256,0.04735728627193099,0.044711915094767456,1.6590048842787524,0.03798485285340501,5.84783329271908e-11,0.06014029025448616
2021-12-09,0.03308536146011422,1.742731993814077e-05,0.0010772138230082705,-0.9681588435617681,0.662521523613468,403497779.80288,-0.05859512720308769,0.046826199943996005,0.044472251094023134,0.9687800521232667,0.03810840904451854,6.034458281093282e-11,0.05979790162872964
2021-12-10,0.049716065524897005,0.00064443224848125,0.0018272549227946026,-0.4785486966389824,0.30766068913192895,321855414.32343,-0.029569462016469365,0.04679745453640142,0.04480358003199721,0.9331197079158138,0.038105869687563,5.960647079822576e-11,0.05977385272672817
2021-12-11,0.022512816705368376,0.00036996424013258756,0.0001368626758769258,0.45992341150896243,0.3711006346757931,224762600.41182,0.02956946201646933,0.045954490693209955,0.04495719918432714,0.7758495833135155,0.038452983906803254,6.569401271362557e-11,0.059329892465392636
2021-12-12,0.022246339008094917,0.0004332461541680844,6.165344509500117e-05,0.7508446352076088,0.868976734773673,237786221.83699,0.003959699036214653,0.04641922951009363,0.04443714929564864,0.7768808398287167,0.0380854929952628,6.102649889216626e-11,0.05946577157466299
2021-12-13,0.05133223894399966,0.0003086727460973963,0.002326326008906479,-0.7657131749977298,0.7019709730540525,369952551.16223,-0.07557000718515328,0.04772977566181217,0.04463892669459589,0.7883309143872209,0.03774057669647109,6.718055639548184e-11,0.06028811134753549
2021-12-14,0.3087756250481631,0.08061749022002918,0.014724896403854621,0.6911154225257049,0.8069025918252901,5037917503.82341,0.1934447901694601,0.06021855246678786,0.049198374287763906,1.8277120282314008,0.06832097516442744,6.719879477952401e-11,0.08984294980779017
2021-12-15,0.08286503083781102,0.004278296373240446,0.0025883169625109254,0.2461154179063145,0.6230577089531573,1554638836.5751,-0.052908725554924055,0.06324290828683186,0.049786240716529366,1.9225272356459158,0.06782549185887711,6.443702891103314e-11,0.0915472611064859
2021-12-16,0.04008577237841022,0.0003363561790877928,0.0012705129680859232,-0.5813521223188564,0.5364192037634119,571233403.92353,-0.04396685073111654,0.06420313991720879,0.05007681024975589,1.9828450694975261,0.06732237415017034,6.62140065898692e-11,0.09186142459578603
2021-12-17,0.026015461304966767,5.3068603004244865e-05,0.0006237356239059782,-0.8431788665194484,0.39192629224351433,531828962.82563996,-0.027527360373937246,0.061164999087991626,0.04973921395631701,2.0322020251950375,0.06754793249148601,6.404517056128057e-11,0.0899255679144865
2021-12-18,0.012864100601341777,0.00016218966845282003,3.295415828621817e-06,0.9601726543158745,0.5004419872609612,281062404.21125,0.022720911650051433,0.06129361109182917,0.049575928727985066,1.8910680103695454,0.06744846719873764,6.55100130563204e-11,0.08994203332289404
2021-12-19,0.01792196751082302,3.086403803149268e-05,0.0002903328814275032,-0.8078185925103009,0.6197446199613339,240410964.56010002,-0.017211524280534143,0.05992500740147198,0.04944225355420423,0.7280359430285811,0.06804910515586463,6.756775890600696e-11,0.08944930753908935
2021-12-20,0.04022985442001196,0.0008734400049076798,0.0007450011817476755,0.07935958638412675,0.5396797931920634,351670162.62285,-0.013135794690490553,0.059080060015508785,0.048842227534346805,0.5524243620401609,0.06818457055527886,6.749093655325191e-11,0.08898427805391738
2021-12-21,0.013983074265834262,8.653691911150662e-05,0.00010898944681232975,-0.11483120240453452,0.5574156012022672,290315227.35777,0.021191748417034598,0.05777722952517271,0.04854637986344156,0.4532564348088717,0.06879905018536273,7.087146843210737e-11,0.08857833751406165
2021-12-22,0.02306561506497139,0.00034714339203590456,0.00018487920628953053,0.3049949123535501,0.6226058281784632,412370899.74702,0.012976237473671689,0.05754901982348478,0.04825528255914709,0.4407676615609867,0.06891111284226069,6.939475929570277e-11,0.08851271439438368
2021-12-23,0.0371256697214797,0.0013783153522683948,0,1.0,0.8543541506087545,476766955.48238,0.06739603704481797,0.05687698105395467,0.048455433368773934,0.5502090171349915,0.0690444188441138,7.603566348322878e-11,0.08817662089467787
2021-12-24,0.035929443943959784,0.0007825456177225853,0.0005083793243995632,0.2123797320642986,0.34467022109011447,654814449.93413,0.006356410111249536,0.05689341990922566,0.04817836979414716,0.6244532178430995,0.0690391366447751,7.205797277679733e-11,0.08818328682526215
2021-12-25,0.024966739316076573,0.0004918184106345104,0.0001315196614424133,0.57801498950899,0.6144156473069694,480218618.49,0.024242003999177423,0.048953345101120135,0.04825564333043804,0.566770035880704,0.061987242837663936,7.101370074776599e-11,0.0778195089448248
2021-12-26,0.015542965940414445,0.00021395848947597376,2.7625300748909694e-05,0.7712983911445872,0.5518940333919683,302794605.45092,-0.005570459514339155,0.04698434891697517,0.047023159487647175,0.585068500322747,0.06237795389157518,6.818017294607909e-11,0.07689767243371544
2021-12-27,0.018490898896990647,8.15558722678399e-05,0.00026035746975089006,-0.5229441952377963,0.6222107869586979,327156661.28295,-0.010274425728850324,0.045100730648367865,0.04679260657629238,0.6432008820171704,0.06262394562166369,6.693786677840485e-11,0.07595448678237421
2021-12-28,0.027012075670596318,2.8934654339026523e-06,0.0007267587666001189,-0.992068919118258,0.4662725696509015,496158602.4514,-0.07819463466056126,0.04526608639412292,0.046362565617252924,0.5942825842850761,0.06256872797637261,7.349879714445819e-11,0.0760094933099276
2021-12-29,0.028411751016069763,0,0.0008072275957991411,-1.0,0.6800257706456955,344819346.46994,-0.03425092578346766,0.04438946988478071,0.04565495483939507,0.5611780908477078,0.06267472721508974,7.586938887691673e-11,0.07557442071652574
2021-12-30,0.03266099637419872,0.0007536538734712079,0.0003130868106842139,0.4130029625108067,0.6046916743196739,255123489.0947,0.018472595859572304,0.04436926202354664,0.04050488132191416,0.6079108243186362,0.06267862246325269,7.24021756008118e-11,0.07556563023863874
2021-12-31,0.05031945205934393,0.000637530889309186,0.0018945163662434264,-0.49643049677598006,0.74821524838799,286939201.2138,-0.004394838751648565,0.04439799471566316,0.04085235002807457,0.7742386435675933,0.06268133430084263,6.875667043896279e-11,0.07558464634494322
2022-01-01,0.011323144595068406,0.00010799143046743957,2.0222173053387308e-05,0.6845549536387152,0.6722474183911605,162661661.97672,0.0167718816138284,0.04386515318660126,0.04033505170059183,0.7414166291844132,0.06292376966085247,6.740192577104944e-11,0.07546528710429408
2022-01-02,0.01617170658226893,0.0001737142366420156,8.78098571409846e-05,0.32847596662474327,0.32388064861672355,185714764.91217,0.0071358995329378686,0.04357588497584764,0.03949849407963505,0.6922948174141479,0.06304197507491727,6.843866990227764e-11,0.07539162047883677
2022-01-03,0.01973396512316089,7.998854108492304e-05,0.0003094408383972074,-0.5892013017030554,0.6393064881504901,257123860.04302,-0.024259793426064213,0.04207120527009341,0.039348609049101035,0.6547217708813144,0.06322441904080946,6.320443910705562e-11,0.07467907714614659
2022-01-04,0.018511214037357327,0.00010514775874060234,0.00023751728639625252,-0.3862942238616253,0.6588498331779433,264158799.8394,-0.010987823212798172,0.02824909046005504,0.039329998093623954,0.5803571950926792,0.016368110618558942,6.335671308964147e-11,0.03245255456424807
2022-01-05,0.06292913428194163,2.2128137007832185e-05,0.003937947804466809,-0.9888243875446531,0.983099165847534,458662668.49839,-0.058018286170437736,0.027299762052632688,0.039818962358782836,0.6352332136935581,0.013340126850298496,6.775964884134046e-11,0.030245028602414847
2022-01-06,0.03149920885606691,0.000857750325082856,0.00013444983347526805,0.7289864704906882,0.3818418784914407,308576520.98433,0.006337276111190582,0.026890878075378245,0.03967407216913503,0.7311997359393687,0.013057224193528111,6.50724513739498e-11,0.029757214307156752
2022-01-07,0.032731013381155846,0.00044998163924370616,0.0006213375977136969,-0.15994854993610466,0.5799742749680524,420587541.94852,-0.030486293407060053,0.02721066626948249,0.040109716355583885,0.8160187487353348,0.013116812387920574,6.605936630800583e-11,0.030071219336300952
2022-01-08,0.04987462418931453,0.0005987698453503759,0.0018887082926749821,-0.5185727776279481,0.5792559786392096,266468886.16787,-0.026865238689735615,0.02897307215462405,0.040392943180110594,0.9537797718542547,0.013571327904697023,6.701079661367181e-11,0.03185669992590647
2022-01-09,0.03374170131269813,0.0006337720289940794,0.0005047303784812556,0.11334332687005709,0.5525083499257587,193977996.14943,-0.0031197131273030185,0.029726392811856194,0.040620692356046297,1.0334733680900925,0.01336471922613844,6.43674978532927e-11,0.032461802770678165
2022-01-10,0.04982878404670571,0.00012123165760472623,0.002361676061968507,-0.9023470291311804,0.8041634929176577,359382663.96929,-0.050936462629936216,0.03018348469884161,0.0407271248405629,0.9594188828481841,0.013895521283167352,6.93380036582419e-11,0.03308978259400472
2022-01-11,0.12152056053468889,0.010766021996687738,0.00400122463597725,0.4580946962548069,0.7116969789035722,1171840237.72171,0.07250773177622934,0.03530431737831088,0.04230709481105297,1.3480284717578788,0.023865285337400673,6.880845370415275e-11,0.042294505002327266
2022-01-12,0.045916716834372956,0.0020221477633625136,8.61971214854751e-05,0.9182324276213568,0.6297868349991131,472508628.42241,0.05697403106077777,0.03639246508161572,0.04229606341970994,1.391345593633943,0.023800219220317234,7.305180438369324e-11,0.04317277057841863
2022-01-13,0.06612977004338175,0.003107346418695057,0.0012658000672954937,0.4211032850829462,0.6184328996416539,1386472799.8784099,0.053847197843364704,0.03777361271599201,0.04295246566210247,1.4389255401732108,0.024670548708431175,6.816975666099838e-11,0.04479396305066667
2022-01-14,0.12777685257209195,0.012918085260474301,0.0034088387927558197,0.5824273106627926,0.7360336507902221,3983124491.48578,0.06512827902629444,0.042147298841141156,0.04445821140936666,1.7915328860932462,0.03151839935727119,6.848613094877094e-11,0.05217757260985125
2022-01-15,0.022787854569037872,3.0194482476882393e-05,0.0004890918333827379,-0.8837077675466999,0.4280100375099505,1191295001.73106,0.006746489136153601,0.042043542424615506,0.04463060529327464,1.677957400766043,0.031581308035407325,6.635193917096288e-11,0.05213007038094369
2022-01-16,0.02329344793035695,8.11413502244516e-05,0.00046144336625979877,-0.7009080876799563,0.4290684718055371,735381601.04194,-0.04343932626968168,0.042412612995565147,0.04474038638749841,1.2505706976181707,0.03130016402455516,6.828877870388345e-11,0.052267366638879605
2022-01-17,0.020969625407021842,0.00026362494310284447,0.00017610024660797145,0.1990440814919732,0.36830916583829454,831316285.3105199,-0.03298425470967776,0.04253064759128092,0.04478027523197262,1.151214120755681,0.031209987259776417,6.868267994869278e-11,0.05231190421305672
2022-01-18,0.03654200627871818,0.00018742698636346723,0.001147891236510412,-0.7192774229350576,0.7483017392056811,650280720.04924,-0.03507877902759635,0.04298445381071529,0.044887990277788954,1.0258838474275502,0.031041890328748066,6.374667884024008e-11,0.05258684778587762
2022-01-19,0.048625664401003126,0.0008179481084213169,0.0015465071300176656,-0.30812975849665253,0.5964195817066807,606657882.95528,-0.021134665183250988,0.04394702111475973,0.04523125909049048,0.6728398497836275,0.030880399480667536,6.067562199785406e-11,0.05328724291351191
2022-01-20,0.06637559175191651,0.0002913542162859312,0.0041143649641311566,-0.8677381810529518,0.8899262439920922,471391155.4013,-0.03997122684451447,0.045552478037508205,0.04558264666835028,0.8486613358409828,0.03113962149540902,6.126551212828456e-11,0.054758827903234795
2022-01-21,0.061739233021365886,0.00050881256839194,0.0033029203256745754,-0.7330282144459931,0.7363734944268816,788525250.70857,-0.08966249822989655,0.04609627713093782,0.04576390879433413,1.0015719468103295,0.03132618510654869,6.595088500636558e-11,0.055312445658223165
2022-01-22,0.09897674752327151,0.0016806993414686013,0.008115697208816833,-0.6568739673120662,0.7845743924150512,911974289.51265,-0.06365090334666426,0.05027025822275701,0.04669663403418941,1.310600674339462,0.03228614748456392,6.436448609594397e-11,0.05932837692728109
2022-01-23,0.052510225127872706,0.002405301530994934,0.0003520222119849399,0.7446638517648237,0.6882693602184542,555514657.99013,0.062240366403577954,0.05200066386778576,0.04733192611790901,1.3618286833327087,0.03132677148864366,6.787005429709514e-11,0.06032167032806906
2022-01-24,0.06328845677348456,0.0012147004815670915,0.0027907282792021338,-0.3934729318047771,0.3904266776700181,639756613.81064,-0.03248878376560374,0.054074687279705935,0.04795855607053717,1.401648211627097,0.030514974703792937,6.579540789055044e-11,0.06173244169718386
2022-01-25,0.04625070707881886,0.0018217859694678133,0.0003173419358228918,0.7032978392381214,0.4331393815068264,730602498.48289,0.039100145588333746,0.05539561551977554,0.04795441948220615,1.339258006916829,0.029481422778474757,6.636312935786133e-11,0.0624214723342835
2022-01-26,0.06054664535917584,0.002067388640023168,0.0015985076242266412,0.12790351444723133,0.5639517572236157,587824146.9295499,0.003009626068751484,0.0552821636663105,0.048608278001925014,1.3114620452646575,0.029455555237124405,6.058339049032143e-11,0.062309161865021064
2022-01-27,0.02995245298226947,0.00035955113335381475,0.0005375983063012486,-0.1984587684922253,0.5992293842461126,356373736.14681,-0.011880214242720111,0.05520850862470109,0.04876750887242938,1.035844658007202,0.02951986285876734,6.119287911604583e-11,0.06227283057330641
2022-01-28,0.016500628563982316,0.00014967112568817768,0.00012259961731833145,0.09942863515526176,0.2897892333128671,290135193.1822,-0.0004243881800858277,0.05443563315721665,0.04760376617156359,0.9009197667662034,0.03033888938650111,5.781086543562713e-11,0.06196656759356895
2022-01-29,0.010550935390244983,8.205992372375293e-05,2.9262313885371117e-05,0.47427729600410484,0.5346008104037737,222379247.88897,0.010836019341279327,0.05256307654773714,0.04760991993139679,0.6888570522820033,0.03181225569340403,5.533030518802754e-11,0.06104674617337232
2022-01-30,0.02126573303718768,0.00010684435750587317,0.00034538704410306235,-0.5274792633782375,0.4726868568699414,222718201.7982,-0.02724345561110706,0.05196898282033188,0.047206794344553354,0.5851360427855272,0.032294163479360906,6.038933937578131e-11,0.06077849658101313
2022-01-31,0.017020011819192743,0.00027189803957885416,1.7782762746606527e-05,0.877225120865087,0.5026246009885249,257990976.2727,0.017396702820197854,0.05040666033330746,0.04655673501588595,0.40655009417176097,0.03318422225791866,5.6851159275675756e-11,0.05991315606472777
2022-02-01,0.00932880244155523,1.812406118893165e-05,6.890249380463517e-05,-0.5834820488925152,0.3290162067029753,228531659.05777,0.005287101244856682,0.045064195662205854,0.046048580855229816,0.32156180384981614,0.030045528153437816,5.5006397054644754e-11,0.0537636324172734
2022-02-02,0.04330721429128707,0.00022924113794372755,0.001646273671727731,-0.7555432388359711,0.5309495548004335,293214238.85779,-0.03834083599819853,0.04493993363634462,0.046293806180481706,0.461592935805629,0.03004722214240175,5.54912888019453e-11,0.053660423258326186
2022-02-03,0.02831971317075346,0.00039499417362131976,0.00040701198045242713,-0.014984681563930112,0.37505046647413776,228944000.50067002,0.00691590861225311,0.043139454737648034,0.045930016169198236,0.5483613401186611,0.029846153455099476,5.508035154853668e-11,0.05205176964083801
2022-02-04,0.03970283493832236,0.0015443109947970465,3.200410734262397e-05,0.9593937693051574,0.5351895185602414,312299850.29678,0.0697134110039312,0.03894545389794472,0.045995390882770514,0.637631431111933,0.022687878107983173,6.4931534114112e-11,0.04479929433251086
2022-02-05,0.012876778097429167,4.8776949820487285e-05,0.00011703446434994423,-0.4116575138747537,0.5941388289999029,288370526.20035,-0.006041904262743209,0.038473497875487164,0.04315679513374093,0.6209984068779237,0.023139389048269104,6.565956853664105e-11,0.04461103713785708
2022-02-06,0.037455981572525256,0.0013435282683826873,5.942228717866441e-05,0.9152895489536503,0.5585129636947085,350462235.92099,0.047151258461542125,0.03914790423939994,0.042848288717313415,0.7545405884702873,0.022879769044743283,6.925336576965107e-11,0.045067886974830294
2022-02-07,0.05017763221187137,0.0021504578028646894,0.0003673369715251419,0.7082073763425272,0.6484571276259784,780210666.29307,0.07132007353736017,0.04053876170629754,0.042723379981982106,0.7814126065877935,0.02260559392528448,7.171689721726249e-11,0.046152682813511536
2022-02-08,0.04816148205965496,0.00042071120833871595,0.0018988171458437506,-0.6372441771792883,0.4637021290784437,543350335.18954,-0.04465248324119988,0.04109207007681833,0.04311420342721885,0.8739350393023767,0.022645043820584805,7.306146187371004e-11,0.04665766046422105
2022-02-09,0.01410602062923348,0.00019738841403173346,1.5914039606270357e-06,0.9840043681144776,0.6120775399114848,334100501.14568,0.006995459439849839,0.039448277516257874,0.04259492283859944,0.757645091237021,0.02331384661573996,7.239957255982131e-11,0.04553920731447146
2022-02-10,0.03238949867293017,0.00017133345046153403,0.0008777461738222112,-0.6733642585451772,0.42605781100255885,433077597.25054,-0.050619266251095134,0.037829892131544245,0.042583877397533026,0.8451414940934686,0.022517162777463275,7.392759589686707e-11,0.04374905054931956
2022-02-11,0.04098615844965741,1.2122599594288143e-05,0.0016677425848661354,-0.9855671756204866,0.792801343036522,319585258.82589,-0.04651372432853454,0.03684165048527241,0.042445307443957796,0.8649656827888967,0.021861208536630313,7.544354452189875e-11,0.042573018614912375
2022-02-12,0.015868189866450985,8.692331937867704e-05,0.00016487613025906064,-0.30958292797118436,0.6486170378515521,242938421.05024,-0.0014545457109942127,0.03288410012066191,0.042339837176673396,0.7956638974417312,0.01704179896224493,7.240510058322124e-11,0.03685047204779485
2022-02-13,0.05329284702151036,0.0018836235974641269,0.0009565039461939787,0.326435921281201,0.5389902946105656,1017337660.70967,0.02566612501869483,0.032921367829882746,0.04283263889117205,0.8333967844403865,0.017087658175025788,6.827118680120639e-11,0.03690393377775388
2022-02-14,0.0227171533231071,0.0002711772878500992,0.0002448917672554569,0.050934114988285706,0.2883663579280362,499337703.98008,-0.015457731773393704,0.030989400998912394,0.042378431182903915,0.8860341857714202,0.015721553244458415,6.732706448104213e-11,0.03457947862951175
2022-02-15,0.017597028329214063,0.0002877462912125615,2.190911480660076e-05,0.8584935745946901,0.754761151119105,313877308.74022,0.03948987866266619,0.029624940106074072,0.037756548695301546,0.8097679137831306,0.015573528962211041,7.076970408020705e-11,0.03329598480640437
2022-02-16,0.026093213740537937,0.0003539467850290696,0.00032690901828032827,0.03971144347646057,0.5185774793191267,259753964.99497,-0.01971688464938354,0.027984300505186552,0.03685540874137658,0.7253122085374591,0.013875322803087927,7.41404687373689e-11,0.03108822639479462
2022-02-17,0.039530059719809885,8.391990404387754e-05,0.0014787057174078585,-0.8925911582507998,0.30663054801509376,322809142.53682,-0.07216427666053085,0.028440377016498,0.03684658790552578,0.8437780312490455,0.014098855393256712,8.319830283691217e-11,0.03159378360317616
2022-02-18,0.021767938059337567,0.00012867304375383242,0.0003451700836013246,-0.45689602180348254,0.38304653997487637,239828030.87888,0.0009394082419356622,0.02869120127818158,0.03677916690162691,0.6822866748049962,0.01392156088143806,8.331517341185443e-11,0.03174532796071425
2022-02-19,0.029326594103535834,0.0003854295245878218,0.00047461959712572085,-0.10370346330939648,0.4896244825817155,397193914.48021996,0.016618103222903354,0.029585280264528762,0.03704047632229665,0.7127298295653358,0.013286731545340305,8.298713106072392e-11,0.032302004713038096
2022-02-20,0.014470238094590443,1.13092776839198e-05,0.00019807851283021668,-0.8919776778182655,0.8064030974839075,255208576.73191,-0.03035670570914174,0.02926168526726223,0.03698568696648343,0.6987938271579278,0.01357901938418696,8.282646788827375e-11,0.032122508105694836
2022-02-21,0.0755865313160915,0.0005630110467378904,0.005150312669660591,-0.8029129541104325,0.5401642670252647,437703998.09358,-0.06386032180392477,0.032050567148066936,0.037546904060072,0.9462727256594259,0.016614140116651195,8.656299079136389e-11,0.0359182994752589
2022-02-22,0.023172624536461454,0.0005369705279078154,0,1.0,0.7165433018575238,292526431.41139,0.023521423699908825,0.032709796771633895,0.03769276993738354,0.8654231011077804,0.01592797233222562,8.929026529337183e-11,0.03621533018856091
2022-02-23,0.0353342774687392,0.00036013527418477924,0.0008883758900530713,-0.4230964295707798,0.3110260413697657,248423191.23431998,-0.030569221079356584,0.032330133113417335,0.037887510610459224,0.9326275877750757,0.015756842416559457,8.892324261971807e-11,0.03580073776079582
2022-02-24,0.0728235281795883,0.0046673050518181314,0.0006359612047051599,0.7601624455785546,0.5024470063179051,685377139.97172,-0.026434660270684796,0.034449362399552326,0.03845414328439745,1.1323323838197359,0.018020654048289664,8.93214163546772e-11,0.03867865746612123
2022-02-25,0.03569482550276106,0.0010433779729127287,0.00023074259475983273,0.6378010046861882,0.5136119432003649,334535574.2896,0.028401734041417662,0.03425850480738274,0.038450419182156206,1.2318571759595611,0.017983418323775865,8.273442150996396e-11,0.038492185277722676
2022-02-26,0.013538969764271177,2.9206081798954713e-05,0.00015409762047889446,-0.6813366949382775,0.4315268813511762,196128330.20018,0.0007840063122086221,0.03429003774389902,0.03826902601466723,0.9220682655849448,0.017944590698333224,8.192706609536026e-11,0.038503003695229854
2022-02-27,0.04893713536266797,0.0003606507545807696,0.0020341924629233184,-0.6988105509832575,0.849278927220262,253924334.90247,-0.038180502009436325,0.03483675935295344,0.03879909219597284,1.044513796196139,0.018218677202349143,8.268047234987957e-11,0.039111561940900784
2022-02-28,0.05699293913879015,0.0032207143122371853,2.748079944065313e-05,0.9830793419140033,0.49800186268978075,298278360.90664,0.08277571020332622,0.03516129777804481,0.03941023569187443,1.142431285896643,0.018563062885364832,9.154239206156966e-11,0.03955370078638919
2022-03-01,0.01583793225520718,0.00021748928900835297,3.335080911217902e-05,0.7340870988166053,0.5864474390267189,305833224.16261,0.004785413648442216,0.03362208112069015,0.039232868336074596,0.8693980898053894,0.018770163546450138,8.837416452548614e-11,0.038288200288402525
2022-03-02,0.019031510400951388,9.799650666341694e-05,0.000264201881478104,-0.4588793883581448,0.4505297084849454,267041525.45938,-0.007787968073536585,0.03385662825267672,0.039083975627898115,0.7821250469462311,0.0185435078511748,8.876586428745582e-11,0.03838956361029743
2022-03-03,0.02563035265598204,2.464103404980144e-05,0.0006322739432202042,-0.924979533417843,0.9624897667089215,190463780.87092,-0.026357406357085778,0.03353476415663157,0.038972378108561335,0.8400438298064706,0.018628710748596983,8.97898037348179e-11,0.038145564449728865
2022-03-04,0.028515406489391874,0.00010967950038563807,0.0007034489068696141,-0.7302283393200696,0.43801528847995724,238549750.26832,-0.05619188164112522,0.03294091882519036,0.038626282147133525,0.7342544198062999,0.01857800078015424,9.407609965559562e-11,0.03760067695296862
2022-03-05,0.013137193051441946,0.0001710108774274672,1.574963843387379e-06,0.9817486320802452,0.7462503414434569,121996655.87575,0.01956408397822381,0.03281087135780897,0.038655076567075966,0.5148695741258953,0.018712558057294385,1.0142745383544147e-10,0.03755048376163224
2022-03-06,0.023114432479355695,3.987138178582259e-05,0.0004944056070568709,-0.8507464007679287,0.48825107773160425,149863140.32143,-0.035528873350637806,0.03137380399865875,0.03876527856544242,0.5609249437411912,0.0182130966152079,1.1151539406165204e-10,0.036058791207699184
2022-03-07,0.05379640216546801,0.00031622386212401185,0.0025778290238247592,-0.781466424708861,0.8907332123544305,208395324.23314,-0.032972336366832077,0.03285376822924736,0.03930595216928857,0.7321539805600974,0.0187298917473238,1.1757556867696515e-10,0.03759619327323835
2022-03-08,0.02205307597994026,5.523320875893507e-05,0.0004311049514180829,-0.772860888650682,0.8382331253279547,179629493.85739,0.002654679358217244,0.033065960974520046,0.03936217220012322,0.7172306753794266,0.018572988716187094,1.1228821315164085e-10,0.037707919766574234
2022-03-09,0.02179187904294042,0.0001597114529461221,0.00031517453927602367,-0.3273692820511283,0.6636846410255641,198674893.15899,0.03792719029595447,0.032861135512729685,0.038709199894742245,0.6911869772065841,0.01867715569027773,1.1776415459762954e-10,0.03757764131608249
2022-03-10,0.01991317327430562,1.251995833523679e-05,0.00038401451151728275,-0.9368531147373227,0.964197955726412,201147987.56234,-0.039296467360557974,0.031926998062943766,0.038525294568047624,0.7305118759882183,0.01881697797382514,1.16421776967295e-10,0.036831385757312964
2022-03-11,0.019897893925401564,0.00012748599463561992,0.00026844018803091256,-0.35601129595920367,0.6075491423407976,154880047.75489,-0.011714173572571165,0.031837948342280147,0.03832159425922613,0.7231752048672508,0.01887180373021564,1.19836864472584e-10,0.03678098212533942
2022-03-12,0.013228561792796077,2.9309898828778435e-05,0.0001456849482770457,-0.6650198641442975,0.4218490139472393,95235956.60285,-0.00599610747176867,0.031071375375102062,0.03773991072912265,0.5351450049389627,0.01930098646685851,1.2084266334540613e-10,0.03633481820486186
2022-03-13,0.02348657584803426,0,0.0005516192450654662,-1.0,0.7910141445509425,160704559.54755,-0.030082778070435762,0.03150072479193272,0.037577130959842275,0.5487283121531443,0.01901134113809456,1.240923989581646e-10,0.036558388229124335
2022-03-14,0.03878790087786347,0.001207656425128941,0.00029684482938202074,0.6053910510317119,0.652074956645366,370319612.90942,0.021855880628301443,0.02974840905677901,0.03740187884605113,0.6518753542423024,0.01623835523791267,1.1995528209315876e-10,0.03370601775171071
2022-03-15,0.015531769412701313,0.00013536580479162684,0.00010587005629769725,0.122269335747756,0.5031752708339169,160098787.80616,-0.010780346516367773,0.02938455881279043,0.035719517082210064,0.6621180267747351,0.016476916262401425,1.1933279320414447e-10,0.03349646294008973
2022-03-16,0.017811484783294855,0.00031724899018554414,0,1.0,0.3408266696963039,225024118.33831,0.03851992430987436,0.02855014011348355,0.0352734022877485,0.6512770186598187,0.01660375098417553,1.2162461728315125e-10,0.032827842019919465
2022-03-17,0.005489031386147754,4.8075289153376e-06,2.5321936642777533e-05,-0.6808752610586728,0.7117476682028746,146807156.22625,-0.005486041532264304,0.0253437355042721,0.03431085088049082,0.6103866846664815,0.013909477234775706,1.215674517460587e-10,0.028750051473589878
2022-03-18,0.026037280491186785,0.000673514290240264,4.425685136471957e-06,0.9869437257066526,0.7625592501325564,154897570.28545,0.023448529951229306,0.02488385240848285,0.03269593703793677,0.6241940520526189,0.013708329106220937,1.2473325562614358e-10,0.02825200714497964
2022-03-19,0.029797474125667994,0.0008115999602249321,7.628950404492151e-05,0.8281554019617581,0.45453970635938856,234209896.84914002,0.03635864808866849,0.025658066901882697,0.03280720084042296,0.5719922954769106,0.013492989817198302,1.3193526390824033e-10,0.028839688116759875
2022-03-20,0.022030009730793453,8.170030854642876e-06,0.00047715129788421137,-0.9663314576514765,0.6459255708420025,146291644.16351,-0.03602582225676206,0.02437677520512677,0.03278714626582672,0.6195521998227339,0.012405618440689319,1.3650186190558457e-10,0.027217604540467105
2022-03-21,0.011985556092995708,8.255623046860451e-05,6.109732438974203e-05,0.14937956878284442,0.5746897843914222,175391894.93149,0.000251794033811684,0.022233566488660365,0.032644541991000905,0.6005430225584045,0.010176579296619189,1.2335538530134155e-10,0.024350825133694253
2022-03-22,0.01614806921746946,0.00015843468685243956,0.00010232545259974518,0.21517565671874117,0.4072919118628065,235315001.16303,0.026500391437621052,0.022248334915434757,0.032320828704314415,0.6840548650270944,0.010167054350110711,1.2797298214147379e-10,0.024360522728634346
2022-03-23,0.034701272102857145,0.0012041782855565315,0,1.0,0.43395383767601564,396524138.53323,0.05910432362220052,0.02299451404409694,0.03209980660434385,0.7664613715670424,0.010489077935323813,1.3368213311954604e-10,0.025170008908254222
2022-03-24,0.01977585652518227,0.0002598830442023163,0.0001312014571022779,0.3290378081227397,0.6605618107026244,869161676.78203,0.05193633541608695,0.022715728514058856,0.03136012826741155,0.7124631640087591,0.010493319495982116,1.2993780535124933e-10,0.02491727822913261
2022-03-25,0.02855987578831949,4.93264552923809e-05,0.000766340049751857,-0.8790523946065294,0.8078165025482273,419611092.63686997,-0.04410610981546462,0.022717846099722074,0.030833471803394946,0.7721374364947323,0.010494552823901796,1.237261691640191e-10,0.024919703371980198
2022-03-26,0.023881251554028034,0.0005668850521997243,3.4291235870421446e-06,0.9879746156324745,0.6259780838798888,284400601.68972,0.038676783468507205,0.023229467933178555,0.029641479803883146,0.8659711603893362,0.010263480121243075,1.2256561147032192e-10,0.025296858711077924
2022-03-27,0.03418746961168169,0.0010810405954756455,8.774248297401365e-05,0.8498566849711747,0.8810500098150876,705136251.70808,0.06200332730523935,0.023756755415670266,0.029350642414737255,1.008495535708087,0.010538041510974502,1.1546349362319141e-10,0.025887171269642593
2022-03-28,0.05763210992006496,8.285656127225867e-05,0.0032386035325661913,-0.9501083505859584,0.9750541752929792,706407651.53438,-0.015882195083459536,0.02393940816588917,0.029260859131349643,1.1533701563267593,0.011102848826125219,1.089998226676289e-10,0.02627733549142743
2022-03-29,0.036969855430632304,0.00047845016033243526,0.0008883200502294177,-0.2998820772721501,0.6070379758571407,419391182.93577,0.013736575512230996,0.024649730996874508,0.02911354402582287,1.2591623667652423,0.01144793347925884,1.0985577372076273e-10,0.027063327516431583
2022-03-30,0.01670367313489758,0.00019223180190209346,8.678089429540569e-05,0.377943043609902,0.5531667462562821,369970555.54738003,-0.008693590240648716,0.02440743547744389,0.028417623831786712,1.1726100193779376,0.011564694736940809,1.0188421604159965e-10,0.026890451771045897
2022-03-31,0.04333704396343217,0.0003399855287061304,0.0015381138507823224,-0.637947243453396,0.4637892829958786,444681984.4832,-0.03555045205940191,0.02552285789121183,0.028630077656884533,1.2908686032432146,0.012220571716312863,9.63882547061864e-11,0.028171743049261417
2022-04-01,0.029449384107093846,0.0008669221290774406,3.440952097110131e-07,0.9992064830842599,0.7408080598130878,349377277.63935,0.02318363708198118,0.025977690757006695,0.02883561345915614,1.2496301004924355,0.012178424607325678,9.594650140406783e-11,0.028567321721160787
2022-04-02,0.02211068132782184,2.1242389740796318e-05,0.000467639839039693,-0.9130981308370109,0.8096111478341694,303128661.19765,-0.018773526848282474,0.026400648830103162,0.02901910148991133,1.0012685741598406,0.011863678238097355,9.589754874411636e-11,0.028827745116385518
2022-04-03,0.03916987416604199,0.001515799504813337,1.8479537370226757e-05,0.9759111128260908,0.812840783765368,478214068.76812,0.054741951877468976,0.0271474725595321,0.02930329420624235,1.0184617333100845,0.012160974183299735,9.243462435180433e-11,0.02962823336224385
2022-04-04,0.1073281393382683,0.005955132427655576,0.005564197066159161,0.033937336518269225,0.4824618083509362,1166809904.54711,0.013010958091268345,0.030411293438599,0.030736756547814978,1.561198613844021,0.021245614316892418,9.01551917222977e-11,0.036806640637140044
2022-04-05,0.07916088418569062,0.006233146824608247,3.32987604520749e-05,0.989372361093676,0.6114564737790545,2933105642.9099197,0.15053738476593528,0.03344125128493182,0.031845202289785386,1.7555522662994048,0.02344125783874759,8.939271342132763e-11,0.04051720059125621
2022-04-06,0.061517696995145206,1.3520678690979011e-05,0.0037709063648955184,-0.9928545703033738,0.5820166516623455,2064239418.64217,-0.18680279767714464,0.03552249948549612,0.032134257570799005,1.9096140130953,0.02391953710730663,8.555049532855046e-11,0.042505849721899566
2022-04-07,0.041446156614597725,0.0007695808484870773,0.0009482030496346856,-0.10398409330935926,0.5519920466546796,699554741.21693,0.01799107479949075,0.03723474354399374,0.032342613815939385,2.024838842115107,0.02292858286313383,8.499567917209787e-11,0.0434408995920832
2022-04-08,0.053801578101189816,0.0004427528956292135,0.0024518569105492142,-0.6940845742426663,0.571824654560312,913055064.78314,-0.02429494102070461,0.038556852953993886,0.032566403389953154,2.111065198749562,0.023050778329078377,7.905413302007038e-11,0.044639304022331114
2022-04-09,0.013418302772433959,0.00015831783249807942,2.1733016794629435e-05,0.7585902329258326,0.5106697449928828,265247091.46834,0.012778164999204615,0.0377768924133637,0.03257499901971514,1.5613070501368682,0.023631771528976754,7.395579886579937e-11,0.044260149828993
2022-04-10,0.06518535775074134,0.0011474257976524407,0.0031017050674396938,-0.45992447204726844,0.7152394836329579,1401590874.01639,0.027845137472528758,0.03983190898574217,0.03301514784794079,1.435535415137965,0.024066353290973456,6.317515703861213e-11,0.046240565399068616
2022-04-11,0.050587564398836014,0,0.0025591016718063807,-1.0,0.5749250995891728,912333252.59354,-0.10027525193217479,0.04167009985744884,0.033021654708051344,1.3563265794101098,0.023294950213683094,6.834064102198687e-11,0.04746800214173574
2022-04-12,0.052059992715373885,0.0013698014921360814,0.0013404413493887002,0.010833030272247914,0.40116684658674445,639347874.29211,0.02846094223341461,0.043380191452587154,0.033083535829570694,1.412590282332538,0.022636538224993213,6.509773211283696e-11,0.04868113865512861
2022-04-13,0.026105198559819826,0.00023466705002250817,0.0004468143418251109,-0.31130313217714295,0.6553810025973131,478868230.27503,0.014253048657766044,0.04297085461720442,0.033273998971326026,1.2397880263214263,0.022877762461675312,5.941715954380758e-11,0.04842481732013043
2022-04-14,0.06294925960814977,0.0020754394251766848,0.0018871698600375522,0.04751151364875325,0.4529301481128348,1103439580.69397,0.029438745599648097,0.045026730954488586,0.03375907454172634,1.5285800832934262,0.022627648857925797,5.784213846391531e-11,0.050150130022220345
2022-04-15,0.023991874958491664,0.00041055271622529387,0.00016505734779860556,0.4264959627538676,0.5195610090606884,777012290.58524,0.01186629998335114,0.04480920710544917,0.03348932401012053,1.282652038080357,0.02281504334352406,5.3564034852819414e-11,0.050036029840000294
2022-04-16,0.021878947797984195,8.530029505476227e-05,0.0003933880616921552,-0.6436082313158892,0.43389940529242604,335003824.8881,-0.01666301906428593,0.04471385930754232,0.033584732866176616,1.1095780483208533,0.02291086053428491,4.9456690054239905e-11,0.04999241090315016
2022-04-17,0.02664939256901221,8.147921193715975e-05,0.0006287109123601634,-0.770542537414817,0.5435537284350651,366261712.15853,-0.030584289525031498,0.04435490325789139,0.033161820890740136,0.958526910890335,0.02314191527141846,4.9245877396940126e-11,0.04977352095429725
2022-04-18,0.04368183626037752,0.0005333468247184887,0.0013747559943599434,-0.44096636786472293,0.7204831839323614,492947574.30764997,0.0074493575630875716,0.04369060451219199,0.03349459363577618,1.0606217706440655,0.022941083781862832,4.8894868856640945e-11,0.04909277605532552
2022-04-19,0.02359487892198779,0.0005317441280545821,2.4974183288681665e-05,0.9102807190644644,0.9334164401062833,368137288.64745003,0.01712346374443861,0.043053700868923205,0.033589797613439255,0.8268884309809391,0.023319538641707206,4.9550115907878396e-11,0.04869832400458513
2022-04-20,0.03343097660877206,0.0001796092347542698,0.0009380209622619949,-0.678589151879088,0.8178630566118557,608386375.76173,-0.013134854467942964,0.04385023912958389,0.03370627003991916,0.8809377950123626,0.02265057016128939,4.945923968489975e-11,0.04910662814286079
2022-04-21,0.02402920150172979,1.3672619360296383e-05,0.0005637299054504368,-0.9526409436301715,0.7421569237591887,412344349.36867,-0.03236341389036978,0.04293081805997902,0.03346022467137821,0.8894483425173544,0.02306059918869002,4.9389743860707216e-11,0.0484718782604962
2022-04-22,0.01737057588959297,8.939296295000209e-05,0.00021234394378610654,-0.4074774351141414,0.6597810414348365,272433044.28644,0.0005138180463174477,0.0423556367162885,0.03339042527185845,0.859428530015375,0.023558919873447368,4.6319696635388816e-11,0.04819328806584931
2022-04-23,0.013245959215097395,1.7958665312524297e-05,0.00015749677021549926,-0.795290863933868,0.8975197459537351,164229724.66501,-0.018067873953446344,0.04193350709187305,0.033135177099026095,0.6787560604478927,0.02401481538113152,4.860937858233949e-11,0.04803819240151485
2022-04-24,0.015063007470894743,9.878995587581163e-06,0.00021701519848064968,-0.9129198027463816,0.7486172261833353,223865446.58552998,-0.015893077343715728,0.0407855610587708,0.03314458613674521,0.6334016554530161,0.02471936473368163,4.653900889175496e-11,0.04738577326441063
2022-04-25,0.1987932822126719,0.03756279126527968,0.001955977787607337,0.9010101865779422,0.6026600100937414,4314755211.83337,0.1827643845728184,0.04514104405279002,0.035100248849389344,1.5490611385926345,0.04022504829243004,4.802506200567767e-11,0.05982238839712304
2022-04-26,0.10829761275956155,0.002253604113564711,0.009474768815855237,-0.6157004680654936,0.6160317604297546,4394875914.43026,-0.13908542722418568,0.04652850731821244,0.0364514391386449,1.9665840293462495,0.04192378007178073,4.708809213675181e-11,0.061958130474047406
2022-04-27,0.04847601167516947,0.0011297872016350788,0.001220136506296088,-0.03844776081711661,0.4636092115418773,1524674361.7781,0.016509043802816606,0.04590747468392788,0.03666003809430252,2.1058092222571387,0.041787010161053816,4.329443405747087e-11,0.06140439926575968
2022-04-28,0.019153272075008415,2.6580024189677205e-05,0.00034026780698961993,-0.8550896479107916,0.9118560293246856,787956293.06475,-0.01774682271211182,0.044845908753471254,0.0358081292672457,2.167729014810004,0.04218726288561801,4.314227708993905e-11,0.060878320938465486
2022-04-29,0.03687501121552999,2.9095640477294263e-05,0.0013306708116681682,-0.9572049443764601,0.6658377435527719,1052570459.80493,-0.018510885534703637,0.04403988175891602,0.035826862373797584,2.310576570370866,0.042169296247308044,4.271265590477008e-11,0.06027505438838965
2022-04-30,0.042457088773286106,0,0.0018026043871026973,-1.0,0.8833325322257857,477411454.41462004,-0.05838456460064509,0.04542268109228993,0.03628588013584544,1.4153257041908947,0.041587053418071465,4.624215331267385e-11,0.06091261475018749
2022-05-01,0.03796400207614209,0.0008344073425525084,0.0006068581110848127,0.1578815553328013,0.39265254602695726,516588977.34909,0.04111433565614906,0.04412642606016616,0.0361117034170117,1.0164575434400143,0.04136389906949996,4.9086024380197026e-11,0.05980500613634962
2022-05-02,0.015782667309261634,1.910818781561968e-05,0.00022998439957921618,-0.8465776278976029,0.9185585520531191,353924616.44377,-0.01443684370570328,0.04246905000828166,0.03545757211813029,0.840547367619168,0.04178718731454001,4.579459385000145e-11,0.058878165107090326
2022-05-03,0.027088019477030673,0.00022350419034083976,0.0005102566088471533,-0.39079822583005847,0.629848258243785,288712688.85418,-0.009843961673193312,0.041279908425503414,0.03563614493117511,0.8849401856059341,0.04185586887141388,4.5298425596879756e-11,0.0580734029817916
2022-05-04,0.03471794412164664,0.0010537719346523787,0.00015156370938139983,0.7485120262864268,0.5496867819268717,418676908.87224,0.04916180263939448,0.04169003916654279,0.03588513594261472,0.86443283362195,0.04174178385258447,4.9472605818043947e-11,0.05828778237732033
2022-05-05,0.05987475081251466,0.00023371428549515092,0.0033512714993655735,-0.8696149443704249,0.8384039225467066,649071383.25546,-0.05957660605543577,0.04154363398579826,0.03642869781811523,0.9439018792769216,0.04166881900400107,5.2573004622949294e-11,0.05813332523622272
2022-05-06,0.013523768475007532,6.534831796049692e-05,0.00011754399580511061,-0.28539022099915584,0.5075487803925063,444728123.90994,-0.0027370496070406075,0.04104515272467997,0.0361907353099504,0.8273388272185005,0.04195094755016433,5.2138848984318725e-11,0.057972257656313975
2022-05-07,0.038430439655298375,0.0008638814863046429,0.0006130172057948871,0.16985882772577454,0.5801340912033852,418387563.01295,-0.0024303253701074656,0.04183331900359969,0.03659221541477352,0.9443756288033991,0.041727741367421335,5.00468967081444e-11,0.0583807886488615
2022-05-08,0.016929653544975838,2.8057244550348856e-05,0.0002585559246025641,-0.8042152450058578,0.6615764854390871,337310021.6763,-0.026568536983885557,0.04137047428816939,0.03649404432057702,0.8910894572805109,0.041957853969185305,4.98212779501817e-11,0.058207784290983645
2022-05-09,0.09132767229833239,0,0.008340743727431588,-1.0,0.39410158175288307,752017686.8688201,-0.19893469266377276,0.0436393236233101,0.03708977876713042,1.1619683303369697,0.04335407028724794,6.169855067267587e-11,0.060782089350373485
2022-05-10,0.06644821928792709,0.0028291684875121326,0.0015861973590243128,0.2815103372380448,0.5002550668110811,744946662.54929,0.06050886633817767,0.045679958878831015,0.037794463581542904,1.1726569144717518,0.04337195299402607,6.335150169021384e-11,0.0622752559731413
2022-05-11,0.15029491380059973,0.00024049364110896061,0.022348067473220743,-0.9787065993365647,0.6679179010991405,1037236827.8025299,-0.23767391086308334,0.051244908268918046,0.03983419429198194,1.775349009854219,0.048870459104121786,7.323491847375933e-11,0.07000451977049126
2022-05-12,0.05453499694317805,0.002796647855253269,0.00017741803633917084,0.8806899088276934,0.9151629906613122,987153099.57252,-0.030169819369033218,0.0526975651947013,0.040383747048630715,1.83087841835611,0.048472802165015774,7.095282683357033e-11,0.07081496745241578
2022-05-13,0.05937807553080569,0.0008725730996034091,0.0026531827541386565,-0.5050291989575498,0.37381517624758975,662948140.18206,0.06449309859435533,0.05469792232047334,0.041010416597922844,2.0189382849077195,0.04780421217754747,7.549550462872972e-11,0.07189078054277123
2022-05-14,0.05389149125525236,0.0013909225845109771,0.0015133702452039648,-0.04216092104769131,0.2624740849687489,332306163.24974,0.015215847237253215,0.056633423846195,0.041655859922723734,1.8121142481840689,0.046855399707405966,7.243706570364326e-11,0.07278893435727246
2022-05-15,0.04088846424953267,0.0015513490944407946,0.00012051741424451664,0.8558289030632157,0.35172686417314025,222917589.32122,0.040338656254622525,0.057863207502320615,0.041932080373541174,1.6764758015163124,0.0460416192945263,7.767343836481166e-11,0.0732600653175062
2022-05-16,0.03501317947520425,0.000116394868242085,0.001109527868720779,-0.8101105971320103,0.8665768489921705,233705754.6971,-0.05713945703303273,0.05006415499101263,0.04187216416080055,1.1251812832452128,0.033000092686733325,8.729892206450207e-11,0.05952787832720406
2022-05-17,0.011226214575298776,9.693500279450751e-05,2.9092890896143152e-05,0.5383102891879658,0.6468135915857386,217886524.15462,0.024714805468677836,0.04544170745842869,0.041803822020524316,0.9305290864693292,0.031183861943072138,9.119332832403422e-11,0.05469072752660543
2022-05-18,0.05072119580936667,6.539586988523533e-05,0.0025072438344468794,-0.9491604908568316,0.6764329348184949,176549973.43148,-0.07822251785283044,0.04554862098862855,0.04232619838601752,0.8831809275939445,0.03119863047338607,1.117758858888137e-10,0.05478760079641686
2022-05-19,0.025552007649301593,0.0005213500940864812,0.00013155500082348602,0.5970164673270718,0.5849278432259973,214708086.40004,0.03826021361971912,0.045853322682642514,0.04264465832670251,0.7516295967533445,0.030958271320843844,1.1918892532229293e-10,0.054911774470425764
2022-05-20,0.04556487800517156,0.00019863682965434813,0.0018775212779718186,-0.8086496120649839,0.8874434984859837,154329595.19917,-0.03227411488697787,0.04626712586310163,0.04295462019200385,0.7633154103631258,0.030890264236904642,1.2830979378750634e-10,0.05522152536689952
2022-05-21,0.01533106409275213,0.00017564369118726173,5.939783502881198e-05,0.4945758225360778,0.747287911268039,97515884.22836,0.006065309668647825,0.04497541040212383,0.04272499463592582,0.6741385151778931,0.031616176968661314,1.254480868400907e-10,0.05454146141541053
2022-05-22,0.015013723709513335,0.00020946816703835828,1.5943732587244563e-05,0.858536904096667,0.48211384896033477,111998441.41898,0.01739583124496471,0.04388254000371293,0.042613625016540424,0.6965359972092424,0.03226074554715415,1.290544669529954e-10,0.054008084811835756
2022-05-23,0.04950789547647715,0.0006797169030427064,0.0017713148114670806,-0.4453626209576389,0.7044650226032311,204737539.98453,-0.029923585616129428,0.045488503249770815,0.04320921770516711,0.6832347334186706,0.031625143768063455,1.3407185275822592e-10,0.054970241669386674
2022-05-24,0.014992448378742678,7.311287083688322e-05,0.00015166063755238076,-0.34945295501402274,0.476035655173394,155865457.08431,0.0043144841615895164,0.044912523673661865,0.04319087451725081,0.6387140723758986,0.032083842603969334,1.3376636586729852e-10,0.05474933770515165
2022-05-25,0.016459015613305147,6.797402406680974e-05,0.00020292517089221288,-0.4981600142658838,0.5964688446248338,131890788.79868999,-0.008287837962528594,0.04404305088755037,0.04290131489043252,0.5077423798768914,0.03261690984135561,1.311671671061793e-10,0.05434144831882267
2022-05-26,0.05273022100490516,0.00041451036077001427,0.0023659658464561277,-0.7018421810675819,0.4688539295061257,255462779.92767,-0.06387135340052608,0.043702835182426104,0.04342440004090432,0.6736000352751516,0.03248049389469769,1.3870215288453437e-10,0.053987804414514895
2022-05-27,0.08137962542820404,0.005029234565374569,0.0015934088694602236,0.5187997405752005,0.7110817823287324,845793826.69442,0.04659013202813432,0.04693406646591165,0.04426280876534693,0.9655702940446608,0.03270256577167036,1.4103215616888483e-10,0.05675683078528014
2022-05-28,0.014505379184212616,7.118287791972076e-05,0.00013922314735806792,-0.32337605041736306,0.6434868133572874,233694387.43165,0.0035519665000656423,0.04579477787205043,0.04411398539439748,0.8152758402641539,0.0334224525599083,1.4147931831240559e-10,0.05622302612078404
2022-05-29,0.019314461363508832,0.00035515306977265047,1.789534798982504e-05,0.9040588452450201,0.4433698744676938,149856626.05311,0.010701792517701446,0.04590834014912343,0.043877905898394735,0.8340227673794812,0.03332337590802831,1.4112920469761142e-10,0.05625961811457546
2022-05-30,0.03711414043295125,0.0013448514019761535,3.2608018100673274e-05,0.9526548403163055,0.8218775118395965,308846014.97357,0.061911691918982964,0.04332674339362909,0.043552223843043726,0.9296301038542607,0.0316886512618914,1.380780983260097e-10,0.05323119070038706
2022-05-31,0.017420891932619635,3.132673963489162e-05,0.0002721607360931203,-0.7935549758042278,0.6487150380407145,274140910.59275997,-0.023817498172986885,0.040992108757662064,0.04324192283513876,0.773057473430763,0.03170604198870629,1.3834737096894186e-10,0.05135908810948375
2022-06-01,0.04572060679613623,0.0002533998360482507,0.0018369740497586476,-0.7575554901744894,0.47466347032726147,278572258.97045,-0.058385370011954554,0.03601237985268761,0.04370250908372985,0.6052247151463334,0.019570342071524627,1.3741625055907834e-10,0.04076336317943521
2022-06-02,0.01540143318770463,0.00022789658579161273,9.3075584437169e-06,0.921522800761163,0.3746113944105856,143607776.50241,0.021012256087680127,0.034148876816712685,0.043259086690464334,0.6147661891137682,0.01958157812793537,1.4292837090819517e-10,0.03913214826487789
2022-06-03,0.022121557504169158,6.95923200695321e-05,0.0004197709863407307,-0.7155801460472043,0.45260657870714843,129530980.28278999,-0.03043179619449475,0.032374756910682374,0.043142771982481405,0.6485261930178128,0.01885578220525337,1.4948342295496666e-10,0.03723888970582865
2022-06-04,0.02840544546778646,0.0007272588950724868,7.961043715090353e-05,0.8026683281380125,0.8436889992184131,97372487.28614,0.019494756804600454,0.03116113568270781,0.04324268887359196,0.6198752547951609,0.018210801220333635,1.5683672868873997e-10,0.03587279745320277
2022-06-05,0.011733153359520541,4.340393184792481e-05,9.426295591010335e-05,-0.3694354168271132,0.6842834743448487,72981218.1782,-0.010072557828813803,0.029772787545088185,0.04280718536872653,0.6046057536293333,0.018540514389111945,1.5479187367286214e-10,0.03483963938264072
2022-06-06,0.017796717491588374,7.54199350439819e-05,0.00024130321843142565,-0.5237485215943457,0.6243784024925392,171474195.19138,0.01761944516320805,0.028952956022058857,0.0413860516886205,0.47233272658511216,0.018677343794492363,1.480423306483484e-10,0.03421264757441527
2022-06-07,0.024338270551172735,0.0003672861195748923,0.0002250652938471896,0.24009535979002178,0.32381399423642315,191445647.9262,-0.026297902805236983,0.029577339639957616,0.040515851472199584,0.5229053580420414,0.018269830912025248,1.491820991950524e-10,0.03453565021746537
2022-06-08,0.012558330278178808,6.693128045406674e-05,9.078037892175588e-05,-0.15121962803560002,0.5176061725297656,111111307.60789001,-0.013539131223220459,0.02776006032894867,0.03973871866716837,0.4751746303161786,0.0179568453118092,1.3388640119711843e-10,0.032828563209098396
2022-06-09,0.015749433163503457,6.152103573143845e-05,0.00018652360924022404,-0.5039519136688733,0.5756238845327755,84434702.76615,0.0008830022648780776,0.027293271067720188,0.03933083416794465,0.4204379508503053,0.01814355230214545,1.2589884816136136e-10,0.03253360559988837
2022-06-10,0.03595499546864471,1.4877661199829624e-05,0.001277884037950432,-0.976983134309117,0.5851847429026,136935363.85934,-0.05161184181399194,0.02683565761359986,0.03904755507853917,0.5477820337210779,0.017777156747907367,1.338884669939969e-10,0.03195513890517897
2022-06-11,0.07594102288665208,0.0006056667071533267,0.005161372249917689,-0.789955742743609,0.49941798700559853,154877927.7045,-0.0752524644102657,0.029721846127595097,0.04003997920733628,0.8385427257326644,0.020523883039533043,1.540639080531764e-10,0.035840749874097404
2022-06-12,0.051900212508977875,0.00046098724140828,0.0022326448170687835,-0.657720704683835,0.7367368985696494,229615727.36077,-0.09668490793926333,0.03147834559423627,0.039829103886038456,0.9683959400899483,0.020779022441861514,1.6671869801025544e-10,0.03744454092142477
2022-06-13,0.07974808685755139,0.0006477973912322648,0.0057119599662072956,-0.7962823564410111,0.385023143454487,540258813.04502,-0.15833660387959297,0.03291835470762076,0.04029196932189108,1.297939960504898,0.023018158673403507,1.7371487107323654e-10,0.039852521091352795
2022-06-14,0.06738887096736287,0.0024071537087251337,0.00213410622153075,0.06012593231565989,0.3343053328508953,324206261.0943,0.025165441806516278,0.035413422449936005,0.040535284849700426,1.5287556922971952,0.02380426256363288,1.7609300816176108e-10,0.04235292681511584
2022-06-15,0.11588590990989295,0.011922159798171607,0.0015073843174722196,0.775512213297502,0.3833156267229519,364839708.40825,0.12350925116133979,0.040148036464059234,0.04196037550605079,1.8504752564468776,0.029136456593342394,1.8922117654313274e-10,0.049197281925801424
2022-06-16,0.0602961750235728,0.00037946983737772923,0.003256158885095595,-0.791249400670608,0.3885927854590544,310829161.24276,-0.12965088896344562,0.04050831998875769,0.04191826305232735,1.7531354761224354,0.029345844925071092,1.971778844718642e-10,0.04960941540909237
2022-06-17,0.031154997562569103,0.000747161584769833,0.00022347228835385374,0.5395332997504468,0.6863191668184389,130545127.56121,0.03016200804357552,0.03811667104277507,0.04203196341112223,1.6643253103920663,0.027857201619251818,2.0555703204281363e-10,0.04681827404731466
2022-06-18,0.10307625432588477,0.003208865307650065,0.007415848898204414,-0.39596204745311614,0.42146760067286804,264962995.62992,-0.0731077152476266,0.04233433176380708,0.04332080954648573,1.7203553605717588,0.030666892650776923,2.1797215131862602e-10,0.051844673997815595
2022-06-19,0.08684151505658437,0.007541339238087248,1.0949923572269683e-07,0.9999709606895075,0.7260805965370974,695671596.32866,0.13383876119732396,0.04554990574919163,0.044276240062161486,1.7730004542665356,0.03165675503848329,2.2373283252870223e-10,0.05503837405037801
2022-06-20,0.05226397659600188,0.0021962661633704137,0.0005352570862570185,0.6080889398762942,0.7107916576151453,258178141.60467002,-0.006975613736425323,0.046271326518860706,0.04441246451193329,1.4735730097656459,0.031627511754587126,2.1547365385514104e-10,0.05562105579803321
2022-06-21,0.07979490828304651,0.005327091514763111,0.0010401358731366936,0.673284520947578,0.5428406085495139,525201902.8479,0.09165259231183809,0.04924151777364294,0.04530452847004534,1.5246632847637522,0.031711362471775265,2.1964645187901825e-10,0.05815884599710651
2022-06-22,0.038057744289172905,0.0007303141047402236,0.0007180777956398495,0.00844820320878842,0.5042241016043942,304389943.66532,-0.06500483030899601,0.048876619559025634,0.0453779692268771,1.5407120271622188,0.031797872575629244,2.1983549298109473e-10,0.0578954298453733
2022-06-23,0.028940701357526,0.0005707814857917996,0.00026678270927370777,0.36295579289216817,0.33566417600583254,187396869.66155,0.036309721173691,0.04952134661473141,0.04545592954204846,1.2174352580640988,0.0312171568261411,2.220946091442691e-10,0.05814180398671507
2022-06-24,0.028871188125917165,0.0007638724818072355,6.967302199486488e-05,0.832827310141891,0.4937841623410526,217876683.20529,0.0452538235024875,0.04984275759671942,0.04563847894262504,1.0328611377476993,0.030954586738528286,2.2079772714254756e-10,0.05828257886604562
2022-06-25,0.05310900492322343,0.0014346527307509977,0.0013859136731839724,0.017279883040168614,0.45156491743566457,178041672.04805,0.023488782075630956,0.05101911757078784,0.04627122569989688,1.0587555592417106,0.030566140208395324,2.1754632254426158e-10,0.05909948676617249
2022-06-26,0.05850482536748985,0.0030501482054606935,0.00037266638581978976,0.7822456484969146,0.4346057019221454,598378648.61551,0.06282121797697555,0.05324634004735781,0.0469607783649222,0.9565262359126808,0.029235472001347393,2.159734641748233e-10,0.06040848401470309
2022-06-27,0.0691804524325215,0.000641981937234068,0.004143953061534301,-0.7317214139350918,0.8592909160660464,896739014.43186,-0.011168678661025,0.05569318456835463,0.04490343186047537,1.0792633256876656,0.028253980826318335,2.1167356037633085e-10,0.06214502838228699
2022-06-28,0.05529956594905163,0.0003635363494667995,0.0026945056446867114,-0.7622424085988204,0.6446763523183241,404347037.76947,-0.08820942746365401,0.05716753196825362,0.04406219302221331,1.1902238296806196,0.0273286710689566,2.1552060429572406e-10,0.06308263144331364
2022-06-29,0.05145673175893383,0.00240254116059902,0.0002452540827118496,0.814748452825848,0.8515990444754139,391636470.90951,0.051353861905209214,0.05901983680067053,0.044109506039415915,1.287341283102786,0.025404434568076305,2.1596224176730524e-10,0.06401557465626434
2022-06-30,0.07598234937909161,0.0019806790392683706,0.0037926383778979712,-0.3138506352070533,0.45394527762050124,374943515.99976,-0.04666384878868264,0.06188807090617473,0.04501155488551247,1.3703073302366264,0.02361180087579049,2.213907114774376e-10,0.06603864039953518
2022-07-01,0.02944497916923913,0.00038363938290546983,0.0004833674153714564,-0.11502566377124643,0.5575128318856232,269770930.81822,0.00105445517038391,0.061578070130012555,0.04489361786890468,1.2358171926606325,0.02400870102864435,2.0362890719410123e-10,0.06588496021794649
2022-07-02,0.010518655968198735,8.16893860644899e-05,2.895273731283295e-05,0.47664169072215967,0.7283077797311771,194447917.19626,0.0027059547479383536,0.05846271932437192,0.04438665861803028,0.9841292492284935,0.026196669865489026,1.8115431941566152e-10,0.06380811666821472
2022-07-03,0.02548224291682523,0.0005789949683162429,7.034973575584667e-05,0.7833208300162358,0.868489987688201,140789129.98165,0.008072999443806423,0.05720472077236465,0.04418853545677129,0.8552742971377221,0.027144724903469888,1.6383376695077172e-10,0.06304069111191654
2022-07-04,0.03578944727680543,0.0012192261373022636,6.16583990769715e-05,0.9037252815132493,0.6275474247188066,209904784.97204,0.03193942748206747,0.05511145222090055,0.04450610339276404,0.7928599970855327,0.027013991882301015,1.57123578174117e-10,0.061092369811220404
2022-07-05,0.048945358384260104,0.0006858176289135745,0.0017098304784500863,-0.42744710560325466,0.5807255170584057,215628013.08012,-0.032688876086729414,0.054233189716943284,0.04485304528018038,0.6631407741912783,0.02689442563517928,1.6064628123564341e-10,0.060250358153164686
2022-07-06,0.021896602661978348,0.000410584619290554,6.887658884600333e-05,0.7126917144613447,0.7153987457225908,196900327.38230002,0.018747320041007178,0.04975750841942354,0.04464953192367771,0.633665188087305,0.02375934908144647,1.4905971250760002e-10,0.0548947633471665
2022-07-07,0.02539131070528901,0.0005506395544739851,9.407910485853942e-05,0.7081545461831699,0.3633934416064489,175921454.0668,0.03052792862094456,0.048095372023314785,0.04410217573149953,0.697553949772413,0.024202029695199998,1.374605966994413e-10,0.05358181365183923
2022-07-08,0.0355177233619663,0.00016710567037734616,0.0010944030024398204,-0.7350701204389338,0.414734589720764,223193475.41009,-0.021500039859812088,0.04830312087090513,0.04445128612653062,0.757603547648908,0.02406769560538328,1.3104548041479169e-10,0.05371091076455704
2022-07-09,0.01714281606026807,0.00012072532269979243,0.00017315081977639242,-0.1783931714730754,0.5340766252022942,99072277.33219,0.005777858049798073,0.04421105238206624,0.04411338733930792,0.686031240528444,0.021452624976466397,1.2068371495590902e-10,0.04891745358738053
2022-07-10,0.020363481727628936,6.589311999601699e-05,0.0003487782680754605,-0.68219114271439,0.7911069109251139,110040226.36921999,-0.03205543395269489,0.041045431747354075,0.044167892548556374,0.5834469450226232,0.019678933421087473,1.25394127289655e-10,0.04531607789194881
2022-07-11,0.040795292316608396,8.811077717673177e-07,0.0016633747674257608,-0.9989411390581239,0.7708551804471965,142715145.58697,-0.08598437762907268,0.04049930392452582,0.0433657912790052,0.6788646303257567,0.019510448310417358,1.527975034558193e-10,0.04475181180224928
2022-07-12,0.027327279166016374,3.628404894852806e-05,0.0007104961376688644,-0.9028253571834037,0.7595627404741957,134860976.57552,-0.03228211812337828,0.03800084539514342,0.04274482397548281,0.697388729050778,0.01748059121471987,1.5588626794205642e-10,0.041654343310940915
2022-07-13,0.05464981218239142,0.0014340411932359568,0.001552560778334701,-0.039683756398384305,0.5198418781991921,202843669.52536002,0.03519521291690156,0.038790943866249074,0.04122664775932077,0.79167094745204,0.01785426682119244,1.5397918729656226e-10,0.04252449194633431
2022-07-14,0.031960642681620695,0.000664637569178439,0.0003568451114437956,0.30131931120667865,0.40553855205690964,151801812.63273,0.009011969585709871,0.03893475059596786,0.040868324675803994,0.8680511459962978,0.01778298108213719,1.4757958066681222e-10,0.04262734378794438
2022-07-15,0.02044913152840325,0.00023574065787092838,0.00018242632239500752,0.12749532601071292,0.4311467714629066,157506649.74029,0.007342411278317676,0.03853370028180053,0.040250404929734106,0.8737328734513823,0.018113190604682423,1.399087557743605e-10,0.04239469906395612
2022-07-16,0.02554378095466416,0.0005184018861742284,0.00013408285928563502,0.5890084474200694,0.5074826002637667,111049147.1333,0.02342321972921279,0.037221070569012,0.03980044127416922,0.7929462480559187,0.018002595707766057,1.4367056732229906e-10,0.041159063703958235
2022-07-17,0.017308630010592834,2.3757876486077076e-05,0.00027583079635751776,-0.8413966972744642,0.6272752463412945,111861829.91817,-0.02088151859916367,0.03525934698058834,0.039426158191011446,0.7536777756040385,0.017810896337398983,1.475604098475909e-10,0.039310857040408084
2022-07-18,0.05303265670412875,0.0016969804149043384,0.0011154822621936339,0.20675764249100043,0.3966211787544998,258642699.0325,0.06911980725762204,0.034490404326855344,0.039712181639089614,0.737061659182786,0.016579193257483683,1.5969306419224903e-10,0.03809683200465502
2022-07-19,0.028650081757901697,0.0008078315260323075,1.2995658702144116e-05,0.9683352136872798,0.5935867367292335,253019499.86282,0.021537716270315553,0.033221381270133916,0.039988750959448385,0.7256914756195145,0.015913299990546095,1.5335830132182402e-10,0.03667198617810525
2022-07-20,0.09113169335684522,0.006092460715349662,0.002212524818736404,0.46718153580025845,0.7300313274629666,682532312.58171,0.01610155545577429,0.035110665155748746,0.040630187428455984,1.046395664068828,0.02001347209344732,1.4823756576596843e-10,0.04017741385521946
2022-07-21,0.022405811772261176,0.00047884229244004293,2.3178108733954553e-05,0.9076606899649835,0.8517938270801797,281193844.216,-0.002427358941543672,0.0325594014601854,0.040580247811360104,1.02809773680772,0.01783957981233984,1.4272216848167426e-10,0.036921679816537295
2022-07-22,0.047391868085637744,0.0003511221084460643,0.0018948670522004251,-0.6873341024094731,0.5855026620522633,199946538.21012,-0.03714109267710407,0.03341401521810913,0.04060924765390718,1.1746258610398108,0.018110738443566837,1.513815214201431e-10,0.037800479722543204
2022-07-23,0.045452524964532295,0.0006535617268440895,0.0014123702988073417,-0.3672960012921937,0.6462742892456115,153281234.94550002,0.008716905309844286,0.03507753278936312,0.041087366080443374,1.1241112018386048,0.017496559770781767,1.5342688402444302e-10,0.03901263013717268
2022-07-24,0.018014329985136177,0.0001784145151324183,0.00014610156968095808,0.09957270829901343,0.5261028098416919,121876472.77835,-0.0067896939802683035,0.034721917887854115,0.041134994751485014,1.0725776298006708,0.017775010094693684,1.533491966794369e-10,0.03881388000099093
2022-07-25,0.03646790552159611,8.288026335070957e-05,0.0012470278697813502,-0.8753594157582619,0.7461597320897402,171802765.35265,-0.08724032551088165,0.03475422542332034,0.040928010783947213,0.8165830775936763,0.017777663811418452,1.702840531398672e-10,0.038843940810885214
2022-07-26,0.03728873740620712,0.0008313256287824203,0.0005591243085666498,0.19576491961640097,0.5028920257595962,134557325.86765,0.009490942312034989,0.03419914823388924,0.04128192013358951,0.9041676306923098,0.017492100765348212,1.6642386731293447e-10,0.03822283555932303
2022-07-27,0.05260456737401893,0.0026620109876288062,0.00010522952097889085,0.9239462412814738,0.6018258945241068,172222817.15635002,0.0722313266779094,0.03566143226779593,0.041855659050426236,0.9154622644054703,0.01769459641156677,1.8186167781259402e-10,0.03962230469881902
2022-07-28,0.035043786348175454,0.0010776465601392232,0.00015042040147734517,0.7550289907981256,0.5724244585473037,216324061.20984,0.028328011494851136,0.036121073965076245,0.041574921992382906,0.8598299482108571,0.017539162255721528,1.7983406602402003e-10,0.039971308713013264
2022-07-29,0.02816502182871291,9.269490039482024e-06,0.0007839989645723925,-0.9766296264887596,0.6036456496478438,252817038.70343998,-0.004495693164005023,0.03577094532063561,0.04073024574477194,0.9117334797369671,0.017624988787054555,1.7609374404730504e-10,0.03969141427290213
2022-07-30,0.04286277479568976,0.0009874997913091432,0.0008497176718768743,0.074994997703393,0.3686946088568989,290521962.00921,0.011993496845370053,0.03699570526041759,0.0411803631354303,0.9329760627914281,0.017153120219549376,1.7528245631186155e-10,0.04060665968565334
2022-07-31,0.0384144044755411,5.382929469913689e-06,0.0014702835417405584,-0.9927044090586429,0.9963522045293215,171592202.98515,-0.022952779856980285,0.03785527301031817,0.04148353683562129,0.9410631464416689,0.016724916325791536,1.6778041009249464e-10,0.04122407532272902
2022-08-01,0.028201291867102834,0.00017056378548643413,0.0006247490774870863,-0.5710775131971857,0.48387242569720723,191894426.31296,0.005569412021797432,0.03725555870319886,0.041342063048861795,0.8203648362159367,0.01683962493381804,1.4047249612415087e-10,0.04071911280389962
2022-08-02,0.01675966361479327,0.00019782807030583656,8.305825417518882e-05,0.4085988036003538,0.3893157592127298,151505487.9997,-0.029503288808009592,0.03675233891504538,0.041331567361277244,0.7350649422914864,0.017302676824527533,1.3834682078227302e-10,0.04044577512584236
2022-08-03,0.028234303444352942,0.00022398232607815448,0.0005731935649096459,-0.43806046166144735,0.7163021419666458,117515042.86357,-0.004674667338054637,0.035494457546567354,0.041054006990614025,0.7354447041488377,0.016891806162345407,1.3197873781070525e-10,0.03913569139213652
2022-08-04,0.022086197179229543,0.00030931766045434484,0.0001784824453854621,0.26821481484435944,0.47914095638282606,118636799.84877,0.016043525765509374,0.0350242458559773,0.04116011435555886,0.6339233367197146,0.01713083889859205,1.3559138577806946e-10,0.03880964937742325
2022-08-05,0.03197912258285022,0.0005163228725682596,0.0005063414086007013,0.009760254808302156,0.49511987259584894,173255719.41169,0.03751443328738147,0.035573293049046203,0.04131658364252205,0.6000476510465604,0.016822338030506374,1.4368233155261382e-10,0.03917875024239307
2022-08-06,0.012635729183749033,2.9641293417606544e-06,0.00015669752266328634,-0.962869865061061,0.6634594876004681,137391861.96077,-0.01704750906176682,0.034958623917097864,0.04106627068563257,0.5290871729044762,0.017431907065061012,1.395467535148276e-10,0.03887810057346969
2022-08-07,0.011611941184306987,8.85357472248532e-05,4.630143084295157e-05,0.313224564523766,0.37266263782248094,91282235.99505,0.0040721405893092075,0.03468735302060806,0.0410643466828514,0.5048915868943158,0.01776151407163742,1.327818972166643e-10,0.0387770730577462
2022-08-08,0.01849038807336782,0.00017925263809207253,0.0001626418130116704,0.048584658296667756,0.4222452245438369,196453867.40536,0.016981268608523194,0.03304248308580992,0.04107535732700664,0.4582225006384571,0.01757612245270633,1.2417229966362657e-10,0.03722922627353489
2022-08-09,0.06233249772367546,0.001232952836612409,0.002652387435859597,-0.36533083326163557,0.5929493335331694,372587204.46092,-0.015675880070118827,0.034646407655608676,0.041678440297998734,0.6420494401492117,0.018658763789401796,1.2212231382759723e-10,0.0391400623860033
2022-08-10,0.04312871335906357,0.0016430178051930768,0.00021706811081519155,0.7666042101098015,0.6942452371507212,220536634.03688,0.032373593619672875,0.03236055146523812,0.0421636844738858,0.703292076868971,0.01366496144027896,1.279891578449699e-10,0.03500063573375492
2022-08-11,0.01316647157288414,3.614296642621739e-05,0.0001372130072533488,-0.5830202368102457,0.3837608201525735,289610910.89803,-0.0061937134939323985,0.0319205828843154,0.0421226850835585,0.7167904492068844,0.014141913350832641,1.2859649086114434e-10,0.03477633986985199
2022-08-12,0.0236731952379447,0.0003431492891175857,0.00021727088365626186,0.2246143368435114,0.35162901441819255,161495646.25612,0.020682682480961365,0.030791122272520493,0.041927735873547395,0.7927722823813262,0.013787210912495147,1.2584956136227247e-10,0.033602509204593047
2022-08-13,0.009772886237166269,4.2062669414148555e-05,5.3446635990445315e-05,-0.11919222454893079,0.41438161239480875,249413821.42389,0.008264509849893431,0.029092091856931634,0.04087744799022223,0.767971077368324,0.014085333543509044,1.2471941985621482e-10,0.0321760620881374
2022-08-14,0.05995500172734801,0.003452346784024696,0.00014225544810160697,0.9208505203550942,0.4019485787628014,1167019496.29367,0.1129710376449255,0.031089266701798863,0.04100530178733921,0.7741872126013561,0.015352478568034022,1.266762487093261e-10,0.034511119359808586
2022-08-15,0.06013376745051288,0.0004544464509884256,0.003161623536803937,-0.7486517393067004,0.8571413743694025,606052730.62113,-0.06372226119509844,0.03221621250793776,0.040693963384052886,0.8621929424416697,0.016586071095919076,1.075024205661241e-10,0.036053879259919784
2022-08-16,0.06116964389436821,0.0035079712186261883,0.0002337541155376291,0.8750554385147742,0.5800323291758845,2000164700.30156,0.12421801776983384,0.03335339853118353,0.040595245494005346,1.0962871571050572,0.017730438143348348,1.0710096011981942e-10,0.03757456193723741
2022-08-17,0.039135776459439574,3.76196187256871e-05,0.0014939893803575376,-0.9508756885756026,0.6523914511259827,1017336596.8782101,-0.07817039857013178,0.032712027535251174,0.039376989407490216,1.2081083179892425,0.017235948822082552,9.078819963131447e-11,0.03678325854357726
2022-08-18,0.05851054511006791,3.847727354377263e-05,0.003385006615533519,-0.9775215687933948,0.514071837373608,537313165.70884,-0.07105260444996185,0.033829492238198436,0.039348646075529826,1.4822927362532214,0.018132101052051944,9.084939585541157e-11,0.038177896383851016
2022-08-19,0.05904037978686344,4.280582990445292e-05,0.00344296061547262,-0.9754396454408337,0.6612888236404382,711948052.2024,-0.09824621264121756,0.035299747379062746,0.039791271190201156,1.4730109901575459,0.018885933579577106,9.657386843307239e-11,0.03982167704068354
2022-08-20,0.024425124550116622,0.00032090409798254894,0.00027568261130616077,0.07580035889553127,0.37000960869291816,366582979.1913,0.022771382412477812,0.034421764034035456,0.03854284055883976,1.315973176496864,0.018945236646152108,9.756602869468971e-11,0.039072858960984815
2022-08-21,0.01709510696452566,0.00024341245380764457,4.8830228320929185e-05,0.6658241160033834,0.8045480568352943,289478474.03938,-0.0005773672215816327,0.03340655939065377,0.03743575471610867,1.0868912651600373,0.019288686125882866,9.129131308043374e-11,0.03834494482482935
2022-08-22,0.045313677800090414,0.0008169963310409536,0.0012363330647294536,-0.20422282686464208,0.5617355090416549,374808399.93474,-0.012787154763120803,0.03422143491127222,0.03732543251299896,1.1124452832669602,0.019418816189053553,9.15338462952859e-11,0.039118286552455375
2022-08-23,0.015462527511303321,0.0001567228368446387,8.236692019317339e-05,0.31099582672504833,0.3558125764739679,214851212.94998,0.006268699003233157,0.03415966652539175,0.03630428361186018,0.8835127973403751,0.019479106077681874,8.365017033446891e-11,0.039092838603312245
2022-08-24,0.024056736042532126,0.00027146307072271474,0.0003072634782973496,-0.061860662233751536,0.5309303311168758,206857604.49193,-0.01390232385830428,0.03396073474435266,0.03608204538572303,0.7012322818845754,0.019563792701681543,8.495626112393393e-11,0.03895956468503092
2022-08-25,0.04838934805867223,0.0008805279294445333,0.0014610010760987932,-0.24790346191742668,0.6239517309587134,303843989.93989,0.015352300944061837,0.03521326573861184,0.036390754063519,0.838149494480965,0.019607491458053503,8.092267221492726e-11,0.0400764330398165
2022-08-26,0.04149869109303658,0,0.0017221413624352738,-1.0,0.48974630208434977,380709354.10264003,-0.082391519214067,0.03566657852481119,0.03659119061855264,0.986914754089358,0.019638999431440162,8.091740659692313e-11,0.040489861911794024
2022-08-27,0.01346320667134756,4.851715312060559e-05,0.00013274078075481186,-0.46466174381141856,0.7317880387620549,189720711.06773,0.0001575671633291921,0.035705982214696834,0.03596189223360223,0.8232182297958504,0.019591251961000745,7.504840918000783e-11,0.040502559326676235
2022-08-28,0.034776308810608225,7.783284611286411e-05,0.001131558808377923,-0.8712859546800237,0.9343428922939154,161205656.558,-0.027801758660089465,0.036809047339758795,0.035585249113651726,0.9420492333495158,0.018803101793826174,8.113655180393453e-11,0.041129388188896936
2022-08-29,0.029993877701818872,0.000849925309489726,4.970739010194126e-05,0.8894940343442321,0.7717158643783624,183794840.2404,0.03314516285578413,0.03735683256016123,0.03496323999094216,0.9987681428283345,0.018406119308064413,8.560792646730543e-11,0.04145100164057179
2022-08-30,0.03670583958173458,4.553239750067652e-05,0.0013017862618993567,-0.932410351206815,0.9632775945658023,190332258.08599,-0.03687863038536576,0.03613651550578309,0.03466810147717522,0.926030594898322,0.01749438746166136,9.283107755083155e-11,0.039966578099152286
2022-08-31,0.01939075926900455,2.767888193897549e-05,0.0003483226630895103,-0.852772509555095,0.38280256971767596,184789956.97436,-0.0035830657226366422,0.0350061367395898,0.034159117786858886,0.7916983333593749,0.01778449956428434,8.676418742804986e-11,0.03907245424366466
2022-09-01,0.023352218227869717,0.0005088550641326153,3.6471032029435165e-05,0.8662413836927498,0.5984953280218407,189145638.06037998,0.017307346691935475,0.03549117229458912,0.03332371887969664,0.8508711594752838,0.01729114063305644,9.01030649041981e-11,0.03929846744592752
2022-09-02,0.03057364557908757,0.0002834283507954751,0.0006513194532001857,-0.3935725773648551,0.5575664118009455,153575153.9568,-0.012262173650101628,0.03581976516797687,0.0333416342195355,0.8281998703557067,0.01712004809619959,8.78066447768331e-11,0.03952460839647753
2022-09-03,0.020897534752955246,0.0003278668942120691,0.00010884006453890321,0.5015418813100794,0.3504237011261055,165628013.29206,0.017218222461340735,0.036349510335395394,0.03350637832723005,0.7852511199624291,0.016432073463285096,9.117909498842918e-11,0.039729613340644405
2022-09-04,0.02208525018179102,0.0004175871769334018,7.017109865889845e-05,0.7122710072989025,0.8553150217560549,157756282.42998,0.008102355866934764,0.034546188833226014,0.03345245780762633,0.6974918416739779,0.01577691243983785,8.901513854180378e-11,0.03782191462480406
2022-09-05,0.026241684361176288,0.00026584500739220546,0.0004227809907193988,-0.22789726754080386,0.5346751173420089,141549477.28661,-0.007465684743211499,0.03293228011468617,0.03330090601531476,0.7382656847609168,0.014727119897198682,8.65198758537234e-11,0.03593181224401665
2022-09-06,0.06030872090346278,0,0.0036371418170117686,-1.0,0.969366248598233,282468228.49474,-0.06368854233586664,0.03289128378178592,0.03348127684895289,0.9480720421256151,0.014645556854689858,9.429928683990418e-11,0.035862445031757575
2022-09-07,0.020309928604316314,0.0004124931999124261,0,1.0,0.3844984131060393,172605982.37104,0.035067877824326216,0.031994814836303856,0.03345609154645032,0.8859109451186327,0.014819356823096179,1.0031495051248731e-10,0.035111589755006695
2022-09-08,0.00986996787836874,3.9141726950855784e-05,5.827453896917493e-05,-0.19640264218323997,0.5644621382619304,137158691.74715,0.0,0.029678596872889613,0.0332097210253881,0.8249783033141175,0.014258382543667233,9.40179573050037e-11,0.03277864491696678
2022-09-09,0.020383814940834986,0.0003765171259489256,3.8982785593281976e-05,0.8123571894463714,0.44439497597562666,244947444.66543,0.04616944334068539,0.02783780807069778,0.03296950025679871,0.823188110085851,0.01268690182591566,9.642228198168352e-11,0.030466972188170287
2022-09-10,0.013153030163635523,0.00014645416762327262,2.6548034862233306e-05,0.6930902094791829,0.3856795538866863,171564594.63115,0.012762819155733745,0.02730104167134154,0.03290617032193152,0.7499262029030566,0.013071142587125854,9.70067012078444e-11,0.030134128550774273
2022-09-11,0.009886750149422606,1.8655113922948823e-05,7.909271459415908e-05,-0.6183012102476775,0.39900415598420774,133702338.30705,-0.015431683363919776,0.026957786584908057,0.03273987299529333,0.45531697259488374,0.013441944635149486,1.0240782943375535e-10,0.02998006077076571
2022-09-12,0.029817256660912422,0.0004644446078271598,0.0004246241869555664,0.0447889084683541,0.4776055457658229,192417922.20121,0.0040758796040725204,0.02621986176875673,0.03256561846107594,0.5146987554512873,0.012793592428595468,1.0179192093997914e-10,0.029040713882743856
2022-09-13,0.058659752955821605,1.383703415596354e-05,0.003427129582682058,-0.9919574725960703,0.9725617064723728,234747088.92565,-0.06997672738671516,0.028276872504209977,0.033062959314882366,0.8010535810890668,0.014354945642532342,1.1459750147084367e-10,0.03155682793749309
2022-09-14,0.01287576522336923,0.00011254085098363355,5.324447910369093e-05,0.357669595064348,0.5378233541917611,163853914.13752,0.025347169969329966,0.02774444532234508,0.032399879204421694,0.760330651291076,0.014721957731460494,1.1876352498680549e-10,0.031243711717853225
2022-09-15,0.035607778684146545,0.00020929861756363208,0.0010586152852555288,-0.6698535805968148,0.6567334766216244,160259082.42357,-0.04295087438757789,0.02713579916165338,0.03245777025208084,0.8892928921158753,0.014075797203670526,1.2911981391073713e-10,0.03041455232626593
2022-09-16,0.01668393653441763,0.00024209630365164183,3.625743463283358e-05,0.7394866341203671,0.6069558790074218,111374484.7624,0.030937235287713125,0.025954144182671522,0.0323980052521763,0.9478429248854245,0.013849526395958076,1.3204176089316098e-10,0.029262487959518066
2022-09-17,0.02840570152639104,0.0007190056092870372,8.787826991937707e-05,0.7821786450714393,0.789238241764965,99014803.60729,0.028396163806070306,0.026665691556721213,0.03244343256283864,0.9392529500810044,0.013556441178216128,1.456587386117839e-10,0.0297671784565378
2022-09-18,0.04419259784285792,0,0.0019529857041005708,-1.0,0.8731958223062146,143808296.30152,-0.07966740273387127,0.027114086272542626,0.03287016221096983,0.8710138655245708,0.0139870119501056,1.638264492370999e-10,0.030356122178581652
2022-09-19,0.020311726988646306,0.0003945925538386362,1.7973699422666555e-05,0.9128687851680262,0.5217683226864716,135753604.90167,0.018982450912290248,0.026653031476677264,0.03235078237421614,0.9190411644416622,0.014046787812482996,1.6189751343663254e-10,0.029971661839469813
2022-09-20,0.03673264058251895,0.000885482388260416,0.0004638044959041018,0.31251907752547253,0.6562595387627362,150469672.56093,-0.0025673955052459207,0.02665430771480986,0.03247907695873387,0.9313973936171162,0.01404774802540147,1.5348338590905912e-10,0.02997322535878173
2022-09-21,0.026889985350643613,5.126467095257432e-05,0.0006718066412052538,-0.8582030013067797,0.5881887103833213,211055426.58048,-0.02148012605579346,0.02701141371869743,0.03145936730784178,1.0062687925284761,0.013948840240264828,1.574064751003025e-10,0.030247667185691857
2022-09-22,0.0241858934333344,0.0005723592044717999,1.2598236696808247e-05,0.9569259716685031,0.550628696869207,136622405.72134,0.042180091153843746,0.027051112538005274,0.03148762257230326,0.9759152672702209,0.013939088274148683,1.677508582844622e-10,0.030278847023647613
2022-09-23,0.04515903378332688,0.0017803595032205393,0.00025897882902311924,0.7460168085614381,0.7576886691528302,417608785.45651,0.06153283329468538,0.027745654833445238,0.03145218075798087,0.977571041591932,0.014476398105344065,1.7096518512443597e-10,0.03113531959119168
2022-09-24,0.03588577145305458,5.6058956968659065e-05,0.0012317296358122076,-0.9129376401019289,0.6757597602457812,706506631.22949,-0.00474759556086993,0.028459380390592825,0.03130032752763995,1.0777013856455164,0.014491358294588495,1.663348341596406e-10,0.03177948745502688
2022-09-25,0.017531149034626485,0,0.0003073411864742851,-1.0,0.40763233896037077,246987549.56811,-0.030925318370294535,0.02824251843120404,0.03129265798874297,0.9733050346746849,0.014624975893647679,1.69851504283789e-10,0.03164402839314568
2022-09-26,0.015131169765378727,9.78673423667143e-05,0.00013108495610199703,-0.14508530360887492,0.45062656370328663,190770114.991,-0.00032727868071536826,0.02771344630759463,0.03095397964340619,0.9066125281571864,0.014899369552274649,1.6742164642551586e-10,0.03129625072039287
2022-09-27,0.024497421729952562,5.989030560459098e-06,0.0005941346408546927,-0.9800406787943013,0.8020577166867034,197459850.65623,-0.010697049257136717,0.026008146346951286,0.030750942886640244,0.9104903470792203,0.012896988295989403,1.592645874807245e-10,0.02889351826030562
2022-09-28,0.018398162961801134,0.00031537083210578785,2.312156826320333e-05,0.8633850081242682,0.811178446742687,158876060.92742,0.0003307972243199398,0.0259171098877839,0.03020798408644631,0.7441851536744258,0.012945876299893109,1.496891059253142e-10,0.0288324738768859
2022-09-29,0.019113004452826116,0.0002260194941347064,0.0001392874450790446,0.2374223967448714,0.5676831896727419,122318031.28632,0.006264445148414695,0.02635725448656758,0.029955114532551876,0.6390457977872239,0.012523240544918397,1.5212788709839404e-10,0.029052852675590747
2022-09-30,0.028804345654313224,0.0006638102711360343,0.00016588005743711873,0.6001398311526944,0.6451857701454023,211033243.55039,0.0130614101768172,0.026758232139590356,0.02996526252978363,0.714899406347366,0.012457048015986372,1.4609957883067524e-10,0.029390331773927462
2022-10-01,0.01515929881264867,2.078927636802044e-05,0.00020901506412315094,-0.8190697675806596,0.7484702218293907,200736371.72309,-0.017838620481159955,0.026853768741924317,0.029525524815767104,0.7157333238023476,0.012354762172696845,1.4678887211687215e-10,0.029436312022671687
2022-10-02,0.019168326264688913,2.1806923134422224e-05,0.00034561780865514057,-0.8812985558799464,0.5786903224347546,114046323.5398,-0.02204129971022743,0.027295748556936998,0.02922003151083294,0.6832270132239147,0.011874104184603067,1.504959197424667e-10,0.029653637598021153
2022-10-03,0.010703124266935182,0.00010812624208091871,6.430626992538049e-06,0.8877303989791381,0.5144642300997817,112038705.94046,0.017572203469420893,0.026385551776271415,0.02894228281876679,0.6350780474972181,0.012392430269476387,1.569558263740622e-10,0.02902510469443485
2022-10-04,0.06848259863282559,0.004689078198292867,7.881172118188117e-07,0.9996639063210764,0.9349474821197169,633438681.10053,0.08777142870973288,0.026853306332319225,0.029763281787306983,0.9526018430053679,0.013779312702603781,1.4935912617647238e-10,0.03003211808622772
2022-10-05,0.024860588784959316,0.0003503008353733604,0.00026774803936148456,0.13357001264227297,0.5429052488316616,617735299.85698,-0.0163950657738527,0.027424012216204465,0.029709730760967404,0.9199314194412166,0.013414821336063332,1.4325659712287447e-10,0.03038855830759425
2022-10-06,0.023477833657306022,3.741944441401148e-07,0.0005508344787959914,-0.9986422766465539,0.6754325794196032,327561096.18691,-0.02028783691161299,0.026846395786354917,0.029731820228873378,0.9688651489654183,0.013305526043051102,1.334435995964103e-10,0.02982173126359218
2022-10-07,0.0199424309573782,3.0204845000360256e-05,0.00036749570748943625,-0.848102574606631,0.875460157061102,175624697.60637,-0.017336418289442036,0.027001562187448275,0.029540761631643663,0.9732001282569015,0.013199666679704626,1.2491675130689519e-10,0.029916865430501507
2022-10-08,0.009511928658870926,2.581847663779005e-08,9.045096833481227e-05,-0.9994292795412466,0.9054919282424119,82221395.64395,-0.011782881863540982,0.026101858717566366,0.02949117749632814,0.9942199190501705,0.01373233572590401,1.180843563951162e-10,0.029341169263329588
2022-10-09,0.007691413133096611,5.407374727509609e-05,5.084088708874934e-06,0.8281178266814059,0.5724998044554727,81955595.68415,0.008085425677849553,0.024363707064720592,0.029428946892340675,0.5929292593902705,0.013637752673670357,9.64021096894263e-11,0.027761879156592284
2022-10-10,0.025105026991979147,0,0.0006302623802680016,-1.0,0.5946728514003469,155186052.18632,-0.04514026101228763,0.02459195944583168,0.02953394116089006,0.590549560716993,0.013606621348304227,1.0359487917389355e-10,0.027947959076534502
2022-10-11,0.01638914440459661,0.00021748985613503308,5.11141981796873e-05,0.6194085877810513,0.3780764505850082,176010077.98234,0.014554836613680847,0.023623221532597282,0.02880468158439674,0.543993129351194,0.01342196969603432,1.0672014848563204e-10,0.027011614713081163
2022-10-12,0.00551649642632079,0,3.043173282161005e-05,-1.0,0.3660922254120227,129599059.14782,-0.007333366197796029,0.022605436345724768,0.028207662268004002,0.44529407603211274,0.013961399532707456,1.045682540076235e-10,0.02639402379889611
2022-10-13,0.04218945359848327,0.0010852008355041595,0.0006947491594344138,0.21936103664711112,0.35190286605795124,272392886.83109,-0.003351209570655579,0.023462748734541378,0.02866834452237859,0.6788668635077456,0.014601395053582824,9.04524469779276e-11,0.02745084515309271
2022-10-14,0.01816582529049873,2.622223226760073e-07,0.0003297349861622472,-0.9984107603583684,0.47979789292758607,142772289.4431,-0.01658525070216932,0.022177357853930515,0.028580925951784207,0.7711516580168593,0.013759808391170724,8.896769057135001e-11,0.025925888668464382
2022-10-15,0.009222020503752726,2.2948807692197102e-05,6.209685447943858e-05,-0.4603179725761261,0.5454452595629659,89647647.19352,-0.0013658871852083373,0.020907655427773283,0.028572182051253836,0.678158329838323,0.01366146345091939,8.937323137934131e-11,0.024796738300902725
2022-10-16,0.011423084259136958,6.075773919137038e-05,6.972911479997219e-05,-0.06875309913745822,0.4847658971067692,70401598.31823,0.005451461541586938,0.02061679520036902,0.027801834154933026,0.6525158593624361,0.013801252432544835,8.709817165273937e-11,0.02462633946576949
2022-10-17,0.015087066281590233,0.0001970492693069838,3.057029967811312e-05,0.7313912875380705,0.48465890965834557,90220831.70402,0.018352228182231468,0.020614695034474332,0.027086807152251712,0.7450310145651247,0.01380213225739782,9.670288429013917e-11,0.024625050907045296
2022-10-18,0.016410589744062298,0.0001247992505608701,0.0001445082051870526,-0.0731838432450622,0.3912735938368729,181248747.88918,-0.0035096551443025135,0.020229607797050984,0.02637634597526273,0.5605914192969508,0.013801199034732753,9.504528718865567e-11,0.024303085792704626
2022-10-19,0.0431935522202453,0.0006624931568219805,0.0012031897965810768,-0.2898116417759248,0.5973623914399758,223322023.49344,-0.018591037388243286,0.021410340618881658,0.026440755114323138,0.7507823340799351,0.014669992704983951,9.891031376345728e-11,0.025755840866022027
2022-10-20,0.012088770313813953,9.547267653838651e-05,5.066569116176299e-05,0.30660658170590527,0.6293722386752084,154472610.91908,0.012879351051645081,0.021075853278928698,0.025703901546128633,0.7759074585449812,0.014804455615431686,1.0044183145036105e-10,0.025552431196900725
2022-10-21,0.023811013748870354,0.0003799062231321233,0.00018705815261676968,0.3401414246893803,0.6371127185356885,135886365.20867,-0.0015163005179639638,0.020838075569145704,0.02514470525981128,0.8863336665968742,0.014713942922889547,9.802592314141471e-11,0.025306441480659574
2022-10-22,0.007487624376668657,3.745351802729996e-05,1.8611000778782734e-05,0.3360863100188227,0.3402422271832218,66228073.98891,0.005883853235967243,0.020472757738860942,0.024875856050708932,0.8298477689526662,0.014955242841381756,9.802479797327296e-11,0.025142447286847402
2022-10-23,0.016456849651975934,0.0001978575975906129,7.297030287712747e-05,0.4611315691544173,0.3094927529420152,87185919.23809999,0.011499168456938144,0.02034363980492223,0.02486572498225576,0.8344788223715156,0.014978754362308213,9.510224055736619e-11,0.025050804507267575
2022-10-24,0.014921775721061407,7.575350689543648e-05,0.0001469058837742212,-0.3195570447973961,0.41293784543316453,146978222.72970998,-0.016032407531048887,0.02054452796940443,0.02438331383814419,0.6195052660538157,0.014870896472785068,9.282793983953251e-11,0.025153340644633388
2022-10-25,0.049117666779440676,0.0022066573240423592,0.00020588786581381065,0.8293189560307593,0.7752854842452647,365125871.44142,0.05851342126618776,0.019622388357338483,0.024917522397955895,0.9214759383489997,0.01209003662084053,9.386089510755687e-11,0.02289643383714692
2022-10-26,0.07444487886556639,0.005522511943892193,1.9528045416661016e-05,0.9929527591088001,0.8199154846239245,1398026683.23525,0.14242315031331126,0.021983545027843582,0.025717334188797708,1.2850033664475786,0.017006425483319574,9.744821960354375e-11,0.027544916950673737
2022-10-27,0.10930002932865225,0.005379130314824397,0.006567366096419847,-0.09946311794620073,0.4747044309254126,3936931255.10934,0.056484971914166134,0.02607031625028864,0.02668417039943231,1.9925632042153048,0.025549530335235663,9.518209688119908e-11,0.03607430109161203
2022-10-28,0.10714534919328488,0.011326028015796945,0.00015409783795400497,0.9731539810770182,0.8188078634940908,4967894465.081019,0.08682699421045889,0.030222836166284194,0.027726180845468,2.5526614059739576,0.031007312154441788,9.131375176548044e-11,0.04276785869556218
2022-10-29,0.2912391059375161,0.08127587042311367,0.003544346404170076,0.916426848769149,0.7814834400422896,13181354591.13557,0.37308883377565083,0.04363841603669587,0.03213532210366115,3.939038116943473,0.06447871202494683,8.583744346301837e-11,0.07657570935447056
2022-10-30,0.14097277284199264,0.0012516226438737763,0.018621700038886285,-0.8740399213706171,0.9324163195332064,7882018660.73159,-0.03350775105552656,0.0499851474514052,0.033820980262889475,4.243907309274814,0.06726290771748211,8.134196668005997e-11,0.08250679319008004
2022-10-31,0.06471450881990418,0.0028780216463414584,0.001309946005459996,0.37442400974777224,0.36516467104647793,6915186485.5751,0.07432645852953802,0.05187131325273497,0.034372101391747976,4.103781197651401,0.06708546740331557,6.800244076103999e-11,0.08352715402340923
2022-11-01,0.1380953778513396,0.01803283901053361,0.0010374943733706433,0.8911928436189469,0.9157080345146084,10365437233.7276,0.11345263665062545,0.057666848178770345,0.03598145914205916,4.060151923289765,0.06909394004451695,6.458587324240586e-11,0.08872488886167453
2022-11-02,0.060268019445920834,8.179911606386538e-05,0.003550435051870026,-0.9549593378169254,0.5053044849730186,6701002220.82,-0.10699710674623224,0.060274063560656066,0.036630304541692756,3.7366342090664286,0.06805285038430225,6.265169716797106e-11,0.08968623252868028
2022-11-03,0.05725827872319125,9.778337887347069e-05,0.003180727103469185,-0.9403488996603119,0.654939803529064,3126559844.4619503,-0.04078934092590773,0.06099162666183263,0.03716849597812643,2.4407248404991377,0.0679319651991531,6.268708880685583e-11,0.09008318560307593
2022-11-04,0.05702134249963969,0.0022638574110571113,0.0009875760894041041,0.39252880966870973,0.3053113202201361,3320067721.28605,0.02832731454332124,0.06284188938607745,0.037588300691151065,1.9698166612441166,0.0672327520240274,5.756167905818388e-11,0.09085205744671862
2022-11-05,0.06687192861473157,0.003092372261207096,0.0013794825754466582,0.383037855281138,0.68817716695596,2142934912.05866,-0.013099228838166107,0.06558712310564786,0.03831805297467132,1.9754385542697428,0.0661013416278511,5.712723035504762e-11,0.09199452166991902
2022-11-06,0.06074005668247675,0.00011346796497272353,0.003575886520817765,-0.9384889874856188,0.5575420670398856,1550509761.1918101,-0.08128976618541298,0.06793555036390214,0.03893162133182507,1.5456843479055045,0.06494677856770432,5.593646810935089e-11,0.09291104296317919
2022-11-07,0.0746776520910599,0.0008320000304476993,0.004744751691385685,-0.7016184072924174,0.5134072875789097,1817886773.32993,-0.030826178645613548,0.07077319730721021,0.03970044621642639,1.5758603110902365,0.06381421375707655,4.7057545195433325e-11,0.09427185414116343
2022-11-08,0.12827756292714826,6.498604914099291e-05,0.01639014710138749,-0.9921014253064363,0.9631976572698328,4179096054.9867096,-0.2314770269742135,0.07610019603021431,0.04077931672473886,1.8467346135376677,0.06371837305270404,4.8773045624703875e-11,0.09827479884347844
2022-11-09,0.11911255561630352,0.0003868675733856643,0.013800933332061335,-0.9454647586382273,0.9006488614478294,3071269949.28895,-0.16936581877007145,0.07971538666812185,0.042347612391595804,2.0560761826503002,0.06391141349152019,4.7434833281765016e-11,0.10121612326725447
2022-11-10,0.12530901169955003,0.015047052381851072,0.0006552960312668926,0.9165352832548984,0.8557922325489689,2101458043.17127,0.1865659505219894,0.08510682673410927,0.04417997816653518,2.22539823430021,0.06268507587455217,4.769211960287435e-11,0.10481161918497735
2022-11-11,0.07350698011104816,0.002144910907661245,0.0032583652173847847,-0.20607022183491583,0.6029487022280101,1246992272.22006,-0.05357197561831498,0.08747330132278441,0.04502320301050682,2.24550742820276,0.061175219761995414,4.920651771236205e-11,0.10590456116554683
2022-11-12,0.10012180916695021,0.008576911613073637,0.0014474650577895598,0.7112109599798351,0.4646180564044434,2365023085.49932,0.03500212929621695,0.09188445297946449,0.04640365982008325,2.320630086906444,0.05839597719664487,4.568069047656422e-11,0.10812241953784325
2022-11-13,0.04000201801756973,0,0.0016001614454779736,-1.0,0.8304438427218946,1212336428.0121799,-0.036649382286649004,0.0930056514730642,0.046881679944974476,1.9271586377374552,0.057086718228307964,4.0839637021029104e-11,0.1084147554722088
2022-11-14,0.07732698464299342,0.0051411510655842265,0.0008383114883935139,0.7196030643804799,0.7688756316079338,1465058916.40613,0.011590599814909836,0.09597732808839429,0.047635802611356706,1.7261067999514732,0.05437883264775488,3.602207500242516e-11,0.10967174972647185
2022-11-15,0.031556906957850184,0.0004901396759961309,0.0005056987007502824,-0.015624046147915755,0.3658507780671727,794357536.64312,0.01295414830232423,0.09514110143022332,0.047205598706627,1.3305129358114531,0.055263291083592236,2.916741911394933e-11,0.10936375294799543
2022-11-16,0.04020372683855864,0.00018953965697375604,0.0014267999947356843,-0.7654705101451926,0.45696847506211113,939365747.13927,-0.018440650129006732,0.09351057038131819,0.04763937587512208,1.188302826696819,0.05639795078938846,2.5251064055805786e-11,0.10850572495290707
2022-11-17,0.018140151911497187,7.463690779976661e-05,0.0002544282035724284,-0.5463699722615248,0.4867673644735925,671596715.37015,-0.009644864227117765,0.08916962383764414,0.04736211195809589,0.8591228137646558,0.0585876479629095,2.5251713241947854e-11,0.1059258293962162
2022-11-18,0.010504121560068804,1.2879936826450887e-05,9.745663292225139e-05,-0.7665336731822339,0.361609886257265,454133163.85799,0.0008268856415863077,0.08456766061701479,0.047264019656915755,0.7393370338058857,0.06085665331246598,2.4506150166229184e-11,0.10333858328786426
2022-11-19,0.014098058772950211,0.00010404814180213883,9.470711936341957e-05,0.046997610950979624,0.4455011467421342,308428677.54077,-0.002364346768754226,0.07137046789489261,0.04703691421638495,0.4800814265441992,0.04041413101282027,2.3523364212194675e-11,0.08154305235906043
2022-11-20,0.0639833206449509,1.3590200009935e-05,0.004080275120744664,-0.9933607000010299,0.5294282662857851,639649259.6270701,-0.09269790061359473,0.06770430350455728,0.047351052673561024,0.6081551891913095,0.037144227554826756,3.022187501184422e-11,0.07679756933984565
2022-11-21,0.058748648502979416,0.0010385770872539885,0.0024128266136726373,-0.39817119221657354,0.6986768652093284,995450561.83833,-0.03112886531459552,0.06742021491803707,0.0479611625388679,0.6768453992531811,0.03719102234701348,3.119915297524788e-11,0.07656887215218217
2022-11-22,0.06371796953066693,0.0034673049023243325,0.0005926747387866665,0.7080405365656054,0.8034426992840774,758897727.35172,0.053220696204909504,0.0638784335694336,0.048389501093600414,0.8578472010186462,0.033480398976141953,3.401742257902649e-11,0.07174965806887441
2022-11-23,0.023784164400723073,0.00020284536640536427,0.0003628411098352585,-0.28283466221992154,0.6376129830451579,681224197.52293,0.03996797140972534,0.06214110713870989,0.04834020234836357,0.915578554504115,0.03460482139557866,3.605092139356251e-11,0.070724729426443
2022-11-24,0.016809990134082943,2.2978594657905483e-05,0.00025959717365006045,-0.8373633040405488,0.5655908334912971,405352958.01373,-0.006245045705311404,0.06021499815827617,0.048223124518216726,0.9268742407819278,0.03598821586301209,3.616331958707758e-11,0.06970885018871276
2022-11-25,0.06738284548465641,0.004539648353294937,7.995123141450595e-07,0.9996478266735751,0.9421367429068297,1530273095.13363,0.09395808077220341,0.06070840306232458,0.048575883434110845,0.9243217284778659,0.036013261309202016,3.8680814885444695e-11,0.07014774002822907
2022-11-26,0.021459288207647975,4.71564099286941e-08,0.0004604538939689708,-0.9997951952123023,0.3972345579651098,1393363577.75856,-0.006394098850327407,0.05854589637627298,0.04834689163656471,0.7755396697070113,0.03697526107658078,3.860825369201477e-11,0.06877273139917114
2022-11-27,0.12840827735984267,0.012894383465771682,0.0035943022287505994,0.5640280498591025,0.4102546473149704,3165668305.06886,0.10418971352471432,0.06176819259900469,0.05010684605442528,0.9985252676210483,0.04000080594124489,3.76789500283288e-11,0.07306969649877508
2022-11-28,0.026161911055781046,0.0003823030291933973,0.0003021425608972012,0.11711737128087187,0.5284249712724847,2236402216.88098,-0.036863396485149844,0.05945791921637237,0.05028193718601898,1.0054461159207757,0.04061425737028098,3.765638803985312e-11,0.07145777485878414
2022-11-29,0.029255718372784765,0.00034066609640294747,0.0005152309611047485,-0.2039554443733222,0.5910930743352881,2358512541.94319,0.06466343443804147,0.0547425932852122,0.050357465704159166,1.053380787407167,0.03788104231586575,3.632437772381175e-11,0.06605598248027472
2022-11-30,0.030548474780286435,0.0007354094565285387,0.00019779985487325765,0.576086838276104,0.7852911374264767,2208021747.9616,0.05094316900456858,0.05052525610254472,0.050550327796516074,0.9065894012054628,0.035190784352791854,3.4797075467656754e-11,0.06109191266564253
2022-12-01,0.03157217169094801,0.00020215525670341152,0.0007946467685792873,-0.5943923636269115,0.4295909780650453,1478667814.7758899,-0.04819053142650909,0.046061597054516054,0.05074809235585134,0.9417232501591972,0.03091603635718563,3.212141911591614e-11,0.05506321530241449
2022-12-02,0.030139784612104807,0.0008298066262789274,7.859999018514222e-05,0.826949762891228,0.7919525711379428,1286906520.22403,0.00343659820771082,0.04399649250694732,0.05076928979962581,0.561970360135601,0.030435771181676872,3.020282297624642e-11,0.053084049151034846
2022-12-03,0.03644523334629462,0.0004931388372463664,0.000835116196419499,-0.25746362747017465,0.3543397630676863,1059194653.23378,-0.023602841028410024,0.040964274610725625,0.05110716177635036,0.607271842365334,0.02760490213750094,3.055919684719122e-11,0.04902871856296831
2022-12-04,0.01862118714170159,0.0003413517878613147,5.396822704957853e-06,0.9688718423635826,0.8988876728055808,1293081579.94694,0.04263488256159004,0.03994613980711286,0.051098477028366424,0.5675225352249446,0.028033133513997846,3.068972830224886e-11,0.04841620512240471
2022-12-05,0.05078402060000287,0.0007657588930872374,0.0018132578552142787,-0.4061621402097916,0.4835960739187753,1525922512.99689,-0.024829667567665394,0.03868218913839902,0.05173468173206592,0.6398637549177906,0.02683627637597802,3.1087849818959735e-11,0.046714054926844883
2022-12-06,0.018875684305265324,0.00010280179787034346,0.0002534896601216962,-0.42293425472670026,0.3925472004208287,791746393.01403,-0.012999438824330927,0.03807832139303784,0.05094727039353321,0.5915810108546632,0.027145519704712212,3.1093134837506113e-11,0.04638694118531099
2022-12-07,0.04897537621443473,7.234850613264543e-05,0.002326238969212773,-0.9396740732816286,0.9560680191156237,809908120.13932,-0.04515116810466491,0.03849601898236527,0.05133004479717568,0.655300015449413,0.027247155227153836,3.281301806925605e-11,0.04678673111997801
2022-12-08,0.01944561172970917,0.0002968759432865584,8.125587225604446e-05,0.5702246205363821,0.5595915889360336,712981376.93303,0.028127337182211404,0.03855818373561346,0.05126604127451541,0.588991363339393,0.02719983906032355,3.4007742649316556e-11,0.04681169425064126
2022-12-09,0.01190426377528772,2.1209012892845847e-06,0.00013959059474234284,-0.9700673361205467,0.6674107720572353,519456682.07562,-0.01814596922418197,0.03862485717443341,0.05113845131924413,0.5660852732865298,0.02712925781380303,3.5584494733109166e-11,0.046827649553700966
2022-12-10,0.007972341477255214,1.920149587604933e-05,4.43567327539145e-05,-0.39578253548126746,0.35420108004982453,288815907.9092,-0.003939461864464743,0.03833315635082889,0.05111401342747246,0.4055756672130259,0.02743734552805199,3.5868983464656375e-11,0.04675885807837873
2022-12-11,0.0414032226328277,7.379316173744044e-06,0.0017068475282097518,-0.9913905021404588,0.9676004975796139,362313617.34649,-0.03865164273726929,0.03725791358834683,0.051649121514769775,0.4853339865017343,0.026817320787329815,3.404803972399397e-11,0.0455310299781537
2022-12-12,0.023213659043089134,0.0004900485504139885,4.88254157548054e-05,0.8187872533463173,0.5572958304861808,897287911.16875,-0.026145995201927747,0.03556577123311396,0.05161909980129533,0.3912500324245072,0.026512858222015767,3.39465055584444e-11,0.043981618873572687
2022-12-13,0.038487759654997844,0.000926219322265929,0.0005550883209949505,0.25054282475312734,0.39209938213400225,1050801674.84317,0.00871922084830274,0.034364332667605905,0.051969871471936616,0.45999660260961356,0.025733550301315373,3.1002159872666436e-11,0.042562764173402504
2022-12-14,0.03344905435443291,6.049538381021667e-05,0.001058343853395591,-0.8918604535870621,0.860636766116349,711781715.27299,-0.031139171246174432,0.03482456552254447,0.05241324540730348,0.5365306822105704,0.0256210478865966,3.0291559840854304e-11,0.04287108001608642
2022-12-15,0.021936357770954776,1.6892860128297766e-05,0.0004643109321270302,-0.929789164590231,0.473689294663206,543870631.17444,-0.03931142021488824,0.03506867826715741,0.0520917676957554,0.5864625286369958,0.025464771211512346,3.2999864127607804e-11,0.04298125148336785
2022-12-16,0.08356416397951995,0,0.006982969501596098,-1.0,0.710319971826719,947181017.89002,-0.11406017108154677,0.035839217243103294,0.05312983656383511,0.7271176468964825,0.026706019782090654,3.58103935236166e-11,0.04431363822990763
2022-12-17,0.02758095463196955,0.0006634230288763244,9.728602953443823e-05,0.7442227656978778,0.5837171489896666,608474607.3998901,0.04510682583084526,0.036130725168071,0.05342124821666395,0.7404461062626391,0.02657429385707301,3.912191851197877e-11,0.0444746461773584
2022-12-18,0.017994534570689998,0.00011532708009274801,0.00020847619432300948,-0.28767193413448844,0.5716859046497155,411045152.68049,-0.008885562396526953,0.030872927892397057,0.053525556951767965,0.6715254762785449,0.016366281762952423,3.858404266517449e-11,0.03475971586307721
2022-12-19,0.05693260938404307,6.67006068999384e-06,0.003234651950586035,-0.9958843578843511,0.8822961728121064,891801573.84453,-0.09531017980432477,0.032338199241361915,0.054189771921648165,0.7468304122283345,0.017275603422239837,4.2888347584348757e-11,0.03646908097194541
2022-12-20,0.008178311689729151,6.508306091011292e-05,1.8017211842475581e-06,0.9461246302124241,0.5764865648729037,733153882.7901,0.04765414212871727,0.03133451320883546,0.054059100841420654,0.7007111940164444,0.018058201532216364,4.467795643698798e-11,0.035950269175951795
2022-12-21,0.01956866171811931,0.00029422745665630385,8.870506478188443e-05,0.5367065484606383,0.4330118060085163,517789987.76129997,-0.015224275186656823,0.03081166496777988,0.053684102579482154,0.46816296427632315,0.01824013360766114,4.497941134498072e-11,0.03558395982965437
2022-12-22,0.045568686865844116,0.001615596723967964,0.0004609084987093898,0.5560728731371889,0.5543729832460969,907680240.12214,0.04186936222303652,0.03147816569039398,0.05421552982633977,0.5282087889318913,0.018522840114102917,4.5624048074012286e-11,0.036299209841670524
2022-12-23,0.016165818614944868,8.228797499404941e-05,0.0001790457164972486,-0.3702459524106981,0.5094599482886163,692564114.31301,0.004156389929626269,0.030812738738148264,0.054094177522626664,0.5215001938517437,0.018821915648116718,4.578266798066093e-11,0.03587226837966001
2022-12-24,0.00973562288670508,6.134563076473426e-05,3.343672222740151e-05,0.2944525816915348,0.6110787475711433,246012598.83752,0.004139185834641368,0.029540852525786858,0.054129860038658995,0.3575729417455186,0.019318175903950772,4.552273157540494e-11,0.03504401296062651
2022-12-25,0.02441513748434084,0.00011350237793227166,0.0004825965604469935,-0.619182754323054,0.7320223970879208,570662146.26274,-0.019815535602029206,0.029816754923055397,0.05425618206774415,0.4224368319039169,0.019195407918192586,4.560617095131873e-11,0.03521301846644946
2022-12-26,0.012455679786996323,3.8092430961428714e-05,0.00011705152799476004,-0.5089408415549628,0.6130287032710435,330250226.87009,-0.0038256098368987,0.027991595836721755,0.05421703768783835,0.4084727084397644,0.018922340081672574,4.5382936068632485e-11,0.033534074547244656
2022-12-27,0.017414271993524365,2.9947664474890875e-05,0.0002733092045895562,-0.8024930840493081,0.5136639815074618,410000298.5714,-0.026518227257831917,0.027922004774257898,0.05371380919917302,0.31109394378171784,0.018960191611279285,4.768102490986317e-11,0.033496398300780966
2022-12-28,0.015234853550675446,9.04972097379201e-06,0.00022305104173673626,-0.9220190328708341,0.48843382871479923,732228910.94179,-0.046390764901214916,0.02631531321884079,0.05277396752750808,0.337607848505157,0.01851119399587893,4.8043265045207987e-11,0.03191931492356262
2022-12-29,0.006692049713916738,2.709258144659361e-05,1.7690947926939483e-05,0.20993507325508956,0.39945288983579835,460305670.57805,0.007646596306528114,0.02570800074189829,0.051145269438385293,0.3408922398916184,0.018951807747227625,4.695572626334803e-11,0.031669684830713966
2022-12-30,0.04123545136142387,0.00012487936274572985,0.0015754830862346235,-0.8531144194337913,0.9262884485624314,630451136.54835,-0.036336301612379336,0.027104723960285727,0.05009908058391131,0.41980261366402144,0.018964455377800254,4.80368121395254e-11,0.032820579081221185
2022-12-31,0.021458123634552056,0.000443391308104765,1.70597618109565e-05,0.92589978425252,0.5609579734978699,473533410.20179,0.02670289278176716,0.02774690406301415,0.04581684276957854,0.48154614685417513,0.018507008254066884,5.0072558872479263e-11,0.03310725102353772
2023-01-01,0.010487193656876316,7.816279996671147e-05,3.181843083011536e-05,0.42138434713655926,0.6240540760582768,309131801.63862,-0.0002848597085207883,0.02627471220701646,0.04374564309997353,0.4578174646267197,0.018595799701367134,4.5036435594369185e-11,0.03193270145273506
2023-01-02,0.02898807654813013,0.0007075403736065509,0.00013276820835370109,0.6840013033212572,0.7675478804275598,507487391.40015,0.01624903289107986,0.026549684469161273,0.043178556873437426,0.5300317343162422,0.018590965313289447,4.5173563231062796e-11,0.032156670402778184
2023-01-03,0.019827110693888098,8.114054395743634e-05,0.00031197377451025547,-0.5871911037292584,0.5443029741740838,415706101.77531,-0.012692315358662524,0.025661082137679855,0.04130128279157312,0.6030862087965055,0.01843715445567202,4.623233748240512e-11,0.03134059223500497
2023-01-04,0.014673204362134066,0.00013560493393866162,7.969799231428858e-05,0.25966642719333205,0.4942557599956327,576259520.90397,0.036509558596714495,0.024766994042808483,0.040577555568020944,0.48214377586600465,0.018495765692798913,4.7166047073411164e-11,0.03064648728686619
2023-01-05,0.02609771816405845,0.00016542151625677804,0.0005156693771138484,-0.5142454028767603,0.39361288017725854,590014334.83711,-0.022273868201073042,0.024965154061527703,0.04008294349565376,0.5130666017047422,0.018486211998389894,4.5521788622680136e-11,0.03080138984543545
2023-01-06,0.02227439392683116,0.00041898890317105934,7.715972163659363e-05,0.6889652907271206,0.5055829068432922,499045260.38157,0.012512327844369068,0.02204659358282824,0.039531404629418704,0.5866325420816777,0.012706925291150205,4.098140114484646e-11,0.025294848965401486
2023-01-07,0.010753105935642717,2.4286240814514814e-05,9.13430464486398e-05,-0.5799292482147185,0.7878080282659685,212547955.13876998,-0.0029051690904076115,0.02124526745443172,0.038640629666258565,0.5175864119768118,0.012870019664451303,3.810222534042529e-11,0.024680180304084295
2023-01-08,0.02751743920737941,0.0006931989490135816,6.401051151824006e-05,0.830930502444376,0.7645661793909603,327071551.38133,0.019617886855972114,0.021698739103797885,0.03811328653173321,0.5847762507687598,0.01291743517539752,3.992905462639117e-11,0.025094813999254128
2023-01-09,0.04525314200746228,0.0014915078736035274,0.0005563389879440193,0.456659579004265,0.7182913980577212,1093485176.84251,0.027468733134268664,0.021142573990627373,0.03764623081612055,0.7917653688816774,0.01149802417622194,3.603603562732085e-11,0.02393569593034826
2023-01-10,0.021048148303754934,0.00041550462482594947,2.7519922190912204e-05,0.8757634430136224,0.6635788259698688,644893963.43749,0.028534279075124045,0.021755423353200028,0.03594417661574923,0.7819738365975665,0.011108872011095939,3.5047827996078205e-11,0.024306973424253222
2023-01-11,0.03897853144047786,0.0010058273261688102,0.0005134985870875106,0.32404419274736634,0.5537854660700038,538618097.21622,0.003846651749174785,0.02267970286378853,0.0346722079780377,0.913649133872961,0.011709086488765981,3.3987794287730514e-11,0.025395726571340916
2023-01-12,0.038857170056898434,0.0010727403372123663,0.000437139327618358,0.4209613682460362,0.6876349819431228,955945623.5897601,0.02689725883011758,0.022360106825267307,0.033299956523392446,1.0931857159430756,0.011130395343340739,3.3131076747315956e-11,0.024858816517787867
2023-01-13,0.048320705846497565,0.0022455587175726614,8.93318959310825e-05,0.92348087279598,0.9356341872461957,750009584.8341401,0.051835136102065575,0.023891291931531722,0.0329001743922091,1.2448347693381638,0.012377524834689731,3.613637103671927e-11,0.026771282458544255
2023-01-14,0.042413719525772706,0.0005094854843378876,0.0012894381196730256,-0.43356629130672436,0.6469347802566076,1266507800.33309,0.03247303074090689,0.02544739177148732,0.031984172969333265,1.2193336845353022,0.012561666683992117,3.655611970334774e-11,0.0282462590064066
2023-01-15,0.021879119847568705,0.00038752304613437494,9.117283916989994e-05,0.619078241660893,0.6137507152074216,606518675.45869,-0.013604083451702961,0.025326629026879127,0.03169650791901579,1.2368223750545964,0.012584256348219098,3.597069230326714e-11,0.028147122877516386
2023-01-16,0.03407111246029551,0.00018656775354156783,0.000974272950740536,-0.6785644182645258,0.6834805358089139,666644230.22429,-0.028612065396139662,0.026355935344655274,0.031009906773258687,1.1946525988352503,0.012360877621599962,3.746286226310911e-11,0.028985355741960497
2023-01-17,0.020646009465984633,0.00010082917140420036,0.00032542853546532676,-0.5269098023132608,0.534594532697763,465266159.40783,-0.010686299688957096,0.026509827605248622,0.030836717924181453,1.071564792798835,0.012263723908734021,3.547665212247802e-11,0.029086217186850293
2023-01-18,0.047316296491808546,1.9003127347311513e-06,0.0022369316009660024,-0.998302406962218,0.5480414614898433,1365811611.7424,-0.03513443310871109,0.028037515364350202,0.03094961585518542,1.046579831674525,0.01277644739768002,3.368468387453761e-11,0.03068495814692036
2023-01-19,0.012028284390507175,0.00012709440858446467,1.758521679445388e-05,0.756908179041826,0.7894729167394121,443240233.95956,0.020052658551389088,0.028291621777521172,0.030852602085010977,0.8793406672883716,0.012377525526534384,3.504797265762922e-11,0.030762373338721633
2023-01-20,0.041174326170424345,0.0016573335976511941,3.79915379372967e-05,0.9551808238552318,0.6014503842813111,591835636.49667,0.05518888299417167,0.028288711054140242,0.0313394307296198,1.0137564600641709,0.012374336211408462,3.674392301646128e-11,0.030758474301639412
2023-01-21,0.0401553244006458,0.0003438093581604602,0.0012686407195606397,-0.5735565858307115,0.7608510267970732,770086582.99203,-0.017782405867535923,0.029179053947763756,0.0317530381205356,1.0671730989965529,0.012529957305285557,3.515824259157425e-11,0.03163764904310041
2023-01-22,0.03638863649166348,0.0011507832910651991,0.00017334957465722398,0.7381689116784402,0.7638339922145659,957576886.1416401,0.04127992294507609,0.030412455987515526,0.0313150272609596,1.1632317660520324,0.011854623883413356,3.716715908950826e-11,0.03253855530742966
2023-01-23,0.024475207476101594,0.00016304209550311297,0.0004359936854951064,-0.4556515631456158,0.6151159079360815,780509111.52688,0.0036182762224996126,0.03019755746027607,0.0307710043875171,1.0089410358950306,0.011922446063047688,3.5863216021405626e-11,0.032361526547684163
2023-01-24,0.056604596270887084,0,0.003204080318990124,-1.0,0.9272335129707351,653709951.26845,-0.054506244137874756,0.03194886629727602,0.03065809370085393,1.3082530610054879,0.01297742501354298,3.837978345119666e-11,0.034367483532124786
2023-01-25,0.027904856816799984,0.0006049491110365483,0.00017373192292956027,0.5537789791933682,0.44235939002916635,655808804.00712,0.03143953957773179,0.032578944985593446,0.030723501516982134,1.2166286780335185,0.012405320904355073,3.764568797978533e-11,0.034755595999343615
2023-01-26,0.007941611170741589,3.904486166785385e-05,2.4024326319393747e-05,0.23815964384220725,0.6018494730327353,474348181.97655,-0.0025436480358344313,0.03171436846210217,0.030582733596929097,1.076232819438558,0.013466874743845395,3.610335489822187e-11,0.034329606001982226
2023-01-27,0.023068190147068224,0.000509245388639607,2.2896008021688574e-05,0.9139476531412882,0.566434641106023,415665714.54523,0.010363980376465772,0.031752168282113455,0.02987932636934833,0.9845083002287982,0.013440140591160063,3.609673199311223e-11,0.034354559955967624
2023-01-28,0.03034466163785887,0.0007161623725644506,0.00020463611735169296,0.5555246460703275,0.7777623230351638,722444058.1273,0.00525655421325249,0.03268509950602851,0.030020364042843743,1.0251309192021227,0.012560832901694765,3.579234016082117e-11,0.03490812484752937
2023-01-29,0.016889585726102458,0.0002592206307798013,2.603747521956263e-05,0.8174462027759473,0.7210749088382764,529119924.08696,0.027432861371522836,0.03217901124501532,0.02825022608040342,0.752029912397207,0.01298634932228629,3.5404997023326207e-11,0.03458472648938173
2023-01-30,0.03653801885786047,0.0003338772040083594,0.0010011496180490078,-0.49981948153845784,0.6625018660072336,980368500.61833,-0.020843426031104426,0.03176400538074857,0.02841492620424595,0.8108158766067369,0.012683368242247995,3.522120916744201e-11,0.03409046046830473
2023-01-31,0.06529120864020999,0.003154822146505179,0.001108119779194252,0.4801150010916744,0.38005888372688484,2105644187.83398,0.08537735111447615,0.03387081777772262,0.028986918113252703,1.1912807096210956,0.014376001768362217,3.504503949324892e-11,0.036661428265922225
2023-02-01,0.04586212896253223,0.001254561219953888,0.0008487736530220496,0.1929258018518484,0.3720045848836327,1305825506.8376,-0.02154689486522879,0.03419860813591569,0.029229991989161364,1.3417449090400042,0.014575381581714944,3.549070079683822e-11,0.037038767163071175
2023-02-02,0.02592732081826105,9.03655492704562e-05,0.0005818604155425767,-0.7311453171982439,0.6283386106014908,820863725.4133,-0.03349130127066573,0.033582901029313904,0.029140391181658395,1.305865965627802,0.014641697237185225,3.609371347627478e-11,0.03649632860344703
2023-02-03,0.014511068451347432,0.00020418857020985902,6.38253738983172e-06,0.9393787926312727,0.5405162138505801,577438742.21881,0.021737623665111224,0.03197291829621152,0.028892316321963835,1.3168469416958097,0.014798116323272171,3.459525006527157e-11,0.03508310034505316
2023-02-04,0.041155061309605216,0.0013304591287124177,0.00036327994268494653,0.5710319861898984,0.7653096813312548,1218813831.80224,0.02892916970998738,0.031912982190679735,0.028967075495984637,1.3318563316333953,0.014756203636561507,3.450456875613025e-11,0.035011642957075824
2023-02-05,0.035321832576209404,6.041923947455837e-05,0.0011872126170672094,-0.9031457249864865,0.926127943696209,822581767.05682,-0.03941291879719793,0.03255311136823406,0.02923216510605619,1.1336847273139585,0.014589804162600611,3.5718087524391286e-11,0.03553070701779116
2023-02-06,0.034066148203366134,0.0002965118741192697,0.0008639905792944359,-0.48899397283123774,0.6638027977281531,484312672.10741,-0.027537812354345735,0.03255287497504694,0.028966802052141322,1.0426823280295225,0.014589778377405552,3.638189855976455e-11,0.03553048035138147
2023-02-07,0.018737402663033916,0.0002698969655601441,8.119329299652638e-05,0.5374790896773302,0.45332038792374646,450958936.56085,0.03284746344811948,0.032461988936811195,0.028964607105439237,0.9891387590180408,0.01467336536940051,3.875670818646825e-11,0.03548007372736551
2023-02-08,0.02310158988020512,3.3449768243609466e-05,0.000500233686749586,-0.8746456614659867,0.8133270256255328,485409998.01559,-0.025728059851423127,0.031308907669591976,0.02855391208426099,1.0392198121138525,0.014396524091345547,4.005568550652178e-11,0.034316731867218245
2023-02-09,0.060187699209826015,0.00023134419090090327,0.003391214945271588,-0.8722758236900249,0.7867232760386832,876235745.91953,-0.1018302247096027,0.03360221313717859,0.029200611885532683,1.1566710620380318,0.014994992557062582,4.3435314680921745e-11,0.036650394214583035
2023-02-10,0.031241671610627207,0.0002867543505109846,0.0006892876945152854,-0.4124139385752247,0.6246914460757367,532273481.85429,-0.007766789951990348,0.033129229586712064,0.02950755486704601,1.12406462787785,0.014900559241213595,3.968966580056004e-11,0.03618010254744013
2023-02-11,0.013710948753362954,0.0001248982697645325,6.309184595281261e-05,0.328774859124241,0.4969466822238956,228252637.19206,0.01729786122437604,0.031869973603508114,0.029598643871428673,1.001215832635892,0.015386579701075237,4.219882782157375e-11,0.03523021989118433
2023-02-12,0.04412263526169486,0.0011633713085678614,0.0007834356338686975,0.19515837262407182,0.5876615952001097,514562392.45863,-0.0013387697490349132,0.03223825925922389,0.02964180915125196,1.1670675332312548,0.015591340193446636,4.0269924688521886e-11,0.035648555932763906
2023-02-13,0.0456214765626669,0.0007912541833897318,0.0012900649403682334,-0.23966087241723144,0.6198304362086158,840438357.80881,-0.001096691756784241,0.03324522445382224,0.029997488794419862,1.3021458993113046,0.015746983450797246,4.011131109792442e-11,0.036625188889276655
2023-02-14,0.017466632496642587,0.0003021439939638547,2.939256808916174e-06,0.980731444276465,0.6987496380861279,484612263.39581,0.018841137055856313,0.031381511893143935,0.029663820109366603,1.055547078592504,0.01514878139285716,3.7992212398243876e-11,0.0346894361691895
2023-02-15,0.02976148251534287,0.0008521080748779472,3.363776663311205e-05,0.9240464587996781,0.4637739138440595,975869151.94884,0.06575681664640357,0.03146992264069359,0.02960528722303184,1.043963174992726,0.015132885998332651,3.8918056273016127e-11,0.03476284375457623
2023-02-16,0.04943785814632273,3.419875174572788e-05,0.0024099030663502006,-0.9720152806298633,0.931864696243225,973988562.26824,-0.04996732734244676,0.033445934401435555,0.030041818975021808,1.2684589936761432,0.01460710951288382,4.11056445027112e-11,0.036357087508500065
2023-02-17,0.0104464385450646,0.0001087923648059688,3.3571346984258805e-07,0.9938473493688013,0.6936978331940077,503362348.40392,0.03312788459275426,0.032844898610863954,0.028881220158601884,1.0674416402034395,0.015298768048135906,4.3052299038014615e-11,0.03607900110520026
2023-02-18,0.014621894681480773,0.00015719232571886497,5.660747835745073e-05,0.4704627667736802,0.46309249213421927,428449752.8075,0.012567388727348331,0.032096195422464995,0.02867552079430841,0.8476078105039219,0.015803640525764502,4.410259255296661e-11,0.035609376808102534
2023-02-19,0.030181259488015106,8.909211331252167e-05,0.00082181631097038,-0.8043884304118538,0.8499736194638209,511288316.84222996,-0.021031867145950907,0.03272913226827036,0.02886896087236119,0.9304075943053036,0.015425813249973115,4.359253712406986e-11,0.036025277083745616
2023-02-20,0.008511641333174792,5.9166348202146955e-05,1.328168998246258e-05,0.6333457657302287,0.4076068947884043,379483113.45713,0.015053311964283157,0.031394542862332946,0.028100374077902963,0.800461271287117,0.0162691269465647,4.4469067063082474e-11,0.03518092934714219
2023-02-21,0.022364596790682367,6.516776908063094e-06,0.0004936584127017369,-0.9739420225415539,0.777554310945527,485282928.76729,-0.03325776854982651,0.029350418488545915,0.02832555320648952,0.6068024387635289,0.014384885251024519,4.5801725934093675e-11,0.032534880072675694
2023-02-22,0.042530356717620725,0.0007183748296165847,0.0010904564129114815,-0.20570276239527283,0.5759913278615575,845180645.28329,0.0005849663811146777,0.029191762667359657,0.02869002455568796,0.8171174129813055,0.01421098880723437,4.504894151570913e-11,0.03231863918764388
2023-02-23,0.01810692148937239,3.930804734024473e-05,0.000288552558482051,-0.7602148800911437,0.7932184965499196,372914928.18898,-0.014965223615442233,0.028819362699317338,0.028254123517966183,0.844275335991686,0.014401994418277126,4.5017052040169417e-11,0.03206393750793842
2023-02-24,0.03264144823349552,1.9184409490469183e-05,0.0010462797332894986,-0.9639886342107884,0.8583537129355694,467492124.2626,-0.040584577615056454,0.029682714117514865,0.02851564144841937,0.8514072112324952,0.01404025824001898,4.735840886404716e-11,0.03269258754923541
2023-02-25,0.01612274969013904,7.026565238802714e-05,0.00018967740518285127,-0.4593765800506684,0.6272457853329076,284991262.48834,-0.002104091375934868,0.028490699278492664,0.02861702441355324,0.9042686862191516,0.014080120786411639,4.657971798854329e-11,0.03163114414633176
2023-02-26,0.008729973933821598,7.36470790636401e-05,2.565365821564462e-06,0.9326785585889927,0.8032151243464334,186901258.34679,0.017564782476197846,0.027224420295521818,0.028368053563545,0.8137257245200745,0.014620439801008356,4.877330192687311e-11,0.030736743537018805
2023-02-27,0.018714862892214888,0.00011544085626582531,0.00023480523680857645,-0.3408014618949508,0.3553074614605551,311857343.63558,-0.00966545727302241,0.02649340670927652,0.028467405676326246,0.6452243327319149,0.014645010289864268,4.754156985652346e-11,0.030102554161629436
2023-02-28,0.018177958892163327,5.6904865883148124e-05,0.00027353332360203163,-0.6555793628345108,0.5005427199907189,402387641.33958,-0.006166768432930845,0.026466766529711257,0.028479527690590353,0.6543111431652883,0.014660325197204688,4.48028220832161e-11,0.030086215036014195
2023-03-01,0.015058210107090629,0.00010721512348087057,0.0001195345681484158,-0.05433059061304622,0.4902271034547715,247036266.22507,0.01315080711327082,0.026083748445277236,0.02847672382640647,0.5343960499891196,0.014856400444940486,4.4813849605774145e-11,0.02984232634530638
2023-03-02,0.009140458165032254,4.493159719076636e-05,3.861637827593844e-05,0.07558793471117242,0.5377939673555862,223690437.99431,-0.0166188351172037,0.023652927443144196,0.028515587452614653,0.4861933294174595,0.013065530233683212,4.2817688963889725e-11,0.026870803871744835
2023-03-03,0.011864213574184587,0.00014075956373386583,0,1.0,0.5449212338404963,470062620.58524,-0.047661348871345904,0.022730191346170738,0.02804937732900768,0.5131168979933196,0.013186481832529632,4.695111219695345e-11,0.026120198017276938
2023-03-04,0.015198148546716455,0,0.00023098371924805947,-1.0,0.6473028709408358,249196048.03474998,-0.029592648167084023,0.022801010383949476,0.027950012645073782,0.48971152610987656,0.013139531331290366,4.899723783083109e-11,0.02615935891637258
2023-03-05,0.006691642307728939,3.957150027310849e-06,4.0820926747277035e-05,-0.8232550251217319,0.6367618205051794,207171128.61247998,0.0017415772370351675,0.021018582148046337,0.02788976579826192,0.4106316032905953,0.012631562978840041,4.927365226978864e-11,0.024366765394463853
2023-03-06,0.01663985043986365,0.000251524042094668,2.53605805663625e-05,0.8168148138915639,0.8824903488310358,225532817.09225,0.0005351886667747975,0.019638504713627134,0.02769376220924182,0.4242075556613444,0.011324755307154473,4.932451381290815e-11,0.022534724390496853
2023-03-07,0.015794732466073668,3.083510182585374e-05,0.00021863847184898784,-0.7527986522047939,0.6262509752436551,315979882.13044,-0.009543724565499073,0.019558890426457184,0.027629756205625716,0.4734437079841033,0.011346642905224143,4.891140884707751e-11,0.02247589205112552
2023-03-08,0.030086428192161695,0.0001581392619146759,0.000747053899447426,-0.6505955443218028,0.3357390666363781,345437944.50342,-0.040934537427357254,0.019574364030115227,0.027874410552134087,0.5969074365695423,0.011361463907369059,5.1345579652818206e-11,0.02249648386623779
2023-03-09,0.0610092167358607,9.610618837919376e-06,0.0037125139078853053,-0.9948359498620106,0.6140644803186183,517484434.20449996,-0.07566756177798904,0.02012538110580751,0.028428561323115074,0.9030358845449936,0.013038979952655929,5.586558674764462e-11,0.023810712096958474
2023-03-10,0.02972906833939563,0.0003069709931915616,0.000576846511136894,-0.30535208527057844,0.6475290131377444,463364391.82741,-0.003496241305580224,0.021043601572204224,0.028546889488393876,1.0724118057722636,0.013002198156809067,5.309092690761341e-11,0.02457315574429581
2023-03-11,0.048806753987393585,0.0006982642520624218,0.001683834982723538,-0.4137404169686798,0.6418048389673763,406656167.03923,0.005164045497798145,0.02267145201534293,0.029150915647945478,1.2768281962217596,0.014239117972064643,5.229885860543025e-11,0.02659120789051777
2023-03-12,0.05689167312246324,0.0031612683891362463,7.539408153695961e-05,0.9534124535875511,0.8057927183292857,346663472.61284,0.06565498339317605,0.023943376474126175,0.029617173329137287,1.5439477708449674,0.01602451607441737,5.935867178001369e-11,0.028597946250771
2023-03-13,0.05488460411166885,0.0025159642066141497,0.0004963555618804675,0.67044962020847,0.8128202366147517,512055502.81445,0.03155364383169873,0.026151612796911604,0.029770053679997705,1.6975152901464032,0.016959541511845665,6.040408103294481e-11,0.030948932480483252
2023-03-14,0.0727902178287595,0.004349741321440345,0.0009486744901179129,0.6419025898086663,0.8182975620663634,667462051.13776,0.02510819283350133,0.02855283284634385,0.030591356370870796,1.7529451360029604,0.019738611834022035,5.893192242712941e-11,0.034443055473429234
2023-03-15,0.06088958514832297,9.122316988608297e-05,0.0036163184096487905,-0.9507904804684469,0.7546246029490201,600498407.91904,-0.06937593986934125,0.02942708181923443,0.030939150874169923,1.9406477807913212,0.02076836510411054,6.440042135872367e-11,0.0357314825930639
2023-03-16,0.023047727921219743,0.0005311977623305721,0,1.0,0.8670690454008417,447958393.75425,0.041235702034947,0.029662358315989068,0.03068820734820677,1.769631837892769,0.02066142232832318,6.687290379278837e-11,0.03586671953269378
2023-03-17,0.040827555169855125,0.0010646636175788238,0.00060222564356874,0.2774257323439231,0.36128713382803845,545840410.22944,0.052106308163997646,0.030052172932006196,0.030569268448577526,1.6576067566373764,0.0207972149968494,6.728468035064118e-11,0.03626376788735219
2023-03-18,0.04511677154367594,3.2315019294431037e-06,0.0020322915725948035,-0.9968248928544341,0.7464451137184916,635124242.25,-0.0466072566382197,0.03143284063931747,0.030612174036163294,1.5724127039135847,0.02078865703010292,7.042753242489396e-11,0.0374113925264282
2023-03-19,0.02522633564749978,0.00020948980565571238,0.00042687820454460565,-0.3416079931806488,0.48471706107492124,405129490.12848,0.02116194000497966,0.03221838167330215,0.030665304445686006,1.2794799279942044,0.020190972241119726,6.843972580151193e-11,0.037766206657609956
2023-03-20,0.03968660669469772,0.00031835053441250526,0.0012566762165271206,-0.5957522191637896,0.6334318339876043,504425500.2658,-0.043616348275689415,0.033217036140087045,0.030754439274803504,1.1234541344183442,0.02000748989842023,7.108135308616028e-11,0.03853062747704838
2023-03-21,0.04483511155701491,0.0018482220378901633,0.000161965190439809,0.8388556168726963,0.4488984516551419,673795300.3428,0.07128008045659891,0.03448642436222284,0.031138393276248427,1.2617175651166839,0.019850643058857965,7.538913799139649e-11,0.039554990876549
2023-03-22,0.08523604106160493,0.0019068945312618953,0.005358288164593706,-0.4750594414233584,0.6911325926076805,683451281.78334,-0.0368368223196497,0.03782822583624733,0.031740293983705516,1.5114303839613141,0.022186153682045656,7.542075340957898e-11,0.04358624530325598
2023-03-23,0.0392402047486686,0.0014018996589530346,0.0001378940097643993,0.8208928734208166,0.5427136154173038,645679201.54917,0.046452281019091574,0.039261547102134774,0.03217222922748585,1.4722352196672415,0.02119005824400009,7.530881921117911e-11,0.04437460774640767
2023-03-24,0.0385873558419572,0.00019177751680683525,0.0012972065140669936,-0.7424048709316404,0.7782561926813892,402534644.32329,-0.03755134565213236,0.04053407768631442,0.032131166206399074,1.5447979410505432,0.020243771883291357,7.492280126601532e-11,0.04509220528815869
2023-03-25,0.041011444152661225,0.0003718321627869663,0.0013101063886998845,-0.5578528568023333,0.7028928099325841,251009880.46946,-0.006735846564503757,0.04176328223897846,0.032144755408812016,1.5657589635999016,0.019394322305965123,7.054577783391911e-11,0.04585193632769409
2023-03-26,0.013095250950380848,4.714561569884824e-05,0.00012433998175460229,-0.4501507252042454,0.7250753626021228,209770512.15456,0.0044507457650699266,0.04206821598386664,0.03177501913037896,1.3767890758890924,0.018858258361107636,7.115581339105401e-11,0.045917684572066686
2023-03-27,0.02340653705380819,0.00018502029917925379,0.00036284567767204195,-0.32457824724723566,0.481160507097773,404993592.57919,-0.019845696864306317,0.04239043915595924,0.03175805610780287,0.9768292157228362,0.018455560505318675,7.337626572681415e-11,0.0460579811809948
2023-03-28,0.014719523264362962,0.0002166643651301225,0,1.0,0.8097133626662724,259461455.99631,0.012822437309122333,0.04233923871778254,0.031093213679127887,0.8262506315360588,0.018534356196092543,7.42913060733747e-11,0.046041017443197725
2023-03-29,0.03196762562983391,0.0009703176846787559,5.161140373045768e-05,0.8989922014827886,0.9426926606774212,335428527.31106,0.02344223615682699,0.04242881954814789,0.031157702072985568,0.7837713748337747,0.018476630733325644,7.197640212786175e-11,0.04610134641063911
2023-03-30,0.009418993265976837,2.293599372932061e-05,6.578144041519639e-05,-0.48294280711593096,0.3082731476009283,319226457.72758,-0.018170172576889885,0.03997214224005817,0.031181152582433747,0.586710940331334,0.019294292686338206,6.772390083135671e-11,0.04418500600331357
2023-03-31,0.02113968133980104,0.0004052625293429837,4.162359780534858e-05,0.8137172076879768,0.4634087549835986,329178091.96118,0.036280955253998576,0.03956312381150605,0.031150541331524742,0.6429023879186617,0.019610739925324285,7.261301793604787e-11,0.04394893058376574
2023-04-01,0.06625580002251032,0.004207758817391205,0.0001820722192316733,0.9170481880907462,0.9440569499404003,762839688.0568299,0.06200801747032783,0.04039403076555923,0.03172055940112239,0.9161254860993879,0.02037667556197394,7.587906448438482e-11,0.04502349137655373
2023-04-02,0.04795697471330986,7.774848192610312e-06,0.002292096575460431,-0.9932388844761931,0.7494696867206042,1101117031.03879,-0.03507386003423109,0.03996856893655193,0.03221369255964949,1.1270598760126262,0.020106469958514145,6.837724834156203e-11,0.04452533748617137
2023-04-03,0.230810466201357,0.05297771957600858,0.00029575173207918034,0.9888968477248721,0.991872652085039,4836269172.56687,0.1946101757951661,0.04834599094082279,0.03529738220002245,2.1599086762655166,0.04626539697330352,6.735906746025751e-11,0.06615053927829699
2023-04-04,0.0482661013682232,0.0006050269870700682,0.0017245895542175294,-0.480578046775316,0.6252962262945171,4237824719.9745502,-0.008686151625400908,0.047178175871273445,0.03502714240205441,2.3453716811524905,0.04592580193277638,6.566536571880631e-11,0.06507320841165817
2023-04-05,0.038331331306119425,0.00010351602049898986,0.0013657749392005012,-0.8590939121817485,0.39227988440370304,2027188679.36979,-0.02608889911639421,0.04610397330735899,0.03490760593131769,2.4459213276953173,0.04585281749448699,6.077674189658604e-11,0.06424903960478939
2023-04-06,0.06829716811934182,0.00016175106387043332,0.004502752109251208,-0.9306459625528848,0.8441816820552795,1888610516.37559,-0.08192370164466067,0.04825870855488861,0.03558014319006501,2.4198078355415658,0.04577830508253092,5.84588960596947e-11,0.06576293148361258
2023-04-07,0.027387873068003162,3.573232760823409e-05,0.0007143632635808188,-0.9047259361927694,0.7047686895688925,1158971329.54881,-0.038321609386719434,0.04761872369289566,0.03578453691413891,2.312213764159324,0.04598088345431125,5.548768134202887e-11,0.06543016365478331
2023-04-08,0.02402344549585777,7.5171831310792125e-06,0.0005696087503613698,-0.9739495916061532,0.9682877793354686,611272602.75504,-0.010644255389331718,0.04661427959538051,0.03551260650439688,1.151920222346157,0.04626776587786145,5.282246106470444e-11,0.0648972944966541
2023-04-09,0.019110878663939568,0.0003253380416240305,3.988764168379005e-05,0.7815726357328938,0.8583816640186845,545507636.61784,0.02238263978451569,0.04632306735806812,0.0352552897756307,0.9909705608394568,0.0464280815924692,5.22889297899886e-11,0.06479774142367632
2023-04-10,0.014489461217798616,0.00019210878071282612,1.7835705669264062e-05,0.8300912210020718,0.4701299603035865,484409619.41196,0.018707724618968007,0.04512320328773959,0.03494454871236772,0.8762674693017756,0.04693103340400907,5.001046622796564e-11,0.06429419395442901
2023-04-11,0.012953804392442026,6.816863036195876e-05,9.963241787569157e-05,-0.1875065015635172,0.4565066314801315,484973373.07402,-0.007584772081038148,0.04360504580371231,0.03485274556521547,0.5648616506597622,0.047453569049509495,4.57176395137761e-11,0.06360825969170392
2023-04-12,0.016244433963555932,0.00025669930455150716,7.182330244822323e-06,0.9455640006901895,0.5400025857782182,693355377.32113,-0.007522872662987412,0.04031973117999569,0.03474390182050675,0.5000007377382846,0.04681112500737587,4.3667720967416385e-11,0.06093123511291539
2023-04-13,0.04065277346081672,0.0016479883172430424,4.659672813442043e-06,0.9943609615096766,0.9497630323791055,874003618.41029,0.04545704690873305,0.04038699635676465,0.034433823634014545,0.596761378986408,0.046810511112507704,4.271852352034943e-11,0.060975318184386985
2023-04-14,0.06105862547176338,0.0011212588682366382,0.0026068968762644334,-0.39849140160495466,0.6868948213584409,1158027024.65775,0.015796680542804413,0.04145705681532685,0.034907108615937335,0.8325596179335836,0.04702367007129768,3.8925846857078876e-11,0.061843485122894504
2023-04-15,0.016384523891522458,0.0001524252374788506,0.00011602738567301957,0.1355838932713274,0.4305070437439007,459873004.87146,0.0025902373849369595,0.04028434632670119,0.03494954631654305,0.8438465230894022,0.047341347693302144,3.791620495672471e-11,0.06129688245266179
2023-04-16,0.022860649433294414,0.0002851199187775273,0.00023748937373445697,0.09113987394699465,0.45443006302650274,613985132.89906,0.017285069321445277,0.04074936530207803,0.034612054477997,0.9035796249177336,0.047108312026019616,3.824644527846743e-11,0.061433117895566755
2023-04-17,0.060077405257664175,0.00224949035983914,0.0013598042626544746,0.24649860713503985,0.48591015161121437,1734325476.0318,0.010557669824423311,0.04249559712130927,0.034841513663631876,1.1496692325780318,0.04711296256806391,3.620287304214114e-11,0.062608388342376
2023-04-18,0.024031497929627322,0.0005245632484901888,5.294964425149353e-05,0.8166287024342587,0.5974016167737044,1045735707.27555,0.02953437343743404,0.04293902448632186,0.03494571787685386,1.0478319660504694,0.04688171729707683,3.5194456116080657e-11,0.0627454664023574
2023-04-19,0.061950988319458514,0.0007411848032466728,0.0030967401505110127,-0.6137575319074522,0.6477882827436224,1354430834.76805,-0.06949377083942496,0.04436680366201826,0.035456662413427126,1.0298237042828453,0.04698732908429645,3.4309743851449164e-11,0.06380508283245491
2023-04-20,0.06292902162986902,0.0004218651967034229,0.0035381965665891,-0.7869400923925637,0.5760013199448737,2591365121.52,-0.046140523390954744,0.046914900250775035,0.03567080786554691,1.2692428854113007,0.046445150259843845,3.24471775394023e-11,0.06523372076783494
2023-04-21,0.057396901867349984,8.097591725612615e-06,0.003286306752244592,-0.9950840328750574,0.9510395816665166,982347249.71792,-0.06770754067784353,0.04864143456161071,0.03641605331510699,1.426495908972342,0.0461117939175621,3.0480865404728885e-11,0.0662648808252064
2023-04-22,0.016816803123966308,0.00027182161431341676,1.0983252996826217e-05,0.9223262802985822,0.9141480224721426,395667449.49601,0.02370556094535201,0.046287196614060985,0.03645089313165438,1.1978008044014226,0.046428493890540316,2.946310649844052e-11,0.06477238420846984
2023-04-23,0.02512213373188493,0.00013971217542402582,0.0004914094278186847,-0.5572575088344847,0.525493252192965,425108401.40067,-0.01912248481374946,0.04519982323399313,0.036370589548223746,1.2131029337453108,0.046654283098426896,3.008832685104459e-11,0.06415604008109631
2023-04-24,0.017242266240570493,8.572952567151229e-05,0.0002115662194392046,-0.4232710889314244,0.4789005832679544,429496504.77591,-0.0005081946494837995,0.035029908950146155,0.03650917089596018,0.9715885357974857,0.01960967433626677,2.8228493584747228e-11,0.03991644337962496
2023-04-25,0.019282844488969976,0.00029652125204226635,7.530683954353338e-05,0.5949373312685481,0.6183649214328834,366650426.6701,0.013128186529851465,0.033649753860657904,0.0364602541927584,0.7398096854483671,0.01965141014203945,2.983592495255075e-11,0.03873105253752387
2023-04-26,0.07349181099684614,0.000843977833662714,0.004557068449933441,-0.6874761705982746,0.8437380852991373,818794874.69832,-0.015290624566425732,0.03532406241735918,0.0369517058479842,0.8064576144052389,0.021482738732380643,3.011235596297746e-11,0.0410770115108136
2023-04-27,0.008174847924077789,5.294835166833869e-05,1.3879786913460246e-05,0.5846124938383217,0.6350778236319173,504809477.76674,0.019795136687530402,0.032461094789013274,0.03679405388663032,0.7607799543266911,0.020866105482794987,2.9914037880095816e-11,0.03831949853864027
2023-04-28,0.010293419222768822,5.8741788686941987e-05,4.7212690608724716e-05,0.10881180441692553,0.44426271954780894,268658797.54208,0.0024940778610017113,0.03164707317733545,0.036439323267412435,0.6846123935117122,0.021400514207481597,2.8781573511142133e-11,0.03791715419137118
2023-04-29,0.010459680335360676,0.00010261536884498385,6.789543872946956e-06,0.8758822852781419,0.7568988918177773,253141012.31353998,0.015325970478226772,0.031001179598264154,0.036349433277654046,0.6507025334540046,0.021842235845354302,3.0835380327786495e-11,0.03762230923815716
2023-04-30,0.01685887357235048,2.2732677705711677e-05,0.0002614889404227857,-0.8400355479263075,0.6788902703053098,264489790.5093,-0.025591458722731473,0.030893941260569435,0.03647846343064657,0.6372311360553654,0.021908958666058163,3.348904633299283e-11,0.03757101031346395
2023-05-01,0.015872725158632493,0.00017138566034907737,8.055774361240754e-05,0.36050920686359733,0.5971173561355715,327404095.95197,-0.008975472680710484,0.030959810972037715,0.03643335013328812,0.32842404489944677,0.021859195146587233,3.295544691954864e-11,0.037597616472731035
2023-05-02,0.005000458919736923,1.823736404664018e-05,6.767225361336378e-06,0.45872133703762336,0.7073876515904245,224710876.20234,-0.0005080655513836067,0.030581080235242235,0.03622418346705913,0.3124679105175944,0.022252132211061978,3.231837122954059e-11,0.037507078439379074
2023-05-03,0.024902210613481298,0.0005719851931549057,4.813490028327494e-05,0.8447561987021036,0.9217099066751357,384609158.55739,0.01086555225478465,0.03099335531381011,0.036380437443351045,0.3888381479540048,0.02205253784384529,3.314698746937258e-11,0.03773254125000776
2023-05-04,0.012198322842488186,2.231537843757363e-05,0.00012648370173199544,-0.7000602636502405,0.6630173677118286,260516355.96066,-0.015957785438610806,0.029638381474842084,0.036428974977913836,0.39711778323626995,0.022302110166477356,3.358719278511535e-11,0.036771358641363515
2023-05-05,0.014480160441172417,0.00020829997160782106,1.3750747942735192e-06,0.9868837535236641,0.5267907769563442,402931318.67495,0.023093965957407453,0.02742035933052823,0.036470497944056504,0.38486212278719006,0.02131538203123201,3.5666900645577954e-11,0.034417816845673174
2023-05-06,0.024626425941333817,4.781757450676057e-05,0.0005586432801372385,-0.8423061467509552,0.7441885584682728,339244388.70674,-0.0442589608781182,0.027812830856709724,0.03662015314079646,0.4296804476529229,0.02117745488817965,4.161122676278687e-11,0.03465085491720742
2023-05-07,0.009834062287876979,3.4437057036425464e-05,6.227172404541874e-05,-0.28781943787955433,0.5701134463729378,192593612.35306,-0.0026116494342977897,0.027192517183118416,0.03667003282302103,0.4593576961631562,0.02151781048235668,4.0916377014282464e-11,0.03435696100877651
2023-05-08,0.03802743091634436,9.519884156054992e-05,0.0013508866605367934,-0.868335805286095,0.801748405577332,475963424.74011,-0.05565204221919405,0.02614251840496033,0.03700951822740962,0.5348999281383329,0.02033857222730571,4.6194356086273715e-11,0.03282363190819202
2023-05-09,0.010062960647618495,6.628389541709675e-05,3.49792815784217e-05,0.30914113863976916,0.36163309283920275,245246522.347,0.009768255425523538,0.02547734996295991,0.03691853772235477,0.5280497462465902,0.020637289968586166,4.674615026390798e-11,0.03247633374862081
2023-05-10,0.017440259160633992,0.00020525594052277118,9.890669906730665e-05,0.3496459709804997,0.6732731943002683,413521452.7909,0.000547495223093066,0.023357791431587314,0.03671780488058449,0.5520111085891564,0.01891808682561232,4.436593668584936e-11,0.029773106284683555
2023-05-11,0.02833844894959359,0.0004937289043976636,0.00030933878447105846,0.2296071956105651,0.6148035978052826,437782049.1118,-0.016415293765299252,0.021710621303955152,0.03619922126492945,0.5801241634301131,0.016673074573571842,4.5303603780910624e-11,0.027131251476406784
2023-05-12,0.02830380266241028,0.0006656864038898823,0.00013541884126278073,0.6619199734812009,0.5435073866489597,455307516.59615,0.0052704698978030175,0.02032523562752945,0.0361765980002154,0.6920204476540801,0.014644935253821628,4.257271728967093e-11,0.02484705773649879
2023-05-13,0.004661842050138756,6.632946619847688e-07,2.1069476638457152e-05,-0.9389590353834645,0.7526328840934624,152268658.49423,-0.009170551972208053,0.019746427957347185,0.03547588511232247,0.5197426582468101,0.015025777828119978,4.258763580353413e-11,0.02459561492601901
2023-05-14,0.01537691705792449,8.193549499775403e-05,0.00015451408320853516,-0.3069516501630649,0.6468593811979383,139279840.29192,0.003622182840221803,0.019282370020491928,0.03481692073034566,0.5633469688363377,0.015001919968094564,4.168401215883702e-11,0.02421054248947953
2023-05-15,0.012657268481901155,3.394587324663124e-05,0.00012626057217629715,-0.576223376568681,0.4828150645339235,232575831.73876998,-0.0006955554290301356,0.019064036793888624,0.034146645561619185,0.5375048197029019,0.015066321621735441,4.177008012708029e-11,0.024075346430425443
2023-05-16,0.014520654109255312,0.00019537950512018632,1.546989064044684e-05,0.8532612286163814,0.7032141586113658,211654403.76733,0.011759144976592919,0.01883726582342602,0.03322173185178579,0.4604429736751452,0.015098667933081249,4.271067552955378e-11,0.023915615266240767
2023-05-17,0.026884468368286098,0.0006432505305003461,7.952410894502959e-05,0.7799477053980399,0.798440306824371,450447542.13961,0.028342801664102395,0.016617868555399352,0.0326819680933725,0.45601364036919195,0.008756692922713158,4.481766969542347e-11,0.018686407181831188
2023-05-18,0.02637187783850724,0.00022604441656598297,0.00046943152416316646,-0.3499576237562037,0.3948974504427794,447675819.97479,-0.019030198423460192,0.0174843937894198,0.0327347323777739,0.5892696075788185,0.00877975322250816,4.4974612416086014e-11,0.01947093790733401
2023-05-19,0.005551315961204878,1.574127250876187e-05,1.5075836392366169e-05,0.02159307411122347,0.43818491577064966,211015660.30527002,0.0008171047710513116,0.01725857934839295,0.032174792072874686,0.5382559234331149,0.009031330823310485,4.471693655603917e-11,0.019378840341270912
2023-05-20,0.004419663775319819,1.605057945687271e-05,3.4828484300015205e-06,0.6433960848887285,0.5461431574177072,107965808.84913999,0.001632431324286679,0.01697095951220053,0.03152880623528173,0.49717163865222674,0.009349262606032228,4.255392120322848e-11,0.019268104692903874
2023-05-21,0.015609582249584749,3.7578667393213844e-06,0.00023990119126722988,-0.9691547133928397,0.7776065606358462,161855793.41004,-0.020599465007823437,0.016911469449211684,0.03137615935594974,0.5235606891537378,0.009353984952694822,4.400690458416506e-11,0.01921791632760188
2023-05-22,0.02169464042578825,0.00044234148775473554,2.8315935449510194e-05,0.8796749650447041,0.8993344988797932,281397594.80443,0.011177926362243719,0.017188703509552435,0.03109057258977658,0.49389045089213834,0.009407779736968503,4.4593039871855514e-11,0.019487002367526443
2023-05-23,0.008626487467419819,6.121804524320388e-06,6.829448150123081e-05,-0.8354713772676471,0.6220408026113682,159132377.88637,-0.0005489980922956062,0.01736137153563257,0.030515832524862372,0.3812705317325446,0.009203962542746061,4.4649657558897025e-11,0.019547281120558722
2023-05-24,0.00874340688012277,8.036492372450763e-06,6.841067149892743e-05,-0.7897504115137064,0.6805851783341939,293812783.5362,-0.03137676345202637,0.016591904691186925,0.02930166372833091,0.41057168073556544,0.00921745606675815,4.8389695462891627e-11,0.0188734472761052
2023-05-25,0.01374853924656678,0.00012768197103204954,6.134036038233748e-05,0.35097234360247986,0.554785717488138,204908367.71821,0.0036764747293086273,0.016665724519952574,0.028897034117186436,0.4752070838759581,0.00918666603217206,4.632720000885744e-11,0.018924122304623342
2023-05-26,0.004727294901462674,1.897416755657447e-05,3.37314952882053e-06,0.6981159290011563,0.6479435580420612,159826547.80496,0.0011286682913743114,0.01620130235139497,0.02835957283241668,0.40399527546973485,0.009542317905474693,4.3934197058499095e-11,0.018686948304569226
2023-05-27,0.014241677671293048,0.00019638579940996385,6.439583483043144e-06,0.9365012071843088,0.8568182394749856,194443932.34373,0.022726666538850967,0.015706790529012075,0.027934655904140994,0.351765808709496,0.009351039142180866,4.328738529020362e-11,0.0181653874218965
2023-05-28,0.01146372385670224,0.00011392979255721244,1.7487172105511632e-05,0.7338673564651002,0.7789498623915069,219133189.21494,0.013283317531240138,0.015784393460860895,0.027908758648685777,0.376206296861835,0.009306521562989452,4.5528201315546235e-11,0.018210822903820246
2023-05-29,0.0067264895785796195,1.219793179830337e-05,3.304773025243686e-05,-0.4608132030591512,0.7304066015295756,167462142.10585,-0.00545703946305809,0.014293872444776859,0.027643995990348818,0.3624474454767865,0.007977672181329607,4.151209016204709e-11,0.016276590914084735
2023-05-30,0.019960620330277255,0.00014279941520239738,0.00025562694876708026,-0.2831829009521225,0.35840854952393875,178035507.49005,-0.011419261460843055,0.014765189572522515,0.027727188007268092,0.40696025175234063,0.008007532544687723,4.266970954652159e-11,0.016705628983537456
2023-05-31,0.014411699786743922,3.273638771960514e-05,0.00017496070302362965,-0.6847679704856777,0.7703050017383715,172404964.14877,-0.00917437627604138,0.01462097245948013,0.027448522517695237,0.49107430258029783,0.007984183542236775,4.514066786793794e-11,0.01656757200592384
2023-06-01,0.009390780468881173,3.811345957209659e-05,5.007329824262352e-05,-0.13561943954958053,0.5305687174780435,163659033.85529,-0.002937270452230764,0.01371870253182716,0.027448074695519114,0.46643506255552275,0.007406191910337312,4.420976318047504e-11,0.015506208210702631
2023-06-02,0.011104506336123867,0.0001001611018563195,2.314895911269559e-05,0.6245406265996029,0.7763735215490285,178122278.80056,0.016393809775676352,0.012899688421051617,0.027288786203397256,0.5378730448855135,0.0066221445989904665,4.8041249015053757e-11,0.014427977402327027
2023-06-03,0.009128714260661681,4.29717132162773e-05,4.036171083653063e-05,0.03131999446095876,0.4822861581128535,96680349.93205,0.0016524377210892275,0.013112396621552705,0.026382007064320295,0.575233653492185,0.006412737226553767,4.5987231600197734e-11,0.014529277213228425
2023-06-04,0.008047279953188645,2.5348101130361218e-05,3.941061351463062e-05,-0.21715243209134538,0.49161060387597066,115283234.55395001,-0.003031558061039235,0.012763366283231952,0.025748519845905673,0.4790161485781216,0.006482411060228785,4.600104570827723e-11,0.014245144468595533
2023-06-05,0.05687163144575635,6.6256245300370005e-06,0.0032277568387719053,-0.99590300491348,0.828407915720012,424910449.98248,-0.08809092468871446,0.014868812138653627,0.022987585960896135,0.877209075753021,0.01160359839603062,5.573084503927464e-11,0.01868992977824884
2023-06-06,0.04718195610707582,0.0020894757083256745,0.00013666127376435455,0.8772211459907117,0.6799343226819126,517510170.43391,0.05639628570691353,0.016424112233787938,0.022970377305957287,1.2093427898497016,0.013575879064969258,5.827455712292516e-11,0.021101648055433204
2023-06-07,0.025165134795149043,6.188119073263639e-05,0.0005714028185253847,-0.8045704934026721,0.4340695703272539,307696055.66324997,-0.043371174548212155,0.016342239206495697,0.022761390059751408,1.336674492883705,0.013514687391217275,6.199042256976621e-11,0.021000430759272954
2023-06-08,0.007214428492874008,4.9428499500918555e-05,2.619478977873785e-06,0.8993436804105225,0.7786630494681914,152753332.496,0.010063722644754811,0.015429979713846496,0.02179182276409319,1.3312460910595398,0.013450245756046638,6.310343681005477e-11,0.020257805046480015
2023-06-09,0.021597057438594115,0.0004173085115577792,4.9124378448154175e-05,0.789361430119007,0.5171546565287167,345899513.40343,0.02213575163948213,0.016194062641341222,0.02169990505568987,1.4481906127940773,0.013316093253962418,6.596641296882728e-11,0.020763484147060425
2023-06-10,0.12198655458379952,0.0004194432679609231,0.014461276231265377,-0.9436259425516715,0.970988245404593,911558825.1851,-0.11835932151010806,0.02179248601317359,0.023254875041212757,1.887723613198522,0.02640226547518939,7.142940710768053e-11,0.03374607830743994
2023-06-11,0.018991439152784464,0.0001544391050260338,0.0002062356560678809,-0.14361013475062648,0.4109467767911146,253372765.61054,-0.0035725923026292935,0.02195352681808786,0.023252979175956326,1.6460548056071722,0.026372964748065438,6.60403433110631e-11,0.03382853791504094
2023-06-12,0.014925440357233316,0.00018362707326707175,3.914169659025725e-05,0.6485890134840235,0.6449052571430292,208851352.44874,-0.0013022954795130638,0.021631183957680482,0.023259899479756877,1.5883504518639195,0.026417617574147758,6.444570623541413e-11,0.03365361430636261
2023-06-13,0.026673775525049095,0.00020893711225165577,0.0005025531885090524,-0.4126775529384863,0.7010514813943494,228574024.87112,0.005199881719752085,0.0224905786270914,0.02347767679932207,1.8000317049892194,0.026266524533744333,6.536471948467827e-11,0.03410135794548283
2023-06-14,0.0197480564363183,1.769990873028564e-05,0.000372285824281727,-0.9092279166543743,0.7781508772117762,245241000.53062,-0.02278226863327485,0.023014609558338808,0.02353328985444528,1.7793336840624112,0.026087713719112206,6.470309002854763e-11,0.03431957199296432
2023-06-15,0.01702279895116135,0.00028814807400937264,1.627610122287353e-06,0.9887664133920371,0.6948018524956318,259126379.23451,0.01937345111277156,0.023170526687129024,0.02315821089397456,0.8599172170291194,0.026039304295588074,6.740892075412087e-11,0.03438939953650083
2023-06-16,0.011500979932569776,0.00010650960773034106,2.5762931679031655e-05,0.6104568371625878,0.5319843012315195,213089484.25482002,0.01051364314424787,0.02349308311718174,0.022371581599701647,0.8231915614966933,0.025840615309101797,6.942212392282312e-11,0.034465422308125916
2023-06-17,0.010547571099520483,9.349714491401967e-05,1.7754111185420066e-05,0.6808285711479806,0.8366873473392158,131019201.58528,0.0,0.02331717328043067,0.022278931555384154,0.7912353096722741,0.02591919746061878,6.385639501016849e-11,0.03440210258360683
2023-06-18,0.017673123913278813,0.00018763666138824672,0.00012470264746586068,0.20149245432243143,0.4605321829848664,289548141.94518,-0.0016103063061037946,0.023612858997410505,0.02219658988046327,0.7329648177495873,0.025812410715740166,6.12346756601656e-11,0.03452709098514393
2023-06-19,0.006519421227643676,4.185096296689739e-05,6.518901765535725e-07,0.9693248745276752,0.8359002956132447,148146292.01304,0.005624763724765788,0.023602998599746888,0.021346463149828028,0.634799560017863,0.025819222528984616,6.149091021249334e-11,0.03452519952076224
2023-06-20,0.02295564274115359,0.0004130059450772191,0.00011395558858225846,0.56749940440284,0.5987246413105705,192709852.13876,0.011155494171785673,0.023745618714550526,0.021329386083344316,0.7149196390343124,0.025806365532300563,6.119315564039867e-11,0.0346137273970116
2023-06-21,0.021194418869314724,0.0004093551106285095,3.984828057945449e-05,0.8225824588176082,0.49025931213436613,401282225.29104,0.03825093182699086,0.024068605337530087,0.02068245640953251,0.8120088245686872,0.0257260236825501,6.31982824128904e-11,0.03477945405461048
2023-06-22,0.04125768126828545,4.312790824265927e-05,0.0016590683553927724,-0.9493267501944227,0.8692621364135338,418328930.15683997,-0.00030515715830321463,0.025586076804168384,0.020338466879983565,1.1127049762366465,0.02575678023947076,6.23783760973801e-11,0.03586736706049153
2023-06-23,0.0257408320320958,0.0006421965850243727,2.039384868019654e-05,0.9384420672475644,0.8494076697127286,311399365.87947,0.04038233744568576,0.02628304469445276,0.019835989581011276,1.1860834877592377,0.025542456404000793,6.417091838291052e-11,0.036223583997188155
2023-06-24,0.03412620126017228,0.00019530779278752498,0.0009692898196622591,-0.6645918028688275,0.8006984508111274,246918235.43938,-0.02342930420261454,0.027473401218238984,0.020110741932379623,1.4463242772938412,0.025284214159787717,6.787544834018591e-11,0.03692745331697533
2023-06-25,0.013029676463171071,6.500609294533711e-06,0.0001632718594403805,-0.9234197471124264,0.7909927089630001,179689480.74035,0.0005999700194973104,0.027710658194904814,0.019918798166209565,1.4186671500727317,0.025115627209591446,6.678222541136078e-11,0.03699510053282806
2023-06-26,0.018877689931258674,1.1809453079256579e-05,0.00034455772406148856,-0.9337231157257084,0.9266942440574476,243098295.38658,-0.03075760118571336,0.025901422884690634,0.019944757272410962,1.3814694813824906,0.02426397905277581,6.293493322268632e-11,0.03509400399603895
2023-06-27,0.015662379994652125,0.0001262324441741641,0.00011907770292271492,0.029166103955021477,0.4854169480224892,202251979.22626,0.013210637592904166,0.024400490688860937,0.019887289582024965,1.1105158603159213,0.023853177721175674,6.085595841767038e-11,0.033723345461169354
2023-06-28,0.045339827843939494,0.00015241481298475004,0.0019032851759333206,-0.8517149255179333,0.8137288087884061,287577512.47276,-0.047181509107684684,0.025361190357850956,0.019440432706582002,1.2747990346907412,0.02428782728746095,6.195647094796466e-11,0.03471308288474099
2023-06-29,0.019280190439744174,0.0002826687765177638,8.905696687503888e-05,0.5208458469289691,0.7108403273746892,158838345.93778,0.013981797520418964,0.02593575045055906,0.01961670798460845,1.12354492284718,0.02397781492904191,6.301090654264634e-11,0.03493166005321088
2023-06-30,0.048847990146720595,0.00113857820411911,0.0012475479372550029,-0.04566805218149107,0.5227456116378995,456779148.118,0.04700765261317499,0.027233413912850796,0.020228685300861658,1.4425552396214254,0.024463744711901,6.486406707439916e-11,0.03621649953300229
2023-07-01,0.02380923282370296,6.577584401901471e-05,0.0005011037236342796,-0.7679371500676719,0.8163741549274186,501073387.40282,0.03083552931957914,0.022558303352846202,0.02044058295940677,1.4681913891818024,0.011278460936649038,6.161150421144674e-11,0.025100267192023164
2023-07-02,0.01789534488062404,0.0002829576035757728,3.728576482070424e-05,0.767141065200497,0.7707757302846567,355704863.82477,-0.006885969630764418,0.022506108387505226,0.020457034884934923,1.4980244281572188,0.011298311982061316,6.186190978368409e-11,0.025061885577441906
2023-07-03,0.0070371511362223565,3.542023346269717e-05,1.4101262651338437e-05,0.43049932825669246,0.4427492537704834,230899197.69162,0.00615657177685913,0.02213047556745709,0.02031678767823,1.1329574666425815,0.011687377984841582,6.283466918163628e-11,0.024896751565586597
2023-07-04,0.03938646182312437,0.0008364451250107729,0.0007148482499336607,0.07838419027701174,0.5201652879095714,554601829.51841,0.0067006805700168745,0.022735841581651147,0.02086259724812504,1.3016807249520534,0.012250158656377375,6.232670451976158e-11,0.025687328804270715
2023-07-05,0.03771097478180124,8.851312969961784e-05,0.0013336044892940315,-0.875519255907604,0.9228872674021463,293372306.5631,-0.028564957467923095,0.02359121864572176,0.0210659109650825,1.18358189921049,0.01265166081599451,6.253956783678104e-11,0.026626828548034272
2023-07-06,0.02741083921625507,7.18379919068829e-05,0.000679516114632504,-0.8087772695147517,0.3931573735167743,308502778.56859,-0.03294415571935403,0.024085887229773846,0.021307379478951814,1.20091242439924,0.012584905949011616,6.406446008123732e-11,0.027036418464785075
2023-07-07,0.009901083411735198,4.321338835102374e-05,5.4818064375114156e-05,-0.11837706880167748,0.42135189190272215,195552840.83872,0.00845313571105819,0.024009701681162676,0.021234695716579797,1.1517905085918088,0.012669459407552127,6.377340119118796e-11,0.02700624734141481
2023-07-08,0.008158554582737215,6.259321114460297e-05,3.968801734899433e-06,0.8807487465235111,0.8424605215964058,136065781.57672,0.005343116291513862,0.023895938989887282,0.02097330093311001,1.1641780332443352,0.012806369815803593,6.564333576379942e-11,0.026966819172173886
2023-07-09,0.011678886313297275,2.0818647030863332e-05,0.0001155777384880591,-0.6947331565765703,0.6280963657434346,129787302.6407,-0.0056493012296069366,0.023610499104173874,0.021002583854148424,0.9051327734296376,0.01301707361758383,6.74512373867651e-11,0.026811025750988947
2023-07-10,0.018666999250350716,0.00025621046665712634,9.224639435546787e-05,0.47054338900140746,0.7008769468008771,287814827.10521,-0.0016856949819586888,0.024188955200493256,0.020695275415005668,0.7290264558270755,0.01247836230955873,6.592215369555922e-11,0.027081365185125945
2023-07-11,0.011472225085205083,8.311837558467446e-05,4.849357282093432e-05,0.2630825178351707,0.6270804138000206,147653313.87911,0.0006133088202060707,0.023642125788305234,0.020717644691792755,0.5836373950647673,0.012783006714479034,6.33634010738767e-11,0.026731520150634475
2023-07-12,0.019016096775010757,0.00018473424130862202,0.00017687769524795245,0.021726456641567214,0.4794550220509497,190009071.13235,-0.003993247511859086,0.02353839616476695,0.020742657987259057,0.6647324010721386,0.012812665866220235,5.982503532114738e-11,0.026653389051182794
2023-07-13,0.05086797199323104,0.0025875505747041372,0,1.0,0.5651204207437286,687862983.06521,0.0802439018206489,0.023996029056431025,0.02110026946414219,1.046411339573265,0.013623183910595036,6.534538502139096e-11,0.027432879488165668
2023-07-14,0.07720849979588951,0.001256879380672091,0.0047042730600597785,-0.5783099348092565,0.76967084916623,726623015.4650099,-0.028373761992448527,0.02644687037851644,0.02187653449800694,1.5806324624576604,0.017908386883112724,6.102960358333778e-11,0.03169976898239686
2023-07-15,0.07681583912623834,0.0056023573817516855,0.0002983157589164417,0.8988875500117387,0.9288918333806462,1085146360.0106,0.04944379077722561,0.02847971027690054,0.02302183603889741,2.0063402469324902,0.02098271444060825,5.868090237757258e-11,0.03507709736627256
2023-07-16,0.026371300225132652,3.1435847214688906e-05,0.0006640096283493925,-0.9095950773446586,0.9547975386723293,470039566.68284,-0.034654482506360565,0.029115025694136803,0.023196350057424524,2.134115072828428,0.020691485948037023,6.2032702762272e-11,0.03543211548281039
2023-07-17,0.031195935319405947,0.00026055088406100866,0.0007126354963915508,-0.46454062799389967,0.6389052698310593,557718940.94073,0.004595068395422595,0.029701608807858104,0.02349061461040079,2.2303263304702954,0.02056094997971585,5.640011841490317e-11,0.0358442066532663
2023-07-18,0.02372567041592638,0.00014966470471369266,0.0004132427319714715,-0.4682439955135978,0.37927871015976244,292182149.99975,-0.016906695598756724,0.03008557501839497,0.02363672598034795,1.9742675982081803,0.02035997193550944,5.604515793151633e-11,0.03605455354124698
2023-07-19,0.03286154926174835,0.0008438324314699459,0.00023604898841236767,0.5628242433542519,0.7661983629285261,536098453.93141997,0.020056945346559545,0.02949137127638587,0.023731600280244174,1.570966057806992,0.020072578693582692,5.0014083579423064e-11,0.03540428335882793
2023-07-20,0.03615524035942416,0.0006433368581532848,0.0006638645472944491,-0.01570353968073755,0.43827581003424954,699625298.75705,0.008111036997087498,0.030294945082084915,0.023886891748830158,1.2193092194816382,0.019980924524647697,4.637446802634291e-11,0.0360279022460375
2023-07-21,0.03411916716812198,0.0008422471319550144,0.00032187043629123885,0.44701386686202554,0.600266591492639,1016681027.18733,0.03645874789252489,0.029593572559294505,0.02434034970449551,1.2714806458168517,0.019550991917107498,4.3181584188337655e-11,0.035211061554792325
2023-07-22,0.018033106225423878,1.1271886385947936e-06,0.0003240657314988266,-0.9930675696253262,0.5348495034822115,395770374.11121,-0.03816087596305525,0.029318518911757407,0.0245564360925924,1.1582893329219601,0.019676664795953574,4.484267044841089e-11,0.035047253356553176
2023-07-23,0.013308483753548657,0.00017175206540302688,5.363674415441657e-06,0.9394331139520513,0.9397875174284899,335502597.19941,0.018707908993221688,0.029100096953325244,0.024519910719639444,1.071754964232729,0.01983463284192256,4.6576107910037386e-11,0.03494988364040101
2023-07-24,0.08581831867112229,0.00650562834394817,0.0008591554755901278,0.7666854868676951,0.8640343905090411,2376420416.03717,0.03303253799792601,0.03285158112165382,0.025537746882263793,1.4255731770775524,0.02269679492065852,4.596832994340961e-11,0.039621208858419944
2023-07-25,0.059655486942327966,0.0035189640465576213,3.981307576864137e-05,0.9776254177206709,0.9497357018774579,3149053971.35036,0.09828416879082363,0.03381677279399684,0.02634773100091313,1.5503360375921,0.023408407891843223,4.687922187704404e-11,0.0408097372640841
2023-07-26,0.02116340030094763,1.2572819763916918e-06,0.0004466322303217586,-0.9943857494231536,0.8151965673840613,1793618790.52611,-0.04909575962455002,0.03302879305681333,0.026544873753624635,1.448970319152542,0.023548858861475376,4.3546119987920666e-11,0.04023733143436611
2023-07-27,0.025519841807833295,0.00019874908482458032,0.0004525132410722558,-0.38964967902637937,0.5091881332712895,864061388.16689,-0.003987912920036058,0.03293874556117421,0.026731719826025693,1.4909823964824176,0.02357501615850748,3.868079078482347e-11,0.04017806075074224
2023-07-28,0.01905770606473557,7.547316762984744e-05,0.0002877229928200116,-0.5843944631112538,0.7755348110878153,557859566.59509,-0.0055588017226985325,0.03337477521131708,0.026959186669887166,1.5213576282519827,0.02320946418887766,3.7096869633215226e-11,0.040334891304357336
2023-07-29,0.03741177856041447,0.001338415732076945,6.122544297654285e-05,0.9125126581472525,0.9537920913722284,768991232.86698,0.03890156209238705,0.03476778587692076,0.02732696604907957,1.160533935352818,0.02248696746889529,3.763587713764973e-11,0.04111427266336891
2023-07-30,0.022902053472948686,2.0781960732145304e-05,0.0005037220925456557,-0.9207557668915163,0.7157800756255355,733876700.99822,-0.028071131318017584,0.03530222240833273,0.027508526836639038,0.8940380923194144,0.02203970776897736,3.7384595880927165e-11,0.041338417170353435
2023-07-31,0.025325760260387294,0.00018719598713625487,0.0004541981456303575,-0.4162840675551645,0.5648343530512284,600340327.6576899,-0.0021827061371627195,0.03561930626595352,0.02780375335539789,0.9149423592274238,0.02183536367075656,3.727882959428102e-11,0.041506796166931745
2023-08-01,0.013594137215982459,0.0001848005666469593,0,1.0,0.5450390432085221,560029247.90576,0.004105201403523262,0.03572034970075244,0.0277026980678694,0.8299391613332239,0.021722654383758012,3.743009747391181e-11,0.041537295523276986
2023-08-02,0.02721329189016936,1.732955652048068e-05,0.0007232336989790768,-0.9531989836336376,0.6724961362682955,578848887.70574,-0.0517515339470334,0.03611069232528381,0.027905897942526944,0.8778769363547791,0.02147977248675417,4.068667520303324e-11,0.04175394855926914
2023-08-03,0.01588234917114429,5.750920888784159e-05,0.00019473980630630615,-0.5440282782188176,0.48731897044501643,511175911.05198,-0.00852912501399816,0.03444471028613681,0.02800893871557874,0.7251187543938303,0.02163415779036484,3.5926127220920463e-11,0.040400338910991214
2023-08-04,0.01772003018275526,4.690548083217694e-05,0.00026709398884558044,-0.7012384710056117,0.7713548069547448,420046473.21866,-0.0016330978044376077,0.03161192601884471,0.028113947030604637,0.7052059024101899,0.0195489013712903,3.425179820999342e-11,0.036922558658390385
2023-08-05,0.02639069851577365,0.0006101421988691448,8.632676928131266e-05,0.752101606161831,0.6839764473547019,697085503.88529,0.03058588519838594,0.02921072884691782,0.02838794678068578,0.7215757201340393,0.01659213314778857,3.417144763553061e-11,0.033398444448385814
2023-08-06,0.016922807804333414,3.476009748381483e-05,0.000251621326498593,-0.7572461439681221,0.35120118013593293,396953960.68076,-0.019076147060813873,0.02876080063640357,0.028528828175148395,0.7490870085304601,0.01679978742907557,3.2949046988038386e-11,0.03310554109239728
2023-08-07,0.013999737722661372,1.5003961393122317e-06,0.0001944922601639956,-0.9846892616528418,0.7704512124875293,467074313.25983,-0.009880299635377303,0.02794193408417764,0.02784832192557546,0.6513814014730608,0.017091715624278574,3.356402569581489e-11,0.032541782773242725
2023-08-08,0.010990555336974196,0.0001092685436008908,1.1523763014201163e-05,0.8091970699603916,0.4058299674211512,374657291.31627,0.019266341979545118,0.027335500032798964,0.027273855246684957,0.6202611787931238,0.017470524053821324,3.3257376201996065e-11,0.032216680844385705
2023-08-09,0.016856258008520517,0.00022917645041938667,5.4956983630425416e-05,0.6131607403809382,0.4824800760414924,336661824.68469,0.0059868468580691805,0.026573343306454784,0.02714196831356387,0.6554361892686636,0.01756625026469775,3.2322622255684344e-11,0.03162312070936216
2023-08-10,0.01665540564246124,0.0001895767383487967,8.7825798766133e-05,0.3667988787734397,0.681141360427435,460614561.82254,0.005951217723155931,0.025644779748504168,0.027291825093716048,0.5813793687306463,0.01754979895569861,3.238580163300841e-11,0.03083802396473724
2023-08-11,0.006419173967621124,2.4333273989401485e-05,1.687252043718324e-05,0.18106078662094166,0.43561617265602054,248399421.63271,-0.0019798066256904727,0.02432573245324222,0.02705090630846251,0.5031658753933509,0.017918119240175643,3.105769199511057e-11,0.029958500176414042
2023-08-12,0.008635657728329997,6.53302432878231e-05,9.244341113042474e-06,0.7520779716759596,0.7163162171637388,352221461.04473,0.01286444624972704,0.023878234905761558,0.025251685723455056,0.4670330651360721,0.01819829100077577,2.820540549630451e-11,0.029758654646279876
2023-08-13,0.018360441908500103,1.4616003164124806e-05,0.00032248982391128216,-0.9132853721875573,0.842407704510557,279170228.71248,-0.025498442010210332,0.024118804341711625,0.0252416698941807,0.5253024003898907,0.018084616335984946,2.989948598680305e-11,0.029886386565461852
2023-08-14,0.013429866715293313,5.925838655419196e-05,0.00012110293343635121,-0.342892516451986,0.6713474932203273,500660603.99283004,-0.0009371444557609566,0.02067173520095787,0.025217930630022922,0.4995830629400424,0.011399478673623425,2.932670941763683e-11,0.023475109048072536
2023-08-15,0.0361520099207325,0,0.0013069678213087415,-1.0,0.9427023020464323,475615101.44806,-0.052379507349748444,0.01955252200945332,0.025368378795033772,0.6425851031271154,0.00803916315497462,3.3084773098197324e-11,0.021067788932033885
2023-08-16,0.032661688078342084,0,0.0010667858681269135,-1.0,0.7072251275355098,480735490.13703,-0.05377717646807941,0.02010005952266258,0.025573357075065892,0.8338639678649672,0.008530892236167117,3.710819772588419e-11,0.021755987348870066
2023-08-17,0.08568766629426658,9.176944230842567e-05,0.007250606712649164,-0.9750027946344147,0.8786436990421904,744623419.50798,-0.0962340499917802,0.022965194022016546,0.02666327560432153,1.3630560374778706,0.016666573821908746,4.304263756258334e-11,0.02814156096549561
2023-08-18,0.027351303174845496,0.0007053816779140635,4.271210744824987e-05,0.8858108213596142,0.7601933583338288,521672404.7277,0.03575835959270318,0.023360127217736067,0.026914868036738607,1.410918929224609,0.01666761490702285,4.583221395288812e-11,0.028465345806855585
2023-08-19,0.012624389982933587,9.796886032904705e-05,6.14063621121468e-05,0.2294114333260997,0.539722324973529,225792058.2177,0.008664882885723726,0.022179775380713168,0.0269478334158404,1.4138941760926613,0.016499601574965838,4.5250676586201466e-11,0.02740831312660709
2023-08-20,0.007857923259282012,3.0089690812469587e-06,5.8737988867518296e-05,-0.9025387102067876,0.9512693551033938,180413786.76147,0.00047040377190446145,0.02146338822768142,0.026792036580062677,1.218031116382544,0.016790701866783764,4.3553385487572206e-11,0.027003325282039192
2023-08-21,0.03065676531996996,0.0003616651153222781,0.0005781721445614347,-0.23036650969333275,0.4949802860482422,311562032.1853,-0.0209066848193136,0.02171724561147107,0.02717516902597262,1.2111783951339987,0.016892010438708752,4.6575624486410986e-11,0.027265200416820408
2023-08-22,0.0187665322662961,0.00019210092968664644,0.00016008180361528612,0.09091622911538298,0.4243343672160093,349151354.98601997,0.0011197313814894933,0.021963550137676483,0.027108675208911387,0.7205756611922681,0.01680513041924583,4.6379275658407974e-11,0.02741097833230157
2023-08-23,0.025642574903390097,0.0005428658493674591,0.00011467579830851259,0.6511983728671028,0.6943034701405114,332923901.09128,0.018689172413282683,0.021888754090686996,0.027179280860245916,0.7116432426591351,0.01678407894329407,4.4795097009325314e-11,0.02733876959992064
2023-08-24,0.01589376991052146,3.7810874794423754e-05,0.00021480104717417354,-0.7006406150607245,0.7216668346213783,212884192.22762,-0.011201505464171698,0.02188929793541924,0.02677667909266236,0.7346875804480357,0.016783874773940558,4.6506169993438256e-11,0.027339085656117302
2023-08-25,0.010259081355601494,8.772312566786369e-05,1.752562459298651e-05,0.6669675497419073,0.4870035516727001,200056537.14401,0.000792958569818826,0.021534014657935727,0.026530937018432295,0.7565796592364463,0.016954641609739175,4.6509778301421045e-11,0.027156676786088806
2023-08-26,0.005339851657735873,2.046335154266408e-06,2.646768057235815e-05,-0.8564681191253134,0.8484788973015027,75328130.98887,-0.0038119487074172974,0.02053159337898155,0.026074010834266633,0.5710148295871017,0.017272462422372695,4.683014868181065e-11,0.02656459514800189
2023-08-27,0.008818662358124119,6.322011814031414e-05,1.4548687646281114e-05,0.6258477290700837,0.7457386089751997,106949864.37193,0.004604278992114055,0.02014568169106682,0.02600716934053573,0.5078029110441219,0.017446777779826367,4.659179131499975e-11,0.02637695549485279
2023-08-28,0.014155390969371158,0.00019476465049163765,5.610443004116903e-06,0.9440005950216985,0.8710840987743634,180392183.97257,0.004583176730667054,0.020153093750433955,0.025932212214156564,0.42074244382199066,0.017444069049292094,4.679432199932112e-11,0.026380911065821806
2023-08-29,0.06797867674384318,0.0044973792797148105,0.00012372121212911465,0.9464537885088289,0.9732268942544144,606280644.51381,0.045472887610303665,0.022866813817427716,0.02676262962287388,0.8130726967062538,0.020167542450393726,4.791713752149206e-11,0.030170397054656097
2023-08-30,0.012473480932918765,0.00010724311906121553,4.834460752267244e-05,0.37855499808197846,0.5033539101709188,256636732.63742,-0.008169485678048285,0.022658110147160966,0.026240941576667204,0.8359964890738135,0.020255339117653953,4.858618077514415e-11,0.0300687817224203
2023-08-31,0.035388267575608374,0.00027167240434433095,0.0009806570776585242,-0.5661327018991132,0.4487244362759454,430824289.33713996,-0.03194962699782576,0.023550151191596543,0.026496625340728542,1.0551320669981687,0.020389812677513063,5.1502329817356334e-11,0.030831099994717472
2023-09-01,0.01577736408429786,0.0001217933916998865,0.00012713182574860548,-0.021445935062097958,0.3689201503733865,255924249.51358,0.0014107691030176696,0.02399577929239067,0.02597169476830913,1.1019248289725836,0.020096846502324572,5.1385291406542817e-11,0.03099109756011473
2023-09-02,0.01088174920203129,3.7419378944409816e-05,8.099308675149882e-05,-0.36798243792160606,0.4830056304980102,201660926.2417,-0.005971105107569133,0.02410273602923359,0.025766496615584184,1.0968742834413467,0.02001682917309003,5.1056047841359925e-11,0.03102475859918101
2023-09-03,0.006133714418940804,1.2948944532708945e-06,3.632755811985143e-05,-0.9311637405480591,0.7627387507146424,101501994.29195,-0.005056101780862419,0.02352051091068315,0.02557980406857334,0.6336645978536618,0.020366961102350818,4.907872853698434e-11,0.030794066523697688
2023-09-04,0.00673435916828517,2.3562730115227427e-05,2.1788863292239102e-05,0.03911366039668811,0.49968326156266174,155913058.5645,0.0015827796909873822,0.023201677217968474,0.025574997846860053,0.5966519916439245,0.02058407288116041,4.9473007846995565e-11,0.030689501437246004
2023-09-05,0.014319406040942345,0.00019085111932642864,1.4194270038947485e-05,0.8615499711270823,0.8499577380913746,230806373.86194,0.012104211289150058,0.022162029414168942,0.025177108072539704,0.42759856198270585,0.020448186390256678,4.672601295330441e-11,0.029822357413650528
2023-09-06,0.012347862050052463,3.7834233410841576e-05,0.00011463546379628426,-0.5037147170372508,0.5659448684355846,221657344.41799,-0.006269613013595374,0.021194704365202773,0.02477451898155956,0.3992578506472999,0.020407096203579295,4.274605010895854e-11,0.029083227751156196
2023-09-07,0.013585888074148844,9.146468988812845e-05,9.311166487517134e-05,-0.008923000939936017,0.42336251937217473,148873025.93046,0.0003143665539879055,0.017761286354720972,0.024555075312637245,0.42014344844898566,0.014106714557758346,3.669238789616942e-11,0.02247190527953873
2023-09-08,0.01634164866158285,9.027466198504661e-05,0.00017677481899356604,-0.32391059773468356,0.6604782809107734,151357501.60295,0.0009425071385735332,0.017237017092184656,0.024657306507079268,0.5016483090402614,0.013936037523985225,3.37248357066247e-11,0.021956312423884877
2023-09-09,0.004763317269083859,1.1995690473851927e-05,1.0693500932100588e-05,0.057392505464505396,0.5286962527322527,84597290.02645,-0.005195634768979424,0.016862680296287052,0.02460341385130699,0.4881971544229816,0.014169751245265899,3.482200670546193e-11,0.02180758575896277
2023-09-10,0.017288866413179088,3.2300689988341197e-06,0.0002956748328539179,-0.9783873132972217,0.6922048655606399,246072175.6022,-0.03370564610154117,0.017311772827425007,0.02469246115447972,0.512410553901811,0.014018733227779585,4.1220448285915884e-11,0.022064995627883433
2023-09-11,0.03244170980788962,0.0002561316689322055,0.0007963328663271162,-0.5132725895241761,0.6877691649704392,320986793.04021,-0.01363918933302431,0.01739677018399261,0.024911107353805733,0.6807980973125518,0.01410881298883199,4.004847849316973e-11,0.02218619470859818
2023-09-12,0.017043932535697214,0.00013751124176705643,0.00015298439451434163,-0.053264664988966065,0.47336766750551695,280308638.51373,0.006925007064286101,0.017314741625392663,0.024999547154607196,0.7385456110052655,0.014105458204091915,4.107218933922634e-11,0.02211989500059456
2023-09-13,0.009634736546031716,7.696720814091445e-05,1.5860940170524712e-05,0.6582730462895557,0.6392151978911952,204157492.66759,0.0058987554294422494,0.016552463608375596,0.024850636674782132,0.7158611935374971,0.014065394183208641,3.977488896436945e-11,0.02150345636915074
2023-09-14,0.009530097215161992,8.24265539208247e-05,8.396199009613656e-06,0.8151080265967195,0.6885081992818469,225392685.13125,0.013307564122047803,0.01624943157526324,0.0241944799322731,0.7673974387114316,0.014148599977168759,4.008078659021813e-11,0.0213235641878954
2023-09-15,0.010807614882566484,8.965799060773641e-05,2.7146548842136138e-05,0.5351799001992339,0.6697304461798671,162840519.60721,0.006908212869906256,0.01627555221940443,0.023140497632061625,0.7204533036655432,0.014137489825624015,4.191219177230942e-11,0.021336463281222663
2023-09-16,0.005818243904223798,9.073364996256834e-06,2.477859713278055e-05,-0.4639386064730397,0.3072935433505719,150534904.10678,-0.006101496128677049,0.016298332802570523,0.02201355167615663,0.48562692514888256,0.014119361217424747,4.1432549800894736e-11,0.02134241910550178
2023-09-17,0.008972913819053732,1.716608439055044e-05,6.334709801361501e-05,-0.5735832598349179,0.4455675389116084,176565594.28235,-0.011173300598125302,0.01630567811023384,0.021737386812568076,0.4191112754534978,0.014115315058588783,4.239590622443724e-11,0.021345480502338757
2023-09-18,0.013979597718700885,0.00012087493291152163,7.455421946518538e-05,0.23702048994742078,0.5959300917261853,252876156.72329,0.008592093062475077,0.016297307003059064,0.021464111612556885,0.46788663326760316,0.014116706109571098,4.280403657366421e-11,0.021339962906951247
2023-09-19,0.014960332643117974,0.00013606200992496683,8.77495428677744e-05,0.215862257574933,0.4073373620265376,214452186.85119,0.01107644360739619,0.013772623950643577,0.021324979266956753,0.5276501843599577,0.007689593080967643,4.169198472015922e-11,0.015684365001066042
2023-09-20,0.009249165526452349,6.61557345407367e-05,1.9391328394977855e-05,0.5466512179488916,0.664128560839936,211836031.36266,-0.0007985307459374417,0.013619085121764225,0.020950179525126653,0.5162283980067605,0.007748792425083878,4.035563674222441e-11,0.015577677483794985
2023-09-21,0.015405285879994828,0,0.00023732283304436801,-1.0,0.7890761243578591,270871828.09734,-0.02164167151177386,0.012667514564830245,0.020620815168310318,0.608606316883604,0.005963026380787682,4.062882987768758e-11,0.013940243392377665
2023-09-22,0.005366809167780538,1.2385823791074982e-05,1.6416816852298245e-05,-0.13995220476948508,0.3670599461562658,146731916.71503,0.003584817265765889,0.0121717738545199,0.020164428533384262,0.6135404528240357,0.0061221804601430015,4.152971649209395e-11,0.013559069229553286
2023-09-23,0.008100028775249693,3.628527867337654e-05,2.9325187486496493e-05,0.10608202614991928,0.49501277118800263,111971902.59157,-0.0003253090464603807,0.012039310977054109,0.02000676063734975,0.5782082754444396,0.006181295743716003,4.0258080559233776e-11,0.013466030500542145
2023-09-24,0.009870147495317198,6.621661251069732e-07,9.675764545420939e-05,-0.9864059247421587,0.6118920305927321,106605521.2067,-0.013757177336278903,0.012217236361643461,0.01995218387134608,0.5281763126493682,0.006055298236407626,4.4031160589601286e-11,0.01357134741753893
2023-09-25,0.008738765947363341,5.07354836243014e-05,2.5630546658495713e-05,0.3287448211310396,0.6555266981176815,108095106.92235,0.0042784333817352796,0.012312684303504325,0.018728698907476887,0.5307272162713297,0.005979879732238287,4.5432521893353194e-11,0.013625650394531076
2023-09-26,0.007090306585402777,8.851867440774969e-06,4.1420580034231014e-05,-0.6478441816394215,0.5201058612272166,165738047.27144998,-0.0051033117589537715,0.011968441472288155,0.017894330965303473,0.4427202838317399,0.00606604056809705,4.4401488099387084e-11,0.013352460768860819
2023-09-27,0.016922441084305358,0.00014357044166927113,0.00014279857058251472,0.002695372242572637,0.5013476861212862,182183339.13244,-0.0018171310856201549,0.012186278569157341,0.017827014152340896,0.5846248513536032,0.006161731098647518,4.352953720101792e-11,0.013589126772653082
2023-09-28,0.010367304724077687,0.0001073749744065187,1.0603283536484511e-07,0.9980269474935937,0.6466446654080173,232508832.11780998,0.016399186799117643,0.012033012695344427,0.017586497690693984,0.6182007621489072,0.0061652050360625965,4.678762364466499e-11,0.013453369816458902
2023-09-29,0.012379822338245671,0.00010260165368571038,5.065834744081616e-05,0.33892278391679964,0.5173892519534851,234961611.46033,0.009874624956045406,0.011844354298995038,0.017480499536305254,0.6557333441922019,0.006086885755342802,4.8492362676160256e-11,0.013250457077353379
2023-09-30,0.00800208257025229,4.2549166517572926e-05,2.148415894356259e-05,0.32896944555527674,0.38860353537904707,170603983.55558,-0.0009668063917752656,0.011998581218098296,0.01701367896503284,0.6506114631441113,0.0059377016841380935,4.583764232818596e-11,0.01332454055669937
2023-10-01,0.02380189747001037,0.0004781392092534796,8.839111391940643e-05,0.6879562829951738,0.6937356764635763,221371072.97948,0.018211365925582864,0.012308725554137883,0.017027962203081434,0.8520349248733304,0.0063813682043937945,4.323248074936383e-11,0.013794471672704159
2023-10-02,0.017052029223812843,3.0003349898809728e-06,0.0002877713656598863,-0.9793629504991282,0.7472047038452962,382537315.48943,-0.01949877982527124,0.011575883621562796,0.016896633139008826,0.8525890531387393,0.004584325875638369,4.363632812269048e-11,0.012410332846732102
2023-10-03,0.007553773868266013,9.583481910579172e-07,5.610115146184056e-05,-0.9664088119633824,0.5030499141465251,189075446.88103,-0.010382961545054508,0.011123971304066074,0.016800754355711742,0.8274347526370349,0.004485030451537303,4.5074873212570374e-11,0.011954093644461662
2023-10-04,0.009216997996956031,7.025777130075531e-05,1.4695280775136184e-05,0.6540376027453756,0.4299020517458152,199827968.86422,0.0013035687034154675,0.011104078992205326,0.016515098897089305,0.803217731858816,0.004492885377284492,4.400964907419662e-11,0.011938398145392604
2023-10-05,0.006797724639422036,2.1138111885972045e-05,2.5070948387433404e-05,-0.08510964036472328,0.45686254463975784,161041933.82602,-0.00932674682048283,0.010973966012408186,0.01637089850769689,0.7967048662932484,0.00457947667483885,4.395599831717682e-11,0.011849088096677176
2023-10-06,0.0030797738525855348,9.458347070306697e-06,2.6659912762849208e-08,0.9943785148897759,0.7213164632137905,144738691.95841,0.008022965670999464,0.010605973582409093,0.016138513486583083,0.5465879003581219,0.0048932552685630355,4.457540353304587e-11,0.011631441647355075
2023-10-07,0.007678224391844868,3.45796707611515e-05,2.4375459050370002e-05,0.17308437354652903,0.5865421867732645,75944073.921,0.0011407155152043972,0.01069454408181962,0.015841490087790563,0.43083108800160835,0.004818524478080344,4.336056379522799e-11,0.011682714741578145
2023-10-08,0.008159151322444505,9.700118529317087e-06,5.687163177323084e-05,-0.7085815384083171,0.38712440836633283,84981324.39491001,-0.008176660437245444,0.01065579348674299,0.015702384429347883,0.44245391970294573,0.004836301452653746,4.492893731180683e-11,0.01165426728773468
2023-10-09,0.029165506881000707,9.253542491878172e-06,0.0008413732491338213,-0.9782430024942125,0.872173224592379,315342761.63738,-0.03696382014560829,0.011378932018281076,0.015943110923924697,0.6860663886332038,0.006278441423364165,4.8892767697967446e-11,0.012923692722950667
2023-10-10,0.009040534775317091,3.9732416481538335e-05,4.199885254217931e-05,-0.027730342226587417,0.5106601068071659,145737586.41056,0.006453826748900734,0.01109703688171913,0.01591215821659681,0.712159248316565,0.006242393143395638,4.8542003022697145e-11,0.01265923006342499
2023-10-11,0.016082292090868807,4.678349473858479e-05,0.00021185662415743658,-0.6382348188032444,0.8186693368229652,190418338.33119,-0.010209379131564708,0.011422423860977058,0.015899873043300747,0.8675508596466465,0.006318877169550431,5.091561991616385e-11,0.01298070230276557
2023-10-12,0.006198667949133359,7.872263773754158e-06,3.055122056985901e-05,-0.5902368612198649,0.4070857861762874,136900352.86847,-0.01083136180183745,0.010984013483316988,0.01573389307991459,0.8600299058857773,0.006348040377932626,5.087858314890161e-11,0.012610600093407314
2023-10-13,0.01037174128693864,9.138594910102887e-05,1.618706822215873e-05,0.699049657154693,0.6067702877186022,157644223.00722,0.008604424106595843,0.011222343584229277,0.01579663224371328,0.8905937144834417,0.006219249953733242,5.231430777516649e-11,0.012758456216718816
2023-10-14,0.01415771876202918,0.0001909767659020298,9.464234642683279e-06,0.9055658810626216,0.5840800358644855,113913781.2888,0.024705148186240884,0.011510805012171157,0.01588428400615295,0.7185192508462707,0.006207662875449478,6.250338284518185e-11,0.013007640319108778
2023-10-15,0.005135819916469136,9.670385682087603e-06,1.6706260532313434e-05,-0.26674637833161696,0.21174189799628765,94680959.88891,-0.009066549682664122,0.011285360841749822,0.01567436937135881,0.6886060111383904,0.0063544587449835994,6.091821339020841e-11,0.012876944466634333
2023-10-16,0.01180256736406077,0.00012483627609560918,1.446432028758321e-05,0.7923293846094627,0.677807995978533,313377273.51179,0.010901575469843622,0.011431256147306843,0.015648539222926548,0.6880298763474804,0.006328184106126818,6.068998077116266e-11,0.012992789650294635
2023-10-17,0.012904247902153191,1.5214602814475853e-06,0.00016499815363877745,-0.9817263534831823,0.9041287609747983,162371350.26215,-0.016142943458539418,0.011708110495723527,0.015279527127393543,0.798699368368337,0.00625553566170232,6.395800308765422e-11,0.013204096419344172
2023-10-18,0.005671999903086715,5.761930431084591e-06,2.6409652469531116e-05,-0.6418000041288413,0.39884245175690536,145547645.06775,-0.007827162641979536,0.011172375201379783,0.014851119378579965,0.7359256446901482,0.006268383593393097,6.604386657826995e-11,0.012737484946347325
2023-10-19,0.006123745921196077,3.7500264107365586e-05,0,1.0,0.4485188909078302,156750061.10959,0.004601627208124825,0.010970300972671135,0.013588200007578845,0.6182211864024969,0.006363315420209922,6.408315250793544e-11,0.01260599486033077
2023-10-20,0.009877379979211552,7.191703793286687e-05,2.564559732086233e-05,0.474274198228321,0.439701753406117,216515735.01029,0.01769361181141172,0.010851137050812368,0.013310836147330687,0.7067925801180466,0.006359029751911188,6.597330509921453e-11,0.012500354031023822
2023-10-21,0.017628713361455398,0.00029895668766075447,1.1814847119601551e-05,0.923964418890862,0.5571140544493534,187836065.82332,0.021314313703045887,0.011309548040869657,0.013390269851751669,0.7967295432481544,0.0064890317597285346,7.110692385114449e-11,0.012961801164959446
2023-10-22,0.016843555932042023,0.0002016093169479263,8.209605948790178e-05,0.4212583454055812,0.6951415486755276,197895123.08448,0.008140715748927855,0.010978198443823547,0.013532898941795478,0.8665451866077739,0.005976669093192305,6.914836550680636e-11,0.012431429315787364
2023-10-23,0.060501138490686605,0.003534142015350979,0.00012624574331826152,0.931020563043212,0.5928409517338873,834315957.98874,0.08975116019576052,0.013047203647008013,0.014006619150854473,1.6198412806123854,0.012329122447248137,7.184371390135797e-11,0.017748192650468786
2023-10-24,0.04459485929648641,0.0006236153214437738,0.0013650861542296468,-0.37284169688404023,0.5607418644890645,830789413.76448,-0.012531866228676755,0.01481106485787565,0.014416592595778129,2.0939318800758846,0.014035467001196615,6.994704266916307e-11,0.020173777375524563
2023-10-25,0.0369499680375464,0.0012414452324749849,0.0001238549055007159,0.8185675046010722,0.871610564264451,685062508.89726,0.025933141822302032,0.016131682478856144,0.014596075026479022,2.3852203283372386,0.014768377500372631,7.143902800574953e-11,0.02163215667587489
2023-10-26,0.054065753005578594,0.0007888291828927574,0.002134276465167473,-0.46028007341012567,0.7301400367050628,1216307044.20913,0.05049560982582153,0.018382540972482646,0.015201979520051357,2.7380733069986802,0.016744516676397873,7.065809905807976e-11,0.02459563534569691
2023-10-27,0.04668090178246609,0.00043639052026693163,0.0017427160709573136,-0.5994775822124765,0.4572468128480043,492726576.66779,-0.058583370472484,0.020458785159619814,0.015780103653811113,3.0165800691762357,0.017440861115656663,7.36802712753888e-11,0.026613165756703753
2023-10-28,0.014180846799303216,0.0001251248027206496,7.597161322465868e-05,0.2444259847443477,0.3917703324116436,275510389.05891,0.018274026536478777,0.02076843384568926,0.01592043691002647,2.585063595499776,0.017259387267723563,7.612348250680265e-11,0.02674003037146418
2023-10-29,0.010872800944486088,0.00011645489167360536,1.7629087048122029e-06,0.9701752409676191,0.49570318962806575,219401355.74274,0.005201572196073187,0.02089765525626267,0.015953042284413167,2.145134078427312,0.017170189079153395,7.26706671174023e-11,0.026785976927951035
2023-10-30,0.015531211529944099,0.00020932089984417244,3.189763174369611e-05,0.7355291773503166,0.7834860677534383,325162048.58847,0.0033086414416964374,0.020248403096688544,0.015974880706009564,1.9043586977356775,0.017099557176072845,6.757340280599396e-11,0.026238695071030927
2023-10-31,0.05192138727520755,0.0007691913426384832,0.0019266391139436015,-0.4293473903298025,0.6973598803203359,474492218.19221,-0.020015171421427204,0.022290348453826186,0.015720003095396298,1.8023176678148154,0.018217983380641976,6.747332708595872e-11,0.028512278630860043
2023-11-01,0.03642648619454968,0.0011559973287387673,0.00017089156774295123,0.742417668583896,0.8136728732022783,429913495.3741,0.010201196013011,0.023259119601620512,0.0161002095281206,1.6247488478385599,0.01841124646417676,6.605013472653886e-11,0.029390798256131816
2023-11-02,0.032871073067273764,0.00017063216426226022,0.0009098752803317904,-0.6841629086112088,0.7888346596579277,466342547.55613,-0.015338844305484186,0.02452923413105577,0.016060254059734335,1.809468598101525,0.018092724445003743,6.384885923737704e-11,0.030223204129589776
2023-11-03,0.01325583305807579,0.0001423909286675458,3.332618139602915e-05,0.6206837070792749,0.46525868206534604,199204709.36663002,0.002939881582366179,0.024666571834443256,0.01602022975773081,1.8265112799999084,0.017990542557740657,6.195251679826382e-11,0.030276839740237316
2023-11-04,0.013549337309826583,0.00014641047652190413,3.7174065013554524e-05,0.5950196601234587,0.7945132349893266,156583799.14612,0.014862578698990839,0.02463760128910027,0.016062572426108514,1.8037889166831904,0.018008791902669165,5.614498723516918e-11,0.0302635810196309
2023-11-05,0.02284828569294079,0.0003957304869610813,0.00012631367214516144,0.5160805079730623,0.3891600972157272,403232056.21154,0.028094539401948376,0.025481052040360826,0.01632788308125137,1.4342175362433784,0.017456050952182403,5.490281694093606e-11,0.03065106117300631
2023-11-06,0.03886118789082664,0.0014724064654888552,3.778545879727595e-05,0.949959394975394,0.5599729265362339,711429301.0967901,0.07200669804914349,0.02676955777973063,0.01683783274351393,1.4273251805440426,0.01739444767934978,5.8065995353032505e-11,0.0316980770781971
2023-11-07,0.0400058414386117,0.0005954382032858029,0.0010050291459255383,-0.25591958676418397,0.406002435028243,701760386.72514,-0.04031512313210267,0.02806010985289532,0.017245553940302333,1.4769717954757409,0.017319515828632902,5.6067360062166314e-11,0.032757461988764905
2023-11-08,0.02218606212222685,0.00046288671247390114,2.9334640017407813e-05,0.8808071211501302,0.742863629456903,449117945.26333,0.02674710889122026,0.028846493768092472,0.017401715846209864,1.5536753781074937,0.016612650522236164,5.634247586510164e-11,0.033090156358510134
2023-11-09,0.06846721871855135,0.0009907966347340656,0.0036969634043198833,-0.5772835527076078,0.7818975153547812,898314601.03583,-0.02443402533728191,0.031815230567966535,0.018272848078660697,2.074435913825088,0.01787176594721391,5.623978021254636e-11,0.03628221864074428
2023-11-10,0.029911294817984647,0.0005761359207778146,0.00031854963691058065,0.28790705477884465,0.44442557464826765,427612638.83048,0.02536197662014855,0.032769226512670016,0.018488239287492474,2.1555023966098465,0.01716281412066898,5.5172679423466944e-11,0.03680159811606586
2023-11-11,0.05317396526186409,0.0022435583141653514,0.0005839122675045775,0.5869719944815739,0.6877946787379634,1085382319.42369,0.03936339849158568,0.034461857555546614,0.019256662271504858,2.2373894763417623,0.017346753297029317,5.1496198199063534e-11,0.03839531788712093
2023-11-12,0.021934174524115804,0.00036801500993466146,0.00011309300211970924,0.5298643993194259,0.7649321996597129,521772672.75437003,-0.006388981609942455,0.03470426796469299,0.019330397320884804,2.0264809029911954,0.017122355664544894,5.012040037170662e-11,0.03851753576176329
2023-11-13,0.029559919561333574,8.527851569176015e-05,0.0007885103287807512,-0.8048074973004694,0.8502917116823363,645945175.76668,-0.04549516286776299,0.033230876587104746,0.01928465461855852,2.067114857595195,0.016091765808078896,4.8351704196502106e-11,0.036754664666792884
2023-11-14,0.04546531217184473,0.0002655094959851063,0.0018015851148981863,-0.7431085209286564,0.5844737764075242,578985202.43314,-0.028431487256145572,0.03327232672402657,0.0197357876286561,1.780589863581855,0.016123591050241103,4.9971772585086094e-11,0.03680541239012217
2023-11-15,0.02652204359518936,0.0006954912978441771,7.927498620948028e-06,0.977460088752857,0.29045115463395477,400890417.44941,0.05136918498094787,0.032775758893438145,0.02000384012149987,1.7177611852547858,0.016165189253421957,5.427094284797772e-11,0.03637471954651207
2023-11-16,0.07353343930297937,0.0027304023475110337,0.0026767643482139176,0.009919797615916602,0.49375274786227746,1556565294.07561,0.04122044685280295,0.033702791574266755,0.02101976618638586,1.8204943955715454,0.017911092029288013,5.355504555564968e-11,0.037965890525638604
2023-11-17,0.07630597401503605,0.0035952101878411764,0.0022273914825421824,0.23491538366026285,0.3825423081698686,2251855055.52167,0.08393498454427821,0.03511350929962723,0.022059422680552044,2.216532248837322,0.020026172311033662,4.9668255044173166e-11,0.04018592550979781
2023-11-18,0.05244303256700667,0.0002510448680034807,0.0024992267968206414,-0.8174399487771802,0.76369558386963,1575097925.31766,-0.07354755618588044,0.03693551814570834,0.02279949869107241,2.3534802839140414,0.019765340276614574,4.873330524635068e-11,0.04166890815277833
2023-11-19,0.03083999429055688,0.0007379803033025343,0.00021312494453904653,0.5518373071272438,0.6999787681675236,705499025.69919,0.002238528481098564,0.037886336876473616,0.023146595206493092,2.1941070380488776,0.018910682862777358,4.775544570490829e-11,0.042142131100203414
2023-11-20,0.034161383992187745,0.000245667339444177,0.000921332816817524,-0.5789763383903338,0.49443654113765484,739561785.8208699,-0.03488725900044055,0.03877348794610427,0.023466941020357963,2.229219013376626,0.01823441031955057,4.951723226851964e-11,0.04266197432066306
2023-11-21,0.04788025354663281,6.549636461500054e-05,0.0022270223150748433,-0.9428607799838198,0.7079641138260532,777011296.35596,-0.08004270767353637,0.038581053006648325,0.02398947944739788,1.9574268888983293,0.018109614382483395,5.2413959585848653e-11,0.042436290250536274
2023-11-22,0.021428283445795344,0.000455356254807563,3.815076625783806e-06,0.9833827751664083,0.9907042063153982,387231560.94439,0.053979204723107965,0.037866852875755266,0.024182798779450947,1.4993771595822802,0.01849057366435476,5.792201937144652e-11,0.041946619007708325
2023-11-23,0.014585900794173799,0.0001165733258726766,9.617517610480322e-05,0.09587916990377963,0.4283827975689255,248974076.73735,0.006055040218951804,0.03699613038656003,0.024169792666977594,1.1916750142326789,0.019156134646571656,5.7513836788306447e-11,0.041451139812645976
2023-11-24,0.016561863068971925,0.0002099596423367676,6.433566597860852e-05,0.5309021771189947,0.36673630870828755,384231641.72132003,0.025265320056501197,0.03715356038707889,0.024347491935250473,1.07180890767822,0.018963895943617626,5.99422818189797e-11,0.04150772448212835
2023-11-25,0.013842486673349549,5.470098515670227e-05,0.00013691345214515759,-0.42905152735929747,0.6874049397723021,246389840.20958,0.010056732967123947,0.03716751988057999,0.024438642060617136,0.9059736660838615,0.018945751114163748,5.736602545919945e-11,0.041512330308875134
2023-11-26,0.02296537173814558,0.000438588353057489,8.881994601372671e-05,0.6631833584335258,0.8315916792167629,334436664.33964,-0.0036804407304141854,0.037173095406542116,0.024646502762884253,0.7056725527763283,0.01894134313732747,5.457228823258732e-11,0.041515406813730976
2023-11-27,0.05037453895581447,0.001428175718613837,0.001109418456397033,0.12561396355484558,0.43722576683929987,728372789.93364,0.0022860055675300345,0.037721350219160586,0.025307388048732685,0.9102405314891052,0.019158034609972435,4.9902020613131253e-11,0.0421005097310087
2023-11-28,0.029742357279008008,0.0007732599381292239,0.00011134787838293661,0.7482548168702374,0.702760894726985,615449218.68819,0.02554929203591398,0.03723261287822708,0.025666944408948643,1.015527001054411,0.01922762996652007,4.914319595918602e-11,0.041693697010874525
2023-11-29,0.023406507416734126,0.00022805800204790447,0.00031980658740172525,-0.16746580655265378,0.3629032135700296,629252329.51854,-0.004834820054583405,0.03729072932082266,0.02576986609676497,1.057273681019749,0.01918166658195912,4.667313318600654e-11,0.04172546043346919
2023-11-30,0.022948079748652612,0.00047184891787912267,5.47654462713975e-05,0.7920092956076522,0.7733691723561564,613376583.11947,0.03672711934100301,0.035123151274637006,0.025969560938424893,1.1264802500101783,0.018019154359319833,4.82291854378888e-11,0.03927931076714538
2023-12-01,0.013698311995685278,5.7328370703309355e-05,0.00013031538082782583,-0.3889658436742881,0.5797275822497724,538871189.6252201,0.004542202406572483,0.03435110447357513,0.02599048934568584,1.0588543200595355,0.018591855186318063,4.580625554629122e-11,0.03884836672121394
2023-12-02,0.019543171174350955,0.000355746367756651,2.618917179333103e-05,0.86286077580427,0.7813724837963633,398383588.88272,0.027988656695015244,0.03274963808845546,0.02617368122829058,0.8197644996180368,0.018336108910403222,4.7424764864827056e-11,0.037319452665884094
2023-12-03,0.020978221346881407,0.00026794465846885826,0.00017214111240989246,0.21769289624535695,0.568618544196698,483196745.25049,-0.005698683794402143,0.03270411650858716,0.0261288609723679,0.7485548058489153,0.018365465258164182,4.7403286400255466e-11,0.03729327160796143
2023-12-04,0.07032381383987751,0.0037788938739432088,0.0011665449190425402,0.5282340079925434,0.45537997273497993,1148963980.68609,0.0700263508685568,0.03464525433137496,0.026974444855162573,1.056138226085512,0.02008984021693961,4.6951641619783886e-11,0.039807991660111744
2023-12-05,0.05957788480092085,0.003141350265584048,0.0004081740917677471,0.7700119505181958,0.8397052605792472,1009627937.06762,0.025863973225075255,0.03531728159942621,0.027800224393776142,1.2754325393931423,0.02069675333920034,4.583314674747724e-11,0.04068498608455584
2023-12-06,0.09440779775673756,0.006085828753319481,0.002827003523957582,0.36563295796221296,0.6775271941982463,2359181579.66961,0.006335818449085924,0.03854993655949993,0.02915245931059807,1.7470504058487726,0.024250766631131102,3.985923617015739e-11,0.04523485983362541
2023-12-07,0.048135881394254905,0.0007279765465379518,0.0015890865310638237,-0.37163855954113456,0.45757732457939915,1051851141.69072,0.009845073235050655,0.03734052904003686,0.029808620528928752,1.8940473646918092,0.023020993159084988,3.9043907125851945e-11,0.04357803062127221
2023-12-08,0.029558176686913244,0.0008736858090547815,0,1.0,0.681781995391433,812787799.6669,0.05859331694091013,0.03511444345298339,0.030228912637410146,1.9490192403758515,0.021257371696428752,4.070179331389954e-11,0.04078458155682455
2023-12-09,0.0390547198201984,0.00030661933997298065,0.0012186518002612167,-0.5979477590772472,0.5050163289185764,890630091.3210601,-0.03165674502044738,0.03447690475075443,0.03072695224738401,1.7194649780105933,0.020909599755179864,4.017085304665481e-11,0.040063059474426906
2023-12-10,0.03207824600671525,0.0007336090268659401,0.000295404840001403,0.4258486702405429,0.5408854561241764,547478008.05416,0.03401315259092481,0.034535869118190544,0.03110662041697561,1.5318430857695937,0.020900574958337925,4.297818654077263e-11,0.04010933393476872
2023-12-11,0.05967259369916547,0.00038135536005905673,0.003179463078726626,-0.7858046588923487,0.4471418721070179,1680377864.00893,-0.08000184681700552,0.035750688628046624,0.031590859890279814,1.2772433460010626,0.021607179177370855,4.2998975071803507e-11,0.04150602384567384
2023-12-12,0.03029985777919197,0.0002252631987039799,0.0006928181827352804,-0.5092740071673414,0.30021608909950565,746639542.80907,-0.0029790425266110337,0.03491352692483515,0.03192830946176989,1.1562196899095811,0.021453754237691126,3.8283563829088115e-11,0.04070995726260168
2023-12-13,0.028665214503335732,0.0008216945225222492,0,1.0,0.4819220688804935,650416793.12169,0.02764087483724218,0.03525814268947994,0.0321280383889519,1.142429056096325,0.02128375797847105,3.366925107109516e-11,0.04092143239700105
2023-12-14,0.034793012282354846,0.0006880322042219712,0.0005225214994581236,0.13672314103925629,0.43163842948037184,575509596.41388,0.019503800342204287,0.03622038609367903,0.03258191687043161,1.1004014146828822,0.020752587399277187,3.412494894733739e-11,0.04149792962108758
2023-12-15,0.03520719393423885,0.00010359171070757002,0.001135954794015535,-0.8328554672005457,0.3826152371986271,432161874.81904,-0.055598896436406836,0.03710825899202507,0.03297613040451574,1.1061641640533124,0.020262541822505652,3.712006814564147e-11,0.042048097525605364
2023-12-16,0.03135286510294292,0.0009244680776294287,5.853407253390694e-05,0.8809075391662553,0.8450158268646641,437417911.66944,0.043119192735189445,0.03794208653629143,0.03324906923532389,0.9316991111270142,0.019606937271747372,3.9870558851056715e-11,0.04249385408158102
2023-12-17,0.031843487945906496,0.00024554701253476374,0.0007684607120263286,-0.515690055238884,0.5152492318793112,437508277.39207,-0.04376421533334315,0.03836485397475623,0.0336730004738864,0.92889646478977,0.019362047055694838,4.410987806887232e-11,0.04276562914211018
2023-12-18,0.03953664854223873,0.0006426619125384866,0.0009204846654140208,-0.17773301416137263,0.5092794905868859,613809532.11049,-0.009181809037423662,0.03784876395506215,0.03411322398465112,0.9756948697543059,0.019169408657840704,4.467274551235824e-11,0.04221962540565601
2023-12-19,0.01997896305675382,8.197015738174649e-05,0.00031718880744138745,-0.5892856500513914,0.2913893176144455,414365898.13108003,-0.020725562294780644,0.03738384042066909,0.03422552105059716,0.8877953132567691,0.019491538278217146,4.507771204064677e-11,0.04194496581723155
2023-12-20,0.029914739926887503,0.0006827540538791914,0.00021213761101412592,0.5258920842906376,0.7569338132848038,505191847.49964,0.014518512830094166,0.03769375625448592,0.03461032644780035,0.8531315316203327,0.019309072879092806,4.608033949719314e-11,0.04214149091144469
2023-12-21,0.03185485371309285,0.0008767714369901071,0.00013796026809243843,0.7280852319851073,0.3845652197759787,748867642.73541,0.03761090432240342,0.03811788834803069,0.03501875673021141,0.8499940315425445,0.019065264314437502,4.562066093059307e-11,0.04241637583694415
2023-12-22,0.02187594315936402,0.00032909812728070263,0.00014945876183102282,0.37537724257426924,0.5076415281509696,515001411.97901,-0.0004207426169147322,0.03850729935582492,0.03520921011402336,0.8091221999630123,0.01861986396604187,4.525817843829245e-11,0.04257936055992805
2023-12-23,0.006327431772288714,3.9990234094166064e-05,4.615873880263175e-08,0.997694160960244,0.5809810069041971,265301862.37549,-0.016120828487978526,0.03787797843191719,0.03502982469197309,0.632835265309879,0.019495609070965196,4.480620472927769e-11,0.042387746271109146
2023-12-24,0.03117703548102141,0.00012780064111011645,0.0008442069002747514,-0.7370377581062129,0.725865477470415,467034596.02942,-0.01899884434269784,0.038363636247828625,0.03525734024036959,0.699222534647901,0.01917801237623268,4.61817296561572e-11,0.042685485144991216
2023-12-25,0.010264872768528534,0.00010536761295407866,0,1.0,0.5168033408004414,367096242.38795,0.028894121126403497,0.03550368667300248,0.034459939197160734,0.5984190993821338,0.018644362671364646,4.702756530532437e-11,0.03989449914539294
2023-12-26,0.028427324046937902,0.00017359400699291157,0.0006345187454767022,-0.5703718164020956,0.28094349942710906,503185314.84556997,-0.03249694177118348,0.03402032663709853,0.0342033116535171,0.583443695797726,0.017855735190720024,4.8883047280527776e-11,0.03822339142861951
2023-12-27,0.022376189178357066,0.0005006938421456239,0,1.0,0.7205304569374317,382952015.50736,0.0252685941748852,0.030590250038128028,0.033971981830355366,0.5840467802528865,0.011442051647288327,5.189724291709759e-11,0.03256454562227023
2023-12-28,0.02729185361064234,3.72859631449369e-05,0.0007075593103597945,-0.8998826616177754,0.6923316822507308,451184104.0107,-0.021339316034995382,0.029597677286527433,0.03354699930027701,0.70256587588602,0.01072555812832227,5.370374247125922e-11,0.03139398217977623
2023-12-29,0.02049023437787918,0.0002087486265748947,0.0002111010782855271,-0.005603080539057331,0.49719845973047133,415031698.71796,-0.00853210163841126,0.029165870509906763,0.03313127442083912,0.6382053974331221,0.010908208607233062,5.124985648572926e-11,0.031047880347090252
2023-12-30,0.013745972239795609,9.903098063596019e-05,8.992077218127134e-05,0.0482144691375313,0.5241072345687657,201579277.85829002,-0.010492116792844484,0.027960692053697105,0.033124371650053296,0.6711337617989201,0.011156304641366785,5.203582638791193e-11,0.03000560976723466
2023-12-31,0.013513134104046733,8.918708777266289e-05,9.3417705541288e-05,-0.0231681638353898,0.4641629919363297,182532904.86928,-0.005566703308547505,0.027076639105950987,0.033166281700205046,0.5887442421888981,0.01154259027096895,5.052963639388763e-11,0.02932629235898795
2024-01-01,0.01621144791009333,0.0002628110433416694,0,1.0,0.5817533178373631,199675665.9871,0.027634278954121662,0.02500706073504279,0.03317707910306456,0.5561537450696739,0.009028393212108762,5.485279775081622e-11,0.026513835111375637
2024-01-02,0.017708794322914504,1.4865905233331319e-05,0.00029873549113795773,-0.9051923530612678,0.8305671865645107,444095404.80874,-0.010151263288955142,0.024407486284743863,0.03263402207207578,0.49662509505992763,0.00907727765348841,5.5751291078201827e-11,0.02596533633750009
2024-01-03,0.08737537750876503,2.517617727982105e-05,0.007609280417519382,-0.9934045922018938,0.913643052132623,848756379.5141699,-0.10626287771254424,0.027203208332621447,0.033442734632618876,0.8707711739125312,0.016478211629965194,5.96894412211181e-11,0.03160088499799492
2024-01-04,0.018002258093450834,0.00031590244869020024,8.178847773015873e-06,0.9495259500484985,0.8833851618480911,382232034.7329,0.024341483767122127,0.026403648609340302,0.033206721696526456,0.8978452158797229,0.01649887317511979,6.11081489208934e-11,0.03092576532414789
2024-01-05,0.0160131531875536,0.0001697575417368453,8.666353327121274e-05,0.3240529604012515,0.6620264802006257,517768880.29634,-0.016080989759727413,0.02548964666902196,0.03325048868270864,0.9228581784768389,0.01651843351427634,5.646078214296457e-11,0.0301593677690891
2024-01-06,0.0280987046477131,0.00014529652983442988,0.000644240673044984,-0.6319450703411097,0.716748013741688,341940238.43117,-0.02560629950138299,0.025334686647344347,0.03348143102140525,0.9993846497957738,0.016475889207670964,5.5332622882161905e-11,0.030006246811186514
2024-01-07,0.027223084427145144,6.241352217600648e-05,0.0006786828035514658,-0.8315643459310357,0.7375154864525826,320794205.82022,-0.029728855175584542,0.025114667432165234,0.033550872271154525,1.0536104006864955,0.016415363958717996,5.498224522131183e-11,0.02978890845259359
2024-01-08,0.03669123764402058,0.0013462469198499928,0,1.0,0.4912291387384948,527965536.14527,0.039368252927813006,0.024979171675107232,0.03351642861644332,0.7634709831358527,0.01630171981045322,5.782068453045062e-11,0.029615038606242997
2024-01-09,0.030702734539214124,0.00044326695427704545,0.0004993909539084064,-0.05953803510691975,0.4239309461461873,934982060.02186,-0.0261599372015334,0.025489827459986292,0.03336876025296082,0.8400738894530554,0.016305217424584604,5.677123408869219e-11,0.030048817176623364
2024-01-10,0.05319544716718266,0.002477791652715507,0.00035196394660101513,0.7512407455357445,0.8210247497116336,578741844.1591,0.04769556548311935,0.026598432566667014,0.03386097271399186,1.0652199774141322,0.017377305181393733,5.932713375280983e-11,0.03154469514108215
2024-01-11,0.02959330920348593,0.0006555843079525758,0.0002201796416605494,0.49717126000033396,0.732440007419009,653227102.383,0.017534891932728613,0.02649073997097145,0.03324392653121305,1.0701344477377714,0.01735008714466374,5.821379015057805e-11,0.03143962912279026
2024-01-12,0.03437832286632151,8.587246676716685e-05,0.0010959966163338775,-0.8546836227548137,0.4687058496891344,492069978.08494,-0.05455345878716578,0.027086091385588467,0.033314831738329505,1.1106057566174405,0.017398253911560347,6.345418403188901e-11,0.031967817195348754
2024-01-13,0.015950416889446022,0.0001981368841504454,5.627891479667948e-05,0.5575831765984322,0.5676770580394396,215223748.52297,0.010558448500645414,0.02754432877211977,0.03272398176416414,1.0006063788596484,0.01694499405342914,6.289675118006143e-11,0.03212708949443645
2024-01-14,0.03144756307900012,0.0005258528318007347,0.00046309639180695686,0.06345769681161385,0.49182776338587136,386080068.32698,-0.011183019128655703,0.027557211038690185,0.03287498793170199,1.0026420628340589,0.01694799643678841,6.233893247590386e-11,0.03213964259533768
2024-01-15,0.0211847943196629,0.00018614040671265574,0.0002626551036537657,-0.1704889981600732,0.5571290798454096,224861515.77422,0.013159718154710384,0.028077207303029914,0.03274204943580245,0.8296627272878963,0.016553845592498475,6.137768116091019e-11,0.032393059990631204
2024-01-16,0.009181413156344735,6.43074762217316e-05,1.999087132576858e-05,0.5257114307132964,0.7583760485068275,267321310.0751,0.003447430156505254,0.027160735355858813,0.032166114530794515,0.7273700826384077,0.01705855532464015,5.891643122656778e-11,0.03185660030419588
2024-01-17,0.013434045464556302,3.321395740641736e-05,0.00014725962013734835,-0.6319244306179632,0.5563713944632158,202593500.34484,-0.009385102227721907,0.026734918988534966,0.03195836852872097,0.6042636819316793,0.017293942028021286,5.7980292452844935e-11,0.031616362834972545
2024-01-18,0.03415602219162426,8.194174449893624e-05,0.001084692107455793,-0.8595244868616824,0.8900716378746002,281987319.58845,-0.03151256466183611,0.027061784159057918,0.03133333016187407,0.7235660518678181,0.017369697113529495,6.104960000260708e-11,0.03193242191433362
2024-01-19,0.01835333900882853,0.00024149080914041547,9.535424363257156e-05,0.43383913257687357,0.4693670722427793,317500773.08930004,0.006383272025476662,0.026960027236722167,0.030413447066537442,0.6425628821606794,0.017416316864978992,6.102803019400753e-11,0.03187047170712508
2024-01-20,0.07516925984759965,0.005650146891354783,2.7073468117178525e-07,0.9999041717978776,0.7219660032042591,674967413.98695,0.1104886018366611,0.029884945694236647,0.03077418083289606,0.9877523930510774,0.02004547656536212,6.634446542144233e-11,0.03571829741632804
2024-01-21,0.022376825988880404,0.00016951859406464005,0.0003312037472719935,-0.3229038128711201,0.3178998553925668,979246658.74634,-0.026440378789048216,0.030307026260181107,0.030639844828107544,1.073916481148462,0.019775005776646204,6.617797727785995e-11,0.03592972620253337
2024-01-22,0.03238918475885874,7.48484610943654e-05,0.0009742108282491219,-0.8573036588976657,0.6575095281303097,676482535.81611,-0.05940432082796358,0.03107739468155089,0.030611714681546765,1.1868610265959563,0.019511796824896017,6.376929655840505e-11,0.03644702481212651
2024-01-23,0.041447174556129146,0.0004077846750593023,0.0013100836036269371,-0.52524337270939,0.5663241179202755,473628824.13371,-0.03011630617806781,0.032207793740275395,0.030509602316618135,1.2178626452804684,0.019385798053146344,6.570872558835831e-11,0.03735311860065466
2024-01-24,0.027271729258584808,0.0005478398786605717,0.000195907338092979,0.47318837992265,0.6274177487979637,321445470.14507,0.011196045705085216,0.029345715252171577,0.030602355424757654,1.2660133227242103,0.014705550649581501,6.140548679072236e-11,0.032666901462985426
2024-01-25,0.013760115137756343,7.021710819964691e-05,0.00011912366040466434,-0.2582991109919041,0.6155339924450464,231939967.96335,-0.01414306558414284,0.029143708444757555,0.030589247715925628,0.8789528063803421,0.01489705401582439,6.12766671886645e-11,0.032568546721953535
2024-01-26,0.023076555055720767,0.0005127851655629272,1.9742227676784576e-05,0.9258546023081379,0.8669862368633029,227738653.43511,0.02408533209264533,0.029480060914670276,0.030692655525239105,0.8964947394906059,0.014663675261043976,6.48338295118337e-11,0.03276977502968038
2024-01-27,0.009330443146713496,3.5064303358642095e-05,5.199286595541076e-05,-0.1944534003362781,0.5883446974698783,146923058.79103,0.0031259794132920435,0.028586334176527433,0.03062103578672107,0.7549834346632779,0.01530978885738412,6.228101979600643e-11,0.032255336385257
2024-01-28,0.01619349274395435,1.0099913502055293e-05,0.0002521292937464469,-0.9229688133672761,0.7244316999221717,216760763.61599,-0.01648976881671692,0.028061115524946924,0.030513545643956128,0.5913626016282947,0.015546259708971865,6.149058733298901e-11,0.03189989857676727
2024-01-29,0.03558867530673203,0.0010947756834650106,0.00017177812662298757,0.7287472111255144,0.5768732289871747,483392322.08586,0.031847836801213496,0.028008612556504612,0.030278849395557996,0.6417746468677995,0.015517491871205644,6.107716271796394e-11,0.03184036148066431
2024-01-30,0.021258645570011826,1.760042129838918e-05,0.00043432959017299425,-0.9221099690145113,0.8526818692981881,251714765.1194,-0.02049124786887756,0.027558894034161643,0.03014418730493901,0.6880655138285398,0.015572263256803075,6.362133125393771e-11,0.03147126664336454
2024-01-31,0.01943078317660833,5.86522992473441e-05,0.0003189030356090212,-0.6893048841719723,0.5573882385226225,229573229.93906,-0.012626430372811689,0.02595105289175334,0.030081080570968758,0.6643168093949511,0.014499056473492354,6.231595366660846e-11,0.02955789544221611
2024-02-01,0.012027927070780412,0.00011477719347893136,2.989383614108088e-05,0.5867336229015724,0.5698269860968029,170869293.99951,0.007973211890553888,0.025114606123529268,0.029907744814177135,0.6852546801362646,0.014782333487814391,6.325972282285176e-11,0.028962997676378038
2024-02-02,0.007878212392501612,1.7469961507458174e-05,4.459626899390779e-05,-0.43705421236839276,0.4535588833168215,145365411.50508,-0.0010089545565215286,0.02385269610096642,0.02981536228079327,0.6530105532363083,0.015080092395031205,5.831094047317626e-11,0.02802733110804505
2024-02-03,0.006628503077951309,2.989059056184919e-06,4.094799399822505e-05,-0.8639390287517289,0.7395153562768506,86757140.76915,-0.006710160013392086,0.023408795443276193,0.029610367549104386,0.4704895881389247,0.015456831075189638,5.965790107289799e-11,0.027847953095632136
2024-02-04,0.012533823858422348,2.8779491441498607e-05,0.0001283172490724587,-0.6336080386220148,0.6912406978145088,141160428.28814,-0.005478069626483337,0.022508141194677252,0.029476329493732016,0.42995731754112576,0.015515928944190339,6.012656103430915e-11,0.027127411756598968
2024-02-05,0.019059912998106818,0.000178046185698394,0.00018523409779700725,-0.01978613325626364,0.37989854173119597,216995165.21052,0.0005109209460995352,0.02240695636984125,0.028662616781957882,0.43497781285824927,0.015531910772701094,5.745184056587825e-11,0.027052251568982923
2024-02-06,0.01308984668296903,8.621259299240321e-05,8.513149319123211e-05,0.006309525033810884,0.37300019473088797,129651558.12051001,0.002295919375876017,0.022593072252061454,0.027924711415006267,0.4475199993321673,0.015388260400536188,5.7680991918968384e-11,0.027128755041923473
2024-02-07,0.012535740981358897,0.0001534893462171392,3.655455734581737e-06,0.9534765936998059,0.509802915322752,154759835.78408,0.020806500532871797,0.022550295848099672,0.02662515495825422,0.49093698902922606,0.015416216911832105,6.187713508582277e-11,0.027108272834116095
2024-02-08,0.012435392386094554,9.68502094604666e-05,5.778877433567181e-05,0.2525975932193769,0.6262987966096885,193886794.58667,-0.0032504091625422202,0.02151598014307445,0.026058480529553264,0.542414230246073,0.015327014185755763,5.73539332192326e-11,0.02620435506231361
2024-02-09,0.018779940908617954,0.0003249018239296014,2.778435660158065e-05,0.8424414783718799,0.9173806923308672,276928952.48371,0.021186445677413752,0.021536294519254897,0.025887397421961278,0.6071660004169842,0.01532289499834179,6.003965899703254e-11,0.026218744509393616
2024-02-10,0.01085050288733278,3.124977159084146e-05,8.648364131717552e-05,-0.4691435367586541,0.45967644515720596,149462122.89571,-0.001840830120368055,0.018473496568765995,0.025439711438899917,0.5486080234888777,0.009318041743031863,5.28311659216209e-11,0.0205903232282246
2024-02-11,0.014981776173150527,5.102796206138032e-05,0.0001734256552410005,-0.5453139702120626,0.3612521377547651,270942198.1436,-0.002090635945632137,0.018121351339445528,0.025168338901859204,0.5692015227536018,0.009302876000849723,5.191285331843834e-11,0.020268343719143034
2024-02-12,0.023947652267041743,0.000527027871985233,4.64621771179165e-05,0.8379669283169735,0.7836616373829738,311168062.62099,0.013088071359469818,0.017719373601739957,0.024601276339444544,0.6674873112648113,0.008825676862498055,4.9734166134028786e-11,0.019701766489839585
2024-02-13,0.020486410810456684,8.33630862593252e-05,0.00033632994163547127,-0.6027425726966251,0.7914731377652447,312436487.48203,-0.01444510366338922,0.01672124199480317,0.02444550733994081,0.7413308267324634,0.007005632725200096,4.8907853025717534e-11,0.01806493104705521
2024-02-14,0.040069427343564175,0.0015447432644272508,6.08157432139176e-05,0.9242435277377118,0.780598179795125,620128837.61562,0.05364535290641751,0.017330656189326,0.024626526591373005,0.9130492407369509,0.008389289827853624,5.1368637567827994e-11,0.019167169599181653
2024-02-15,0.021114039302774047,2.2287069967947762e-05,0.00042351558571113943,-0.9000137406808486,0.7781341077485042,548614860.15084,-0.002691476670109508,0.01768084305432684,0.024409400036141567,1.0054210622275765,0.008386279428471078,4.869857477140524e-11,0.019483143002526
2024-02-16,0.025550647727680065,0.0003107926631036556,0.00034204293620034693,-0.04786851870518046,0.31477198804498624,395113014.67241,0.0071224540690043225,0.01779865699108681,0.024256121524926347,1.104262100587445,0.008482694996417992,4.452084732723675e-11,0.019629615978169708
2024-02-17,0.02077202421445229,2.7261265374683168e-05,0.000404215724591109,-0.8736374545634776,0.8132490489679343,282188055.99029,-0.027718941612343093,0.018343494184788655,0.02408817166955348,1.0769283457713628,0.008276529333167333,4.8185243120079455e-11,0.020043022908009026
2024-02-18,0.013202676719851113,0.0001731633961699612,1.1472763989373245e-06,0.9868364181948314,0.836134790314812,259901471.68387,0.019070758605787354,0.018201074374117072,0.023792285777076413,1.0276854089103145,0.00834085817711792,4.805682840889374e-11,0.019938309115907236
2024-02-19,0.021839517408798234,0.00047691127030711757,5.325034208350504e-08,0.9997767115171962,0.6615747739140866,528214563.18336,0.04877340266056054,0.01754635256945356,0.023511378933688466,0.8787243343151664,0.007393598686259304,4.931646225211765e-11,0.018971997270403388
2024-02-20,0.0362682748354292,0.0001768047118234147,0.0011385830477148122,-0.7311747649446232,0.8465297076333268,617870930.8792,-0.03768875500707487,0.01826109682018772,0.023769939438111884,0.9983994483963523,0.008424094130698084,4.8344612789145864e-11,0.02002632557536265
2024-02-21,0.024913042171268603,0.0002103605198593939,0.000410299150368014,-0.3221389113865948,0.3831143220763503,345041880.14284,-0.018383516367386454,0.018522156772314398,0.023690547410244917,0.980104081503979,0.008546216270864892,4.826268473029277e-11,0.020313298919005126
2024-02-22,0.017461724797542603,0.00020157976548148285,0.0001033320674236314,0.3222167441708477,0.6494603935070138,252173552.21967,-0.005332082068436776,0.018780909045017363,0.023462085046506025,0.9615796663786618,0.008421103668800013,4.704753503199072e-11,0.02050025920360527
2024-02-23,0.021872468999342084,0.0003612450052925969,0.00011715989483458365,0.5102061253827562,0.7379497997068374,310305071.12978,0.004741030570646386,0.01944730221677167,0.02346202990110885,1.0265124609598932,0.008061212723968307,4.74445729098325e-11,0.020978233442060016
2024-02-24,0.007210322386836211,4.8890255020468584e-05,3.098493901642859e-06,0.880801366992502,0.4199167535872992,223890006.74122,0.0193225755248576,0.01947500789814714,0.0234760440378477,0.9173871519766817,0.008015824835654176,4.787122507555108e-11,0.020987369831365323
2024-02-25,0.005975353466447039,1.1200790784668336e-05,2.4504058264312315e-05,-0.37258993761307546,0.4866915328031046,213089447.12265,-0.00046403713129654936,0.019162699784243554,0.023076017339203666,0.6671796704129521,0.008417485747839392,4.612695177109997e-11,0.020849199653182524
2024-02-26,0.036751445752598734,0.0012346552869553665,0.00011601347795084077,0.8282132807611097,0.4777140394969898,392274408.0434,0.03578321605443983,0.020005153724933646,0.023496439132601604,0.763992894469752,0.009250757926871838,5.0358634237130394e-11,0.021947838738542495
2024-02-27,0.053248120838095644,0.002678774291375049,0.0001565880814133864,0.8895463360054467,0.31450944931572905,1477223083.9663801,0.08935945208870154,0.02191745249422539,0.02389042003404855,1.0458238222593932,0.01160174387148337,5.239592593300315e-11,0.02466912318954434
2024-02-28,0.129893378693291,0.01687228982835871,0,1.0,0.8830944953962412,2932094455.44772,0.17144610438860358,0.027505911432888823,0.025597042089841156,1.803216707767624,0.026083466990925286,4.87782321345807e-11,0.03747699195389987
2024-02-29,0.1078344261385583,0.0024732893422743122,0.009154974118357872,-0.5746072746549468,0.49542421349782695,3123485074.00041,0.012510874408377984,0.03204872256395853,0.026875495622030295,2.4337036260795366,0.031144112560313034,4.817065844493577e-11,0.04416885776469889
2024-03-01,0.09849446145376559,0.009589196706443785,0.00011196223062352972,0.9769177618159144,0.7869203456800479,2468446031.63539,0.17243722052712548,0.03584465211372746,0.028113657956568176,2.9604051070552297,0.03415808827298543,4.78540681160099e-11,0.04894949811384244
2024-03-02,0.06752892400043616,0.0024192533851236362,0.0021409021915330456,0.061039845880579854,0.3288584764736797,2159313340.47737,0.018956231247613545,0.038543624547684764,0.02896735560356247,3.0852100135321803,0.03432325158151278,4.768561375153452e-11,0.05106463823583327
2024-03-03,0.12685780067070912,0.011331623434974965,0.0047612781560344,0.4082759868867417,0.34947624231573726,2256913733.96759,0.07758342807515672,0.04387105428566375,0.030766477295096795,3.5043116948609963,0.038865108598938235,4.89551244551365e-11,0.057993427712602554
2024-03-04,0.08295155066916947,0.006833090685331445,4.7869073088345514e-05,0.9860865127049259,0.4412424815343545,3945479826.81282,0.17025283987717504,0.04668076373338411,0.03182584400555832,3.0840518727815147,0.03948068690317966,4.9007041778107236e-11,0.060527624753500014
2024-03-05,0.2678003139914727,0.010446893422600446,0.061270114751330915,-0.7086634345575553,0.6993448378916813,5823715701.25234,-0.17431678995177838,0.05845761626581345,0.035795550666964,3.6197647216282025,0.06183430471075267,4.8230779891427474e-11,0.08401609133582606
2024-03-06,0.11564198549631856,0.011331404027550672,0.00204166478198008,0.6946602442477494,0.8471649172196104,2705640162.71177,0.03157514019923069,0.0620563095111827,0.03624422698422676,3.5697412297224242,0.06290055203220996,4.466712901857758e-11,0.08728723396329877
2024-03-07,0.04411934539246723,0.0015514282851025831,0.00039508835275723644,0.5940560228741398,0.6281683677413398,1939778911.13501,-0.0010133638209644845,0.06315180027735857,0.03665878392548099,3.4172816490114877,0.06234976022837556,4.445838914979243e-11,0.08769563149635044
2024-03-08,0.056740003891580515,0.001308697399727007,0.0019107306418895645,-0.18700006161972127,0.34208460779058414,2543778780.91468,0.04242496681908196,0.06463700771373479,0.037305241873163954,3.0143417379244237,0.06177814897147555,4.4394177684374564e-11,0.08838971926232633
2024-03-09,0.048988029974425376,0.0022471675146288803,0.00015265956614631893,0.8727745283239271,0.6938377796301225,1963611309.56961,0.08355892833182034,0.06598062703563826,0.03763681846565145,2.811099977289138,0.061079307446631856,4.174299134832804e-11,0.0889183525937029
2024-03-10,0.028040889986408166,5.045905675299591e-05,0.0007358324544768498,-0.8716530547962485,0.539765507164161,1375460722.11754,-0.05123155319777816,0.06668720861976002,0.03764979950627467,1.5645573833251536,0.06052150987987542,4.002251291962597e-11,0.08908207099453971
2024-03-11,0.07419003654642863,0.005439628386520607,6.453313623980815e-05,0.9765511473553401,0.6084836465874879,1630629955.90176,0.06971384075160286,0.06918009048345672,0.03824501853647163,1.3175141805228718,0.05965380814458842,3.7661387137477206e-11,0.09041573815498097
2024-03-12,0.020084816400050456,1.275968578976788e-05,0.00039064016403396793,-0.9367392635602457,0.5429977055318567,1570448715.40298,-0.08041292315688539,0.06840944960558153,0.0380764801533103,1.1993618293023804,0.06020225212418826,3.719500657607135e-11,0.0901752610775782
2024-03-13,0.02775113551760231,0.0001776728977958285,0.0005924526247205,-0.5385871715683559,0.5979416285051203,1090197813.89163,0.004979558573238232,0.0685445969077879,0.03767260219061855,1.041512539462388,0.060102828843829156,3.487541068971409e-11,0.0902147168257317
2024-03-14,0.10604572500284677,0.007287238668523966,0.003958457122855435,0.2960049433508837,0.482563683548104,4104041285.84981,0.04797041233084742,0.07276288263185,0.03888613260013221,1.2978404912415207,0.05944333556528286,3.442512905858132e-11,0.09305742766837721
2024-03-15,0.04626402542118282,0.00019746939398777825,0.0019428906541840713,-0.8154802093634262,0.9077401046817131,2508355394.50266,-0.08042795369546805,0.07392438531860432,0.03907479454544747,1.3756168090521272,0.058631999470426535,3.522443416117342e-11,0.09348168572287685
2024-03-16,0.08298799691718677,2.7225194660720917e-05,0.006859782437666278,-0.9920937521448565,0.7396066910192594,1796732651.10006,-0.13798293811757467,0.07753284601052578,0.04013888311731637,1.3772568789319326,0.05661809310656797,3.477170615581599e-11,0.0952066313618787
2024-03-17,0.07391948800473966,0.0038180996773158698,0.0016459910295669807,0.3975242660252307,0.5413672255758093,1585116721.2852,0.07929811805367772,0.0807682809885397,0.04081304065582017,1.5998996435464754,0.054214814455057395,3.705023047846052e-11,0.09655463334265954
2024-03-18,0.037194131882463864,0.0001102321828361495,0.0012731712636539654,-0.8406362466194172,0.6922696208281366,1201286441.35919,-0.07231094597166375,0.08078936128043805,0.04106715712507098,1.6427595625764198,0.05419692679576201,3.557283677917787e-11,0.09656270508999093
2024-03-19,0.05726616661470839,0.0007936875097811376,0.0024857263289624035,-0.5159576992666304,0.5383181843536673,2022931854.228,-0.10836677838187155,0.08098069679361009,0.04183040717996565,1.3900600475849338,0.05410184352193186,3.5243201586062504e-11,0.09667213312118017
2024-03-20,0.11713691908938101,0.013478113298768432,0.00024294451498376083,0.9645880779337195,0.7114022617768723,2087624859.64127,0.16658839077086277,0.08037324633628104,0.043476484539089845,1.6934051449140473,0.053594431843379746,3.6258716726036206e-11,0.09589287071955332
2024-03-21,0.06450278218750566,0.002545623711426052,0.0016149851985027446,0.2236784406009538,0.3341285109672766,1720489857.63542,0.021254578030479355,0.07830983471956425,0.04395817914219908,1.5829236452220345,0.053317730029961916,3.665625829231334e-11,0.09402042361734192
2024-03-22,0.07192897521485715,0.0014533083224921564,0.0037204691529673776,-0.43820223061948615,0.4064193229386348,1831040900.68998,-0.015882095737727357,0.07704481156533051,0.044808586066104286,1.5508128241147243,0.05312969836512445,3.37427924799631e-11,0.09286684264997132
2024-03-23,0.05849220059222505,0.001166014228770522,0.00225532330135057,-0.31838690657963054,0.6591934532898153,1992302381.06622,0.05695511901092378,0.07661449140303474,0.044543870839828505,1.6353659217547523,0.05324709172380694,3.468606695275802e-11,0.09257440808877539
2024-03-24,0.03898981939167496,0.0013751671604964786,0.00014503885569895397,0.8091852628475477,0.5955719544481871,2106040077.18282,0.08616750376751453,0.07243030181831883,0.04480756914780937,1.5477466005343585,0.05254932210151129,3.499742747667227e-11,0.08874729938692316
2024-03-25,0.07741317204919904,0.004902737044243601,0.0010900621624752899,0.636209348962283,0.8181046744811415,1865458923.95288,-0.006875222399813232,0.07216656950308215,0.045522235612735405,1.3412415168733605,0.05250775977677386,3.3118102451805715e-11,0.08850869894460865
2024-03-26,0.054058829593982165,0.0019038946335357893,0.0010184624235354126,0.3029856354677482,0.3943806870249469,1939453268.50998,0.03946409711241024,0.06198840357939212,0.04572242061333624,1.2819878948280463,0.027405408868142342,3.2661713115921796e-11,0.06751188059443936
2024-03-27,0.053948964424342064,0.0021571127144445063,0.000753378048014419,0.4823017081985662,0.5914142406486319,2999975339.38171,0.04428016076287383,0.05905064067120276,0.04614586879057049,1.1865812623545173,0.024521230561508445,3.280885867937446e-11,0.06371527304466583
2024-03-28,0.10229164796650682,0.009439864103174503,0.0010237171405292544,0.804327578352726,0.6499675559205744,4781501425.49771,0.14387309706901802,0.061820750317585604,0.047551131216423674,1.3302573934021555,0.025991837605017675,3.4216816344570055e-11,0.06682223076339572
2024-03-29,0.05625432771524705,0.0010272473711341128,0.0021373020155602994,-0.35077810733290987,0.4941243404170608,2642689495.36598,-0.03244325980899441,0.061797622880617346,0.048077762528479645,1.3908020004115575,0.02599680007771103,3.4007229480691247e-11,0.06680267401021085
2024-03-30,0.05270437563724085,0.0005313586663573634,0.002246392544954023,-0.6174181012370025,0.42145024513847806,1678202889.66466,-0.06737582891573128,0.06197459172170379,0.048766237647376906,1.2773595180417776,0.025917770046081614,3.389265354811228e-11,0.06693723658833617
2024-03-31,0.059533700210131164,0.0034399488800665855,0.00010431258064318535,0.9411371978057759,0.5784650267326383,1630527316.29049,0.09995681048909232,0.06347424935140489,0.04945417744842733,1.2821212847643355,0.02474050271115144,3.5038202760428596e-11,0.06791115920405923
2024-04-01,0.06367343064670683,0.001187245145823676,0.0028670606244973087,-0.41432875906166283,0.4462158454922471,2351287223.26864,-0.07102853029675418,0.06297345859427528,0.049899967215728515,1.2984519584728509,0.02461888954335496,3.444085300717283e-11,0.06740092576755095
2024-04-02,0.04202709660254337,0.0007646348790690098,0.0010016419697705023,-0.13418456503985324,0.4329077174800734,2564908061.66654,-0.11634595633317742,0.06401832908010828,0.05022962516862584,1.052857236385078,0.023128102016169865,3.416260944244552e-11,0.0678806577681592
2024-04-03,0.03258222691873807,0,0.0010616015109841397,-1.0,0.5629902803011175,2046027667.5136302,-0.0404592255624545,0.06424838105159092,0.05043837824389774,0.9540370031341623,0.022770583924776495,3.488675000017091e-11,0.06798281774104843
2024-04-04,0.035119457141350625,0.0010369487201786823,0.00019642754972448143,0.6814799270624794,0.6229264749382646,1548852932.5222,0.026620216198293745,0.06087093972485301,0.05080491046724013,0.8807569714029508,0.02148478157215949,3.5148582039327855e-11,0.06438079207296468
2024-04-05,0.05391640058989868,0.0017920191395763602,0.0011149591129940664,0.23290852829174746,0.6122502279045131,1239368409.0667799,-0.015277725175942983,0.06123533854241091,0.051535675359262303,0.8501797808000076,0.02128864948359799,3.420872520030512e-11,0.06466368390931031
2024-04-06,0.0267861845320762,0.0006144153656080962,0.000103084316178342,0.7126568309502755,0.5318097269855807,1031367450.83256,0.04692749323887341,0.058559061762167554,0.051855638556946825,0.7091927994998426,0.021940016404818536,3.2718424121676704e-11,0.06235066899272463
2024-04-07,0.02580336275400951,0.00042017617584560595,0.0002456373535693994,0.26214370024826505,0.3677017521833551,1892442828.1434,0.06841162005782282,0.05626781770260897,0.05206626615846408,0.6461129710264629,0.02275305884258638,3.2057625368959204e-11,0.060490631790692036
2024-04-08,0.04318357635056613,0.0014213466479762185,0.000443474618448956,0.5243784201377238,0.7302783837818894,1563034411.31176,0.018667009593356466,0.05655302934394718,0.05244918144977296,0.6789793484065707,0.022538541829041886,2.9759921105018517e-11,0.060679825251307606
2024-04-09,0.03694752426296674,0,0.0013651195491625162,-1.0,0.9062444465610765,1518883458.5392299,-0.06884844655332087,0.055585474946245196,0.05282787474469356,0.6819026759042675,0.022938968185753316,2.936750007195657e-11,0.059923987864600584
2024-04-10,0.051883228506308,0.0025218919635126625,0.00016997743672510874,0.8737104878044271,0.6749998372019536,1906539232.6461,0.05469551042626766,0.05247815634705125,0.05345243803874037,0.6661518502450797,0.018091831823673476,2.6933706022853205e-11,0.05536862715775249
2024-04-11,0.04027468247225068,0.00039412969877653117,0.0012279203494640852,-0.5140350950280104,0.7127223656584187,1605797411.9278,-0.03031997229820498,0.05132443731299148,0.05389433153217142,0.7094298911811031,0.018059164298121762,2.7244552361414896e-11,0.054266021763307117
2024-04-12,0.14111218564333305,0.0008969310896693882,0.019015717847369103,-0.9099134331644796,0.9061780454324764,2660435996.64238,-0.10809720184678172,0.05461887590482367,0.05583611319462722,1.0844659800840237,0.026393219993657496,2.876634182725266e-11,0.0603875164251327
2024-04-13,0.12210566361356927,8.377612633181116e-05,0.014826016960178323,-0.9887622684170433,0.9863306869036144,3122967022.79921,-0.1318995558724543,0.05764808842964959,0.057602068126789696,1.3189131116617647,0.03023144588408855,2.94162345180376e-11,0.06475894881948498
2024-04-14,0.09699722214510927,0.007650812250584563,0.0017576488532831118,0.626368471128489,0.4088355056971431,2085232857.95804,0.05978762577319444,0.06041034570362265,0.05890390060253507,1.49691499768162,0.03107957396371065,2.8833256078623854e-11,0.06759698696580886
2024-04-15,0.07799382698287864,0.003316606978301628,0.0027664300691335806,0.09044444491752986,0.3903913341431412,2221970246.14548,-0.005075524636858578,0.06043799593855977,0.05976177639167534,1.5588653165225306,0.031095711127284095,2.8766527777472486e-11,0.06762876375396673
2024-04-16,0.06721768088790565,0.0016829817449770692,0.002835234878971249,-0.25502387997219667,0.6087758104818927,1714057205.5132701,-0.03292634244169259,0.061064607904937084,0.060503542583380886,1.6282246309820554,0.03109331912268779,2.8712315447636468e-11,0.06818829078073652
2024-04-17,0.05370960593224177,0.00025333617835149156,0.0026313855910452093,-0.8243600606207002,0.8136450746309014,1312712200.82566,-0.05591067779096293,0.061053209881503735,0.06072005335462974,1.334855217201029,0.031096101705011,3.003762738269485e-11,0.06817929234518756
2024-04-18,0.06577714067210422,0.002084093505906032,0.002242538729091755,-0.03662091312131226,0.5183104565606562,1328708523.12093,0.031242111080130638,0.059314423819865514,0.06142899147160323,1.1390485370652061,0.029662743176466683,2.9724466343728417e-11,0.06600136542231014
2024-04-19,0.045698732072062265,0.0020877555736695925,6.185393245397259e-07,0.9994076355182807,0.8448624606211808,1517281516.72959,0.026718404082229738,0.058811776408285284,0.06174880233421247,0.9714172689182867,0.02980627768259094,2.9978408467591146e-11,0.06561199429985756
2024-04-20,0.04621522246400833,0.001864434110578351,0.00027141267681942907,0.74585005027434,0.6374307054038686,1112977888.58407,0.03921825176931887,0.058502769114321826,0.06215266262388796,0.869706905302909,0.029906229633025562,2.974458076450411e-11,0.06537864267997097
2024-04-21,0.024383196224171868,4.783177256846628e-05,0.0005467084855380031,-0.8390966064407345,0.6302946557422994,925840898.98874,-0.027257121367868006,0.056828935591180914,0.06233013118744861,0.7361005728381131,0.030815497530155247,2.822729647907509e-11,0.06429544310653469
2024-04-22,0.014980471995777367,0.00014699907028895877,7.741547092731115e-05,0.31006724869307556,0.46096083597808546,867315917.8151,0.018854891618665704,0.054510223274469985,0.062221257450733994,0.6155883461763745,0.03208071039611637,2.782401070283082e-11,0.0628611822307784
2024-04-23,0.022840474807864657,0.0003930553419547674,0.00012863194749393263,0.5068618688031822,0.7236804514554473,677564386.58969,-0.00891332606642617,0.05359657461758052,0.062008117767756776,0.4813352446603038,0.0327208299677648,2.629040486776597e-11,0.062387996136727526
2024-04-24,0.07000824020566065,0.00016965863425636113,0.004731495062437121,-0.9307678784402048,0.9127860206080589,1182047084.43532,-0.0541576614007104,0.0553787657264816,0.06272391456195348,0.5482963427652611,0.03253774264268579,2.7530515069083014e-11,0.06383649332727669
2024-04-25,0.014429268847925648,0.00013726993470249382,7.093386478322377e-05,0.3186112361211765,0.4634343146605021,738547943.34041,-0.0005288557008301561,0.05439351866488994,0.06267578034053099,0.4496467671301956,0.033481435668645164,2.6746182820417853e-11,0.06345297584539984
2024-04-26,0.016284561120288553,5.9814610596812193e-05,0.00020537232028360134,-0.5488871913994458,0.3982323146161701,578028223.29715,-0.022196391943862807,0.05260152630919421,0.06258708339006983,0.42704732136004486,0.03449982588614827,2.79877619768772e-11,0.06245382739984598
2024-04-27,0.02337852205796839,0.00039873581154678864,0.00014781948206812602,0.4590868159360473,0.5305858028631721,604821360.65065,-0.0016239261975962344,0.05243925666757003,0.0628437214800878,0.4564356352916378,0.03463506811724226,2.594893828365906e-11,0.06238862354571708
2024-04-28,0.02708174139283531,8.415183597160501e-05,0.0006492688808968043,-0.7705223372175249,0.7420599333742081,430662668.78896,-0.007340480183742878,0.052500131840847446,0.06317874351066538,0.48244960432728073,0.03458700173803233,2.503916286906404e-11,0.06241441931002753
2024-04-29,0.03422496793079882,0.000624657340437036,0.0005466910894271717,0.06656110942062117,0.2979907954699712,748618617.44801,-0.02242014373616655,0.05207353143990615,0.06313864068809713,0.3756114645442173,0.03476246211671789,2.589658593319473e-11,0.062149313928483746
2024-04-30,0.05924311515218435,0.00036724447561165517,0.0031425022173233196,-0.7907287860113048,0.6374972166612862,1009783403.5842401,-0.07269222494984634,0.053135226244154614,0.0632337993280033,0.5270873623229246,0.034617561419610955,2.716609119942757e-11,0.0629655645878414
2024-05-01,0.08888398749553886,0.003052015046989183,0.004848348186117926,-0.22737348728487125,0.435675774952603,1447769545.1308799,-0.023916411549088724,0.054897167148403696,0.06258285661057866,0.7614753267959957,0.03548149126990878,2.6586620438077934e-11,0.06490520656863014
2024-05-02,0.04165621541705715,0.001658466831319563,7.677345155270634e-05,0.9115125987904955,0.8583244003934279,907166496.0332199,0.013358467414864399,0.05496295443148972,0.061532408821348486,0.8407828448385763,0.03545429403618188,2.6388711786627784e-11,0.06494671547422151
2024-05-03,0.06416249790711517,0.0036996493994656257,0.0004171767382149328,0.7973308931379977,0.5042675767347219,855603797.95939,0.10158453232287892,0.051298683586907916,0.0609874570190207,0.9700347938150073,0.029598240130603734,3.010762068681518e-11,0.05887184227476511
2024-05-04,0.06316937355604994,0.003733741177752937,0.00025662857771084494,0.8713760411002222,0.6630264522048073,2165942658.54294,0.09208514527338553,0.0484921935841689,0.06091825780561774,1.1324731630931892,0.02498299134169099,3.0120940154172897e-11,0.054276341745287005
2024-05-05,0.023740273716197604,0.0004768699296099049,8.673066651007787e-05,0.6922264912167904,0.7691429487258251,1227235085.46211,0.005234635247071554,0.04500376746850644,0.059281471663482646,1.033965055968333,0.022899088865039826,2.8958724489863292e-11,0.05024676546354913
2024-05-06,0.03208727667269842,0.0002079259982114701,0.0008216673260588264,-0.5961007257718315,0.5592881264929518,1517602305.20669,-0.028238356824872028,0.04281774126325976,0.058474102234967226,0.8284807962835086,0.02175488933863565,2.9736008910584796e-11,0.04779223014523748
2024-05-07,0.03047366560341932,5.954804976152348e-05,0.0008690962455474982,-0.8717527258556887,0.5634399497558188,943851585.22963,-0.04210942307987681,0.04106802624971279,0.054707012578014,0.7936733558263811,0.021163921892850927,3.0945764161855016e-11,0.04596917713648849
2024-05-08,0.038607764484138454,0.00011883073051180072,0.0013717287479509017,-0.8405555333701176,0.39611549545689834,856287587.92005,-0.04682170877080427,0.040348890942660254,0.05348424716512225,0.7009870960596523,0.02096856561788678,3.1521390909753555e-11,0.04524131481384233
2024-05-09,0.028264482525597767,0.0006622353099747788,0.00013664566246504264,0.6579073299299639,0.5019241337285502,831855300.46153,0.060990378000867096,0.03856257388806471,0.05323258267517194,0.57085338445075,0.020280584832432176,3.389307438607648e-11,0.043344992914122
2024-05-10,0.04726589008789359,0.00015642747176416763,0.00207763689403667,-0.8599615354340129,0.8417368138152339,802128070.10208,-0.05611095942536335,0.038637200460247156,0.05308219991638326,0.6640826044590388,0.02031101724499039,3.638560904280897e-11,0.043424947228653255
2024-05-11,0.016923058662676762,8.702427170608367e-05,0.0001993656427943153,-0.39226720425615796,0.46512441535507315,380612890.56947,-0.005578815027039221,0.0372423355173266,0.05257323211778407,0.6076931545482294,0.020765316461172318,3.540561985578565e-11,0.04239878143191671
2024-05-12,0.03474210536285187,0.00045059366322393134,0.0007564202218195695,-0.2533745157244949,0.4380576413377882,504001324.60804003,-0.01323496967508651,0.03773561690488279,0.052679600615822865,0.6223869347113109,0.020566661354050362,3.525416256477149e-11,0.042741339212967695
2024-05-13,0.076011833019297,0.005451376425757519,0.00032642233319597096,0.8870080642077973,0.6893189719211149,1553391573.27726,0.051449188974780985,0.04064187219171706,0.05270851802015411,0.7700275101711558,0.021482144410660486,3.5796124242406255e-11,0.04573039410752182
2024-05-14,0.03477606551904102,0.00025442062458251515,0.0009549541084021188,-0.5792526209727787,0.6105262728930104,1290825061.50357,-0.021294045854831477,0.04121023365415403,0.05294171245061428,0.7975957131550944,0.021142829492432135,3.595524380400233e-11,0.04608704770702963
2024-05-15,0.030811779876693215,0.0009489176977065318,4.480814632651176e-07,0.9990560404154089,0.4598413279330501,1006602575.76334,0.0654706658034595,0.039343735543250824,0.05299029410710778,0.7473768164254213,0.02018170869795769,3.68706907947324e-11,0.043998131657208894
2024-05-16,0.028678046353306463,0,0.000822430342642394,-1.0,0.7084657312660497,713075377.68306,-0.03699995679775023,0.04002224875779276,0.051762235715845234,0.8045648062475439,0.01953123858174384,3.93074425581077e-11,0.04432927331157763
2024-05-17,0.035535706382368804,0.0010488853498606743,0.0002139010782332527,0.6612236662123161,0.4077719151216856,526471564.98731,0.038482674425466004,0.040938969960748965,0.05159194493745137,0.8081174387008111,0.018799453350839487,4.0959597794295304e-11,0.044861890400373194
2024-05-18,0.024818486988027886,8.942531364279243e-05,0.000526531982732117,-0.7096379435097634,0.6715839355553573,437293613.41695,-0.016534661022376287,0.04100753971932323,0.05066861938302027,0.6136238686487853,0.018734714874381872,4.26322825435409e-11,0.044898708974416876
2024-05-19,0.022432915120840325,5.454963767478688e-07,0.0005026901844420787,-0.9978320441195255,0.30313665048782806,508332279.16409,-0.02623188099766453,0.04078616703970442,0.04985137219438694,0.5828953053217494,0.018933898865927414,4.4277958280772654e-11,0.04477647680843754
2024-05-20,0.061729744187674115,0.0038075910284942494,2.970288981436369e-06,0.9984410228656789,0.6640441896146353,947515034.0225,0.10642042760995316,0.042095918290031814,0.05024082635796171,0.7102357241455841,0.019402847987108986,4.8200177619455267e-11,0.04615852770126577
2024-05-21,0.03939658081103646,0.0014101151703185973,0.0001419754092819293,0.8170526757291826,0.8283751465961351,1365308357.48646,0.02749518597152296,0.041150845226167625,0.04995718213885581,0.762669048275738,0.019005149088860637,4.573115410289498e-11,0.045137434130286216
2024-05-22,0.0449070142243234,0.0007609342084806079,0.0012557057180629762,-0.24534449758236263,0.35930427406171067,1097622765.52672,-0.02358221604128335,0.03905670364182404,0.04881067571242633,0.8053115337205395,0.015600441923147976,4.5967597987342696e-11,0.0419190965975339
2024-05-23,0.061974683803360305,0.0002963868623908591,0.0035444745701356307,-0.845666464360888,0.8907436428503949,1249226569.6698499,-0.040789439053876386,0.04002424975545752,0.04877054716664624,0.9525195036127583,0.01638031297326626,4.682122981893539e-11,0.043098472517554914
2024-05-24,0.03881499870297089,0.001305912524965106,0.00020069159934652593,0.7335841630750585,0.6077375865957444,1680416842.78112,0.025649562876804997,0.0388172259838316,0.0482449284918544,1.03398141321501,0.015418341824316525,4.189434109523617e-11,0.041631503059528556
2024-05-25,0.03186961292638789,0.0010156722280777902,0,1.0,0.5509226959397322,771411411.61281,0.060556416216010656,0.03732676119194293,0.04782234773525381,0.9159879221530001,0.014427571411767771,4.3607948773391044e-11,0.03989398179909695
2024-05-26,0.028374897076392954,3.6888815981327445e-05,0.000768245968114566,-0.9083661103457334,0.559015486064296,800729078.69836,-0.0461371672381798,0.03754745754242842,0.0476538569048525,0.8773498402376237,0.014243624401089757,4.6148594437174195e-11,0.040037874716142605
2024-05-27,0.045766625781879684,0.0010481437233260081,0.0010464403121326056,0.0008132455726606978,0.4952750100357423,730580229.6854299,0.017529664234741386,0.03819885511905611,0.04715153077362521,0.8990535348505502,0.014294137221506348,4.640511583425963e-11,0.040666266796639344
2024-05-28,0.02026387257151846,0.00018829383310792704,0.00022233069848681105,-0.08289048208273238,0.38364912905801607,869397973.06317,-0.02446952872838171,0.0377126744984894,0.046615102884379755,0.7272002671008109,0.014736804980322113,4.562087380186362e-11,0.040361834043803474
2024-05-29,0.026266660017946752,7.13357179341513e-05,0.0006186017105642511,-0.7932110507777257,0.468732345028773,935414763.92334,-0.006867866664305272,0.03712500285724217,0.046175701227135386,0.6785111004692542,0.014943938511735895,4.336669131423187e-11,0.039886749527348345
2024-05-30,0.05713258838527038,0.0009921614156367508,0.002271971239963981,-0.3920826631023345,0.5612415374715527,957884323.96345,-0.027388809778793755,0.03849967456484563,0.045458890757591956,0.7915862965442224,0.015408660640346634,4.123690703584465e-11,0.04133213913107813
2024-05-31,0.031943361633718935,0.00029732322269382594,0.0007230551297687211,-0.4172294581195769,0.7017396816856624,593798231.2278,-0.0027619124957579014,0.037770030352742075,0.0450730024070915,0.8170917880122737,0.015335408643137462,3.812731870650463e-11,0.04062697568226156
2024-06-01,0.007641046859260621,4.220458708882623e-05,1.6181010016590384e-05,0.44571912187948753,0.33497995358762656,266630699.49394,0.008387630545836036,0.037328029790674636,0.04435771147410769,0.6537745067411806,0.016081902761038835,3.8927338033718877e-11,0.040493132808412
2024-06-02,0.02162247931357055,5.870470860089399e-05,0.00040882690306489244,-0.7488738423836938,0.6523916732094952,372552073.73361003,-0.02052839546382331,0.03670328569308982,0.04375594606305117,0.6627376161643762,0.01643826759426889,4.0300780510832267e-11,0.04005596538657229
2024-06-03,0.017878911483875024,0.00012204933535196181,0.00019760614049627633,-0.2363695004561298,0.44470980058335785,581540327.89924,0.007731343960612818,0.0339350513342602,0.04302904893348242,0.6284340601264738,0.014234820776381758,3.9356687308342146e-11,0.03666836208696133
2024-06-04,0.014807809166900235,0.0001678128080523179,5.1458404271016736e-05,0.5306414943778683,0.6545279137172267,405509943.56833,0.01919468728398087,0.032984181984158256,0.04259699675196427,0.43978396065366065,0.01483030568775269,4.082517436062654e-11,0.036019730585365936
2024-06-05,0.012425683986922188,7.080240562971999e-05,8.359521691313448e-05,-0.08285627118295641,0.5100627061134787,475508810.78152,0.011819158822717175,0.03210865360845487,0.042277051626062434,0.35032967716473173,0.015492892396450282,3.891158333113769e-11,0.03549035594265435
2024-06-06,0.02239034340837548,6.932369718864216e-05,0.00043200378075634107,-0.7234394672607596,0.8382128371802489,491224381.0359,-0.01952607760663685,0.03180923918250578,0.042075002201729494,0.4203657971644999,0.015622720880496193,3.8333581028439217e-11,0.03527427890590625
2024-06-07,0.07736699699132045,1.0008260091498255e-06,0.005984651397445836,-0.9996655916609294,0.9912686427900317,941335671.61806,-0.07810490883195581,0.033801205401979666,0.042447233890640944,0.6742302124240748,0.01851983311906828,3.880391358375664e-11,0.0383297942016303
2024-06-08,0.019763750391384744,2.570733763772284e-05,0.00036489849189523776,-0.868371971465656,0.9095334887701413,371420562.48963,-0.0157772738850196,0.03356050365928237,0.042335766682058545,0.6875847473414513,0.0186746199483754,3.9026144237045785e-11,0.03818955487183326
2024-06-09,0.011190161069291991,7.724909463937875e-05,4.797061011731932e-05,0.2338169106766985,0.38309154466165074,274324859.82477,0.006014233546601832,0.033025134418732456,0.04210381109976144,0.6814622768387758,0.019164313946159944,3.7612808850495543e-11,0.03795314664878131
2024-06-10,0.03101964058790764,0.00033073257833177676,0.0006314855238711903,-0.312562136225508,0.338254877602492,325874658.01973,-0.013721400791539645,0.03156274853302929,0.041910732754322416,0.772824167272484,0.018000799901678098,3.426952712892585e-11,0.03612209779816833
2024-06-11,0.034035673565263685,7.181986116573165e-05,0.0010866072138754578,-0.8760045190359902,0.88496718398068,643884991.15046,-0.04782012986600363,0.031307467235611536,0.04186451290197793,0.8653688030861634,0.017921989053538607,3.6847130899087344e-11,0.03586167966187508
2024-06-12,0.08190960107779299,0.005346102559469742,0.0013630801892534452,0.5936672944218576,0.7536286458910144,824455867.34441,0.0579229614058913,0.03306949518101485,0.04234112199041419,0.9031419576144439,0.020897825857848214,3.916956796285604e-11,0.03885247081299638
2024-06-13,0.020632392971643144,9.880224182427147e-05,0.000326893397912038,-0.5358080628428659,0.6575205993306772,502937394.71181,-0.03564099655411836,0.031100814665218794,0.04202933961738868,0.937846816747975,0.01996517509481598,4.098927833799193e-11,0.036699966563485
2024-06-14,0.04998122479889776,0.00017190480780789676,0.002326218024590056,-0.8623728140358216,0.7540668862546692,573482556.10926,-0.04515423381612405,0.03163253971740579,0.04058281642938177,1.155478160666491,0.020326323106537533,4.401180604509458e-11,0.03733768501576465
2024-06-15,0.0057903703940668984,3.093909479568094e-05,2.5892945048055147e-06,0.8455461440989682,0.5060648435793307,234733376.37826002,0.013403249476358466,0.030390671025390503,0.03873654193383411,1.0500400653031994,0.021093319721471736,4.2992714790282355e-11,0.03670604811347805
2024-06-16,0.013765928606963395,0.00015469372119686603,3.48070692151471e-05,0.6326446012233566,0.4090396096263107,196847566.47682,0.0025570790188910093,0.02969500586017957,0.03741541029037148,0.9567726019806339,0.021401773878403533,4.0867533831769437e-11,0.036304518501803995
2024-06-17,0.0525762595042738,0.0005448805531838406,0.0022193825102769012,-0.6057679456153693,0.46950768386547004,670799476.426,-0.06286644251029093,0.03001927413267453,0.03701195683833013,0.7985618195393923,0.021706871211785245,4.418774879717577e-11,0.03674108791491808
2024-06-18,0.02780341066201799,0.00035375338223520665,0.0004192762622056089,-0.08476114783127026,0.4274878356911941,920981935.5730801,-0.0520747505951964,0.03037829975603165,0.03638633350141128,0.8457341233743336,0.021599537564539476,4.5539999718590446e-11,0.03697519340717156
2024-06-19,0.019441353594275766,1.806047040902184e-05,0.0003599057591686374,-0.9044334176140411,0.499933622091166,427846824.39974,0.002126094512546817,0.03005328516442827,0.03584239298811023,0.6820328240390146,0.021715539765187197,4.5427010859814895e-11,0.03677375635042693
2024-06-20,0.04338022603123956,0.0009289628893316135,0.0009528811211898207,-0.012709997069087431,0.5056834849249902,434200436.79421,0.016606967589962475,0.02939841076661728,0.035486886406509204,0.8887547679183162,0.021055410190488604,4.5886735336185005e-11,0.035867616136387774
2024-06-21,0.019804840121896317,0.0001914495063748109,0.00020078218587906324,-0.02379379251743817,0.48247240274594705,393938924.07291996,-0.0028964538714563834,0.028820385932720967,0.03507587224857007,0.9208511919609581,0.021148462617544213,4.601536777673398e-11,0.03544818953886139
2024-06-22,0.010265973511303251,3.908392086057943e-05,6.630629127420056e-05,-0.2583007459820591,0.37142218547920064,190725548.35717002,-0.0033901073714497523,0.02894538243996109,0.03450524924932078,0.6858928916241209,0.02102441810344045,4.53637933347653e-11,0.03547974713247602
2024-06-23,0.0191791569820968,3.430001373626834e-05,0.00033354004880764413,-0.8135058291418509,0.6223561015496616,347625744.24965,-0.01252965704412308,0.028829033757509955,0.03442264545182753,0.652591347890543,0.02107367208619176,4.4456242909594985e-11,0.035412783566949234
2024-06-24,0.04045319994679007,0.0007627832037145132,0.0008736781822204629,-0.06776510552529229,0.4661174472373539,602937864.39833,-0.026548763516541046,0.029903999874791625,0.03482697446692296,0.7652790762728718,0.021062932571814196,4.591994486425444e-11,0.03628732951454341
2024-06-25,0.03581985136579965,0.000997878357999745,0.00028518339386823376,0.5554642737139626,0.644272916650123,487624688.9684,0.05853537768933541,0.030904573312834454,0.03503299631704892,0.7151097744782385,0.020807475584711382,4.9382191373887666e-11,0.03697873680449782
2024-06-26,0.01964922141138034,4.746899278102732e-06,0.00038134500279534496,-0.9754105214193292,0.31744456431690815,325642688.85747004,-0.027006946009922834,0.0312485512854277,0.034233646812377796,0.7154899820315282,0.020544767779309706,5.214783318077885e-11,0.037127618245537244
2024-06-27,0.027966770423021394,0.0006785103703721215,0.00010362987752186258,0.735009474832935,0.5635586701602197,389758617.14617,0.034669818755491966,0.031514095428982265,0.03444852778976027,0.8161674636092895,0.020460414357259888,5.449079568698785e-11,0.03730726568981689
2024-06-28,0.03022258987518163,0.0002608990621538974,0.0006525058766095337,-0.4287329724599411,0.3679589719276503,396048602.93826,-0.03247246283574936,0.029269123661547086,0.03466976634142524,0.8808434129261971,0.017558349374809056,5.444406591877351e-11,0.03391602111488428
2024-06-29,0.01138880799984919,2.1071807608464273e-06,0.0001275977668965825,-0.9675080897235807,0.4880792088427584,146478007.12735,-0.00988529760489689,0.028870316880997775,0.03447945341986779,0.7313931196805243,0.017877256834734935,5.563494085208998e-11,0.03373236779040857
2024-06-30,0.016508615215576172,0.0002693069444523588,3.2274318835942626e-06,0.9763154143929658,0.6020277657266554,205949508.40162998,0.021523673537804308,0.0291235766022494,0.03431162602022876,0.641057264634072,0.01765050005952474,5.956759340837157e-11,0.03383618804044437
2024-07-01,0.019655173644005618,8.24786772099194e-06,0.0003780779832550211,-0.9573009794702865,0.5566954181815038,274836149.97996,-0.008067813022412532,0.02858241150968264,0.034080359444247914,0.6482996414653451,0.017763316962439695,5.896038466597314e-11,0.033428493543288695
2024-07-02,0.021113026550908288,0.0002863603925688517,0.00015939949757050656,0.2848190198509185,0.2603714295090168,225046961.00289,0.014875842202556035,0.027967047366141903,0.03347511994264036,0.6199143514429138,0.017788774692436258,5.85714767939689e-11,0.032916981148934675
2024-07-03,0.0242393841641592,6.216381893161057e-05,0.0005253839257260812,-0.7883956852976178,0.6271210281253201,397037514.64099,-0.05631360513886295,0.025220846560730776,0.03244901512785655,0.5944969713926801,0.012795570477789984,6.197997590514889e-11,0.028142871552034224
2024-07-04,0.04549440687571578,0,0.002069741056973175,-1.0,0.4067676001385643,792064248.60123,-0.1205630320559238,0.026404751984734232,0.032509938801803515,0.8034179722555337,0.013481582891921954,6.585369164292927e-11,0.029501001613599098
2024-07-05,0.05676181867174458,0.0032219040589240118,0,1.0,0.38188484117096017,1016970380.2528701,0.003803370563729996,0.026727637407250746,0.03239246770282938,1.0444585047822725,0.014139613887939637,6.228240647414219e-11,0.030079475874710545
2024-07-06,0.037936808105640735,0.0014392014092442084,0,1.0,0.6574560785618584,500816072.55641,0.07317884041807095,0.028258420155420932,0.03199195079091812,1.1541338017751106,0.01348451104693936,6.652142100816379e-11,0.031172290249046577
2024-07-07,0.048802386490138586,5.550497736202973e-05,0.002326167949770831,-0.953389924594853,0.4346947042531473,381358280.94166,-0.08548909936878052,0.02992682291176261,0.0323897621047902,1.3193955448594756,0.013766277786816146,7.657760612694194e-11,0.03280397580688145
2024-07-08,0.06645170834289656,0.0030933814159031544,0.0013224481257862327,0.40104204054928405,0.5168859836872418,610622756.92142,0.0324209672474625,0.03058755857074464,0.03293522927415843,1.5500640015455456,0.015169229308114124,7.464314135540063e-11,0.033981566348702294
2024-07-09,0.007665867375724338,1.6497408652458204e-05,4.226811396973654e-05,-0.43853443596441655,0.42510633212713117,272645372.05483,-9.30102777028206e-05,0.02962862793806399,0.03257320073086168,1.347501942507522,0.015969427504737007,7.196687942759217e-11,0.03347736958426988
2024-07-10,0.02148373402368575,0.00027146979572196086,0.00019008103187851175,0.17633759702387708,0.5874989762090362,267821436.04814,0.004084669622779138,0.029725884148988278,0.032301390723552904,1.1264080033870205,0.015910393459496932,7.24565069216237e-11,0.03353676330887144
2024-07-11,0.028916429182665748,0.00027667962417481,0.0005594802525013133,-0.33821358356811326,0.6399076432872548,270303765.68413997,-0.012867310398417684,0.029037131918103812,0.032311739083188906,1.0739052863418472,0.015599783000860368,7.29020264711248e-11,0.03278597277298941
2024-07-12,0.015115587597320974,0.00021350174576855534,1.4979242643728313e-05,0.868879745769491,0.9034191612392435,196418910.27745,0.00961949981373891,0.028813834178838316,0.03180141682143379,0.8932663207195299,0.01577116304914806,7.48840199135446e-11,0.032666838814114196
2024-07-13,0.022437390745209198,0.0005033096104055465,1.268930476528711e-07,0.9994958925434191,0.40896160222823363,240417119.97465998,0.042578977864870166,0.029393425475690977,0.0318889459021089,0.6157469118566038,0.015271170758126411,8.24711535226128e-11,0.03295568150422921
2024-07-14,0.025830804578908725,0.0006241384524013661,4.309201279240581e-05,0.8708331977021122,0.8295333093308891,271931628.52333,0.026372836494467086,0.029710170599348693,0.031747496683316154,0.7346853811801849,0.015116923027407863,8.537304930571331e-11,0.03317127717240722
2024-07-15,0.041848068601864706,0.0015715722092933453,0.00017968863641302916,0.7947894091807307,0.49737038816042006,456624289.89929,0.07959549689297582,0.029776592916257005,0.031205214708436277,0.8600798768271286,0.015169460231470212,9.157688485661295e-11,0.03325357529935931
2024-07-16,0.05289410624812059,0.0008812598254371128,0.0019165266503503565,-0.37003067742039025,0.6665424457203386,527927102.48377997,-0.0005610098323858119,0.030589652672558004,0.031492802656516904,1.0044946341796692,0.015947204354886793,8.591120862306213e-11,0.034320985110399015
2024-07-17,0.0171601619746229,1.0599831665840607e-07,0.0002943651606786353,-0.9992800767516922,0.38064455588843626,382950200.10573,-0.024508246069206294,0.030471126032712414,0.03127611030886499,1.0216245787372158,0.016041554941938086,8.500950517400128e-11,0.03425736601697071
2024-07-18,0.038211245937881284,0.00016658719404539756,0.0012935121220798514,-0.7718138866231652,0.7361237005878173,333690291.80696,-0.01857433168086123,0.030958958200086692,0.03142743093719158,1.1129023108807148,0.016117179923201417,8.342433185064455e-11,0.03472536380766326
2024-07-19,0.03817356453069063,0.0012564529518788922,0.00020076807709990953,0.7244507550915529,0.6842059989577914,343657459.83439,0.04843937648804935,0.03133757604082522,0.03146930170145065,1.205947920842518,0.016192232240918435,8.62320170727475e-11,0.03509625187780797
2024-07-20,0.0716333855108494,0.004918304402286213,0.0002130375174597549,0.9169661578621517,0.9032949516167602,644553030.09471,0.06774285470162329,0.03420636544611094,0.03221239532879703,1.373092570867302,0.017743643379643202,8.802315747862002e-11,0.038339536838850996
2024-07-21,0.05095126126467042,0.002499432828911934,9.659819554877005e-05,0.9255800915793467,0.8189673651932412,846983095.10412,0.04402080699309125,0.035846491448448765,0.032665067489810205,1.3565571798129057,0.017617361466826836,8.552145209204701e-11,0.039756292364195166
2024-07-22,0.05022175317831343,0.0004920482719632158,0.002030176220340219,-0.6098299152476708,0.4161723812202159,828150956.0425,-0.018349138668196766,0.03730204285484437,0.032482400965852094,1.5737456421700213,0.017474877182378806,8.517867894275942e-11,0.041015512207678115
2024-07-23,0.03303183386491152,1.3822682227828643e-07,0.0010909638216568373,-0.9997466289748592,0.519609501243208,639071561.52365,-0.05569850348037901,0.03786960510789215,0.03238137323654853,1.545740110117006,0.01711258662736333,8.618126412079941e-11,0.04138843824822039
2024-07-24,0.025550800923203963,0.00010362514967311772,0.0005492182781440827,-0.6825421065519761,0.32981067837945843,391485799.43537,-0.018366202641031178,0.03793205352498952,0.032074131755578376,1.470684444794988,0.017062679360588775,8.166124638177175e-11,0.041425983861248766
2024-07-25,0.03131052199716126,0.0007094325352236833,0.0002709162525110356,0.44730639564100694,0.6458235982308471,542281599.68301,-0.021264782936514206,0.03725663043553454,0.031587399028495854,1.212511246089808,0.01702905738359126,7.628028640564748e-11,0.0407950525986639
2024-07-26,0.027058123462522805,0.0007321420453131271,0,1.0,0.9032135920032303,406240220.20471,0.06936030417502136,0.035842168758904926,0.03140078196118715,1.0714857107961095,0.016554936341305775,8.423253705598811e-11,0.03931508896901446
2024-07-27,0.03730843412004978,0.00015867748668706516,0.001233241769803029,-0.7720018802136683,0.8834878805603882,861692770.07447,-0.020710910859406767,0.035812246188162505,0.03148711245632464,0.9797986203333956,0.016551528574190805,7.841901096578449e-11,0.03928644409408916
2024-07-28,0.013448801813454446,7.155906758528651e-05,0.00010931120263228905,-0.20872493307821732,0.6043624665391086,299993100.66162,-0.01109549585464715,0.03412874215593945,0.03125019030929387,0.8612579148830196,0.016957187207382,6.950547769417277e-11,0.03792920461910871
2024-07-29,0.029953149618525732,5.452287201518288e-05,0.0008426683000546055,-0.8784587416539096,0.7576553759467816,505697765.05891997,-0.01223304199066405,0.03239071555001703,0.0309991827511454,0.9024828612429894,0.015264583065872696,6.812907293066148e-11,0.0356520736418107
2024-07-30,0.024279446709316435,4.613911068012714e-05,0.0005433524218304096,-0.8434613284990572,0.4879662103116621,365745195.38076,-0.02324861398196043,0.033181838375426174,0.031062922023173938,0.8604240817737008,0.014320406954134186,7.113973561142281e-11,0.036004763880612155
2024-07-31,0.02870125378673806,6.330046922371699e-05,0.0007604614997070288,-0.8463136886353666,0.8172373641728514,342158663.81357,-0.028792931201172406,0.03352552979271438,0.031101566368710306,0.8612813697883199,0.014110688324592474,7.442065708398628e-11,0.036243498336747094
2024-08-01,0.052844142934056,0.0012125352409978446,0.0015799682014370963,-0.13157833750738954,0.5315283031987406,533456666.90197,-0.024169608071381563,0.03466494473325678,0.03103349580599262,0.9455189676197363,0.014674692348744007,7.431134226846923e-11,0.03750667126129532
2024-08-02,0.03893208543168505,5.946661049386381e-05,0.0014562406655661594,-0.9215328560690912,0.7800212938906084,475010219.98495,-0.06468426349896746,0.0357990636777503,0.03114442792976986,1.0948138601408726,0.013992770087677592,7.846372603665912e-11,0.038315099882303104
2024-08-03,0.0545559691146146,0.0005611770754403837,0.002415176690594398,-0.6229096945098657,0.6453532340510962,453693448.86182,-0.031066037298673167,0.03732851979057913,0.031889109235410405,1.2235888100667367,0.014212873630130017,7.329082269813198e-11,0.03982216523339359
2024-08-04,0.04995048009797584,0.0003032797322943354,0.0021917707297239453,-0.7568949110159413,0.6868011904691846,470904079.38079,-0.041088085814276934,0.03847707576767757,0.03233876004151207,1.3551687725861672,0.014211842185217625,7.282750291104079e-11,0.040900414317504595
2024-08-05,0.13205978838095486,0.014056122481991014,0.0033836652252315627,0.6119602735955049,0.8045486076037419,1647463903.4332,-0.09502092559606984,0.04277287194763424,0.03415115491289429,1.874547604782657,0.024898151047926628,6.727341753182751e-11,0.04919264781483898
2024-08-06,0.04005474908385209,0.0003819348969154616,0.0012224480272548886,-0.523885612142169,0.7131322033952154,563614059.90143,0.021711482656393017,0.042161473987430975,0.034551899990941146,1.8340895594662898,0.024794613692760082,6.905719045912032e-11,0.04861160209745804
2024-08-07,0.024374576045186502,3.8805157330539674e-05,0.0005553148000520401,-0.8693692852820584,0.637666649248758,566229688.8168,-0.008752791109594857,0.042505017514600674,0.034741564944246926,1.7455785402095516,0.024478855196121706,6.674573818016107e-11,0.04875814648734077
2024-08-08,0.06520761899634069,0.00401621125462156,0.00023582232055037157,0.889077865270226,0.6045453278343517,515971447.53475,0.11710827964813998,0.043790559088813026,0.03542120423929399,1.7613697266320136,0.024946496461447202,7.490303355436545e-11,0.05010295499580614
2024-08-09,0.0337306705933819,0.0002794341250982129,0.000858324013581026,-0.5087987233866897,0.6402264161489147,298320561.97885,-0.03438001367036219,0.04357899271084594,0.034728564137739414,1.6675692644798195,0.025015259818475282,7.367887677012457e-11,0.04995091171065931
2024-08-10,0.014453365478679668,0.0001916923888636201,1.720738479666902e-05,0.8352570278544054,0.606893738065586,148424595.34422,0.012637793858065429,0.04085613461407595,0.03464427231372822,1.0130596360323267,0.024920698827970933,7.272867249402213e-11,0.0475467304214456
2024-08-11,0.044538430808546296,0,0.001983671818887666,-1.0,0.3669621409905293,432367932.96871,-0.04464636431897175,0.0405507617352129,0.035173609928637016,1.0573634652964927,0.024829935582037718,7.517088508770848e-11,0.047239089868449796
2024-08-12,0.04717127564263378,0.0018977646795534735,0.0003273645661998609,0.705756807767785,0.4492842773880316,489231245.72819,0.07009298889956779,0.04040550090018054,0.03542998508823585,1.1745182328868276,0.024779400753604398,8.093826304527055e-11,0.04708910934501325
2024-08-13,0.012324181096594623,0.00013973617420977698,1.2149265491883267e-05,0.8400206693183052,0.4444687152460104,316512131.09493,-0.014290627546078623,0.03941942219692735,0.0350853582236538,0.8876308880222681,0.025489354851711783,7.893802421394478e-11,0.04661179698840885
2024-08-14,0.02565738642765434,8.95394568480462e-07,0.0006574060837295007,-0.997279682340087,0.9270966874806136,260919912.06742,-0.03786697324060377,0.03942449769713927,0.034192465927619854,0.8325157080049537,0.02548646566968014,8.361491110831949e-11,0.046614584902736095
2024-08-15,0.05471253081999288,0.0003545954801632248,0.0026388655485654463,-0.7630866233031788,0.8813401712298093,335116018.22923,-0.021928970387587107,0.040538879069655066,0.03473342049664128,1.0444513682661807,0.02562518998859297,8.486364480212914e-11,0.047631733259674375
2024-08-16,0.04054926104043011,0.0008480509814286527,0.0007961915894962899,0.031539988593769414,0.4276840834393616,275552704.94632,0.0014969315703812053,0.041181314192412555,0.03458370678618941,1.0276908368159425,0.025438759201708124,7.699199254072896e-11,0.04808550063879171
2024-08-17,0.013850167434799072,0.00018669494501437876,5.132192957589974e-06,0.9464914817387314,0.5470928128169671,138475349.60742,0.02394320988762045,0.040064253874067285,0.03471164007255024,0.8434714363133465,0.02612316737938744,8.408107779929656e-11,0.04748755761190798
2024-08-18,0.028728799696159785,0.00016499119692228224,0.0006603527350597882,-0.6001880173128443,0.7274098661656834,183987706.90994,-0.026939317192288675,0.04079187282086277,0.03494914596285494,0.9333972024301498,0.025551310823216145,8.929218627990855e-11,0.04780959474763475
2024-08-19,0.012073947852694455,0.0001098346710097247,3.5945545739860314e-05,0.5068528975834076,0.522507744373088,211480207.68381,0.01272003635643567,0.039940482260585095,0.03430625212711559,0.86879002605596,0.026219657516740935,9.100443500472083e-11,0.047433910611188256
2024-08-20,0.036119251437575405,0.00045684816652162086,0.0008477521578891719,-0.29963505608056484,0.48820089641607184,447079096.62189,0.015479881950904167,0.040504282485740284,0.03443824959974348,0.7550885173527537,0.025992371276777365,8.962631239354578e-11,0.047791512588371755
2024-08-21,0.03180021020921287,0.0008957795811836424,0.00011547378816648413,0.7716224406931916,0.8255645131087437,252206065.77623,0.03129891317057284,0.04065185183919147,0.034634421926964705,0.6975841985907562,0.02593073405105101,9.152868093797435e-11,0.047884828885663026
2024-08-22,0.016155206409460925,8.525418325519645e-05,0.00017573651087709092,-0.3466879458009795,0.6331307681182291,174161560.90579,-0.008611361471070061,0.038904759623734554,0.03420227875836505,0.7117233666973222,0.02630151524941029,9.172568739038644e-11,0.04660910438207945
2024-08-23,0.047650102644789374,0.0021610063724819967,0.00010952590957696688,0.9035240234702617,0.5429432520763201,524915734.88171,0.07036695472436219,0.039319903300549054,0.034644267052379225,0.8167711397670484,0.026370679870298182,9.162470377492033e-11,0.04699311289119173
2024-08-24,0.02438673969818206,0.00035772090621383277,0.00023699216689305599,0.203003338551258,0.601501669275629,347119911.67643,-0.003372085900083685,0.03788327332833798,0.034868406198202695,0.8915319658919344,0.026320880295785467,8.882664853292543e-11,0.04577052760932842
2024-08-25,0.027252391484962068,0.00017453385708821967,0.0005681589845614133,-0.5299972012641091,0.7343964611637979,302130640.86197996,-0.026752327227405243,0.03680241196581351,0.03499655277761325,0.8378627991599401,0.02626655618220917,8.888816953272128e-11,0.044849700073315533
2024-08-26,0.022771944385623435,4.1474100554505587e-07,0.0005181467100963817,-0.9984004171360454,0.5135752478050642,299051668.85885,-0.041092099767835705,0.03159822891841678,0.034715897927436005,0.7884316385426728,0.014752579075332575,9.268488076402784e-11,0.034723521103186966
2024-08-27,0.05584922021302221,1.935111705417744e-05,0.0030997842813484714,-0.9875919993315536,0.9038904437835811,348515736.69799,-0.06169529846733023,0.032350346591234404,0.03503382441707446,1.0026452095859326,0.015584431866565376,9.928017101087571e-11,0.03574708362936771
2024-08-28,0.03417645565841176,0.000761869100946548,0.00040616102042483727,0.3045367358369779,0.6322717429772329,317767231.24069,0.0072580963789818705,0.03281710276329275,0.03526441543686861,0.9168994709345475,0.015480046839055663,9.963173764264646e-11,0.03612731713583292
2024-08-29,0.033946007599744914,0.00027808662881487607,0.0008742448031470637,-0.5173495730452992,0.7586747865226495,209698563.8887,0.00750491339600243,0.03132845460155009,0.03535932396348327,0.9624040053169611,0.01359821375537043,9.05280455216347e-11,0.03402320060591987
2024-08-30,0.03818988788895059,0.0006319387726821972,0.0008265287642884181,-0.13342085899999123,0.5667104294999956,335764957.09684,0.014253433427310617,0.031540798282291456,0.03548578901132087,1.0142364425146602,0.013672216508685013,8.706163721650911e-11,0.03424689848117315
2024-08-31,0.007419386369110238,2.1201515107838246e-05,3.384577898630055e-05,-0.22969819110161518,0.5748874149714093,154567146.01231998,-0.005024888645781065,0.031205846896121485,0.03542278231876946,0.9358951250213898,0.014188192621016872,8.45551228516696e-11,0.03413976782330265
2024-09-01,0.04343569656737592,3.568621356422679e-05,0.0018509735227289251,-0.962169952665294,0.9189524791005852,256716002.78635,-0.06340653991814803,0.03115333574178004,0.03585019630848057,0.8597958088646753,0.014138333919478012,9.139945007488203e-11,0.03407204314461226
2024-09-02,0.03321093574520594,0.0010468915919758012,5.607466109639662e-05,0.898320259681189,0.7736432659459668,252825401.4634,0.041739275226163705,0.030488557651426336,0.03606536713548374,0.8593259168542067,0.013667897627986326,9.243847916739269e-11,0.03327863866000987
2024-09-03,0.030371175435984697,7.11544406664191e-05,0.0008512538566969411,-0.8457202935623864,0.819330588545354,234775016.45157,-0.023799703590101674,0.031347938334254435,0.03621232187969131,0.8499426491105243,0.013020730540224476,9.511571987224778e-11,0.033825424693772296
2024-09-04,0.03234705178482133,0.000958154405630544,8.817735353936863e-05,0.8314543111845856,0.8843668580916778,377045443.88554,0.012737717162095244,0.03166649382745286,0.036341015016527214,0.8195311954642955,0.012956221079197623,8.981354151475276e-11,0.03409746307478804
2024-09-05,0.019158676589462943,0.000326529134730867,4.052575392876848e-05,0.7791842300384269,0.5209010540770923,270921996.71162,0.004074570168115661,0.029973453149808576,0.03592298755166606,0.8974523832276677,0.01208802060429872,8.741366972608323e-11,0.03221133386070231
2024-09-06,0.05123628567518297,0.0003164973965437327,0.0023086595732452276,-0.7588735453261858,0.43542085759949345,536856598.86461,-0.06217609411848667,0.030482359084796806,0.03583528067870476,0.9484220500314208,0.012761713221189788,9.266998489829003e-11,0.03292841081126361
2024-09-07,0.02492705175467115,0.0005903148404372792,3.1043068742774874e-05,0.9000799111618636,0.7008216118425752,210400202.29302,0.030889664370499725,0.031009829766695477,0.035628776609641755,0.8938536003477524,0.012258905733225503,9.142750477231747e-11,0.03323754029412144
2024-09-08,0.020581539983144406,0.00017544920357718532,0.00024815058450058654,-0.17162751958235972,0.5052484760884202,205749382.79571,0.007835802512496836,0.03062186501845665,0.03518082666508629,0.8388414804892554,0.012461943419037443,8.626869973481418e-11,0.032948496343294546
2024-09-09,0.050159141272318145,0.00251593016389899,9.289277379939681e-09,0.9999926156590389,0.9340521269129776,450664229.78971,0.07669890682163129,0.03243544565748635,0.03492221448936282,0.9303086808924313,0.012398810504233877,9.150885010341842e-11,0.03461889855018826
2024-09-10,0.026994419281261294,0.0003244589173389697,0.00040423975499356184,-0.10948398931374098,0.5478372888610421,263296020.40447,-0.009782634071685904,0.03200092984051901,0.03522901690056183,0.9688329659946803,0.012423122589551057,9.16293275469596e-11,0.0342205237925141
2024-09-11,0.017644780514212415,0.00025550281749750253,5.583546189722757e-05,0.6413196475179552,0.8206598237589776,316974947.98237,-0.014706147389695336,0.0313268617598047,0.035168081130570183,0.7834292295436277,0.012812487091277207,8.792907716477871e-11,0.033730030516383284
2024-09-12,0.022714093011624883,0.0003219607824601408,0.0001939692388806056,0.24807927099672122,0.5956582082821416,230299035.773,0.013927255324224817,0.03163918969324108,0.03506963135007747,0.7721926273286811,0.012500297286914444,8.84543145129325e-11,0.03390951085755227
2024-09-13,0.04031347948999657,0.0014397173597019016,0.00018545926888847265,0.7717672459401117,0.6802747034618651,411402854.14523,0.04027646202805993,0.03128982668587,0.035469597888056446,0.8831610482879688,0.012127405885908875,8.673271865598234e-11,0.03345330633890636
2024-09-14,0.015699675448070553,2.0300926140143172e-05,0.00022617888303460608,-0.8352731105390444,0.7395865072193883,224800988.46192,-0.014794144970165221,0.03087615695967421,0.0353626500261971,0.7025177515865813,0.012516561230225395,8.940393266796201e-11,0.03320453536231145
2024-09-15,0.030256911232746427,0.00017900299735963286,0.000736477679986664,-0.6089420524341186,0.6362561363524172,227840261.7852,-0.024894360678899354,0.03101922932861632,0.035432905687369134,0.7166422649429117,0.012490212219767089,9.039044604286342e-11,0.033328203684012486
2024-09-16,0.022473296733773865,0.00010295409926319322,0.00040209496682105787,-0.592300605319727,0.5908385926681413,281425290.22744,-0.031136688785791445,0.031005008011861585,0.03512536962597087,0.7495319334445971,0.012500238065169401,8.91157433514817e-11,0.03331854909652309
2024-09-17,0.025172440921391644,0.0004056308985616645,0.00022802088337928812,0.2802959294746008,0.4488787731930892,258825909.40828,0.014453279259077427,0.029544208997974414,0.03468534319221327,0.7682947649680425,0.011173831893643934,8.334520572462048e-11,0.031492369729964234
2024-09-18,0.0325717475050148,0.0008786506359021908,0.00018226809962824697,0.6563957379127315,0.7046984628093955,299151522.50406003,0.026847905341391427,0.02946779432400313,0.03492997153396552,0.737655161201939,0.011146021803285703,8.65312020856582e-11,0.031411284740135444
2024-09-19,0.012039934748474854,9.01523197561066e-05,5.480770899142563e-05,0.24382314952653916,0.3780884252367304,317397832.51219,0.01101596464862331,0.02842464799775217,0.034514553896038434,0.7300998849870283,0.011716442925671425,8.647968137873582e-11,0.03063819090948635
2024-09-20,0.014878078565131271,9.732925165754332e-05,0.00012402797013267525,-0.12061372228656925,0.3098838935630546,312680427.74522,0.0049420362893071845,0.027314561839475063,0.03414478427753749,0.6498590848735474,0.01184856998336871,8.521086052993391e-11,0.029661232732264207
2024-09-21,0.03296081922856929,0.001046273008798647,4.0142595419775784e-05,0.9261008489496896,0.7478029724543355,267055524.57857,0.04104949992448978,0.028530820547068354,0.0335309340190886,0.7134995760207647,0.010983554612244817,9.098238708007042e-11,0.03047788548882823
2024-09-22,0.01675947490556199,4.873660092849278e-05,0.00023214339818166925,-0.6529720800135852,0.5561980955150866,262857611.65419,-0.033678823696205125,0.027260524277458165,0.0329882072514837,0.6654237901438211,0.010712824050104767,8.532213661657606e-11,0.029196503251237262
2024-09-23,0.0158634819884512,0.00012960242923673346,0.00012204763156118224,0.03002104450758709,0.3939522683657279,310244970.07548,0.01614820173961594,0.026434455050946035,0.032442837867517636,0.5680748595781344,0.01089827270984988,7.993920986210155e-11,0.028493805217989623
2024-09-24,0.028628284294231768,0.0005716896164816766,0.00024788904514968076,0.395081749306987,0.6003155896611958,363083252.13716,0.015891575878487982,0.026351460234672084,0.03237294025528462,0.6694098355472791,0.01087340201959303,7.719616328571455e-11,0.028407750464972775
2024-09-25,0.022747295243416527,0.00011122901862316067,0.0004062104222679995,-0.5700790862343371,0.40567703916523007,347673045.78876,-0.011917999518617127,0.025894328970795667,0.032328440165129264,0.7230817486758159,0.010810346821450939,7.721979925457493e-11,0.027960953810460338
2024-09-26,0.04864365612034682,0.002366205280754555,0,1.0,0.6646788465004212,816185122.48122,0.08568090947633793,0.027298375615123466,0.0326035692781957,0.8054339919385977,0.011764430615605306,8.150254475874502e-11,0.029614398114928865
2024-09-27,0.05370251015939548,0.002394787869599467,0.0004891717278205075,0.660763813572058,0.4277612378998117,844026062.04757,0.044293486673530114,0.027415814876276444,0.03302649605116194,1.0175322945890501,0.012024769655995674,7.848653171928494e-11,0.029821745595430833
2024-09-28,0.06660316652908736,0.002915936327302575,0.001520045464398769,0.31467461510215894,0.523034803724079,972770350.1554401,0.03642260106588197,0.029400391770296266,0.033491491803686345,1.2945803714632225,0.014728623219545779,7.327835478385947e-11,0.032725911242761994
2024-09-29,0.046264092951602526,0.00037674015898557744,0.0017636261376489412,-0.6479666498412368,0.45006815269133127,563634310.54845,-0.02932064239612056,0.030623370483079986,0.03401236944079981,1.3862829792305085,0.015023065422850848,7.394199644971213e-11,0.033951966847163444
2024-09-30,0.04691951708254891,4.18166450713995e-05,0.0021596244381881994,-0.9620097531663367,0.43555918940572036,655348151.75078,-0.08558679727360909,0.03046910266451955,0.03428167686086367,1.5315076004620025,0.014827791774047402,7.205659870758051e-11,0.033730697293974016
2024-10-01,0.07882387856176212,0.00012091198411446964,0.006092291847404953,-0.9610790222264762,0.6767350094548454,832609591.91275,-0.06664908379235072,0.032937172154067204,0.035147461493442174,1.6752970141287098,0.018159653628633532,7.409916603497129e-11,0.03740223057893658
2024-10-02,0.027443206115752128,1.3410845592339044e-05,0.000739718716319316,-0.9643863519092292,0.5428471601402856,506523825.91574,-0.02081634441727696,0.03340376384937862,0.035127492482791595,1.5448040833938896,0.017870667244103553,7.384684116008969e-11,0.03768241675370348
2024-10-03,0.01804758871433671,8.715046894755759e-05,0.0002385649894542963,-0.4648674682180111,0.597950174370123,481446711.71324,0.00419847944972854,0.03318154935903156,0.034575166225335734,1.2826731517751213,0.0180384603587362,7.138235978134508e-11,0.037562037964803896
2024-10-04,0.027846657034678722,0.0006497325423699414,0.0001257037656370805,0.6757857109885493,0.517999739047065,373547015.52599,0.03894231263570942,0.03258789114687357,0.03439920704443088,1.2374340665398325,0.01799710623886977,7.168473116544857e-11,0.03701949312564511
2024-10-05,0.022053280641579194,0.00025941940125461443,0.00022692778580163725,0.0668074501461425,0.4665962749269288,229522756.52921,0.0017387329935228128,0.03289044377513589,0.03388329135438269,1.0930642260673251,0.01775071906786036,6.891165799447793e-11,0.03717344653605959
2024-10-06,0.030258161947366857,0.0007413155716059959,0.00017424079282708378,0.6193772451465067,0.7140975908010233,241731290.13399,0.019465555087818935,0.032890503332974955,0.0335707148758016,0.7859335497415135,0.017750709792028762,6.754324128170872e-11,0.0371734950134672
2024-10-07,0.03108756815009013,1.0985086722367625e-05,0.0009554518067641306,-0.9772668307751828,0.5171462275476838,474511676.9903,-0.02883197302650384,0.03330070673375192,0.03196798122134343,0.8233727683630184,0.01759680758110626,6.516810250976984e-11,0.037467847288577806
2024-10-08,0.02505495914776476,8.184411068455971e-05,0.0005459068672116014,-0.7392465688899401,0.5272692087604868,317900309.40537,-0.012348701554985493,0.03329511236357921,0.03172988931759601,0.8720123381714008,0.017599539385774375,6.435871538960366e-11,0.03746409734360869
2024-10-09,0.022376848872002104,0.00019513537365920452,0.00030558799178121733,-0.2205861075104052,0.3789226428367968,393331718.70133,0.007723483235837355,0.03280964100010242,0.0316981793624661,0.8334970918315415,0.017760365454350162,6.102010633572116e-11,0.037106368991954755
2024-10-10,0.024756490722884848,0.0001952038284566267,0.0004176800044556569,-0.3629989307139566,0.5158728301483996,356758691.55062,-0.017957833867660263,0.03341519128459813,0.03105609796130013,0.8597479788631898,0.01722553865480255,6.176434250520047e-11,0.03740541011243839
2024-10-11,0.018264557236832207,0.00032721829404514343,6.375757012376394e-06,0.9617753554527444,0.4787471026234597,305944574.54456,0.04430812421093684,0.03357645217372675,0.030810604098497753,0.7948559192240958,0.017058362606761864,6.79080869230159e-11,0.03747678370134234
2024-10-12,0.014339239252069582,0.00020403014348061642,1.583638847476625e-06,0.984595985448586,0.9826320990466406,212228043.29857,0.00513352773244497,0.0326897102700839,0.030808792571091245,0.6845726065165681,0.017568343004205376,6.174033712387598e-11,0.0369129567048978
2024-10-13,0.019309196524319734,0.00020330892517709634,0.000169536145237705,0.09058126986047611,0.3989995084372715,271457276.30316997,0.0002694328454935358,0.03281112558526284,0.030408328534833683,0.6492812551212291,0.0174612280386372,5.5686375750236736e-11,0.036972228250504516
2024-10-14,0.025792052138059046,0.0006579392858286619,7.290667663694363e-06,0.9780807595165567,0.8269383892503275,494882863.79836,0.04641387455697137,0.033283914640006074,0.030068975780792814,0.6824508042866132,0.017110289801202234,5.767388787959741e-11,0.03723761461764034
2024-10-15,0.038970647811855406,0.0008337146710089562,0.0006849967198667143,0.09792377408619617,0.44109528592078356,743555372.19855,0.007090713575446726,0.033776408140845295,0.03049193556992394,0.7778065112890273,0.017118426964908423,5.6043784076185895e-11,0.03768198478235748
2024-10-16,0.05810067928452718,0.003205645894504231,0.00017004303881925452,0.8992543198274842,0.6494542597549757,1463229167.40835,0.0677946850909449,0.03545990261899342,0.031006908472413983,1.0183365390066383,0.01770779834367918,5.661773211408296e-11,0.039446661402773676
2024-10-17,0.05226991991628972,0.0021038126056802113,0.0006283319223751301,0.5400448871404633,0.6959947935262111,1075384206.26292,0.030395571988807338,0.035632581847371655,0.0309681368707679,1.2491859445137197,0.017859817451929504,5.296475830456603e-11,0.03966692292411864
2024-10-18,0.03695465782414768,0.0012109625825104501,0.00015468415238938942,0.7734638857380134,0.703537189398668,1549990039.1744199,0.05669109105503182,0.034835065069502714,0.030911079676858653,1.3446372030944018,0.01738006109134972,5.220744014055251e-11,0.03874485981090925
2024-10-19,0.042547579124242306,0.0009257144410769328,0.0008845820482567266,0.022721357005639646,0.4360372773302433,1478463329.9214401,0.04873114633040526,0.03368956090736723,0.03136659414811966,1.445956309604554,0.015912330592946146,5.199403707505046e-11,0.03709624682256859
2024-10-20,0.03780790473764216,0.0004660358136570354,0.000963401846993589,-0.3479452424040457,0.6736944841361583,988607611.03895,-0.013351706506236316,0.03328688527813103,0.03151070692655589,1.434073040144883,0.01568356161215791,5.0159983890177875e-11,0.03663710938038464
2024-10-21,0.03456255255794375,0.00040325787907185694,0.0007913121602487668,-0.32484849644948754,0.536738110465652,1396818305.85257,0.01070951334067635,0.03269845839600697,0.031867668906004294,1.2735111507892383,0.015375287971015847,4.430615661388784e-11,0.03597681953095212
2024-10-22,0.02526307097167962,2.3077738337431287e-06,0.0006359149810863783,-0.992768124245172,0.5012673986464357,1178381858.53484,-0.028172866206896217,0.030147943748860186,0.0316953485811488,1.1180452193849184,0.011222995545406247,4.1632807751347525e-11,0.03207578922179199
2024-10-23,0.029001165327650215,0.0004627894031634436,0.00037827818719825734,0.10048088516743613,0.44307784593063787,1067064758.0651001,0.002431873024558293,0.030222132282760092,0.03165091929731447,1.0652588782612589,0.011209363257156412,3.9784357945728195e-11,0.032140998418921506
2024-10-24,0.01981628535064595,0.00032092829807104387,7.175686702718141e-05,0.6345323256139186,0.42148444752590675,918009445.75238,0.013482074644027653,0.030306355932108148,0.03170903166146027,0.9257429854632219,0.011119599061584046,4.006843680781492e-11,0.032190570249955544
2024-10-25,0.03889063912202236,5.5246996649691974e-05,0.001457234814669684,-0.9269452416072381,0.5615721821444922,1038254716.46788,-0.07560015745068922,0.030832259841029278,0.03156999255792428,0.9247354338672102,0.011257755974608027,3.857151092385561e-11,0.03273118112651847
2024-10-26,0.02614947670985241,0.0005487449778378895,0.00013505015436122416,0.6049981990164299,0.6260071279720627,554906499.8210701,0.04343658944955526,0.031027316796661333,0.03159797251049048,0.8857432038152545,0.011132835178450642,4.1938267350240376e-11,0.032874496209660764
2024-10-27,0.03446415275182912,0.001149681935608322,3.809588929308852e-05,0.9358535098156919,0.595409040859025,673449896.6703401,0.0487243084523519,0.031227602073064298,0.03171244491155186,0.9441798649044422,0.011156115422450333,4.1548968213818356e-11,0.033071066322814084
2024-10-28,0.07485404123840951,0.005603127489721511,0,1.0,0.8549754705469139,2219487581.72125,0.1124071769407865,0.03331171983917475,0.03253914486159608,1.2098140525651215,0.01466494174384151,4.106726332074398e-11,0.03625589907897574
2024-10-29,0.05641181525017999,0.00267014643750548,0.0005121464623149603,0.6781273890006428,0.41566302381080544,2933650982.34534,0.08579737396308455,0.03480490346309928,0.032548074941550965,1.4243484127358323,0.015362013367162771,4.061018548395581e-11,0.037896372800702696
2024-10-30,0.03655694796892674,0.0001855608993647998,0.001150849545438017,-0.7222995374116837,0.5101066335571012,1727995629.29994,-0.04399954222587403,0.03548014627723855,0.03258586053378136,1.3891259762869992,0.015097793220980808,4.088764774667168e-11,0.03841783042125908
2024-10-31,0.05472676429320522,0.00028557949666866995,0.002709439233335372,-0.8092970212120947,0.5746066145280576,1838967498.37092,-0.04050020039145865,0.03690730216153952,0.032915713814629946,1.55401326625842,0.015445922548028655,3.953942189791496e-11,0.03986683696227012
2024-11-01,0.03733594162338259,0.0010078617194966117,0.00038611081740802115,0.44602808565311575,0.694365535800874,1970995199.90384,-0.015588294199624835,0.03781546332280382,0.03290215911200187,1.5681180408300177,0.01484392530643957,3.301965146759907e-11,0.040495171353977434
2024-11-02,0.02795430066906283,0.0002912312517366948,0.0004902116741596717,-0.2546320605496982,0.3562035051361766,961013584.72571,0.0025106716678114315,0.03846379958075589,0.033228110132636046,1.286694293313,0.01404301368004118,3.199221291629803e-11,0.040832332022504025
2024-11-03,0.04052610413437563,0.0008139218776820383,0.0008284432386282193,-0.008841737322578275,0.3068460415861275,2010465924.85424,-0.05297078145678449,0.03947412851456807,0.033181926125763025,1.1858423366028772,0.013341744433420734,3.319959257401562e-11,0.0415660038242172
2024-11-04,0.042455081803292084,0.0017262153136977745,7.621865722644823e-05,0.9154269632552852,0.9010183735031233,2212033252.72433,0.04447187921865376,0.0402676061176744,0.033328658602875504,1.2072275735214828,0.012977881218118643,2.9690874893001665e-11,0.04221238261663868
2024-11-05,0.05990135156044434,0.0020333265982322994,0.0015548453205356488,0.13334959654356368,0.43332520172821815,3774348143.27437,0.07159848112226998,0.04126430629617864,0.033797391557232,1.23270721943128,0.013659151220580932,3.0140090735442475e-11,0.04336393646334406
2024-11-06,0.08057952933345061,0.00047249962989338396,0.0060205609177070435,-0.8544601189440622,0.4851661361467468,9836531856.99785,0.1451899631490561,0.04233472772707975,0.034562986438956285,1.448983990205587,0.0157632637888973,2.8636664058252825e-11,0.04504305998645587
2024-11-07,0.02932857106776745,0.0003064133734135345,0.0005537517074635513,-0.2875475179692402,0.6096301942709577,3041259011.20754,-0.016008551210264066,0.04124228254381679,0.034724413335437306,1.4508094956159356,0.01583508700122947,2.7541375582304767e-11,0.04404242698247228
2024-11-08,0.03871285062937011,0.0012365426096357477,0.0002621421942161741,0.6501703446349548,0.42826627754392604,2913129221.60264,0.0439659041889917,0.04132600601073214,0.03452562865217043,1.4483315987411038,0.01581592030962169,2.651838493225165e-11,0.04411428930229952
2024-11-09,0.07335046119381963,0.005207616288118367,0.00017267386922767273,0.9358124323492442,0.5019265500422864,2799717103.89014,0.0806555285910498,0.042792809918807254,0.03529425419882359,1.5911508744104916,0.017294158559913186,2.6320660341221925e-11,0.046000763245013204
2024-11-10,0.1187066104211687,0.0140308464854516,6.041287223151738e-05,0.9914254828900615,0.614052825921982,9619426807.83372,0.23833353324193518,0.04664512923707042,0.036851794999427145,1.8358260343168944,0.02388322275806634,2.6857360561638358e-11,0.05214416659089143
2024-11-11,0.1313516099420363,0.015632537648985582,0.0016207077853792676,0.8121271975704748,0.5949312221958742,12902881639.26611,0.23577126374801496,0.051254131969646254,0.03814056434339092,2.011302372872696,0.029992719758697623,2.7362393106750897e-11,0.05902298652045724
2024-11-12,0.1473247762989147,0.016205950224597004,0.005498639486928256,0.4933201170802647,0.7121258797195992,25999081538.80066,0.07749248164177082,0.05706659412808602,0.04005057001033781,2.5028952992760214,0.03594149355362616,2.6365844996557456e-11,0.06698412699334812
2024-11-13,0.1297658063747268,0.008718496925648174,0.008120667578434911,0.035502316463997,0.4822488417680015,16248712802.62409,0.04833917197898571,0.061864910368422996,0.04183026883352057,2.8186061256009025,0.03863277477171999,2.6398984212085638e-11,0.07244782541808709
2024-11-14,0.09937619878640871,0.001612039191083292,0.008263589694152529,-0.6735318408950524,0.739918590104439,9071981150.633339,-0.09570872549383931,0.0656534776748879,0.043047127655342535,2.863351850409368,0.038201713009492565,2.6202018536663365e-11,0.07550004077076784
2024-11-15,0.07063605190673745,0.002745257587384705,0.0022441942415866016,0.10042452817936307,0.4147845649208094,6841105226.74809,0.0521712630148779,0.06716516399796957,0.04352843832862414,2.5960404902314416,0.037714721893071526,2.3097803863045252e-11,0.07658868165224007
2024-11-16,0.041537307641363666,0.00035511414861064133,0.0013702337774826466,-0.5883564778557706,0.45103180801386444,4141202532.5177402,-0.04735801914069782,0.06789791785185105,0.04393855947454943,2.1796237151316906,0.03702109525306811,1.9914875335217656e-11,0.07691179304448943
2024-11-17,0.03434583637901111,0.0010529012642247959,0.0001267352123490073,0.7851283596839874,0.42665376459595794,4424268084.8507595,0.008227124698401552,0.06789228373885972,0.04400346304829966,1.6745665909465657,0.037026446447454064,1.6558172254447284e-11,0.07690927269233976
2024-11-18,0.06108321868202255,0.0018124359012431912,0.0019187237033125972,-0.028486533232088846,0.4379896112885588,4995053370.70745,0.011017829136655583,0.06723653028379369,0.044616318952240115,1.343919834912226,0.037018928783474354,1.4251514853771152e-11,0.07632755006024787
2024-11-19,0.06377712529353748,0.0025052961955050516,0.0015622255152025262,0.23185387746546793,0.3361007106349282,7777224155.169,0.05078165457081228,0.06758725933347737,0.045229091720051955,1.1672476671935998,0.03694606309517596,1.3169781373387732e-11,0.07660318956217836
2024-11-20,0.05940964739818051,0.0005877737597813971,0.002941732444194739,-0.6669371148183587,0.8329642982864375,5004069149.42531,-0.03353984813630622,0.06867548311582279,0.045655090131054586,1.1084528701075176,0.03631759616716675,1.2276436252861146e-11,0.0772818334570825
2024-11-21,0.028241154583328636,0.0007203084311524579,7.725438104700619e-05,0.8062738636623257,0.7081450771873319,4560935440.11302,0.023795082674338563,0.06741426360582865,0.045912252350655436,1.047530507087406,0.037273529365093094,1.1476141630941582e-11,0.07660183434159748
2024-11-22,0.04134699157841324,0.0015837674669810606,0.00012580624560431464,0.8528215020175306,0.5806799751242493,7555187379.09411,0.06504711271317963,0.06760526598463965,0.04633239382705674,1.0676188128854385,0.03712165872115481,1.150951076892098e-11,0.07669986735262918
2024-11-23,0.10260762687110879,0.004426028576736314,0.006102296515384374,-0.1592150626031262,0.48641705609455194,11115946593.63817,0.04145228905131452,0.07116018627997517,0.047437898710271646,1.2108586412780784,0.036706900248412,1.1562680221486266e-11,0.07966810464622334
2024-11-24,0.08053271620620518,0.0023584221782209365,0.004127096201328248,-0.27271128067179323,0.47009996570873575,6970570892.133491,-9.291953175241101e-05,0.0730652630453004,0.048450172381710434,1.25477548068619,0.03607014844586496,1.0308671416243323e-11,0.08110260935253633
2024-11-25,0.04822589256604553,0.0001507177857685259,0.0021750189280232393,-0.8703913604022673,0.3273354209309353,5635727123.33919,-0.0914287688143901,0.07334006355781246,0.04896386143849764,1.2099868326477854,0.035846574094686195,1.0123839969360322e-11,0.08125609159947272
2024-11-26,0.06173251707634021,0.0005096247248744879,0.0033012789397061483,-0.7325438952387853,0.7709239619067607,5428930137.27486,-0.014074448826318036,0.07342726191571225,0.04948932545091206,1.3410309353952647,0.035814462139659345,9.343969950664284e-12,0.08132132989340515
2024-11-27,0.04235354399146801,0.001445646140827039,0.0003481765478101775,0.6118049459228433,0.4091009331211252,3636639874.6021,0.03543223441813397,0.07160697689942737,0.04980053574850018,1.356054805037497,0.036399418123873754,9.10505778183485e-12,0.07993363162182003
2024-11-28,0.032569940809359536,0.0002954782414843761,0.0007653228028408078,-0.44291487444313155,0.49197719340569934,3407303134.6255198,0.0015687058905989669,0.07176132783950318,0.04954539741023054,1.0779023347759853,0.0362175917709169,8.876324656278642e-12,0.07999337196137163
2024-11-29,0.056816430539686665,0.0026113972336003917,0.000616709545670648,0.6179125488470296,0.4478528086351527,3640359093.41883,0.059662622188835494,0.07262340307332778,0.049594824717854216,0.9783089152588347,0.03560184021592485,8.938081065535844e-12,0.08050647790799985
2024-11-30,0.03353888075960634,0.0005378996695840877,0.0005869568530230047,-0.043611947348819735,0.4221851532752467,2859894313.40648,-0.011409567207522339,0.07072761352884142,0.04906999478500531,0.9331142430843027,0.0366069784523726,7.756226304620747e-12,0.07923795358449723
2024-12-01,0.024812514957583864,0.0005823454445978869,3.3315453922436e-05,0.8917733641928333,0.6738655144061605,4352527902.72565,0.044355893249922236,0.06625646612581358,0.04872949354700501,0.7820618581820985,0.03618550484736404,7.061681689837227e-12,0.07507967849915781
2024-12-02,0.08435457952155478,0.0034665608100583317,0.003649134276199979,-0.025657854071660515,0.487136739362386,7165711212.68324,-0.03682219478904686,0.06401851229626684,0.04932370088730669,0.9336355631889031,0.03329624753406582,6.4362486146859675e-12,0.0717928800840997
2024-12-03,0.03429921606445635,4.399626521381913e-05,0.0011324399574224413,-0.925204164293363,0.7826440020125662,4332211067.31336,-0.04391923393483549,0.058636342761292634,0.04861696021274628,0.9385617420018209,0.02784580957385117,6.777069948918026e-12,0.06462728922252114
2024-12-04,0.04366978833274155,0.0017344605667081727,0.00017258984631827697,0.818998129111458,0.7967003229644961,4139065724.5594397,0.06305294524994227,0.05453653237834096,0.04887452500984135,0.8794320810712168,0.022714975264450803,7.360815847037595e-12,0.05886963105282994
2024-12-05,0.03135456534951277,0.0003170530818960453,0.0006660556863608211,-0.3549989744101117,0.2777866295973208,8544848693.88767,-0.01394787593869129,0.05129740697658401,0.04908574686119335,0.8704102363354927,0.02076761822681728,6.936167678047874e-12,0.05515596179374048
2024-12-06,0.02991206017586312,0.00035200032518218407,0.0005427310187822723,-0.21317090866067287,0.5038417429827371,3393613191.22388,0.01823208787972589,0.0493581692751138,0.04911853103803755,0.8910732394975125,0.020772885820499694,6.8288498423847546e-12,0.05335909886448916
2024-12-07,0.049862518312679724,0.0017991482238581297,0.0006871225086241907,0.44726654290125517,0.4133811549287444,4269878951.62679,0.0411143252531914,0.049754607878509806,0.049559947509007406,0.7474540382960602,0.020695462984186005,6.742807329633869e-12,0.05369755907843659
2024-12-08,0.016730807767139897,8.834781929433837e-05,0.00019157210924665037,-0.3687636335517171,0.49947244405538077,5010827229.02613,0.02913059491882554,0.04891579699223022,0.049345227601384746,0.6792741490185112,0.02168456734581814,6.9310923440264016e-12,0.053297131309647125
2024-12-09,0.06109876157874678,0.00011099274339516561,0.0036220659230613785,-0.940535226840932,0.5412089437082983,7585869605.72054,-0.12007548004302125,0.048916537130169475,0.049821595751045965,0.7394264297388347,0.021685003670211415,7.579810781939678e-12,0.053297979674250796
2024-12-10,0.10367005680433218,0.001960088937252647,0.008787391740560814,-0.6352468088081419,0.8176234044040709,6635826260.99137,-0.05010519682380428,0.050816200535445416,0.05106945444400735,0.994705775583327,0.024602962603687693,7.62843815905874e-12,0.05620291737538853
2024-12-11,0.048251087737571016,0.002239310531370602,8.885693648817378e-05,0.9236679167500816,0.6392420416367791,3816114791.00402,0.05032259075453891,0.05028484055160686,0.05148015664822273,1.0531936843501284,0.024528471864520368,7.937216736541293e-12,0.055691662886135584
2024-12-12,0.036206593694253844,0.00021368607160253357,0.001097231355338249,-0.673990035968625,0.7757829067567199,3215976139.45698,-0.01958527536632558,0.05066414717593663,0.05166190431443494,0.9964720451636462,0.02423032216032154,7.978780753440485e-12,0.05591070356262561
2024-12-13,0.015894442231462896,0.00017626570818423887,7.636758566507236e-05,0.39542738408324346,0.6733665902342497,2071568679.20441,0.007386446019926192,0.049452121016558055,0.05162428344133384,0.9964176446435535,0.02533124955240592,7.738591853336315e-12,0.05528678556119797
2024-12-14,0.03028175576838598,0.00021695001347564718,0.0007000347189405304,-0.5268187008871954,0.5193250697012575,2056002973.93879,-0.027137530508214398,0.04600803191642839,0.05187733925905315,0.8829994390356195,0.02250149154444898,8.189548317910267e-12,0.05097985664375926
2024-12-15,0.016652942851136242,0.0002708557976506929,6.464707952516723e-06,0.9533773534816322,0.48150702530475215,1720395857.80482,0.02078435996072264,0.042966137947139396,0.05183517650233595,0.562386548794039,0.02191094973511226,8.7642063880594e-12,0.04799288815262467
2024-12-16,0.03713983389563821,0.0005117962931124471,0.0008675709686831498,-0.25792599652363185,0.5476004371600992,2456920358.44638,-0.011332827778701765,0.042438230391405714,0.052015300022297525,0.5224756953962381,0.021911438510520416,8.21132780659472e-12,0.04752107007665678
2024-12-17,0.028913260353266784,0.000265800892434652,0.0005701757318211369,-0.3640949167178548,0.3134954801437184,2263246168.9861298,-0.019905656119704025,0.04087540864268793,0.05185565895152628,0.49576744243073656,0.02163514203752183,8.506693954064285e-12,0.04600640073765935
2024-12-18,0.05723092368616937,0.00022282690846680588,0.003052551717505336,-0.8639382288814502,0.5934281545181933,3605943796.32535,-0.09541680341546287,0.04158385529481657,0.0518418533071079,0.6517077714780685,0.021927568923692797,9.302782276557145e-12,0.04676685997118405
2024-12-19,0.12426561385945432,9.600563502506278e-05,0.015345937152841944,-0.9875656015122013,0.8898429716537769,5793529046.92707,-0.1308819411841487,0.04595031591624965,0.052984642099856545,0.9843850509274408,0.028258629281625494,1.035662328550409e-11,0.05359062851904546
2024-12-20,0.22405714995381526,0.019712138046604124,0.03048946839882233,-0.21468098563606944,0.6025896300391506,6256196853.39506,0.011456546599169285,0.053914159697874824,0.05595452292731158,1.6595077479390639,0.048084870540566794,9.663386064243288e-12,0.07147579158360053
2024-12-21,0.07425542006652089,0.003601732443592414,0.0019121349656630586,0.3064269327719468,0.6532134663859734,4259880037.83359,0.007805070576619235,0.055853042522013605,0.05645782198988743,1.7647583483157676,0.0480430878383736,9.560658502260081e-12,0.07292317396352224
2024-12-22,0.042287260641540675,0.0007544072448812008,0.0010338051676843942,-0.15624425870209338,0.38999556633250176,2966290791.42789,-0.024719152220676003,0.0566851732688687,0.0565289228772509,1.8042231256386478,0.04762811175885886,9.472207046752702e-12,0.07330501406655097
2024-12-23,0.06001738500213874,0.0020395963513551384,0.0015624901511398096,0.13245273257176532,0.34525740334387683,2713839882.40637,0.038731931422755106,0.0555262592441346,0.056932967836682564,1.793093721658194,0.04721548658591528,9.907127876555352e-12,0.07215476694461923
2024-12-24,0.04927702606438,0.0022455184663842317,0.000182706831365354,0.8495141027196431,0.82512071823811,1827427542.44741,0.03669304619915378,0.05623948829175001,0.05731414172704289,1.5323882938466329,0.046991396241714466,1.0380520113966425e-11,0.07256665485199892
2024-12-25,0.009110256343916752,6.57621308109264e-05,1.7234639840949014e-05,0.5846913149611906,0.5353223864975676,1405681755.03605,-0.008194935230932801,0.054593796292282164,0.05699841301301538,0.8041452087004138,0.048046914165506056,9.932722374529448e-12,0.07196568417762182
2024-12-26,0.026824987974146862,0,0.0007195799798131237,-1.0,0.5034435158610768,1597342463.4728599,-0.06707114903274966,0.05437810213155045,0.05710966226100746,0.6432083602657328,0.04816647541275864,1.185447935468697e-11,0.07187844398167864
2024-12-27,0.04883876847009086,0.0011576228013059138,0.0012276025043692273,-0.029338823002091886,0.4321828456227287,1535512026.80157,-0.0024348060980899197,0.055279373955085115,0.05726756907605616,0.6706682243273434,0.04786189819328906,1.1674155218526811e-11,0.07237048163558067
2024-12-28,0.015927627967057125,0.00025368933265698033,0,1.0,0.542636105654767,885921546.55676,0.039404516161383636,0.05366342679576975,0.05710531750871021,0.5244154500436666,0.04862078083026601,1.3333661938719368e-11,0.07163220792474735
2024-12-29,0.0274180597966295,0.00012913501066260906,0.0006226149923489418,-0.6564416091911213,0.44496522402754457,1059406398.19894,-0.03164027873867309,0.054172343559078774,0.056993474763389576,0.4491795112995029,0.048269539354436244,1.4479019772105566e-11,0.07178886620471554
2024-12-30,0.047120307769923875,0.0008414052512924153,0.0013789181530399328,-0.24208766195893328,0.4589673990540299,1687467046.93449,-0.0011464969408715624,0.053506702901515775,0.05655325677182631,0.5837375784912726,0.04826562954359589,1.3757618992821418e-11,0.07128538628973294
2024-12-31,0.04529603763716942,0.0011621174761149954,0.000889613549512873,0.1328165939873776,0.40815084822657777,1447537738.02187,0.00635285790757486,0.05072698770307946,0.056376815857334076,0.6471317934011,0.04689360814963158,1.3607048721890966e-11,0.06831927240322237
2025-01-01,0.020579863831100016,0.0003755812520752917,4.794954323132699e-05,0.7735723410779917,0.47200419553438433,975517769.18511,0.02877582064097432,0.04940931037419989,0.05612321134720984,0.5492513623513003,0.04735317674588118,1.4383769311176685e-11,0.06765224310618574
2025-01-02,0.029542300575037594,0.0006399126728888449,0.00023283485037702163,0.466432515314987,0.6128005153005517,1875040821.54849,0.04140142975321078,0.049091963082808644,0.05572345795485798,0.5990078401924711,0.047468272779716714,1.514521158845217e-11,0.06749785747555345
2025-01-03,0.07154306951180289,0.004895819645817082,0.00022259114935357826,0.9130233354604526,0.46144274756889747,3094164636.29333,0.1142611649008498,0.05174189771520578,0.05626642823880116,0.7481338240240251,0.047074010864980934,1.6733893647507967e-11,0.06919295090057397
2025-01-04,0.04643586488364192,0.001011983964785002,0.0011443055827068467,-0.06136542194704716,0.4801371044006144,2948894523.25944,0.03837884500737141,0.05251114100640844,0.05655978640093733,0.7486778189092026,0.046837185990565536,1.6725107273918562e-11,0.06961809369217777
2025-01-05,0.020211243927142422,1.94201434500535e-05,0.0003890742376323979,-0.9049184304636312,0.9173211946512879,1719750599.89532,-0.032106767589277455,0.05268058391478969,0.05623732830240982,0.6725409345722327,0.04670723170869891,1.7038835020440324e-11,0.06966294096832018
2025-01-06,0.01452083927132532,0.00014551390492773827,6.53408682159254e-05,0.38022870204217674,0.44321710085427335,2169480539.60774,0.014210430459694163,0.051603488932679555,0.05579392762729924,0.653782911408756,0.04734004555991059,1.713109875501877e-11,0.06926241327383197
2025-01-07,0.06752468291360215,0,0.004559582802582514,-1.0,0.7030372085917815,3949062087.06006,-0.10855265514803299,0.05344212810221933,0.05591493288687317,0.7832877536061178,0.04716420451103213,1.8021243155294022e-11,0.07053081930925952
2025-01-08,0.04729007102439479,0.00041623130019277085,0.0018201195172995327,-0.6277584921497198,0.4455564415458292,3352331501.11451,-0.01664144164863717,0.05296875416594435,0.05538652878672943,0.7024554726365154,0.047174161803325496,1.69975841329825e-11,0.07017919177182008
2025-01-09,0.05602608910407463,0.00023836956697693314,0.002900553093320777,-0.8481201400774079,0.8008631424069265,2623786712.75146,-0.06444887226874337,0.04971925298711674,0.05581029891428986,0.7508875754387978,0.0442788840846059,1.709150071684386e-11,0.0658730662443542
2025-01-10,0.0391699172117767,0.0009824774148521015,0.000551804999525339,0.280699570881489,0.37701731879286676,2133244142.4193,0.03955646067430182,0.040915099047019676,0.055817553939407426,0.8438137054747779,0.019107854436683277,1.788729283064504e-11,0.0449640882917349
2025-01-11,0.024185337778706753,0.0005022827729350093,8.264779053513079e-05,0.7174099091529184,0.542319802255179,1055140180.60693,0.021789937933901375,0.03853080941426662,0.055037155155040554,0.9154370774848296,0.017820112726594853,1.8783435584731065e-11,0.0422736082862133
2025-01-12,0.020866089465347477,0.0001647299622633278,0.00027066372731255717,-0.24330569685660575,0.3783471515716971,1003565268.9439299,-0.015575211785471459,0.0375107536439717,0.05348413101288466,0.7600155108416157,0.01820330872061046,1.9125651056572106e-11,0.04150467465655183
2025-01-13,0.06418528593421503,0.0023376799683215797,0.0017820709621353627,0.13486470797995342,0.401912537270074,2688611508.1777,0.006442536942668163,0.03770922511692772,0.05241799888577639,0.8384497687524997,0.018481563754091185,1.856013814359443e-11,0.04180058259632304
2025-01-14,0.022333402499133154,0.000491273446279867,7.507420908419996e-06,0.9698969170540136,0.6531816358716085,2084558092.02455,0.05159067543917189,0.036426195423344535,0.050434008825462395,0.7120189296982061,0.018573363197409626,1.8782514539890038e-11,0.04068673492890306
2025-01-15,0.06498934242746159,0.003543479089396945,0.0006801355397569131,0.6779367440096359,0.670148738006783,2810447570.79899,0.07913640404306593,0.03908710428446572,0.049405810985029615,0.8130644792402657,0.018466726960853865,1.984575602423329e-11,0.04304163888783866
2025-01-16,0.03316688550838395,0.00038072455719954967,0.0007193177371266999,-0.3078001470248294,0.6240271700983344,2821830478.88101,-0.02303722793227448,0.03938909940514367,0.048354869504426044,0.8505621434111222,0.01830734055614338,1.8235028402737263e-11,0.0432515887710863
2025-01-17,0.047833501320295305,0.0022814170767372546,6.626771821438731e-06,0.9942074783001967,0.6777857749164907,3760909801.41275,0.09812778978927687,0.039341229540867696,0.0479929242570222,0.966574080640447,0.018282693894825536,1.940197312375485e-11,0.04319805832197834
2025-01-18,0.04226845895150477,0.00013575965533331214,0.0016508629668017315,-0.8480264901481241,0.9028872464215919,4702009059.72103,-0.0465223098679938,0.040595554825841394,0.04800452983337365,0.882034635982442,0.01748209067027191,1.7755095636582345e-11,0.044034861940257304
2025-01-19,0.14690432327142638,0.0049172771788863,0.016663603016949448,-0.5442931767134189,0.47385866373257507,5339216309.19268,-0.10092323866900044,0.04628537689606982,0.04979117248245961,1.3621844221323558,0.02877544281000402,1.7233010511090183e-11,0.05413808648828437
2025-01-20,0.05978927796852143,0.001335713706939347,0.0022390440530577756,-0.25269693969953244,0.432335435655482,4787743084.57496,-0.010749019482477107,0.046888661191241125,0.049770633740975456,1.32687248254464,0.028926231539979308,1.730756732748249e-11,0.054730515096171294
2025-01-21,0.12404966816778812,0.013855797029714572,0.0015325231428237707,0.8008199562212543,0.8899710162944573,5969907806.26164,0.04755323911457866,0.050638834073651544,0.05072734077072547,1.6467008359913426,0.033459290369292294,1.7477889033180984e-11,0.060253671725087735
2025-01-22,0.026042649880978302,6.932591053892699e-05,0.0006088937022842921,-0.7955650080647341,0.46987421871075835,2036525341.30837,-0.024321364412083622,0.05089896674269336,0.05019770588950004,1.6014169411694947,0.03323438864791564,1.664191671888583e-11,0.06035422930734846
2025-01-23,0.03576052345430394,0.0005528600693347658,0.0007259549683910564,-0.1353556956634742,0.3874840418918583,2214620001.29778,-0.030171324718357977,0.051195072594087,0.05031706095094409,1.5992453896050085,0.03306184795140265,1.623922248023046e-11,0.06051420943540134
2025-01-24,0.038091502959815844,0.0009929294696070746,0.00045803312813058464,0.36864929689469617,0.5416202315077209,1392278267.26826,-0.0036437172028191715,0.04960214085351619,0.05026538652842667,1.1599297716608152,0.032837548854701144,1.460537187094401e-11,0.059053612533338413
2025-01-25,0.023664118145497345,0.0003018095436349278,0.00025818094396912883,0.07790953709314925,0.48662708374044655,1098233921.82591,0.007670492153943859,0.048517771961223595,0.04901231496135347,1.0255469661496726,0.03331978019164891,1.4318216311272039e-11,0.058406462932543916
2025-01-26,0.05086099468673581,3.5277160178289924e-05,0.0025515636203458786,-0.9727256811135149,0.9580891157622864,877078290.7271401,-0.05097310256757749,0.04997728390215661,0.048541335254695235,0.7202984070922547,0.03268306329475013,1.619666884564764e-11,0.05928782078316273
2025-01-27,0.07655297928217149,0.003452146106174064,0.0024082125308025138,0.17813475932765213,0.35743453957280036,2762008240.74374,-0.00603383155663017,0.05293119533124452,0.0489909715517766,0.9150397009770459,0.03211660255872045,1.598878445720647e-11,0.06151479242208556
2025-01-28,0.031582739647719585,0,0.0009974694436556384,-1.0,0.5372841627504267,1467141863.07493,-0.046735470913417614,0.051219674223345356,0.0485124036560842,0.9057925842676269,0.0322573979762726,1.6196715938825742e-11,0.0601202564953701
2025-01-29,0.028583223453346237,0.00033898375687066825,0.0004780169061132542,-0.17017507517655706,0.2400843039185627,1423992036.61083,0.016687809428669483,0.050328871958057325,0.04829382713960609,0.8682493977396897,0.032627517147310964,1.6518377519970985e-11,0.059555496291051536
2025-01-30,0.018146935579558657,0.00016868407861294702,0.0001606271923157048,0.024465868643128857,0.47043586251790154,861739712.12211,0.02283162387533922,0.04852510274260419,0.04806489054865686,0.847507736541261,0.0333361597959238,1.6610353631654424e-11,0.05842145256609142
2025-01-31,0.04429987354988329,0.0007126939976364835,0.0012497847988991654,-0.27367979832995126,0.6368398991649757,1342717381.83472,-0.008029251274406462,0.04876938637775212,0.047866215040882204,0.8319181520937288,0.03328293173671734,1.6012114862793957e-11,0.05859570311758675
2025-02-01,0.034130007542191525,0,0.0011648574148300501,-1.0,0.470663242216032,1078206611.46871,-0.06607896415202892,0.0492429420807752,0.047875598005685145,0.6547553653650962,0.03298507049553584,1.7947103843307162e-11,0.0588308761467551
2025-02-02,0.08117313186013574,0.00014811179174593716,0.006440965544237045,-0.9550432377118726,0.7546347693575235,3620029050.73388,-0.13839952996409163,0.052114706004336556,0.048770210972392314,0.8508000525100882,0.03301620903299743,1.9028614714812135e-11,0.0612707478556093
2025-02-03,0.12443392514390164,0.015393644613397723,9.015711332039281e-05,0.9883546541202703,0.5179494988763947,5338618865.40609,0.060637794125606555,0.05498368882384544,0.04940639106163591,1.2074157622540431,0.03654649054596973,1.9455381279870685e-11,0.06553815544244504
2025-02-04,0.08644627232716588,0.0009168069847012639,0.0065561510145612616,-0.7546334437335952,0.848157738980094,2734427239.05798,-0.07803369715893443,0.05803668262518032,0.050234122113424956,1.4529639946246486,0.036360030386387215,1.9635786896122375e-11,0.06802465355850043
2025-02-05,0.02813880755559276,0.00011349230624394042,0.0006783001844067438,-0.713328157101682,0.3792805414567604,1185342640.80352,-0.02803634032587331,0.05628189525032943,0.04998759860902577,1.3995195458323335,0.03689303104651391,1.9421243248782853e-11,0.06681267387195726
2025-02-06,0.06042149612651584,0.0004104558367281101,0.0032403013574384583,-0.7751393396504349,0.7585857020205203,1217123115.17203,-0.032955181700958375,0.05757973385119285,0.050448978462628996,1.4820536233719053,0.03651669161514564,2.0321831923957582e-11,0.06771555215900281
2025-02-07,0.036682160096930344,0.0006875815610966836,0.0006579993082801454,0.021984745391214183,0.5109923726956072,1232907411.28424,-0.005504972412602089,0.057048717602461184,0.050556440366137996,1.3192646965193449,0.0367458659764583,1.929200001906471e-11,0.06738335710480578
2025-02-08,0.01618952590040952,0.0002621007488800307,0,1.0,0.883096969002993,624810840.60908,0.025567411511692274,0.05580686364764712,0.050021948423086084,0.9207564841582374,0.037698676768426316,2.076943376554824e-11,0.0668425054515087
2025-02-09,0.021089786433069406,0,0.0004447790917924784,-1.0,0.46651783984955514,797207155.64297,-0.0159933215342977,0.04981569522677298,0.05009113856064053,0.6627406294318506,0.03207534631319646,2.082464478550993e-11,0.0588339997797237
2025-02-10,0.015682006246155216,0.0002459253199044512,0,1.0,0.49108599416889476,922073970.44366,0.02599301117375112,0.04771534895427936,0.04937023768234542,0.6162416676072838,0.032824954416721445,2.2060102522183537e-11,0.057471068370093185
2025-02-11,0.053824364427081356,0.0011798090228388397,0.0017172531831404216,-0.18551350371156966,0.40012127412289256,1280222078.65645,-0.009287748779575684,0.044371286871388554,0.04857903621603985,0.5816014060820442,0.02786135913227773,2.202625991928353e-11,0.0520394263195564
2025-02-12,0.03370403038386472,0.0010961373230046726,3.982434111180367e-05,0.9298843572458441,0.6936383508013458,1363957365.99451,0.04333198881667027,0.04473611451438315,0.0483481305437588,0.5688707406608422,0.027658780701260627,2.2970390130015187e-11,0.052248436648442545
2025-02-13,0.03605884650615611,0.0005740788051595424,0.0007261616061949841,-0.11696513945217965,0.532976615073606,1013091084.03836,-0.006914658453542765,0.04475032037399516,0.04834578535029693,0.645101314321345,0.027654016439643967,2.2646657033504175e-11,0.05225819924273506
2025-02-14,0.036229099161729325,0.0010389875064479945,0.0002735601196224217,0.5831616100035586,0.617893765429495,1648776041.27476,0.03495064981430517,0.044661634478848175,0.048668557682523386,0.7062202086621852,0.027679413557305552,2.3531459258668745e-11,0.052195097461029655
2025-02-15,0.02349189866585562,7.08985278530239e-05,0.00048097077507380526,-0.7430604402998506,0.48375221189557205,1071321962.71638,-0.00011044638759490277,0.044653433551246194,0.04856078217295941,0.7389913645526408,0.02768597055133709,2.3203778556446823e-11,0.052191392737562736
2025-02-16,0.015400103637406255,2.6104230397864815e-05,0.00021105896164498855,-0.7798627166972183,0.6147418977937477,728759142.24105,-0.02290389665486049,0.04296481969175431,0.04854089583623354,0.5924125088239279,0.028361596438750924,2.1932906546908136e-11,0.05110823873810577
2025-02-17,0.033271021858366404,0.00023915382364770883,0.0008678070718521862,-0.5679091743530673,0.47781319841809106,1054784597.18187,-0.028233304247007405,0.04090377410014454,0.048479486121356205,0.6095410936183656,0.027353429597867678,2.310349271878456e-11,0.04884362592506379
2025-02-18,0.03759286978848424,0.0003149207946085153,0.0010983030643254153,-0.5543228447245765,0.5698041580590207,1053823237.76072,-0.02702124106659846,0.04118997077351429,0.04861725769969299,0.6592397551811509,0.02728237759081395,2.2807605973468868e-11,0.049045872637832943
2025-02-19,0.016862546634871627,0.00016652868876845296,0.00011781679024476742,0.17131237216337356,0.4454211151302121,713222906.09993,0.013798775828005486,0.040631843305967884,0.04797648980998985,0.5844061374657352,0.0276703039337402,2.3170845994745852e-11,0.048786607693469486
2025-02-20,0.022082576649071015,0.0001914695149769311,0.0002961706764851653,-0.21470986875447587,0.5627250087955676,737271208.5522,-0.0003141937030011342,0.04081925478546847,0.046354536838396465,0.5824275928045237,0.02752333648873177,2.192948192832648e-11,0.04886381649690138
2025-02-21,0.05232636671679869,7.846467017755951e-05,0.002659583983603338,-0.9426857005851887,0.9265978296113637,1311368917.33921,-0.06143756509640077,0.04120146874579777,0.04362865139018985,0.7564504513135358,0.027629614645987333,2.3875676956274242e-11,0.04924027275114254
2025-02-22,0.01267464795177195,0.00015653830348265671,4.108397218700171e-06,0.9488517697436227,0.47948090178475644,571895997.662,0.028858645671569247,0.04017978495577779,0.04265117881693987,0.6698901789662494,0.02829290145749719,2.336021783870789e-11,0.048752281000905576
2025-02-23,0.022834283866108834,0.00018098348573292747,0.00034042103394511076,-0.30578474523127314,0.4832593366170206,478924201.87292004,-0.015293068742547712,0.03740174457510984,0.042342401407806034,0.5968087959110133,0.026896198337139163,2.306024260504962e-11,0.04569297650640449
2025-02-24,0.06319674929439599,0.00017228403088437986,0.0038215450904943594,-0.9137248862440542,0.717718452860128,1677713539.12892,-0.14287581792815923,0.03448568858227624,0.04239286750768313,0.8034595454922169,0.019209789795965503,2.6574657035758063e-11,0.03925183498105055
2025-02-25,0.046844302935421335,0.0009894009844376088,0.0012049877330679152,-0.09824455754374053,0.44818075004488656,2342184052.48214,0.0052152593079560425,0.0325998805160027,0.04235425285484252,0.9190926438245842,0.015424772044351923,2.5321760483461113e-11,0.035907465900439084
2025-02-26,0.06086488163093264,0.0005893327207818591,0.0031152010951655826,-0.6818316419491848,0.8182092909828529,1482241316.91335,-0.03856457058608226,0.034158264995780785,0.04317575484352531,0.9423610926818594,0.016562730998464933,2.543439005951441e-11,0.037789523353205574
2025-02-27,0.024754748503657185,0.00021987363865214952,0.00039292393482716825,-0.2823938991671926,0.6403572253564455,969381439.77473,0.016087706203982845,0.032459848442311326,0.04314289389954928,0.9985230260135158,0.0155315372403545,2.493532122445214e-11,0.03582433993000038
2025-02-28,0.06757704823135124,0.004042642327882309,0.0005240151197800637,0.7705038638059871,0.8101264253818157,1974072868.6806,-0.02452819219606924,0.03393103359156946,0.043440326911632784,1.1936980263761592,0.0173125831199068,2.5314375391280318e-11,0.03790472174262987
2025-03-01,0.020078689682284826,0.0002586788117161424,0.00014447496764134868,0.2832761341262909,0.3558024898774054,844526131.65595,0.02385088205890398,0.03411623186689686,0.043506216780128455,1.007775030417317,0.017133179442056827,2.4710636843666287e-11,0.037993219676164786
2025-03-02,0.10131552138566055,0.01026483487364824,0,1.0,0.8811253584364874,2035324442.9735599,0.14628665226514811,0.03793650495987739,0.04467919236090673,1.2195940931008435,0.02226037822057,2.7177883770765967e-11,0.043716203463466594
2025-03-03,0.08598052900023248,3.847191683654033e-06,0.0073888041754761645,-0.9989591848735776,0.8572805425425953,1967771534.08511,-0.1837608394095322,0.0412840536624525,0.04529602126932433,1.3039075631438866,0.023966775518214106,3.0282432671915205e-11,0.047449201607864276
2025-03-04,0.03953199565014238,0.0015136316351298076,4.914704495306823e-05,0.9371030004703393,0.9315530021645932,1535946552.28254,-0.00025124996991553677,0.04060346467307445,0.045204528539371513,1.3842629423585628,0.02379517772490117,2.9944755760319145e-11,0.046774880250694165
2025-03-05,0.030423291190578718,0.0007017484351482967,0.0002238282117184479,0.5163486190448958,0.46807804370406864,885356229.38296,0.02804941074358099,0.040447238997203684,0.0453607734180934,1.2279356229117298,0.02385343881091091,2.99405740352348e-11,0.04666766641168198
2025-03-06,0.04283267757420548,0.00020787546776766696,0.0016267628004081782,-0.7733880608798653,0.6381042213167498,1282316859.76117,-0.015861620166331976,0.04076980238139651,0.04557173178315956,1.3176851818142348,0.023836923250278468,3.020458325447649e-11,0.046939520718724016
2025-03-07,0.04494914861387005,0.0008134389627420187,0.0012069869983697573,-0.19478468560717843,0.5973923428035892,1269200566.6469002,-0.015512721008055882,0.04118504283149845,0.04514960605462094,1.0583928521172088,0.023829819798663714,2.977717840572268e-11,0.04729722082161222
2025-03-08,0.01806197329899182,4.031060658637685e-06,0.0003222038187948557,-0.9752873716912768,0.5492152792940397,562439820.24617,-0.031244538989558143,0.040926474956885894,0.04469922682311856,0.7773576877230646,0.024059749814382112,3.241759253982112e-11,0.04718349924594905
2025-03-09,0.06723883611699089,1.0534804002452484e-05,0.004510526278365104,-0.9953396763235343,0.41843941943699636,1304561623.18609,-0.1346320427140693,0.0433949860273423,0.04544569654041774,0.8933066727617147,0.023968950180065007,3.583532397760182e-11,0.04929784720174893
2025-03-10,0.0900878619727485,0.0005575705513543721,0.0075582523234666125,-0.8625966682727361,0.4414300812670341,1553964809.9217,-0.08694644403288483,0.04610054984231288,0.046645173091233984,1.1409929169561979,0.025898088618228867,3.7225060586367335e-11,0.052574072232190724
2025-03-11,0.05936689859266464,0.0030017610040971986,0.0005226676444145281,0.7034029077959988,0.5410678491274675,1672990659.86224,0.06582810609432273,0.04713740835679766,0.0465156844512191,1.2038931719817916,0.025976199379104815,3.787774687865467e-11,0.05352164639175513
2025-03-12,0.04850866873447169,0.0019472387341700759,0.0004058522082206355,0.6550475794120437,0.28547659299677275,1156893825.77652,0.046384609949581414,0.04864436655201671,0.046535027272013973,1.2086691305226112,0.025032860806704502,3.886570025256979e-11,0.05443416501808709
2025-03-13,0.03680050896904903,0.00022691008721363197,0.001127367373167426,-0.6648986727582611,0.5521476720761107,981932430.91929,-0.04256213768011114,0.049345220472015665,0.04622985933336277,1.2813650644474022,0.024451293996835325,4.0909468061321704e-11,0.054811921719580575
2025-03-14,0.027524894593517014,0.0005463530958977974,0.00021126672648642483,0.4422882816830993,0.5978097124099923,681370546.35913,0.039828404306560275,0.04816419798995463,0.046045017704501506,1.127477671711405,0.024895043537558628,4.146201195962601e-11,0.0539447924063576
2025-03-15,0.02312348153950076,0.00037613264834446963,0.00015856275016316282,0.4069043773119382,0.3950551300201327,463090448.12856,0.023008032065779005,0.0486617614941322,0.04602816284356173,0.8393862836443645,0.024246230856489505,4.14249793513755e-11,0.05410963380506004
2025-03-16,0.04694072114987701,3.559487341003309e-05,0.002167836428660478,-0.9676914153152083,0.983531179480156,750609163.66539,-0.0450723185054216,0.04980968707907353,0.04644204588617331,0.7910993676033791,0.02352214403285164,4.2763813886582785e-11,0.054844771710391475
2025-03-17,0.018633318495658472,0.00024484031862283116,0.00010236023953781698,0.4103682316636406,0.6976149053940768,727952130.85133,0.030176597655442707,0.04768761894580032,0.045718998783974,0.6653635207278633,0.024252846312267214,4.068253118547189e-11,0.05323814426484168
2025-03-18,0.026349581352654496,0.0003578289108801031,0.00033647152658005454,0.030761012304956443,0.3775035756388453,674583198.36161,-0.031128865314595404,0.04671167982281142,0.045782747654664814,0.6247852180101707,0.024696771196610727,4.2773896255919534e-11,0.05256298345341367
2025-03-19,0.03589051012011217,0.0012029491543224186,8.517956235945569e-05,0.8677468155839704,0.3873980826902825,763377796.3968301,0.057614821916372336,0.045522424036581875,0.04532086142756403,0.6629895809331428,0.024582202736168037,4.5128934136036975e-11,0.05145678108893912
2025-03-20,0.020393809502748328,3.487644485219149e-07,0.0004155587015858661,-0.998322874788244,0.4323531980362575,654280380.87896,-0.04913309295323118,0.04531476027463383,0.04511811418937933,0.6826097556158013,0.02478400607205375,4.7914601367356254e-11,0.051365597442576905
2025-03-21,0.02346576095191725,0.0003020378191117108,0.0002486041179408135,0.09703892416352662,0.5485194620817633,472544670.88556004,-0.013073635222442922,0.04321422278513698,0.04473132465972254,0.5826122483202503,0.024671898015037056,4.864037674883919e-11,0.04946903846644181
2025-03-22,0.012220307082194575,3.456598359122144e-05,0.00011476992159191349,-0.5370706924254796,0.6372990187186905,280730028.58584,0.0006577570721793479,0.04284001408989459,0.044254369868146196,0.5778089814114477,0.02509629482297758,4.740710484066036e-11,0.049346724322465674
2025-03-23,0.015745056673771657,0.00021523452250807963,3.267228715220171e-05,0.736414766524775,0.3456950953139966,398915913.63474,0.031017994423634274,0.038765230055995116,0.042172476747548496,0.5282360244415041,0.021866127774870427,4.7687192792927664e-11,0.04425045340877094
2025-03-24,0.04547382760094236,0.0017246537203931553,0.000343215276287072,0.6680493040535233,0.621965890996162,968014263.59952,0.05831046174838731,0.03683633951317177,0.04194524737663454,0.572958210109785,0.019105154684947608,4.610871380795073e-11,0.04128609404655368
2025-03-25,0.030716253942548986,0.0009371593860139618,6.328870249194264e-06,0.9865841038143691,0.6861136661080142,1195686408.75537,0.04102755021016987,0.03641654228900066,0.04046376461115456,0.6252563631935805,0.019139784183998275,4.7734875175478376e-11,0.040927393533414555
2025-03-26,0.06833712935368053,0.003258861866775016,0.0014111013815266487,0.3956691706129264,0.6707143655975297,1719631568.50661,0.022057618986122806,0.03822196315391027,0.0411351055551657,0.829957749058791,0.020299237864433745,4.683703934936139e-11,0.04305061747892633
2025-03-27,0.023866921573295966,0,0.0005696299453858603,-1.0,0.5164832184889683,1096925935.4036698,-0.022898791238849643,0.037318831915771726,0.04094631822372113,0.8956907121325225,0.020504708144903606,4.724208316386521e-11,0.04234521429577856
2025-03-28,0.04503287424518714,8.259905239161026e-05,0.0019453607103912293,-0.9185397522106011,0.8685761190640097,1081337024.10681,-0.05539578753411808,0.03732281885059635,0.041056498720314326,1.0515884691522293,0.020506274045388677,4.9099537472355306e-11,0.042349450128849796
2025-03-29,0.03603433674517297,7.842105452514311e-07,0.0012976892141192717,-0.9987921038192153,0.6106812095905317,931787827.625,-0.061061901665149056,0.03817864568136688,0.04125285139649965,1.003244870330951,0.02003178011113248,4.957478461710574e-11,0.042892575112686036
2025-03-30,0.019158760753302174,2.0249801897478892e-05,0.00034680831170479277,-0.8896643275433999,0.7689345583157637,656814920.87923,-0.017921946749284164,0.03588911828309599,0.040749641334064196,0.9500729203254356,0.019277739744432244,4.595979227111319e-11,0.04052114675842867
2025-03-31,0.025327466694791422,0.0005228954872660426,0.00011858508190972614,0.6302769324343066,0.7704004921857563,1012300015.16083,0.0007206341892453096,0.0328052899365266,0.03993653795966134,0.7355508949062475,0.014844122939945184,4.332934076555891e-11,0.03586143154483006
2025-04-01,0.03341760850339152,0.000852423472997692,0.00026431308508825314,0.5266330574127915,0.600419993768965,834123331.69311,0.04312228253073481,0.03156960945608502,0.03996566286213232,0.7860751915276402,0.013545756836561415,4.391744392119244e-11,0.03422557914979004
2025-04-02,0.0698708561990983,0.0008715149326545946,0.004010421613340479,-0.6429634328739701,0.782374449032994,1402614533.02637,-0.06007848000720327,0.0325868564782101,0.0406210221120649,0.8957018203010495,0.01553717110151173,4.404787791397252e-11,0.03594177913456425
2025-04-03,0.036799523715599115,0.0005096005364023267,0.0008446044092926151,-0.24738048251505493,0.40896377271716894,884679414.71023,-0.009448502710835336,0.03258680956137915,0.04091709493962109,0.9159351723576147,0.015537157743046535,4.249239512876346e-11,0.03594173109739578
2025-04-04,0.04857937363049924,0.0017636712581044864,0.0005962842842271582,0.49466481589900874,0.43148277672827823,1298820988.14094,0.053879025065443065,0.03358940380123545,0.040985023512329286,1.0963226990215387,0.01586993295134483,4.168428354294196e-11,0.036987967438443875
2025-04-05,0.019735170743692784,8.954637869735749e-05,0.00029993058558535,-0.5401711171171656,0.7700855585585827,457566264.95738,-0.013644862642642147,0.03342805566810173,0.04075653403933724,1.0989722514464337,0.015998363955114694,4.073841921717563e-11,0.03689437046072021
2025-04-06,0.0665173573370788,0,0.00442455882710863,-1.0,0.7721652680969541,1167104933.14205,-0.12417667718328726,0.03436027643892087,0.04052390269770142,1.2523957777958816,0.017339280542237025,4.2945539700552755e-11,0.0383009471041596
2025-04-07,0.10646438221269525,0.006162398433480191,0.005172266246450669,0.08735434306959684,0.45582108372800695,2499117168.71418,0.0024778181101878373,0.03854270804449405,0.040238671857523535,1.4140286537658922,0.02301882972795668,4.1018748327934906e-11,0.04461137888815794
2025-04-08,0.07224749539001268,0.0012039251407866963,0.004015775449343208,-0.5386995403287168,0.5377636167231407,1326998776.73911,-0.05006187546160065,0.04072832299865396,0.040013294445822696,1.57060154834711,0.02396284167736772,4.06178105415109e-11,0.04696456506418441
2025-04-09,0.11121590291248497,0.011956602266548075,0.00041237479409120736,0.9333211158740892,0.6921146768041626,1814186427.22337,0.1196877683988033,0.04431524646495743,0.04133197849910669,1.812464788259888,0.028424693221508365,4.016541578456736e-11,0.05228125683854935
2025-04-10,0.05204882762406067,0.0007851914800621891,0.0019238889769769923,-0.42032620107536894,0.7094730789709741,1046395323.81008,-0.043224474680167366,0.045822628280258015,0.04119907899906773,1.943990119271198,0.027927692911575853,3.8556516673741335e-11,0.05331536861427232
2025-04-11,0.010324802334265044,0.00010660154324164488,0,1.0,0.4240541701174077,656735950.44362,0.041353518599865906,0.04519686834608411,0.04078070824093018,1.6801437792408456,0.02859297437485396,4.0237554965345054e-11,0.05311669934980969
2025-04-12,0.04485953420512762,0.0019163913778975715,9.598643120344385e-05,0.9046039657470446,0.5816533863060886,699853630.98482,0.0464773904340152,0.04675111725669996,0.041235787737830466,1.3913040042763807,0.027579969534386305,4.328837090605839e-11,0.05394534299600866
2025-04-13,0.02386002083840575,5.783888160851716e-05,0.0005114617128006394,-0.7968072326762817,0.5180121502500459,781759280.05544,-0.030600103293106702,0.047137544121682536,0.04127975971251835,1.16428774661774,0.027177734501381248,4.144965162679377e-11,0.05408700857782248
2025-04-14,0.037901804087922576,8.697526793837747e-05,0.0013495714851808872,-0.878910633782684,0.8600371359739367,811313310.73177,-0.025361984982596206,0.0467769715734435,0.04163245491635593,0.8114169649498683,0.027251041934252505,4.006980472811338e-11,0.05380837790640366
2025-04-15,0.023394723603173635,0,0.0005473130924688895,-1.0,0.6260182302405775,648657414.1372,-0.03180366781161315,0.04642832727156848,0.04114944474454786,0.6773145968327101,0.0275123753877576,4.077061536471863e-11,0.053632788934831144
2025-04-16,0.020122901385133955,0.00016070380570645375,0.00024422735444937227,-0.20626604460564826,0.514348818276765,749102822.77772,0.007464416574758956,0.04413241165401865,0.04093387126837753,0.7255854187501766,0.027604256929819947,4.063430729936883e-11,0.051704731725693766
2025-04-17,0.0166859251010849,0.00017789390295707352,0.00010052619352194171,0.277881196126096,0.33684383081106584,523220792.75294006,0.007473780036998362,0.043790459441056216,0.04062636457940815,0.5891241048004431,0.027910628791917077,4.03204386621247e-11,0.05157045808564951
2025-04-18,0.012089445791845566,0.00014228975825202248,3.864941301949966e-06,0.9471116383702364,0.6837387903061234,375990578.15207,0.011171160826075102,0.04222172475280185,0.04024319547829888,0.5368463750287611,0.028750474051814294,3.929578644653917e-11,0.05069420462190991
2025-04-19,0.00759791768195507,1.6176281066081112e-08,5.7712176820699425e-05,-0.9994395724043066,0.6895331976484746,390804804.23545,-0.0017154297545076385,0.04086760955931529,0.03999091006585602,0.3940101132732208,0.029710110419435803,3.638423879369343e-11,0.050108076031735914
2025-04-20,0.0291275092881461,0.0001841688532069036,0.0006642429441241338,-0.565850324603528,0.6962339022205897,542030901.84233,-0.013250313879836726,0.04134231187049833,0.04020880539364554,0.4201654124719986,0.02942417107806695,3.6248978577550986e-11,0.050336278046646546
2025-04-21,0.01890336876767891,0.00014122573999049683,0.00021611161077636162,-0.20956631212818105,0.4719224137564002,875472857.71665,0.02620181690127013,0.04103640244539773,0.03998074740807907,0.4147201864902215,0.029631657549058124,3.7640258661246307e-11,0.05020169576957802
2025-04-22,0.06353311659953495,0.0040352333091475115,1.2235957025925992e-06,0.999393727850223,0.5372916972778219,1281836908.721,0.11412869162422992,0.042470474259499805,0.04039249735746083,0.6419582817071161,0.02997129535686373,3.941823663599211e-11,0.051567863639752735
2025-04-23,0.02125213260281504,2.530509920942018e-06,0.00044912263024669195,-0.9887944544346452,0.994056137065151,1345210875.54056,0.0,0.04015529694539108,0.04046217332520596,0.6843808814455609,0.029624691587998114,3.737856006557315e-11,0.049480083709510424
2025-04-24,0.03300797166796203,0.0010827307449644277,6.795448668556229e-06,0.9875258645303476,0.7059604504641073,1114691859.4814,0.021550289708294944,0.039974746847884546,0.040635592293759785,0.8049039478723133,0.029657701793328328,3.779059882126002e-11,0.04935255752037548
2025-04-25,0.01296576573205221,0.00013058253861274633,3.7528542405713054e-05,0.5535268445321311,0.7303886867818159,1140576434.4403899,-0.005000147783975399,0.03827886075748231,0.04001082084955746,0.741521897990694,0.03015512754891205,3.602397271059625e-11,0.04828355194085406
2025-04-26,0.026304651245197833,4.057049238787761e-05,0.0006513641847436103,-0.8827331719922803,0.8520719455372427,934458968.66721,0.0015962573913724225,0.038591693162315886,0.040227170108183274,0.7848484637373371,0.02998674078451663,3.4685291685499755e-11,0.04843246985500581
2025-04-27,0.02134629254561697,0.00017156925134942808,0.00028409495409363454,-0.24694874295599475,0.5966873030795959,743500486.43807,-0.014346494713361004,0.036440690077008175,0.04020355119833419,0.5836451083972213,0.029499568200781853,3.0537610495920215e-11,0.04644038279635485
2025-04-28,0.040725211844478935,0.0005078117121801829,0.0011507311675975043,-0.387641141664965,0.6938205708324825,968531275.31942,-0.0013958294887938497,0.0333102533928074,0.03984686012770059,0.6779959962586889,0.024813038746397485,3.0559024984966446e-11,0.04118180969193526
2025-04-29,0.02293492922066511,6.179279162317516e-06,0.0005198316991946009,-0.9765051323391785,0.9050929293921023,786698896.67399,-0.02512154739257177,0.030962035956171804,0.039467346259212395,0.639161974413685,0.023226579328657567,3.028317851477299e-11,0.03837228714021
2025-04-30,0.04419485909287591,0.000418937759001982,0.0015342478112371745,-0.5710210382614228,0.6659094742191999,792971126.88244,-0.013671580946784447,0.027770557679047563,0.039202742726862284,0.7915929270317003,0.014679931858618525,2.7962593290222845e-11,0.031248077531254487
2025-05-01,0.02496978627577777,0.0006234626285592611,2.759809875871405e-08,0.999911472232992,0.8414705115428637,746395506.10222,0.04763615343940834,0.026481079519605516,0.039206156024832454,0.8110651066151282,0.013589518173958324,2.9034670416426024e-11,0.029616355766787894
2025-05-02,0.022501064932191336,0.0001516882327167156,0.0003546096903659751,-0.4007945685689046,0.5731540939369346,696936609.1645,0.0046962709590088695,0.027060901548078203,0.03849066422643309,0.8405316922016789,0.013117269613670756,2.635706041878561e-11,0.02993595981173415
2025-05-03,0.015479597127946053,5.554370458757527e-06,0.00023406355678475812,-0.9536397754320542,0.5040864900141431,482091961.82518,-0.03294600176763047,0.025661856925355265,0.038417662757316604,0.7116360712849881,0.012683624653430146,2.6448941550744328e-11,0.02849113112213084
2025-05-04,0.014904788975269466,1.3041840871909715e-08,0.0002221396925564423,-0.9998825867175817,0.435829397786087,565704213.24759,-0.029775288219225992,0.02523541731282497,0.03704606383016754,0.6724627559313583,0.012895998834860978,2.7091389474133378e-11,0.028199533722061756
2025-05-05,0.028957945901522664,0.0004696048619115756,0.0003689577689239377,0.12002334624350815,0.41076632841085986,641218967.70899,0.0006453694964236529,0.02480951930394878,0.03614094346352135,0.5922846672971516,0.01260108410562115,2.5650725904077292e-11,0.027690039143114874
2025-05-06,0.03451028884697229,0.0006123830641848458,0.0005785769721166141,0.028385580571802287,0.4801491275857777,810695112.34485,0.009398510558317976,0.02533883193460586,0.036061233831725006,0.6483145054673344,0.01277099464902841,2.3868019173566963e-11,0.028238061587429326
2025-05-07,0.02167089686556658,0.0002224343187756427,0.00024719345218238056,-0.05272076086179946,0.4642170248077064,686530208.04984,-0.0009882859857379802,0.02541254600510265,0.035922306937677194,0.6426120284693005,0.012743821627824295,2.346206975495909e-11,0.028292559325837463
2025-05-08,0.052661776170317455,0.002773262669412615,0,1.0,0.4888083315364346,1456789249.54687,0.14153308633741693,0.027125681770304205,0.036078324375710714,0.8552208130681793,0.013879544136390417,2.7408257655874762e-11,0.030319481204146365
2025-05-09,0.06363258865785971,0.0038419698940664305,0.0002071364452339469,0.8976878215207671,0.9335339536050634,1836039926.42401,0.03536285555644171,0.029580117144876305,0.0363748869160915,1.1422212453956875,0.015545081945120097,2.6910596565795063e-11,0.03324343214044706
2025-05-10,0.1006787178082392,0.010080269818207846,5.593440130321493e-05,0.9889634423119559,0.433791794305114,2606837661.28654,0.19970447755361398,0.034012536198508886,0.03768626381306368,1.5192532537844323,0.021204023515200555,3.034957112902852e-11,0.03981272664219917
2025-05-11,0.05617670925982369,0.0006067882033358883,0.0025490344599268726,-0.6154484785222131,0.495817119762105,2837035071.52474,-0.07824848458898331,0.03530059334001734,0.03751067449787055,1.6339522699475935,0.02170801514308125,3.0498875787281376e-11,0.04116952648000686
2025-05-12,0.05572934984448291,0.0008170031193815998,0.0022887573147071676,-0.47387885400677454,0.5642867590604767,3321332363.5646,-0.0035881844693397176,0.03705421148653182,0.036965301289485386,1.8069141568213256,0.02180440877323719,2.912514174256908e-11,0.04272946524671215
2025-05-13,0.04582644621173342,0.0021000631723968968,0,1.0,0.30519722047888015,2032276251.72993,0.04148353399170145,0.03621103670616031,0.03675037347391505,1.754656969060285,0.021058887324813393,2.585738377890396e-11,0.041636498110612846
2025-05-14,0.022298971176925555,3.3413423464345736e-05,0.0004638306920850109,-0.8656055550202721,0.7364698606548402,1759983181.35371,-0.03388865779447247,0.036260886162070335,0.036334346528557174,1.5300233755376171,0.021022915209560043,2.6774293455290395e-11,0.04166256081595043
2025-05-15,0.04372953548086063,0.0001788192372345706,0.0017334530361372779,-0.8129772211576709,0.7029857841783187,1956351910.45786,-0.059405878796166704,0.03677143681982741,0.036444331076363704,1.221400814489597,0.021070102807830872,2.7299659339429156e-11,0.042130124121491
2025-05-16,0.029398554292945613,9.826649639928208e-05,0.0007660084981159889,-0.7726036342069693,0.7951151698215742,1308648302.40444,0.007904461271358822,0.03755395056082234,0.036474071706513365,1.0699925121234604,0.020437435241017092,2.7378530504641225e-11,0.04252173586578639
2025-05-17,0.009644283326697235,2.1746452402274926e-07,9.279473636158753e-05,-0.9953239570303213,0.5813617174044058,1057755666.4602,-0.02980908245032559,0.036760599707560404,0.03626011617932601,0.8259080810663052,0.021204905632351483,2.863916044494088e-11,0.04218504359513256
2025-05-18,0.10385663807671326,0.006936006808091683,0.0038501944645057237,0.2860888894615323,0.36424084587490363,1727435456.6499898,0.08255702664024958,0.04068966378046975,0.037163543432132934,1.1091411726779359,0.025429362480035907,2.9996102956153824e-11,0.047660342420658225
2025-05-19,0.024645933696942828,0.0005376990464863612,6.972300130774067e-05,0.7704297973346708,0.5653810684983634,1543290256.84113,-0.037613215039524216,0.03992398386868232,0.037258981768661256,1.1194946548613507,0.025669181866467577,3.108805115868876e-11,0.04713231234198885
2025-05-20,0.025093521759594683,0.00034642793989009756,0.00028325689440915423,0.10032168799371446,0.4119654735743375,1412231596.97681,0.007990454020034385,0.04002677398958373,0.03723904431480316,1.0200137970338254,0.02560198302907753,2.983686885502748e-11,0.0471846555247123
2025-05-21,0.03174381744901988,0.0008340390702758064,0.00017363087596089266,0.65538145379974,0.5473132793380832,1992414550.1447701,0.03394871272773511,0.0394338672446382,0.0371732237962144,1.0236137569321893,0.025644768306104678,2.982725093713788e-11,0.04670510853709513
2025-05-22,0.0274594973901547,0.0006745789310111983,7.944506590871449e-05,0.7892770887047708,0.8679363036217533,1699741660.7297199,0.04793909855547322,0.039552424916751386,0.03728537757220497,1.1114428406970165,0.025580230208366066,2.8131163240557205e-11,0.04677160524595913
2025-05-23,0.058245975170606167,0,0.00339259362357487,-1.0,0.35700044158207045,2433790643.19263,-0.08689287778195454,0.04125456349953305,0.03783744446456512,0.8683927380916895,0.02557813588123218,2.9510412965573844e-11,0.04821852040127549
2025-05-24,0.016347398264369473,5.687044173733334e-05,0.00021036698827657673,-0.5743826623809909,0.3229238359671448,749384834.79003,-0.00017775407770218813,0.04129588736317226,0.03790295384840916,0.8304543774726673,0.02553507668959995,2.6267438579992028e-11,0.04823215653592382
2025-05-25,0.02706583062730665,0.00052525490642355,0.0002073042811225007,0.4340272167852131,0.6522140253477473,918359280.51358,-0.0010226995711183659,0.041874984584697836,0.038082648673068445,0.8561527674689329,0.025039733271372374,2.3814085894437472e-11,0.048483461028513815
2025-05-26,0.02521082463476457,0.00021390244567489857,0.00042168323308995354,-0.326912317815027,0.41025299241090163,893264704.44284,0.004793404943877373,0.041696550238661735,0.037761013705351336,0.8208931622248923,0.025149493602646372,2.4021690236203674e-11,0.04838367931603792
2025-05-27,0.01817905291739815,0.0002607550116503518,6.97229533232105e-05,0.5780477931181389,0.7387474458798595,1122440540.5987701,0.00022137117394984432,0.04091887233725345,0.03756201051447593,0.7808238871610355,0.025630714441439058,2.3479027018911168e-11,0.04795836827319394
2025-05-28,0.03129301755520868,0.0003047439668464105,0.0006745089808641878,-0.3775990819146915,0.5704957568593131,841573994.6693699,-0.022519138500199022,0.04137706856056974,0.036974008739897014,0.6370865776076449,0.025353928844202747,2.468468515264445e-11,0.04821071408916219
2025-05-29,0.030569119163261098,5.362668565367468e-06,0.0009291083778522894,-0.9885225581125804,0.6044662391939348,1191512296.02622,-0.027916049966332148,0.04032503727451943,0.037080392828626615,0.7101648631791713,0.025320603403860466,2.117396919744016e-11,0.047293883823704294
2025-05-30,0.04390694452532679,1.2389874918699104e-05,0.0019154299026314253,-0.9871462311332398,0.6242991006658968,1620690641.81087,-0.10439354012142077,0.03938572088725596,0.037062520928311374,0.7939553816800254,0.024772685181460575,2.3324093028502997e-11,0.04621361056369009
2025-05-31,0.03602566030097341,0.000975742650233309,0.0003221055498878223,0.5036313956320015,0.5943197268365187,1224802713.0894,-0.005545636021857558,0.03630700386310045,0.03706238320697487,0.8505375096284892,0.020407264256597005,1.9891704146979044e-11,0.04141042990806764
2025-06-01,0.01588877877016246,0.00024034071264297812,1.2112578164187162e-05,0.9040410356667582,0.6285302689545195,798059751.7035301,0.005752056279141461,0.034388530982640386,0.037010478731052024,0.8589034297014464,0.0203395379865309,1.892153620659711e-11,0.03970601995627786
2025-06-02,0.03389769383120723,0.0008877040403835823,0.0002613496066906823,0.5451046043739837,0.5498750257886088,871987281.75185,0.007516122899353621,0.033348928315341544,0.0371465140824237,0.8742426672757478,0.01974341692020782,1.92805451501727e-11,0.038514821914439355
2025-06-03,0.023912343726197674,0.00014117075149834606,0.00043062943098147926,-0.5062234821748174,0.7394256048718532,907795921.85841,-0.010103178722135425,0.032305399625554135,0.036995636863738086,0.8474364179097821,0.019629751545678895,1.883849754416401e-11,0.037558182583954845
2025-06-04,0.022104537226891513,0,0.0004886105660150327,-1.0,0.7033698257050417,717706357.8667,-0.02630003820416731,0.0322961408660287,0.03623744132449671,0.7263824369960931,0.01963475247878541,1.966656721469263e-11,0.037552709058113136
2025-06-05,0.0868986605206037,2.270945396199414e-05,0.007528667746313134,-0.9939853477426167,0.9490350975867661,1603370012.60237,-0.0950708467446389,0.03435181348696884,0.037032665718226936,0.9973606583060328,0.022882789547888426,2.10441267120161e-11,0.040972365853661735
2025-06-06,0.03272807014603264,0.0008106907451941615,0.0002604358302894714,0.5137160513977912,0.5225734142662243,1099707761.33271,0.04422284987967761,0.03451036186092537,0.03678105772641,1.1270921367972058,0.022858275335563408,2.267141728282871e-11,0.041092393930391956
2025-06-07,0.02638707182374193,0.000356044108308624,0.00034023345112269124,0.022707405935710596,0.4886462970321447,833478789.02202,0.03475550517779018,0.035307637503641784,0.03688664345783936,1.1085998826737085,0.0222309833208368,2.3315126015112206e-11,0.041440460431395106
2025-06-08,0.015804702113717643,0.00014011666666492948,0.00010967194223842147,0.12188195674802682,0.4773042291551582,640663354.21698,-0.00503915888470172,0.031114688172070564,0.03608168067651617,1.112876339535668,0.016119140937784944,2.1413881368536142e-11,0.03486513766500342
2025-06-09,0.053736392064554314,0.002747085518845,0.0001405143132704959,0.9026774335503731,0.6694350349062655,1105281890.09449,0.05665128688433889,0.032499948094337774,0.0352447284519425,1.303164580372814,0.016772198645207768,2.2694022495133e-11,0.03638897798635096
2025-06-10,0.04105908906430234,0.0011157515403504951,0.0005700972544398172,0.32366739389492344,0.23401072303842452,1209629038.45813,0.018159658724735003,0.03326021320408576,0.03474967438328043,1.0103907194527928,0.016781535429153723,2.3139477315862425e-11,0.03707359222977025
2025-06-11,0.05514236870989718,0.0009774621204600097,0.002063218706478238,-0.35707680214220605,0.547606117219663,1463602331.13342,-0.028323553780426114,0.034374429930794204,0.033859618284826656,1.1380273222753317,0.01743969157338763,2.3249618545077207e-11,0.038357023903809975
2025-06-12,0.025999194320712894,0,0.0006759581053261897,-1.0,0.5799403284946638,1140090488.91953,-0.06319806614956909,0.034304891689392214,0.03344613204191637,1.134531882766232,0.017471524799045395,2.4546225421535923e-11,0.038308535071811665
2025-06-13,0.02710315135455549,0.0006790331599497793,5.55476533981638e-05,0.8487636693231927,0.6407664331570877,1442182734.23922,-0.003929713096386292,0.032821900079104085,0.033712455042238444,1.207815725327538,0.0166396944311325,2.2975851380139042e-11,0.036619282089713205
2025-06-14,0.017367695575389207,0.00020041684693527254,0.00010122000266412137,0.3288618230925539,0.4886417746615935,610087681.45109,-0.011939441092398473,0.032870485665343126,0.03327607665129021,0.9944420790774978,0.01659060316909122,2.389646286858114e-11,0.036641641452933006
2025-06-15,0.02408429202456266,0.00021031452855794477,0.0003697385937664679,-0.2748439049335214,0.30137585755188084,704942969.26563,-0.015554172351404365,0.03272850763664102,0.03327963651138794,0.891406560034444,0.016655392724121768,2.4894121189150336e-11,0.036542409537184545
2025-06-16,0.04620327820045377,0.00037529809546999734,0.0017594448209985291,-0.6483903587877013,0.7865746543241762,957841109.05005,-0.016205388542495414,0.03372814828262623,0.03341140594174558,0.8260766501363329,0.01681087610757101,2.544424006800956e-11,0.037506481235567365
2025-06-17,0.030818940682969417,0.00021870841719449485,0.0007310986876258927,-0.539467717003752,0.4461451109102094,1079037114.41343,-0.019540784407367676,0.03433004770003438,0.03352925065729789,0.8466078335802669,0.016448696439506656,2.6297203949390965e-11,0.0378975988484257
2025-06-18,0.027262257191985176,0.00047272600077171166,0.0002705046664302358,0.2720842172764235,0.6226010134959828,839013147.4994,0.007650696451775681,0.034138106730357075,0.03364257376534315,0.8395324885923782,0.016509313634571872,2.545721949711469e-11,0.037749024388207694
2025-06-19,0.014477729645012956,0.00012606491669268986,8.353973898139713e-05,0.2028827917706889,0.37616097384342867,537367416.07693,0.0015815836703372914,0.033371850086630975,0.033607523043818206,0.8287125379196191,0.017047890418541396,2.4481701224693673e-11,0.03728902512916145
2025-06-20,0.035418204184454405,5.5452739393478034e-05,0.0011989964482582256,-0.9115902980537871,0.6457002227509693,974168458.77272,-0.051465831421820464,0.03296762435611324,0.03397782079608184,0.8873803677190334,0.01688546614317752,2.3930154992961253e-11,0.036856561544691
2025-06-21,0.03240542986236031,7.964179339459843e-06,0.0010421477052248935,-0.9848317508705012,0.3501078303048898,681122618.98913,-0.04971497696076938,0.03279523243046499,0.03437159083069145,0.8202126897814334,0.016871158403856022,2.7190249358451258e-11,0.036696173662796636
2025-06-22,0.0687084210294702,0.0008397084198509937,0.003881138700511948,-0.6442551946963128,0.8178559360602681,1440132196.48589,-0.021075457726645205,0.035310453490432034,0.03499985927102992,1.0180659312800473,0.018116008916355248,2.754390841334848e-11,0.03948911014495521
2025-06-23,0.05355244346091593,0.0027500386908493376,0.0001178255097852593,0.9178304818204522,0.5886328202796136,1310774071.03707,0.07955924587414046,0.03624639394898959,0.03554984458362098,1.1568914969776267,0.01854207945996955,3.002375845729707e-11,0.040512194974334774
2025-06-24,0.012888304973188441,0.0001661084050819139,0,1.0,0.9428481183376916,850936539.32887,0.011720188811116378,0.03572143972265581,0.034745958684790086,1.147944492071673,0.01905762134155903,3.01496599655976e-11,0.04027305905406179
2025-06-25,0.02699307085264421,0.00037835369177708007,0.00035027218227879037,0.03854036824409619,0.4722634058907059,748493412.11101,-0.006785026332734024,0.03595422703816785,0.034837084688755626,1.0999379496407526,0.018912277791024053,2.8836343057933297e-11,0.04041470754508617
2025-06-26,0.024581914919218233,3.07663325877719e-05,0.0005735042085079121,-0.8981703376372268,0.681417557234969,857475744.36937,-0.028174350702647406,0.0329867629619114,0.03470333775623589,1.0540982460387538,0.015004260230115288,2.757743473109028e-11,0.03609063567099888
2025-06-27,0.01990585766703105,0.00016003916792736047,0.00023620400153273838,-0.19221740455275557,0.39419099392933654,655030809.81389,0.006419267314394311,0.03237618141529227,0.03481349794567999,0.7862983406450965,0.01527378580459756,2.6129181056021528e-11,0.03564262445567157
2025-06-28,0.011679202981767195,9.312890433727547e-05,4.327487795204426e-05,0.36548859238732945,0.41282223989721845,385738013.47805,0.015960899604846316,0.031675806708531574,0.03458134797324459,0.5505206526141533,0.015887046798170906,2.6113859006439254e-11,0.0352666417742554
2025-06-29,0.034214022394068254,0.0011124230646482496,5.8176263733554486e-05,0.9006043104193893,0.8699880778193928,540449346.74451,0.034903678223018764,0.032552441007595884,0.034785597653378734,0.6759758945714596,0.015469934478807615,2.8814676490310607e-11,0.03588292283987789
2025-06-30,0.024270546805568286,0.0002495810015040196,0.0003394784407372614,-0.15261182961637254,0.42209333107167357,794862391.94613,-0.025594891163252847,0.031149305519072742,0.03452441249403095,0.6605181069840979,0.014773054646178911,2.7907312096607926e-11,0.03432389615490796
2025-07-01,0.022132769843061083,0,0.0004898595009259141,-1.0,0.4389634364712107,724512364.95204,-0.045859699322281566,0.03024805222282316,0.03451167980549755,0.646522671682955,0.014715467321290273,3.0206585739608337e-11,0.03348399582063804
2025-07-02,0.044763485698412396,0.0018296949828926524,0.00017407466897931875,0.8262528142227388,0.47278147598142123,1163422759.3141499,0.06725377372900003,0.02975381969846674,0.03452070562463305,0.778803993073985,0.013994178796474847,3.2037770350774106e-11,0.032738375853030674
2025-07-03,0.04374913478051178,0.0013362273469505598,0.000577759447092826,0.3962764540581992,0.6121650017298818,1064051393.25271,0.019260724599802444,0.03059905495845717,0.03481879052153359,0.9480829059978508,0.014288998496628824,3.026009465261001e-11,0.03362670070905074
2025-07-04,0.034133433789470896,3.143836507801383e-05,0.00113365293718218,-0.9460327872725072,0.5399037735149527,986401407.24932,-0.05474271025785675,0.030933830312500753,0.03500343129704596,0.9453456272523644,0.014285353490823015,3.277307368125548e-11,0.03393015620429834
2025-07-05,0.008836158143737925,2.982630728682317e-05,4.825138345432287e-05,-0.23598387698971607,0.5693422721720682,409436227.00219,0.008136343175404216,0.030527566625279265,0.03489797988459822,0.869436864476609,0.014802411183441342,3.278745574817501e-11,0.033772915565830855
2025-07-06,0.03350307283475532,0.0011039609429390168,1.8494946431903466e-05,0.9670455710428514,0.69936906178433,960175044.26406,0.04607683670522872,0.0309760799971932,0.035193190739510695,0.9286087309082487,0.014739981237022113,3.4021908803954116e-11,0.03415316279657611
2025-07-07,0.022389867454005813,0,0.0005013061646079488,-1.0,0.4024955857572014,1065300255.2307199,-0.02390458246487109,0.029842108056886158,0.03508893552605804,0.8142414088006474,0.014422539094211545,3.428479597192691e-11,0.0329947848385147
2025-07-08,0.019029006559259466,0.0002633151554290313,9.878793520330847e-05,0.4543656888937604,0.4594829524207488,743610544.7460301,0.01783441624121299,0.029280682622423775,0.03484320088657054,0.6876961175099573,0.014610856360275594,3.4564514040832785e-11,0.03256792779871562
2025-07-09,0.032527101738462405,0.0010555789736375006,2.4333738667834074e-06,0.9954001030847636,0.47957826908876394,1240962824.44405,0.055058731927104296,0.02953138950558936,0.03501552159883872,0.7015681893445974,0.014619657545073102,3.6243041091273015e-11,0.03279724874019579
2025-07-10,0.0573623115847557,0.0032553777180561374,3.505707229046061e-05,0.9786915258777895,0.7257376782296112,1222214774.60956,0.07715798360494625,0.03157351245510092,0.035090133272083775,0.9937422778830378,0.01538677954336709,3.9109061888997567e-11,0.03496234720117403
2025-07-11,0.07494643688383093,0.0028631567183602874,0.0027538116832217644,0.01946691298952747,0.4752855348082917,2667991447.90587,0.030403311353039718,0.033455809250309325,0.0352697181645595,1.2317345937700241,0.018065277118826432,3.7135969279408066e-11,0.037816725558971934
2025-07-12,0.045626181437219936,0.0004941208030317399,0.0015876276295103732,-0.5252828869160261,0.6687058848845666,1347742933.7223,-0.018627374287651533,0.03408536884911216,0.034395868380892536,1.3706363658107414,0.01825619916473831,3.431841699143139e-11,0.03846076288773149
2025-07-13,0.01671317656709129,8.656038623866964e-05,0.00019276988472409972,-0.3802291034171025,0.6684232917332207,1144019262.29556,0.005660297115791349,0.03160940482709412,0.03376946310005551,1.360587627760363,0.016792967466541853,3.385714736315605e-11,0.035605188941415754
2025-07-14,0.03671157398159775,0.00022926533362726788,0.0011184743305790571,-0.6597780124512685,0.7234222688277075,1808729972.27205,-0.00545731521174692,0.030807458661412303,0.033467593641914484,1.3905195697332435,0.016079653045909834,3.111051996960573e-11,0.034573726973915524
2025-07-15,0.03841664816348696,0.0014589521362746724,1.6886719842473207e-05,0.9771157673854701,0.9475045072166818,1743348942.24907,0.009028382007965748,0.03202309405142652,0.03334997779987882,1.2709118609872154,0.015615497718744811,3.070125692062508e-11,0.035464217368818635
2025-07-16,0.03734922304121324,0.001394964461782294,0,1.0,0.5111184594107216,1942519353.20507,0.06582441257853837,0.032516244155644095,0.033588870686613544,1.0317092010360327,0.01561223039669054,3.188321847533943e-11,0.035908788931432525
2025-07-17,0.043080892646700966,0.0016488685776565274,0.000207094733580046,0.7768331600886389,0.5446213698997632,2565669901.30882,0.02575727700938452,0.03339714785695279,0.03357857476861101,1.0480126753688255,0.01566396686434184,3.079664163630893e-11,0.03672935529175441
2025-07-18,0.022964742613401683,0.00020548737244164487,0.00032189203085814227,-0.2207227997304391,0.3323457323795379,4771430269.2725,0.07708150987845303,0.0335428090448752,0.03347645077369762,1.0869704553845876,0.015546015190244043,3.109925375851365e-11,0.036814265206733685
2025-07-19,0.04122514951293415,0.00031455666794834655,0.0013849562844154282,-0.629827277855289,0.7296267079114046,3456279119.22569,0.023432841304612373,0.03494975887969268,0.03397773436395534,1.105404417144742,0.01478682384134406,2.9451740605098194e-11,0.03781168989499501
2025-07-20,0.07693985555764855,0.005694494583634326,0.00022524678959749746,0.9238997870359574,0.9441322922319864,4367398587.0986,0.12607179432706545,0.036984322363672696,0.033550483847779713,1.3082974172132436,0.017390660822937956,2.7750972244937624e-11,0.04069242575588978
2025-07-21,0.06551789405276204,0.001794456734539097,0.0024981377065698544,-0.16392906007886643,0.5635711379444812,5029651536.26965,-0.00873111676659754,0.0389484817563962,0.034199245123268905,1.4475229066759903,0.01819369387596074,2.6300282886910717e-11,0.04280458297155214
2025-07-22,0.049912933132530105,0.0018177486336461005,0.000673552260246321,0.4592766679467935,0.7264555285137443,3443134752.89785,-0.0012166572924106383,0.04027134667494235,0.03459320403395042,1.493134103089703,0.017917744780557104,2.3302950790140308e-11,0.04390374763464842
2025-07-23,0.045739464919484635,0,0.0020920986511207655,-1.0,0.43752910087420616,3523069642.44381,-0.1187795479461224,0.040317821875945785,0.03481535716840225,1.6028308303123937,0.017931239786645074,2.215571104465233e-11,0.0439516233965057
2025-07-24,0.05594515852398943,0.0006193411330851553,0.002510519629189152,-0.6042372615738265,0.569031610185677,3208000847.24759,-0.036552292508641095,0.04089858491134949,0.03526751051973295,1.6643117294949659,0.018242729988157468,2.1836320220286715e-11,0.044605425225864796
2025-07-25,0.056943725668523494,0.0023631744078324137,0.0008794134851796475,0.4575854137524984,0.5200588915557749,2285253738.9924603,0.019373339012368145,0.041984789286542465,0.03524683989271577,1.5282629615039807,0.018497089746489323,1.9597279610588153e-11,0.04570090117999467
2025-07-26,0.017573330634204132,7.720544559721928e-05,0.00023161650398183806,-0.500000270690248,0.7460947971624381,1150215357.09199,-0.005296734771652214,0.042400845119421805,0.035266299136681396,1.2612600263782003,0.017799296330345746,1.8870276244103797e-11,0.0458209579833624
2025-07-27,0.01612190761235094,0.00016676598768455592,9.314991737662323e-05,0.2832303405619017,0.562963710511591,1642833640.99367,0.021935495863191268,0.0415731705850216,0.035092586072951945,1.0803937076535448,0.018618975876974492,1.722095610534011e-11,0.04537055055789917
2025-07-28,0.04479138888848848,0,0.002006268518559809,-1.0,0.7772581584407806,2144906206.13098,-0.062293789154470744,0.042639909700949344,0.03540338868015391,1.0679574596948587,0.018099428837685783,1.753540241263322e-11,0.046153566838594305
2025-07-29,0.03767849144315668,0.0005696244168826766,0.0008500443005493546,-0.1975248733901214,0.34360615350922014,1851927304.35159,-0.010047208195690348,0.04352798040970636,0.035712903577388176,0.9688277848737141,0.017323921824622644,1.6651675143411818e-11,0.04669595271399262
2025-07-30,0.04397904306614206,0.0007446078051416958,0.0011895484238718824,-0.23004378449671914,0.37049697747752686,2007080013.80157,-0.017715534639578406,0.04407331094911967,0.0359142690616887,0.8929568402925302,0.017139580479626368,1.4959235547892837e-11,0.04714056784853321
2025-07-31,0.03410486136500054,5.017796877767114e-06,0.001158123771848139,-0.9913719928636657,0.3863650769760792,1592669796.75721,-0.04754929158144184,0.042965813319607526,0.03597039195377981,0.9768673947810054,0.01698870103713362,1.3374732721396947e-11,0.04605359334364833
2025-08-01,0.04184134981905699,0.00015751989930863403,0.0015931786553720663,-0.8200490896762483,0.7596896216802101,2453445425.90048,-0.04297650535185606,0.04138938060223733,0.035937604736219965,1.1149931589671198,0.01532748422088457,1.3666219218359157e-11,0.044009378226855765
2025-08-02,0.03127894707596,0,0.0009783725301807066,-1.0,0.7010290221726018,1632623784.3411798,-0.05065149207991813,0.04070617896598686,0.03586226008185467,1.037046061159511,0.01544846882641123,1.4485430294169737e-11,0.043408336322395366
2025-08-03,0.009949267763378351,9.81677081961557e-05,8.202208312439678e-07,0.9834278615725573,0.5860526198405457,991798934.28483,0.03963557821732287,0.04038408807057196,0.03576798212936604,0.8897491762998182,0.01603316657865912,1.615283939774933e-11,0.04330930537089966
2025-08-04,0.033621620470003145,0.0010253737627804252,0.00010503960024850954,0.8141571858863087,0.6798137688190249,1384354556.65519,0.05698781190837682,0.040236947427162696,0.03576360001252153,0.8534855287089931,0.016082657680476606,1.7969430368707965e-11,0.04318966381236603
2025-08-05,0.05849363523964681,0.0008449454496868988,0.0025765599138619527,-0.5060972525786106,0.607173074924342,1461738774.02372,-0.05171631841486491,0.04119299443078935,0.0363125094016239,0.9796179589939865,0.016558738144081233,1.9407584776348217e-11,0.04424926944361202
2025-08-06,0.03454247344072966,0.0011682615337497272,2.4920937653786793e-05,0.9582277845156864,0.517610011464491,1087778376.78099,0.02707006488493437,0.04105933968790918,0.03650993696057371,0.9352490104907462,0.016602583976647635,1.8978991424949326e-11,0.044140561619499856
2025-08-07,0.04898042428590311,0.002399081963227087,0,1.0,0.6741118784179282,1485200755.05707,0.07951020033897742,0.04134026976596643,0.03590806019494354,1.018178267854829,0.01668819259685154,2.1050219219001083e-11,0.04443255532868656
2025-08-08,0.03796151098417325,0.0013124838435809875,0.0001285924726205182,0.8215327374757337,0.852679217390557,1913652040.3022602,0.03602679171488418,0.04205440159314603,0.035991130684437836,1.1803732668520457,0.01617553984595986,2.11774285536756e-11,0.04491949854842145
2025-08-09,0.03226302944966325,0.000881284751171764,0.0001596183180980742,0.6933080076129632,0.5454403629720109,2124600920.63415,0.040667421727016685,0.04162763397108551,0.03608439985310325,1.1776357572283722,0.016316127532193896,2.1766067435438606e-11,0.044569036050336686
2025-08-10,0.045343470937336657,0.00014965757319263884,0.0019063727834524552,-0.854420852582312,0.8977596120588857,1693995397.33774,-0.025884443839702394,0.04012304422726113,0.0365532691995099,1.1096989236961172,0.014219063273781243,2.111909361736107e-11,0.042454831710550076
2025-08-11,0.0467393831790146,0.00019025573544638377,0.0019943142045083686,-0.8258185906830482,0.2844946320824048,2370698807.4046297,-0.051793214455790715,0.03922882942374935,0.0364422055664061,1.1664454471428778,0.013087629137336958,2.207677487673815e-11,0.0412556737488136
2025-08-12,0.04769929204173397,0.0019960738442758147,0.000279148617006811,0.7546186170740906,0.5606535734445331,1912067626.33734,0.06001494813200653,0.03912341794323525,0.03654760561366692,1.1484904366581752,0.013005933358370346,2.3554589333847095e-11,0.041130781262901546
2025-08-13,0.03813351357315676,0.000967440563181905,0.0004867242942522257,0.330578934343044,0.5390711529198725,2874211423.24003,0.03771518798447968,0.0387612297838863,0.03627762378609961,1.1386551711609498,0.012918086348215722,2.2573976805927396e-11,0.040759825411761624
2025-08-14,0.06988727659455125,2.049591576178332e-06,0.004882181838227133,-0.999160731179251,0.6185265598000316,3510880360.97673,-0.09014338890874697,0.03942514016819877,0.03697426001266847,1.315288688152659,0.014145363487990607,2.3254040342137055e-11,0.041772057980853816
2025-08-15,0.04566821395760932,0.0010010963962833036,0.0010844893697946787,-0.0399853963657407,0.5100640198081087,2265985555.26409,0.02236853938560975,0.03888821103910761,0.03726894354605028,1.3173241278080592,0.01365255863542141,2.3320416322091572e-11,0.04110729240144624
2025-08-16,0.027391196134376572,0.00010822708212294178,0.0006420505435489442,-0.7115012405547275,0.8557506202773637,1375834638.88035,0.009961584866197864,0.03935572844387773,0.03742804672952627,1.2164482426165488,0.013040541299956918,2.344591156217469e-11,0.04136219514773802
2025-08-17,0.05099812852605318,0.0010321432591418225,0.0015686658540180164,-0.20629064707649714,0.5994769575501442,1674226863.27491,0.01473679222818313,0.041016500868339745,0.037855250483518184,1.221145513597795,0.01212214488280987,2.3229240885318654e-11,0.042688432772674124
2025-08-18,0.015123013945956124,6.729578459454963e-05,0.00016140976621503378,-0.41150720342088215,0.5854361421890925,1730803901.16665,-0.05222307366565753,0.039603721109171534,0.03736191295566901,1.0997581152053,0.013328983338997458,2.3283053435381553e-11,0.04168520645240904
2025-08-19,0.034383824455241595,0.0001758089119434645,0.0010064384722254056,-0.7025852384235814,0.6154885350314535,1841798602.97408,-0.0611499698715961,0.0394468322049851,0.03741849841237174,0.9134137090912227,0.013372097539546383,2.4605717894924177e-11,0.04154937615904152
2025-08-20,0.029962050815798214,0.0008977244890884744,0,1.0,0.9033316604430781,1704489222.43559,0.05700977336912151,0.03877935638354016,0.037461352279416396,0.8316483656704602,0.013483923745403338,2.577811388212647e-11,0.04095115098294726
2025-08-21,0.020295868123522586,0,0.00041192226288742017,-1.0,0.7358359112066024,1272975396.37115,-0.03186516020255902,0.03812178527680311,0.03755370368383719,0.8115161791949539,0.014048188550571515,2.5548444684434515e-11,0.04051202807723987
2025-08-22,0.09539432610621752,0.008322723199596361,0.0007773542536630136,0.829154365409365,0.7479584950811528,2609675142.08107,0.11371129487524623,0.04067192700476314,0.03850570561910327,1.0311359874476493,0.01881059957076698,2.67892147968506e-11,0.044622806306561597
2025-08-23,0.025568210498119987,0.0006128690609681406,4.086432710803252e-05,0.8749816734057615,0.911546311550552,1562569728.87843,-0.01787110234911791,0.04039998716772314,0.03839717832760739,1.0802926824643826,0.01899357039609795,2.5856471933791605e-11,0.04444925011635214
2025-08-24,0.028253422431446806,0.00021109614270639778,0.0005871597363833838,-0.4711065756331115,0.44362114410269304,1937753682.27352,-0.01927368907440925,0.0412716135804883,0.03775503549271813,1.047504061754496,0.017915709120502252,2.442709517893382e-11,0.04482225239452525
2025-08-25,0.05440052370394002,0,0.0029594169792629397,-1.0,0.6915667781856653,2171082693.51027,-0.10074912636789962,0.042261085163056725,0.037768497083877244,1.1606928267695311,0.01804541273839592,2.4676590268877247e-11,0.045783509258415116
2025-08-26,0.03406152579321751,0.0011280511321480058,3.213640721401586e-05,0.9446013577568891,0.8422941273450509,1263341026.60572,0.04114075247400855,0.04109765137989342,0.03810457995403643,1.2245617109730085,0.017731399223309803,2.4542544588481745e-11,0.04459201631305349
2025-08-27,0.01640255085673757,7.965649493267325e-05,0.00018938717967518923,-0.4078545422130851,0.42435811081927644,1356626593.17273,0.0023332962661855756,0.04023384554256047,0.03793647646203792,0.8159265883038012,0.01849223976340573,2.343941514597162e-11,0.04409581963738068
2025-08-28,0.028308210053796294,0.0006031562070411314,0.00019819854940872215,0.5053413040517097,0.5717196303576042,1055690709.8292899,0.024643572330537475,0.03924945438865062,0.037995624003856615,0.8321207097941337,0.01855347302612269,2.2001727914886754e-11,0.04322451921711373
2025-08-29,0.03854652430407277,7.863432723046045e-05,0.0014072002086940128,-0.8941546648307849,0.8888398307506944,1653491742.49032,-0.047943442935217864,0.03927731216578869,0.038291507601269974,0.8797843714911605,0.018551881632251247,2.248596954957444e-11,0.04324916652777214
2025-08-30,0.007621120500772798,6.488996016700424e-06,5.159248167059899e-05,-0.7765554088814322,0.6995321116019374,671739249.94591,0.009542723410541703,0.03810388793012724,0.038227093593635145,0.6441061581278803,0.019757840389928904,2.2250959478439304e-11,0.04270467629167055
2025-08-31,0.021737262915790534,4.121261890525432e-06,0.00046838733717967693,-0.9825558226934485,0.6109438619390781,733921147.71547,-0.010571759886486804,0.03697978278624409,0.03802904979239264,0.5863711212397158,0.019995454645812837,2.2209263071355958e-11,0.04181248114136032
2025-09-01,0.039576224669219694,0.0012502246582190369,0.0003160529008495164,0.5964279778898585,0.7982139889449292,1715146273.6775699,-0.013908430046131888,0.03663868000006339,0.038271997060069646,0.7083151018568633,0.019881414018065615,2.1555069971330274e-11,0.04145890838973812
2025-09-02,0.02288145254468983,0.00037540043365793743,0.00014816043689695535,0.4340278457405405,0.5609727558460292,1376039994.8583,0.019650876788618092,0.03545687811925176,0.038283880912476455,0.6833499690035724,0.01992863124537404,2.0740464463230663e-11,0.040440433085803834
2025-09-03,0.01654973754026548,0.0002565137650284584,1.73800476232141e-05,0.8730891548447107,0.46300007786456215,1020883896.78195,0.024919684050735434,0.03442907926054265,0.03783604364012491,0.56613702212591,0.020336099273741238,2.1277987538142178e-11,0.03973946709610609
2025-09-04,0.01976694672918422,6.651898155426742e-05,0.00032421320144013937,-0.6595162392588498,0.6058031744771999,1021648034.02247,-0.03662667797623466,0.03204239688600136,0.03745537398851654,0.6333783392981751,0.018853662426333687,2.176251829689706e-11,0.03694927726590265
2025-09-05,0.026680962955683667,0.0005314650838328047,0.00018040870040975942,0.4931441376178367,0.44133467190321984,1448317443.82159,0.025532114474004455,0.031138242076385856,0.03733708080067864,0.6581242805057032,0.01862139415608886,2.213191693793939e-11,0.036053213923236765
2025-09-06,0.019167023043425352,0.0002106653061332305,0.000156709466213968,0.1468686583309262,0.5734343291654631,610169016.14119,-0.00899431814703581,0.03074661478634056,0.03750106278321337,0.5510266973583442,0.018789858072310605,2.2489074345437813e-11,0.03579945202078847
2025-09-07,0.03684404838326754,0.001320253360602532,3.723054066602745e-05,0.9451477242105991,0.6068093707320602,1048494252.04181,0.05783258562489144,0.030072610970017434,0.03755409414112626,0.6230926393083013,0.018273875220157745,2.4696484057580665e-11,0.03496276308471232
2025-09-08,0.027891348806668294,0.0007669005803030257,1.1026757952211176e-05,0.9716509308518648,0.5827072825353237,2061101342.2771099,0.05487936995422181,0.030680626915765633,0.037641419241962175,0.6913636183746054,0.01796133961246401,2.452760351337444e-11,0.03533480183852056
2025-09-09,0.025190477660737225,0.0004350183492589617,0.00019954181551713935,0.3710862213119037,0.40507346601648847,2598635207.47738,-0.004356220716730481,0.03024284849697971,0.037739220370557054,0.736322381937783,0.017978595372676414,2.30264189623847e-11,0.0349638081047661
2025-09-10,0.03171001598395503,0.0007280784546438594,0.00027744665905882383,0.44815568447182486,0.513501920174252,1668648600.5815601,0.019474852274104375,0.030326084933558605,0.03772625075540615,0.7684284464575847,0.017981276470531302,2.1989475892420674e-11,0.035037140868851936
2025-09-11,0.03255326623545428,0.0006972657360962225,0.0003624494065001453,0.3159493680308808,0.41971258485264684,2051274896.3901699,0.04258849727249191,0.030909770557936304,0.03733245638478231,0.8354649273188068,0.017837778295542624,2.17861393853977e-11,0.03547461797186709
2025-09-12,0.03466010780203778,0.0011909631994840189,1.0359873364861173e-05,0.9827525607407285,0.5021556008480899,2579063191.68348,0.07354122827746304,0.028017664924403933,0.036692990843801475,0.8243950204194304,0.01010911479976871,2.1069079220594655e-11,0.02970382735066286
2025-09-13,0.06086802567847425,0.002301712775665374,0.0014032037743300263,0.2425180133507901,0.5575139413397734,5199599965.86034,0.04916178126982355,0.029698608504420805,0.03693492487937694,0.9931652143150792,0.012364654094799777,2.097469450433128e-11,0.032056384630208296
2025-09-14,0.052532996994255406,0.0005556039877791359,0.0022041117854193115,-0.5973469491496195,0.6313679487983499,3428046007.8103,-0.040451942255149885,0.030854778721697406,0.03750349345758589,1.1322747618626092,0.013320928705616747,2.1062974663686824e-11,0.03348155682850287
2025-09-15,0.047735945987921025,0.0002515656217396023,0.0020271549176221113,-0.7792044988455955,0.8244506251370044,3144399263.91603,-0.03538701158432258,0.030537417878077452,0.03767848348943229,1.2152232525934403,0.012801170761101453,1.938911590133794e-11,0.03299394689142987
2025-09-16,0.016671794082259155,0.00014125420800311817,0.00013669450991813322,0.01640481783505406,0.49179759108247295,2510753391.27777,0.006170793901899049,0.029709335415650868,0.037333327075444546,1.1338704365134977,0.013120281079098566,1.795543517772308e-11,0.03235103026218693
2025-09-17,0.04661544264284026,0.002038040038314666,0.00013495945447326434,0.8757851026461925,0.5799960451870808,2986930859.0247602,0.045530725003618294,0.031148044548322422,0.03748040992626402,1.1948076265217091,0.013244081498605039,1.8599406073275186e-11,0.03372319263941974
2025-09-18,0.03414494818275229,0.000622725250013083,0.0005431522363897558,0.06825160838197435,0.5341258041909872,2743597464.53158,-0.014408237841851395,0.03142598445922509,0.03733856953794738,1.0729076482280435,0.01324274972163274,1.773788381857572e-11,0.03397958132513216
2025-09-19,0.024374080138824715,2.513444326787584e-06,0.0005915823382870618,-0.9915385888930934,0.503728371089454,2157461107.43198,-0.048766815063477374,0.030751106165641848,0.037360939974858856,0.9375362815828805,0.013222841970854736,1.7433527910550452e-11,0.03334888599149335
2025-09-20,0.019088738707885487,0.00024389454118453423,0.00012048540427339144,0.3386825714462725,0.5050962360960629,1007305434.3083401,0.008787138778344554,0.03129718322312341,0.037009568374778715,0.7903490347775958,0.012433067542605437,1.7172452529022076e-11,0.03356685624535059
2025-09-21,0.017009914426492235,0,0.0002893371887965887,-1.0,0.3808460082912274,1086500980.6833699,-0.025983357753905714,0.031072071390299678,0.03605829946793497,0.8030302875547701,0.012655617649252819,1.7625320227268802e-11,0.03343667731829472
2025-09-22,0.05194561725967663,0.00045678345164135495,0.0022415637008474593,-0.6614346295508775,0.7644485104746453,2998059385.17144,-0.07777798320785619,0.031661090085083346,0.03584286650296536,0.8349190848257639,0.013340524075860567,1.8474539081514008e-11,0.034233309304899526
2025-09-23,0.013182419530570116,2.0487426516316852e-05,0.0001532887581636396,-0.764209042176308,0.7660883890503137,1779491894.51128,-0.01723603579853149,0.031199231370125258,0.03525984247753742,0.730682480047208,0.013818992907534215,1.8255738399615635e-11,0.0339891608068194
2025-09-24,0.030745305130061455,0.0007734344363496421,0.00017183935119094123,0.6364241694715063,0.48073924758273806,2037888759.42627,0.0166966950258168,0.031875210779163166,0.03502183994119737,0.7628756144996696,0.01340763545100259,1.7483510955227264e-11,0.03445625527167075
2025-09-25,0.02961979509626399,0,0.0008773322615446644,-1.0,0.46123736890452327,2749740272.8394,-0.07835305406509584,0.03234439403473839,0.034603977029646175,0.8184297561850757,0.013132303335410603,1.713323131473831e-11,0.034790874660727555
2025-09-26,0.023692432558740276,0.0004419496328496203,0.00011938172770083596,0.5746479313617286,0.45508276692249156,1647851397.45979,0.04179634128711654,0.032202083063455365,0.03407617872631628,0.8655494370952592,0.013212691820738467,1.7501580538851603e-11,0.03468769627426955
2025-09-27,0.01235768860472061,1.730381232569093e-05,0.0001354086553255507,-0.7733804895981556,0.7347334209726714,755597254.85713,-0.0071276139242322355,0.03187782904256467,0.03399339075759432,0.643747895547404,0.013625681176794285,1.7248837038433114e-11,0.03454003848154547
2025-09-28,0.03158557217579397,0.0008496478423594457,0.0001480005273128445,0.7033012195239489,0.5394777825999687,971615632.4609,0.02804321580333702,0.031627425413637354,0.03423884575066485,0.7564319729005905,0.013578087289165852,1.599668021558539e-11,0.03429109553502971
2025-09-29,0.02037191442960027,0.00016610148408739483,0.0002489134134395609,-0.1995396547103163,0.4789465730867449,1556184352.64952,-0.01072248623603066,0.03126935710996745,0.0338512350449682,0.6998626809761243,0.013779196051712942,1.5056870979252172e-11,0.034038179860209176
2025-09-30,0.023688186122757852,0.0003980368547667925,0.0001630933070196252,0.4186970577364786,0.705542358170444,1280885448.76963,-0.00795726123756421,0.031197819417682716,0.03362916670654918,0.6706065507251495,0.013816183960016055,1.5272869239999118e-11,0.03398677715504836
2025-10-01,0.04354557020045089,0.0018962166840823965,0,1.0,0.808843423348871,1580050731.40182,0.06694628075273654,0.031761417237515854,0.03362228618487154,0.7849844674455462,0.014077060942998747,1.6734710702164314e-11,0.03460512831490028
2025-10-02,0.021771399595803882,0.00045371830328007573,2.0275537080093796e-05,0.9144480988837864,0.5505935027334943,2133161439.0582,0.05082920085332526,0.031247995016580123,0.03342651695043985,0.836242273758395,0.01424238511203133,1.6880717512737168e-11,0.034199757529959726
2025-10-03,0.025050067423638123,0.0003565183537645167,0.0002709875241642993,0.13630283413842378,0.5651603812728871,2045117626.76856,-0.014576900867045979,0.030790374046180135,0.033159988658449074,0.8008648930877774,0.014281604794930009,1.5862286705934526e-11,0.03379791098246325
2025-10-04,0.021248937890877947,8.46600487994576e-05,0.00036685731269093093,-0.6249975924734856,0.7051786898496724,1326830832.94195,-0.029167587903391475,0.02890375081819936,0.03300078216344777,0.8212759013355629,0.012631136717002018,1.6458857311384774e-11,0.03142252402174782
2025-10-05,0.03700339062568658,0.000503782362347048,0.0008654685554501018,-0.26414895064297955,0.3481933814394349,2222161455.12878,0.007866860866252184,0.028164245753029418,0.03343021268507171,0.9009756700365794,0.011590278173677823,1.6065518867160158e-11,0.030350657385555133
2025-10-06,0.03460920863652951,0.0011177931878589569,8.000413458787194e-05,0.8664145709986367,0.5901496955841208,2418705499.0694,0.05141003602952566,0.027539163022010777,0.03344588868771498,0.8529936595285644,0.010809652544177626,1.6541766708948214e-11,0.0294905047362121
2025-10-07,0.0483985098102269,2.4068012690084044e-05,0.002318347739160545,-0.9794502639669588,0.6728315813893057,2758541891.66615,-0.07532034428340842,0.029049959009056856,0.03328564860153371,1.0102302213561452,0.011415016006277291,1.7724940938177055e-11,0.03111266339600622
2025-10-08,0.03421687406685055,0.0009751338989767694,0.00019566057192994015,0.6657644415105362,0.470184753890741,2125008922.48057,0.03524225434789433,0.02845955098162877,0.03328048035750389,1.0648596739986025,0.010763090610928618,1.778880792095164e-11,0.030336014486615985
2025-10-09,0.017330939520520002,0.00011976491082090484,0.00018059655384301728,-0.2025281208765501,0.422086367740527,2244203940.56835,-0.028335229009140477,0.027658883902474857,0.032778107583450185,1.0560435766464373,0.010942902308104819,1.8139968587218498e-11,0.02964892453830224
2025-10-10,0.19273189136980212,0.0001976792235710897,0.03694790272741011,-0.989356514923796,0.8942954364446751,5371731733.89869,-0.251849358364497,0.0356759225325214,0.03523478028798398,1.8742790033683954,0.03760553084369923,1.9296178325146418e-11,0.05118208364922618
2025-10-11,0.04512056845787893,0.00021127141049336994,0.001824594287468769,-0.7924505425825991,0.8038952163876848,3599519418.20974,-0.04209144118615174,0.03691553347299728,0.03543886820874931,1.936858036543136,0.03746018975472007,1.9437617256583584e-11,0.05195382802373127
2025-10-12,0.0912932439271335,0.00809275598362318,0.0002417004031159196,0.9419997197416528,0.8280870544614929,4374142141.44021,0.11163768926281122,0.040452834877789716,0.03616822968477783,2.128735443649183,0.03896360835960057,1.9514163867168838e-11,0.05551847584820014
2025-10-13,0.04321401501724692,0.0013642702803488985,0.0005031808135619436,0.46110415935104854,0.40418689901192467,5995551375.11597,0.0316611510125661,0.04003704429481688,0.03611227145998787,2.206469547965596,0.038881335547345304,1.8530259001352127e-11,0.055160988764953074
2025-10-14,0.05466016219699266,0.0005596168930847527,0.0024281164383167923,-0.6253903337335421,0.8115243028669216,5291751915.25884,-0.04522626365214696,0.04201217489797985,0.03622276146245229,2.4076165511936667,0.038500588194186745,1.8476003132596555e-11,0.05636251095271549
2025-10-15,0.02541932173439485,0.00011161815276865741,0.000534523764668021,-0.6545088632805008,0.46169364011083236,1884088066.17404,-0.040766921870237116,0.041758556641043346,0.03602094889358305,1.4656354265252662,0.038595942455835176,1.911621020194228e-11,0.056236005069066924
2025-10-16,0.05921802213491988,0.0002632341825909237,0.003243539962980937,-0.8498710372190237,0.9033454096513309,2262987208.91933,-0.04021452689807692,0.04316799602383649,0.03585159564819208,1.5392429375542604,0.038670855936819216,1.8605535864988e-11,0.05733846688232194
2025-10-17,0.0686566099882694,0.0006569644863308587,0.004056765608750476,-0.7212549411700998,0.859251592851123,1973227141.8628,-0.020107376987019303,0.04530914733000454,0.036216490823281926,1.3774420529048677,0.03878324299232557,1.7882962189385552e-11,0.059037556330593745
2025-10-18,0.010567819132036525,0.00010858829124496379,3.0905099624734175e-06,0.9446535971185264,0.737636828167073,759907119.30098,0.02603381025898404,0.04522391545035292,0.03594945309308605,1.2115928503841025,0.03886116791794268,1.906515810915e-11,0.05902100535717482
2025-10-19,0.031324354331202536,0.0008333208146051715,0.00014789435966155575,0.6985485680608664,0.5686075597347241,1234053293.45289,0.02989021021880669,0.04521147650537237,0.03563717096300905,1.0815269230683078,0.038865793174517,1.8844144204877937e-11,0.059014375708441646
2025-10-20,0.012764161364754976,0.00011349796619357594,4.942584915192766e-05,0.3932642806441406,0.6565599261527056,1398542716.35814,0.023535261470126176,0.04484920254990355,0.035599728858545544,1.014934346788025,0.03914336847194555,1.9317390699556522e-11,0.05891258102485726
2025-10-21,0.06455796766025179,0.0024784103525726997,0.001689320835849416,0.1893331122015164,0.594269271351532,1666377705.5697799,-0.029081701325652642,0.04679538262311755,0.03607868351259333,1.0597686483381368,0.03905455975819603,1.9852616111036983e-11,0.06035258991162387
2025-10-22,0.015448874492416205,3.862939680367178e-05,0.00020003832627875625,-0.6762914037577638,0.37352674522083906,1598844128.38521,-0.022657809304016382,0.04545744473225875,0.035848315634444405,0.7632577017215947,0.039648217750322644,1.850983826108143e-11,0.05969509365212423
2025-10-23,0.019989777742894135,0.00036445009773101154,3.5141116479294154e-05,0.8241146690437529,0.5920369108410802,960318934.22068,0.026049774135891546,0.04537260559640591,0.03584345705697411,0.8198604604254446,0.03970330313207993,1.8666888812980428e-11,0.059665410615684776
2025-10-24,0.018003812749178116,0.00017302867506649374,0.0001511085984409747,0.06762590549467916,0.46618704725266036,943289995.79661,0.014369674009695936,0.04503706965952686,0.034615036210036976,0.7571320171173734,0.039912859196268906,1.90528845706817e-11,0.05954422809910467
2025-10-25,0.009983155731730002,3.284653692702476e-05,6.681686143694881e-05,-0.34085055363919514,0.41787524522664266,587915584.11549,-0.006394987027672431,0.044500603842424574,0.034367654388348254,0.749740288399403,0.04032219273923929,1.8524050813592455e-11,0.05940336816455055
2025-10-26,0.034454436775957095,0.0011513701633821243,3.573805016630051e-05,0.9397897348221106,0.5675789550885796,971455947.61051,0.046316318531779754,0.04437922508767555,0.03446608318746745,0.5683820288633769,0.0403497164945884,2.0625814403524873e-11,0.05933031844837896
2025-10-27,0.020459875596776905,9.70566281013583e-07,0.00041763594315457356,-0.9953628705758912,0.5095275274500856,1255485278.15105,-0.026602553987138806,0.04370544732387781,0.03392734274132201,0.5997583463107666,0.040638123096736714,2.0622665572964332e-11,0.05901679729328719
2025-10-28,0.022461217298114493,9.310426615971742e-06,0.000495195855897146,-0.9630909388497867,0.5332044815055113,1392883079.3698,-0.03448705195071663,0.04247033815663436,0.03374321086044736,0.6190010983464692,0.04088177959839939,2.0501478380221776e-11,0.05827060034199981
2025-10-29,0.029815077638556623,0.00031675312452647113,0.0005721857300666881,-0.28734552913329553,0.557527765751387,1415406127.85257,-0.006428223276011803,0.04226072880290608,0.03395610811095243,0.6809923997753884,0.04093745922394097,1.9928006466621384e-11,0.05815531934571538
2025-10-30,0.06034157794922962,0.0010097758517603479,0.002631330177642606,-0.44534663719972756,0.42444709410420767,1530016402.09661,-0.051873756911994424,0.04430885444236844,0.034464574268022796,0.9557960104486873,0.04070309747125459,2.0941248985595876e-11,0.059507346123932624
2025-10-31,0.01594832095125081,0.00020737021407997907,4.697872708412642e-05,0.6305962441273477,0.5579648289255426,798099763.5343499,0.020492964799848502,0.035890589184342195,0.03410587262750181,0.8598751846984013,0.02282712624837298,1.993139157781389e-11,0.04224214555741289
