date,rv,up_var,down_var,rsj,jump_share,quote_volume,ret_1d,rv21,rv63,rv5_60_ratio,vol_of_vol21,amihud21,iv21_raw
2020-07-10,0.017200273055887404,0.00017063062814785457,0.0001252187650492317,0.15349655650086397,0.39571247020154154,188835488.4167,-0.0026067002781781194,0.017200273055887404,0.017200273055887404,1.0,0.0,1.3804080472553755e-11,0.017200273055887404
2020-07-11,0.012799892904711965,4.8439309226774695e-05,0.00011539794914532101,-0.4086899438128691,0.4255678391131653,114661329.881,-0.008863424856688177,0.015000082980299685,0.015000082980299685,0.9999999999999999,0.003111538644694838,4.5552493993820876e-11,0.015160584612230195
2020-07-12,0.020445107625172636,0.00033150938776327024,8.649303804162206e-05,0.5861601143817584,0.7565743628233251,215562992.67344,0.014811397782765467,0.016815091195257335,0.016815091195257335,1.0,0.0038371344555287565,5.327176248823719e-11,0.017104473853099312
2020-07-13,0.02205527151859934,9.691068596331826e-05,0.0003895243157958209,-0.6015472340072102,0.6899764438875404,266174695.26564,-0.013349561874534944,0.018125136276092836,0.018125136276092836,1.0,0.004084189802374822,5.249216802753275e-11,0.018467025201241896
2020-07-14,0.011320625301188674,0.00010931352089672514,1.8843036313188014e-05,0.7059372267261489,0.6461740907852943,173634906.59871,0.003998672438979373,0.016764234081112002,0.016764234081112002,1.0,0.004665911344837695,4.659957378613604e-11,0.017275882821685996
2020-07-15,0.007480821003416465,2.236780021859449e-05,3.359488266656244e-05,-0.20061730190826366,0.4218604208427903,126575225.98055,-0.008264509849893424,0.015216998568162748,0.015216998568162748,0.9739334339969762,0.005637393842680869,4.9715189090507866e-11,0.016063640720730587
2020-07-16,0.026906387251264707,6.253638957801762e-05,0.0006614172853370024,-0.8272364883419969,0.8875104746153212,244658931.71368,-0.02053721113214254,0.016886911237177313,0.016886911237177313,1.0446932711465597,0.006782607613314681,5.460476333556644e-11,0.018016647040775942
2020-07-17,0.0024451055215181736,1.148139818226502e-06,4.830401193132158e-06,-0.6159130409760022,0.6241993309088452,129976699.22534,-0.004416153981850222,0.01508168552271992,0.01508168552271992,0.9310393124193136,0.008093362620116604,5.2026231053946486e-11,0.016875187166201528
2020-07-18,0.007254955452996246,5.263437862495996e-05,0,1.0,0.8649389545685681,109492088.0996,0.012681368041350135,0.01421204884830618,0.01421204884830618,0.7797312705829585,0.008007566121955013,5.911442191832243e-11,0.016092820738107003
2020-07-19,0.018037493928987257,0.00030975814771782125,1.559303952043089e-05,0.9041464108196894,0.8263654105757651,135124155.60153002,0.0147408329542173,0.014594593356374285,0.014594593356374285,0.8513394192110112,0.007645910661833332,6.411208246137557e-11,0.016297733281097328
2020-07-20,0.012178503593362536,9.20979891339638e-06,0.0001391061508601478,-0.8758083816682111,0.8010574033777739,164752457.58157,-0.013257490949873793,0.014374948832464126,0.014374948832464126,0.9297069022912735,0.007290036745420689,6.559908900288547e-11,0.01596723079193309
2020-07-21,0.02179750437204369,0.00047513119684926383,0,1.0,0.8383469253014678,288862206.41801,0.039624769361692985,0.01499349512742909,0.01499349512742909,0.8232044942744422,0.007273547927598541,7.156377600414162e-11,0.01653180834946347
2020-07-22,0.07527543961954387,0.005583222371175197,8.316943874039948e-05,0.9706446565890974,0.9738723368922237,418091059.37613,0.07342999123051824,0.019630567780668687,0.019630567780668687,1.370759098465063,0.018111530787198613,7.956899130762772e-11,0.02623268668248169
2020-07-23,0.029555835403022604,0.0008407017877655303,3.2845618605033986e-05,0.9247994593870945,0.6509769139991569,736552038.7790301,0.04172056911475147,0.020339515467979685,0.020339515467979685,1.5422666008330363,0.017602021324740945,7.793142554101444e-11,0.026483886561895438
2020-07-24,0.030064839330065908,0.0006582901907719832,0.00024560437317069456,0.45656411053209955,0.33816911557583784,736083875.03441,0.014235757122737929,0.020987870392118763,0.020987870392118763,1.6092354218220484,0.017146597900633,7.402532099331086e-11,0.026737541681899277
2020-07-25,0.04793410468451472,0.002295579846998823,2.09854490719347e-06,0.998173334514886,0.5538394252602796,915502216.03662,0.08958455306365873,0.022672010035393514,0.022672010035393514,1.8051132042526827,0.017882579595900568,7.551454510913949e-11,0.028527531022434643
2020-07-26,0.034552805341968446,0.0010031259560493626,0.0001907704009506006,0.6804238494705341,0.6899247895364251,1149779086.62864,0.018898761797610655,0.02337088034754498,0.02337088034754498,1.8602895667295716,0.017552866498538083,7.20393873620812e-11,0.028916733174018504
2020-07-27,0.056357669566232074,0.0014551947574241325,0.0017209921615124685,-0.08368443384223936,0.44530321617500446,1620266858.22627,0.0346260664724391,0.02520347974858315,0.02520347974858315,1.5749035951034558,0.018719801799230048,6.922445444119125e-11,0.03108340366007424
2020-07-28,0.023791824879309018,0.000269785844447175,0.0002962650866405327,-0.04677890405104701,0.45122926113392764,906295104.75718,-0.015918773706430595,0.025129182123884514,0.025129182123884514,1.533684963180187,0.018195259664581787,6.650551837550483e-11,0.030742782316641595
2020-07-29,0.0202877200915022,0.0002375934038719652,0.00017399818263917692,0.1545104985547772,0.4955105655895114,606896653.93406,0.002927706676389591,0.024887109022265395,0.024887109022265395,1.470031126555297,0.017743022800064366,6.342144552296924e-11,0.0303058131497168
2020-07-30,0.04509920902868504,0.0020204666747490334,1.3471980263993083e-05,0.9867528155475204,0.9376916838595537,763116559.16756,0.052596983383248364,0.025849589974952045,0.025849589974952045,1.3933623634432977,0.017847349283560302,6.36834680365235e-11,0.03116987623019866
2020-07-31,0.03182493159593456,0.0010065943936826995,6.231877403214655e-06,0.9876940842055111,0.5251165450044528,912102990.6984301,0.032596434676504284,0.02654600228638286,0.026121196412269433,1.3579879907671777,0.017778170267284645,6.472792462790069e-11,0.031712819809910434
2020-08-01,0.0723524154279143,0.005234872018253491,0,1.0,0.9735902974215078,1483605104.03266,0.1113927441097367,0.029381836692249644,0.028131249412949644,1.3746712645783703,0.020076924105155682,6.462228501566225e-11,0.03531544684701704
2020-08-02,0.0948499310604586,0.0011969180291450132,0.0077995913930287335,-0.7339150168186424,0.5607034490325361,2395197027.14924,-0.03789428530717415,0.03292492352250135,0.03091119448159585,1.7107990269474946,0.024499225634955518,6.21037444232276e-11,0.04069006167560953
2020-08-03,0.0299270565622055,0.0004916108257901336,0.00040401788868731374,0.09780050113056701,0.45095885521951795,1173622514.82561,0.03515235592709849,0.033299770429339744,0.030871828964820235,1.7754279734284206,0.02438455278613906,6.11417743085987e-11,0.04092879834610656
2020-08-04,0.029525565632754255,0.00026494173387662596,0.0006068172920574533,-0.3921675004334045,0.6073528649056984,1057960148.0603601,0.010073640172958254,0.03416667234989049,0.030820049605894625,1.6773490217214349,0.023882533570734638,6.049856292131496e-11,0.04135911236262298
2020-08-05,0.02270528715269411,0.00047324929096459136,4.228077372170479e-05,0.8359716469787928,0.7093516922861632,942126678.78739,0.027638711392943056,0.034891646928427514,0.030519502848368678,1.6341043107742204,0.023254783951660054,5.878633659800199e-11,0.04162283431557998
2020-08-06,0.014784440886919773,0.00014714192481428943,7.143776752453571e-05,0.34634579488932143,0.6731728974446608,652554125.7375699,-0.014698203127378946,0.034314411387268234,0.0299575363497455,1.280427596287714,0.02361063073827351,5.5861665388169223e-11,0.04133273410652263
2020-08-07,0.0391180805561013,0.0001701642166370144,0.0013600600097566165,-0.7775957095672831,0.5509996725298719,992515267.80878,-0.039941803245839784,0.03606074353177219,0.030273417184447426,0.8988772556576416,0.022463990143297672,5.616007045132142e-11,0.042201635472998496
2020-08-08,0.03696444299597184,0.0013459352401391715,2.0434805863280144e-05,0.9700889141663115,0.6661638912035063,520508410.78516,0.045973865976314636,0.03747548103381865,0.03049645137816491,0.9384555301204494,0.021472807435046905,5.4850783568434436e-11,0.042936428331890104
2020-08-09,0.018115600919524476,6.380185022774821e-05,0.0002643731464477278,-0.6111717780203696,0.5787273819567825,571218683.77785,-0.017815469287453832,0.03747920041432042,0.03009706910530554,0.8750875512193806,0.021469278641462024,5.114114069013982e-11,0.042937994189477385
2020-08-10,0.01937891308857879,0.00022230077526301617,0.0001532414972316742,0.1838921556622321,0.5919460778311161,611218329.12583,0.01345442934024667,0.03782207705694977,0.029762126729782828,0.8625827019185791,0.021099318468981228,4.8357489378942166e-11,0.04306380900591067
2020-08-11,0.026465103292974794,2.839826548166989e-06,0.0006975618657596584,-0.9918908632593113,0.8357773248055064,845731729.1519,-0.042657377457744436,0.0380443436722322,0.029662216928667433,0.9442459489115641,0.020946099003201015,4.422716048577212e-11,0.04318817908349414
2020-08-12,0.012906963540400242,0.00016658970783322115,0,1.0,0.4199873743811139,599199526.83731,0.02117971710262359,0.03507441623989203,0.02916941535842428,0.7804820387294814,0.01979303513293447,3.754692764497164e-11,0.0400415218785895
2020-08-13,0.07790042545392005,0.005880895092650047,0.0001875811932517074,0.9381784868509762,0.9449555269572085,1440744340.8262799,0.09314719418294733,0.03737653957564905,0.030561729932581303,1.012815744637571,0.021826133323729992,3.792831155148877e-11,0.043019774988318146
2020-08-14,0.02654890822944515,0.0006655364808352545,3.930804734024586e-05,0.888463212044803,0.522455438907545,1207407794.98586,0.03141062062110694,0.0372091142851433,0.030450262663049746,1.0719139956934196,0.0218983902394752,3.824617181401233e-11,0.042909468266499794
2020-08-15,0.011867576348378574,9.769126078912804e-06,0.00013107024230568173,-0.86127279338209,0.43496926064218927,753504069.8546,-0.01367840847652575,0.035491660554851104,0.029948027897788356,1.0397277403138545,0.022423219476595174,3.445094125739087e-11,0.04169551350860265
2020-08-16,0.03688230297933609,0.0009288518237881133,0.0004314524492714303,0.36565302658202464,0.6062119506966126,742240079.00529,0.0032527105739866137,0.03560258901377337,0.030130508820986984,1.1025779719709292,0.022424104735273363,3.3876913907166333e-11,0.04179042992390834
2020-08-17,0.03879668255341547,0.001120458655668339,0.0003847239214821535,0.4888009902287253,0.6519623604110593,968933324.12397,-0.006608767930018178,0.03476635153697258,0.030352718403869765,1.2650985194131223,0.02193348259271814,3.318406002520764e-11,0.04082729966458651
2020-08-18,0.02004409355161484,7.386219111426259e-05,0.00032790349519162495,-0.632312098161479,0.685956919859818,698827138.90995,-0.020969058164297127,0.03458788814041571,0.03009500278256339,0.8914407792639159,0.022042219698645293,3.377650782688196e-11,0.040731379684557374
2020-08-19,0.04533362325313204,0.0007930850389240008,0.0012620523583329133,-0.22819268436011367,0.5635489979254482,978436819.67326,-0.035378035853135995,0.03578055019573142,0.030466676452577262,1.0038789687080603,0.021906955177991353,3.526858638749843e-11,0.0416810433798575
2020-08-20,0.021549387424030484,0.00041146850754232665,5.290759080863663e-05,0.7721347373539864,0.6534931900769506,508701446.71645,0.0210222325635417,0.0346591301193193,0.03025436004713567,1.0749266519482943,0.022008604058477585,3.395436578170501e-11,0.04077460365358316
2020-08-21,0.035549058821461234,0,0.0012637355830917108,-1.0,0.46628761842372435,753415032.24112,-0.06975669217213334,0.03483646951101104,0.03037749257677115,1.0617916880142704,0.021999627166641826,3.666149287754408e-11,0.04092085489800114
2020-08-22,0.021353262082009973,0.00044022788671925343,1.57339148237514e-05,0.9309858204327345,0.4989951898933043,436143011.08409,0.018298095096409322,0.03240793839930131,0.030172396429162942,0.9533841666831019,0.02040853934433694,3.508396292700703e-11,0.03803878563264835
2020-08-23,0.02969027933908273,0.000498309758516816,0.00038320292871594683,0.13057875566398436,0.542742234728276,348769199.20701003,-0.011291509013338025,0.02930509784114056,0.03016168271605005,1.0176859982553088,0.014553990477772463,3.587226566186017e-11,0.0325656382780532
2020-08-24,0.028414348005450573,0.000724969797765841,8.240537480901193e-05,0.7958684447870558,0.5524078018058034,532034653.91777,0.042412544781057576,0.029233064100342706,0.0301236971788631,0.9066372886516234,0.014554501731603223,3.8242057260672574e-11,0.03250104993446511
2020-08-25,0.034547995957026324,8.135498519202412e-05,0.001112209039454683,-0.8636772162832151,0.530488413250804,926182571.14738,-0.06272440762456431,0.029472227449117566,0.030217831195419768,0.9898456526403487,0.014600740007520527,4.101357302908454e-11,0.03273594804492973
2020-08-26,0.024583225871869334,0.0003772429961260009,0.0002270919981413449,0.24845656698515156,0.6068035216325394,535388937.61697,0.007671441489362318,0.029561653102411625,0.030100443584512467,0.9208443115884641,0.014562923976479411,4.02989165225025e-11,0.03280047409064181
2020-08-27,0.02455902762312038,0.0002570530467150662,0.0003460927910781237,-0.14762556380864547,0.39493207305234257,723029860.38872,-0.0062888385847786315,0.03002710961365927,0.029987353462851404,0.9456978387386274,0.014219152068034209,3.9640525221338886e-11,0.033078448787147344
2020-08-28,0.017642668560572183,0.000304641515885163,6.6222380530391115e-06,0.9574493466119806,0.845979756225919,454164125.32279,0.02969192847856855,0.029004470947205502,0.02974045976480582,0.8725303310312555,0.014304636925686093,4.083738606286643e-11,0.03218909811380769
2020-08-29,0.030663562533481712,0.0006387275779884073,0.00030152648925633617,0.3586276310616579,0.5294451538833391,395131559.72597,0.008818177118346445,0.02870442902042026,0.02975855981909358,0.8871160523123086,0.01419498794130193,3.769415471815686e-11,0.03187235165934006
2020-08-30,0.03327785848963746,0.0011074158656563364,0,1.0,0.5499953596134514,599192209.9937301,0.07347896072923885,0.029426441285663733,0.029826238639680962,0.8765861807647591,0.014013920389561453,4.204851217068814e-11,0.032449245112072256
2020-08-31,0.029996225672302486,0.0007636862059712214,0.00013608734861247747,0.6975075608319219,0.7928253708837609,708381941.47511,0.01137705604207122,0.029932027599174387,0.029829445942183258,0.9127849249562695,0.01382353637306093,4.1765090606966455e-11,0.03283164483739028
2020-09-01,0.05540772711188766,0.002891169946082865,0.00017884627762254578,0.8834883827378057,0.6421005313281092,1522749662.81293,0.09148453453252664,0.03131024778102738,0.0303031178156963,1.1021178968019298,0.014864228117196175,4.2224142328888586e-11,0.03450732806141247
2020-09-02,0.06162910776940394,0.00012585224255800827,0.0036722946818947963,-0.9337296607733836,0.8470905322766484,1848669079.41557,-0.07858101982056817,0.03363034988717041,0.030872681269400074,1.3667389608030178,0.015630767097479344,4.2565100506845314e-11,0.03692813271704174
2020-09-03,0.07819871017262303,0,0.006115038272661897,-1.0,0.4379989395018262,2061198580.6208699,-0.1417582940636182,0.033644553921394364,0.031717788928386205,1.6300608456631627,0.015673086026872136,4.276141277850691e-11,0.036958141504034224
2020-09-04,0.04373175848267382,0.0008871072963690934,0.0010253594036178204,-0.0722899422247054,0.4083211417109204,1466761495.79589,0.009599405934001553,0.034462784885833826,0.031928560324075456,1.6847833192533976,0.01573254029083605,4.1834255802848326e-11,0.03772810677913116
2020-09-05,0.12582861520078248,0.0012142437834029268,0.014618596619943663,-0.8466170627038884,0.629678159747906,2014890370.2058198,-0.1401838463366043,0.03988950102166258,0.03354752678746696,2.174800670394905,0.024666772966835716,4.428286852694357e-11,0.046590215557126606
2020-09-06,0.06765404162311627,0.0037347073862051897,0.0008423619617371598,0.6319208219487218,0.38439542966648443,1260136199.59651,0.05190681377631782,0.04135482190946164,0.034125603310105085,2.209732263616578,0.02538279907270248,4.603568482745001e-11,0.04820609375317249
2020-09-07,0.04616208842534135,0.0014287111358639458,0.0007022272719250878,0.3409220375790331,0.44284467802901817,1119788439.21161,0.0024642065407450143,0.041705555522410495,0.034326211395359026,2.1067003855451563,0.025396566908030275,4.5815681819147045e-11,0.04851417701699916
2020-09-08,0.04962146683002932,0.0005703577275538092,0.0018919322428098911,-0.5367257841938391,0.5877823657300566,1022162050.92677,-0.04682316168691824,0.04311400186900166,0.03457695328773066,1.9101277923083044,0.0249514496453245,4.656815278313379e-11,0.049515104520130845
2020-09-09,0.036781310115001235,0.0011303356074720042,0.0002225291663038879,0.671025263400419,0.43937501395269307,600153424.58103,0.03857868345075413,0.042706748862423996,0.03461250743010599,1.8490623572591962,0.02498318444332796,4.790737456488605e-11,0.04917625465751114
2020-09-10,0.03404956465664679,0.00040136089682119084,0.0007580119564859795,-0.3076241251012763,0.39002531342348595,1048583230.04711,0.047651266059241575,0.043301995397310486,0.03460357183052727,1.320082827378522,0.024599860067428876,4.810347883446801e-11,0.04951160576783719
2020-09-11,0.028776809219122956,0.0008183985437506157,9.706205083184227e-06,0.9765580257887586,0.5335577048281877,671565874.73255,0.015543934949433423,0.04297950732100867,0.03478732637280086,1.0975487786044238,0.024750506403866786,4.479673932611123e-11,0.04930167117115683
2020-09-12,0.03322248050964378,0.0010962264922480776,7.50671896558271e-06,0.9863975843268714,0.8613481575648926,551721286.6260899,0.037399079127778255,0.04354470819851504,0.035111494430022,1.0144640838821581,0.024364469973043514,4.602682668518821e-11,0.049613516685196195
2020-09-13,0.05158775396122827,0.00012243530575244436,0.002538861053011779,-0.9079882213424006,0.5871592746166346,859558056.31093,-0.056633422893846756,0.044587445085283874,0.03560582214964193,1.0048607796169757,0.024209977305804327,4.7622606267248244e-11,0.05046040666976932
2020-09-14,0.04496191231958506,0.0015415480724340716,0.00048002548699998317,0.5250971850518587,0.6834287882351372,832952559.07798,0.029301099390592885,0.0453754243383379,0.03596941962267345,1.040901662867076,0.023924874129385664,4.5501642316301416e-11,0.05103010495855677
2020-09-15,0.028986263727801304,7.942963087342531e-06,0.000832260521810307,-0.9810927632886214,0.9680797865872103,747292134.0694,-0.03527126637709666,0.04511057994647004,0.036249826581826024,1.0015647627355753,0.024080999178516763,4.452426978859574e-11,0.0508649675092034
2020-09-16,0.026763003440304117,0.0005179495521484481,0.00019830880099728194,0.44626460514887983,0.38518645664157763,696557257.65751,0.0026064902609006413,0.045214378878300265,0.036555892969713136,0.9822813364939632,0.023992629564594265,4.402013812465776e-11,0.050917331071732644
2020-09-17,0.02696791436328932,0.0006737550365876613,5.3513368518045236e-05,0.8528373619908122,0.7734058441712551,1069882746.36399,0.06438096153004803,0.04532908777068926,0.03655686959053892,0.9454399033802353,0.023894496311462284,4.6471462937805944e-11,0.05097533915445668
2020-09-18,0.019302662194353778,0.00021069718351293345,0.00016189558427640122,0.130978385667767,0.5654891928338835,576509035.40646,-0.012382698578353092,0.045408135086583624,0.036824449855187104,0.7727512499809106,0.023800887463633295,4.4381066262789065e-11,0.051003976620876246
2020-09-19,0.028206383794671424,0.000574414973247629,0.0002211851135246737,0.4439791618877087,0.7210785638109285,353726036.38442,0.0013777150309534892,0.045291126575211706,0.03715701220981687,0.6827426135126056,0.023882896807170866,4.350381857636266e-11,0.050936404921809
2020-09-20,0.02399520932318683,1.47332296157763e-06,0.0005742967475019745,-0.9948822523532999,0.9720834108664308,503892954.65173,-0.037315787541491424,0.04484909566252358,0.03725157912083592,0.6716228976433686,0.024200154402054388,4.1190721254566215e-11,0.050687285189885016
2020-09-21,0.06502363632567583,0.0002376781495092678,0.003990395131504482,-0.8875714143477283,0.5421513260489308,1155637097.23577,-0.08632034784334058,0.0465170675983985,0.03809039075150755,0.8631292764415596,0.024332004713681146,4.398283583195191e-11,0.05222730457417913
2020-09-22,0.025115721524306706,0.0001798435690647777,0.00045095589862174544,-0.42979162704635876,0.7148958135231793,719805988.46761,0.01131177571299675,0.04507459114184703,0.038143060865035536,0.8552131998844688,0.024674082911071354,4.187028924909462e-11,0.05110321089937529
2020-09-23,0.043134403160058336,7.203731332881458e-05,0.001788539422645636,-0.9225645339577074,0.587666269780726,846856958.49964,-0.07046799719204361,0.04419389092235438,0.037632885683138946,0.9833815728084385,0.02438199270801321,4.3808594432375576e-11,0.050192359151126104
2020-09-24,0.03811276954854445,0.0014525832026604573,0,1.0,0.6371907160754579,901752280.98076,0.08409368070506626,0.042285036606922066,0.037768710034655165,1.0342779499475288,0.02312332745567051,4.497436421848371e-11,0.047929648936285395
2020-09-25,0.023311010288797833,0.0004787935866513623,6.460961403307621e-05,0.7622037781459595,0.6885943480555394,743662627.2449499,0.008992224563589635,0.04131262002626131,0.037661506399079475,1.0459032924472,0.02348598374440081,4.523851565252935e-11,0.047244658398476955
2020-09-26,0.005584194231486268,3.114373794647886e-05,3.9487268485651086e-08,0.997467403181458,0.7004283327605783,455072316.68204,0.005667664230711469,0.035586695218199585,0.036989285598237755,0.7325693089525076,0.014961425575825207,4.251853913160702e-11,0.03846554148277993
2020-09-27,0.029640630195883696,0.0004393764306748003,0.0004391905277343321,0.0002115979194173511,0.3898700120242951,555292723.13595,0.00986947234278671,0.033776532769283746,0.03691131456417292,0.7538941491453452,0.013067355583849116,4.1403397581420306e-11,0.0361037216939905
2020-09-28,0.032889359476233615,0.0003821720063279526,0.0006995379604289651,-0.29339283528329646,0.6182371017924044,666373302.11207,-0.009674682430489332,0.03314449805742147,0.03653880170560152,0.7024944065883869,0.0127556103366728,4.198996007363743e-11,0.03540502028046803
2020-09-29,0.015102978878959583,0.0001892736829929391,3.8826288025360185e-05,0.6595677951905978,0.44357156509902684,510876559.74376,0.016425517141506887,0.03150076053594196,0.036400883515119775,0.5821095537473581,0.012750251922460359,4.1339658770466556e-11,0.033869240633523576
2020-09-30,0.019582131376432634,0.0003157451869577472,6.771468228612023e-05,0.6468225870955169,0.4188607412432401,415896154.63899,2.7800558793021384e-05,0.030681752024581548,0.03638968369424565,0.5755642106827215,0.012945002366036453,3.828182431514194e-11,0.033180767362743065
2020-10-01,0.03316811989676991,0.00017488392933119102,0.000925240248155313,-0.6820651106300472,0.4633190699018285,746571670.36107,-0.020162426246411933,0.030639778464587413,0.036200301327072394,0.75163569961457,0.012934961521068452,3.740388194251446e-11,0.033138225016817145
2020-10-02,0.039689480394824596,0.0003589150225732217,0.0012163398314379444,-0.5443086283349075,0.6197905381336508,683375506.97021,-0.02043197375854854,0.031159429472954157,0.036325135434991294,0.8057864598949029,0.01307482363373708,3.772544365234927e-11,0.03367076675251431
2020-10-03,0.015821647712657667,7.693469296941695e-05,0.00017338984337402863,-0.3853203997241209,0.560650177187006,285996343.36135,0.0008102321179403445,0.03033081838738339,0.03542782166173325,0.7125223923492563,0.013482568575496557,3.4632435767459656e-11,0.03306179101886451
2020-10-04,0.019481691750545232,0.00036609593930583617,1.3440374157425925e-05,0.9291747657304106,0.823338721449161,346534414.39154,0.018741951616197385,0.02880195828211277,0.03423150040284574,0.7389593065033202,0.012752163873240602,3.407040144090527e-11,0.03137557625164267
2020-10-05,0.010191399824461963,7.827041341977473e-05,2.5594216962268588e-05,0.5071620268011188,0.4051157353980462,344652651.01339,0.003684811425543719,0.027146219591868814,0.03391823601018314,0.686155685232938,0.012806231994217288,3.290440068639046e-11,0.029884901075804864
2020-10-06,0.038379177736506016,0.0002265842379053827,0.001246377045824936,-0.6923418960048274,0.6886047665508139,583797555.3314,-0.036886475397285894,0.027593501211330942,0.034058769535639515,0.7166229699327925,0.01303568921511632,3.3665586873767706e-11,0.03038484220897945
2020-10-07,0.01488983467559859,0.0001901629703737427,3.154420629291545e-05,0.7154426233090064,0.7676071814827756,416785150.9672,0.002199188653003034,0.027028112222535445,0.033934714734415776,0.5789708861867421,0.013327723594604837,3.373866263913287e-11,0.029994809218292527
2020-10-08,0.036075077921574814,0.0012222815156650972,7.91297313825974e-05,0.8783939641491397,0.8969726580713292,536210648.99195004,0.027900726771310055,0.027461786677691894,0.034272661354013474,0.6916321225775046,0.01347304483898667,3.3350921136702926e-11,0.03044714625990977
2020-10-09,0.030467012383711894,0.0008968845819672506,3.13542616220033e-05,0.9324435476094393,0.6397641852556709,475540403.45352,0.03902130283740977,0.02799342240099466,0.034135342811594596,0.7514350690458571,0.013354743439108627,3.6235587663317136e-11,0.03087860185168996
2020-10-10,0.012459373707148756,1.0010711946696584e-05,0.00014522528122769314,-0.8710258910708846,0.49995181411771833,548124498.85565,0.01535961473273663,0.027243564777779297,0.03374637345780375,0.769737178588587,0.013777584598177756,3.738450495457623e-11,0.030380824940225426
2020-10-11,0.00988984718481002,6.721382064171997e-05,3.0595256697174714e-05,0.37438819525581546,0.4014121069151888,384600265.70501,0.009958878126534447,0.026571880866428022,0.033615805938205116,0.6048308196068581,0.014278589047108119,3.509112930478723e-11,0.030003907691448676
2020-10-12,0.056386425783694266,0.0027149197274575084,0.00046450928520255346,0.7078033298727919,0.8421863394213546,792546271.84131,0.03242874027809803,0.02616058512633366,0.03420322677463552,0.8556105500169721,0.013199203094027298,3.3482659156453194e-11,0.029159887438170905
2020-10-13,0.01690504696541695,7.73201596063002e-05,0.00020846045329665268,-0.4588845001003827,0.702354850105231,642910145.53332,-0.014586630788237694,0.025769600623529388,0.03405147984880127,0.7462410489876605,0.013352419718048946,3.3814726287268684e-11,0.028876799790340156
2020-10-14,0.015991844053915134,0.00010260294670684626,0.00015313612953789458,-0.19759664253533296,0.3727607056145239,582747917.14607,-0.006211690544042319,0.02447709780895114,0.034100446206158645,0.6592436359156973,0.01289327066515958,3.035987361357858e-11,0.027521786373560116
2020-10-15,0.023400446903748533,0.00020675811012700038,0.00034082280516815384,-0.24483083923567828,0.6150334441793117,608124653.8141199,-0.0029614765556076317,0.02377651101634181,0.03323536718155275,0.7286905857620705,0.012509294431240856,2.6151016248951793e-11,0.0267273900367111
2020-10-16,0.027150775987250287,1.3384621703057407e-05,0.0007237800150067895,-0.9636862078387364,0.8656736536331782,687027290.77005,-0.032894869429795096,0.0239593570019824,0.033244920638025845,0.8361295151937673,0.012530195191560792,2.7855216131564055e-11,0.02689944447796855
2020-10-17,0.0044596557785364825,1.2775501636856295e-05,7.113028026177551e-06,0.2847105194107635,0.6191433131472589,260959521.02027,0.007741833455554569,0.023905807551841934,0.0331273345972347,0.5297513010249043,0.012614767840348623,2.8674852931705564e-11,0.026889445337864127
2020-10-18,0.018530869761329484,0.00033219107745198343,1.1202056659372022e-05,0.9347566649032686,0.6648328004504345,301425260.48222,0.02687188680347134,0.02337677134067269,0.032836042006472686,0.5469102378948058,0.012595180930109435,3.207370817240473e-11,0.026411319595095566
2020-10-19,0.02411232995635461,0.00047000609104396645,0.00011139836488014944,0.6167956273981876,0.7556407987348234,494223813.25818,0.0031408801802487517,0.022958817554011784,0.03260295704461458,0.595736491740081,0.012407971175741562,3.16849827114649e-11,0.025956381311921354
2020-10-20,0.026564331384601538,7.498853135933981e-05,0.0006306751705515863,-0.787466661084389,0.6108141513560331,619370716.71565,-0.028683753685315477,0.023504596244756638,0.032706452883233414,0.617859830055446,0.012296717327584023,3.235924402020289e-11,0.026390810159075566
2020-10-21,0.03359306625577249,0.0011205146538373729,7.979446627347395e-06,0.9858582395352151,0.9850083020639641,1295884282.3857799,0.058513464319654596,0.024171783619963295,0.03252009483565628,0.6532577364137342,0.012452366679357974,3.45062185313067e-11,0.02705462402966806
2020-10-22,0.0511336236272513,0.0025937961716179458,2.085129363544663e-05,0.9840503976826367,0.97492624154698,1234905764.54365,0.058227884809455045,0.025027283797605267,0.03298968588650106,0.9274274349381062,0.013659915770025906,3.546550411733468e-11,0.028356178126592104
2020-10-23,0.016446890443363494,9.145090542075297e-05,0.00017904929983524843,-0.3238385506273178,0.4993744233809934,867793859.96589,-0.012090754005147376,0.023920493799916644,0.03268647686462649,0.9204020422091532,0.01335062629965988,3.4705225299757244e-11,0.027238606135350875
2020-10-24,0.011405007850399777,0.00010214840324206504,2.792580082561551e-05,0.5706173868096847,0.7853086934048423,548566702.97112,0.007131152824289826,0.0237101776159996,0.03252856806729935,0.853355201007493,0.013518323937584273,3.518934880760127e-11,0.027133290583670984
2020-10-25,0.017105322518494368,2.972007499354787e-05,0.00026287198346816267,-0.79684974944433,0.6503368964550003,551028600.15098,-0.015150323993850754,0.023597017176378132,0.032328806847924926,0.7983949670322534,0.01356535430570645,3.3923190180880745e-11,0.02705688923876518
2020-10-26,0.0306012671472798,4.702309469563388e-06,0.0009317352415496227,-0.9899570249731111,0.8707859195587421,1107994114.66407,-0.034339750380325794,0.02456891562032184,0.03236351985017619,0.7775656690742049,0.013285122076149144,3.488992075800229e-11,0.02777987733653546
2020-10-27,0.023815782670604704,0.0005183674106449885,4.882409356848674e-05,0.827839122392388,0.721875270226747,963095983.7254,0.028066111111208616,0.02387542061718368,0.03219316725832822,0.6079843995454642,0.012902777994251888,3.326886722090386e-11,0.026992400607768287
2020-10-28,0.03634807191563181,8.569406741011594e-05,0.0012354882645738258,-0.8702766978704078,0.5031132419565022,1067492300.89028,-0.038956123169590025,0.02489724143813764,0.032379910846324446,0.7276335169558709,0.013004871013365045,3.475537037863063e-11,0.0279454048163068
2020-10-29,0.026867134565103017,0.00040450670356788115,0.0003173362161714722,0.12076102017857972,0.5603805100892899,747193992.32758,-0.0031737457456301847,0.02445876794497232,0.032416547464451155,0.824646937603868,0.012762116620839337,3.247986594755823e-11,0.027447170319919605
2020-10-30,0.018555066836214013,6.756334890455628e-05,0.00027672715639181285,-0.6075212771470594,0.7910750276885394,869836730.23964,-0.011802461073094812,0.023891532442710514,0.032431029976762935,0.8384123855147012,0.012746431304503295,2.921852488160679e-11,0.02693585147795486
2020-10-31,0.02075646045529263,0.00029964178714287325,0.00013118886348925356,0.390995681032584,0.6748400637505247,647983532.2333,0.009885873586566136,0.02428663181166975,0.03227377438822025,0.7918819288368527,0.012500572925432761,2.8610631439470275e-11,0.027178367315927536
2020-11-01,0.022501641156125702,0.00047205362768977646,3.4270227029273604e-05,0.8646311971681069,0.7844202046984025,551627820.47901,0.026920282267607155,0.02488719342935145,0.03210272331943435,0.7999945038367492,0.012069861419958734,2.97014614466818e-11,0.02753391970999822
2020-11-02,0.04018430077337418,1.6200241374523736e-05,0.001598577787270477,-0.9799350237777043,0.946596298307766,903392158.93109,-0.03523170327432866,0.02411566366695525,0.03226443879722914,0.8415995230118958,0.010351160626862855,2.961013710517901e-11,0.02614592788335548
2020-11-03,0.018529006962457323,0.0003433240990147919,0,1.0,0.4857886547577243,772381755.52383,0.012836148083229271,0.024192995095385743,0.03167906228692072,0.7980910919496887,0.010300540479104578,2.9321112000742405e-11,0.026198276868659724
2020-11-04,0.054887962752225176,0.002572946990255811,0.0004397414648338471,0.7080737212698215,0.8194364000470721,1226524381.3097,0.0374492264765602,0.0260451912238767,0.03157205998506074,1.080993127862439,0.012093183211662075,3.026746879074088e-11,0.02859428290133311
2020-11-05,0.028234836724502922,0.0007668597821725739,3.034622268676493e-05,0.9238685546727177,0.8725481629250527,1891955855.84379,0.03460941209796869,0.02627540026296024,0.030778982628741375,1.1587623268165053,0.012086332277578837,3.090666292177286e-11,0.028801387530262096
2020-11-06,0.04856000960463973,0.0019793647639667435,0.00037870976883595873,0.6787974565114012,0.4589853135146665,2238630663.95929,0.08992787200407704,0.027294887578074026,0.030855621535439245,1.340613633353905,0.013029964787431769,3.0539564081324474e-11,0.030111561055457887
2020-11-07,0.05359303533393619,0.0002964745487979869,0.0025757388875065454,-0.7935567426497113,0.4997199830086682,2267393644.26046,-0.04664731949581528,0.029634572318807346,0.02970902502961629,1.4316905882079616,0.013135424989086491,3.010653090199415e-11,0.03228825025842877
2020-11-08,0.030754433324684922,0.0008981331455796093,4.770202354288128e-05,0.8991324807954914,0.5289955344922966,1096811295.30789,0.04293160319074602,0.030216646774205224,0.029123316961387216,1.5229450616474118,0.012887270166644564,2.7725234596531647e-11,0.0327294793833302
2020-11-09,0.061099899123204224,0.0013152119007488344,0.0024179857721168983,-0.2953965924128353,0.5776266350550613,1529951231.33957,-0.022280956406778706,0.03197795959167425,0.029360425067702502,1.5422291313792493,0.014444723187275698,2.8116091885049888e-11,0.03494716314648116
2020-11-10,0.01620930985144653,0.00015232430138404181,0.00011041742447615964,0.15949836962774544,0.4918981586035731,1101900928.72573,0.013268007906100191,0.031484863328190685,0.028830073369629762,1.4694585195359136,0.014810870131392827,2.648418206093757e-11,0.034644085921231756
2020-11-11,0.019843425315145442,0.0002214427396216463,0.00017231878861610864,0.1247555880468759,0.5287291514366245,1745401777.20616,0.027747343675550155,0.030830118521494157,0.028561218055346334,1.2786891066430541,0.015015514533987133,2.50910433261089e-11,0.034135398400685864
2020-11-12,0.02493143800453629,0.0004041574060749942,0.0002174191948990423,0.30042670667352234,0.40455397492186834,1466293500.10829,-0.0014254554151222193,0.029582395396602963,0.028416485886265216,1.0938838476449586,0.014316393703976318,2.2892017899267418e-11,0.03271570399027495
2020-11-13,0.019747982722914326,0.0003191958701550953,7.078695146942744e-05,0.6369740022160185,0.3140940136961132,1409561751.13007,0.030039832347507393,0.029739590267057765,0.02827317117997619,1.0306078906703182,0.014182450143102286,2.3243385546443595e-11,0.032802544657050514
2020-11-14,0.02045891043556804,1.0127188997044152e-05,0.0004084398272135507,-0.9516101909379843,0.7953138600037571,1018168657.35182,-0.03369907275449149,0.030170728485399114,0.028070574829594033,0.7391108373914446,0.013727542503200331,2.4200438979484476e-11,0.03301128123743426
2020-11-15,0.029489028062692102,8.677770954908215e-05,0.0007828250665331602,-0.8004198883999993,0.7215556251303951,923590510.34729,-0.028291114491733063,0.030760428749408524,0.027719801402633144,0.834722354556377,0.013400309085056381,2.4349821867964894e-11,0.03342486185126354
2020-11-16,0.021775731195842186,0.0004308393694181001,4.33430996954745e-05,0.8171880973309745,0.5556699168754005,1122837075.35513,0.027640171686618448,0.030340165132673406,0.027351766781621354,0.851499336774687,0.013543182930086604,2.4046186144355598e-11,0.03309394571547253
2020-11-17,0.026850167912098426,0.000714021343919826,6.910172988053983e-06,0.9808298768302096,0.5643462004506936,1700391157.3162,0.04621312323379452,0.03048465966798263,0.02731786049883242,0.8615710279539653,0.013486159830653491,2.3952680682393246e-11,0.033204370134126776
2020-11-18,0.03155318478172754,0.0001874978126526988,0.0008081056572171435,-0.623348414651044,0.6099364451807298,2515967634.21523,-0.00821919584857725,0.03025633170922528,0.027393895123299455,0.9456112920299246,0.013422364686409958,2.237047565393733e-11,0.03297008402575468
2020-11-19,0.015650941456939117,3.0396711092689386e-05,0.00021455525739584613,-0.7518149269813927,0.6640432105253363,1100330779.87607,-0.01520061268603125,0.02972222727550319,0.027214260632722465,0.9152976153899572,0.013782303189545275,2.2826048610522824e-11,0.03262387695766121
2020-11-20,0.032645532846552874,0.001062275913107163,3.454901728199769e-06,0.9935163707756102,0.7531811602220981,2320362796.89682,0.07947139008541056,0.03039320184742409,0.027426052230376422,0.9572155249051275,0.01355253393826492,2.3810856232635286e-11,0.033146216197370945
2020-11-21,0.058084984998877945,0.0033714679474329766,2.3975348868989053e-06,0.9985787608311815,0.8332322052772132,2697114724.26534,0.08209166814058222,0.032170750635213866,0.027900315741554303,1.2031123145383802,0.01463051318110944,2.4533736304354227e-11,0.03519682036771945
2020-11-22,0.08812272326965165,0.005638519036775293,0.002127095319684312,0.45217590726355134,0.6713726450131834,4022935662.18822,0.011449616312842945,0.03529556406919129,0.028918212788323586,1.6064969489680048,0.018858839099316457,2.234538171920978e-11,0.0398057365725142
2020-11-23,0.030492750393124365,0.0009271163288528854,2.6914976845007384e-06,0.994210636633327,0.3329155646939621,4395596654.20608,0.08334663393368541,0.034834061670131776,0.0283701034878069,1.606209210429808,0.018851804744335808,2.1391193468300675e-11,0.039393895915593356
2020-11-24,0.014549840445026453,1.0057976952910302e-05,0.00020163988002281727,-0.9049779993373904,0.872991008730688,3439202254.39881,-0.0055974595457324704,0.034644577550254116,0.028202391089723083,1.606722942896037,0.01904291426645958,2.0677318666840113e-11,0.03931426101456097
2020-11-25,0.0400666724950167,0.0004037260692414277,0.0012016121755814998,-0.497020555582715,0.5247497050912366,2605337977.2536497,-0.06113345178170632,0.03393880182372038,0.028153696952182738,1.6264395779498928,0.01852268290158014,2.0340741959102574e-11,0.03845249591953246
2020-11-26,0.05241621222457285,0.0014916549933758035,0.0012558043105956567,0.08584319427014768,0.5429215971350738,4964042842.5414,-0.09095840661851062,0.03509029589515228,0.02838073572481811,1.5656871133114867,0.018898188278497527,2.034219554302527e-11,0.03964169077071871
2020-11-27,0.043269188526538944,0.0009775330331794126,0.0008946896425657567,0.0442486845645554,0.29782765383497256,1891984830.74204,-0.002463624311739661,0.034838352034290344,0.028697532204782255,1.2469813365706335,0.018744277142052554,1.8491300738483635e-11,0.03934879724266371
2020-11-28,0.04076366592569605,0.0014118693527797738,0.0002498071069219797,0.6993312320656978,0.4860887424864186,1497243990.5701299,0.03516242397591102,0.034227429681517,0.02925593651738876,1.2986681403570741,0.018306408662077424,1.8629951405761063e-11,0.038609367082494295
2020-11-29,0.04775625764887185,0.0022500631584464917,3.0596986178939356e-05,0.9731683072104859,0.8252054518058027,1524874855.14498,0.07008029511332942,0.03503704036362114,0.02954348615949968,1.5004271836187053,0.018519846902643744,1.8954516493678117e-11,0.03942393081089661
2020-11-30,0.030230048067396226,0.0008865062212168704,2.7349584940216024e-05,0.9401446382329713,0.6137073477676355,2884934969.37863,0.06878234005626045,0.03356704745620171,0.029501274867295913,1.4369718803797753,0.017547294224546584,1.9396360413525215e-11,0.037682780496895246
2020-12-01,0.033758301679435866,0.0001529196395801724,0.00098670329269963,-0.7316311645743063,0.4905469405408557,4240637440.9660797,-0.05239340920038359,0.03440271373372501,0.029797391102224107,1.3163015064886976,0.017091271331886503,1.9411315727282505e-11,0.03823281566798255
2020-12-02,0.027997429494124117,0.0005581897772175211,0.00022566628106092992,0.42421499795115203,0.536142209312211,2049109615.60201,0.01866684798670193,0.03479099964700971,0.029930967262822385,1.205399309504108,0.01683466634177589,1.9088093818616773e-11,0.03847498049257296
2020-12-03,0.029137095351351932,0.0007709374523806129,7.803287313316148e-05,0.8161705520485936,0.7821581892261412,1695201269.41961,0.03172147668971995,0.03499126904447712,0.02986698274622845,1.121730983982871,0.01673623797380756,1.9932873093134656e-11,0.03861544246154639
2020-12-04,0.05273405575117122,6.899715011350656e-05,0.0027118834858541278,-0.9503774817076978,0.5995783450009399,1930987603.32641,-0.08202993484696819,0.03656203442677507,0.030074039497916493,1.128226959779387,0.01678193753853488,2.0940937351816648e-11,0.04006250957409535
2020-12-05,0.018838352785509306,0.0003548835356713062,0,1.0,0.6930402779392193,1234522304.91226,0.050291365789615315,0.03648486501486751,0.030121923705422073,1.0655618716052304,0.016863217044961586,2.13047363725602e-11,0.04002464399194744
2020-12-06,0.01678144825939958,0.00013613823926631626,0.00014547876641658888,-0.033167482651206975,0.5165837413256036,1210476905.56092,0.008141248129533155,0.03587974216709168,0.030079062697626113,0.9532301406119494,0.017347845734282087,2.0166354900234124e-11,0.03967332610561114
2020-12-07,0.02486535745951462,0.0001908477131588154,0.00042743828843062393,-0.38265555853375416,0.46916127342344804,989095671.2003,-0.016788532039304915,0.03602686722726655,0.030311982660087264,0.9384527626234724,0.017234984792520714,1.98024143777589e-11,0.0397597142501956
2020-12-08,0.03891036257413716,7.886520988967287e-07,0.0015132276635519172,-0.9989581986789123,0.5638417215768013,1856322580.7652102,-0.06396195493360243,0.03660116221117316,0.03032041416544649,0.998250587453241,0.017114424678854205,2.014900175187116e-11,0.04023183838770595
2020-12-09,0.050891757698065136,0.0019646308148993253,0.0006253401866992466,0.5171064183241615,0.6842363636660923,1926583484.51165,0.03224456241857978,0.03752204663576066,0.030891873261041196,0.9658635040699456,0.017347912114160677,2.079042278103402e-11,0.041164585306670394
2020-12-10,0.024993956009410827,0.0002288756910503382,0.00039582214595002544,-0.2672435296099641,0.35401651733188993,1286219630.44382,-0.02395546110462626,0.03796695209064027,0.030715982437038596,0.9973563720223997,0.016872243699746044,2.1019476128834822e-11,0.04138364677098848
2020-12-11,0.03338372580094933,0.0007651108599885156,0.00034936228836445474,0.37304494257082543,0.6865224712854128,1599364273.38403,-0.027074442411670233,0.03800210413608772,0.030762279475407443,1.1168479325804779,0.01686136806539032,2.0194652269379952e-11,0.041411680520920466
2020-12-12,0.028466725208650668,0.000728836291811761,8.151815229306645e-05,0.7988086500022421,0.8226377606184674,986473193.62934,0.042301076350685314,0.03659171081274356,0.031016364419875726,1.1330458011438314,0.0163278023818499,2.0787236745308402e-11,0.03991059169401109
2020-12-13,0.028618422931940887,0.0008163050875075655,2.7090436038744524e-06,0.9933846230462515,0.7026599419677269,1347203345.71772,0.03901427324263729,0.033758172701424005,0.03131364339998891,1.059878024129146,0.011339010063530008,2.2030730510804128e-11,0.03552555196537734
2020-12-14,0.015373412868298646,6.003018099315526e-05,0.00017631164222601514,-0.49200543369349764,0.514725173145623,1056642933.64741,-0.00779787344844166,0.03303820424786087,0.030662643194982634,0.8371514023203148,0.012016476084173361,2.147922880128677e-11,0.03505770459985258
2020-12-15,0.01722287436455104,0.00011231763740399822,0.00018430976397311119,-0.2427022123879502,0.501360014564734,1096639680.90851,0.00422085179707168,0.033165491577362045,0.030667688074333968,0.7916189156077349,0.01182344867095231,2.158500736489598e-11,0.035115337330426405
2020-12-16,0.05139490746248852,0.0026414365130777587,0,1.0,0.6950445631394585,2224121861.38123,0.0799381871612907,0.03370493133771785,0.031229641461771644,0.8852050148308033,0.012398494212184544,2.2179139205451962e-11,0.03581096101200969
2020-12-17,0.040236770151235224,0.0008148375885350581,0.0008041600836682759,0.006595132933236988,0.45060427693331245,4323918360.18859,0.008322256462869153,0.03312495790565415,0.03149688468792223,0.948295045585849,0.011747217346313477,2.1398246315672414e-11,0.03505265554026176
2020-12-18,0.028529654416299875,0.00039182653918108055,0.00042211464193241837,-0.03721166031911874,0.5186058301595594,1938890105.18305,0.017602180733354105,0.0324230753289761,0.03151877164711349,0.9455847371420597,0.011549476794902466,2.1768548481418317e-11,0.03432629172423116
2020-12-19,0.01378649290503047,8.384554328730483e-05,0.00010622184333315064,-0.1177282459853511,0.5547898904197118,1734368811.90602,0.006655269186947502,0.03113844804227774,0.03166681668086736,0.9419703931912448,0.012064222778699644,2.083295422147006e-11,0.03328990358966725
2020-12-20,0.027390354556528676,0.00029017706488925545,0.0004600544578430959,-0.22643329133271436,0.502984254013692,1784260076.65732,-0.03168896475561278,0.03016864313311854,0.0318074434236483,1.00857415742645,0.01146528473466838,1.9490202801385055e-11,0.03217670162688929
2020-12-21,0.06551933086027424,0.00015211168793339452,0.00414067102844469,-0.9291314291995034,0.951762885374951,2244492979.21308,-0.048259165338780226,0.03184908517087463,0.0324646974062502,1.0887113017204442,0.013819227255657067,1.937873805123416e-11,0.03458672301657032
2020-12-22,0.046111681938152814,0.0015562594674098861,0.0005700277437554825,0.4638280842190989,0.3241812576928109,2018867691.25137,0.046514037115712316,0.03243734137367068,0.032774972811862126,1.1081661706549357,0.014163210167855001,1.9887527919564724e-11,0.035259401899425634
2020-12-23,0.050598382801206584,9.607750823569135e-05,0.002464118833861747,-0.9249452031034621,0.696669907229069,2780347849.30735,-0.08489070305216125,0.033513577245436514,0.033044898471313464,1.2187050193543334,0.014658985464086482,2.0907654946236086e-11,0.03643916923954262
2020-12-24,0.03567334757242224,0.0012725877270228438,0,1.0,0.695645868687411,1850869925.29699,0.044789586741393585,0.033824827351201764,0.03279949726409395,1.3374405451786124,0.014630778690190992,2.1168926122758162e-11,0.03671491947536787
2020-12-25,0.04179824428620143,0.0010891041630789102,0.0006579890623300599,0.24676136022903544,0.41689368942195476,1624993202.28557,0.023994890558659786,0.03330407442429845,0.03320189970604376,1.415133528293695,0.01410942115172628,1.9849179897924364e-11,0.036038276042998814
2020-12-26,0.03458852764178739,0.0008105766580453062,0.0003857895863813839,0.3550644074444646,0.6004296198558251,1980966584.01513,0.01696389498833361,0.034054082750787876,0.03356989208368483,1.2260280489085467,0.013715128982234787,1.8317081442418122e-11,0.036589997886447186
2020-12-27,0.09852942186784643,0.008478079395906106,0.001229967577705947,0.7466086472285958,0.8517479803561355,4287976144.01719,0.07266804030447767,0.03794684339880915,0.03486233810510311,1.4885597402252335,0.01910836913142366,1.88038089961818e-11,0.04228126728056582
2020-12-28,0.049463684806604034,0.0020609471208308493,0.0003857089938162219,0.68470518475633,0.6683046349395062,3965092828.22437,0.06367531940788447,0.039118192320099124,0.035161741560013025,1.4663561845195772,0.01902011376764566,1.8760254483586552e-11,0.0432986236077959
2020-12-29,0.04066955195290135,0.0013563845438580378,0.00029762791219170424,0.640114061894642,0.5522749553012285,3062141882.8671103,0.0032638932089531334,0.03920196324289742,0.03542926170735107,1.4791576928884,0.01902302645384407,1.7170236109063917e-11,0.04337553791258063
2020-12-30,0.03137867589547296,0.0008554229027700567,0.00012919839818307898,0.7375673305909349,0.7289733448532765,2472826955.60816,0.026358918305192925,0.03827276887134541,0.03535038240544379,1.414024160539252,0.01889964522683789,1.6880844314452497e-11,0.0424851981914344
2020-12-31,0.018456047702837642,0.0001158218042315857,0.00022480389257783292,-0.31994676082005374,0.5071751740592669,2129347026.27606,-0.021285965794127445,0.037961439904365735,0.03521687309016973,1.3269206500283666,0.019181073901916357,1.6469976255176693e-11,0.04232569929244481
2021-01-01,0.019314949119481787,3.687887407422015e-05,0.00033618838541395017,-0.802293698327663,0.5406819839867427,1435726001.9156,-0.010102679743001431,0.03729149815762919,0.03522893471371366,0.894855981843934,0.019590281789664554,1.5998946842811297e-11,0.04190656008631069
2021-01-02,0.05827312778509025,0.0031657601157509983,0.00022999730610645853,0.864538435739823,0.799435755513326,3166570113.30716,0.0602553447004046,0.03871085066126917,0.035824437369742196,0.9270972183066796,0.01999453573363334,1.4863111738538736e-11,0.04335059637167173
2021-01-03,0.12820815627970042,0.016437331336640083,0,1.0,0.6268605670619948,8696957087.56834,0.23488279871651846,0.04345321891592439,0.0375023185621799,1.3639441432431243,0.027777012627026677,1.4770160073363463e-11,0.051215267221006056
2021-01-04,0.10116197945226929,0.004735001465638915,0.005498744621062438,-0.07462987150091589,0.537163352616841,12280790632.570961,0.062174676438654757,0.04753838875325632,0.03847021822374965,1.6817477653437207,0.029683845168721093,1.4659822060357232e-11,0.05566929554259408
2021-01-05,0.05875860719662548,0.0034525739196873276,0,1.0,0.5292292428016178,7963297766.14071,0.054265997836484905,0.049516280792878904,0.039108783306831686,1.8817671195740087,0.028937279566286812,1.4801041939925068e-11,0.057003101966009426
2021-01-06,0.0716473986805342,0.0049508369368114445,0.00018251280087596875,0.9288913437804487,0.41900767148545265,7952492225.25109,0.0963175811120174,0.05048068513659537,0.03937480609934453,2.134515393480101,0.029337730420263056,1.3666287752111344e-11,0.058034611812714736
2021-01-07,0.05198913118420676,0.001789657237236298,0.0009132125240523622,0.3242645005455494,0.5804771099623726,7101050891.0701,0.01158981867789922,0.051040321376260675,0.039751858392355705,2.0836042379012847,0.029244494432590345,1.3652355597612462e-11,0.0584775950674752
2021-01-08,0.08170971960247075,0.00483085574347864,0.0018456225340357537,0.44712692610665805,0.3637471821377153,8338888162.528351,-0.0074492656066316755,0.053572705432745005,0.04027804426533715,1.832389141817241,0.029499168296522774,1.3262585762901744e-11,0.060817740487768425
2021-01-09,0.0505134044222332,0.001897303698485434,0.0006543003278386544,0.4871458728796117,0.5458994370152742,5122826054.03456,0.049167200143716235,0.05532160598118324,0.04022916123499266,1.5559925579911198,0.02807686191814272,1.3536889819904792e-11,0.061735335778933934
2021-01-10,0.083080696505718,0.0017206466822433872,0.0051817554496318375,-0.5014353990482654,0.613152428444956,7633413010.30207,-0.017337466172889875,0.057973527026382726,0.0410597368410408,1.6337028367956574,0.027936472051944654,1.2799317276811207e-11,0.0640641256003311
2021-01-11,0.1367743748993425,0.009796665056580837,0.008910564572525054,0.047366740111915405,0.5207807716508119,11884458713.94124,-0.14611700303685957,0.06136662436157645,0.042260918996217596,1.8638839797139382,0.032802277805155086,1.2360919813372653e-11,0.06921426459101057
2021-01-12,0.08362463942971254,0.0028702159508311132,0.004122864368918322,-0.17912684551177746,0.2969786883699102,5979396463.61216,-0.03370359142697543,0.06315295567069834,0.04333100359269801,1.9616457520475836,0.03295108797907731,1.1532203387288814e-11,0.07086865651092968
2021-01-13,0.049072892552061084,0.002242971137101175,0.00016517764632495752,0.8628177399488124,0.3450730681918526,4284303782.76047,0.07314349647685771,0.0630803132778819,0.043794963390109375,1.7954313241179438,0.03298181623434751,1.0891252479981426e-11,0.07081755513802639
2021-01-14,0.06382399818699246,0.004073502744573216,0,1.0,0.5226212984338033,4801436186.553061,0.08838605094210586,0.06442082045000427,0.04441230561522772,1.831381105041601,0.03237875784472007,1.0615492695463965e-11,0.07175306976934885
2021-01-15,0.08032923459884389,0.0011666787680078793,0.00528610716322822,-0.6383953286408217,0.7882348963606151,5936014554.3996,-0.05469700416905519,0.06625562951251107,0.04537391278786152,1.7810546840091137,0.032123417369242784,1.0351125267843398e-11,0.0732979101091186
2021-01-16,0.06448946481961378,0.003298127811751557,0.0008607632609686454,0.5860611658647521,0.5658885465444071,4882690374.13278,0.05131939253670121,0.06767948366383614,0.046072810476497174,1.45021177848035,0.031301771749274725,1.0443841038779517e-11,0.07425399812289943
2021-01-17,0.06522891267510018,0.0014405128882074047,0.002814298160568441,-0.3228780917912416,0.57886038410533,4148284417.37915,0.002751591611205804,0.06609374513084822,0.04664011023224968,1.3558899758899046,0.030493851022180184,9.668430385915018e-12,0.07248433165900665
2021-01-18,0.038625547229402236,0.0013798485090055466,0.00011208438976523633,0.8497460712105972,0.5003439702757524,3145780782.70752,0.023537095531181405,0.06557764334145766,0.04690756762960778,1.3015642110680565,0.030878672583699366,9.260008597061555e-12,0.07217004451829756
2021-01-19,0.06885450790201438,0.0030751707555554085,0.0016657725028731516,0.2972822444513749,0.37528222137034223,8661460016.5314,0.07950172453316774,0.06691978410093923,0.04757430318500327,1.3061018547310248,0.03034991355603027,9.646337384511898e-12,0.0731813639572824
2021-01-20,0.10126569442960948,0.0039578437665290815,0.006296897101781959,-0.2280948261190066,0.6140474130595034,7735368865.48017,0.008636122734410813,0.07024773736446954,0.04868085095719187,1.3719144923272757,0.030088399350574894,9.191909726805768e-12,0.07613767986851526
2021-01-21,0.12997052982435295,0.0012305464177768091,0.015661792205046206,-0.8543071571967858,0.6306234170677711,8422222242.52244,-0.21605786249713047,0.0755579507988274,0.05049544759794448,1.6145107093263238,0.03033026758017962,9.937473177060563e-12,0.08114877141251839
2021-01-22,0.06832480172473768,0.003733754564108218,0.0009345239666164984,0.599628016852105,0.4557333008070177,6400413550.76259,0.10470821898817702,0.0778917533038396,0.0510617851991855,1.6066396329715826,0.027543752940141077,1.0381423994579407e-11,0.08239937482663351
2021-01-23,0.049833086753086286,0.0010898549423495121,0.0013934815929911117,-0.12226560770989221,0.4110118985733457,3621490157.81458,0.0009068092273892085,0.07748984658802989,0.05093080268734754,1.6319375157148615,0.027903559551372272,9.487224610318564e-12,0.08213530518708984
2021-01-24,0.05824624158634194,0.0031178395739054976,0.0002747850850290112,0.8380103237737413,0.6992312041499102,4990725961.73751,0.12075231653310235,0.0741583268407271,0.050456572819358496,1.581199109033069,0.025629146111273707,9.353313754871584e-12,0.07826258269258826
2021-01-25,0.06367013072417167,0.0002516449642982715,0.0038022405821348387,-0.8758499906245819,0.5898113590595752,7203921848.371901,-0.05576414008560524,0.07237300071081769,0.05098319790397829,1.4301668278236797,0.024950884186819833,9.480839687766992e-12,0.0763593660029214
2021-01-26,0.059925124882504316,0.0028005923022970444,0.0007904282898866941,0.559775128214441,0.6779379744423976,6419154907.36397,0.03712469444040166,0.07242854917205002,0.05170344051409699,1.153265428746338,0.024920338618984794,9.431740200672864e-12,0.07640252270087955
2021-01-27,0.051701635422928376,0.0006307621854212129,0.0020422969199841894,-0.5280596795291961,0.43741394331950045,6718585856.24908,-0.09975929430092437,0.07147875092168783,0.05188812246533368,1.0855584220832515,0.025328359445615716,9.562056179377607e-12,0.07563192962157636
2021-01-28,0.04235590444192238,0.0015778284358291166,0.00021619420526414337,0.7589838608364532,0.7711293288967473,4544323851.2889595,0.07113233298580238,0.07102002583872191,0.051728435040212246,1.0587400513025966,0.02578215637893969,1.0229717119033768e-11,0.07534527419810788
2021-01-29,0.08892121819121276,0.0063592056129546165,0.00154777743165465,0.6085036674740624,0.7337381451954532,6852570488.05573,0.03813504303738773,0.07136343053342391,0.05245307043171501,1.1547792421975864,0.025978932256127216,1.0452181635574848e-11,0.075733122272146
2021-01-30,0.024141636067250376,0.0005600235564131094,2.2795035590454775e-05,0.9217765668315695,0.9087432666313109,3218442098.5012197,-0.001201757896333335,0.07010763204032948,0.052189228687930155,1.0089319423674474,0.027622594990493493,1.0012930501436077e-11,0.07511161109801347
2021-01-31,0.03582942520760033,6.790162644284891e-05,0.0012158460842641775,-0.8942134410421624,0.8705762524613564,2789247028.64788,-0.04998181579153117,0.06785757150232388,0.051999913887275054,0.9156374931963894,0.028425808626407152,1.0758083139064073e-11,0.07330892953319289
2021-02-01,0.050460839577780185,0.001788925827115496,0.0007573705037789713,0.4051199032966278,0.38776933139484576,3023615300.24649,0.047146377603294674,0.06374740315367806,0.052321037562043045,0.9049008942873495,0.023831585397907522,1.0915126964418586e-11,0.06785743066906422
2021-02-02,0.07131024068840447,0.005074612957861443,1.053746917673251e-05,0.995855591952323,0.7789720694378242,7431220730.79352,0.09652839082160646,0.06316100321361577,0.052917100085994935,1.0074603824173958,0.02346674250772222,1.126526758049153e-11,0.06718464923322913
2021-02-03,0.049094772183964214,0.0023833049459597018,2.6991709835644988e-05,0.9776029977299715,0.6052537688066859,6966221755.1702,0.09421833910458441,0.06316204510084925,0.05325197854138922,0.8512299904694572,0.02346608621931441,1.1096343417446758e-11,0.06718541041199841
2021-02-04,0.07058478190233171,0.0022307818616091294,0.002751429574590605,-0.10450132830544989,0.4302909867468677,8136508279.05647,-0.042985066925268926,0.06348398718253208,0.053909878327912705,1.0058622798216872,0.02352193264593564,1.0471330758968268e-11,0.06750667533427394
2021-02-05,0.05233766153844305,0.002382928345003615,0.0003563024703090054,0.7398521743277471,0.7970103232203913,5947779584.53895,0.07554184369535334,0.0621510551320368,0.053903586356282104,1.0569696124657735,0.02331179278602354,1.0637350548834553e-11,0.06618395014492526
2021-02-06,0.02904587191059827,0.0004347839285011949,0.0004088787465456868,0.03070561578899829,0.48498277034349113,5059220432.8374,-0.024522089719486086,0.060463264993512254,0.05406561046937875,0.9828311403522272,0.024392065623520212,1.0367661742658886e-11,0.06498036040104062
2021-02-07,0.0655565042851675,0.0011527072595215145,0.003144947994569671,-0.46356457585834215,0.7288568479717928,6470840190.457399,-0.040955237090038954,0.06047886459399165,0.05483981770788301,0.9578455762854592,0.024395370345622065,1.0637466073703701e-11,0.06499605709658271
2021-02-08,0.06884966507545387,0.00430328687833481,0.00043698950266736253,0.8156269940635927,0.3967312205407813,6554958213.11899,0.08534073078961045,0.06191810830094649,0.05553798132083442,1.0154833249553212,0.023928732556756867,1.0901139801032022e-11,0.06617530098961122
2021-02-09,0.01870586150552254,0.0003155189031212696,3.439035154252048e-05,0.8034327410084399,0.6646963965020242,5963865015.44841,0.00861509586283873,0.05953007752016116,0.05521727495466593,0.8351430527928838,0.025642847889742387,1.053284260478551e-11,0.06457610706556649
2021-02-10,0.05019027295254823,0.000281654733093831,0.002237408765957463,-0.77638139475253,0.8358367806051362,6073425415.1568,-0.0157531072594419,0.05709791459268205,0.05520614027616567,0.8221943389265202,0.023845606976816935,1.060319166268687e-11,0.061657992302143104
2021-02-11,0.025194988340855314,0.0006016671184453953,3.312031905044002e-05,0.8956491036398075,0.5636190604289942,3999256495.29382,0.026055790641646835,0.052108603093467876,0.05520933126555368,0.8093845768564104,0.01810646332200569,9.691851211399617e-12,0.05502307616507767
2021-02-12,0.031371888918370616,0.0009824307308709645,1.7646834356204224e-06,0.9964139572081553,0.933147052863179,4780809285.802959,0.02960242582472086,0.05034894057887897,0.055177397346782585,0.6850604202039082,0.0182467830615199,9.20767624358588e-12,0.053405115684873244
2021-02-13,0.043028721153272026,0.0004373504001142978,0.001414120443971742,-0.5275643669882455,0.6353507372757572,4331083291.8682,-0.013690088438514674,0.05002492316936401,0.05540854013955435,0.5895573835188874,0.01831668176313302,9.346271278307927e-12,0.053122665020441134
2021-02-14,0.021780675746386688,0.00014534061465733194,0.00032905722131190544,-0.3872627417855395,0.6856633329722336,3236470817.88099,-0.007880862006472656,0.04828846765317566,0.05530000446994238,0.605545181564753,0.019205263886837243,8.31006538107412e-12,0.051798208046495535
2021-02-15,0.0393486722289127,0.0008766397541437195,0.0006716782520346864,0.1323768769020027,0.4338115615489987,5714101385.26495,-0.012640531566230146,0.04713030296292523,0.05568056414233308,0.567427904358838,0.018963121246533397,8.046796873990071e-12,0.05063340415986176
2021-02-16,0.026890641349700754,0.0002830830336354399,0.0004400235585627961,-0.21703650142402758,0.3914817492879862,4526508138.96013,0.0016658958040549226,0.045557232318506016,0.055834020761144985,0.5736909204125353,0.019217141054511222,7.788921022792413e-12,0.049266360566650985
2021-02-17,0.03404495892956903,0.0011590592285160423,0,1.0,0.7231916965144335,4236223610.15366,0.03607817467275266,0.04471643819977462,0.05555862475268594,0.5796759684192142,0.01932084796987395,7.487412980381141e-12,0.048529156712747816
2021-02-18,0.01215757899280422,0.00014756276429600347,2.439626702709982e-07,0.9966988962508226,0.47218161312270895,4677799273.31045,0.0482218804366255,0.04327842270219756,0.05511292330572672,0.47339134075040845,0.02058759925141868,7.232920655478055e-12,0.047714649922685065
2021-02-19,0.01733340650970736,0.0002893493217144429,1.1097659516322548e-05,0.9261256713523195,0.623320817953085,3766473154.64299,0.008954594798923738,0.039869479288792545,0.05493520508498716,0.4642814983319328,0.01847000967082187,7.08112908119996e-12,0.043754677626813405
2021-02-20,0.04806754441130855,0.00012191183723739437,0.0021885769884957256,-0.8944709570722881,0.745642506193056,6470877708.6009,-0.02272654917440296,0.04100880825755722,0.05547934875968998,0.4951852250268328,0.01818709554007494,7.230592431479057e-12,0.044684917202075514
2021-02-21,0.03408641301972527,0.0006904676557299953,0.0004714158968213013,0.18853159460575372,0.5836438159265833,3961287537.73876,0.0105164039509609,0.04092580767718222,0.05558563540196294,0.5234891793297264,0.018215869125166192,6.503703333092444e-12,0.04461993691396338
2021-02-22,0.06451644193835816,0.00045716431081087175,0.0037052069695746688,-0.7803346794337256,0.4839849019208903,8838825736.40233,-0.08423756595828315,0.041595122075304976,0.0555697165301865,0.6275585989156517,0.018831557734516526,6.215021686609717e-12,0.04547411043859832
2021-02-23,0.1788185319554628,0.013922002469479906,0.018054064901226963,-0.12922359663066077,0.24476661641786618,10942958835.92679,-0.11834625729898264,0.04671456451659347,0.057676174466969196,1.1735370137708658,0.03499245973778695,6.11146253087807e-12,0.05786548690404541
2021-02-24,0.04585460122536473,0.000649376820867475,0.0014532676326697459,-0.3823237021598718,0.6479430101068134,5867227964.60702,0.02761331972128919,0.046560270661422064,0.05760087634671774,1.2670975351504672,0.03498858312354664,5.691526260456208e-12,0.057738760549329575
2021-02-25,0.07510156372919458,0.0003602892377796716,0.005279955636790602,-0.8722434058123685,0.7996072502439343,4711814880.46952,-0.09140204146924619,0.0467753555103203,0.05822672104761888,1.3684592270595528,0.03515712997255735,6.363692543849514e-12,0.05800947677241632
2021-02-26,0.07636924150818364,0.002349825093478448,0.0034824359550568312,-0.194197559429002,0.28674065713369884,5737181606.49004,-0.02517716790563184,0.04791971646126032,0.058775467035269396,1.5021348859508417,0.03573362128062525,5.967862689876323e-12,0.059265390822743194
2021-02-27,0.056313458928856565,0.0015359621477101745,0.0016352435088218405,-0.03130713421476384,0.48434643289261814,3756706927.66827,0.009152924942978527,0.04921817298593929,0.05912030721442922,1.467650178017199,0.03550821096926508,5.853072826344089e-12,0.060193205010559234
2021-02-28,0.07531593797269671,0.0037153624830135036,0.0019571280296935964,0.3099581126458015,0.4981779405712132,5629627203.07104,-0.027009608085482344,0.04968290792344069,0.05875183921609352,1.1026867818435349,0.035795444991376074,5.780147212846872e-12,0.06073458878671684
2021-03-01,0.07596929729648019,0.005150998787716072,0.0006203353440049209,0.785028788891161,0.6118389503836529,4093786528.92125,0.10121095641573358,0.05002193802920384,0.05917256322386933,1.1846024191008717,0.03601907380784139,6.3374711444316406e-12,0.061137453849674325
2021-03-02,0.053353582890406336,0.0003505245272948049,0.0024960802799486553,-0.7537244886238781,0.8070267111909706,4419676882.475571,-0.055563304769488384,0.05167182952372212,0.05937389704827417,1.1025363030147317,0.03529922930272081,6.867340352583879e-12,0.06210216202057392
2021-03-03,0.04640630079002825,0.0015187953017588502,0.0006347494512557268,0.4105073039534551,0.3748183822455528,4859941588.272329,0.05395318629116188,0.05149164037312593,0.05961243077675917,1.00785998457745,0.03531682371021153,7.27247538737907e-12,0.06196186628125751
2021-03-04,0.03583810998237973,0.0002507402214145716,0.0010336299056945746,-0.6095514585364323,0.7763739718458853,4819190828.6856,-0.01797225891994773,0.051998455689388996,0.059888336527228095,0.9650786878996765,0.034995489529430865,7.1398159501751396e-12,0.06221097477202589
2021-03-05,0.035262613995542674,0.0012055284105725761,3.792353522606607e-05,0.9390028133307419,0.9531716682657326,4547100964.24997,-0.007047557649698022,0.052183728312111474,0.06014147406494335,0.8459670907033874,0.034890971642885626,6.918767069722284e-12,0.06231011901131558
2021-03-06,0.06746894140953191,0.004102441733258587,0.0004496163216642635,0.8024558051591528,0.5286708336099157,4507498262.312,0.07671890012412758,0.05334754832431433,0.060287439360569406,0.8148065346015665,0.03497783413078291,7.578738091800406e-12,0.06333364289377755
2021-03-07,0.04814690411916231,0.002063147350094434,0.00025497702616537454,0.780014369568238,0.6990670589148654,4288738410.50978,0.04459282864104596,0.05460308300873221,0.05901662583421166,0.8023780119505656,0.034253797710027276,7.957911391421305e-12,0.06402301792414303
2021-03-08,0.04729745819253301,0.0018698448708702145,0.00036720468060419317,0.6717062611669252,0.4736946878684061,6080210583.95216,0.05985452916460715,0.054981596626047465,0.05816163343326346,0.8065305867299922,0.034120462726329376,8.3213394670335e-12,0.06427864003203031
2021-03-09,0.03163948649749081,0.0006308925969345098,0.0003701645088903931,0.26045276191238703,0.5550193243514533,4512195932.80944,0.020951308194183837,0.05520773210927557,0.057731171199943865,0.8036165044287783,0.03394024011973127,8.524921893464592e-12,0.06438151367521158
2021-03-10,0.03125958826785411,0.00036582682321602104,0.0006113350354597412,-0.25124620866437614,0.625623104332188,6215915591.53833,-0.041731642997637215,0.055075095411098667,0.05709009484418704,0.7940739489704578,0.03403239572093497,8.439068899129608e-12,0.06431420934439956
2021-03-11,0.028701111571645597,0.00044543315295362743,0.0003783206524944213,0.08147155134864949,0.4590238542075682,5482129545.41183,0.017762064406686907,0.05586288267675778,0.056720443739225745,0.6683973639501916,0.03316980569273868,8.102465346522327e-12,0.06456396425029548
2021-03-12,0.03139449538267849,0.00023926595881683786,0.0007463483815161832,-0.5144836087997781,0.4325829242398353,4887332853.92612,-0.034215327334695525,0.05653245833737545,0.05592178938653063,0.6282482262185058,0.0324880644807254,8.322625808791743e-12,0.06481614379777263
2021-03-13,0.05522869611763527,0.0030441602872986273,6.048587555473858e-06,0.9960339846852206,0.6657131230479933,5136048302.61478,0.08543052357545217,0.056873465561486244,0.05599663528645765,0.6632990170162713,0.03243230619132759,8.947453653358719e-12,0.06508730491468667
2021-03-14,0.023265472537715604,5.9787946624442334e-05,0.00048149426577875654,-0.7790877096847714,0.29647553792392894,4225374618.59173,-0.03941731003284554,0.05635818268139055,0.05504718728696555,0.6372336401413013,0.032895106994755646,9.265259333896097e-12,0.06485988603357579
2021-03-15,0.0544605573260229,0.0001434743050709226,0.002822477999190104,-0.9032524529374253,0.8948448600336274,5932093091.82662,-0.030512134118656567,0.055879331033184106,0.05374061875405572,0.726404562543191,0.03284356085665278,9.056362537611236e-12,0.06441919344490456
2021-03-16,0.03242184619053654,0.0009276463840089505,0.00012352972639385857,0.7649685430036605,0.7185479106208782,4444439699.43044,0.006751192939192708,0.04890806028247333,0.05292787600422752,0.7516968714013165,0.017305527055183394,8.613704842717556e-12,0.0517418458750144
2021-03-17,0.03675872708693814,0.0011313419496598543,0.0002198620673921455,0.6745686593326871,0.7123292612355857,3879170125.6968803,0.010195462962114097,0.048474923418738734,0.052732413060336686,0.7790666827761945,0.017498526023124263,8.514747376471375e-12,0.0513948999087057
2021-03-18,0.03564356966620692,0.00016693999193073556,0.001103524066619011,-0.7371984027296293,0.7259512626115874,3527078371.44721,-0.02686453696712709,0.04659597132050123,0.05228510467111787,0.7103317687660146,0.016591404768437283,7.953708114872863e-12,0.04932900704314851
2021-03-19,0.01934735535592247,0.0002769406924482969,9.737946682004489e-05,0.4796995865230132,0.5491219752423093,3259787302.19901,0.01866525420712013,0.04388064340848879,0.05131713833392864,0.6994582110810375,0.016134900958874827,8.017398150331438e-12,0.046620263713915706
2021-03-20,0.027948413329363986,0.00018414898272123194,0.0005969648249077385,-0.52849640878784,0.6832764560867753,2573392189.53617,-0.002039581846714931,0.04252992695137009,0.050737121643607205,0.6037044058928126,0.01622906112300787,7.939119249515591e-12,0.04538320274273549
2021-03-21,0.013547438928316096,9.884780867512769e-05,8.468529284132667e-05,0.07716600284516684,0.4363882863818431,2801382704.1901197,-0.012672422585920658,0.03958856985401864,0.04991678079048365,0.5445980320398788,0.015574060772556226,7.926065437012239e-12,0.04240585062047243
2021-03-22,0.04220712373172455,2.6217153937632494e-05,0.0017552241397674729,-0.970566356544812,0.6284353823011598,3606818027.203,-0.05949591817097438,0.03798084730331598,0.04997363121115544,0.584333524392988,0.013190994402076878,7.534271955750554e-12,0.04010313291748472
2021-03-23,0.02860676663453685,0.00011806915014715062,0.0007002779471357001,-0.711444812258333,0.635625462589707,3172273699.64815,-0.007359052485912498,0.03680242748160792,0.049334778175163733,0.5625309953210579,0.012849974545629597,7.046081541200105e-12,0.03888029795826071
2021-03-24,0.06400484887601963,0.0002531834079454255,0.0038434372716966854,-0.8763940194884998,0.66092749298241,4399210528.81931,-0.05366294915670037,0.03764045358094084,0.04874333618224961,0.7495567286270425,0.014027519775525367,7.0983054176002515e-12,0.04005252794020165
2021-03-25,0.0184091028679177,0.00019256688344513234,0.0001463281849564433,0.13643957318935737,0.44189975064683723,3902283814.32379,0.0034642613467098654,0.036810500861204555,0.04697251988135381,0.7191522563868936,0.01464164843348961,6.962993121713564e-12,0.03948648341594141
2021-03-26,0.029917879178375337,0.0008461170403863968,4.896245414546769e-05,0.8905964119509283,0.46081453375708353,2675730180.49903,0.06799369956517652,0.03655598967943468,0.04636288619014171,0.7994393676716604,0.014716163498237797,8.09924873010919e-12,0.03927586037518947
2021-03-27,0.015441642404547597,0.00019167546038458675,4.6768859765335766e-05,0.6077167219925413,0.6994211731090688,2399338118.75358,0.00886472972739934,0.0340784992506259,0.045816990248101416,0.6938337779202566,0.01358789406602973,7.464695035268694e-12,0.03656751331940756
2021-03-28,0.02327924157038887,7.766499395235665e-05,0.00046425809414016463,-0.7133726329109747,0.7344287525165244,1983034035.73383,-0.01518939161897144,0.032894324843541455,0.04526195850181645,0.6773141693044838,0.013382588696395307,7.334314855055878e-12,0.035392118001651124
2021-03-29,0.04108134750716819,0.0016876770827634693,3.024124452584356e-11,0.9999999641622863,0.7453091857829565,3435359910.8272,0.07425096207317634,0.03259831957280979,0.044903406387260834,0.5747998820827971,0.01311413491740369,7.894771140703005e-12,0.03502058572232504
2021-03-30,0.030107434689550093,0.0006933851815113106,0.0002130724420742138,0.5298788679576693,0.3299468027769626,2977548709.20566,0.013654475280453838,0.032525364724812614,0.0444301097175314,0.641381789862833,0.013123993425527704,7.892035370323968e-12,0.03495621099440302
2021-03-31,0.037070010186320154,0.0013377984167279593,3.638723848592063e-05,0.9470417430892811,0.560949662916058,5049966053.5153,0.04229490067938688,0.032802051482834806,0.0441978616979027,0.6708729181213833,0.013157180576009318,7.971159570764802e-12,0.0352255955543475
2021-04-01,0.02089074771695716,0.0004108308059158412,2.559253425770966e-05,0.8827169314659827,0.5922948293183685,4435453780.00105,0.02397868694419539,0.03243012939451632,0.043857144924490554,0.699720701845198,0.013387278693981838,8.074309431930374e-12,0.03496281273422165
2021-04-02,0.04890744975979935,0.0023514792550792586,4.0459386928038634e-05,0.9661702133846665,0.5123358704041168,5678697553.59085,0.08196885871673006,0.03326407960295064,0.04322200574303954,0.817852377911132,0.013856783958169002,8.42829176869633e-12,0.03590774426467783
2021-04-03,0.045670890152598134,0.00019371245342031772,0.0018921177539103677,-0.8142586556283324,0.7983791549398754,6150272520.34633,-0.06043316536276644,0.03280894598556792,0.04356373993487046,0.8472478981748525,0.013242627616606105,8.104129056785134e-12,0.035262491467363904
2021-04-04,0.02094781152645814,0.0003923015264140099,4.650928133400269e-05,0.7880212587621103,0.57951138493576,3330679833.83388,0.031828658499108806,0.03269858117550804,0.0433275238446936,0.8136113904248605,0.01333547254661773,8.114961965314742e-12,0.035193233920571235
2021-04-05,0.03248967660110379,0.001031138945393472,2.4440140250838724e-05,0.9536933980916821,0.7669397160183288,4215186592.34909,0.015520105230677044,0.0316523487600357,0.04304226728950826,0.8041022668664829,0.012369660359861635,8.045361016769335e-12,0.03387615032025604
2021-04-06,0.022737699275980055,0.00025815011727672746,0.0002588528510881765,-0.001359245216079787,0.4089146278176913,4675497907.26923,0.0019314255470417746,0.03119119890696158,0.04227127456867613,0.8225540801798265,0.012519151238338555,7.99269792748359e-12,0.0334986080939651
2021-04-07,0.05031758182184173,1.5446082035687455e-05,0.00251641295836205,-0.9877986240235073,0.8638595223902658,6331327536.5734,-0.07311313243865725,0.0318368586562427,0.042290684245467836,0.8223249925811841,0.013154181276672039,8.417439702505652e-12,0.034327516834333244
2021-04-08,0.03933784943095575,0.0013094730296934,0.00023799336815914538,0.692409000299568,0.6237207051069807,3355215507.54095,0.057671607100120564,0.032012776740278366,0.04179470119036663,0.8004289863064383,0.013232107965970172,8.873248762672015e-12,0.03451911064319705
2021-04-09,0.01564589970790646,7.660027414529999e-05,0.0001681939035245675,-0.3741658819303776,0.579903130425791,2571500898.67981,-0.006746948515272002,0.03183651694751569,0.041212292272421604,0.7917821399931979,0.013432391766930172,8.725526278243787e-12,0.034429654307175935
2021-04-10,0.01653364496177303,9.766609636451748e-05,0.00017569531935744524,-0.2854434404608574,0.5981761946579786,4462334737.25942,0.03232456655154217,0.03129295654905898,0.04101368549545612,0.7137188075725541,0.013822877589037373,9.032731188850531e-12,0.03407671360889623
2021-04-11,0.012012754910406721,8.54495794634678e-05,5.8856701074033e-05,0.1842808108585691,0.49344482821018293,2765613090.77921,0.008883685703651495,0.031219876357729968,0.04016378471172976,0.6713161995380416,0.013925066465600027,8.970281790624438e-12,0.03404929465534628
2021-04-12,0.028262835946930312,0.00034283453916074446,0.0004559533566023518,-0.1416130840760211,0.32183930971109875,3572221905.88937,-0.007367905310743737,0.030555862653692145,0.03951954932873733,0.5599821124851342,0.013705682774636165,8.283003313169922e-12,0.03335508128571977
2021-04-13,0.03780675900058201,0.0014293510261280886,0,1.0,0.6573049627323311,5176595617.26422,0.07382712538384288,0.030993957528265725,0.03982273817786525,0.5508331500010883,0.013787060708176603,8.851665697715884e-12,0.03378841329154241
2021-04-14,0.046994534347307944,0.0018402997350851528,0.0003681865234351534,0.6665711439093673,0.7656119823496422,7962169647.2472,0.05652285019740534,0.030183942550708026,0.039772012168258264,0.7062748437026665,0.012153562771563275,8.608837704300033e-12,0.03243062919293299
2021-04-15,0.02591843880248735,0.00041816293071518626,0.0002536025392430956,0.24496702916616153,0.36013883556922793,6417301595.81241,0.033538295542252794,0.03054152997616372,0.03978349550891909,0.7517881152323587,0.011897571578716225,8.815431892084713e-12,0.03267409801895406
2021-04-16,0.03955734946302961,0.00033884262148066007,0.0012259412750595892,-0.5669144829137824,0.5765774912641339,8482048892.07963,-0.03742396725481295,0.031000552370671067,0.03991342345407241,0.8888524829734288,0.012057187726380987,7.81547325315653e-12,0.033158518772136686
2021-04-17,0.04715506272030977,0.00021140276002785334,0.0020121971801284953,-0.809855400506092,0.3340715381178595,4945909137.13609,-0.04529443362174393,0.03251071524285022,0.03997892093926348,0.9747120126249303,0.011996898792554302,8.075630529033071e-12,0.03455457404110846
2021-04-18,0.0929490508272675,0.003294908968598296,0.005344617081091659,-0.23724774955298855,0.6186238747764943,9242083489.27048,-0.03715261825872623,0.035828325207463485,0.04110857768657905,1.2174432250994236,0.017628026919371584,7.902309910767839e-12,0.03974441757267171
2021-04-19,0.082926992179031,0.0017862260779628319,0.005090659953898236,-0.4805131073316824,0.71093768290505,6625482639.95203,-0.03300383447215606,0.03782097495374267,0.041800297050866644,1.3522041164959688,0.020398839593688826,7.110291434404827e-12,0.04274019086063027
2021-04-20,0.07734355899964698,0.0059219480221963305,6.0078096535544156e-05,0.9799137966491259,0.6125141329539122,7390689083.89487,0.07446591623769662,0.040070314206604424,0.0426011370135642,1.556741065601398,0.022043750829969285,7.371711827722466e-12,0.045479859857603076
2021-04-21,0.0823835223580469,0.005536026130767774,0.0012510186253510394,0.631351001708603,0.8128100440501154,8376213677.30245,0.012297098638658325,0.04222810050049618,0.04336841579814321,1.730207508928607,0.023876942745498578,7.042798178997285e-12,0.04823041413826345
2021-04-22,0.08146800840996728,0.0026005595552391473,0.004036476839047351,-0.21634916527568168,0.48836464223458853,16634756435.858011,0.016615385341473745,0.04511273196206809,0.044468581344447394,1.8522546209815465,0.0248111996629748,6.832926505813222e-12,0.051200001330463804
2021-04-23,0.10083352561073183,0.005670552747271983,0.004496847139818131,0.11543812778959789,0.5136854694394324,15240128936.7881,-0.012806732261457496,0.047585402240683916,0.04579398006033667,1.8622406373451748,0.02763505334855608,6.185587585783078e-12,0.05469643677177841
2021-04-24,0.060287039279697995,0.0011033210770118615,0.002531206028099988,-0.39286677738070813,0.5017728709880552,7712787520.22163,-0.06682822829419097,0.04828140934197439,0.04598794029634285,1.842794532400989,0.027768162304067097,6.130278333443439e-12,0.05536648505054358
2021-04-25,0.06054541348636445,0.002684683929940305,0.000981063164294537,0.4647403985738868,0.4426829183169188,8083675412.6014,0.046372493670215405,0.05016700943530326,0.04640792443073395,1.756004228385991,0.0271569804480011,5.948390514850649e-12,0.05673721265220838
2021-04-26,0.032715300274686936,0.0010050093151481871,6.528155691474403e-05,0.8780115599997276,0.6699807866266851,8646978933.32786,0.08802456193839507,0.050177753419759594,0.04590314440432647,1.5547837899471708,0.02714968082083168,6.257812207387362e-12,0.05674338605335378
2021-04-27,0.047845977099701474,0.002044050251929828,0.0002451872726953296,0.7857913212955245,0.5296008367419149,6743588001.19054,0.05160912702491943,0.051373385697079665,0.04382421496217152,1.414700763144381,0.026424007753802208,6.602572744677532e-12,0.05748220579037154
2021-04-28,0.03740373712549267,0.0013385852410497424,6.045430990321613e-05,0.9135774112146615,0.6558864871652004,10332188911.34269,0.029559384413432668,0.05075844071153924,0.043690074262173556,1.1260975366712727,0.026599491321086,6.1889092386851916e-12,0.0570110532906994
2021-04-29,0.0280639886047184,0.0004513391752996807,0.00033624828110608343,0.14613093854849635,0.4269345307257518,7750499577.3932,0.003925582484159185,0.050221590196004126,0.04294344608559457,0.9925742050700408,0.026952935502505656,5.3945211181000715e-12,0.05669281688024949
2021-04-30,0.024300078501433228,0.0004070305299198859,0.0001834632852559314,0.3786106457311296,0.46438089178404085,5412494300.94511,0.00506119692893992,0.050633693948076826,0.04211695143469377,0.8357080221114008,0.02645949226676102,5.314109479649717e-12,0.05683781640173894
2021-05-01,0.023361183632872356,0.0005448671267324825,8.777739963007836e-07,0.9967832077033477,0.8147152837039237,6589470501.422501,0.06080363281930241,0.0509588148371768,0.04159389944586862,0.7996183844651604,0.02605844519812841,5.408563013429396e-12,0.05695180432138183
2021-05-02,0.019576187778423265,0.00034214480103277566,4.1082326903312855e-05,0.7855980231641417,0.5356970088029623,6086611127.85545,0.0013496148186726972,0.05131897830708235,0.04070914150627698,0.6665959040046069,0.02554036114460828,5.266160205944513e-12,0.057051601192871206
2021-05-03,0.065438375214846,0.004282180950758971,0,1.0,0.4391619999643103,16382343434.80363,0.15142577616810904,0.053089242081744994,0.040541984012917705,0.797535778905527,0.02514772564863288,5.6080971181250885e-12,0.058487272619195806
2021-05-04,0.11884718600963565,0.005918139495842209,0.008206514126566727,-0.16201279634170881,0.3923882297038371,23227206677.60779,-0.056932992166858466,0.056948310034557074,0.04158156501481024,1.2062819431358254,0.028658309869672088,5.045688546201254e-12,0.06344524629397105
2021-05-05,0.05580024413621207,0.0029107330151323095,0.0002029342305285597,0.869649378358356,0.8253051079370313,12937893760.98514,0.08417077844878923,0.05736762954831441,0.041730675226654426,1.3637136119827422,0.028569671411000506,5.0174423676627515e-12,0.06378403510152952
2021-05-06,0.03540559780620443,0.0007318617846534238,0.000521694571361284,0.16765677289555697,0.5381628797859203,10632727893.23226,-0.010134096043717521,0.05781939902468189,0.04172380995401673,1.4290593171063495,0.028118957770043237,4.813960169124023e-12,0.06400083953934198
2021-05-07,0.03776305908285846,0.0011421375034440554,0.0002839111278514032,0.6018212540290562,0.7915295405199676,8094167086.99724,-0.0034957700691540957,0.05773395662562612,0.04176349955857729,1.5230018189133439,0.028179883543642044,4.624424450589567e-12,0.06394920656691894
2021-05-08,0.06053612855017165,0.00366157607290814,3.046786934766909e-06,0.9983371893636566,0.6403849217824303,11602305090.60812,0.11736608018508139,0.058371150236571925,0.04165345491001602,1.4818191409633703,0.028079823336556883,4.670033797134682e-12,0.06448349524933616
2021-05-09,0.031598688112123886,0.0005411481339438055,0.00045732895646347397,0.08394702120420368,0.45231612877046934,12120213502.67268,0.0033303783446964864,0.05544970439299367,0.0413907848146662,1.0623929976929345,0.02748766207686068,4.491692804706344e-12,0.06159757856701514
2021-05-10,0.048935445169203014,0.0005875825247326704,0.0018070952691754039,-0.5092596371608344,0.663097604573159,20426765812.22148,0.005712009193944622,0.05383105929728757,0.04141678460794668,1.0211346404720751,0.026780445578190815,4.267801642401662e-12,0.05983997992812191
2021-05-11,0.04011480827398666,0.0016091978428587088,0,1.0,0.41295300493643056,13477585470.55893,0.05553571033404768,0.0520582616436847,0.04155131352503391,1.0399781866060032,0.02637531437279614,3.9842282496244415e-12,0.058074032750441144
2021-05-12,0.07351618046838176,0,0.005404628790659676,-1.0,0.7788481276475662,20540714054.05621,-0.0867168695511885,0.05163600726798635,0.04222205308377244,1.2011070052026271,0.025932817754976085,4.1153524942781284e-12,0.057504468941211695
2021-05-13,0.06654581613736903,0.0003624163012394704,0.004065929344149052,-0.8363197770630781,0.7637580673305979,22134721314.84749,-0.02926027426159728,0.05092542668357692,0.04282276268005377,1.2088861211296664,0.02527050793171429,4.130737348607288e-12,0.05658257857559389
2021-05-14,0.054001110850388695,0.0025340895275644975,0.00038203044551147,0.7379871548230587,0.3552569432663324,12181077842.13998,0.09252141811395477,0.04869531169498915,0.0431815978462079,1.3129966352532205,0.022567865702142937,4.452412288737541e-12,0.053444262131109775
2021-05-15,0.052608535648369904,0,0.002767658023065807,-1.0,0.35153769467550805,12859384950.05047,-0.1116444099576672,0.048329668664925905,0.043140007997489405,1.3197352228457415,0.022432464007522995,4.453237949209537e-12,0.05305666475233196
2021-05-16,0.0891175360674922,0.002130865579133645,0.005811069655607129,-0.4633888300139992,0.45752145464795735,15266100829.69663,-0.01870490471494062,0.0496902459306939,0.0441852788471684,1.5148204996252788,0.024020678543980083,4.238413993827691e-12,0.05494213029481204
2021-05-17,0.1131503072587885,0.007331120929115995,0.005471871103642249,0.1452199470808539,0.5130191343309844,19279667315.49166,-0.08681670261490135,0.05352048435850826,0.045116862179434516,1.6456682554211275,0.027359463904939384,3.968090823001576e-12,0.059810849656256417
2021-05-18,0.06987981828019865,0.0017108579128120678,0.0031723310900615177,-0.2992866293705659,0.6359621700810353,13102791083.02771,0.02796755040640691,0.054569714890912877,0.04571143316498471,1.630191013269619,0.027552780710966368,3.705300646834985e-12,0.06083468776584227
2021-05-19,0.1306911258423391,9.64347162189842e-05,0.016983735657719136,-0.9887079913012895,0.49197839960069806,27803524889.35709,-0.32377801940214884,0.059011971496477,0.047202423621419645,1.8905986709755116,0.03183434182764093,4.123601235427977e-12,0.06669017731981049
2021-05-20,0.11594749127928239,0.011578928249532059,0.0018648924844272068,0.7225651068499501,0.6335296327574156,16113950567.52409,0.12463253576709304,0.06319690019526576,0.04847708904384941,2.0798501504329088,0.033305101686797595,4.467789583349132e-12,0.07106516394176095
2021-05-21,0.12742126051303201,0.0011929818930674688,0.015043195737662501,-0.8530464595546763,0.7852781483632391,15265695041.77466,-0.12996995148996343,0.06810743267200856,0.05019254785586703,2.171589213500479,0.03484969280667691,4.8286830284198645e-12,0.07612680269599398
2021-05-22,0.09712875509529048,0.005391922722166511,0.004042072344194406,0.14308364255831627,0.5396456059405701,10666152727.52536,-0.05760321441182541,0.07162017417021894,0.05129064851881824,2.0632111686597936,0.03381634642966358,4.646452968218791e-12,0.07885772058969269
2021-05-23,0.13762632219968823,0.004532871776887614,0.014408132785324781,-0.5213694435266897,0.46707748903805346,15783098848.93368,-0.09060196534278912,0.07724160914266014,0.05326015460249081,2.26847334138401,0.03453659625746444,4.909248544354911e-12,0.08427481108818062
2021-05-24,0.1096195083613675,0.012015808783470135,6.278299177820366e-07,0.9998955048092906,0.37114179737631753,13586348325.92198,0.23395760610585284,0.07934547262582783,0.054330192453754984,2.1296454035773302,0.03512235084316842,5.289097123131604e-12,0.08643229531052123
2021-05-25,0.16297003836656698,0.0139237569274873,0.012635476477713011,0.048505935021529736,0.42033470714308613,13694505271.63173,0.02141103986586745,0.08144656083330075,0.056462942798707845,2.2111926366913135,0.03873729934140721,5.2468277356234035e-12,0.08979234109569
2021-05-26,0.06528938649975048,0.002902062917397527,0.0013606410721162742,0.3616065879951156,0.6069526397315294,11285324614.47753,0.06349732086566943,0.081898424755374,0.056483332284798814,1.9663046549076775,0.038477655935976414,5.204960272578344e-12,0.09009650689602958
2021-05-27,0.04346957404084146,0.0015055979643959429,0.00038400590289625443,0.5935593596698815,0.5776833609678979,9494992137.75452,-0.05026533774552221,0.08228242362369005,0.056881117541511886,1.7718137639138334,0.03802807987416259,5.411663832794062e-12,0.09026443669349411
2021-05-28,0.10041590019982387,0.0023521329283858017,0.0077312200845551845,-0.5334621478853171,0.3193758059501169,11983057928.13767,-0.12865305156888276,0.08526589224830745,0.05800013374820155,1.6174704465193537,0.036798521401148664,5.902347543499445e-12,0.09251984177027095
2021-05-29,0.06663762687252904,0.0001675898736722637,0.00427298344153014,-0.9245188124251811,0.5756703474149856,10655588004.12472,-0.0570176853416957,0.08555643978746733,0.05881276842229649,1.4582594096174888,0.03661714204388292,5.6754527940511024e-12,0.09271931375328313
2021-05-30,0.0810432694675159,0.00492304312204802,0.0016449684039363745,0.4990969801351463,0.6503364073769908,8645260126.70548,0.04637094967652252,0.08791094366153361,0.05972965775399692,1.171712529752731,0.03450276373811522,5.917784399183141e-12,0.09413865873478032
2021-05-31,0.08736562469973665,0.007617027301830097,1.5725077345136612e-05,0.9958795788035676,0.5233661637217347,10502558832.11788,0.12592904865641316,0.08974095221060664,0.06046432882054562,1.2219721744879664,0.03333143744599467,6.475436168271941e-12,0.0954542780156625
2021-06-01,0.044742535136174245,0.0013190026737738617,0.0006828917766379253,0.3177544635308266,0.6277350287038049,9868610856.33613,-0.026898753233940944,0.08996132015642509,0.06069663200223808,1.2274510110474324,0.033000589402955464,6.409011882904261e-12,0.09555217961902439
2021-06-02,0.0507817136824659,0.002086607667869132,0.0004921747766588125,0.6182890280619179,0.47175647062134524,8165015125.37414,0.027187114660345253,0.08887872649995292,0.06091427808947848,1.0657469722685844,0.03392695445616838,6.366535746828261e-12,0.09484542644864717
2021-06-03,0.042117138940924476,0.0017082738570597185,6.557953550941833e-05,0.9260598020285802,0.670867960388251,9987629061.44338,0.05438894379291761,0.08771545615726509,0.06125120493430336,0.9811138885892052,0.035128503244162154,6.56290306541968e-12,0.09417669841969585
2021-06-04,0.05145337397039139,0.0002305465109799126,0.0024169031819570373,-0.8258350203254243,0.9129175101627122,11593942225.54805,-0.06099356655884355,0.08759413535345568,0.06129161642970959,0.8817895597310176,0.03525493386398019,6.4517273510889806e-12,0.09410874934016804
2021-06-05,0.057290145513376446,0.00017438643892080246,0.0031077743340230447,-0.8937368087764993,0.8235592448559702,10381974440.23042,-0.023308044610011982,0.08781706915655124,0.061476049054483846,0.7787100987860179,0.03503676865771418,6.145208741935967e-12,0.0942388286924087
2021-06-06,0.025619572918710344,0.00035461626781574217,0.00030174624872137437,0.08055002801394442,0.4597249859930278,7316997901.78934,0.031455118549776485,0.08479335662565686,0.06155020399721801,0.7229740471678552,0.0375674998480696,6.291573166317372e-12,0.09237978566286553
2021-06-07,0.058482650812684715,0.00030042161024375634,0.0031197988358346554,-0.8243261713798496,0.7678039638467957,11416987186.62013,-0.04462814437687083,0.08219013489012811,0.06196279088946532,0.7436980268378881,0.037397971506734275,6.26328298029031e-12,0.0899290061778302
2021-06-08,0.08294539171229945,0.00279011732827939,0.004089820678027405,-0.18891207283504374,0.5944560364175219,16237479290.57325,-0.03386284675817689,0.08281230505356148,0.06291846854718468,0.8577012519949997,0.03729146213561712,6.2609497240988895e-12,0.09045611885334234
2021-06-09,0.03226208700601966,0.0010387709292795692,2.071328704413311e-06,0.9960198989068233,0.3714973112746726,12928474320.41501,0.04068711612409785,0.07812520796611769,0.06263187339137798,0.7947772818245769,0.03715821548966247,5.85627727640406e-12,0.08613089984830559
2021-06-10,0.03214723111844959,7.975962821787095e-05,0.0009536848403651426,-0.8456431271488989,0.4577405298336189,7963220022.580709,-0.05475940434551677,0.07413471938703042,0.06251773659276677,0.7131946634965336,0.037392315270928934,5.815424466369802e-12,0.08262906032581756
2021-06-11,0.03208202501684379,9.630277559912023e-05,0.0009329535535822706,-0.8128692088282542,0.46032911837541074,7111141085.93231,-0.04842095611650259,0.06959475579197384,0.06277862747068641,0.7323893558387277,0.03637295822908617,5.734248790174879e-12,0.07812440400239892
2021-06-12,0.034940528724068484,0.0009519924588006597,0.0002688480887167952,0.5595688736526809,0.6717479401711636,7889597212.00103,0.00691666390498209,0.06663341167905851,0.06307080022881809,0.6604050031339697,0.036550290973314276,5.518825930101885e-12,0.07557989087445577
2021-06-13,0.0494013522795565,0.0023985606166655377,4.19329903833044e-05,0.9656356482457568,0.4466276853719256,7188328606.18587,0.05662137081027032,0.06243222263524271,0.0636642700283284,0.556726129111846,0.03286698659340188,5.620559537068303e-12,0.07018960954216864
2021-06-14,0.045766806187784635,0.001813804609997989,0.00028079593863225316,0.7318859304072284,0.7076334143134722,6555180132.71414,0.028010745725180926,0.059391617769834,0.06394211082580228,0.5952714741725113,0.031194327600452418,5.004036665385021e-12,0.06673914071701861
2021-06-15,0.026025182242497356,0.00021918889102512924,0.00045812121973007065,-0.3527665170073014,0.4335554996692475,6731794513.84064,-0.013907409404269216,0.052870434144878305,0.06375510167091204,0.5785174834339221,0.02115834202164119,5.027962964804188e-12,0.056759495820657986
2021-06-16,0.039033125152570736,7.693907843673721e-06,0.0015158909513325765,-0.9899002568877804,0.4742436870369312,6669003234.20805,-0.07229197018057845,0.05162013598548879,0.0636287300963924,0.6011335912799135,0.021163555147252704,5.2762228272111724e-12,0.05559861618344025
2021-06-17,0.03637856300246562,0.00021313230742439819,0.001110267538699962,-0.6779018706272841,0.7996313340768474,6695512370.52803,0.002392734322278962,0.051282468793185175,0.06379476381385238,0.6144853431832656,0.021355796419955282,5.04115068766015e-12,0.055355614216332345
2021-06-18,0.06554137576055592,0.0012952798191091842,0.003000392117477204,-0.3969372716397448,0.4889953725062257,8552190538.28243,-0.0611895864368514,0.04962177715322004,0.06420720867571787,0.6679553212706411,0.0185104123799832,4.870607744676207e-12,0.052807576771601875
2021-06-19,0.03862164466495003,0.0006810562115673174,0.0008105752250583456,-0.08683043968557232,0.45610495896571074,6458695705.42715,-0.031092096436783626,0.04828768276238295,0.06407175759547407,0.6521285531805152,0.01823018806528497,4.8450374750938425e-12,0.05146080412067884
2021-06-20,0.08332767799003366,0.0032071834137336404,0.003736318505477098,-0.07620579613861528,0.5381028980693077,8843020670.459919,0.03601792852179529,0.04839646412059808,0.06391903739170846,0.8336744591413198,0.018441013315444024,4.783575187891941e-12,0.05163424111636015
2021-06-21,0.0817418928830398,4.8777887667399055e-05,0.006632959164434954,-0.9853996386607129,0.7241390051054911,16807647822.40997,-0.17387469960979882,0.04812866736742204,0.06390022629177208,0.9690356132860372,0.017879087739583945,4.705225400972648e-12,0.051193831772158735
2021-06-22,0.048871241370861365,0.00038236040034530063,0.0020060378327836905,-0.6798185536719492,0.6945368538595327,14223120472.28595,-0.003342893889806728,0.04832527242621666,0.06344828474210883,1.0226893018185734,0.017862683684326232,4.586622757118238e-12,0.0513732747014461
2021-06-23,0.04178394571333018,0.0006951261696616657,0.0010507719497128579,-0.2037036274365219,0.5300305795678535,8043287560.77444,0.04580810583364005,0.04789680728482924,0.06280384701758951,0.9510246841633512,0.017908669673820196,4.699265091324305e-12,0.050985803859600005
2021-06-24,0.03187700696257197,0.0008952016124273909,0.00012094196046447134,0.7619589127149025,0.5444670750998613,6018280271.63026,0.01163820840025729,0.04740918195252675,0.06201668826445625,0.9364614066220703,0.01821077301786066,4.53203549622994e-12,0.050630729554540004
2021-06-25,0.062599670674653,0.00019535111393622622,0.0037233676546387837,-0.9002984773988958,0.5737222993738493,9024571644.12839,-0.09566208891486148,0.047939957986063014,0.061409801678169285,0.8619791574864777,0.01849476189296204,4.7862910755797026e-12,0.0512250661090291
2021-06-26,0.05494036925218668,0.0014119051349014463,0.001606539038665173,-0.06448153173353065,0.4804054549528717,8078889026.41593,0.011482495663593915,0.04782806387838731,0.06132493389995481,0.7739347080482514,0.01844239839951433,4.747064744942732e-12,0.05110234304384413
2021-06-27,0.08641984533668341,0.007034818864491086,0.000433570803525195,0.8838917563763494,0.940797233445295,6776865023.89345,0.07982312687007365,0.050723314945909835,0.06173563916742019,0.8833503470197714,0.019522445602848035,5.103248481119075e-12,0.05418331578889627
2021-06-28,0.07458109457312738,0.004779100176695542,0.0007832394910302285,0.7183776835583054,0.5723974531801471,10414575455.76256,0.05047620144549588,0.05148990750593091,0.062400175584855756,0.9756720758335762,0.02014840323047461,5.1479038877770854e-12,0.05511657996556534
2021-06-29,0.04007791515307767,0.0009622041031835381,0.0006440351798337545,0.1980831416052214,0.40095842919738933,9211767303.62075,0.038416473446513034,0.04944859909834893,0.062276873014274425,0.9973267282000079,0.018937322140746712,5.247184608870455e-12,0.052789287516197124
2021-06-30,0.07199371396974201,0.004570885763057653,0.0006122090880993728,0.7637669748749787,0.7939639048848689,9905282259.92462,0.04954583423153216,0.05134058133471665,0.06282592026577045,1.0138699807469174,0.019118286889095858,5.335511631365427e-12,0.05462562585410034
2021-07-01,0.030096181982995497,3.000252082545844e-05,0.0008757776491281242,-0.9337531957075282,0.7796353479291763,9572977503.666851,-0.07754618190186202,0.05124291232826646,0.06285817730352088,0.9345455986405969,0.019226176633479915,5.393796802004898e-12,0.05456995279122448
2021-07-02,0.050356139700099604,0.0023310208480761467,0.00020471995741980106,0.8385324265192308,0.665444110023393,8073817364.15074,0.02227027103164052,0.052113108265564353,0.06327176557651558,0.8265783706537301,0.018722529291756128,5.200899850808522e-12,0.05522333839647371
2021-07-03,0.031151696386486308,0.0009703872578958081,4.092986001595688e-08,0.9999156457725931,0.9029140836231254,6500249029.39124,0.033794235823888887,0.051932687678060446,0.06339542450911263,0.7081985118400518,0.01891356890979645,5.406720447163068e-12,0.05511526744530558
2021-07-04,0.05763703578545466,0.00311699776820426,0.00020503012592952105,0.8765632725170224,0.9024959166311683,7390321295.6183,0.04188219011386501,0.05232486308310321,0.06399956495366868,0.7634239566527345,0.018943816766993207,5.301497582161008e-12,0.05549477929284953
2021-07-05,0.04495045196467141,0.00033080320033494005,0.0016897399314932914,-0.6725601199756402,0.600640719500355,10086981165.22405,-0.05612971565490681,0.05228598907247878,0.06367435982271354,0.6761394949725389,0.018958778927144718,5.362997580062688e-12,0.05546299653917775
2021-07-06,0.04899485320652017,0.002040491474034859,0.0003600041666936008,0.7000584707711835,0.8012077510179139,9626162967.33224,0.05609095738377927,0.05337978292790843,0.06256559263536249,0.7336294357482164,0.018006642500938152,5.542092765619061e-12,0.05619786863318833
2021-07-07,0.03393080201895246,0.0003837174630143252,0.0007675818626350233,-0.3334184178421136,0.3956207440029422,7340606730.55211,-0.003092872687885964,0.053136815159640895,0.06221845863350123,0.6867242915600116,0.018242779464957313,5.045966156243886e-12,0.05603991931082872
2021-07-08,0.03926049343131396,4.16564418206244e-06,0.0015372207002881837,-0.994594938255413,0.6902109729546534,9080261738.94438,-0.09025609458629685,0.05327404994196701,0.062279647452947416,0.710986498259418,0.01812084137173389,5.502273209221329e-12,0.05613245821990371
2021-07-09,0.05191195289722316,0.0019084228007372217,0.0007864280528662947,0.4163476232351083,0.6892249332913786,8846405222.35686,0.015353370563431473,0.05262502980561783,0.06250423306904844,0.6923341638078158,0.01790226256109212,5.244211562162747e-12,0.05544928575219972
2021-07-10,0.01748357991972045,9.205623616355506e-05,0.00021361933064569712,-0.39768665762546834,0.47446674429145586,5940286610.7685,-0.01702972207077879,0.05161845529394023,0.0618208592812635,0.6091522165141059,0.019270923386817813,5.151489098668887e-12,0.054937684710863285
2021-07-11,0.01732702667798737,0.00027776739824980835,2.24584552498777e-05,0.8503895984434185,0.6547811052122977,4578291195.14697,0.013703903352398713,0.048475567136223745,0.06159432497278514,0.5161458421474244,0.019222856669515034,5.100070093364062e-12,0.05197886803375625
2021-07-12,0.040621409927024496,2.9390187068435325e-05,0.0016207087573909286,-0.9643776669670379,0.6440045823587821,6135599771.18761,-0.05247289235381105,0.04651744890022301,0.06146235615941723,0.5415167241847422,0.017698707523373818,5.014699970653071e-12,0.04962056939839547
2021-07-13,0.04166416223420011,7.522494484234513e-05,0.0016606774698354012,-0.913330445068469,0.8245289344256445,7240764577.16506,-0.04556704778063116,0.0461742546556201,0.06148694907942062,0.551171183328221,0.01772064556434985,5.303180645154377e-12,0.04930648717938566
2021-07-14,0.03765641381275119,0.0013567763806429062,6.122912059425293e-05,0.9136405034524439,0.47212239814872003,8306491741.378981,0.027204642528556276,0.04597770551749728,0.060917746434093145,0.5067400010455686,0.0177945119651036,5.1879382336911835e-12,0.04914789663631502
2021-07-15,0.024568622658704402,5.481756776575546e-06,0.0005981354625692279,-0.9818369768095196,0.7390114084425881,7547129300.45538,-0.038065809597697564,0.045629687217313114,0.06025144177570165,0.5394417545968381,0.018151954163614956,5.336030481588038e-12,0.0489476417378844
2021-07-16,0.06141014755838027,0.0018803165075447737,0.0018908897155972646,-0.0028036674281051743,0.4985981662859474,7227056616.37395,-0.02279664307102435,0.04557304325939536,0.06036904553297135,0.696389227778136,0.018098126988580654,4.981466970204542e-12,0.04887583477317706
2021-07-17,0.019500884078019958,0.00030426491480145865,7.601956502291369e-05,0.6001963316619076,0.37646294256376756,5965787509.4647,0.011900613077486367,0.043885448727292185,0.059843527254076906,0.6339640411049334,0.018818936230057093,5.008777146920092e-12,0.04757331786508
2021-07-18,0.04187388948182891,4.546094216275427e-05,0.0017079616781736672,-0.9481460525996501,0.8846827529507985,6490340037.90537,-0.00416446246201878,0.04176421273420388,0.05909362810192353,0.6512185443324139,0.016098798413835557,4.478437681274369e-12,0.044621511457000024
2021-07-19,0.028337411078576027,1.7409494375236968e-05,0.0007855993722609664,-0.9566393470892416,0.6657330411019473,6135968039.40363,-0.03904302638074783,0.03956213256779667,0.05774739165461856,0.6347279180784969,0.01446534682994332,4.5506419253953766e-12,0.04200529115070267
2021-07-20,0.034663579685499005,0.0011118137270156874,8.97500295972521e-05,0.8506112903234591,0.628852369045481,7956472622.46679,-0.018516169612085753,0.039304307069340544,0.05718840374041698,0.6904807801549592,0.014503894327275823,4.462871150145749e-12,0.04177528242266219
2021-07-21,0.05875813655412908,0.0033816280664441534,7.089054486952665e-05,0.9589340114563188,0.463629128080856,10439929115.58029,0.11135918044574775,0.03867404147812088,0.05604661025965175,0.6888101769787801,0.013245322272851467,4.732618755984148e-12,0.04077702575126949
2021-07-22,0.026658577178845365,0.0006851259527786087,2.5553784421846242e-05,0.9280863570910042,0.88702542958643,7466590230.05726,0.01395874918333063,0.038510346011256594,0.05462932590885116,0.7415231328879717,0.013377219873201689,4.435902826144708e-12,0.040662947904965364
2021-07-23,0.05274141953364269,0.0025607931044432683,0.00022086422998043834,0.8411995415487106,0.9183399760111967,6648633427.28004,0.04838070711787334,0.038623930765234835,0.05344393160759101,0.7986220453816767,0.013492460718448484,4.651067464455838e-12,0.04080668625633855
2021-07-24,0.020991644524389175,0.0004226091391041383,1.8040000734179688e-05,0.9181207945132998,0.7189185353062804,6230603831.2898,0.027481667359728377,0.03814011877180164,0.052235406042973526,0.8073833269709145,0.013948257241141071,4.613536085201811e-12,0.04049639575953509
2021-07-25,0.024163105320352585,0.0004308716359423224,0.00015298402278012907,0.47595259035468773,0.45825480229934773,5715783682.52749,0.002090744531105494,0.03654612208298725,0.050434402600444385,0.7747010248854033,0.013514709391922982,4.361089261774006e-12,0.03885317124052663
2021-07-26,0.05981261162228629,0.00013381700507628666,0.00344373150400217,-0.9251906691206506,0.9625503216654108,13069147530.17464,0.01778303753757799,0.0372538439714451,0.04964381693791929,0.7746984802162658,0.01434072156131852,4.160904410466454e-12,0.039795879543591914
2021-07-27,0.05234038016513173,0.0022557222514973914,0.00048379314433312357,0.6468038507325444,0.4066751588116091,9128465396.90154,0.031203641742346418,0.03741315477899804,0.04788779061726159,0.8977240118226995,0.014495422028780586,4.04620684559988e-12,0.03999819779077652
2021-07-28,0.024325226728415212,0.00029569801204004675,0.00029601864334875903,-0.0005418662898741625,0.4744965220086888,7597061765.536731,0.000882967698559049,0.03695574643182959,0.047237565858986426,0.7881540817930935,0.014759943437296327,4.031677675186844e-12,0.03966369918058765
2021-07-29,0.034847093375975,0.001184649896128712,2.9670020625208283e-05,0.9511331071559443,0.7933155963700773,5488185704.97631,0.03516807448000032,0.036745584524432495,0.04710070108652823,0.8626876064228686,0.014756906240551126,3.863494246752026e-12,0.0394668777697468
2021-07-30,0.048066697134051255,0.001406245086423486,0.0009041622869531251,0.2173135375414672,0.5169157623658657,8490960948.10425,0.032730922651655496,0.0365624771071386,0.04626976135532549,0.9823711772757836,0.014582130163486386,3.964410768092633e-12,0.03923426574437677
2021-07-31,0.03198070928872529,0.0009401579096251353,8.260785698482471e-05,0.8384618263893694,0.8762136937677429,5836744313.47873,0.027633914565938375,0.03725281660090073,0.045719651552407974,0.8618524344583908,0.013963793788941033,4.053346759160926e-12,0.039667048804667066
2021-08-01,0.048224124046161894,0.0007312717430270367,0.0015942943969925732,-0.37110217555810265,0.6354497011382257,10920759980.85322,0.00957317717235012,0.03872410695176619,0.045198712736196,0.8441423487158369,0.013374648820399331,3.952554766409135e-12,0.040864648981979605
2021-08-02,0.031992052900144084,0.0007837574172855466,0.00023973403148007106,0.5315368159270849,0.5007326200862174,9757084146.95917,0.020292028185810652,0.03831318518858141,0.04431976715207548,0.8820209618721985,0.013445816122403254,3.644341431683349e-12,0.04049791456661088
2021-08-03,0.023517450131935045,0.00018586940326449037,0.00036720105744356135,-0.3278635672332358,0.5185091375623052,10108119599.97699,-0.03919969376995712,0.0374490560408545,0.04398286104089708,0.839640316212465,0.013798193812584349,3.5293373181102714e-12,0.039796428898873575
2021-08-04,0.06720436680351258,0.004509837575717887,6.589341743176703e-06,0.9970820554107932,0.9312230854367278,12137903905.430979,0.08358107039378632,0.038856101421366945,0.044243538074564485,0.9235884091499613,0.015250513532944326,3.70128253992099e-12,0.04160888883479278
2021-08-05,0.05920843834686463,0.0028409922484304807,0.0006646469230439894,0.620812701745092,0.7148923368252615,17419363268.20104,0.03667690171935481,0.04050561645413648,0.04451482854132544,1.034338441716638,0.015499209548547659,3.5613672054250925e-12,0.04323761269538455
2021-08-06,0.05173084616116676,0.0023661489228028036,0.0003099315217474981,0.7683690545411983,0.5045886464780344,11184522371.32228,0.022903165959019776,0.040044697339983455,0.044519232861813945,1.0527606851415066,0.014981747092474717,3.5086723752762367e-12,0.04263029796982978
2021-08-07,0.057664518395432185,0.0032622550006862817,6.294168109085512e-05,0.9621425815586847,0.7460102172614768,15898690989.9526,0.089554565493532,0.04186201325986023,0.04452517528851324,1.1796293053780793,0.014676698145931378,3.681911244993501e-12,0.044244504962482924
2021-08-08,0.030988742782891685,0.00010428141222741781,0.0008560207670368035,-0.7828154210639869,0.5126825409860799,12960508391.08436,-0.048315134281499326,0.04134367294086322,0.044610400206992314,1.2142010564009598,0.014867237518692103,3.82887473450658e-12,0.043815620266340165
2021-08-09,0.06321611332434512,0.0039569832213060575,3.929376253038738e-05,0.9803348152846678,0.9546870233228394,15308758012.82675,0.048368874863080114,0.04300456352399508,0.04468553453257422,1.1821215070566458,0.015283988552290349,3.676330844585968e-12,0.04551778735678464
2021-08-10,0.012952269758650527,0.00012699868847643314,4.076260342441986e-05,0.5140404206172831,0.443586811903282,12596399140.64382,-0.00616736874586746,0.04197069162271658,0.04357453259680202,0.9810947839363555,0.016557668551493057,3.588827530711291e-12,0.04497377321352579
2021-08-11,0.03786533355826576,0.0006102313652019601,0.0008235521202767669,-0.1487817074441899,0.5519398934257561,10431960240.70598,0.005566592070842074,0.04097579624196118,0.043663473018266244,0.9172639610627137,0.01612044860036868,3.106301283749976e-12,0.04389202698639323
2021-08-12,0.03510691437113923,3.903307286326662e-05,0.001193462363799236,-0.9366600934946016,0.40572923448992165,11298867650.12576,-0.03698075807739193,0.0413780980130228,0.043710452117515286,0.8195973708001809,0.01584840606061064,3.1731330437399524e-12,0.044174182500815125
2021-08-13,0.04518739215191459,0.002034961741996569,6.938667494343929e-06,0.9932037160460008,0.568795817939989,10556999488.07876,0.08716891571001908,0.0410183824234167,0.043918473818071964,0.8843962118240813,0.015662228190270525,3.21980869236063e-12,0.043773643661230974
2021-08-14,0.020628554029032565,6.860889805485038e-05,0.0003569283432738653,-0.6775422153857884,0.8279059516996684,7541715652.47723,-0.017544070050629842,0.041001092399828284,0.043691299616563456,0.6919944743810978,0.015685624678212457,3.120547519226658e-12,0.04376542316904617
2021-08-15,0.0447007818891624,0.0012838012302931832,0.0007143586712092857,0.2849834783771402,0.5111149347033502,9176432710.68574,0.013984923802737435,0.04197907699834304,0.0436166873881445,0.8349813584644565,0.015216538359578173,3.175700852213271e-12,0.04452819428463775
2021-08-16,0.027083176868857257,2.974588375961429e-05,0.0007037525855501906,-0.9188931265593394,0.529597725421689,9165693580.68069,-0.05125023425486308,0.04042053248627499,0.043320121843399624,0.7886964019285397,0.01497281435725506,3.3771694144247426e-12,0.04298056691082318
2021-08-17,0.05451722704905471,0.0007315723047707049,0.002240555740347478,-0.5077114487228528,0.38813936648949743,11313021664.72633,-0.042911999050678794,0.0405241918616999,0.043772376522868785,0.8810332551670916,0.015066704639464528,3.3950204594955048e-12,0.043109232477498025
2021-08-18,0.046483669474248854,0.0013063730002031589,0.0008543585275880559,0.20919511137839975,0.6045975556891999,8870183227.13909,-0.00012605989852287308,0.041579355801977684,0.04389063913114939,0.8843208896716833,0.014645545203447062,3.3901626857509986e-12,0.04396727099471714
2021-08-19,0.0443067992794065,0.001902798653082206,6.0293809303409824e-05,0.9385726241033611,0.49711076707897006,8517882649.26069,0.055646330257785016,0.04202981798785538,0.04401648415141829,1.007562053805898,0.014573424849490951,3.3961113971688364e-12,0.044370899858231026
2021-08-20,0.028524633306694722,0.0006962705288043005,0.00011738417647709734,0.7114643946254801,0.7291187960866595,7213472444.69804,0.03085495439344561,0.04109924351988602,0.04342891681088082,0.9520818985825068,0.014790968519120921,3.4162357078231236e-12,0.0435603353712205
2021-08-21,0.023242620091140136,7.844509582928091e-05,0.00046177429287179016,-0.7095805982902686,0.5167155217627066,6008937521.2707,-0.018501844362640647,0.040683144034286724,0.04318480530970923,0.9434306366458909,0.015178159331756064,3.3374061909239944e-12,0.04329577830118268
2021-08-22,0.03341416651872196,0.0005486552863666215,0.0005678512377742584,-0.017192869896042583,0.5009882317855114,5694971586.81129,0.004607533569931273,0.03997790796155149,0.042392527349847144,0.8452289540033059,0.01515430228070849,3.3341894948568115e-12,0.04262569824979252
2021-08-23,0.011228187036041197,4.022138322225662e-05,8.585080089406697e-05,-0.3619308889715851,0.3155815618959468,8087347064.89252,0.024899599984404476,0.038989152444213256,0.041273262177672555,0.68152247666565,0.01633294177054496,3.3817662344166753e-12,0.04212144228994039
2021-08-24,0.03803362843515499,4.871323981664497e-05,0.0013978436521267853,-0.9326493965250141,0.7850328136237911,8206532013.99988,-0.04588166848532004,0.03968039903008087,0.041101236575518486,0.6576606985771449,0.01594804836429905,3.4633296461753714e-12,0.04262350142234621
2021-08-25,0.028355957584133524,0.0006066658164663031,0.0001973945140468763,0.5090057137357039,0.725515824109844,7633000732.16727,0.016842299492880193,0.03783047478153902,0.040888093906801086,0.664031687519482,0.014808126975478716,3.240498935420267e-12,0.04049670989373726
2021-08-26,0.0168927733510382,3.3269176119401374e-05,0.00025209661537014497,-0.7668313644340926,0.6713152846593761,7377079755.832561,-0.04244135903308839,0.03581544311507109,0.04065024892884023,0.6512909543497545,0.014631669591123523,3.4141948086012336e-12,0.038556934016978885
2021-08-27,0.032254052866725794,0.0010355122836843984,4.811642645143891e-06,0.9907497222290749,0.659451774204697,7072538774.15535,0.05658164817519502,0.03488797676771676,0.04016857245569852,0.6571863104682261,0.014182796756145354,3.697644036738858e-12,0.03753323851275482
2021-08-28,0.011523988380245374,8.097341094785764e-05,5.182889724017275e-05,0.21945788522305001,0.42922609932888817,3648997299.15339,-0.00822832834549312,0.03269080867175548,0.039479423552969295,0.6669473111077374,0.014051265211526815,3.5367930677193353e-12,0.035450320359069004
2021-08-29,0.015305874809487276,0.00017796802401251772,5.6301779671179454e-05,0.519342409598839,0.46208710109639134,5275349676.12545,-0.00679755558133752,0.031944005434926696,0.03835063036999793,0.561573065187356,0.014554016561474335,3.4206348452175007e-12,0.03495929409034002
2021-08-30,0.051212959510473055,0.0014913228697047136,0.0011314443521166387,0.13721328930524043,0.5163238365822336,8211167690.59126,0.001536579245623852,0.03137242668188517,0.03797970759122564,0.6781778819504835,0.013458965549145992,3.2790908963692317e-12,0.03401098376307659
2021-08-31,0.04534727443406684,0.0019136851800538107,0.00014269011854476158,0.8612217150808946,0.6999314584777714,12096403303.17363,0.06009094837657064,0.03291504595214309,0.0380633482147334,0.8317490326967611,0.013093693335361208,3.4923317095248487e-12,0.03530837035111078
2021-09-01,0.05443505888767893,0.0029631756361050733,0,1.0,0.4645385068082543,12019155034.32282,0.11053760352479514,0.033704080491638956,0.03778463940390701,0.9405303635221514,0.013882412663109177,3.9048639552892584e-12,0.03632504940808852
2021-09-02,0.013614453994608679,0.0001037999653569224,8.155339221439383e-05,0.12002249883155755,0.4346552893782525,7549206070.15826,-0.011146555803813123,0.03268062999751845,0.03752302467393261,0.970416192539817,0.014550010837936793,3.8193191380296955e-12,0.03563208253767832
2021-09-03,0.041338513941190154,0.0016676818593318828,4.1190875534089724e-05,0.9517917575795131,0.9698738059449148,10327395607.95398,0.03980229793895244,0.03249735008272205,0.03737988775712452,1.1126355525115559,0.014408141345098076,3.6096558804512602e-12,0.03540885263991894
2021-09-04,0.019266201074976917,0.00010066364921217742,0.00027052285464926426,-0.4576114801320813,0.579259483626042,5898345690.61458,-0.013564134863303429,0.03243247613252893,0.03719122910138628,0.9527954769629974,0.014467199700511992,3.60838827520104e-12,0.03537228738603018
2021-09-05,0.01789508839388078,0.00029793654674650414,2.2297641878302344e-05,0.8607416530130281,0.594239231298603,5811218020.16181,0.015967166174614255,0.031156014537515517,0.03656040453961527,0.8083883635301231,0.014513106527103371,3.666656892025789e-12,0.034224223738416104
2021-09-06,0.015978193645697757,0.00014164938176143346,0.00011365329041798278,0.10965843445530477,0.39949398667889235,5785284739.10346,-0.005978529675602922,0.03062720581260316,0.03610052742344109,0.6027048175512714,0.014866928145503791,3.4496033027672342e-12,0.0338899138692087
2021-09-07,0.0920667445402114,4.204040081013322e-05,0.00843424504942241,-0.9900804660114461,0.8267773025143543,17735945429.50642,-0.134370560075661,0.03241527807408681,0.03678420823826158,1.021089718121032,0.019438947506740932,3.629747126430517e-12,0.03755834122587495
2021-09-08,0.07375716622034797,0.0028126053281256887,0.002627514240730352,0.034023349129118134,0.4741714474605819,10180478366.96899,0.01817159214156751,0.03371401601437724,0.03741637274939484,1.1685446082603455,0.02125236993527764,3.7140677538648205e-12,0.039582702420729934
2021-09-09,0.025996798197342977,0.00022808762115795474,0.00044774589535542033,-0.32501832008966136,0.42718833878591367,6915562238.84697,-0.020583907233476775,0.03284211120094565,0.037205837904411176,1.1998376861294582,0.021171500150882244,3.544714368952294e-12,0.0388006737813472
2021-09-10,0.04805931163881321,1.628246959642968e-05,0.0022934149656001373,-0.9859007770036823,0.43010171869705255,7664857100.21164,-0.06529781116297395,0.03377233397866558,0.0371446848685634,1.3557298723044382,0.021400232877044886,3.74670055986354e-12,0.039708090055837295
2021-09-11,0.017921745630862955,0.00021735020061127209,0.00010383876584608333,0.35341013116731634,0.5715425904634203,4634941547.10116,0.017718324042262975,0.03351895900436667,0.03715163987985137,1.3805011332820922,0.021562023842654227,3.78211568534369e-12,0.03957653845115362
2021-09-12,0.035081627829268346,0.0011822047191215072,4.851589202978805e-05,0.921158560943571,0.9605792804717854,5125794285.18948,0.04134877722184867,0.03359836192391649,0.03743345894574472,1.0765888474610978,0.021564688723604113,4.1277228723684704e-12,0.03964519090411542
2021-09-13,0.03262714826805957,0.0005532391604796535,0.0005112916436262889,0.03940469988427881,0.26255438976246526,8628300678.82541,-0.03624878558075781,0.03461736007782213,0.03730656590353893,0.8530175924802429,0.020951645549191402,4.181166487301296e-12,0.04020484631903904
2021-09-14,0.033477430916671456,0.0009954774312697287,0.0001252609495107812,0.7764671012274134,0.5583230662862287,5132621489.63076,0.04502523255299627,0.03440039829122767,0.03717661778738768,0.904221159958221,0.020938086174037588,4.3326661949785e-12,0.040011429621288376
2021-09-15,0.035322894548881614,0.0012477068793114105,0,1.0,0.5006448273085407,5729547036.04413,0.05091305041541152,0.03473215719431092,0.037139577799072294,0.8294135811385674,0.02089267029982885,4.6507395589453e-12,0.04027456426173426
2021-09-16,0.030043136232095865,0.0006543995959459993,0.000248190438714272,0.45004835155821504,0.7217099470212875,6749807268.0306,-0.012317192061171874,0.03535836495055176,0.037226474839919775,0.89927655649928,0.020525084515769947,4.463676851364824e-12,0.04063781683481212
2021-09-17,0.026079839113503055,9.429316820955204e-08,0.0006800637150179943,-0.9997227315797959,0.6210487121040497,5777910858.46376,-0.0486278733224547,0.035064354771826865,0.03666567629317569,0.8515375827877988,0.020615795999786073,4.4834854065692666e-12,0.040426246413597614
2021-09-18,0.01889671059516785,0.00023136300122445074,0.0001257226700930781,0.2958402972082148,0.6479201486041074,4822132415.0909195,0.010049306743886243,0.03541543678206127,0.03665608623789232,0.7828861807039657,0.02025447645871518,4.4753444748294945e-12,0.0405581256869932
2021-09-19,0.03717920677556938,0.00018439050812445583,0.001197902908336088,-0.7332107555042832,0.8174890314573284,4746244212.53249,-0.03153387796290608,0.036457024018541374,0.036581567464777094,0.8109752954585253,0.019724109296491682,4.730364178080927e-12,0.04122656122364014
2021-09-20,0.04805887711930891,0.00019962080490886375,0.00211003486505997,-0.8271423680123217,0.4251747663167109,12039370935.18889,-0.11130285635416257,0.03630682961896212,0.03689460660828079,0.8724360359345242,0.019617850784958285,5.161686723705682e-12,0.04104533196879775
2021-09-21,0.07129888933357316,0.0006134380321410119,0.004470093588060101,-0.7586567457539515,0.5002408800342878,12492102976.07246,-0.07415187986797855,0.037542620804652906,0.037476119459837524,1.0878718718622915,0.02098552502570101,5.2077929025637215e-12,0.04276528472321332
2021-09-22,0.05200069847641796,0.0024485966366548442,0.00025547600538049247,0.8110435338096557,0.5332948454117935,7869352817.07343,0.10662098935512955,0.03742669888030714,0.03736885853796909,1.2109132774554092,0.020894071601673243,5.4150358850155315e-12,0.042620785300656515
2021-09-23,0.03451104735878675,0.00047322071766131845,0.0007177916721391037,-0.2053471118959291,0.6026735559479646,6041895582.92996,0.023793058571107358,0.03842177475479181,0.03749350092177769,1.2881334938943465,0.020189017909868507,5.532249786754183e-12,0.043178928483565936
2021-09-24,0.09090458653831816,0.00047205528071802313,0.007791588572984554,-0.8857513007396814,0.9428756503698408,10865785866.61314,-0.07386190327369992,0.04078206392608362,0.038099265477407454,1.5515663937968336,0.02321731765741786,5.672421632269781e-12,0.0466535295881109
2021-09-25,0.013235875332053733,9.63897181701819e-05,7.879867763548661e-05,0.10041213319978409,0.47892741037432457,6479851719.41051,-0.0018059189782164628,0.04049490555737299,0.03797615802991007,1.3932445880822493,0.023531898858184012,5.576185768763071e-12,0.04655339493300127
2021-09-26,0.0815859036193712,0.005580781893676537,0.0010754777757127883,0.676852217572378,0.7371015362426896,8086407799.8204,0.04568669516126703,0.043527801520491585,0.038887631018783377,1.4121195082793596,0.024555606332321324,5.714384247398428e-12,0.04968836965399462
2021-09-27,0.03593688615933901,9.445202476882753e-08,0.0012913653348045231,-0.9998537282759677,0.4170035901564858,6207785919.1174,-0.044821101936348785,0.044478215449712595,0.03850865124953025,1.3281696480566836,0.02381095139799128,6.00899092084972e-12,0.05018241618191915
2021-09-28,0.038064881569168346,0.0001258478552230046,0.0013230873536518074,-0.8262891888440848,0.5803860574615204,6842995160.865601,-0.04194367659610706,0.04190669816537721,0.038282056033721305,1.3524392847877134,0.021185872835453104,5.940098596459912e-12,0.04672942507752905
2021-09-29,0.034972904267716244,0.00029018446100830713,0.0009329195719105382,-0.5254950467037479,0.4931699831520349,5329924985.4215,0.01593884818023197,0.040059828548585225,0.038451066788313386,1.0598194345114402,0.019923378056298967,5.997503372736062e-12,0.04452896702664844
2021-09-30,0.017682687014398166,6.817794124786965e-05,0.0002444994788012959,-0.5639087642647856,0.550605140249542,6442115144.18377,0.051678526911730964,0.03966391849225452,0.03817861589368518,1.0974702267293894,0.020295930458885846,6.237766201015419e-12,0.044334363162333426
2021-10-01,0.05785183315425592,0.0033468345993078645,0,1.0,0.6346762165282351,7658451348.34575,0.0980901557925341,0.040130229040608936,0.03833393551305351,0.9614690101746659,0.020608550557266188,6.442003165497723e-12,0.04488789637547039
2021-10-02,0.0431578451175676,0.0013207784166139336,0.0005418211785780197,0.4182097107970417,0.38998694391607813,5321010602.50726,0.023496265984596282,0.041331948063785345,0.03851135036747958,0.9906480920945903,0.019974821831936922,6.470240340640127e-12,0.04569818100477509
2021-10-03,0.02508708082170199,0.00039310125231844796,0.0002362603718361598,0.24920629803726155,0.5630133022975014,4489154260.98601,0.009113293714406815,0.040856017253901235,0.03814409571312307,0.9406516038306475,0.020248385911202454,6.182776783605126e-12,0.04538378129802814
2021-10-04,0.03755789812581312,0.0009575092397327925,0.00045308647189616446,0.3575955631214278,0.5622540903114921,6593223607.9167,-0.009432299114128843,0.04109081486617522,0.03823244246273687,0.9634015183075654,0.020176655095534585,6.050846071587195e-12,0.045564974335753426
2021-10-05,0.028760856010863367,0.0007689676861400183,5.8219152337597194e-05,0.8592357865733314,0.5079034241633886,5084407350.48579,0.03810558707918001,0.04086621606113673,0.038315671127481764,1.032759806656274,0.0202915661667682,5.989999972571403e-12,0.04541132283193589
2021-10-06,0.07166774486627725,0.004514673858089132,0.0006215917961286766,0.7579596391716085,0.8789798195858043,7490086402.70969,0.016692214606156157,0.042596923219107956,0.038386518398319296,1.1000246949992663,0.021319072002261963,5.672977249052021e-12,0.04740630450497101
2021-10-07,0.029851424056227375,0.0007473938901942546,0.00014371362799045568,0.6774494097340418,0.7900333642946311,6469443460.61853,0.0036139153994008766,0.04258779406787612,0.03792053404449965,1.0295696109079029,0.021324756800229713,5.612681617127828e-12,0.047400537131125416
2021-10-08,0.019787182442073482,8.000649132874172e-05,0.00031152609766715937,-0.5913163114522796,0.7956581557261398,5420718273.95965,-0.007280221596617082,0.042288143750189,0.03741349176324421,1.0210053812803759,0.021610616336587042,5.275865783533883e-12,0.047255336764631235
2021-10-09,0.00972452021027731,5.839364672948545e-05,3.6172646590606413e-05,0.23497801762901382,0.6046973030141549,3261401758.35606,0.003915083092343304,0.04185137277947992,0.036652539411098896,0.8708182488575368,0.022191889346615562,5.233791170831808e-12,0.04712288117228112
2021-10-10,0.03769603811914782,0.00022245089453231117,0.0011985403953479344,-0.6869074481785764,0.771831242311599,5358091720.90991,-0.04652573901450595,0.0418759837958408,0.036759004416436286,0.9195830832990762,0.02218673478305809,5.330900796775484e-12,0.04714242978309513
2021-10-11,0.03063246022857608,0.0004327321401298242,0.0005056154795254709,-0.07767200328426328,0.509389279888636,6627188014.14814,0.03682162887723372,0.041046154420091616,0.03624180357364631,0.6973527281524424,0.02226965615628524,5.155245577591402e-12,0.0464446800237206
2021-10-12,0.020529195234871615,0.00024547108125545677,0.00017597677573601866,0.16489419596418486,0.4563554600608325,6921948842.21512,-0.014264028086827127,0.038628549939201076,0.03636207223199902,0.6537786387735125,0.021565862272234327,4.970712002700985e-12,0.04398982057000826
2021-10-13,0.03623184751135222,0.0008546732146054724,0.00045807355948040767,0.3021143627652283,0.44596537189333446,5716317657.28848,0.03298928593544289,0.03787765227419794,0.03633614388204801,0.7392965281094818,0.021350430140346602,4.600339798306289e-12,0.04323020588687989
2021-10-14,0.03533391958191854,0.0012143896669004135,3.409620612107301e-05,0.9453799088033633,0.6855468302417203,6464841242.57513,0.049696697201707524,0.037916836665775645,0.036339747139361965,0.8835158620912693,0.0213446968204778,4.778873799519681e-12,0.043261848475953504
2021-10-15,0.01849251010231312,0.00027157342323520144,7.039950664895138e-05,0.5882743895968607,0.6746162167525647,6986614680.17821,0.02048620665411198,0.034468642549775406,0.03591601885286036,0.7808329669734064,0.017932977411959813,4.594804715518755e-12,0.03865701887901635
2021-10-16,0.03488016656504816,0.0007289702902015197,0.00048765572940398364,0.19834736139852036,0.5925791721333222,5439841445.65477,-0.01022588718752283,0.0354993230846799,0.03614223492486061,0.8116633874603336,0.017261031510000722,4.6710483291154984e-12,0.03929322303416479
2021-10-17,0.02970761916465311,0.0004655518136633573,0.0004169908227687074,0.05502396019185187,0.5274875350690773,6142893874.59043,0.004612009268149098,0.03302892858683618,0.03590424821494776,0.8696598006944328,0.013675297576701788,4.437761391737807e-12,0.035623285503744884
2021-10-18,0.02545250290544975,1.6642562971649913e-05,0.000631187341180278,-0.948620578133278,0.9308496237696597,6698042946.90319,-0.027071926501611075,0.032529672241412885,0.035878364501242876,0.8162537730025241,0.013754975263921155,4.286410137121962e-12,0.03519047354113134
2021-10-19,0.021326334067799296,0.0003899891397739361,6.48233849974407e-05,0.7149445915983698,0.5859540634627912,6744236733.28791,0.03496747928642557,0.0317325985508715,0.03535152493011184,0.7392953310411674,0.013902376196752688,4.241427361804064e-12,0.0345113061563246
2021-10-20,0.057487648515736095,0.0033048297318688143,0,1.0,0.9258182654542942,9128464233.64793,0.07029067116861037,0.03280472922934864,0.0355261912641037,0.945928742723712,0.014990339468885288,4.4656996866647225e-12,0.03591879797270034
2021-10-21,0.03401248278077421,0.0001574470498383619,0.0009994019350741004,-0.7278001677111281,0.7937114284913476,15910566499.34866,-0.02599950131171691,0.033582338551557026,0.03536278941491906,0.9408051595953522,0.014584734921007213,4.161514998596784e-12,0.03647408249359445
2021-10-22,0.03972407914108594,1.7515329398791264e-05,0.0015604871342084676,-0.9778006311108642,0.9641066404940051,8543803309.03356,-0.020342250247746014,0.0327191121699775,0.035540558396417336,0.9838181104770035,0.013578207002429718,3.664983728695672e-12,0.035300546625364096
2021-10-23,0.024492538596508524,0.000592862881397805,7.021565503654782e-06,0.9765902732103731,0.6899726709328378,6054898527.29019,0.04787282938488315,0.03183028804992707,0.03556039837269302,0.9846534707799501,0.013471216167408888,3.831208023122146e-12,0.034438340541811344
2021-10-24,0.024843688187159544,0.0002005883445389183,0.00041662049820189237,-0.35001467688578486,0.45640277294607623,6104092135.26068,-0.020809680181461853,0.03181869792447266,0.03542435903409679,1.0058531646439108,0.013477411126677184,3.896877871140838e-12,0.03442993748755462
2021-10-25,0.024099035724251795,0.0005071481194077744,7.361540343098991e-05,0.7464875098520004,0.732255150778585,5782790674.75053,0.03359188549318571,0.031177799714874506,0.03562865821962395,0.8171207193591883,0.013510812740667571,4.105370022498943e-12,0.03385121529403487
2021-10-26,0.023069643744735906,5.657778752576619e-05,0.00047563067498326627,-0.7873848632205619,0.7160047527079358,6994107155.70646,-0.021715428919200468,0.030906789606963674,0.035391134653109356,0.7595922257348927,0.013618368879173915,3.89633289319604e-12,0.03364310014774594
2021-10-27,0.0444956268561827,2.6741980226750196e-06,0.0019771866113019723,-0.9972985999721999,0.6398285362392775,10763105133.4298,-0.05209110123183577,0.029612879225530603,0.03564731987964982,0.7743345349755498,0.010481512670269174,4.0206761964693084e-12,0.031329749359631065
2021-10-28,0.043899263801748016,0.0019271404891160436,4.873219419721373e-09,0.9999949425512833,0.6259344735226864,9229357434.93807,0.08903977697253065,0.030281823975317295,0.03607599433124839,0.8695323933617979,0.010935924307345914,4.453478021994618e-12,0.03210744976439352
2021-10-29,0.03352454028821856,0.0007832084929494038,0.00034068630858698543,0.39373986226956537,0.6814195271435133,8133818992.52625,0.030453168636095852,0.030935983872752777,0.03609616079825621,0.9239723047324641,0.010684755703091638,4.567810505240725e-12,0.03264602152554595
2021-10-30,0.018397490645882447,0.00016129587996315285,0.00017717178210217933,-0.04690522587047639,0.4689416123759759,4951230218.09777,-0.022115269017681013,0.031348982464924444,0.03620526400882188,0.9039094312857697,0.009967411363565994,4.72334343218185e-12,0.03282342261768325
2021-10-31,0.03116396008066596,0.00014755002831350286,0.0008236423795958388,-0.6961466603077558,0.6976128284688444,5597512700.72108,-0.008349557660073963,0.03103793112975865,0.03645697964804694,0.9589784352605994,0.009860788741324096,4.380885734492609e-12,0.032495508581332794
2021-11-01,0.030192882534146745,0.0008042148918671691,0.00010739526385361434,0.7643833536086485,0.7927876319512325,6622171137.335381,0.007861538772286325,0.031016998858595345,0.0361233276325497,0.872253665747401,0.00986215897037313,4.172838475689851e-12,0.03247591207943455
2021-11-02,0.03298886900400947,0.0010881252068626276,1.402713010693695e-07,0.9997422112455391,0.4189830364995731,6575344469.33907,0.0608401491462433,0.031610316657125714,0.03592716246699323,0.8148532957443108,0.0095701235413857,4.515318212387373e-12,0.03296116025638332
2021-11-03,0.021763388634485962,0.0003417982508605328,0.0001318468339951399,0.44326738222010365,0.6789535314121302,6750265632.463881,0.0029174694815595204,0.030921342424893992,0.03540856452646636,0.7484645606259659,0.009740072742664477,4.2610862023804346e-12,0.03234935644105315
2021-11-04,0.01472775696876101,9.404674316924216e-05,0.00012286008216164636,-0.13283740125950314,0.41137216480612393,5431479120.96728,-0.015581219095284999,0.029940096586172207,0.03542623600224655,0.7291151239337558,0.010295440743577014,4.031632001779075e-12,0.03158097608300789
2021-11-05,0.015440216618755429,5.491194430899588e-05,0.00018348834492509542,-0.539329885165731,0.6102003529850363,4358883948.49716,-0.012890920099643285,0.02979474927743136,0.03501515191776346,0.6416516555515168,0.010484935961203699,4.032831153384857e-12,0.03150279384194949
2021-11-06,0.033453812123259624,0.000560632177403327,0.0005585253681750257,0.0018824956652663011,0.4794874800377392,4714538239.7317,0.00980372771927612,0.029726827637346194,0.035240352093133025,0.6782957970913683,0.010454922366517962,4.0423384750569485e-12,0.03142904172803103
2021-11-07,0.012057324838396917,0.0001406922904494612,4.686791809162045e-06,0.935523161429449,0.8960641216199465,3816126139.5903797,0.020748812901921227,0.028886337431333994,0.03514768917955392,0.5753056132846268,0.01114334800336181,4.265498117852204e-12,0.03086554126454134
2021-11-08,0.014828987965971244,0.00021187990619173826,8.018977903181754e-06,0.9270666794314395,0.7340811104225482,5753273555.99257,0.04195164728626901,0.0283804557675493,0.03512944781955826,0.5373168964401905,0.011541073839786115,4.42026100863243e-12,0.030533653072165177
2021-11-09,0.012122917862068915,1.112869640955606e-05,0.00013583644108091348,-0.8485532473947743,0.4362871626684924,5516088243.02753,-0.01657784080198299,0.027942197852990718,0.03386049818974648,0.5312985378815893,0.011988413454890554,4.316478514120786e-12,0.030292648787073953
2021-11-10,0.042609847713204654,0.0006465223761176965,0.0011690767460247956,-0.287813737919448,0.5057436681095437,8703427804.71559,-0.021945538672815477,0.027233731148108262,0.03336609630868071,0.6869728660417517,0.010502635417728882,4.06987462358602e-12,0.02909860524521256
2021-11-11,0.017543131248491727,0.00023889667922455241,6.88647747772545e-05,0.5524795332111332,0.4260494484653921,5380011627.03747,0.018981476729743672,0.026449476313237668,0.033231911119016404,0.5971985043777315,0.010585714662944027,4.160067247310885e-12,0.02839535327566005
2021-11-12,0.03285684442546408,0.0003098088711409124,0.0007697633544582371,-0.42605253489367556,0.506952658724582,7762478251.17218,-0.011760856031334716,0.0261224651363033,0.032990602115629916,0.7223790987564583,0.010256073132264567,4.118836495288323e-12,0.02797429738905084
2021-11-13,0.01902049428460193,0.00023947078693388468,0.0001223084158966901,0.3238504870388115,0.6557131563225875,3779188246.75865,-0.0046335314108865225,0.02586189159764108,0.03300804257045117,0.7530826503036069,0.010368452587995958,3.800722331150516e-12,0.027770901487983786
2021-11-14,0.021369486063796347,0.00031630688088223643,0.00014034805374854985,0.38532119942151166,0.6723162327897305,4354962791.23766,-0.0032305885636577645,0.025696453401290446,0.03279038952655478,0.8149177779325892,0.010413132057533787,3.673707175407922e-12,0.027632906927422325
2021-11-15,0.023205774582272375,8.547909338321936e-05,0.0004530288805800192,-0.6825336020407579,0.4805541166305725,6306501839.02235,-0.013644147138317622,0.025653917156434287,0.03264084391249467,0.6988137977720277,0.010421804370459779,3.5001150122881414e-12,0.027596473982476676
2021-11-16,0.014949744839719031,7.360690346328447e-08,0.0002234212638692425,-0.9993413101320061,0.7892628546796895,11760055645.2655,-0.08153385283904811,0.025267255303814434,0.032346753657304946,0.6868210017756992,0.010670148329541893,3.682415015647631e-12,0.02732882597258749
2021-11-17,0.033971199530646895,0.0008306228819971256,0.0003234195155538983,0.43950150143491773,0.28024924928254114,7783640525.6704,0.018493220693616957,0.02476609209783654,0.03232529818082503,0.6883600410478038,0.009944333120669406,3.5650876416004607e-12,0.026599624861359198
2021-11-18,0.03699255737835967,0,0.0013684493013912328,-1.0,0.6102504745396518,9439478791.19713,-0.07009622516036768,0.02443720131577043,0.032435606452987945,0.7983863602932953,0.009377984501011507,3.4592974615591004e-12,0.026094740244623254
2021-11-19,0.03375344672092824,0.0011392951655425413,0,1.0,0.3308882181579145,6266188518.4880295,0.07136407781183647,0.02444810162208994,0.0325574097483439,0.8805796146624757,0.009389201429629027,3.82333247298805e-12,0.026108788158421298
2021-11-20,0.04951545669062562,0.0018796714507851903,0.0005721090004960312,0.5333113940140396,0.7325214840582378,4931186882.83004,0.027364477220004357,0.02592990952898247,0.03304342159112895,1.0545347766297681,0.010744285966359237,3.874887087207419e-12,0.027969675747940556
2021-11-21,0.024470848039943205,0.00012079928039438782,0.00047802312339960434,-0.5965438847009292,0.6806080026883561,4334385457.28967,-0.035323567298927196,0.02561118990799567,0.03284170161119837,1.1300402746767482,0.010680341679123516,4.1919327429869906e-12,0.027650874425360586
2021-11-22,0.04432213818154746,0.0002737101484512432,0.0016907417845329444,-0.7213368839873301,0.853762052468445,7905984342.52,-0.04139414451195994,0.026284011605490945,0.03278238829472597,1.1893459273068114,0.011403936109656248,4.3847253465372024e-12,0.028543058336728547
2021-11-23,0.04244789072552277,0.0015006857529495134,0.0003011376740964085,0.6657411935306872,0.5876731498015338,6895439496.10744,0.06052082908452478,0.02673444121127729,0.03232443593586803,1.2555612271006458,0.011859701572783819,4.362066576886953e-12,0.029132200897986776
2021-11-24,0.020558979613102775,0.00023952458525412074,0.00018314705747785476,0.1333837477524275,0.4355179241746254,5822609661.59857,-0.016271773735832478,0.02667708840073523,0.031825361033275726,1.1657985625576637,0.01188782215945525,4.474561035940343e-12,0.029090510865106278
2021-11-25,0.030678596015758626,0.0009172105379914328,2.396571550668815e-05,0.9490728428015189,0.4918995378799514,5497303917.35342,0.058333532351453166,0.027436652164877978,0.031764528472275275,1.073977978854598,0.011592058005528734,4.843256769003178e-12,0.029677379311215845
2021-11-26,0.09139493049761649,0.0004044907232569621,0.007948542597407186,-0.9031511768889243,0.8921470441077489,11001572746.4512,-0.11391646456987507,0.031053543301966597,0.03177231170972446,1.4713960526507168,0.017831914011258127,5.195503040494731e-12,0.03559716195873692
2021-11-27,0.008547919660038424,2.7159361885721336e-05,4.590756862875008e-05,-0.25658949419416943,0.3219116798733303,4148428146.1635,0.013439255171869538,0.02986754842276559,0.03169789971493056,1.2618469759918423,0.018480728733294597,5.2507475430318004e-12,0.034890458591196265
2021-11-28,0.04885677849967235,0.0023657274098693518,2.125739549669407e-05,0.9821889142746895,0.9128184283852011,6210487095.14454,0.047976712120077175,0.0316199033590168,0.03117838979239566,1.2938571547366091,0.018452164887603602,5.359698609019559e-12,0.03638800943134652
2021-11-29,0.02529463150361607,0.0004861741869573189,0.0001536441959464078,0.5197255969760826,0.24995883793313847,6245171955.45936,0.03388293390548471,0.032118267336999885,0.031009465115320694,1.3190757190153175,0.018114229634943024,5.2708259034028265e-12,0.036661742961644726
2021-11-30,0.04283626451240255,0.001753971810505685,8.097374687083311e-05,0.9117426165094469,0.8850763328209214,11742857991.16934,0.04108283260736955,0.033580807653682446,0.031085201352514885,1.4087462950215204,0.01765311340874453,5.2943104757834884e-12,0.037742064291454436
2021-12-01,0.031133527899414343,0.00012477602002920244,0.0008445205394344089,-0.7425431488207265,0.3871168566231644,8721654100.22072,-0.009713585356082858,0.033034316233978143,0.031024258870478348,1.0240726964209332,0.017536878519182217,5.227274750372538e-12,0.03720434510844066
2021-12-02,0.021238308541455083,0.0002720419721260039,0.00017902377757604007,0.20621870450462693,0.5336028579917189,8009972829.01313,-0.015899704135589384,0.03321027705745259,0.03108069730741576,1.1093495431334175,0.017391608526411872,5.1537909704664555e-12,0.03729594225956647
2021-12-03,0.06654276044511406,0.00036719403977135434,0.004060744927884483,-0.8341467475258596,0.6850595598876646,11599142242.40267,-0.06892293775467193,0.03481436829648354,0.031218648534254777,1.2061148014623806,0.018849741634989012,5.3645996171884405e-12,0.0393755424643896
2021-12-04,0.06322155897171441,0.0021940405242697296,0.0018029249945442332,0.09785311579108988,0.444008520974106,13904957699.91255,-0.023503205659598743,0.03691918090063175,0.0315371201827333,1.4243022146750552,0.01945603025003083,5.386704854266273e-12,0.041515508604012936
2021-12-05,0.03765324088943975,0.0005591902278703154,0.0008585763216078619,-0.21116741246839152,0.6033535849586169,7920029236.9875,0.019665460793339414,0.03769459779709096,0.03173658304095136,1.416915723079754,0.019127024595740387,5.469618465763186e-12,0.04206310348041986
2021-12-06,0.05036465223288491,0.0019262783502739151,0.0006103198442655236,0.5187887103449293,0.5022570947636986,10673116598.55363,0.034577912878333984,0.03898787768521537,0.03193986485217472,1.524097084714594,0.019016232077789887,5.520866823510731e-12,0.043179298602053294
2021-12-07,0.021813499581702717,0.00017033980716747935,0.0003054889568334653,-0.2840289614473951,0.5833957739995121,6040967486.5793495,-0.009159423481218815,0.03931472314911936,0.03182958935329915,1.5261215400832382,0.018637630877031044,5.262919205782912e-12,0.043318214730558975
2021-12-08,0.04440914933145199,0.0014262365242448398,0.0005459360200983631,0.4463607946837356,0.5108064661819244,6276303882.73508,0.02963210274345559,0.039811768377729116,0.03139691323369875,1.3600998302476701,0.01862718107295133,5.37460289770793e-12,0.04376558357729841
2021-12-09,0.03571316208010329,1.9297258455378557e-05,0.0012561326873043491,-0.9697399947060458,0.4707218007673003,8128100154.372479,-0.07777206496956178,0.03975084479209786,0.031489956694395194,1.1892797925497858,0.018638951381536043,5.476623755817431e-12,0.043714949533725664
2021-12-10,0.060406801966159794,0.0009398263939432253,0.0027091553298356215,-0.48488292620443657,0.2977584317297332,8630315816.21057,-0.05197582171513859,0.04102005218472794,0.032134712559856886,1.3113659899218255,0.019111621228590545,5.221086455710715e-12,0.04506113288036288
2021-12-11,0.03013220120673181,0.0006671563379738429,0.0002407932115891271,0.46958900589789415,0.5139484399549198,6927855786.59676,0.048586630195517046,0.04009704001882823,0.03245864400424505,1.1808048177224244,0.01914884296801781,5.2907988263938706e-12,0.04423787900925
2021-12-12,0.029489936666131922,0.0008302327555074815,3.942360906499034e-05,0.909335202567347,0.9427545997144421,4250371718.97262,0.009769044307637283,0.04033604423912293,0.03232838842562575,1.2321454960040477,0.01897458421505755,5.012169487831516e-12,0.04438340674747948
2021-12-13,0.05392202492241703,6.204589245816057e-05,0.0028455388792756027,-0.9573213527176625,0.9300389809391437,8753636591.89626,-0.08818333404509915,0.040793181702973864,0.03269806405568672,1.27851575959373,0.019189838953228934,5.242555656793142e-12,0.044886499998014
2021-12-14,0.03153825604746647,0.0007769604296661684,0.00021770116484938685,0.5622608411749985,0.5470305579151659,6516584351.17794,0.019990216519275072,0.04027367528973309,0.03287281105271203,1.2448052781602457,0.019290212988424406,4.970682107024353e-12,0.04445628869273918
2021-12-15,0.09761772728467932,0.006873002167800589,0.002656218512425437,0.4425108617880316,0.7024199423018287,9333255722.11962,0.04123148680377116,0.04394313946457007,0.0338471900967331,1.425086688439892,0.022426717439712224,5.047973140499657e-12,0.04909182005786494
2021-12-16,0.025932528938578434,0.0001482672328348927,0.0005242288243153152,-0.5590539713698993,0.6428153421221494,6477885416.67551,-0.015127493377704021,0.043717136270418636,0.03369796167382293,1.4030187299079382,0.022590390052750646,4.653875681103193e-12,0.0489613368029265
2021-12-17,0.02829838721709283,0.00015850824409984607,0.0006422904749886769,-0.6041246312674883,0.6112066042108317,8150384191.8372,-0.0216461928990912,0.04071253897134607,0.03385361051691468,1.39406436092974,0.019976862255100578,4.287270329763621e-12,0.04513958664417471
2021-12-18,0.01859067521478191,0.0003339997629814501,1.1613441960056255e-05,0.9327951490625377,0.8928686381771288,5102991865.01633,0.021623651452230847,0.04119076542633386,0.03359504716214855,1.1881024982175865,0.019276296221552303,4.334786712125619e-12,0.04528311690274081
2021-12-19,0.01425863160002592,7.529353727985366e-06,0.00019577922137727237,-0.9259317643233962,0.8637966985549872,5534488536.14064,-0.008918659754781979,0.03954323462158879,0.033349825137313195,1.1099789310511459,0.020051287344724195,4.043660852565106e-12,0.04412001919802302
2021-12-20,0.03411293634582643,0.0006872088464530074,0.00047648357968139873,0.18108330177210416,0.3944641988612567,6712525820.97073,0.00533182718985722,0.039963153899789286,0.03348729233477949,0.728297666878628,0.019829075818050476,3.823129880976449e-12,0.044401829658752855
2021-12-21,0.01528886412870296,9.062798783278567e-05,0.00014312137851315445,-0.2245712640892492,0.6052408274998982,4984828563.72327,0.01777875986920053,0.03865137292913692,0.033391459478603364,0.672565683257983,0.02052836405009034,3.826369699070384e-12,0.04353475668218191
2021-12-22,0.008926332705548734,0,7.967941557014898e-05,-1.0,0.48890833899322134,4313444572.42589,-0.008947889051055445,0.03759388744371475,0.03262064494193372,0.5591216708427555,0.021484704847023604,3.872116672897497e-12,0.04304546803368501
2021-12-23,0.04847447011015604,0.0021596059660101323,0.00019016828645027927,0.8381391010211665,0.8979198738139549,6342305120.28279,0.03280174126533326,0.038890847518414796,0.03285020029636835,0.7335183651810778,0.021269001799643687,4.023874162661837e-12,0.04408318283480152
2021-12-24,0.010106274491348606,1.3999891440409763e-05,8.813689265407377e-05,-0.7258599521312733,0.6459745103805113,4194323368.2672,-0.016260162005732486,0.03620339580633073,0.03238007641303919,0.7133992979079246,0.02116561099532591,3.925523442203441e-12,0.04168136788394727
2021-12-25,0.008714269375690604,7.574143572533649e-05,1.9705502676263633e-07,0.994810141080999,0.6189873330860292,3621803415.02818,0.011962211971742654,0.033607810587472454,0.03212962769524843,0.5625183413246757,0.021028378910417915,4.002311908899279e-12,0.039377923458609396
2021-12-26,0.009829325689251898,8.732621533567603e-05,9.289428169711289e-06,0.8077034353304637,0.3291478371859996,3110302732.49935,-0.0077586300146451105,0.03228286224460636,0.031891304480995926,0.5385213024815121,0.021628730868213774,4.0028590498848515e-12,0.038570829755252015
2021-12-27,0.01502103595725018,6.469579947488499e-05,0.00016093572175411786,-0.42653580384078943,0.44480732836902037,3412512083.97403,-0.006182918943291662,0.030599832898147567,0.03174720924659907,0.5854807045899699,0.021526234173195793,3.934864651240158e-12,0.03711688127990056
2021-12-28,0.026956776033385945,1.210925259334084e-06,0.0007254568488547968,-0.996667183264566,0.7517468034896136,6515358318.89518,-0.06269758889735053,0.030844750824418198,0.03180890975911733,0.45032588584939137,0.021450393566499755,4.320904052476909e-12,0.037277440774730324
2021-12-29,0.032223472374133914,6.729208716193558e-07,0.001037679250974952,-0.9987038677437874,0.6526535964751768,4938307811.88661,-0.044060464952846365,0.030264480493117335,0.03161411365622767,0.5870338188365877,0.021228783128813065,4.520947496263756e-12,0.036676149660616955
2021-12-30,0.024963782832847312,0.00044402657024125063,0.0001791638830843115,0.42501082252389977,0.40895430738209876,3783727767.90478,0.021775843203267385,0.029752605290867054,0.031313550466245114,0.6921495894225049,0.021220428349324787,4.3393681568353675e-12,0.036250254212608315
2021-12-31,0.047896482457605485,0.00045227282353427315,0.001841800208277437,-0.6057032036359388,0.7880650400242278,5019121901.3092,-0.00878335438842558,0.0291568757904597,0.03154167653242586,0.9252202791896268,0.020479501123098605,4.135916150912057e-12,0.035349136749805964
2022-01-01,0.013051125498229019,0.00012894028665059364,4.139159011993002e-05,0.5139889149968794,0.43451453959669367,2815651909.34339,0.023404531371192708,0.028343491232911952,0.03145681359357422,0.9224693898087561,0.020775887194799166,4.197776533138497e-12,0.034848770679482055
2022-01-02,0.013363471214180392,0.00016929204210446144,9.290320787766519e-06,0.8959547780944853,0.4497275827309202,2798657676.16421,0.016644958329053487,0.027575564306628546,0.03117426615124905,0.8397827423367078,0.02102790109616782,4.371542322144837e-12,0.034373369518812535
2022-01-03,0.021127569665512384,0.00013093043736003965,0.00031544376261103947,-0.41336019255358974,0.38961511273185767,3777721163.97305,-0.016345188846966188,0.026013923580109274,0.03103037229619136,0.7663114217280641,0.0201738444293393,4.097867273532336e-12,0.03262404065500716
2022-01-04,0.02369344440727004,0.00041967829647543507,0.000141701011404961,0.49516838467031304,0.6808429578974086,4775534414.28812,0.005703576014741791,0.0256403611210523,0.030882825874020893,0.7549216790670058,0.02013903650679225,4.008664481003918e-12,0.03230627708077473
2022-01-05,0.05576318418724416,5.9703046600164585e-05,0.0030498296641003524,-0.9615999880659144,0.6321356343558006,6675092541.77517,-0.06772476963694743,0.023647287640222055,0.03142250516850912,0.7954011949547442,0.013701897456488856,4.281435728942416e-12,0.02716608384915883
2022-01-06,0.03851370760629216,0.0004069094955782213,0.0010763961780047447,-0.4513477527591193,0.633513848572511,6279177286.15747,-0.03838043324035292,0.024246391386303662,0.03180005994053343,0.9418694139484717,0.014076737124967244,4.4612968211045445e-12,0.027867653174144778
2022-01-07,0.03881792481536296,0.0004863096732418885,0.0010205216137292835,-0.3545267111895422,0.5940335739949874,9156175041.42808,-0.06304890731147288,0.024747321748126053,0.032171134673812905,1.085712501845728,0.014411335680974849,4.662729891037394e-12,0.028464481233723967
2022-01-08,0.0495064285162232,0.0003046432078785289,0.002146243256553389,-0.7514016154566009,0.7376381029235002,5808043464.3749695,-0.03714215108736755,0.026219500476766112,0.032425938108621856,1.2354055043594527,0.015302495677539016,4.7654682151975936e-12,0.03017412466832808
2022-01-09,0.03811449129970396,0.0011009554381708996,0.0003517590088643096,0.5157217447899669,0.7548970254923938,3853748750.33209,0.022518311430602258,0.0273554937957984,0.03283954392546799,1.3247385280241322,0.015255582264165802,4.966980260689646e-12,0.031144394635483852
2022-01-10,0.042180800491615114,0.00036922516937878914,0.0014099947607346488,-0.5849583706548876,0.6027556871296529,7079565083.20333,-0.02204444699342084,0.02773967780274072,0.0332736996798433,1.228083268157691,0.015533323773113896,5.0774328137851835e-12,0.03161145600464437
2022-01-11,0.03379882794243788,0.0011066270600372185,3.573371024530134e-05,0.9374388351300543,0.9121085991442504,4836151992.533771,0.049268365277171176,0.02862110465101381,0.033617761744611056,1.1995706854123347,0.015315120484363653,5.392715663300299e-12,0.03228856392664177
2022-01-12,0.03296606990322892,0.001050986759834754,3.577500502982192e-05,0.9341621941690599,0.6826511642553769,4753099829.92951,0.040288248549151896,0.02976585404137953,0.033464685906357476,1.156923722462161,0.014653555055973594,5.697562641405412e-12,0.033022835474746645
2022-01-13,0.01634375317090584,6.687486358991119e-07,0.0002664495190755956,-0.9949928648337792,0.3522889581937486,4558640511.93513,-0.039204570467128504,0.028235819901415236,0.03344564815909421,0.9641161104387442,0.014275000697510826,5.8608084356584074e-12,0.03148545010445829
2022-01-14,0.03258734856633078,0.0006354283924038549,0.00042650689417968624,0.19673656282419152,0.5207318882045847,4271754423.42846,0.019945909583829566,0.029306347238319153,0.03344137044704447,0.9272277739949708,0.01367790495445917,5.898548812750643e-12,0.0322030784068084
2022-01-15,0.015567357519971915,0.00017612695584465988,6.62156643099662e-05,0.453536779723538,0.7020724437776354,2687321901.17641,0.005562893889984411,0.029632684768999214,0.033386558752367804,0.7706911414491799,0.013236675237351204,5.839844915119093e-12,0.03232587609078948
2022-01-16,0.019519982130167382,0.00024761086192721644,0.0001334188404348375,0.29969322807247667,0.4067578941756706,3112687274.02912,0.006426242774636028,0.030094144599518997,0.033357201547072106,0.691746358784434,0.012668491034695702,5.8193705614331596e-12,0.0325346859774195
2022-01-17,0.010665261875987899,1.7938820521303432e-05,9.58089903620975e-05,-0.684586096523793,0.3004753521424784,4673076476.50251,-0.04177833768668003,0.029886726786125556,0.03315814578982949,0.567237272643522,0.012959924221481433,6.158817385317541e-12,0.032452703984699856
2022-01-18,0.02122365390215707,0.00012388919079429466,0.00032655429416425237,-0.4499234868245644,0.6718075348501248,5010157515.14645,-0.015477890366098201,0.029613720970352753,0.03325773164796343,0.600226731630539,0.013084517112270388,5.8476867542202345e-12,0.0322494102014241
2022-01-19,0.026288484297004252,0.0003369807074811366,0.00035410369915270256,-0.024776990346185458,0.4777992705023555,5189639864.1836195,-0.024512130604867722,0.029331102490489435,0.03313578378711196,0.5688918343467034,0.013089424778159294,5.6477392726715624e-12,0.0319919974070312
2022-01-20,0.07865402898434001,0.0012091568839905761,0.004977299391478822,-0.6090954723837173,0.7717169297273873,5926009927.5985,-0.02725265327582007,0.03188778087865575,0.03379707698720689,0.9281420321729175,0.01688648827524053,5.592676919124182e-12,0.03589436332063265
2022-01-21,0.07559551956402985,0.00023467418912530603,0.005480008389030314,-0.9178697378495356,0.7481410904414486,12514701125.46148,-0.15588278075327597,0.03320678264562834,0.03446123687360533,1.2418092943942574,0.019131939971230028,6.102486196226465e-12,0.0380958198109333
2022-01-22,0.06064620189002337,0.0009997732161532626,0.002678188587532212,-0.456343883097727,0.4710293294697863,11407543010.036,-0.06267783245749321,0.03547321485476141,0.03463791536883386,1.520508955800343,0.019441479805496598,5.968301637149461e-12,0.04022836665323187
2022-01-23,0.07764096773621718,0.004889581435654905,0.001138538435361413,0.622257533120535,0.6677760319480909,5833997685.39064,0.05167466670829627,0.038534048022477445,0.03548188552274297,1.7978613206791583,0.020798988757241958,6.106874318898822e-12,0.043553081277168254
2022-01-24,0.08842412404659855,0.0028694467866076496,0.004949378926800598,-0.2660159231617276,0.5174089877698174,10840194199.53302,-0.04030260925395132,0.041738645850148214,0.036181917044410455,2.0914913308273477,0.023045969790181624,6.077881642734432e-12,0.04741244571231386
2022-01-25,0.02888887256413973,0.0006399818462834762,0.0001945851117436291,0.5336860395153356,0.4399294533370886,5636577032.24078,0.007966965110089512,0.04198604719095153,0.03596669453391231,1.8718060512246824,0.022869779725540634,6.088315346728892e-12,0.047549436843609204
2022-01-26,0.061671261113143264,0.0016783228374172223,0.0021250216098682743,-0.11744893964833178,0.5102045134037106,8579635823.06901,0.0017239350638099298,0.042267384187422916,0.03661927043073834,1.7493429926246296,0.02308308089989892,5.61474587619526e-12,0.04789559059315872
2022-01-27,0.046740133588860165,0.0009679589864138088,0.0012166811014906853,-0.11385038499199683,0.5569251924959984,6551124353.29313,-0.015974198400941414,0.0426591187580214,0.03687421547158123,1.6742972828251845,0.023085997163332643,5.439796145012773e-12,0.048242973323997435
2022-01-28,0.045710968728601455,0.0015498701599045877,0.0005396225022025924,0.4834894498663595,0.5317533722836727,5832709367.68838,0.048632706468171916,0.04298735894436608,0.0361490732212794,1.4841371363607254,0.02307765341605089,5.508938211917856e-12,0.04852968426549167
2022-01-29,0.022444813412954588,0.0004590833679625929,4.4686281179753294e-05,0.8225924040647131,0.6702252524678342,3909322807.94748,0.02201018998128349,0.0416987106061152,0.036369658836405055,1.1339151217740735,0.023448013505755125,5.472520550421781e-12,0.047564802181457526
2022-01-30,0.03336731668492587,0.0006196219586926952,0.0004937558640594369,0.11304886091779065,0.4346147474613625,3431223524.16989,0.00019998538634990882,0.04147265467207815,0.03612379436315511,1.1574426145478973,0.023507104369704383,5.197047287597016e-12,0.047394635980146156
2022-01-31,0.0344524205467477,0.0011869692815299631,0,1.0,0.4915163422577063,5497599951.88833,0.03212284239228765,0.04110463657946541,0.03626915609399847,1.001296542627791,0.023555909184310768,5.327011707432574e-12,0.04709616871735169
2022-02-01,0.01805619514659123,0.000258098221813239,6.792796135854563e-05,0.5832975088215286,0.5430534593409106,5668520842.67734,0.036935912956820194,0.04035498739871081,0.03587582165962052,0.8632201148209043,0.02404544812522254,5.152176297352989e-12,0.04668164556093277
2022-02-02,0.043919367516595885,0.00028433280734448335,0.0016445780357133343,-0.705188232656992,0.7383202244738127,6390741360.31646,-0.03966942616217947,0.040876572999347334,0.03607877149481387,0.8609405361888358,0.023995902913216748,5.0441345232917396e-12,0.047109217456177035
2022-02-03,0.04512019885729399,0.0014344824096984578,0.0006013499352232959,0.40923432450287694,0.6699357936666634,5720509414.67786,0.0059186748221297545,0.042246879936794386,0.036457849118874806,0.9857046284761727,0.02333750595172802,4.683876605648211e-12,0.04799482106644977
2022-02-04,0.05737150332006874,0.003291489393204659,0,1.0,0.596171336691806,8398868704.49046,0.10539206441411203,0.04342707778221048,0.03631227360895345,1.1172994178922648,0.023450992688036593,5.059072300194049e-12,0.04908841097828452
2022-02-05,0.018407546634467,0.00017301416511583673,0.00016582360798424062,0.021221238310618763,0.48938938084469064,4687429957.09237,0.005978140207219334,0.043562324882900724,0.0356009400797908,1.0288181450077334,0.023289922670015985,5.021229654862853e-12,0.04913519206898535
2022-02-06,0.01899397678485439,0.00033362553983155206,2.7145614272035403e-05,0.8495133883999985,0.8922696662040378,3460851097.7894,0.01407247943929026,0.04353727700931439,0.035304761284479916,1.0465638015258394,0.02331733932872484,5.116546716103167e-12,0.04912537436887243
2022-02-07,0.024933825120089997,0.000531274554499298,9.042108061993295e-05,0.7091146358053755,0.49280611680241304,5945879846.5335,0.027223572402973798,0.04421673240189068,0.0349010973620546,0.9432912893356776,0.022505322102167834,4.9088485988668385e-12,0.04937094690718567
2022-02-08,0.03405922061843987,0.0005257642225881721,0.0006342662865473872,-0.09353380200325034,0.41626883697591355,6598768727.89174,-0.0074579240361273185,0.04482794986457081,0.03509547388644725,0.8911883973788507,0.022018672215488064,4.8155579888510616e-12,0.049711972972376485
2022-02-09,0.028989802737114687,0.0008391562444944815,1.2524182423408757e-06,0.9970195018260227,0.5406893331947136,4964808230.62457,0.03983191469922606,0.04495658407600464,0.03485072235320381,0.7270965776801164,0.021912583327388293,4.9726803211187324e-12,0.04978344037597579
2022-02-10,0.038997125298836734,0.00034324382518836894,0.001177531956384803,-0.5485937777976724,0.5217520333744856,8499639525.52764,-0.05415496813980822,0.043068160090980676,0.03490284875350116,0.8426230650345251,0.020528436946184777,5.057090934290694e-12,0.04749963867288077
2022-02-11,0.042923960986199904,5.012152490469571e-05,0.0017923449018401158,-0.9455930114360367,0.6967548498303467,7077554747.74226,-0.04831744882121184,0.041512371587274485,0.03462534334112085,0.9859732495328909,0.019130467993398632,4.789037749982313e-12,0.04551729812663482
2022-02-12,0.032645292848148016,0.000608313334735329,0.00045740181040601526,0.1416058737809328,0.5555511220601219,5450989532.57656,-0.0031148621101724523,0.040178994966232805,0.034665233684635394,1.0301723282805688,0.018701179078812274,4.55460968239543e-12,0.044129714827121226
2022-02-13,0.023005176225878256,3.7431916426358486e-05,0.0004918062167573557,-0.8585441445755959,0.8999450789344082,3707939332.4807,-0.016145881696211544,0.037577290608597616,0.03456230097923454,1.0022008927330086,0.016947088906665242,4.3401764799914515e-12,0.041055818337936964
2022-02-14,0.03486752881886036,0.0008120551085939822,0.00040368945734007585,0.3358975747838598,0.38339506896820724,5263552192.95742,0.02018967737195212,0.0350269765501339,0.03425984866013047,1.032939475498348,0.01230738121771013,4.345789101992951e-12,0.03702901273060993
2022-02-15,0.03081074670429122,0.00093244489940738,1.685721306861225e-05,0.9644850404374539,0.598334217986834,5714091348.62078,0.08343678227963477,0.03511849436633158,0.03424830089277848,0.9826692868843802,0.012266533814828591,4.973812591172156e-12,0.037102713682249065
2022-02-16,0.042723473502074866,0.0010898594781035146,0.0007354357099789788,0.19417339750775572,0.5939697812784523,5408024225.21039,-0.019646847814283566,0.034216218765804524,0.033376963531149835,0.9698016280653656,0.010828312878527596,5.137239896301925e-12,0.03581087182295542
2022-02-17,0.04069922485004179,6.519798394607256e-05,0.001591228919448187,-0.9212787671916312,0.4268417280995474,7919238051.35232,-0.07687647811548678,0.03392855644490841,0.03361135552974449,1.0043309846059878,0.010555781305689092,5.483390829504357e-12,0.03545794032278159
2022-02-18,0.029949723238756512,0,0.0008969859220781119,-1.0,0.8647866833792209,6148632292.71915,-0.039619166649695524,0.03317802094539198,0.03363756721262804,1.0469757641332091,0.01023148786754263,5.3931835270673815e-12,0.03464793639878805
2022-02-19,0.03413325720814049,0.00012325227472222584,0.001041826972914849,-0.7884225043537654,0.8939443594374108,4270584831.58429,-0.005981589396112178,0.0337346135070675,0.03388427486331627,1.033194881224664,0.00993194822575807,5.191777291537539e-12,0.03509943631963504
2022-02-20,0.02513903208665504,1.219803556551726e-05,0.0006197728986883545,-0.9613968462650304,0.773693573552158,5933481403.7028,-0.05246975950338912,0.03334279043095937,0.03405697963294531,0.9925619993254682,0.010107910249897784,5.610096968875108e-12,0.034771342976775844
2022-02-21,0.07257774837759652,0.0015029655582419195,0.0037645640013197943,-0.4293470814933693,0.3830583868733489,10607780731.93246,-0.02075793555956125,0.03515828223242835,0.034667532204878164,1.1509085297910788,0.013252040254947674,5.425039486015184e-12,0.037461429318708155
2022-02-22,0.031988514245167195,0.0010200812193192558,3.1838242940087513e-06,0.9937771268277349,0.8023551161485428,8250350069.89216,0.026408323764740917,0.03582172599902721,0.03493260601625061,1.0901031108887342,0.012689866339950874,5.2671777197045085e-12,0.037901985925512936
2022-02-23,0.042116348054102824,0.0007801355011388503,0.0009936512722754807,-0.12037285108718994,0.39656157010538945,7224805564.13842,-0.022077814946565997,0.03573586792938469,0.03545943165670385,1.140682498127919,0.012638334184960806,5.117106644713852e-12,0.03780441345449717
2022-02-24,0.06278293169603687,0.0038267063952985227,0.00011499011705070797,0.9416545050130334,0.7911109463242608,15271087886.32285,0.0067459553129667355,0.0365769504455153,0.03568655009457497,1.2683597762455263,0.013826011708135612,5.0888735806929506e-12,0.03898626826438679
2022-02-25,0.054426000083717126,0.0024906630372219024,0.00047152644789087445,0.6816365392824136,0.46746941231221933,7859621309.73445,0.0637647588655976,0.036436688386641415,0.03639003780239035,1.401809493012466,0.013617881620237606,4.877663642340823e-12,0.038784638262827166
2022-02-26,0.023701162385694523,0.0002224059197407948,0.00033933917869226603,-0.20816071075234374,0.3923377452432751,5167387400.86429,0.004231173021535035,0.036688765327176055,0.036627924993025335,1.143822246864648,0.013313044858697734,4.855923968821174e-12,0.038921238414495796
2022-02-27,0.08120606185400667,0.001027356811744465,0.005567067670092291,-0.6884165359466475,0.8409864258941121,7998715417.35802,-0.060142627597106826,0.03965124556856426,0.03776088905913255,1.375772236438555,0.015857372644768938,5.020345179432182e-12,0.04256410969786615
2022-02-28,0.07622325992545917,0.005804028843831574,5.956509832535522e-06,0.9979495611537889,0.7115393240976193,9267533739.81621,0.10997525131145584,0.04209359960691517,0.0387323529316438,1.5195593376637522,0.017356221010265245,5.367400499181358e-12,0.04537361402335929
2022-03-01,0.020306148467925948,0.00036778563852443507,4.455402707701627e-05,0.7838964776186235,0.620534369712059,8544403642.44822,0.018848320574898766,0.04143869140927165,0.038626787414731745,1.318650786003495,0.0179247077198663,5.4186255696342795e-12,0.044979556730343734
2022-03-02,0.02803549119400129,0.00016931073457919342,0.0006166780319097305,-0.5691777241664195,0.3919186657186137,7817489406.51165,-0.009501884735615456,0.04139324800245673,0.03856031152298361,1.1750786509081705,0.01795902352095441,5.094464350359301e-12,0.04495074081733646
2022-03-03,0.03056536429479358,5.321032908920667e-05,0.0008810311653842356,-0.8860887053208932,0.9274848030174013,5935025460.83803,-0.03962493668380732,0.04099173557369277,0.03864922551444307,1.201409713150348,0.01810890212196788,5.108988785084026e-12,0.044638984037271186
2022-03-04,0.03393608416677431,2.505136924598329e-05,0.0011266064393284066,-0.9564951167621678,0.6090406317715418,6556161324.439091,-0.07805942810123338,0.040563741439434406,0.038427631890779086,0.955927139979781,0.018167070050552066,5.350865639392878e-12,0.044268987422296506
2022-03-05,0.012203406968160477,0.00014127498888909443,7.64815274145326e-06,0.8972872495474612,0.690605855947198,2866022819.73462,0.016390086422666837,0.03959031830229215,0.038414176041095455,0.6353158364093303,0.019134467359950995,5.595976394051498e-12,0.04377312514915406
2022-03-06,0.02816946721579937,5.720647691710234e-05,0.0007363124063048932,-0.8558157137110038,0.6097788995469834,3653497883.30399,-0.04381354966806985,0.039836236920859816,0.038649191850644964,0.6832487656431646,0.018942882211426388,5.959681705140559e-12,0.0439166401600165
2022-03-07,0.0709695259597704,0.0011621576069775021,0.0038745160079770207,-0.5385217721764186,0.7686481522519268,6844133016.58346,-0.023599798249742697,0.04155537964185553,0.039440334014045876,0.8915634190098318,0.020073844761403774,5.941225896929636e-12,0.04594148762587779
2022-03-08,0.02511432941013425,0.0004743366155897203,0.0001563929261310138,0.5040887867584317,0.6553089312974181,6770376286.07039,0.033821355890817,0.041284121675467106,0.03946288774425007,0.8689568414121412,0.020263884952405886,5.4837762654675785e-12,0.045776087238445416
2022-03-09,0.023745423886954824,0.00031294218553371147,0.00025090297003745325,0.11002881710212377,0.4804174039189872,5619678231.05178,0.056927364047690686,0.04038040502712806,0.038954669326785166,0.8260305061706623,0.020616600197817112,5.793161857122555e-12,0.04511519825618146
2022-03-10,0.026309158778318173,3.925632437112792e-05,0.0006529155112516282,-0.886570581607648,0.9348586215740028,5317486921.07739,-0.04536948717877122,0.0396951637856174,0.03876094632951573,0.903344488752874,0.020843370327885326,5.737188980084853e-12,0.04460341024748489
2022-03-11,0.040317470385489676,0.0007800151357374944,0.0008454832825473426,-0.04027573701297578,0.4696077327512681,5300909392.6962,-0.019197229166272207,0.04018886603069994,0.03878474864015267,0.9670793091757459,0.020723436981490862,5.6028043804219666e-12,0.044990613209350445
2022-03-12,0.006545296170905656,8.349293410141453e-06,3.449160855473078e-05,-0.6102185982457826,0.3619553453138662,2158684698.28486,0.004582776965456419,0.03887515360035542,0.03810282590451271,0.6404786771527821,0.021963826572199325,5.637199617151806e-12,0.044392739898894425
2022-03-13,0.02049283542508237,2.8776366834751245e-06,0.0004170786670760357,-0.9862955423804138,0.8335361584801748,2952206474.62885,-0.021080340596559253,0.03865390614028054,0.037823117081106014,0.6196031486783106,0.02213187089009923,5.5561300999628634e-12,0.044278882336227135
2022-03-14,0.03315766670241577,0.0008707450686591653,0.00022868579248932613,0.5839924081257177,0.4033610023702469,4359481633.20476,0.029472632355610637,0.03677675939384336,0.037679892735245704,0.664361458083564,0.020738585390131622,5.784878786976421e-12,0.04197783380005236
2022-03-15,0.04005460927093288,0.0013359796330280913,0.00026839209081901095,0.6654240574928145,0.6931573923500515,5180763260.291821,0.01088318064829638,0.037160859156975055,0.037779190851571026,0.7339746392294104,0.020720156011357318,5.73248914288604e-12,0.042306149401979604
2022-03-16,0.02758129419686248,0.0007607277895738799,0,1.0,0.4414425165148353,7174881501.972,0.05771099570997145,0.036468713735201705,0.03769371822131124,0.6640016351388708,0.02078899724172943,5.969995905747807e-12,0.04173211441120875
2022-03-17,0.01666211084905888,0.0002272867752780028,5.033916266832281e-05,0.6373598011720716,0.3304186789393457,3874029264.8057,0.013597366844495558,0.034272484171059894,0.03769877151778986,0.7174393531403327,0.020300516824781924,6.1160973481437734e-12,0.039586485346241256
2022-03-18,0.04383464042265433,0.001838038401379563,8.343729960383776e-05,0.9131528964314927,0.6306676907950979,5743230991.25995,0.04428453343272384,0.033768133711009285,0.037877299959953724,0.8269470431393247,0.01990244776212921,6.096943995425655e-12,0.038955513381598736
2022-03-19,0.014192663704781196,0.0001039719761237466,9.74597269132669e-05,0.032329812597985404,0.3118657924695479,3357316687.44774,0.004065881624264945,0.033315348059537224,0.03785547942320467,0.7319107967852085,0.020248084281007803,6.1156215419686125e-12,0.038734664605373476
2022-03-20,0.019578630561026423,5.0912610351120464e-05,0.0003324101642940374,-0.7343616726230249,0.4546401339553265,4147063354.36078,-0.030785324477612522,0.030380708474157213,0.03785641035067862,0.6284196642718718,0.01719596025450214,6.111067621172998e-12,0.03470745588672941
2022-03-21,0.02862966251749722,0.0005674413729890363,0.00025221620287674897,0.384581536721993,0.33977069624533557,4892675845.46698,0.00993118999491655,0.02811434669282569,0.03814155956721051,0.6477527817015085,0.013615585388928254,5.6426430952550505e-12,0.031096186873049783
2022-03-22,0.014512385774596194,8.494051568955228e-05,0.00012566882518114968,-0.19338320571736403,0.403308397141318,5382225852.73813,0.02711875499031143,0.02783845323123856,0.03803503150169367,0.6539676401633977,0.013838587770651615,5.777531207957201e-12,0.030941341795469604
2022-03-23,0.04331781548721486,0.0013577328057547409,0.0005187003328296508,0.44714221661959586,0.39757807584793853,5298210934.19466,0.022342589907210546,0.028566182959486822,0.03830533834598273,0.6563013571585047,0.014245316177446959,5.9204617553683955e-12,0.0317693650327609
2022-03-24,0.02294500056492542,0.0005217088952921391,4.764155632288765e-06,0.9819016163356381,0.8779778340791491,6374707643.69508,0.024198022888409686,0.02820330849615977,0.03742106805361107,0.7220422359993911,0.014288835484411065,5.783294437314783e-12,0.03146227915542524
2022-03-25,0.020131327065482832,0.0001552608017201044,0.0002500095276973372,-0.23379142044133844,0.5505940494330238,6287041331.74681,-0.0027434064404508857,0.027545939110383985,0.03654068404569762,0.7489979751930363,0.014329399381415886,5.237108185682181e-12,0.030892276522484864
2022-03-26,0.011564724264587397,0.00011719055998324418,1.6552287332692345e-05,0.7524759242848869,0.4839807139136936,2373068593.90462,0.013483335942726693,0.027515525648309076,0.03576161297227801,0.6558002444600578,0.014364226821347895,5.2353490542157056e-12,0.030880574437400464
2022-03-27,0.03847655750018445,0.0014726729134347256,7.772563630274691e-06,0.9894996962053829,0.9451839472572532,3969755255.96455,0.04708191755825734,0.028006339471375034,0.03513995566694416,0.8045992665673651,0.014562413880946342,5.2290603129539324e-12,0.03140574259218895
2022-03-28,0.028543333338539947,0.0003207602964821969,0.0004939615815928092,-0.21258946122797848,0.6062947306139892,5967520102.205009,0.011649597776916903,0.025986044584649773,0.0341894669255464,0.723943837611585,0.010747133361879381,5.157821644484888e-12,0.02802276479869616
2022-03-29,0.03185788419900433,0.0006037013135693416,0.0004112234720678282,0.18964739478765988,0.5060949229376165,6583444774.67217,0.019422470085830913,0.026307166241262635,0.03423659409435377,0.7823542869801826,0.010820283317885853,5.0604267574367526e-12,0.02834731660277764
2022-03-30,0.011469785613573293,6.632599701587056e-05,6.522998500546231e-05,0.008331145369205099,0.4423056831245855,5123666479.18429,-0.0040978226886108915,0.025722612037768277,0.03343974527690028,0.734482134836628,0.01128711696057539,4.61613052258077e-12,0.027981871985941986
2022-03-31,0.026841825371772654,6.273020115606124e-06,0.000714210569173132,-0.9825866398378377,0.5676970836272288,6079844304.562,-0.031101190902470877,0.02574797711364706,0.03312389911472429,0.8292384558008836,0.011289099335008473,4.453431899620308e-12,0.028005951842128913
2022-04-01,0.04660384079504346,0.0021532430855528985,1.8674891296858324e-05,0.9828033180848339,0.9043473693418362,7072994919.348599,0.05134921356591584,0.026047328085530574,0.0331380716872075,0.8730201157104216,0.011767944511512573,4.626689020240916e-12,0.028466705421648742
2022-04-02,0.01139611210069598,1.59124741060929e-05,0.00011395889690553644,-0.7549502406551476,0.46359675045656323,5750301550.87988,-0.00326500130566607,0.026278319320282493,0.032962695475901804,0.7725806483605386,0.01140810840059566,4.552634153303737e-12,0.02853940478728965
2022-04-03,0.015015985464968217,0.00021139653185495578,1.4083287629180993e-05,0.8750816134108906,0.4320827202231496,5003591177.3317,0.022316264528563317,0.02601751694122944,0.03267140450415645,0.6809473875960793,0.011607839398575535,4.424991876641852e-12,0.028376695379259322
2022-04-04,0.027156735595841152,0.0004465774126355735,0.0002909108755868524,0.21107662255074644,0.48733879453763357,5747409279.23374,-0.00048014024426548885,0.02573175831710684,0.03255559998112618,0.7840776141560455,0.011496608136265291,4.107037517232168e-12,0.028071364057198046
2022-04-05,0.026836666805037216,1.319214590878981e-05,0.0007070145392957966,-0.9633656666071008,0.5798722655123102,5173971174.2849,-0.03291164619119387,0.025102332485397522,0.032694972547133265,0.7965580813400297,0.011025418408541076,4.309909536859928e-12,0.027311140271939132
2022-04-06,0.027872760401826745,6.240373759451225e-07,0.000776266735041696,-0.9983935003526864,0.4245800018852508,8579524051.955111,-0.07253845136370835,0.025116211828491056,0.03244026449769248,0.6757405044198096,0.011028877993662117,4.329497954696253e-12,0.02732522733305687
2022-04-07,0.02252338362935967,0.0002527780080583082,0.00025452480205699895,-0.003443296516125572,0.5017216482580628,5620103056.30526,0.018267319809076116,0.025395320056124427,0.03208158489089988,0.7438180344761627,0.01087735721860802,4.31713966953141e-12,0.027524626114010107
2022-04-08,0.022828561692919705,7.873500040304577e-05,0.0004424082285643952,-0.6978373850925929,0.41328813259216635,6370437705.00749,-0.010517127110737899,0.02439503059280373,0.031533284230151476,0.7933522816503948,0.010029719724201167,4.028577370015786e-12,0.026285405533273028
2022-04-09,0.010722708496349721,0.00011493164432546992,4.4833172220571764e-08,0.9992201331403378,0.5237131380862177,2928136396.63502,0.020550282800336245,0.02422979463049747,0.031411302672403586,0.6993484436519871,0.01023273251610717,4.3051088608018186e-12,0.026206976715118204
2022-04-10,0.030346245678682472,0.00013120238178672715,0.0007896922450042275,-0.7150545177053999,0.835655855221029,3254049432.15029,-0.017746502303484863,0.024742538207528714,0.03159149741675006,0.7209889424248921,0.010257760271268094,4.2113118906158626e-12,0.026690902723076608
2022-04-11,0.04475099081496207,1.3682596301270704e-06,0.0020012829192906922,-0.9986335517193119,0.8458754477044343,7861189063.1962,-0.07174220044267056,0.02551022050740799,0.03190605560238295,0.8249651560194899,0.011129432370103998,4.549231811633926e-12,0.02772611254557055
2022-04-12,0.03355150949998636,0.0005591206728030157,0.0005665831169246594,-0.006629136536396392,0.5033145682681982,5623890363.23573,0.015857144681298604,0.026416845446712283,0.03189799669574083,0.8987378389654009,0.010962969290010702,4.4435664773804895e-12,0.028501109505169986
2022-04-13,0.030421784067269177,0.0007756032844729726,0.00014988166136258,0.6761013519733423,0.7239011570616448,5064530681.36142,0.0293504779078142,0.025802748712429158,0.03192072655812424,0.9478388122219368,0.010310701351844637,4.5187233416383865e-12,0.02769530638487209
2022-04-14,0.025481911393476796,7.540848738790092e-05,0.0005739193208771016,-0.767733688814617,0.5428979536862722,4606236523.90761,-0.031522976442191986,0.025923553989979222,0.03170619935327725,1.0398717811135392,0.010290386259107394,4.6638471676034505e-12,0.02780072341310499
2022-04-15,0.007076383782994624,3.645445294799867e-05,1.362075449623064e-05,0.4559880950508054,0.7276275502283236,2793541314.08019,0.006393805584839272,0.02530189002414645,0.031137190191321613,0.9060810844044375,0.01102585854136538,4.7520577659906616e-12,0.02749483894960413
2022-04-16,0.014050152017657221,0.00014256441707927994,5.4842354639997356e-05,0.44437210372918673,0.6797835267062792,1983250932.4298801,0.006163514499061249,0.02542024372667358,0.03084202922575827,0.7155987769551595,0.010883448113920818,4.629484852671963e-12,0.027549914415700937
2022-04-17,0.024323903110223605,9.003409264412004e-05,0.0005016181698714255,-0.6956519957810373,0.7650578043039303,3272956187.26666,-0.023816361554876004,0.024746307803342114,0.030862961398525655,0.6624580165254292,0.010464667954978673,4.411225632267713e-12,0.026770773203352374
2022-04-18,0.0498158568711484,0.0012794966911664311,0.0012021229046403122,0.03117874579039406,0.484410627104803,5367447373.56267,0.022517358545260387,0.025759285114418707,0.03110023644697467,0.7853195235580538,0.011795553848843805,4.518035321848553e-12,0.028214364775803105
2022-04-19,0.022918574421572937,0.0005163864632601078,8.874590257069511e-06,0.9662088395945415,0.9818423168389877,3675189299.3260603,0.015078830621486027,0.025333603696445783,0.030974963871058508,0.7715884819253611,0.011725555936508217,4.572924519135803e-12,0.0277980765364249
2022-04-20,0.03399301799687474,0.000415327969747754,0.0007401973027880964,-0.28114429061979973,0.6402650734000784,4315689906.27074,-0.008557913347673286,0.02640613857184109,0.030836385212245805,0.9473902385065169,0.011420149500679553,4.629267072854557e-12,0.028661707931147255
2022-04-21,0.03666172793303533,0.0002581001225403019,0.001085982172495601,-0.6159459528727628,0.498749108257555,5555789275.52444,-0.03060383143184208,0.026873752979520268,0.030772297959594914,1.0882022902895423,0.011637851293506854,4.64798133344638e-12,0.029175138011576573
2022-04-22,0.02331969143075988,8.062825369819238e-05,0.0004631797547276634,-0.703467942917632,0.8437080647510995,4405125111.45917,-0.0070451627636082745,0.025764983962173433,0.03066705935946798,1.1112846001262648,0.010738551809879463,4.3784296014109675e-12,0.02781473767410213
2022-04-23,0.009862225713096723,2.3748794841266146e-05,7.351470117480001e-05,-0.5116606781778998,0.5752104876418559,1817888152.35829,-0.01022303481052482,0.02569194175324013,0.030281804891292684,0.8554676230663139,0.010845854282573423,4.619181073218004e-12,0.027786811186729335
2022-04-24,0.015277231043623465,3.337551275712485e-05,0.00020001827560312766,-0.7139982774039518,0.7819139400631266,2491367633.1007,-0.0038671672761698083,0.02570438201889038,0.030125268366800118,0.8162169606575974,0.01083313899317238,4.480713317339669e-12,0.027793591556107212
2022-04-25,0.05670517050358499,0.0027174932566503968,0.0004979831051902488,0.6902585812167583,0.7487041276893568,6381274608.20131,0.029412643953987995,0.02711145034783056,0.02987332268626025,0.975234545432724,0.01277595573282033,4.696221467496805e-12,0.02984096452303062
2022-04-26,0.050546457518120876,5.670876602569491e-07,0.002554377279970942,-0.9995560860992189,0.9360147769635756,6148208700.99848,-0.06822046048601321,0.028240488000834545,0.030167893214402372,1.0730952914180552,0.013760188418688072,4.9216970248801184e-12,0.03127061919330518
2022-04-27,0.023949090971975007,0.0005065205111881462,6.703844719578854e-05,0.7662369449003926,0.6011361511718536,5415643571.37906,0.02798200637123374,0.028053646599413038,0.029879524054368597,1.0772794681768834,0.013792032967139382,4.765128016288394e-12,0.031115416715798098
2022-04-28,0.027325270927694576,0.0005449996539229126,0.00020167077734899785,0.4598131413735959,0.5585410586978771,5612621053.48657,0.016425005520106194,0.028282307899333746,0.02931670404217269,1.2358467702175668,0.013735450819217197,4.7497036368065e-12,0.031298044915746455
2022-04-29,0.03765394439520612,9.043131673207046e-05,0.001327388211785204,-0.8724360683243775,0.5869003856613647,4775274689.59476,-0.04174663182293928,0.028988278504204528,0.02905048093600585,1.427585261928498,0.013821848868142977,5.087385555201742e-12,0.03197290238553918
2022-04-30,0.029807201418493336,1.4637533678885445e-05,0.0008738317227237457,-0.9670499939679351,0.9420402400624057,3118023087.07109,-0.032592118910591536,0.029897063881449464,0.02914740219049472,1.2247942600211243,0.013173014084869927,5.250938072287608e-12,0.032543808572858844
2022-05-01,0.031427063036500606,0.0007581809434661177,0.000229479347634065,0.5353071299881026,0.45388117540494277,3385139761.72705,0.03542962409528575,0.0299485313746789,0.028357259352121605,1.0842438378528754,0.01317696760975581,5.489631161012362e-12,0.03259261870078775
2022-05-02,0.022497613246215246,0.00018895275424058545,0.00031718984753569424,-0.2533615879103394,0.6266807939551696,4519577853.11413,0.011193134784329139,0.028888846728548096,0.027504471309593926,1.0790014072084,0.012816924983615927,5.17298652960404e-12,0.03148041423770628
2022-05-03,0.02018699123784352,1.109461478895536e-05,0.00039642000044781575,-0.9455498557640233,0.7519828432409617,3294651871.4422503,-0.02634616886377569,0.028252441097017484,0.027502579924989442,1.0358193083196026,0.012905324348672897,5.419512391407097e-12,0.030932458616767168
2022-05-04,0.04397012948124063,0.0018175957634536367,0.00011577652314342953,0.8802335960373073,0.7638478292612739,4918906434.58761,0.055546137158050825,0.028897600402444695,0.027755510691453558,1.061472656939123,0.013350181214112765,5.681277847772294e-12,0.031698763877356026
2022-05-05,0.06591656427756702,4.9734469041982176e-05,0.004295258977116643,-0.9771072294316336,0.9794604845343597,6098185668.96568,-0.06804790565433863,0.03082306006359185,0.028316640849910278,1.2914889044613858,0.015565070239054193,5.8867621619470765e-12,0.03436270812010173
2022-05-06,0.02169653761131503,2.4495347850504188e-05,0.00044624439646870356,-0.8959282782212078,0.8753709109637757,5168734732.80876,-0.020144301471627553,0.03151925786494044,0.02812236233315696,1.2594894695767052,0.014755742085167372,5.963360047770957e-12,0.034652955919522936
2022-05-07,0.019072819630917302,3.9965438982502836e-05,0.0003238070096910016,-0.780272315134163,0.8539291908847207,2563154598.57406,-0.021320943867462083,0.031758432513190916,0.028231400629391192,1.2392465867603715,0.01449686407560214,6.2114771872992905e-12,0.0347670753595044
2022-05-08,0.03235874541797284,0.00036016371936051114,0.0006869246856646671,-0.3120662636850598,0.39425901442317735,5089866425.1632,-0.04499257017506215,0.032141044051655174,0.028297897108790774,1.3206609277811157,0.014396519171822497,6.2859021452087976e-12,0.035077584928427726
2022-05-09,0.05526515068208342,0,0.0030542368799133857,-1.0,0.7433231209423715,10697215137.69064,-0.12300300514057444,0.03240053423312826,0.028048621310732248,1.3781699644121275,0.014775159129945857,6.633684519459917e-12,0.03546412911845466
2022-05-10,0.03788179558934067,0.0011111166309415812,0.0003239138061310091,0.5485617618093434,0.6694835015745857,9596880256.63219,0.049584632252044035,0.033113068574450545,0.028251279504052988,1.1810296147498136,0.01465534271443826,6.684345142806019e-12,0.03606974917750747
2022-05-11,0.1036542768831731,0.0016551230403653548,0.009089086075808156,-0.6919041648446959,0.4254104062721428,13173803440.073639,-0.11623458435823825,0.03643027137855998,0.02951967399605645,1.6673276535720247,0.021260043081924727,7.010068179855324e-12,0.041924107602696506
2022-05-12,0.03782262828259264,0.00048520934490530783,0.0009453418652978689,-0.32164701068423124,0.5675413350560106,10971252687.57215,-0.06144730487155029,0.03648555234758652,0.029702427480251283,1.7760385307243227,0.021262184209084965,7.014463307266202e-12,0.04197318627018198
2022-05-13,0.05071921001343914,0.001023640749974701,0.001548797514412644,-0.20414747040120512,0.39792626479939747,5809760462.83815,0.024545871319798095,0.03779029132771411,0.029867534458472702,1.8798759548972748,0.021254549446832735,7.139493136386542e-12,0.043108581586865785
2022-05-14,0.0439794152933796,0.001143066018345212,0.0007911229512023396,0.1819589878155491,0.4513524212236611,3446491889.9187,0.02289763086043664,0.039414919402965674,0.0304617268254961,1.8016420061624006,0.0202953419609086,7.1880727869465185e-12,0.044111477509013466
2022-05-15,0.03759023926613287,0.0013395261075612728,7.349998052384445e-05,0.8959679780244553,0.3112238018850504,3360404560.97969,0.042434910173002514,0.040477443604037544,0.030733114188052458,1.7899108858152313,0.019538438337336792,7.715486616467963e-12,0.044743663402562
2022-05-16,0.035337560108403894,0.00016215391560937923,0.0010865892388056792,-0.7402926053511203,0.8053394778619177,5366648840.78374,-0.05817404587540908,0.03945993834712416,0.030767715670687187,1.3297185100991145,0.01920462064107992,8.012187039611473e-12,0.04368456766895381
2022-05-17,0.02505872548290462,0.00048432761966255277,0.00014361210316502065,0.5425927109107088,0.7322797753126102,4051495838.11071,0.032686319407724256,0.03824623682163767,0.030529685769289914,1.2598657886137457,0.01927420375104405,7.867983548505152e-12,0.04262134824803616
2022-05-18,0.05247199181793416,0.00016483656517602297,0.002588473360165327,-0.8802629782728969,0.5187092822848169,4654040139.80995,-0.08786428519705057,0.03960447019525478,0.030924776207719624,1.2453515656718688,0.019221240301632445,8.520948183139708e-12,0.04382210619737013
2022-05-19,0.03614801805762115,0.001085742533714705,0.00022093667577939945,0.66183486478684,0.6622681414029015,5090224818.55394,0.053535592290769034,0.04002460101096557,0.031234076322141247,1.1847150908510646,0.01903494574912256,8.88241924745415e-12,0.044125322392599385
2022-05-20,0.04910268016624581,0.0002126299402815692,0.002198443259227061,-0.8236221610153497,0.9042875723295557,5192199953.44636,-0.030549314672757764,0.0405697789048246,0.031317696000610955,1.2443266106661957,0.019127379726645084,8.74629765657751e-12,0.044658054929738754
2022-05-21,0.009170099445592972,5.646964630573499e-05,2.7621077536329542e-05,0.34306481679938383,0.3692674492303637,2287008380.25312,0.0077556629741113645,0.039587059763257916,0.031237972758401615,1.083004740273516,0.020207621612900715,8.41002943964183e-12,0.044227119852663054
2022-05-22,0.02855156828242864,0.0007662846410843929,4.890741030179223e-05,0.8800100903372937,0.5560534295947013,2881685469.42391,0.034206647804855224,0.039450131441635436,0.03138040034128102,1.113634661038679,0.02027530790638665,8.476893220115633e-12,0.04413417448125782
2022-05-23,0.045532363595381924,0.0003002204293574816,0.0017729757052245795,-0.7103791345646093,0.8474503656589699,4768428725.69658,-0.034961768343271665,0.04054702431540528,0.03164869718378712,1.0569570061259606,0.019932512680636432,8.708099782994356e-12,0.04497162387486562
2022-05-24,0.013020123720936121,7.2727045878669e-05,9.679657582981445e-05,-0.14198333959933884,0.5392896802890415,4070659059.88736,0.0030928825139129824,0.04020574490983827,0.03162501048452268,0.9152880059928848,0.02035541038693039,8.363487959062623e-12,0.044845446251416156
2022-05-25,0.02824145505163829,0.00010537144564236226,0.0006922083377913435,-0.7357720247403421,0.42848726246771257,4241561280.9022503,-0.018650937518933607,0.03945676041319054,0.03138570317602146,0.777146600314947,0.02049883868383292,8.035145655820572e-12,0.04423831701359312
2022-05-26,0.07005478639669757,0.0006048983287444188,0.004302774768342505,-0.7534887443487335,0.7005966843753093,8138603051.65734,-0.08093822922439725,0.03965381860933961,0.03213347755430356,1.138451559289741,0.02078382814915979,7.977348741215039e-12,0.044540127540084413
2022-05-27,0.017351454033785386,1.2869563206285267e-05,0.00028820339388028197,-0.9145086737060554,0.78686096262966,8357706808.1021,-0.03664334183714343,0.03944690986755248,0.03208935258554646,1.0758385041511935,0.020992120831063103,8.000541143602537e-12,0.04444933734563862
2022-05-28,0.013087082784515782,0.00016995533040976198,1.3164053990074162e-06,0.9846278734457712,0.8855323926758815,3668617968.70122,0.03706201698763246,0.0391618747796286,0.032113517006497706,0.8840004094315276,0.021320663129424246,8.085503198137149e-12,0.04434610343484281
2022-05-29,0.018451711067196206,0.00031002515951685807,3.0440481790432833e-05,0.8211832379117607,0.549868614361426,2945787959.89123,0.011486725267398249,0.038499635048639236,0.031795662301212176,0.914554117326684,0.02175411690550184,7.850252532185179e-12,0.043965079174494756
2022-05-30,0.04459858880509311,0.001983451469891287,5.582653514489816e-06,0.9943865683863372,0.8742813672910844,6239500143.71399,0.09739657450682121,0.037991703530687315,0.0320505076260781,1.0069322243398018,0.021465703909105117,8.046018015440214e-12,0.0433843779030369
2022-05-31,0.030995557135045204,5.7195019615212826e-05,0.0009035295424966387,-0.8809335747813348,0.7927532988240299,5223236544.60503,-0.02852803533160661,0.037663787413816104,0.032036819894904145,0.7726334331292538,0.021519996238762818,8.060066087607403e-12,0.04312329129354306
2022-06-01,0.044698341869899384,1.6968937755566624e-05,0.001980972828162834,-0.9830135812314162,0.5217683608154002,6601368863.36227,-0.0663117540399928,0.03485636193699355,0.03256425729579821,0.92640942790525,0.015478098436745134,8.118256153925313e-12,0.037988542095572016
2022-06-02,0.017248139857843355,0.00014324689444904532,0.00015425143410667923,-0.03699025709172225,0.5184951285458611,4344141365.88604,0.00888096059589063,0.03387662439295787,0.032411976573354886,0.9507193766014607,0.015925645629531048,7.948903673112896e-12,0.03727163038318793
2022-06-03,0.033482809304812684,0.00017983129603303062,0.0009412672229094202,-0.6791873452786857,0.7481458213811994,4201383506.66514,-0.032834368378783486,0.0330558434068328,0.032203706232240115,1.0389905139209967,0.015451308786503429,8.119865364040258e-12,0.03633267145381992
2022-06-04,0.021249641654205176,0.000438893197683106,1.2654072749025709e-05,0.9439523895829743,0.719950533164547,2339470640.78652,0.016518583360239425,0.031973473233538774,0.032360111463248194,0.8996872620095246,0.015443961299401114,8.139725881375278e-12,0.03534771604077211
2022-06-05,0.016984413221340446,0.0001992731085971458,8.919718387609833e-05,0.38158495898241274,0.5861232227412637,2579985158.4506702,0.0009365242338217194,0.030992243421881994,0.03239135634826998,0.8188528298725388,0.01572136066141128,7.555682019030983e-12,0.03458194259028171
2022-06-06,0.02093192825229937,0.0001410345553718183,0.00029711106498759036,-0.3562206315967355,0.33558249464239304,5476426770.55326,0.02931570470445258,0.03030626095254368,0.03229254988249947,0.6738016801803239,0.015836145007885508,7.294403508837285e-12,0.034019272048993965
2022-06-07,0.04432029778909237,0.0015874631818630098,0.00037682561425081597,0.6163236129062768,0.6781088742487905,7291656503.16585,-0.025324704093711844,0.031223478681409764,0.032570067834627334,0.8306654613036504,0.016073050921591545,7.07561259070188e-12,0.03494204545958851
2022-06-08,0.020558510170453185,0.00023737006963738696,0.00018528227079124006,0.1232402943594794,0.5239371341671395,4737579638.63843,-0.011988022489599444,0.029703789079148765,0.032453968624605534,0.748563491246468,0.015460599883504709,6.297101573869199e-12,0.033316104910092605
2022-06-09,0.012770225231806948,6.1032425418504766e-05,0.00010204622705257407,-0.25149705993151306,0.4559328124336109,3309798407.29703,-0.0016652514018528565,0.028590560849348096,0.03229915658654914,0.7036124477901798,0.015811065197635178,5.8202346303937245e-12,0.03248854685882777
2022-06-10,0.04411976946553518,0,0.0019465540576919706,-1.0,0.6021042514706921,6228607832.37609,-0.07312284338919808,0.028353279387409492,0.03263711226547954,0.8691026828639973,0.015522600591904766,6.099098612957483e-12,0.03214631732973656
2022-06-11,0.07077454704077395,0.0003530288814900838,0.00465600762733664,-0.8590431988794689,0.6309043479284858,7778168198.17592,-0.08129352722868281,0.03128682451098953,0.03359031605189897,1.1509204574912317,0.01742106872800953,6.435304218611037e-12,0.035607680993298814
2022-06-12,0.05789379474466825,0.0014631202582752367,0.00188857121166254,-0.12693619242799867,0.4336023584127287,8893071858.23435,-0.06598629959519067,0.0326840733901438,0.03402757873548605,1.2154231673119569,0.01834301441675326,6.223380677719556e-12,0.03726516647377586
2022-06-13,0.08193078534187369,0.000279267115822208,0.006433386470913976,-0.9167938246138535,0.5294025084075122,21941467145.7048,-0.17088512864125474,0.03441733156854817,0.03461773420416718,1.5347490823687704,0.02112628194045261,6.24510928279076e-12,0.040120059542065746
2022-06-14,0.10639957345408127,0.0070103784090136114,0.004310490822196826,0.23848765776513706,0.34472636770192616,14657104013.43293,-0.000587420125688235,0.03886397203203128,0.035774052679629006,1.9780221092817054,0.025724281890950985,6.210836832516938e-12,0.04626700374191344
2022-06-15,0.10196135236771627,0.005546718111235539,0.00484939926541806,0.06707493004873506,0.46646253497563245,17507842534.93348,0.023045755508434088,0.04237444333279689,0.03690960138281071,2.206314341527372,0.029021047130062386,6.064128430597944e-12,0.0509677236491781
2022-06-16,0.06817653148024876,1.0021283430762377e-05,0.004638018161246587,-0.9956879525012474,0.49465998244970705,9948262782.32809,-0.1466962716215383,0.04228500262248981,0.037587293765140424,2.151233107137442,0.028934237417535147,6.292744636680022e-12,0.05084629137627827
2022-06-17,0.027943623493517998,0.0006774467812152233,0.0001033993127322678,0.7351608376253951,0.8221352063828473,7160320740.437901,0.016919651825849646,0.042789391644381836,0.03791851979229159,2.0154688060828345,0.02856786011831122,6.196487326828979e-12,0.05107045806111308
2022-06-18,0.13719669277177315,0.007031309521004725,0.011791622986507589,-0.252899672439616,0.3733735059967257,11140422450.603941,-0.08841954653101727,0.04869937307234647,0.039873226788388665,2.194713104540987,0.034365301176682836,6.093362332846873e-12,0.059130077025435906
2022-06-19,0.10680002754100064,0.011406245882758494,0,1.0,0.8611468265565287,10737479691.15422,0.12626729760287247,0.05290643576157526,0.04118237162062322,2.132414118053203,0.03585286361387148,6.46765368661712e-12,0.0634295508835871
2022-06-20,0.07490763604949945,0.004716450297127476,0.000894703641396793,0.6810981658321426,0.7711978645022769,9597579628.31477,-4.433193984006267e-05,0.05434972372559461,0.041580653829803395,1.9716067369997994,0.03611083244420271,5.72455574649514e-12,0.06477491660551628
2022-06-21,0.04791757140949784,0.0007834688082233544,0.0015126248415609706,-0.3175637167090753,0.6421125953008,7717129837.30618,-0.0020858396850980633,0.05515553392913997,0.0419774633058022,1.8572790457729011,0.03575063912070462,5.4773430106218855e-12,0.06526391671840165
2022-06-22,0.03718295138617275,0.00040760821349609857,0.0009749636602903876,-0.4103623526207412,0.30275270050012903,6985067146.03695,-0.06998215391884952,0.054797658191819656,0.042028097169124395,1.8806038860855552,0.03589786569725728,5.4760892631487325e-12,0.06503903056803438
2022-06-23,0.04030675013934888,0.0014944106584940402,0.00013022344830186097,0.8396888902465709,0.5315145740420275,6567067983.10538,0.0860492628385564,0.05589568725284373,0.04208595466446271,1.415843850004242,0.03503415212135299,6.0026985188530866e-12,0.06552306799174372
2022-06-24,0.047390871285805845,0.002238053885003226,7.8407962245912e-06,0.9930176634816155,0.7262265516151593,7195488084.82197,0.06818989816847236,0.056557975918605306,0.04246803688438407,1.146060139033722,0.03471931734794707,6.081823539998296e-12,0.06593052526003611
2022-06-25,0.047549391433587246,0.00130377785841512,0.0009571667672893802,0.15330366218842587,0.4028173744896903,5514062293.63994,0.013933607959904797,0.05781034495571873,0.0430662458640744,1.0206611886686754,0.03384535350364857,5.865923611829244e-12,0.06658074751673154
2022-06-26,0.050801152199856175,0.0006519853099336833,0.0019287717548992687,-0.49473329449094416,0.5408565784111553,5642425991.65198,-0.03640702066204072,0.05942066585945758,0.043630117628459045,1.0234104233769148,0.032586864957505554,6.1558938073250835e-12,0.06739549282300905
2022-06-27,0.03015473856525197,0.0001072921208853772,0.0008020161370533173,-0.7640137545245722,0.8254807057001026,5578212007.99774,-0.0044368244898808865,0.059859847302931514,0.043208682200866454,0.9901190484782489,0.03210072931089338,5.93886109706862e-12,0.06756174042260506
2022-06-28,0.048693051578161145,0.0006282713269491981,0.0017427419450442637,-0.4700398058750887,0.4556848915062689,6943637262.86077,-0.04144654802503015,0.060068073673839546,0.04317926305896233,1.024209939663327,0.03200894066572518,6.057712982789938e-12,0.06770492301979385
2022-06-29,0.02414737188661029,1.2788876346108753e-05,0.0005703066926841481,-0.9561345445743041,0.4725293423738926,6996782558.4213505,-0.03941067269037232,0.06023897185079942,0.043182410375067655,0.9201902216515784,0.03179632331699107,6.205440331170798e-12,0.06776132196806041
2022-06-30,0.07205138449978897,0.002498059938098126,0.002693342070238304,-0.037616453479540006,0.44604789900035186,8776684715.97994,-0.026248177689567078,0.0630618841968938,0.04389234868573582,1.0164430623284864,0.029949147901230946,6.32389477868055e-12,0.06950568843041603
2022-07-01,0.02413770507492865,0.0002795037972507376,0.0003031250090334986,-0.04054247151528134,0.4211561734641527,7965023016.58434,-0.010947746586687594,0.06211035732115063,0.04367780520446157,0.8958913156742564,0.030883898506113585,5.830306220362781e-12,0.06903688798526815
2022-07-02,0.015858463589201698,0.000251490867410036,0,1.0,0.636827611647862,4182655936.29859,0.006934246791799573,0.059495305728218616,0.04345639666748869,0.83294086961976,0.03240128457137521,5.411561317074959e-12,0.06737612418536738
2022-07-03,0.02791319870751098,0.000660936067890263,0.00011821059419472979,0.6965639463091614,0.8457580081738005,3986193835.78978,0.006886493953171706,0.05806765829787779,0.04340062104321902,0.743809145886845,0.033127728388050705,5.140495571221458e-12,0.06646081534659933
2022-07-04,0.05468084558463641,0.0029895251351126505,4.6973873820043854e-07,0.9996857929474673,0.7366334996480491,6505251168.91222,0.06865572868515614,0.056770042118961736,0.043911466000971726,0.8859598858589961,0.03267689510065363,5.27219397689684e-12,0.06511352020906583
2022-07-05,0.06646477275160935,0.002320784797023335,0.0020967812198997363,0.05070746566445703,0.5214778812108585,8047372440.069,-0.016152636651538616,0.054868384942653545,0.044646033961507695,0.8461622175265839,0.030749426490211253,5.3658661849831344e-12,0.0625383225672591
2022-07-06,0.03476130905733188,0.001184898976058601,2.344963132074274e-05,0.9611873077396099,0.6806418986312097,7479228870.10764,0.04708010377006531,0.05166838288025429,0.044499862208747236,0.8885116732516637,0.029053443197073585,5.602936187173548e-12,0.05893665235648933
2022-07-07,0.03802164550002059,0.001375541228717004,7.010429781223164e-05,0.9030131570627264,0.5634514770258425,6422728354.47917,0.041734622892466045,0.05023243592881486,0.04405708572021476,0.985062900262634,0.028941721516215036,5.210176194327044e-12,0.057628413499821736
2022-07-08,0.032615594274112376,0.00014752405521652122,0.000916252934636991,-0.7226410109945393,0.42244704887976314,7993846092.86714,-0.019082866336293497,0.050454910727890774,0.0442304040799417,1.0144454787596258,0.02877932195239596,5.2113295563258976e-12,0.057745189776391634
2022-07-09,0.014524156431464872,6.793706069849531e-05,0.00014301405934716708,-0.35589760619626304,0.6711286683261115,3405360762.76592,0.002427974740188276,0.04461336137835229,0.04415820307677579,0.8419659276645781,0.02192632221564981,4.867337383333613e-12,0.049479512066479416
2022-07-10,0.0204333613797744,8.13914622570501e-05,0.0003361307950194059,-0.6101215643545537,0.6899613705811468,4207542141.60389,-0.04083946296274358,0.040500662989722463,0.043968911266645656,0.6545338474248739,0.01728809275316962,4.769564074142777e-12,0.04387424712450915
2022-07-11,0.04173028808068559,4.7840020780454566e-08,0.001741369103276229,-0.9999450562130288,0.9456974543440663,5159629837.3468895,-0.06350863289353467,0.03892078927692181,0.043754072177734575,0.6859911240378904,0.015399381779239798,5.355475431738292e-12,0.04172141381225692
2022-07-12,0.03823467417211026,9.477963171051726e-05,0.001367110677336918,-0.8703327724057826,0.7486943495229642,6026006795.32593,-0.054377522356081384,0.038459698932284306,0.04375967342508013,0.6903272194598485,0.015260870156100843,5.7723097190376e-12,0.041242604208355516
2022-07-13,0.047437282396771294,0.001847922221309014,0.0004023735398820136,0.6423816399413675,0.543445139144887,9015293731.15611,0.07094751239065547,0.038948000408979465,0.04286734017926422,0.7586546797107799,0.015381552057607386,5.669969747015673e-12,0.041740538892083866
2022-07-14,0.07328691275714098,0.004964990199983938,0.0004059813814888567,0.8488238579070899,0.5376820105789423,8433152233.87695,0.06836081696557374,0.04051848434316004,0.043430265329653876,1.0190690659178618,0.017113390603420403,5.432019839118247e-12,0.043825444773615566
2022-07-15,0.047383446549721334,0.0014464929398496878,0.0007986980670806106,0.2885255066359652,0.5649566325648621,9358068233.24177,0.03100607764718,0.040518130784298875,0.04337731670324566,1.1380070011470722,0.01711324159837601,5.138521796398975e-12,0.043825062479195
2022-07-16,0.08211346029788863,0.006329011127985357,0.0004136092341075758,0.877314986786772,0.5758199515525209,10769354837.13322,0.09658075061355491,0.042164038825456086,0.04398261900490453,1.2950149246074099,0.019340507092931607,5.445244975453528e-12,0.04619577071128434
2022-07-17,0.012745542824909549,3.6537381917470576e-05,0.0001259114799841327,-0.5501675851739534,0.46005682776029694,8620438757.41276,-0.012704122748964309,0.04035186695045863,0.04358825874393273,1.1983933225547732,0.020252147005603526,5.208166453911956e-12,0.0449320787204046
2022-07-18,0.09287546004912497,0.0076061799201144744,0.0010196711592221368,0.7635778429644402,0.5799587511612979,14534269566.883059,0.16611558614579472,0.0433385679735002,0.0445015587429918,1.3758247848235383,0.02309806001420857,5.714540289839199e-12,0.04885024174150219
2022-07-19,0.027478420733715633,0.0005925427256072764,0.00016252088041181695,0.5695173780956746,0.54321728489858,14678284685.59557,-0.024816186789912938,0.042328347457098035,0.044539966604115785,1.1809622707254763,0.023315070071595025,5.5108106123483105e-12,0.04805617685697839
2022-07-20,0.06112159713442146,0.0021358178155663422,0.0016000318206961755,0.1434174410205082,0.5717087205102541,12777657100.29962,-0.013099568918691407,0.044089024849850944,0.04467726192659971,1.2190121462008103,0.02326949561883421,5.291406243857294e-12,0.049593621365734766
2022-07-21,0.046864581135100704,0.002191232920397467,5.056044570969929e-06,0.9953958293725319,0.9015813964430088,11149023837.25642,0.034963921833189505,0.04288965326105627,0.044847366102432715,1.0564046513334253,0.022388602397459774,5.298329156151776e-12,0.04813421703457212
2022-07-22,0.06115410491712911,0.0011845463663656213,0.0025552781818496133,-0.3665230274340409,0.42573780572124537,10696578370.91302,-0.02627236778929948,0.044652338967827714,0.04503865855879594,1.2613293716337002,0.022295399414267794,5.3498372127979164e-12,0.049671375095813076
2022-07-23,0.043610831203706485,0.0005540385373204851,0.001347866060957694,-0.41738556411077204,0.6840591775909675,7926850191.05773,0.008746089866311027,0.045973880282804136,0.045585336840670766,1.035185017052402,0.02130377698853721,5.323432100217375e-12,0.05045628438510212
2022-07-24,0.03530778564875067,0.0011942035604822641,5.243616693585994e-05,0.915875989217095,0.9236373255027981,10183471414.41454,0.031638671977798245,0.04632600347048222,0.04569257838616794,1.0662174064782595,0.021049930914138044,5.3891120421631946e-12,0.05067640682299775
2022-07-25,0.04436238271077725,0.0001476473917839371,0.001820373607993531,-0.8499534387075827,0.6768034008854501,12331583506.62446,-0.10368805428020537,0.04583464809553654,0.04567400726101548,1.003416354305096,0.02096541702106226,5.286942465553271e-12,0.05019395168658321
2022-07-26,0.0669173577014703,0.003475292385411993,0.0010026403763345327,0.5521860511619325,0.7760930255809663,10756084151.888,0.0054488878770718166,0.045856199759815634,0.04652951891150015,1.0712137997524518,0.020987904926868084,5.215484975399833e-12,0.05022257851615551
2022-07-27,0.08046196426538875,0.006411251161577529,6.287653186716896e-05,0.9805760606387687,0.64319658515414,13818423664.79994,0.12154135040269363,0.04803242143638978,0.04735841588314699,1.1265438734416253,0.022118827551661484,5.3345717000231765e-12,0.052659840275699046
2022-07-28,0.056600042789095334,0.002874843599902333,0.0003287212438250902,0.7947778428966557,0.8390037959601746,16135851976.92102,0.052618648093177546,0.04891710702158381,0.04714484852429615,1.1651901177727617,0.022069892507350686,5.180429736944812e-12,0.05344875322716368
2022-07-29,0.03191976426223136,0.0005684114461241853,0.0004504599044322367,0.11576686460712968,0.5562825579639632,14239175682.25539,-0.0011492652933144517,0.048883972259113284,0.0473760915437953,1.1562911960558104,0.02209609738458474,5.0705972079352695e-12,0.05342874561284579
2022-07-30,0.033409158834680694,0.0003867926397660318,0.0007293792542748913,-0.30692997766551805,0.6132027320446862,8364186474.40813,-0.014725893787865868,0.049783258087837845,0.047698664179512205,1.1101795859942598,0.020984089549412777,5.120483057204382e-12,0.05383062891054515
2022-07-31,0.026903996449711007,0.00016560187386009496,0.0005582231511059676,-0.542425674304755,0.7504897715126189,7400936551.22337,-0.011291317274376166,0.050091383567358636,0.04783282743955212,0.9510446169713728,0.020575095009687842,4.730931101055777e-12,0.05396593791444078
2022-08-01,0.034442332764567485,3.166030127334178e-05,0.001154613984991857,-0.946622291927073,0.7840397446301808,9324464883.621851,-0.029139548569503793,0.04974433807611491,0.04767161702621044,0.7556783731298388,0.020783582841285887,4.2936123540476565e-12,0.05372045318465505
2022-08-02,0.028744157946603874,0.0007991615298917567,2.7065086167553967e-05,0.9344850779641041,0.8279306719657884,12978724614.80327,0.00031907517559050664,0.04929240873204318,0.04763588053115581,0.6418684292662448,0.02114638559414815,3.865077947829863e-12,0.053437977045343074
2022-08-03,0.031974894091181476,0.0005073193298457433,0.000515074522296529,-0.007585327742861378,0.47219097732468585,9474080417.19574,-0.00776637158455607,0.0485561045270151,0.047433921042604736,0.63973472471854,0.021480761476278476,3.5293667779602347e-12,0.05288805036319737
2022-08-04,0.025262359965225144,0.00011254271629566343,0.0005256441147169466,-0.6473047990755557,0.3851003083374917,10013026532.58118,-0.006307838701600636,0.04626922106073339,0.047561130885579055,0.6044970631965112,0.02127160240350341,3.1733555134283418e-12,0.05071267266489941
2022-08-05,0.05218399874266638,0.0020580558628499196,0.000665113861924687,0.5115149409354295,0.4071490177508574,12843741577.30625,0.07774079162094062,0.046497818784206967,0.047857975162370385,0.7007349421864109,0.02130993556716948,3.3038086584857077e-12,0.05093658861901879
2022-08-06,0.01751159069700929,3.4876427430607365e-06,0.00030316816599652163,-0.9772536984875931,0.685548621829854,6311553238.84685,-0.02758880190204336,0.04342153927940319,0.04779864102019267,0.637785740066191,0.02056120274741372,3.0849062597976812e-12,0.0478336864312434
2022-08-07,0.00914797925486649,6.0791516289488336e-05,2.2894008157979315e-05,0.45285619444613284,0.3533961320606173,5804010084.8988905,0.005553127347760226,0.043250226728448755,0.047674253179454985,0.5596833885383874,0.02084263061479054,3.06028974129422e-12,0.04779446539596039
2022-08-08,0.03614022396088099,0.001230835705525911,7.528008241672562e-05,0.8847267859225482,0.7927329296692978,11180279823.204071,0.04422734171707467,0.040548548819484755,0.04791565469863883,0.572231396498527,0.01749701837759205,2.7044135364510306e-12,0.043997182853973076
2022-08-09,0.04719434842635131,8.603731476706772e-05,0.002141269208620781,-0.9227431753432838,0.9047232093680376,10892575737.02873,-0.04258115696287327,0.041487402519134076,0.047961274550023886,0.6610271044776507,0.01728835023172519,2.810057218353261e-12,0.04478681619265797
2022-08-10,0.0785963671067553,0.0060725681102440305,0.00010482081213581663,0.966063068570585,0.8838106997877639,16379353776.417229,0.08510792697640565,0.04231953442257854,0.04888251037440963,0.7666453284267134,0.01864775243249285,3.008669399089601e-12,0.04606650279980376
2022-08-11,0.01857626152317916,0.00019673085158850292,0.00014834664058904355,0.14021259600021987,0.5093540092555683,14907737774.292551,0.013985117822842208,0.040972471583915614,0.04897466968062189,0.7813807593674674,0.019312887963623886,2.904005543794897e-12,0.045099553799661594
2022-08-12,0.030283179257123132,0.0007366482762994218,0.00018042266961963097,0.6065240744513645,0.29701658016954,10503385045.46876,0.040691089632047824,0.03950242750486771,0.04875504126461535,0.8841357699558019,0.018869729535528453,2.9715267828791548e-12,0.04358386071384671
2022-08-13,0.009271653959466313,1.938363081858729e-05,6.657993632550007e-05,-0.5490268386350807,0.4820685651027727,10705002496.90554,0.0128929251546997,0.03786722858847532,0.04777880486649936,0.798548860150365,0.019952698010120107,2.9763378893571992e-12,0.042580271632400774
2022-08-14,0.03399438770328496,0.00023395357495846367,0.0009216648203627878,-0.5951023695959311,0.638793426859186,9772904219.565649,-0.024630202482183203,0.03780468582916743,0.04739944919917581,0.759925169868754,0.019963177555802254,2.948404034709889e-12,0.04252934496487765
2022-08-15,0.0494329085456711,0.00021849907229654864,0.002225113374988134,-0.8211671637707179,0.8138435995736275,15018776583.95025,-0.018784206355658212,0.03804613944035285,0.04688360988495038,0.6345230578222115,0.02007679884950515,2.607565097629034e-12,0.04279477064931674
2022-08-16,0.015246530824849242,0.00011020179158958153,0.00012225491060349655,-0.051851028170845,0.47407448591457746,11706754821.45182,-0.01206586400606627,0.035585623874799466,0.04543673619242289,0.6225504648399437,0.019520111521446226,2.6325217073163587e-12,0.040363682541143586
2022-08-17,0.026229879307961286,1.515930791774104e-05,0.0006728472605924746,-0.955932665147176,0.8817678488042422,15456235081.25482,-0.022775925614166182,0.03300314363873149,0.04423464931845852,0.6305563836337994,0.016664761951762953,2.2838537825047423e-12,0.03679262549621034
2022-08-18,0.016667999566083194,0.00011194006705450839,0.00016588214248044116,-0.19416041473511841,0.5770394712230055,9902115271.66837,0.006691315145807654,0.03110161777096901,0.04341705357378922,0.6896589945815749,0.016106485164987257,2.160747528664279e-12,0.03484790112884415
2022-08-19,0.0726980349253872,3.842573081395505e-06,0.0052811617089314235,-0.9985458581010149,0.5872400045728576,18452074675.28043,-0.13777379079669513,0.033043440183500236,0.04412744105683476,0.8789901930507129,0.018491600368659714,2.5124552917809663e-12,0.03765003851655277
2022-08-20,0.04726082422893727,0.00020050480240796657,0.0020330807043905377,-0.8204637325970484,0.8655889496359019,11770457029.84846,-0.020960675909220457,0.03370304329751246,0.04269988758790086,0.8686312935433186,0.018750532447399514,2.5134171026443594e-12,0.038350170434223396
2022-08-21,0.026129494915781405,0.0006585838721341979,2.4166632419648326e-05,0.9292080130048668,0.9607220274451379,10132763944.54036,0.026473230694401453,0.03366616227208724,0.04141940294305611,0.925868222178154,0.018765330231387746,2.565177868251682e-12,0.03832466102642714
2022-08-22,0.047573673563335625,0.0015043675370081477,0.0007588868793026712,0.32938438221215766,0.5604119444953113,13698514100.45008,0.004226848903426736,0.03429146421488572,0.04098553052264082,1.0273862061436754,0.019009678785595622,2.4310587580790694e-12,0.03898800342269342
2022-08-23,0.020306859003482235,0.00039241065964927855,1.995786293802899e-05,0.9032037517664628,0.37417542613618454,13842148886.67689,0.0244339616383874,0.03388968807473707,0.04054726524635485,1.0568116828060683,0.01922077576648837,2.513944524913887e-12,0.038734440522968476
2022-08-24,0.02895115659811278,0.0006577011603104483,0.00018046830805800083,0.5693751326702606,0.4548990289558813,11946551543.69754,-0.00510859871828898,0.033745700575067136,0.04041660183702057,0.8472273037043851,0.019247144850675118,2.4952717542993766e-12,0.03862103433265177
2022-08-25,0.02492765400085618,0.0005434185214862678,7.796941250013322e-05,0.7490475490892311,0.8534284268990358,10016122886.2417,0.02295712291850125,0.03372976219581147,0.040172489199901636,0.7440556599249206,0.019254658190771858,2.5744171663276052e-12,0.03861067657327994
2022-08-26,0.05192938376415059,0,0.002696660898124427,-1.0,0.4197174599639141,19517508006.90065,-0.11690761102508762,0.033717637673025005,0.04024452908051029,0.8659539989077791,0.019242533009569615,2.571420457353849e-12,0.03859432627171834
2022-08-27,0.026143140197849572,0.00011747292939146666,0.0005659908500129516,-0.6562424142100566,0.8235545945160525,10825970419.74756,-0.01149077443361876,0.034128663839731684,0.03990474731486365,0.7662877583609023,0.018969305197075705,2.413813285644045e-12,0.03882608990184531
2022-08-28,0.03945042299535796,1.5619961741073414e-05,0.001540715912771595,-0.9799272612077204,0.951285618254061,8412659314.02118,-0.04369244141012827,0.03557163735118366,0.03972457701003035,0.8571326471627174,0.018106976124864477,2.615569462987761e-12,0.03971890562707054
2022-08-29,0.051061597227935955,0.0025922951801549774,1.4991531312979164e-05,0.9885002817319323,0.9122846545580636,13462848651.39427,0.08361042822413119,0.03628217893532913,0.04005643190943803,0.976240007711528,0.01842045737458779,2.7229323665575307e-12,0.040491381606213545
2022-08-30,0.05069636231770976,0.0009127020212920579,0.0016574191309564443,-0.2897595348814049,0.5835563759964735,18926962419.59301,-0.01768345506202654,0.0364489415015843,0.040088230492605466,1.0940240912738823,0.018539652413862337,2.581270884527979e-12,0.04069246233046398
2022-08-31,0.03157065027054388,0.0001346631472806166,0.0008620428112243755,-0.7297836014091771,0.48927838298099224,18812423619.66005,0.01921054484617724,0.034209621652240896,0.040206060308223456,0.9860102891295803,0.015837393806411335,2.382466767566468e-12,0.037539010399320394
2022-09-01,0.04110851264242992,0.0009687539935293094,0.0007211558181435113,0.1465156150201316,0.4209455221034509,14170488622.63159,0.020622440985935304,0.035282585991252835,0.03971490361207491,1.0544428642690482,0.01548463318523897,2.407095232251462e-12,0.03838250820389366
2022-09-02,0.05465990510108553,0.0007844539499635131,0.0022032512756961628,-0.4748786170561333,0.7369464396287125,14620844149.07381,-0.006905331104755669,0.03644338246001295,0.04019938297756946,1.1294337107474883,0.015996354754348723,2.2451047884372903e-12,0.03964616713366584
2022-09-03,0.012839333949117439,3.605776543428546e-05,0.00012879073082267412,-0.562534493756255,0.7812419262717283,6120571237.10822,-0.011549523125015988,0.03661327198332967,0.040151460284869704,0.9621984266663626,0.015709725448721252,2.277610390841467e-12,0.03969351324317887
2022-09-04,0.01596791077910728,0.00022900162758482623,2.5972547064704228e-05,0.7962731158918015,0.6065975222626429,6193035829.21504,0.013858626174159972,0.035754868320273595,0.03996185253997441,0.7933962227777832,0.016339840672480316,2.26415904411433e-12,0.03914954882951309
2022-09-05,0.031795291060883524,0.0008585524457707343,0.00015238808787556535,0.6985221527799937,0.44684972041778076,9199273055.662779,0.024276166648975042,0.03491498177337894,0.03959858976975611,0.7966379014582475,0.0160523888160946,2.3302641616789645e-12,0.03826832504142834
2022-09-06,0.05970212979415271,0.0001592745371046969,0.00340506976485316,-0.9106289832790795,0.9199628732489572,18073176431.24372,-0.03697872790114188,0.037031915057631495,0.039491246230748865,0.8812301442554309,0.016258888248003162,2.378615611278818e-12,0.0402880381223872
2022-09-07,0.04601864588615303,0.002111717615474481,5.998153720667627e-06,0.9943352608429152,0.6708475310045975,14158089326.65611,0.04463060056793986,0.03797423727564062,0.03966993411692063,0.8267783698100571,0.016174762597105753,2.4585550716048117e-12,0.04112429216727907
2022-09-08,0.02303392904149627,0.000337970908708408,0.00019259097838027726,0.2740112583771589,0.3440835741236457,13203029495.58423,0.0029783266183293303,0.038277376774469817,0.03943203385567421,0.876510559263236,0.015811050220619346,2.4371185476094916e-12,0.04127036017531693
2022-09-09,0.0224229323155136,0.0004932885656312332,9.499327994870982e-06,0.9622133781847375,0.7373158443767879,12916052034.8623,0.04968635480782078,0.03588332426923774,0.039270245570617084,0.915880632579236,0.014046363671400483,2.2647515978190952e-12,0.038412472441606886
2022-09-10,0.028517512081014305,0.0006271528970519386,0.0001860955982388582,0.5423401351088508,0.44928898139828416,7348536836.117491,0.03183730480294379,0.03499078559552712,0.03949236232695914,0.9031342236931678,0.013881795994536428,2.3862602473813127e-12,0.03752176626028054
2022-09-11,0.005927525618537264,2.4996002531968988e-05,1.0139557426446585e-05,0.4228321712562895,0.6146031206208582,6884026557.92414,-0.004539231377691712,0.03402878705756311,0.03926211096566966,0.6440644550850767,0.01516707213625913,2.2932483149451128e-12,0.037108545328611714
2022-09-12,0.03347828412475024,0.0004556579260523924,0.0006651375818851118,-0.18690265472084672,0.5406751289528046,11291212213.97169,-0.02865598044605926,0.0333575780366781,0.03913112677589291,0.5899323370599809,0.014846177444397047,2.399407294223314e-12,0.03636813620801864
2022-09-13,0.0896531898093705,0.00019540231965551214,0.0078422921233395,-0.9513785150601716,0.9298911554578076,15865869412.730669,-0.08721546159798549,0.03665978426552992,0.03994729369077006,0.9197050187941797,0.018944733366101422,2.5771150760595964e-12,0.04105791141010036
2022-09-14,0.029250873711879778,0.0007173680948642046,0.00013824551804413496,0.6768505877922609,0.7680327330270303,10351087044.81358,0.03958986755538312,0.03667405650904263,0.03965862053704162,0.9765734055762304,0.018938747561144345,2.738881031884146e-12,0.041068026041059816
2022-09-15,0.07891986725213716,0.0008608951669819991,0.005367450280112952,-0.7235557422770951,0.6613220731363428,19824699198.48316,-0.10531295791762531,0.039245114282913156,0.03974803251315267,1.2052909329739585,0.020834390604891555,2.8826997331731156e-12,0.04419932962980163
2022-09-16,0.02554026586901364,4.332699255000606e-05,0.0006089781881098969,-0.8671572943628183,0.4808816201713661,11772482639.46676,-0.026406446358015288,0.03798848962123996,0.039401315359490645,1.3432315322673205,0.020826914796690785,2.7042797861430564e-12,0.043083993169896
2022-09-17,0.02451977887532931,0.0004908458719389161,0.0001103736841561294,0.6328340186636222,0.47633333654774884,6308438616.51773,0.023698869616331098,0.03791118670111996,0.03848712994008494,1.2980541957103948,0.020876034075700902,2.832626696793646e-12,0.043038518513971696
2022-09-18,0.04656444849710301,9.56382369116478e-07,0.0021672914814702426,-0.9991178292988858,0.5346402316037865,9967351085.11641,-0.09593914128566723,0.03824994982025067,0.039023937966627696,1.0792743131464146,0.02095981356843171,3.0436593564461026e-12,0.04337571604061307
2022-09-19,0.03221336027195468,0.0010377005800107479,0,1.0,0.631751578084965,13666010265.88282,0.03054805543611873,0.03735241472710871,0.038061047493974196,1.1019771718292999,0.020786607282613702,2.854367689838575e-12,0.04250541783466951
2022-09-20,0.03261019515492821,0.00024264775317350197,0.0008207770748690013,-0.5436485085266342,0.44635601844180073,10604151627.641981,-0.03928384012302008,0.036491168671738156,0.038142504230818844,0.8672862723702962,0.020579737504978685,2.9862854052019478e-12,0.04165288827068336
2022-09-21,0.06477881282128231,0.00019608224019599516,0.004000212350338735,-0.9065450549452446,0.8898546576349942,14907764982.7589,-0.06072910200748738,0.03807250974558284,0.038200555273467426,1.0679526878559145,0.021440589770623006,3.1316422165415546e-12,0.04344334776142394
2022-09-22,0.056421544500830395,0.002354924102485086,0.0008284665813740985,0.4795068129245394,0.5204381851979767,12674382231.70619,0.06347049802203775,0.03880170173884001,0.038352253104669484,1.2262364404019797,0.021806285122504085,3.3008074231844796e-12,0.044254294723685264
2022-09-23,0.043912048959902604,0.0007457831406746725,0.0011824849031822108,-0.2264735776225675,0.5916899833629512,14195748237.66868,0.0006711030093336299,0.03828989906545034,0.038078569676777,1.2124925346311684,0.021539978725864706,3.2805684389596777e-12,0.043680581633961116
2022-09-24,0.02180616519263154,0.00011242931321864212,0.0003630795271896932,-0.527119987413503,0.7635599937067514,6117137472.97961,-0.007893154748673763,0.03871689102942721,0.0377324638670774,1.1810253563182167,0.021094510095022327,3.2521557651852582e-12,0.04384959021020191
2022-09-25,0.017296336121681487,6.6867977396932436e-06,0.00029247644549449054,-0.9552966623345579,0.66231689697569,6323317973.41767,-0.017003133591776104,0.0387801493790736,0.03744656784283821,1.1306578656119188,0.021024755835813504,3.27364060672781e-12,0.04387357750359331
2022-09-26,0.022749167377720123,0.0004830931951734817,3.443142120604376e-05,0.8669380349598924,0.8640722677342596,10639323515.45812,0.03139580022901922,0.03834938158463724,0.037103500932789676,0.9122032193695053,0.021266304942992347,3.2884976752739622e-12,0.043604986032602815
2022-09-27,0.035371062996226735,2.822709078667295e-05,0.0012228850066963674,-0.9548767998591661,0.7440247252727086,13143901188.70475,-0.006054615031463992,0.03719075935616458,0.036602766096198516,0.7925237798114257,0.020700065856474215,3.213001714028115e-12,0.042323053911605735
2022-09-28,0.029096996902197966,0.0008450860941099199,1.5491346165980441e-06,0.9963404910071408,0.9189817754277585,13854142475.32485,0.006930419723157694,0.036384966547404814,0.03578744915392564,0.7107660352026803,0.02066857106364474,3.08671303639459e-12,0.041601841877739805
2022-09-29,0.020965946449249175,0.00015061298227834279,0.0002889579282344413,-0.3147272548010772,0.5427014415481666,11892132443.56242,-0.001220411722173602,0.03628649118586924,0.03522182857710269,0.7080096783474953,0.02074016505386153,3.080858008913477e-12,0.04154973338029973
2022-09-30,0.022948949720389508,0.0003246865679979088,0.00020196772527105678,0.23301593530194345,0.4450508265673282,11394338399.68576,-0.005273093215014782,0.036311539633720476,0.035079434695486154,0.7439245012777608,0.020722894948703986,2.919711022440814e-12,0.04156340745409455
2022-10-01,0.009015933453813796,3.635398933559522e-08,8.125070205426318e-05,-0.9991055405102606,0.8572372214742672,3648363835.7798,-0.01248173713392348,0.035382893032425214,0.0346922406418216,0.672284789279386,0.021511579065266916,2.8763166912658247e-12,0.04114196802006758
2022-10-02,0.025821211284071437,7.602443336044e-05,0.000590710518816218,-0.7719500586784999,0.7132214682066297,5371485640.17009,-0.02733542701003247,0.03633021139745065,0.03467505357570033,0.6194165312373097,0.020566869125143068,3.0872501246623256e-12,0.04150587541660175
2022-10-03,0.0165868235085701,0.0002747163836546327,4.063304498210007e-07,0.997046187544757,0.8359470508495185,7563682363.97532,0.03590093616300877,0.0355258561300135,0.0343916327938591,0.5498491238516748,0.021009525521838844,3.1924209811726027e-12,0.041017893181620094
2022-10-04,0.016821946916116493,0.0002828513564673679,1.2654158127328024e-07,0.9991056433583972,0.8825295294438085,7456202392.44989,0.02843694603303329,0.03205770170652521,0.03420239134893073,0.5350426085046431,0.01731398455655545,3.112269340995301e-12,0.036238037262423285
2022-10-05,0.020535095107485916,0.00022969785344545494,0.00019199227762803703,0.08941536222683523,0.5416256268961165,7323277791.98338,-0.006724845977919337,0.0316426646301255,0.034020807238078425,0.5201116076292598,0.017488218938283846,2.973868261857772e-12,0.03595180554142256
2022-10-06,0.008130192640847436,3.340410923654896e-08,6.606662826805326e-05,-0.9989892861460073,0.42955699682863496,9688859096.22463,-7.398912363250014e-05,0.028271727743873612,0.03374886807419941,0.5151785964065274,0.014484182680838207,2.721269542307967e-12,0.03160841761057589
2022-10-07,0.016327403977524278,6.86451331191311e-06,0.0002597196073333624,-0.9485002085248191,0.8832908730299949,6854336044.88562,-0.01572792132965334,0.027833020034755074,0.03317971577634001,0.4640232789587954,0.014708832705834602,2.7237233143643325e-12,0.031316519511594164
2022-10-08,0.008136181971597956,3.018203999816224e-08,6.616727503495743e-05,-0.9990881208634953,0.7457362139529672,2887524977.8027897,-0.011855754406701708,0.027052848753625007,0.033030899764825546,0.4221397978487464,0.0153153534766332,2.7403499843978297e-12,0.030907072839555308
2022-10-09,0.00921108181433125,6.0460353130079764e-05,2.4383675060224097e-05,0.4252117543138832,0.44828120673269456,3036627474.46765,0.0059605236074880405,0.02527411700682635,0.03303190139275356,0.3898117405774195,0.015103618020332646,2.3754707614779386e-12,0.029258117592389613
2022-10-10,0.015202950241206289,0,0.00023112969603659436,-1.0,0.7860980082988512,6508981566.24311,-0.025298421338973753,0.024464097481552618,0.03269956371466348,0.35709753641417136,0.0151688530956576,2.4541071108726436e-12,0.028594218081947894
2022-10-11,0.011151452934619655,5.0155143404155206e-05,7.419975914888213e-05,-0.19335478739547002,0.5711955521458256,7068866635.71179,-0.007698782796026506,0.023442252613918878,0.03212745426241378,0.37981588020893736,0.015314735023300165,2.3295613788712368e-12,0.027801289398488294
2022-10-12,0.009013205004005785,7.473552711251414e-05,6.502337331720794e-06,0.8399185558063439,0.8145188378222825,5701823057.72268,0.011151419717637598,0.020786747479762852,0.031022959625862198,0.33358294531007027,0.012333333944967967,2.2287093878636648e-12,0.024019921107774525
2022-10-13,0.03858687547360248,0.0006871990236005775,0.0008017479352147272,-0.07693283560973294,0.5033919860186972,13177563627.81076,-0.005921579851784359,0.019937477526085334,0.031340588418726056,0.5250053472590784,0.010183520691017824,2.0116422403155954e-12,0.022277091677170322
2022-10-14,0.016651027180599028,1.0954345727135316e-05,0.00026630236044191226,-0.9209804813849567,0.5179437230209883,9450587003.03056,0.00694885684731782,0.01863933363183278,0.031124205052432026,0.5820090018432993,0.008586948889891026,2.0444045338001926e-12,0.020436468043282495
2022-10-15,0.009753628802965143,0,9.513327482603125e-05,-1.0,0.3915411010204387,3917050344.33982,-0.01650961619379738,0.018065403327562953,0.031131855446773278,0.5486181316988951,0.00876562444166404,2.1836651800732293e-12,0.01998839923339337
2022-10-16,0.016980721016903927,0.00028627342160230616,2.07146465161665e-06,0.9856320347585948,0.9825009967952119,4242204246.14907,0.02433802479113937,0.01805037403685926,0.03086179724540215,0.589098397343712,0.008767279409607904,2.328815660407953e-12,0.019975508605723107
2022-10-17,0.013455935191997528,0.0001741033213085833,6.958870582654232e-06,0.9231328140903723,0.4174439183200072,6802174597.73257,0.019043570185313323,0.01760783917087247,0.03029073417629622,0.6189361577806883,0.008752774974549094,2.321611327129115e-12,0.019570358296249712
2022-10-18,0.01873038740297642,6.24219518057361e-05,0.00028840546045984163,-0.6441443876769672,0.5482649275226781,8569353674.81877,-0.015671298355005605,0.016815426047384358,0.030346033487060144,0.5048760030862243,0.007761324304659045,2.386759907782329e-12,0.01844256556305332
2022-10-19,0.012152253949448296,1.0499328615239458e-05,0.00013717794743664226,-0.8578071197419588,0.5797476628916787,5694630433.42334,-0.01964308951267605,0.01600853352582485,0.030122579116290096,0.4842866588110919,0.007286970235381315,2.527196279211948e-12,0.017516977836242034
2022-10-20,0.016099500464552975,0.00012224853773109835,0.00013694537747704308,-0.056702101722344356,0.5204173386233971,6829877558.46932,-0.00175325858715383,0.01577679800274408,0.03011355532102771,0.5305486897701013,0.007198275168092228,2.5345334598488874e-12,0.017270064614430432
2022-10-21,0.01949508719420356,0.0003148131731667316,6.524525154286814e-05,0.6566567280137435,0.7750399341713047,7736955770.56057,0.013086768182088834,0.01561232835863999,0.029269064087199398,0.5567064322050979,0.007064422009695477,2.5930420467742367e-12,0.01706676232156873
2022-10-22,0.009400613859041599,8.594995278306342e-05,2.4215881437415533e-06,0.9451952943595888,0.7210758117756024,3251370186.8382797,0.010802970002622746,0.015630646473174643,0.028668108367042328,0.5318289385837194,0.007046939375664372,2.588346921747667e-12,0.017076642895016803
2022-10-23,0.02922252335335962,0.0008288550877184695,2.5100783419178874e-05,0.9412129261767606,0.7146689371229514,4892526172.62552,0.03755924137810688,0.01579261371456932,0.028717204056527695,0.6052725404193489,0.007326416914542242,2.7115789407530693e-12,0.017335714995904066
2022-10-24,0.01728633217262633,0.00015200793604156946,0.00014680934394080674,0.01739722716527413,0.48896435838664143,7394468406.05214,-0.015306176172775963,0.01582592365095295,0.028236452605881517,0.6441260628007662,0.0073317965777828535,2.5841246723626416e-12,0.017368227516936396
2022-10-25,0.07713947878287836,0.005426867564530167,0.0005236316223639722,0.8240041361513801,0.5837667626881652,16344240230.083029,0.08318348545086364,0.018698187073179707,0.029138557681744944,1.058157273235002,0.015264692858408223,2.6448676871020733e-12,0.023906846157859606
2022-10-26,0.032843440267960294,0.0010750435129024032,3.648055732672274e-06,0.9932361467564108,0.5834122738563842,16625093320.88943,0.07029183535226209,0.01928429874748801,0.029200339962218717,1.1463113635669155,0.015571956931064833,2.802475924115074e-12,0.024552455599320292
2022-10-27,0.03379851797118357,0.0001354538389304391,0.00100688597811798,-0.7628484328237369,0.8527785913074374,12406744072.25012,-0.03361633781015168,0.020506599953694492,0.029341147326827088,1.3191935090291902,0.01565980667965203,2.9311371061774445e-12,0.025574842902985003
2022-10-28,0.030835545860148732,0.0008595746840749122,9.125620441842341e-05,0.8080495585013526,0.726631313081635,11324631030.27013,0.026140122892362956,0.021197463852867086,0.029006324502954043,1.3461048207435236,0.015785735963112283,2.931787553421581e-12,0.026204117404211472
2022-10-29,0.01788903727730814,0.00028323415400460106,3.678350070431929e-05,0.7701158035310484,0.48850443882012196,12038906676.548191,0.04099394523980853,0.02166188553409138,0.02887530699627878,1.3767344519859144,0.015523543993734179,2.898419385965808e-12,0.02643373687187467
2022-10-30,0.018986412767575424,1.9551653247104077e-05,0.0003409322165336471,-0.8915255028803618,0.602030025549649,6332682157.970921,-0.01803265732500076,0.022127377484245862,0.02855048143710763,0.9681050733424276,0.015276114797119643,2.9405469251595763e-12,0.02668085740290047
2022-10-31,0.03877464059112634,0.0004168926252917647,0.0010865801276792578,-0.44542709607747744,0.7144175401179246,11265423901.76959,-0.011303486375958212,0.023249838929480154,0.028355450379380493,1.0122620481518727,0.01560435680921249,2.803246183806e-12,0.02779309116255034
2022-11-01,0.010780450453829775,1.269978621525292e-05,0.00010351832577222569,-0.781449104652101,0.8873211749065217,7122535302.01501,0.0037334798976761214,0.023232172144680634,0.027721864476779223,0.8690999167177083,0.015618942312844651,2.7763446202965255e-12,0.027786119739042842
2022-11-02,0.02570504231074257,2.9212295668330264e-06,0.0006578279706302327,-0.9911578264008136,0.42005779988154246,13993599315.82898,-0.039176097320940226,0.02402702154023953,0.02762875958852841,0.8245242759137553,0.015280209002098045,2.8165259871634946e-12,0.028278334958858845
2022-11-03,0.013749901316835626,4.9048652877647624e-05,0.00014001113334507042,-0.48113076971464613,0.38901680880245526,7425208238.02046,0.008538113839726249,0.022844308485155392,0.02719449591669358,0.7951702219752795,0.015056477979423673,2.8498837841113804e-12,0.027161826869235853
2022-11-04,0.0418397332174697,0.0017040445585938411,4.6518717115196026e-05,0.9468528584362604,0.521794226652918,14117291322.98787,0.07174284923763201,0.02404377067738733,0.026991001124890154,0.9575362704198151,0.015534167357439179,3.056866170521709e-12,0.028423973940438434
2022-11-05,0.00990733210311936,8.549962587536512e-06,8.960526681396298e-05,-0.8257869165062357,0.7029617093551999,4936106420.27118,-0.010990297736606019,0.024051089882156578,0.026944461413048914,0.7696616397027454,0.015527132261891743,2.962185372104421e-12,0.028426505187334496
2022-11-06,0.027831522479769187,3.9376930466386256e-06,0.0007706559504952591,-0.9898328805575187,0.9082254607256612,6138703520.86827,-0.03675970397401443,0.024567794713721593,0.027132772709884817,0.9087404247645949,0.015460484498808132,2.9741410511450154e-12,0.028830901822411898
2022-11-07,0.038298859391308296,0.0004655943013200545,0.001001208329355149,-0.3651575316500072,0.3975682069781167,9948551937.36538,6.379707428776101e-05,0.025750791104164963,0.027236003953224893,0.9952206556005821,0.015518072116489581,2.8411307166905867e-12,0.029873845334568876
2022-11-08,0.10993207548386938,0.00024313112660656768,0.011841930093584587,-0.9597633603708426,0.9548142436661226,29374837585.47329,-0.1617626814123725,0.03009372863182653,0.02803330467845849,1.6324359466238776,0.023934630331580053,3.0162775882085537e-12,0.038094877261206514
2022-11-09,0.11148478466436319,0.000775509236175466,0.011653347975483966,-0.8752082797366173,0.526535339290772,27924782502.31694,-0.19106826251205022,0.03482384914206057,0.02907244973843008,2.030880336446873,0.029402451623659606,3.1778414748424154e-12,0.045122475172780334
2022-11-10,0.11104790965030306,0.011792732400722919,0.0005389058369789534,0.9125978517061356,0.9370430592198618,18981639356.49054,0.1642862700836975,0.03934520196042962,0.030469497049680983,2.5678398335777293,0.03340680629686752,3.577760775353849e-12,0.05109712386024586
2022-11-11,0.03749219642545917,0.0012512299052075903,0.0001544348875976231,0.7802678300145437,0.7039078167570122,14813683425.71741,-0.007468317703118279,0.04020220716191799,0.030708691718092814,2.624420768384268,0.03310156876659012,3.521222096893317e-12,0.051572807420869095
2022-11-12,0.016873997650479092,0.00016052689212205296,0.00012420490458632093,0.12756561773440953,0.4479335700728753,5792014547.78374,-0.02502595750396263,0.04055808258055787,0.03052387402871924,2.587577322729864,0.03279259421852307,3.5687544361194067e-12,0.051663381167327806
2022-11-13,0.021069605191040328,0,0.00044392826290631354,-1.0,0.6254728322976237,5856567989.37609,-0.029118592031279405,0.04016984838235219,0.030764224498124052,2.002292762076309,0.03298122596109557,3.4399494040578655e-12,0.05147406948589852
2022-11-14,0.06425025073164016,0.0035039884204745835,0.0006241062986040433,0.6976298553811568,0.7294116651056264,11685915959.46197,0.01794931432339981,0.042406225456590944,0.03125266841251913,1.6988410616989955,0.032944200362383894,3.4145222081542055e-12,0.05321584702095776
2022-11-15,0.011283464987737404,6.547330569318764e-05,6.184327643630822e-05,0.02851183401379136,0.44596574962817326,7759799922.32057,0.007941669573266755,0.03927022479967947,0.030008704526461462,1.0311905940629487,0.03260529832741018,3.2209017104700926e-12,0.05054336716530945
2022-11-16,0.03786618934579352,0.00022589067378121533,0.0012079576217902716,-0.6849169127879287,0.43281215279948365,7840175274.8468895,-0.029995200131245858,0.03950940332719534,0.030145455568269617,1.0259511505903038,0.032574204520447195,3.2017481991969146e-12,0.05071039528045005
2022-11-17,0.012841113258690187,6.974419969726219e-05,9.514999002524674e-05,-0.1540732900943236,0.5514270973891754,6998582017.23369,-0.013264968332703918,0.03851143167421946,0.029096586457262524,1.0180061852537525,0.03307509984157558,3.1629795364465177e-12,0.050249369743578166
2022-11-18,0.0075302162596126865,1.0697932758918702e-05,4.6006224157616574e-05,-0.6226755377153268,0.4239514850081788,4667089419.93724,0.010233364864110393,0.037401654074193935,0.028810712653938697,0.9377708221989266,0.033730029160517774,3.157475319348079e-12,0.049823906874294895
2022-11-19,0.008725399071035101,7.032151044830405e-05,5.811078500516157e-06,0.8473432053014082,0.7077477139761429,2603491616.74213,0.004001718007349681,0.036965290350085694,0.028560008212600695,0.5562893297892422,0.034052814898946016,3.0685199008369665e-12,0.049707224038950365
2022-11-20,0.058687291333099544,0.00011601797833046659,0.0033281801856856336,-0.9326299052461117,0.5706325713172,6120393596.02878,-0.0639021334322218,0.03885580837701542,0.028752434289362545,0.8965403864116651,0.03410676920481013,3.430105573543799e-12,0.051162991111536237
2022-11-21,0.03879265646399181,0.00024913591763464513,0.0012557342778986406,-0.6688938110753693,0.8333710342542691,10872443056.73908,-0.030760982263206803,0.038856666275723296,0.02885686756225202,0.9127181696151666,0.034106767287667816,3.5170523635793685e-12,0.05116364142985772
2022-11-22,0.04838321444976521,0.0021360330490479778,0.0002049023914439911,0.8249397331513516,0.8635093328206987,8331237863.26098,0.02864780403010714,0.04064727408505355,0.029107232947884355,1.1658725184497472,0.033541452650916764,3.655834393966727e-12,0.05218866854756911
2022-11-23,0.020362599781622543,0.0002673462175434056,0.00014728925232312885,0.289548227166676,0.4200134952143353,7724547462.35971,0.038507689326283505,0.040392872059857365,0.028402213693286583,1.2592456249406452,0.03368042421917661,3.759907421451611e-12,0.052076265451006735
2022-11-24,0.011424466930780327,5.659779719347752e-05,7.392064745901576e-05,-0.13272338872609546,0.5640245787710817,6220071901.353291,0.01598854217055997,0.04028213708909282,0.027687974366777852,1.2831920965952377,0.033776088147144896,3.827554725517324e-12,0.05204949318093119
2022-11-25,0.01020478958419745,9.344907326301293e-05,1.0688657194731842e-05,0.7947207578319772,0.4981407976126644,5071643622.45446,-0.0036477545986062262,0.03877571120179414,0.02715293850367142,0.9400947831607059,0.03440279613612296,3.619808623009091e-12,0.05129082299935599
2022-11-26,0.010099694504501662,1.1853863225256917e-05,9.014996585900414e-05,-0.7675800343639073,0.7766012618917275,4716635434.54015,0.005234285206293096,0.038784871316145685,0.02696712150862174,0.7426474933667241,0.03439474996234872,3.5666294939396857e-12,0.05129260951250994
2022-11-27,0.016803933760243417,5.63801314858857e-06,0.0002767341766700599,-0.9600667958681798,0.9154381682897764,3624416287.45259,-0.009790509600368627,0.03825974804378731,0.02695930559812272,0.5131182053464337,0.03465355062694171,3.4101094134080863e-12,0.05106361399038322
2022-11-28,0.010002433046226198,4.7414991402715636e-05,5.263367544152226e-05,-0.05216145505398291,0.45800188707897405,6533252497.45609,-0.022064391202136473,0.03691229917021197,0.026756976481749805,0.4389447864062495,0.03519781083707426,3.570625214436466e-12,0.05042230807560947
2022-11-29,0.02241915670781539,0.00045266302466391144,4.995556282567223e-05,0.8012188006210275,0.6948021821418984,7132437233.9672,0.04074522666620802,0.032745017323733215,0.026551390667648035,0.5215644665402984,0.031057358389148446,3.5804261745689663e-12,0.0446191020124808
2022-11-30,0.018062034000148414,0.00030578336749858696,2.0453704723930283e-05,0.8746083356830803,0.7233010075521695,8899047729.23707,0.06239248160804966,0.028296314911151556,0.02637623252634566,0.577239738383081,0.025388205159477508,3.588468757714704e-12,0.03761049081925251
2022-12-01,0.012515773051695062,2.2692660925318064e-05,0.00013395191415621824,-0.7102656007907566,0.5160209052975459,6068049140.14661,-0.014312697875423039,0.023604308406455936,0.026242102789876546,0.6002257258538277,0.017073524633269888,3.288644417398115e-12,0.028892687944930922
2022-12-02,0.01605596132422801,0.00019864061631198944,5.915327773311625e-05,0.5410808471455393,0.4071070240836908,5429934958.52178,0.015015647589393728,0.022583535306397312,0.026132690275651762,0.5947979000963083,0.016840913641998478,3.3963204083069105e-12,0.027930751828308883
2022-12-03,0.022819224801612595,1.6481251677479185e-06,0.0005190688953787834,-0.9936697856889022,0.8047364121965751,4739114178.116529,-0.0435851606170217,0.02286664136121319,0.026351790138315234,0.6886396485151651,0.016790028358277233,3.628517132065191e-12,0.028131197793658216
2022-12-04,0.01519962947752921,0.00022924971180963844,1.779024444536424e-06,0.9845991068177843,0.9263473418390007,4893240341.17784,0.03101996524649194,0.02258711870818885,0.02618319360170345,0.6366465096723859,0.01687011260554903,3.693631203811582e-12,0.02795042426526295
2022-12-05,0.025577595869961754,4.3954515092921834e-05,0.0006102588953941627,-0.8656263708804253,0.7738348920017936,6905572840.95312,-0.01589011475248632,0.020745563714775594,0.026325904274106495,0.6856711351974175,0.013953355419863294,3.730063505208794e-12,0.024815384283775655
2022-12-06,0.01750117463191522,0.00028144001767466657,2.485109582212625e-05,0.8377289139184478,0.9188644569592239,5143559417.12193,0.009528061044026943,0.02104164512640311,0.02633668566642076,0.7222337183379988,0.01380774483652706,3.769539132183916e-12,0.024986514240350453
2022-12-07,0.031375743004043964,5.425177365697614e-05,0.0009301854753988375,-0.8897811440820435,0.942561606923955,5688885187.00896,-0.031894930401410386,0.020732576252986464,0.026508759442556602,0.8242534213275027,0.013481095365786152,3.854334443184035e-12,0.024554538640721393
2022-12-08,0.029175314295111224,0.0008417012582243761,9.497705994145146e-06,0.9776839343246502,0.877095862016191,6769034561.5628805,0.03900100344111886,0.021510395349958893,0.02684280899262428,0.860344094802722,0.013474231386587687,4.038443941011803e-12,0.025211238517704466
2022-12-09,0.01242583280157062,1.9142516824084276e-05,0.0001352588039885041,-0.7520420586645191,0.4122777826864841,5628848627.17139,-0.013697928209898295,0.021743519947194985,0.026780879291418667,0.841671642321482,0.013260921555172842,4.049913319799295e-12,0.025303335619961204
2022-12-10,0.011484121147332266,8.915978532056841e-05,4.272525320603573e-05,0.35208339500288205,0.6606844713470896,2815529332.16199,0.002824156707224137,0.0218748876651139,0.026834021183096992,0.7393127532770916,0.013138611409532083,4.024485036986096e-12,0.025355742388021702
2022-12-11,0.009738184174680012,9.579888655337328e-06,8.52523423646509e-05,-0.7979613354594994,0.8462382449643491,3084127004.0478,-0.002721197739779626,0.019543977800427253,0.02684238788722951,0.6827253813111684,0.010321125777914338,3.56931693770523e-12,0.021986815508180414
2022-12-12,0.01889612811080364,0.0003395892187399202,1.7474438839983337e-05,0.9021214370657539,0.7733474220689027,5144565033.61437,0.00981362144832467,0.018596524069323057,0.0269010097581755,0.599405699707963,0.00933158557098816,3.5254269089463385e-12,0.020706583542499386
2022-12-13,0.033822447938463104,0.0011065588718076763,3.739911274237064e-05,0.9346145343666957,0.7318357186220574,9619436612.69286,0.03557454426625934,0.017903154235451527,0.027260866821728572,0.6269119966119775,0.007335037910484948,3.5377884810518827e-12,0.019281174122160755
2022-12-14,0.025059608159668643,8.587493541883284e-05,0.0005421090256972984,-0.7265059595910531,0.8632529797955265,7479465702.91782,-0.010111124976625615,0.01812682130107277,0.02751557163372322,0.7120247910262818,0.007483886080302044,3.364776340788977e-12,0.0195428536169452
2022-12-15,0.018799073919865763,2.30559146696924e-05,0.00033034926557488464,-0.8695213541933011,0.7603774152757294,5374816224.59595,-0.03224807607659372,0.018477993062457794,0.027201479545568667,0.7638025047776275,0.007324997040993908,3.5280797570742973e-12,0.019812541017475815
2022-12-16,0.06098906340733973,1.958948758039569e-05,0.00370007636772411,-0.9894670713217641,0.7338222283099772,8739897084.46596,-0.08231707407830319,0.020896291815940757,0.027905257898374076,1.1006815529579979,0.011595355305041646,3.942331917952188e-12,0.023763517995327322
2022-12-17,0.01202489104592142,0.0001277042963199756,1.6893708346305557e-05,0.7663355260635212,0.5227001452130736,3926389487.824,0.017223630344990103,0.02098796784172265,0.027941309680008304,1.056807628235712,0.011513044855189935,4.098373983180885e-12,0.023806156380011868
2022-12-18,0.01135585749339676,6.501946163672999e-05,6.393603777360535e-05,0.008401532839458024,0.504200766419729,3402889257.43771,-0.0033686695230149277,0.020728535638539474,0.027852026132016126,0.8996706884085263,0.011672322045956916,4.016882493380017e-12,0.023652220295428284
2022-12-19,0.008992872912016432,8.838379489083504e-06,7.203338372259539e-05,-0.781422362068467,0.687710657139339,5053649056.7304,-0.012972271490157493,0.020680461346434247,0.02778118387360373,0.7902274944857973,0.011720686856604693,3.9782952218255314e-12,0.02363290796783597
2022-12-20,0.014292530703185069,0.00020423750010177606,3.893379971181613e-08,0.9996188126161376,0.8781065589332064,6963536310.44835,0.04112318030018995,0.020293479155737565,0.027710741703765772,0.7608008537421352,0.011794337083152976,3.987477940397677e-12,0.023330400120823564
2022-12-21,0.008787725989563342,4.2097065942845335e-05,3.512706212480169e-05,0.09025681470871431,0.4471297781837184,3566753016.5772,-0.0024779487700195076,0.019851845440947802,0.027657336498053308,0.39203480262547336,0.01205287290640795,3.686696693296205e-12,0.0230748740094557
2022-12-22,0.03276036251793955,0.000417553787756481,0.0006556875645503374,-0.22188278180114204,0.610735928187886,5306923844.99218,0.003439483354561413,0.020815873510768967,0.02792179462588484,0.5375052737983061,0.012244856896835547,3.605240218335405e-12,0.024002026500577204
2022-12-23,0.0036641133241362457,1.1783185519660534e-06,1.2247407900146716e-05,-0.8244685594974827,0.7108538907154609,4040440150.9293,0.0017399301851818109,0.0202257855107646,0.027670509326359966,0.48714240245696533,0.012772909302803859,3.494063223897114e-12,0.023758381609975465
2022-12-24,0.004483216859564723,1.3555195813723961e-05,6.544037596161416e-06,0.3488271455225878,0.6115931090588996,1464144965.51859,0.0003771326485797356,0.019352642275428985,0.027592455405733348,0.475547554628755,0.013206128918494311,3.0683812458225733e-12,0.023251274254986933
2022-12-25,0.009499335819068578,5.4154039212612124e-05,3.608334179082718e-05,0.20025733482996583,0.6001286674149829,3000167697.41548,-0.0016407432964765326,0.019081199720264192,0.02727938893693508,0.4463788459752824,0.013353519481367876,2.792549504621363e-12,0.023106652813217735
2022-12-26,0.009904569759068652,7.877473601873732e-05,1.932576609351993e-05,0.6060006691626248,0.7652234418243405,2350576564.38967,0.007851067094672627,0.018334865143554997,0.027162218104973844,0.4617337586424261,0.013410144861238652,2.8420258583414018e-12,0.022526336523392237
2022-12-27,0.007063340244459186,2.793143185776762e-07,4.961146109041907e-05,-0.9888029674308365,0.8457562663475859,3740892959.73712,-0.01335069812379181,0.017837825410818995,0.026049898445633858,0.2690833935008939,0.013634155491367192,2.9237605108350098e-12,0.022253680532805634
2022-12-28,0.007344781471056214,1.0953930961534692e-05,4.299188389603599e-05,-0.5938913522594633,0.6066584742052029,4927046581.26896,-0.017791425549522812,0.016693493909248153,0.025645157829809983,0.29974325405758273,0.013448295972578033,2.8287337142841134e-12,0.021234810602922042
2022-12-29,0.00450870921098934,1.6684321764314464e-05,3.644136984945656e-06,0.6414743459015761,0.5066964418080726,3619014162.58405,0.008710295249936339,0.015518893667147109,0.02518024023044182,0.3028022341532561,0.013380644657518422,2.6689782610895557e-12,0.02028181252198056
2022-12-30,0.009893901197075897,3.4964291628688015e-05,6.292498926881187e-05,-0.2856359489391037,0.642714918470864,3423709126.11584,-0.0005833284888034728,0.015398325495504503,0.024847833172297808,0.3118506085163752,0.013421254176531797,2.5612095411954838e-12,0.02021536221928762
2022-12-31,0.0075735027828169625,2.6710391421838687e-05,3.064755297949759e-05,-0.06864195707765244,0.5343209785388262,2024981394.9103,-0.00298025490123901,0.015212105573384725,0.024684094529528106,0.29370618143844496,0.013505146969174205,2.583527642466226e-12,0.020127393284102662
2023-01-01,0.004538949764075775,1.9020546969401955e-05,1.581517991401583e-06,0.8464699539186484,0.8273059261935459,1654443731.79587,0.0032219588317714755,0.014964522982403573,0.024454769719948744,0.2772763793731721,0.013657315059527617,2.634248308388468e-12,0.02003939097379456
2023-01-02,0.010970409690423288,0.00010163413755086123,1.8715751224871978e-05,0.6889776730953533,0.7410876468670393,3431524206.10823,0.010998001613590859,0.014587107819528317,0.02401343272152489,0.3075497945342071,0.01365274556362012,2.6960301922735877e-12,0.019756140978739466
2023-01-03,0.0055878109441341054,1.9503164186231406e-05,1.1720466961153477e-05,0.24925663476939214,0.6151859636445857,2931903414.03335,0.000815664090503941,0.01324260129598884,0.02393100987216464,0.32444490507222085,0.013040277239443015,2.5331734667367906e-12,0.018366212353389505
2023-01-04,0.004586982385998763,1.883618372602653e-05,2.2042236834363753e-06,0.7904770910048988,0.6795698602608125,6655447772.02725,0.03414063407254665,0.012267714354385515,0.023595802571771882,0.28084519879031505,0.012876909958531104,2.7130723406897716e-12,0.017561767628110944
2023-01-05,0.007623410117229898,2.543733444237294e-05,3.2679047373110226e-05,-0.12460708503377571,0.4810497173185436,3329922187.6757298,-0.004235351120971275,0.01173553988759333,0.023498556679714646,0.28532414140516715,0.012824312267624345,2.4879323280260428e-12,0.01715675700329171
2023-01-06,0.018206494963957213,0.0003025995060652767,2.8876952807322616e-05,0.8257677006352884,0.7144754143350635,5216519703.013,0.013859454586029383,0.009698274723622733,0.023123425913785876,0.4082608350052695,0.006395560753077177,2.1659465600167466e-12,0.011533081056636856
2023-01-07,0.002698659181915306,1.2524119194169526e-06,6.030349460718838e-06,-0.6560612509334747,0.7122138089751814,1500580014.03508,-0.003862274220135061,0.009254168444384347,0.02300900253408423,0.3646946024485127,0.006547914106851545,2.079623753713266e-12,0.011246027634240095
2023-01-08,0.02364600106620539,0.0004992652593829743,5.9868107040012274e-05,0.7858539281137379,0.6992570532308617,3068138464.8622103,0.02037441869880555,0.009839413376422853,0.02294256568624988,0.5744776516253675,0.007256096016901482,2.3487047629527976e-12,0.012122615142122909
2023-01-09,0.01645446932606664,0.00020003290911585941,7.071665168660846e-05,0.47762314755367924,0.63517439075397,8343049682.27575,0.02351102180177004,0.010194727491377625,0.022595829336007952,0.7548063324765132,0.007393949256192198,2.360663099817627e-12,0.0124899798946717
2023-01-10,0.007606958791196648,4.7880284645832033e-05,9.98553740513192e-06,0.6548727020126874,0.35960271470473637,4864320674.8589,0.01128185424708608,0.009876366924140081,0.020971621134536954,0.7758772140732483,0.007352502449097288,2.1898919032262693e-12,0.012207688719477545
2023-01-11,0.038879785399524344,0.0014107545765226965,0.00010088313619036983,0.8665247164159376,0.7768132140110862,6190290564.99127,0.039622734554528034,0.011309322134138225,0.019819160828745862,0.9891408613270876,0.009690403542016142,2.4616086814079203e-12,0.014742220750765412
2023-01-12,0.03077699304692404,0.0008134720049303313,0.0001337512960800795,0.7175928929590184,0.8587964464795093,11611529579.13658,0.018958961359009326,0.011214875968851772,0.018545019295358893,1.2886539985725913,0.009478222860121375,2.5084971539708147e-12,0.014537269794523147
2023-01-13,0.023669582116409252,0.0005385159590907649,2.1733158474675792e-05,0.9224160902952704,0.8325414761574803,7246536108.50026,0.02448156479760032,0.012167517339912389,0.01832561271902477,1.3386173425009549,0.009684476813975914,2.648866335068252e-12,0.015406862827304905
2023-01-14,0.02098095898186946,0.00017680101009427787,0.00026339962970461104,-0.1967253379047718,0.5670830404511795,11302279848.04887,0.06621059499507921,0.012953124107641188,0.01839080258142779,1.3775401025150587,0.009699096259572658,2.915560811494778e-12,0.016042950197985923
2023-01-15,0.016073498866307778,0.00024043710717924614,1.7920258625951273e-05,0.8612754192619906,0.8761513274862631,5624513802.85479,0.0020620291221926028,0.013266179490843053,0.01831149930643203,1.504069307984802,0.009688135457892254,2.9069765629989998e-12,0.016290548321558886
2023-01-16,0.03236251815313856,0.0007215377822720996,0.00032579479894012285,0.3778579893637309,0.6671339761701077,8433001908.552219,0.015096482630326891,0.014335605604846384,0.01780534482105899,1.4025650254872504,0.010503694556788453,2.8331721327379585e-12,0.01762337913662513
2023-01-17,0.019084385494591002,0.00014348330300733076,0.00022073046669882464,-0.21209292486062853,0.6056687467705384,7212262387.95917,-0.007260403056650568,0.014908036331043137,0.017929168956088412,1.2564651972607228,0.010414739166568997,2.7111636352229455e-12,0.0180430389299151
2023-01-18,0.026834576420779955,9.225943333057441e-07,0.0007191718973493738,-0.9974375742518183,0.5541306761253191,10794454438.88289,-0.035207650097261185,0.015836121804839506,0.01775406398902471,1.270441928066551,0.010574230886944452,2.6945289079598056e-12,0.018901656525012096
2023-01-19,0.016254475266135403,0.00022885802450304426,3.53499416743633e-05,0.732408207172475,0.5344371818315775,5615305826.41623,0.025802111172175384,0.0163954439979417,0.01780824433834923,1.2677586052152572,0.010250810340958013,2.7987263662054602e-12,0.019206403340216074
2023-01-20,0.0439458832235335,0.0019238794425749924,7.361209721450934e-06,0.9923767038429957,0.6654433626029025,8486281244.20332,0.06725023525231533,0.018016966951582537,0.018386270798094007,1.5794459955981979,0.011753984058999965,3.1679741437435644e-12,0.02135856679471157
2023-01-21,0.024049374273923504,9.395272037256367e-05,0.00048441968259469007,-0.6751134048216921,0.8261357628413756,7675267204.16943,-0.019096069894971625,0.01880153226068285,0.01862950849972716,1.5197807043431875,0.011570480591215154,3.216367302121138e-12,0.021931680004888324
2023-01-22,0.008610709280618228,4.888461510179396e-05,2.525969921353092e-05,0.31863422173937356,0.5807901611831103,6244645504.84663,0.00031328994626240905,0.018995425570994394,0.01783464211794174,1.4136594930798163,0.011351569382338212,3.1260202490635667e-12,0.02198972984732787
2023-01-23,0.011107171165977092,2.429852075193214e-05,9.907073055838076e-05,-0.6060846524744867,0.8006519234537707,6458881282.473351,-0.0007557534391660223,0.019001938022211243,0.017395189970354205,1.228294357652258,0.011346773408910538,2.9789735687110555e-12,0.021992998838875424
2023-01-24,0.042848662359245886,1.692297531926392e-06,0.0018343155684447288,-0.9981565465341553,0.9691605497729241,7238645481.42649,-0.04456436453265791,0.020776264280073706,0.017307339937171356,1.4944540258936425,0.012036610580115067,3.258890132903714e-12,0.023867008701285067
2023-01-25,0.034369188483055625,0.0011549753194543422,2.626579752946122e-05,0.9555284739892417,0.8548191325358657,9396221038.91902,0.03499114636929346,0.02219446457040975,0.01752966674195601,1.3535027539888511,0.011785663943866832,3.191948794015455e-12,0.02499763503182032
2023-01-26,0.014401125817291626,7.669055779752609e-05,0.00013070186700793734,-0.2604304822660447,0.41981476064026685,6803196691.7946,-0.0066934029038517315,0.022517212937079353,0.01757691529571016,1.248360856942093,0.011454847219248776,3.1782323419793874e-12,0.025139414077969546
2023-01-27,0.026787423519574163,0.0006366911411475244,8.087491766951075e-05,0.7745854428989032,0.6719496831384614,6892435836.78376,-0.002257824379851878,0.022925828582584924,0.017840131707382807,1.4297433891484532,0.011446433076816746,3.0673152338996136e-12,0.025502457905633064
2023-01-28,0.008283770935854624,0,6.862086091770979e-05,-1.0,0.3570420104083409,3918631425.95445,-0.016133658035585214,0.023191786285153462,0.017811307523753487,1.4170012920719524,0.01100950196493241,3.140806294296919e-12,0.02555966003512817
2023-01-29,0.029516010471472336,0.0008379559338262995,3.3238940325764955e-05,0.9236934437702782,0.8323519289821623,8242123689.74398,0.04610429225939396,0.023471310542547127,0.01801308651916982,1.2544858562125352,0.011095790554955076,3.090953642723082e-12,0.02584871936688452
2023-01-30,0.03638500392458762,6.098709489728045e-05,0.0012628814156949765,-0.9078653289064231,0.6262930784541743,7994874441.45608,-0.04967408543276428,0.024420383618667173,0.018431857485493013,1.2492938556620106,0.011315792599540977,3.2526300512026112e-12,0.026801209195230578
2023-01-31,0.01713147224137959,0.0002032842713070444,9.02030698501151e-05,0.38530180215294346,0.4186232361199491,5443354538.36838,0.012117128848907624,0.024873931878199692,0.01834792598602578,1.2776188684395136,0.010786705686295637,3.248188787421661e-12,0.027009718374409283
2023-02-01,0.0313903877265891,0.0009383881644987933,4.696827712680231e-05,0.9046674378069398,0.7159883878998821,8138789577.81239,0.0351961753858648,0.024517293893774206,0.018559487156286743,1.3172347599506375,0.010417988413143448,3.149317835579833e-12,0.026541738333349142
2023-02-02,0.020172211505376864,3.023210587908733e-05,0.00037668601113857145,-0.8514093886963732,0.8798698522869352,10469433177.5439,0.0012174263895527628,0.024012304296557672,0.018681017925392805,1.4384564160654025,0.010356230623741929,3.0771041939165118e-12,0.02605254412664157
2023-02-03,0.014337967959814917,0.0001600107654401034,4.556655977657574e-05,0.5566966373499758,0.35907963230277956,7613169004.81489,0.012009214624684374,0.02356794171767223,0.01865374818944974,1.289148809688181,0.010569671138626951,2.991344424216468e-12,0.025726366290279266
2023-02-04,0.013295595837761172,0.00013632327973474098,4.04495889463512e-05,0.5423552353011315,0.719070215782152,4528626441.07317,0.0016515875507007497,0.023201972044143267,0.018502579475737812,1.0438398166927376,0.010794385021701916,2.7297509326738812e-12,0.025481399940438507
2023-02-05,0.020799656807951865,5.565611523428621e-05,0.0003769696080942921,-0.7427054738859552,0.5752308009321323,5915689068.446711,-0.022735562443453837,0.023427027184221554,0.018591468798442933,1.0940381683014044,0.01068706531851514,2.8953057252097077e-12,0.025643717283966038
2023-02-06,0.023245075303967883,9.648549426596978e-05,0.0004438480316211678,-0.6428668974128279,0.8213457096538208,6376859033.52747,-0.0093004420140586,0.02299286323902295,0.018554444662474776,1.0103845796133912,0.01048927772803684,2.8795105085267454e-12,0.025168580094666472
2023-02-07,0.019725493127741328,0.0003513200054821793,3.777507365039102e-05,0.8058311416602599,0.6427989304821718,7450540052.39308,0.034481555158747006,0.02302339217393487,0.01858975130526567,0.9987871052226491,0.010478260547318832,3.051957477110757e-12,0.02519210686385801
2023-02-08,0.013154111093616737,2.3913719111896807e-06,0.0001706392667520212,-0.9723589772347282,0.8704521914631776,6891130617.52701,-0.012190131558364787,0.022371941444069957,0.018300519052719205,0.9843539699026015,0.010653272540648295,2.980877343888249e-12,0.02466964913760324
2023-02-09,0.04038767214204184,4.9139357561295336e-05,0.0015820247034917672,-0.9397493376238666,0.672365117896272,10570920339.39659,-0.06611608209995656,0.023521141295303596,0.018478492986797466,1.245243641750237,0.0112455627035527,3.0599041864295874e-12,0.025955437502524964
2023-02-10,0.02177905455112048,9.175331043718686e-05,0.00038257390670349493,-0.6131223040908759,0.42716763454377915,7508443152.460199,-0.021205074656356376,0.022465578025188688,0.018626956824091913,1.2524458406634267,0.010226729446941104,2.817027117076361e-12,0.0245826749094147
2023-02-11,0.013228595223122449,0.0001681887598544067,6.80697172281139e-06,0.9222041399357473,0.9452842085308394,3199893749.52892,0.01665666891049664,0.021950302832293402,0.018654646888786992,1.1676091547937757,0.010413831344260691,2.94642622216885e-12,0.024188829917518376
2023-02-12,0.016108146658235907,1.0371891874351967e-05,0.0002491004968888846,-0.9200539839804218,0.9598136984380574,4044008570.62891,-0.015170024839540969,0.022307323659799004,0.01875575740439899,1.137752914322219,0.010056010532700293,3.122667423087805e-12,0.024370569118937566
2023-02-13,0.028950384305428768,0.00021146529102799376,0.0006266594604040225,-0.49538468905330596,0.6881269124889406,8822293928.12193,-0.006378920259927502,0.02315700047596337,0.018915348772567644,1.2975445281387203,0.009813238076704759,3.1515262601467914e-12,0.02505914235118962
2023-02-14,0.026940378489425137,0.0007175068780837045,8.277115069776159e-06,0.9771912438194932,0.8175014465275856,9982603577.18941,0.03273708905967237,0.02239946314882905,0.018806109574963866,1.1890309556716596,0.008776372011335177,3.0145245051549392e-12,0.023981092800567178
2023-02-15,0.045215987266191436,0.0020430562936966127,1.4292107597738107e-06,0.9986018871186336,0.472489349252639,9558331915.34157,0.0743762055992639,0.02291597737659742,0.019126052100464228,1.4062367905455673,0.009778064828868421,3.2077309849105606e-12,0.024823369785412844
2023-02-16,0.05032917848421066,0.0005831074482784089,0.0019499187586171241,-0.5395961978671644,0.7340458585938228,13211292223.81743,-0.021720895348262007,0.024626837027403085,0.019626529950691925,1.7450969134683365,0.011246608551471539,3.2391716724871784e-12,0.026961901886127397
2023-02-17,0.02347608743846335,0.0004620099185792451,8.911676283913159e-05,0.6766015297616107,0.7025736334957363,9986189969.91788,0.03308323351179777,0.024469154356874002,0.019031085887693887,1.7992212917092274,0.01123801145334587,3.3813296933392326e-12,0.02681451973612671
2023-02-18,0.007272168414035758,8.630692250016396e-06,4.4253741192082954e-05,-0.673601788342283,0.499031067020011,3708739130.00816,-0.0014413309994870233,0.02442098280821596,0.018955645845917923,1.585772690158395,0.011312778144831013,3.203780383815479e-12,0.026800543184603814
2023-02-19,0.018886222876009114,9.553399885029716e-05,0.0002611554156719928,-0.46432949809713453,0.7075256718711946,6100181496.802219,-0.006726083792192032,0.023914802446527238,0.019075175455165738,1.489451104155589,0.01131121712719589,2.9899167862991167e-12,0.02633949230732141
2023-02-20,0.013671121703686335,0.00015882650475683725,2.8073063880166273e-05,0.6995919885220302,0.5951230601054736,7148997088.38648,0.013734791109368823,0.0228331890074367,0.01914943337249383,1.1851629902897398,0.011143904360602653,2.7855347776873237e-12,0.025290857573817035
2023-02-21,0.022151243117760608,2.7846782426160715e-06,0.0004878928934195207,-0.9886496615967869,0.8760156365120545,8351819569.77419,-0.026472667636985112,0.023072225715835795,0.019274174839391856,0.8771845836864611,0.011069073255187351,2.8304703931188452e-12,0.025475821631412127
2023-02-22,0.025660330244984212,0.00027419497048219305,0.0003842575777994584,-0.1671534381702876,0.5686607264144959,9245679948.95379,-0.0104144573474512,0.022799365835759373,0.01954199395455727,0.8835989955616097,0.01092343951691379,2.6781806706181886e-12,0.025168445238662015
2023-02-23,0.02101784956979557,0.00012607603896347413,0.00031567396157508175,-0.42919733419459166,0.7012442058133957,8615177343.6624,0.004666290327505555,0.022839634315017406,0.019355604860142282,1.012385845802773,0.01091482575528548,2.698435533847811e-12,0.02520137490002423
2023-02-24,0.027989527221252353,2.581369285053548e-05,0.0007575999412186911,-0.9340994546738909,0.9546397179356301,8303467975.324841,-0.02613757243811695,0.023489708565562047,0.019741722541048886,1.0869288948922335,0.010788968820836695,2.773214741737022e-12,0.025741509504278018
2023-02-25,0.010789374264669234,4.6786051003756396e-05,6.962454601935036e-05,-0.19618914084823968,0.5189866948186465,4010474034.10132,-0.008448202213574268,0.023370364681129095,0.01984182027763785,1.0553565415357522,0.010920431354047484,2.8561592717095795e-12,0.025685616941595154
2023-02-26,0.01828513403515915,0.0003310627747278935,3.2833519558420495e-06,0.9803595633757837,0.8988547552123619,4564751214.9918995,0.02899936984971409,0.0232506255014723,0.019981277392178972,1.0084234380134738,0.010963727386315115,2.975665288715744e-12,0.025594353613204387
2023-02-27,0.01589344511149893,6.109014837329823e-05,0.00019151144913893097,-0.5163122563360617,0.7335834149927534,6870579195.6605,-0.004833333067851733,0.022900547873259493,0.02007633890570961,0.9051374369820744,0.011080660619415613,2.9397136251628955e-12,0.02532527228834753
2023-02-28,0.020509140331798466,9.062949146760837e-05,0.00032999534568179414,-0.5690720876978669,0.4694946254974626,5961137503.731831,-0.017230674681123423,0.022937864406786024,0.02028976430392134,0.8926323321918943,0.011070748415641367,2.8569726705025908e-12,0.025354897624075782
2023-03-01,0.024305919338435678,0.00040219001804419875,0.00018858769684234266,0.3615612366876064,0.5610930316999705,7331741626.01347,0.03654522837195557,0.023468902894634543,0.020558988714514666,0.846184543526416,0.010843101760254006,3.0100946963548308e-12,0.02574419451920686
2023-03-02,0.01606702757761085,0.00015188111163639176,0.0001062682635433158,0.17669168504213162,0.5882993975182871,6548059757.19698,-0.010375241027356197,0.022310776962994973,0.020742454085413423,0.8878861954323095,0.010227007753693071,2.7877114079046672e-12,0.024441397254136382
2023-03-03,0.004097519662259636,1.1828514205324852e-05,4.9611531772794725e-06,0.4090230539742921,0.43415272882741174,8180795615.35683,-0.0487822724510923,0.02146879911114446,0.02065044802930523,0.7594335591910379,0.010973573492482567,2.9371808855292813e-12,0.0239915484570103
2023-03-04,0.006835627829053894,2.1096895357220117e-05,2.5628912460115924e-05,-0.0969917335750021,0.4631930969149347,2838940116.034,-0.001786341347137182,0.021164372092379286,0.020638735728451846,0.6737188064726245,0.01129749718643096,2.7192688088122197e-12,0.023863912205618336
2023-03-05,0.0021811354742004426,3.5888877699655884e-07,4.398463179819032e-06,-0.8491224612959741,0.786082581740558,3930326242.67598,-0.001271520980485432,0.020501181083615694,0.020601310104803032,0.5027242030887829,0.011996312853983497,2.556044084352299e-12,0.023608409906016276
2023-03-06,0.011983181257016709,8.618943142966985e-05,5.740720160884672e-05,0.20043805493059816,0.5826531540968963,4310268929.36937,0.00070943973217422,0.01969321903369131,0.020617385843955307,0.38558661929765287,0.011970148018339122,2.5294511023546303e-12,0.02289725421852891
2023-03-07,0.010950175469043626,4.791469432653509e-05,7.19916484763097e-05,-0.20079800273254086,0.3996009986337296,6464685741.27135,-0.0024820416649532573,0.018931780794625524,0.020702502741176094,0.3395806456470446,0.0119946504955028,2.391571320179495e-12,0.02225832280439333
2023-03-08,0.016304316994124615,1.8996913479042397e-05,0.0002468338391658583,-0.8570751255072535,0.6532768592004442,6153983307.153851,-0.019062236622421562,0.017555034591193768,0.020888492179400316,0.4497688019661395,0.010377072887106478,2.168535551836135e-12,0.020266600325170962
2023-03-09,0.04632917010115043,0,0.002146392002261331,-1.0,0.575891443193985,9821140426.08169,-0.06429613576845358,0.017364558001524238,0.021502869322002228,0.8037187632752358,0.009764008635176756,2.4019923057148043e-12,0.0198071688067374
2023-03-10,0.032476398313807844,0.0005652092874409378,0.0004895071599961634,0.07177486198183991,0.5127778932518288,13998824363.90489,-0.0074278609005921,0.017793144233683496,0.021729375724380807,1.0681425627176522,0.010232000803350207,2.269502190289914e-12,0.02040353893781914
2023-03-11,0.03681813422190249,0.0005084983503613894,0.000847076657220638,-0.24976729798462358,0.6248836489923119,10335156488.57957,0.031229775999547706,0.019200094986439056,0.022270954693269496,1.2650033237134743,0.010732116291335875,2.394886583337602e-12,0.021870923292580845
2023-03-12,0.05869131019030207,0.003383449295333994,6.122059652026182e-05,0.964454883375018,0.5487414061923617,10289085088.51228,0.0709935471953634,0.02109557533473872,0.022827229441271028,1.6633760938692832,0.0137614937481813,2.670947789545389e-12,0.025007678322201677
2023-03-13,0.05690606787074755,0.0029736405972430532,0.0002646599632670727,0.8365439165872971,0.8605185657841037,15324628550.22331,0.05819985023013537,0.02315438229507497,0.023469318307059613,1.9800516679594016,0.015693678121265976,2.7603087009239103e-12,0.027761282106623444
2023-03-14,0.06019362820111434,0.002644695725413839,0.0009785771506001485,0.45983800608653325,0.7030357556635088,15496848069.26033,0.01542486656269017,0.02496592444190134,0.024304027345312278,2.0454656399716913,0.0176462669205313,2.6567690078046054e-12,0.03032919367824781
2023-03-15,0.03277234863148365,7.430699221453248e-05,0.000999719842608976,-0.8616291701375541,0.7166516762002473,12666499395.596321,-0.02992694397691514,0.0253045919841156,0.024207083904549724,2.0312774414970463,0.01772831657833584,2.7156390706643726e-12,0.03065369864980008
2023-03-16,0.012640259921103113,0.00014468541746225224,1.5090753410793449e-05,0.8111013259569954,0.6450708132553065,7617308540.09723,0.013689195763683664,0.02490565914370167,0.023919199251758918,1.8354791650906856,0.017922794459116983,2.7754238862864575e-12,0.030433894192012104
2023-03-17,0.0472615727569637,0.0016028292464356309,0.0006308270130261426,0.43516195891470966,0.30486353304424435,11584029077.18723,0.06741281599391502,0.025823375597783166,0.02429367529367248,1.7228889994260113,0.018570300996950825,2.9026463641015734e-12,0.031548075826083724
2023-03-18,0.023557749827471372,9.761291127000532e-06,0.0005452062858067268,-0.9648221210293654,0.5629916610379169,9841499219.83983,-0.017301635454266738,0.026431393481726122,0.02433457673566616,1.4445738828009551,0.018259887794977,2.8860508335585776e-12,0.03187733919320052
2023-03-19,0.02874566052298474,0.00029307711676634967,0.0005332358821363337,-0.29063897783153236,0.6248733873201955,8310885359.15003,0.012135200113918419,0.026929513790670195,0.024535722158788017,1.1855317427683105,0.018169003459167266,2.653063484927302e-12,0.03224270069261485
2023-03-20,0.028784338971478824,0.0005243713467958766,0.00030416682322911804,0.2657747482655091,0.6328873741327545,9477798166.4006,-0.027492768654231618,0.027543365879240667,0.02447892566384104,1.1431596383444633,0.017994424409279015,2.7576954940503428e-12,0.03266523073583872
2023-03-21,0.03750541417874409,0.0011727399598792888,0.00023391613283984958,0.6674153205597286,0.5806767989660101,10019890870.83099,0.03875508002378019,0.028352712252904748,0.02477132294454188,1.3506467207412203,0.01804437918174335,2.804234229952528e-12,0.033376206619962476
2023-03-22,0.053208026468489725,0.0002362119371845299,0.0025948821434869738,-0.8331302807651642,0.9057550067397606,10708921360.870739,-0.037652944949735034,0.029729003068621605,0.02518994913577537,1.371924449837553,0.018806414874126806,2.734306283180905e-12,0.034937843379957964
2023-03-23,0.04837801568156312,0.002235821449280333,0.00010461095200523505,0.9106054488497306,0.9271582165210835,9324634529.86897,0.04492590555250274,0.03126762154976219,0.02569984660268692,1.5296475718041176,0.018953952914940432,2.8882826970555588e-12,0.036329178832158346
2023-03-24,0.042210015575225225,0.0001531957385236875,0.0016284896763370683,-0.8280327859835342,0.8756683487515756,8679521189.99405,-0.03621364653282078,0.03308250230752246,0.02567229314795187,1.6020908842654902,0.018024148436201,2.803010613423081e-12,0.037468011546661496
2023-03-25,0.026961197383892136,0.0002338798049430638,0.0004930263594301283,-0.3565062000960267,0.639630635819511,4073640165.8913503,-0.004441535301838941,0.03404086276251476,0.025718512562395813,1.6043862327517544,0.01706851332291152,2.8249669416493295e-12,0.037897776056770575
2023-03-26,0.017459452539025262,0.00023230155102850722,7.253093193396844e-05,0.5241259643389324,0.6842312565642176,5109438055.6122,0.01799317110010197,0.034768401670363554,0.02585896880459275,1.465871710738992,0.015930267281327914,2.977254579674465e-12,0.03808583361306122
2023-03-27,0.03385699769930482,9.764098271684425e-05,0.0010486553104938879,-0.8296409343811876,0.8549092994076593,7455510896.43108,-0.033430319441367345,0.03581001197713918,0.02622007716226462,1.298762051928491,0.015057139018335776,3.1829394086835072e-12,0.03870760035015252
2023-03-28,0.029029255025391977,0.0007852535339164636,5.7444113412781764e-05,0.8636661355473367,0.6864566736631522,7259377635.49757,0.03313147406286217,0.03667092052744148,0.026000721490298685,1.1482989595516027,0.014047689254478054,3.3819878219597717e-12,0.03914967379705741
2023-03-29,0.018068623617938706,0.00023854393698499106,8.79312224617414e-05,0.461329783186226,0.6885628086030781,6711651489.12707,0.01110000173445386,0.036754935128575486,0.02574198236545556,0.9568991694498755,0.013924528988652126,3.313240021312183e-12,0.03918653834305001
2023-03-30,0.015849895008856703,0.00015798872292701967,9.323044886476089e-05,0.2577760033216444,0.4478376154454069,7462948646.57345,0.0004909810234041548,0.035303541076561494,0.02576497870182961,0.8797414406910092,0.014455046592167368,3.004624851534615e-12,0.03801760726362029
2023-03-31,0.021702446827607608,0.0004321988198148265,3.879737849030905e-05,0.8352539632807222,0.917626981640361,7182992018.54653,0.015525125238600572,0.03479049576769482,0.02568426478608411,0.9210859561518934,0.01474862187279641,3.082280422109568e-12,0.03765026241224962
2023-04-01,0.0050045445646221855,9.780999233296993e-06,1.526446706599246e-05,-0.21894053666914703,0.39018265813515157,3052725254.36357,-0.0005438619274149482,0.03327556292687195,0.025632213573842322,0.7023497256142618,0.016101759317771986,2.946873419448688e-12,0.036799235183986694
2023-04-02,0.016105072554171297,5.481791526761914e-05,0.00020455544670750246,-0.5773049718738879,0.46735380712686275,3949711148.2558603,-0.014540618562057118,0.031247646848960958,0.025419341543408972,0.607161170736208,0.015407526208365737,2.7936138602893457e-12,0.03467712391461066
2023-04-03,0.018479099499987117,0.00028459118920756926,5.688592912285482e-05,0.6668243576554362,0.43407878833713404,8135938230.19109,0.008953138015881549,0.02941779121225808,0.025135120838256586,0.6110914780895276,0.014460640899743395,2.6651683738753493e-12,0.03262757958464179
2023-04-04,0.0290763568258405,0.000844212054356782,1.2224719068194126e-06,0.9971080624960464,0.9798539323236016,7917928013.222219,0.03231234767677014,0.027936016384864086,0.025324722180867072,0.708970174207856,0.012627466789267624,2.8120995365495318e-12,0.03053327582977879
2023-04-05,0.01133370216517277,4.42586107396196e-05,8.419419402922234e-05,-0.3108969349596459,0.643360250698111,8002757302.09807,0.02032061744937849,0.026915128457896904,0.025006362092590627,0.6284291872916886,0.013075585307707707,2.820505124179849e-12,0.029786802415379295
2023-04-06,0.012345093562650967,9.361943057759207e-06,0.00014303939201284715,-0.877140931168065,0.7106564317055306,5695615572.83125,-0.01913883368991347,0.026901072917018234,0.024882122125245768,0.689911113372909,0.013091845781183713,2.8949412048234704e-12,0.029780906894780534
2023-04-07,0.016073730391854817,5.644456359966385e-05,0.00020192024511037337,-0.5630630666654639,0.7481231594528717,3892274987.5975,-0.004536442527634248,0.025415937566298757,0.024909673909881323,0.692934643760609,0.012418316601660748,2.673323922377753e-12,0.02815743095207271
2023-04-08,0.008192588529955198,4.397539952622894e-06,6.272096686853059e-05,-0.8689619253795159,0.7213233267281524,2670491237.61519,-0.00800888163481687,0.024684263218797988,0.0248286737938844,0.6159926313830815,0.012973512131204182,2.7324192047393104e-12,0.027741845823955974
2023-04-09,0.014188279179365531,0.00012048884927035325,8.081841680126418e-05,0.19706408637518252,0.568786195575659,4411928549.86057,0.005305138122167748,0.02399105458338755,0.02472373129184335,0.49658037214037376,0.013133582471677802,2.7201475854606877e-12,0.027200143969587424
2023-04-10,0.01870453188299873,0.0003485823555689029,1.2771573932130702e-06,0.9926990272043774,0.6440033862157802,5789773602.66807,0.027112637342288616,0.023511063769650405,0.02465165917405019,0.563628779514828,0.013133836650113214,2.80500922832357e-12,0.026777856714109594
2023-04-11,0.011000794117963722,0,0.0001210174712258252,-1.0,0.8506536800675464,5992414574.57517,-0.01054304357497972,0.022248939004851337,0.024513171888180703,0.5567829020399642,0.01299454918237307,2.704608449473608e-12,0.025609231215786375
2023-04-12,0.02380866103150453,0.0005345672454034162,3.228509470966624e-05,0.8860899305691297,0.7858503609985648,9820582527.1319,0.014699075664256317,0.020848969222137758,0.024682291728464634,0.6155345990205019,0.010908656154721204,2.6084525850840822e-12,0.023409649467664412
2023-04-13,0.03447846480520714,0.001188764535323907,0,1.0,0.9048158516731308,11737826015.50057,0.048341413098726485,0.02018708584707319,0.02458849478661012,0.8185594299598467,0.009483381388714995,2.5751406587233597e-12,0.022207439322181326
2023-04-14,0.03119369349711474,0.0002591187355232326,0.0007139277784687058,-0.4674072990402196,0.7317851404186343,14466877844.1142,0.042797971203582294,0.01966249908144888,0.024737933500038597,0.9533603418860056,0.008452950409943613,2.517332690788616e-12,0.021322845657211865
2023-04-15,0.006252885973350038,1.957872646977295e-05,1.9519856525944704e-05,0.0015056797284621263,0.4696116931645313,5490344951.01392,-0.004089751033862735,0.01867638901428021,0.024627207956391416,0.8656984397326786,0.008761202728798503,2.5008844806764453e-12,0.020540472364357226
2023-04-16,0.013202576672698163,0.00014430701560748895,3.0001015190984768e-05,0.6557701322933256,0.5943969564841518,6115423203.35783,0.012776675306442935,0.018473680639693204,0.024581087797890817,0.9030975994166244,0.008839661328016177,2.432679656884889e-12,0.020388613362557918
2023-04-17,0.008593177067434255,9.84539707772122e-06,6.399729503455677e-05,-0.7333413288141968,0.6141760586463861,7103102832.76539,-0.020799398853756187,0.01727064156198508,0.024257957524271855,0.8000262862837776,0.00834678618239688,2.3585957896062188e-12,0.019095191429989614
2023-04-18,0.021215910046425313,0.0002865153631363605,0.00016359947596165006,0.2730767273103521,0.2597498328242571,7413341871.08492,0.013787445113575734,0.01689857751536762,0.02416709294581154,0.6879195333706878,0.00796168914105242,2.2298272147704803e-12,0.0185992450467315
2023-04-19,0.052235812972230934,7.18808043676356e-07,0.0027278613488262134,-0.999473126679554,0.7620525559313066,11407976091.09683,-0.08451753529300302,0.018525586532238677,0.02427851875066931,0.8408907233244977,0.011089478698897714,2.5038650614185578e-12,0.021455019658965867
2023-04-20,0.013338334085769026,7.063161910676384e-05,0.00010727953707682396,-0.20598999386099692,0.48973407220090565,8732216194.09306,0.0047897607403767795,0.01840598839304403,0.023691362490376587,0.9030497211515345,0.011133235471030768,2.5268520568451686e-12,0.021373511893942636
2023-04-21,0.03571992834697611,1.1039759396495845e-05,0.0012648735217166119,-0.9826951258209888,0.8406267306637322,10453785961.75719,-0.049665888629776125,0.019073487513013958,0.02388570917146409,1.073904430286929,0.011744206791025823,2.6501674059346565e-12,0.0222521099129077
2023-04-22,0.009716115453833654,7.203407557121685e-05,2.2368823941008303e-05,0.5260987944949393,0.6582562451159617,4160733028.8103,0.013640239430052265,0.019297848031547837,0.023924501981619613,1.0923751718801984,0.011504555681747458,2.7977945411847586e-12,0.02232619829910652
2023-04-23,0.014919900941102425,0.00010960973037743327,0.00011299371371487578,-0.015201846275295016,0.3075472202467809,4883738761.28466,-0.0064797934707428225,0.019241411288068364,0.02386154449058935,1.0481112173544156,0.011523892022533122,2.6856693764387872e-12,0.022286950935926985
2023-04-24,0.01838662678389441,6.0581519313699676e-05,0.00027748652517652365,-0.6416016225073787,0.4381801503394142,8559463422.76587,-0.010863066616445533,0.019237007825397286,0.023936393777576778,0.7677869509561178,0.011524215541689217,2.6937020516143045e-12,0.02228330866749557
2023-04-25,0.02310167817002088,0.0004280389745174044,0.00010564855975381478,0.6040808414306175,0.44667350323293054,7632322493.545731,0.013063405604921334,0.018952499317977302,0.023951480048247577,0.8520894107663926,0.011341459161500417,2.580877305544726e-12,0.021947682117118957
2023-04-26,0.07760991310116279,0.001605131115417253,0.004418167496152787,-0.46702588766428177,0.7334775092667537,13832491013.22545,-0.00020373041175768383,0.022108509362548257,0.02477607660152025,1.1490342572402954,0.016950002437294522,2.460664276195847e-12,0.027611731084723982
2023-04-27,0.01870148901457956,0.00024018661920328292,0.00010955907215915712,0.3734929415006202,0.39767582024138215,10425583648.13769,0.02260546333535392,0.02241119486025914,0.02473930897365968,1.220526223915077,0.01682321485824659,2.403902063817653e-12,0.027781379443697962
2023-04-28,0.014315576524492859,5.958673751302795e-05,0.0001453489937155831,-0.41848366650559904,0.3811597624657649,5966985911.23344,-0.009242234300797517,0.02232747324752762,0.024522262137203182,1.2169753603316644,0.016860663611209793,2.4221590144237774e-12,0.027735551229602307
2023-04-29,0.006128801885188554,3.155308683029602e-05,6.009125717594759e-06,0.6800441023045014,0.40668343209738383,3028671705.69795,0.008890960668135538,0.022229197693014922,0.024448284797846345,1.1297396477376878,0.016952932956212283,2.4191384429319727e-12,0.027710167076823132
2023-04-30,0.02296048882940128,0.00011333411041424713,0.00041384993687081393,-0.570039681595431,0.6607851875295423,5678023570.39942,-0.020448768638547603,0.02264692196206424,0.024522496778707333,1.1296222209315605,0.016852674517232526,2.533373450350489e-12,0.02798877098745134
2023-05-01,0.016488214581331734,9.718436773443958e-05,0.00017467685234560078,-0.28504427585643205,0.4832089278177511,6871929627.84383,-0.020788228528142647,0.022541383042937242,0.02453193756394277,0.6352659337224014,0.016885505762352936,2.4544326895411106e-12,0.027922340463597276
2023-05-02,0.014805112084094968,0.00021808381179820168,1.1075320244131303e-06,0.9898943817296961,0.8299671102621795,5666257518.06199,0.021210958567801287,0.022722541041324446,0.024441397433026844,0.5994488092970339,0.016775550080391576,2.5489080415011053e-12,0.02800592871659811
2023-05-03,0.022045604690244597,0.0004638236471844685,2.218503897406616e-05,0.9087051750065659,0.8161517035924235,7762176084.360519,0.018829634612261677,0.022638585977454925,0.0244055194227381,0.6548212704616513,0.01677425434807331,2.5931488489297756e-12,0.027937114122110307
2023-05-04,0.011944331407152543,9.683166110815688e-06,0.00013298388665307497,-0.8642550480545635,0.7284103041746394,4990059178.6805105,-0.01513437176597116,0.021565532006118993,0.02434007980098479,0.6965188024487582,0.01669957512558674,2.5414571541562146e-12,0.027030874562907207
2023-05-05,0.03023671382738226,0.0009136406370620742,6.18226016935456e-07,0.9986475908697161,0.5172909151635627,9793284393.60356,0.06020376948705248,0.021519961545655542,0.024754987644875624,0.745006065828888,0.01667327274109498,2.693319654340007e-12,0.02697904312030709
2023-05-06,0.03503787105133046,0.00012155841155733077,0.0011060939962523302,-0.8019660764170021,0.7427894614571822,9391662414.45572,-0.05004336434363996,0.022890675120797465,0.025202642299197477,0.8759695829147783,0.01653806939918517,2.9115858292111088e-12,0.02800833034775557
2023-05-07,0.024788258485875677,0.00010163993536988819,0.0005128178233926992,-0.6691719360023264,0.8223452401834188,6096392897.08655,-0.013706121915086076,0.0234423742547583,0.02556148552160502,0.9474885909904135,0.01639131561149071,2.9191563149188487e-12,0.0283800295934384
2023-05-08,0.02399699766536668,0.00013882088309608012,0.0004370350138555339,-0.5178624241552415,0.653870575923198,9079925715.77355,-0.01236274676375036,0.024175889521326512,0.025752181020150255,0.9762696386442145,0.016034360857167775,2.8445531727144804e-12,0.028798115744455826
2023-05-09,0.008989008530288467,5.56447395221442e-05,2.5157534835454638e-05,0.37730626927362565,0.6038521771008448,4627725853.77786,-0.00040082983143898613,0.023593656115796186,0.025721051386201763,0.9680524258870534,0.016365780652313495,2.760115066349278e-12,0.028491141743081976
2023-05-10,0.019207086690971608,0.00018417572327194252,0.00018473645588255622,-0.001519962317044757,0.4194468711954278,9053981839.2211,-0.003223306079726149,0.022020859626212405,0.02576712709567552,0.8915738806326168,0.015006160242334447,2.4242757520048647e-12,0.026445793919419727
2023-05-11,0.01641457380024523,2.916634601670242e-05,0.00024027188702699468,-0.7835025438875093,0.6117985061671029,7238023894.70517,-0.02566544222806289,0.022167347231663654,0.025292292233756394,0.7647940858707774,0.01493199662534251,2.567009198001795e-12,0.02652806906391513
2023-05-12,0.017252134683288237,0.0002915879294345503,6.048221695766607e-06,0.9593582857942653,0.6319620826757619,7571365343.22157,0.007378262141296215,0.021287928485773756,0.02505063725549418,0.7226370783184293,0.014634781173543922,2.387175875504933e-12,0.02563501166417865
2023-05-13,0.005260570340979309,2.5619969477541247e-06,2.5111603364637042e-05,-0.8148418045477832,0.7074719379606056,3228545808.33887,-0.006714882616509817,0.02107575967087593,0.02454972354309857,0.5875810174503218,0.01484176610865318,2.330105464285685e-12,0.025572959104225558
2023-05-14,0.015880250631491063,8.935703581879042e-05,0.00016282532430018188,-0.29133000597952713,0.6354039673172277,3725543210.17867,0.0021209742161353105,0.021121490608513486,0.023870182915180935,0.655988578281732,0.014823318157998438,2.294033846248883e-12,0.025600483533659794
2023-05-15,0.007624215439325574,5.898389581156205e-06,5.223027148409426e-05,-0.7970574421270376,0.800877018170691,5584428011.28594,0.00957442936114447,0.020608994830200685,0.023087931289285348,0.555387626697532,0.015105953281305904,2.3152413524907173e-12,0.025338790624799473
2023-05-16,0.007798983668145795,4.58056010773787e-05,1.5018545178626153e-05,0.5061650313869075,0.38288575383482737,4647961186.01632,0.004380222936465923,0.019880295092016154,0.022256270264952516,0.49317161923535785,0.015346869936573797,2.2786131043652513e-12,0.024890500319122252
2023-05-17,0.022072107548228075,0.000306359482659995,0.00018081844896055172,0.2576903130276121,0.5978231895679597,5716856398.18019,-0.0010260153375819252,0.01723563768473355,0.022086425168392904,0.5379522106738338,0.007860486990395951,2.2864580352521024e-12,0.018865635739431518
2023-05-18,0.012447510524460545,8.809833817257237e-06,0.0001461306844392988,-0.8862810849429379,0.6089323334030584,5507830657.71073,-0.012128255939759174,0.016937829185204072,0.022083365654160483,0.6115078817591846,0.007920416870831929,2.2880644139541924e-12,0.01861815713324898
2023-05-19,0.005409872899465432,2.5032926493526308e-05,4.2337982948442115e-06,0.7106749507873487,0.6520702958590109,3879976465.72274,0.006474557866194866,0.016513748060202765,0.021419052958009714,0.5237133871781023,0.008297291408803975,2.293769921570725e-12,0.018392133760265047
2023-05-20,0.0038563394558208276,1.1891827516202135e-05,2.9795264823183422e-06,0.5992931803499844,0.35172706454440567,1872602029.56196,0.00397248984512446,0.016405535563566206,0.021106332158459706,0.5013655647727187,0.008452863039052478,2.2549973954800562e-12,0.0183627358305265
2023-05-21,0.005634324602581374,2.698775051137645e-06,2.9046838676116113e-05,-0.8299749329576996,0.5775320208685095,2530470510.36566,-0.008116031387678612,0.015580480124193833,0.020739485556548542,0.4995762369023624,0.008624889559726404,2.236232281081046e-12,0.01770869167448025
2023-05-22,0.00600575379506754,3.606798678817166e-05,1.0918587965053729e-09,0.9999394573503143,0.8440045834290989,4115022438.7203903,0.007054167136249284,0.015081315324847919,0.02037792071247852,0.34964574084949174,0.008869592226668352,2.1738110531669056e-12,0.017388776944072506
2023-05-23,0.006869808200286726,3.0735204593699002e-06,4.412074424935685e-05,-0.8697502555304534,0.7496673469550965,5428836551.9576,0.019989548550425843,0.014703443711333239,0.019891641252503006,0.3004506898287705,0.00904916394008785,2.1708931871217447e-12,0.017151653754377338
2023-05-24,0.013923974526453376,1.613852951134415e-05,0.00017773853710197836,-0.8335179111871793,0.8283110567730694,6525113256.73166,-0.029863590857242994,0.01431669941781937,0.019268084872470684,0.39721469613632643,0.008891868787104816,2.2733168558997123e-12,0.016741212530993484
2023-05-25,0.011678330201528054,0.00013118363039978545,5.1997658961368015e-06,0.9237478162685663,0.6872505802708692,5185691223.35058,0.003224654451410347,0.014304032693742015,0.018685550182311397,0.485389876071486,0.00889560594709922,2.1585041269544764e-12,0.016732273463917667
2023-05-26,0.012677558810007346,0.00013568742704411663,2.503307033707828e-05,0.6884893869173992,0.6348107306620797,3959307938.13433,0.012204609201206923,0.0134678824548194,0.01821678102730794,0.574038565002939,0.00811402828700547,2.01255442714425e-12,0.015623258173389434
2023-05-27,0.004027129592966278,5.2949416561974e-06,1.0922831102347338e-05,-0.34701987319342253,0.30456594829277817,2181720432.26159,0.0011160776504143934,0.01199118048061158,0.01785274820522975,0.5650463118813991,0.006688867184577125,1.7831768127006477e-12,0.013652795771508379
2023-05-28,0.032501712877040144,0.0010482383854983983,8.122954443158796e-06,0.9846208789814134,0.9864622871036627,5415391316.17548,0.042556880456560205,0.012358487832571794,0.018091514242341098,0.8478424178405519,0.007579255931367872,2.050332548717065e-12,0.014402842082509483
2023-05-29,0.007740246187666408,3.8061722246843634e-06,5.6105238820999996e-05,-0.8729399906210844,0.8752988650392733,4704184612.1712,-0.008874069382740735,0.011584356809824161,0.01767696263104525,0.7837622999034222,0.00714909364387609,2.0753265097360012e-12,0.013523057162142244
2023-05-30,0.01271259636035342,8.943005701979138e-05,7.218004920147963e-05,0.10673842262496651,0.4818444430664432,4200115983.3063,0.004378429285679096,0.011761670516017732,0.01741796804906051,0.802440320371462,0.007127649146847065,2.120842677108947e-12,0.013664591724748851
2023-05-31,0.016758686626612028,3.729331598513172e-05,0.00024356026146385315,-0.7344287630311152,0.7959944025676761,4967704528.00343,-0.01429788581173596,0.011645080036762514,0.017397175398404532,0.839975055870947,0.007018967641560103,2.2409454265552464e-12,0.01351028498056918
2023-06-01,0.00670140747397166,2.5936650982025122e-05,1.8972211150178102e-05,0.15507940974645543,0.4129777869822187,4857143174.4757,-0.006567693102952735,0.011182548306939964,0.017251961310549215,0.8782775684395299,0.007008984645048813,2.136481312483083e-12,0.013108620272587194
2023-06-02,0.010760211561709481,0.00011200956773255623,3.7725851201901605e-06,0.934833045901501,0.6464657836292288,4992858140.85456,0.023892782454252602,0.010873409110674307,0.017078275036487338,0.6330703492866298,0.006869675744680373,2.317952561014893e-12,0.012774044435776405
2023-06-03,0.009956513521720408,1.2686633218459208e-05,8.644552828974214e-05,-0.7440460688954184,0.8713540494011832,2427982701.83077,-0.007733477236096488,0.011097025452614359,0.01715687771834604,0.6711145369794874,0.006753279001979013,2.3705857852561105e-12,0.012906548720535713
2023-06-04,0.008882229256099376,1.4760455058247388e-05,6.41335414996603e-05,-0.6258155068259647,0.8070747144711453,2939610066.72539,-0.0012488624276256527,0.01076378633950047,0.01704222941202744,0.6274404732900447,0.006677685265924797,2.3637064259631106e-12,0.012582812604474441
2023-06-05,0.028198805754200036,9.522649755930244e-06,0.0007856499962071748,-0.9760488497579126,0.9134901543564403,7829891468.02886,-0.0424606240513987,0.011743528735446873,0.017196510463681612,0.7509909092173251,0.007634771798678719,2.5402969460089196e-12,0.013907713890266238
2023-06-06,0.031215151681877752,0.0009569949902902398,1.7390704232395653e-05,0.9643042702080811,0.7293982945532927,7988336481.22652,0.03966089795302409,0.012858584355148396,0.017230459588380615,1.0214087130363405,0.008669686104474645,2.7318423780299577e-12,0.015392447385758509
2023-06-07,0.020762420628261974,3.7886904071701206e-05,0.0003931912062731772,-0.8242225565970385,0.6633408688466612,6871014307.4862995,-0.027972759927421723,0.012796218311340484,0.01738012178620743,1.1226880292786996,0.0086045600736277,2.9171592026769487e-12,0.015305424413017688
2023-06-08,0.008692609362596831,5.662595645049178e-05,1.893550108021431e-05,0.4988052983885483,0.559436239876119,3381316556.27167,0.00740973832984351,0.012617413494108878,0.017322145846524032,1.114142645222634,0.008651056860525676,2.9166532204958238e-12,0.015181438047495313
2023-06-09,0.008955418465897745,4.488188963219757e-05,3.531763026714477e-05,0.11925581820261287,0.4034405813984214,3552821831.1682997,-0.0028877437601354354,0.012786248997272324,0.017209156768334236,1.1253978167868368,0.008537208701544315,2.8758957091402947e-12,0.015261108491380923
2023-06-10,0.054807062041127015,0.00011109895030625182,0.002892715099273694,-0.9260280773227039,0.9516419984842961,9774108050.693571,-0.049572157269229325,0.015212473882286904,0.017949069046289345,1.373810879072123,0.012288340371418382,3.016391371677061e-12,0.019370906972498613
2023-06-11,0.014901121013280708,0.00014917448319258254,7.286892425985338e-05,0.3436515400668882,0.6697120627102295,3559919133.52975,0.0006566832025160828,0.015653749901844014,0.01796038399603403,1.2035578546595083,0.012092007615832807,2.872445880859986e-12,0.01960341390264447
2023-06-12,0.010966896031462852,5.5739204775092414e-05,6.453360378982323e-05,-0.07312042613509072,0.5365602130675454,4546659536.76596,-0.005833857978557446,0.015889994770243793,0.017837564379342984,1.118920045180618,0.011941615656096029,2.8519154549095952e-12,0.019705419002473877
2023-06-13,0.015073785173283167,4.531845135568979e-05,0.00018190054809460164,-0.6011033279318345,0.8002165450382357,5193391874.7618,-0.0013559947378306624,0.01628066034038648,0.01790221503101472,1.2100359531627198,0.011764652801009683,2.689010435493528e-12,0.019921750537523646
2023-06-14,0.04668292561719045,8.494995742424623e-06,0.0021708005484377116,-0.9922039066567995,0.9640959654629563,6743167988.43778,-0.052563863328770256,0.01784061039232634,0.01826529859586688,1.5843523128730854,0.013482919841499793,2.8422681857913635e-12,0.02216799227504184
2023-06-15,0.017707490614920458,0.00026045465334746513,5.310057053003099e-05,0.6613000423123104,0.819045588798106,5417639691.08114,0.009319001161825734,0.01812771326915455,0.01799909265633852,1.1667995884498286,0.013409130440621166,2.894567473025297e-12,0.022357473810801512
2023-06-16,0.026300464281501953,0.0006703567205809735,2.1357700841586655e-05,0.9382470563569775,0.7937855533877843,5225967567.419189,0.0305496791250777,0.018776423053511435,0.017921422351328792,1.2722774827620817,0.013461701131139406,3.0261501060566916e-12,0.022915978271830905
2023-06-17,0.01661088133649788,0.00022484825244238507,5.1073126332828513e-05,0.6297994264921636,0.8145712317276512,3756474597.35009,0.005742487133343002,0.01937564932701294,0.01808583497614066,1.3393943839930162,0.013045986634902898,3.074584964096303e-12,0.023184238148724497
2023-06-18,0.012506566072366485,1.4532637323794443e-05,0.000141881557598674,-0.814177513351675,0.9070887566758375,2834954534.14003,-0.004177333629266065,0.018423499479171337,0.01807478718883381,1.3605992739733708,0.012766768835562058,2.770537572998343e-12,0.02224082445826778
2023-06-19,0.007957365759042608,5.737710637275303e-05,5.942563450430698e-06,0.8122996071513026,0.8552787945339322,4467229390.33761,0.009386099809114383,0.018433838506379727,0.018064694945843465,0.9255268992164712,0.012757769278689712,2.780760459596942e-12,0.022244472810577152
2023-06-20,0.02920133241644337,0.0008510712346115273,1.64658028409905e-06,0.9961380417874801,0.9562110441604668,6080886439.10825,0.031281873264584564,0.019219016413812583,0.018191447681875497,1.0633176408685987,0.012894714540273152,2.97608620016314e-12,0.022972297697656654
2023-06-21,0.023018951703895393,0.0005298721375462686,0,1.0,0.5953490025950793,9829732060.96629,0.05270155891989824,0.0195171242746356,0.017727687979203505,1.0127318637744451,0.01290734928794308,3.094337465762535e-12,0.02322895796588948
2023-06-22,0.018259802358527297,4.372420837303407e-05,0.00028969617379944493,-0.7377232424236413,0.479466171943091,5950906236.05417,-0.00901151414628264,0.02006752403104301,0.017805806523215544,1.028187370830803,0.012575710390225038,3.1020583004875245e-12,0.023522821514276347
2023-06-23,0.022061965868144,0.0003944868933860641,9.224344458108677e-05,0.6209669404773687,0.8104834702386844,6453773157.88428,0.011069390336121586,0.020605702807539893,0.017589013467995983,1.1322972202279118,0.01239806276180102,2.9558577948699747e-12,0.023895341204587646
2023-06-24,0.01517167241891367,7.235989903382875e-05,0.00015781974495299704,-0.37127455946564736,0.32411152859254466,3321937126.86462,-0.00940888566316659,0.02085404370740624,0.01767560961029884,1.2226820600576283,0.012225112517840005,2.9390579852019415e-12,0.02402556321071725
2023-06-25,0.020038834958177036,0.00011321337289217406,0.00028834153358888397,-0.4361250675067296,0.7180625337533648,5289332862.4929695,0.012616992277765764,0.021385310645600415,0.01775686253120479,1.1831067564606106,0.011917383542064267,3.0324163682024725e-12,0.024343222728854245
2023-06-26,0.021319363642673984,6.701089174385975e-05,0.00038750437438470964,-0.7051324928439069,0.7708847408746148,6370416998.95966,-0.02136168971581298,0.021057718164099175,0.017803413909915574,1.159666090818781,0.011814837260142244,2.933862844987886e-12,0.02400772194179375
2023-06-27,0.014167190249777993,0.0001661022436346457,3.460703593875894e-05,0.6551526066725555,0.7662477703362602,5325411157.57672,0.016498069808780845,0.020245910476856328,0.01766159664134029,1.1108271202317903,0.011666777281667075,2.844964710232915e-12,0.023227763103434725
2023-06-28,0.01815813107180723,2.947286896988337e-05,0.00030024485505104784,-0.8212236296523,0.667384859578101,5721684180.26515,-0.033256480132034104,0.02012189668845372,0.01671791756150925,1.0514547352501191,0.011674850994968008,2.9278805824432843e-12,0.02312363063461788
2023-06-29,0.016827363929230975,0.000182916202181035,0.00010024397462574871,0.2919627628700707,0.5282044593728699,4161267238.70473,0.013011098472942233,0.020509265953531537,0.016688169544281498,1.0775641714294977,0.011408586894354275,2.9724205216604346e-12,0.023336408186031957
2023-06-30,0.04569360770064533,0.0016450198240248223,0.00044288596067565183,0.5757605885083679,0.7519285293256602,11262001146.78503,0.04346200967445723,0.022258703536138562,0.01718623353120455,1.3440494436057768,0.012328028242635484,3.1174857616707755e-12,0.02530203563458333
2023-07-01,0.0014883265164312518,2.2151158195123856e-06,0,1.0,0.5814490301715983,3044484799.23761,-0.0048425240450758935,0.01971971613020067,0.01711257519201793,1.1290994840822202,0.010668277576999388,2.9517146082090684e-12,0.022299321171141154
2023-07-02,0.013175129546187037,0.00016715976068712454,6.424277871686128e-06,0.9259807765158135,0.9091665991635409,5000254512.61926,0.007048610532814936,0.019637526060339066,0.016957252028792304,1.1272382632023255,0.010713808436997891,3.0100567314408103e-12,0.02224751976510572
2023-07-03,0.012683656774005942,0.00011219529028523937,4.867985887554748e-05,0.39481195039148853,0.6233861848766696,5455730800.616779,0.00889365148384542,0.01971927657188874,0.016896862222326815,1.0617399751999683,0.010650704087943176,3.0265824415932673e-12,0.02229093045364076
2023-07-04,0.014507779973626922,3.801781709320348e-05,0.00017245786266996692,-0.6387438478784669,0.514131242623615,3733154567.49133,-0.009910843141769425,0.01969232394333368,0.016892142665017797,1.0506047643612717,0.010663755910817398,3.140568976201622e-12,0.022273039297580545
2023-07-05,0.014759769905292893,9.091793837140291e-06,0.0002087590138200495,-0.9165319244402607,0.8507792512616957,4386390984.97652,-0.013438937435864738,0.018172173671338557,0.01677649449382809,0.6934528818611195,0.008722451832176742,2.9152666550354083e-12,0.020067041367400194
2023-07-06,0.027247457257164102,3.7005674372253205e-05,0.0007054182526087315,-0.9003112021921647,0.6106015439689517,8025247594.29251,-0.03465870110219575,0.018626457797159685,0.017019401253352082,1.0064409968987238,0.008942690606597843,3.0390088467099486e-12,0.020569600590102738
2023-07-07,0.008744955799549805,5.7795062322569175e-05,1.86791896135106e-05,0.5114907530151872,0.5286169202985327,3994359583.46465,0.01356213970672548,0.01779048120278101,0.016678262237037285,0.9673350752927491,0.009009750323178713,2.9223220210883578e-12,0.019844679828821307
2023-07-08,0.012192715326519457,9.987452049985788e-05,4.8787786533684597e-05,0.34364281696937915,0.6718212137037551,2127599970.73217,-0.0029723274303108203,0.01758009234516299,0.01631564071759584,0.9580677291919759,0.00908990102196299,2.9160526163740836e-12,0.019691403243832187
2023-07-09,0.0038081576593630177,2.2261101888684865e-06,1.2275954569696732e-05,-0.692994035548807,0.7114718172836533,2455983243.42244,-0.001416970604153954,0.017165882420734253,0.01598262324415913,0.8390347324471419,0.009520631703935037,2.8733591137348798e-12,0.0195190584103642
2023-07-10,0.019931910047404876,0.0002750071614162007,0.0001222738767216388,0.3844464498241921,0.6146026831673667,4599947109.42808,0.009371518542707522,0.017736098815418173,0.01591809804387402,0.900726126784962,0.009297512057239343,2.8703214536641543e-12,0.01992226301221594
2023-07-11,0.009419155201916694,1.612857555383491e-05,7.25919091639594e-05,-0.636418227309345,0.8182091136546724,3168583574.5677,-0.0008996516453171373,0.016794090376631186,0.0159249257688205,0.6830440864559265,0.009077333310947221,2.638875440268999e-12,0.018987251993939087
2023-07-12,0.009827086978784288,3.126667307813773e-05,6.5304965410454e-05,-0.35246675799476374,0.5142665510662765,4739014879.90064,-0.0036548285700885464,0.016165906342102087,0.015776036884500067,0.693375839101603,0.009081472677260553,2.420293395887534e-12,0.01843589925073793
2023-07-13,0.04215662057585152,0.0017771806583763078,0,1.0,0.5809766898246074,9872664104.00889,0.06915749162635233,0.017303850066736574,0.01618464080157318,1.0412496176816892,0.010708413774411894,2.6817523357080607e-12,0.020214669686304514
2023-07-14,0.04692870702083594,0.00017620094963140804,0.002026102593016048,-0.839984864738862,0.884360124125417,8269315805.5465,-0.03452319373398068,0.01848798059781714,0.01665569750534378,1.5081778924039273,0.01248789319189621,2.7988796558607444e-12,0.022143324787710455
2023-07-15,0.006575370488699095,3.361664671238409e-05,9.618850351270877e-06,0.5550484669062927,0.7775242334531464,2150367734.53819,-0.0032789118988449414,0.018078632886854542,0.01667656734895838,1.3527477990287249,0.01274037485830122,2.73661610295742e-12,0.021941393082928796
2023-07-16,0.007221694098793896,2.0726461758252712e-05,3.142640389830186e-05,-0.2051649896002288,0.40984639936456196,2450221634.39045,-0.004896968530425429,0.017468292845931536,0.016539129943677473,1.346495078807427,0.012947105746095,2.7181978334078832e-12,0.021558908553064117
2023-07-17,0.020250200701375762,0.00017296554776043515,0.00023710508068556428,-0.15641094113029216,0.42179452943485396,4862622170.96846,-0.005533326223003161,0.017417380324917336,0.01673954240815446,1.4596771249726117,0.012933299608501434,2.612705765427775e-12,0.021509768168931145
2023-07-18,0.007284096371029682,1.0610413135111665e-05,4.244764680733612e-05,-0.6000451902455232,0.5414460917451314,3773730051.42879,-0.007307950135181484,0.017089613949738843,0.01673136959391452,1.044346667578173,0.013105854487022584,2.5573982621813515e-12,0.0213457048659103
2023-07-19,0.011996353461406806,4.738933452849689e-06,0.00013917356291815738,-0.9341414599517098,0.9171107055567742,3896411754.63565,-0.004714571552053854,0.016796195968291204,0.016571436989361803,0.6259814533378223,0.013149638842784766,2.338237270614312e-12,0.021137437125612387
2023-07-20,0.020626579046878136,0.00011678601456010608,0.00030866974861700603,-0.4510074857700801,0.7254318726406465,5094834736.36539,0.0015933896243563036,0.01697711097389345,0.01670126347384462,0.7794884846872281,0.013176197406642252,2.204238730562203e-12,0.021297117845909708
2023-07-21,0.00485940663479121,4.836753562817295e-06,1.8777079279435535e-05,-0.590345743943544,0.6778393627047558,2693663745.42729,0.00014809329904884034,0.015032625208852776,0.01669252591408789,0.7529919898205553,0.011651273779010396,2.023086610886366e-12,0.01884854402301176
2023-07-22,0.011249296382259313,2.9776924689177356e-07,0.0001262488998490207,-0.9952939220128173,0.9547976736017045,2154869158.92295,-0.013438457605781223,0.015497433297701733,0.01680987443672977,0.64601720275127,0.01127247130327032,2.2443119841894104e-12,0.019004950985031018
2023-07-23,0.008649990685609545,7.458402147830881e-05,2.3831738282307606e-07,0.9936297799173216,0.8626105779133585,2907676982.84785,0.011861195257464213,0.01528195049481709,0.01685774215233339,0.665141125823644,0.011361979298668728,2.3714366600938374e-12,0.018880816292273745
2023-07-24,0.013817143355589924,2.3768800371386537e-05,0.00016714465013753627,-0.7509992061007179,0.7289861804850896,3919275815.32224,-0.02077202992821888,0.015335926046321089,0.016981732462817874,0.6848320053268101,0.011351706525451791,2.5461898900351147e-12,0.01891865796416019
2023-07-25,0.0027371704127091044,7.367535083005835e-06,1.2456678520429426e-07,0.9667471725837457,0.63319449190191,2451833082.62795,0.004247230443234332,0.014775420829134528,0.016916135037618227,0.4825174307610072,0.01168047548332063,2.502258943331887e-12,0.018661450493014122
2023-07-26,0.009142836288007078,7.310023962896294e-05,1.049121576033609e-05,0.7489883215580638,0.5601143174569617,3628405350.49632,0.007548541834417716,0.014507947799739965,0.016840243954468287,0.52990751046263,0.011744985176108341,2.4554314156204413e-12,0.01848935996767519
2023-07-27,0.006967620469614681,6.903482802608106e-06,4.16442522059854e-05,-0.7156002107457285,0.40401463792814485,2978878030.2649,-0.0057299989272307636,0.013542241286047136,0.016765470784120457,0.4923218924194466,0.011475780148398115,2.341375921872529e-12,0.017573124610808778
2023-07-28,0.006492330334381919,3.811944078273303e-05,4.030912388002606e-06,0.8087364833374061,0.5457373582831186,2576729426.7434,0.007017234340031905,0.013434973406753425,0.016667292554348626,0.4671893677684368,0.01153324815981674,2.309375342298171e-12,0.01752655805391449
2023-07-29,0.0035884981793420615,1.1753621182049382e-05,1.1236980010919081e-06,0.8254764077661397,0.6880233640261103,1405661589.8218899,0.0034477004654006275,0.013025248780697359,0.016660330150957765,0.3483096136355424,0.01173073052271535,2.3596463595163634e-12,0.017341115460512764
2023-07-30,0.007698676923376179,2.4906508605644787e-07,5.902056128446847e-05,-0.9915955236667289,0.9487923968302119,2588400428.31909,-0.010212299563344547,0.013210511602793224,0.016266631167566274,0.41179142861497287,0.011607966235231018,2.5200493645527226e-12,0.017402473216845453
2023-07-31,0.006365840842122795,2.350072188083662e-06,3.8173857439155e-05,-0.8840155824126182,0.8166727305856203,2648009197.68637,-0.002895464005154126,0.012564508307303601,0.0162448152097005,0.37817710656694375,0.011592683463552697,2.4751036174815227e-12,0.01690732504935134
2023-08-01,0.015812358396805188,0.000247016331462689,3.0143466063264698e-06,0.9758881859649685,0.5862305041081202,5253762221.9205,0.009467812010092527,0.012868946554679244,0.01629401778170767,0.4832118271404182,0.01158989893440211,2.547397555906042e-12,0.017132982171911955
2023-08-02,0.010200317145974636,2.453683988207975e-06,0.00010159278589025616,-0.9528348440639244,0.8487941437328684,4499307943.90133,-0.018313448055580217,0.012886719419783546,0.01618991667884041,0.5279231103488854,0.011585286328065502,2.7044956477805904e-12,0.01714336671879102
2023-08-03,0.008547640827110774,1.9905801012223774e-05,5.31563626970672e-05,-0.45509960281418693,0.4348011119117733,3145302649.42659,-0.0023844791577539623,0.011286291812700654,0.01621922197016008,0.5880779431325028,0.009467547032829718,2.4070271111860164e-12,0.014585832945324142
2023-08-04,0.011454129870267145,5.17281319068347e-05,7.946895917811136e-05,-0.21144392030243514,0.5830392670772302,3512140548.40425,-0.0028874856651881792,0.009597026234102139,0.01623023654648639,0.6443715850422809,0.004808374787937797,2.2473742157102944e-12,0.010682808898778975
2023-08-05,0.001681666666475302,2.156903295890884e-06,6.71099481243271e-07,0.5253898004135975,0.2836475611395233,1190327889.76681,0.0033288797146247954,0.009363992718758148,0.016098889771006313,0.6050669858734767,0.0050734183676386605,2.3079357796325656e-12,0.010592367042981233
2023-08-06,0.002900609246796793,2.425861684683393e-06,5.987672317919664e-06,-0.42334298906194295,0.35440390112858916,1473035578.85485,-0.003339812320575603,0.009158226773424955,0.016003943421652303,0.4497628839338328,0.005249229605765749,2.3207318408453177e-12,0.010493589197999899
2023-08-07,0.010035660778186678,1.961004258545645e-05,8.110444466937798e-05,-0.610581493885029,0.7761874469211691,4078589895.0943003,-0.0006616414964808541,0.00867182011041595,0.015715639533144154,0.4469870186970243,0.004603573685828836,2.274269582286426e-12,0.009766481937614653
2023-08-08,0.01010615427769594,9.961030641438154e-05,2.5240478702103997e-06,0.9505739692018362,0.716582812387058,4246702788.46169,0.014757810855487849,0.0088062038202572,0.015380576082284124,0.46653189834230224,0.004602228331649789,2.347535764855475e-12,0.009885400135300454
2023-08-09,0.007864778309347004,2.652338014616401e-05,3.533135770901111e-05,-0.14239778339162704,0.473399236814992,2608828366.62844,-0.00035578939799469093,0.008609462146349592,0.015175851601031505,0.4425713036686135,0.004547012681866931,2.2964120144546753e-12,0.009685743312968837
2023-08-10,0.0032442587972685067,4.406227358395381e-06,6.118987785258717e-06,-0.16272925574314745,0.47985018646022265,2206051375.26295,-0.0017646539625460827,0.007781732610653894,0.015089369846026292,0.4699921883315435,0.003764923206970316,2.319610542284057e-12,0.008605522993945094
2023-08-11,0.004215086715240679,8.087769653930038e-06,9.679186363068417e-06,-0.08957171434520343,0.5261974829099568,1994538363.42238,-0.0018326954665686746,0.0077510507097229165,0.015014126484904753,0.4918908258697994,0.0037924539546433495,2.36074761721399e-12,0.008589330782625224
2023-08-12,0.0025421752887335573,3.40370112916359e-06,3.0589540694839552e-06,0.05334449217587543,0.4724418069304474,833424956.61809,0.0005950481353126174,0.0073364258957455,0.014184525107882633,0.3936625106866476,0.0038661260446607604,2.0977789228461757e-12,0.00824974647594052
2023-08-13,0.011427537666412866,3.416796253371196e-05,9.642065458357285e-05,-0.47670841015147764,0.7328945641172123,1554669146.8898098,-0.004906182674031491,0.007468690037688515,0.01412938886428156,0.4300392058117968,0.003959690550149628,2.0538029370118484e-12,0.008409152988090408
2023-08-14,0.006848929847158858,1.2768777621318178e-05,3.4139062429985274e-05,-0.45558023531448594,0.7152055568449666,2369924279.03675,0.0025618076916012196,0.007136870346810845,0.014064024321673557,0.42071505423587297,0.003683422578056582,1.85289816103336e-12,0.00799102271022417
2023-08-15,0.007221308649668909,6.037104476145464e-07,5.1543588166168456e-05,-0.9768459550671729,0.9160254579881502,2224006399.87829,-0.00899523636394416,0.007350400739047027,0.013939381837171744,0.49151147554877367,0.0035429105851758056,1.9630096686197757e-12,0.008122984789816106
2023-08-16,0.007733443701690185,2.3667078654141768e-08,5.978248440855745e-05,-0.9992085403235084,0.8603674064798029,2922235807.98315,-0.011597011797554927,0.00728328680636527,0.013321136092481265,0.5513405074399743,0.0035205369982852746,2.0529210351066073e-12,0.008052965191557503
2023-08-17,0.04366556898821245,7.620285299786488e-07,0.0019059198865343625,-0.999200675766673,0.5703833384499195,10069596308.31243,-0.07238429830800046,0.009030808164393734,0.013733169082533518,1.139532809156093,0.008681370795609494,2.303628585892573e-12,0.01238276335795413
2023-08-18,0.017414956772096202,6.779733942898024e-05,0.00023548337994499914,-0.552907025748785,0.7402359429171007,4956722774.94701,-0.012113525505509128,0.00955093323285632,0.013592129280796918,1.2140806697652358,0.008847295982886803,2.290321312727644e-12,0.012875076998686378
2023-08-19,0.015198143574662832,0.00019642640759532685,3.455716052073825e-05,0.7007825205698277,0.8471317466516138,2295511190.10816,0.004763558542874902,0.010103773489776357,0.013569704871878903,1.3596193692761664,0.008818772583841332,2.272342171019875e-12,0.013272287654208365
2023-08-20,0.00828124793657559,6.250891448185112e-05,6.07015290518636e-06,0.8229735942331081,0.42564816589752474,1950618000.36989,0.009222043012557024,0.010131514966595376,0.01350263633004095,1.4010582282538113,0.008811742013439601,2.309596695831874e-12,0.01328897762399816
2023-08-21,0.013675168758734665,8.137159105738614e-05,0.00010563864952248646,-0.1297632599682999,0.470363896288541,2864914067.06811,-0.010361364459392989,0.01047957820071975,0.01359339510781384,1.4999558780521312,0.008799911983938308,2.4297486576926697e-12,0.01354889164868905
2023-08-22,0.018330855350229856,4.1757130147077604e-05,0.00029426312772397296,-0.7514606386433874,0.6921703393224538,4297253119.31144,-0.019568673384033033,0.010599506627073306,0.01342084785279458,1.1184288003512033,0.008892893194521903,2.5607801771740132e-12,0.01369916810624831
2023-08-23,0.022175914218830615,0.0004683498426484499,2.342132879248393e-05,0.904747044346429,0.6481430419324737,4668477789.68188,0.02674842339280911,0.011169773154352162,0.013407466305412598,1.1808960891443065,0.009243093545229668,2.639794476311925e-12,0.014357238168604543
2023-08-24,0.016961653480345687,6.003821020386423e-05,0.00022765947858345873,-0.5826298747346089,0.7317703109267825,2884193910.79672,-0.011123172116272485,0.011570440423553825,0.013386860767663685,1.2124390966055463,0.00930589771600138,2.7873415464607064e-12,0.014708875793868996
2023-08-25,0.007303021196278027,2.2037239411178283e-05,3.129687918210786e-05,-0.17361568945277758,0.4725210859555602,3043887039.99092,-0.0042191481251994565,0.011372768581935295,0.013152591804618191,1.2192456677656107,0.00935246338520971,2.8141968438292093e-12,0.014582292910397334
2023-08-26,0.0037747830517694935,7.14525311050694e-07,1.3534461776875518e-05,-0.8997086169505841,0.7259060791687925,824120366.34905,-0.004224850428697914,0.011472440790758829,0.012971688798790506,1.079906053319432,0.00925466025762452,2.9251439613786016e-12,0.01460092883759031
2023-08-27,0.004154533921337009,1.726015210353986e-05,0,1.0,0.8112017067685482,1086302322.04676,0.006840468819960342,0.011532151489546458,0.012719557036300982,0.872609145426636,0.00920047640585535,3.1170354904159203e-12,0.01461534777037455
2023-08-28,0.008369192033415695,4.288230551477449e-05,2.7161069777414234e-05,0.2244500021847676,0.37728436395095016,2751962940.19508,-0.0030693960836856698,0.011452795835033554,0.012513998756788946,0.6584671982814536,0.009221192727212663,3.162422385609269e-12,0.014565296471679319
2023-08-29,0.046022298166039574,0.002086466029437969,3.158589904588057e-05,0.970174575400056,0.9292474277091255,5922298880.94104,0.04497047298213436,0.013163088401145153,0.0130196353903804,1.1297099389318939,0.011900457638851218,3.3585315683119304e-12,0.017554029060867577
2023-08-30,0.007681434469135062,4.520665917180116e-06,5.448376958643614e-05,-0.8467686071870628,0.8735974651628748,2633294810.54013,-0.014058275579588442,0.013154357742087444,0.012853338618909412,1.126417343658092,0.011904605578453154,3.6062594142257505e-12,0.017550162608545136
2023-08-31,0.025584849897067757,3.5341516260237264e-05,0.0006192430279952507,-0.8920184823476575,0.554263059717665,4174430139.24252,-0.0353027709716078,0.014218195413506456,0.0129923463326846,1.4531848216798178,0.01197274611623405,3.970878112755519e-12,0.01840319807666168
2023-09-01,0.013864535236241916,3.4848106380976154e-05,0.0001573772309360175,-0.6374244221144575,0.4491374855451465,3406667604.15655,-0.010429458051999362,0.014677692962125562,0.012487122960233753,1.6043736621602547,0.011752791126423301,4.072907967226459e-12,0.018627539864821404
2023-09-02,0.004973520790789105,1.4521595771000068e-05,1.0214313285411416e-05,0.17413075362484867,0.40246634776917073,1233123837.9381099,0.004925816530033444,0.014793471319366303,0.012542443504271177,1.5704295567049351,0.011638686902671419,4.2291272318609e-12,0.018650881919124316
2023-09-03,0.004248658361614362,1.3019682461757728e-05,5.031415411957911e-06,0.44253635461317853,0.7212681773065893,1371255502.34573,-0.0007458899974704078,0.014451619923899709,0.012400753485468437,0.9147022904953558,0.011846075547239184,4.104754561570399e-12,0.018506660068022252
2023-09-04,0.006386300116505016,1.0275482171111742e-05,3.0509347006960237e-05,-0.49611253114496945,0.3996523747426508,1772994172.54402,-0.003025924786415439,0.014429589936725714,0.012300795443285883,0.9196298559203311,0.011861341435275162,4.134550224602631e-12,0.01849878090380512
2023-09-05,0.008305386414848653,6.146037389457667e-05,7.519069605375897e-06,0.7819910041639849,0.5803631215871571,2353454200.55271,0.002175439239418846,0.014481212687448558,0.012202344751876705,0.6313978124558961,0.011830720602463974,3.985966943906173e-12,0.018520432652501674
2023-09-06,0.008501518926207804,3.1278740244593766e-05,4.099708380807574e-05,-0.13446188529652647,0.474552212563432,2997580765.06195,-0.0007960906249051604,0.014517787698139875,0.01210300743474837,0.5445642613852223,0.011809985728833081,3.809635371836911e-12,0.018536456499761184
2023-09-07,0.009825261393466804,6.358577142340718e-05,3.294999002654207e-05,0.3173516315272325,0.45994841719504215,2572833662.21947,0.00911093020253883,0.012906344479342463,0.011826464643261111,0.6208415790452566,0.009765782541853453,3.6359593390405478e-12,0.01604377710145398
2023-09-08,0.013411408026203924,1.706078197050014e-05,0.00016280508327482692,-0.8102943885741722,0.9051471942870862,2422307107.23686,-0.006987476001348346,0.012715699300966641,0.011900535313525461,0.7805516439711625,0.009712297411556638,3.6569488119461454e-12,0.015859567644342924
2023-09-09,0.0013454490556604093,1.1868308740075617e-06,6.234022873699253e-07,0.31124641767632766,0.5429962060740804,671640259.67899,-0.0005931687922540852,0.012056047181014143,0.011728356483829286,0.7037680576316447,0.010001391208159393,3.6001870035442445e-12,0.01551170106452757
2023-09-10,0.004968609534489946,0,2.46870807062244e-05,-1.0,0.5636897351847263,2479591561.04642,-0.011281830248631811,0.011898302495200542,0.011746776354863047,0.6515156481675836,0.010089639819950372,3.5917165245797195e-12,0.015444182571810575
2023-09-11,0.02796025929809658,6.474317420722899e-05,0.0007170329258095673,-0.8343690112659162,0.33159136322039034,5152734588.80112,-0.04131934669103057,0.012578544901836823,0.011874210469953392,1.0050379931687479,0.010679720296381041,3.801348695550179e-12,0.016335389774784322
2023-09-12,0.019760075390510036,0.00034532607113191727,4.513450830672306e-05,0.768814007439049,0.8844070037195245,4756772634.50226,0.02626045261917147,0.012646602998993022,0.012038352060248524,1.2272099999145827,0.01072267817955793,3.847390678633001e-12,0.016414547065309218
2023-09-13,0.015161129764734917,0.0001896830710874132,4.017678465571782e-05,0.6504236503079035,0.6947387388417862,2989447575.59212,0.008996706478204953,0.012312565644036084,0.012123019406057265,1.2428667806878617,0.01051828983089415,3.717862420660589e-12,0.01603013998519883
2023-09-14,0.00880648057495699,4.367364718278997e-05,3.3880452934304816e-05,0.12627564801472693,0.4976662799235217,3445036998.14618,0.011731573692506837,0.011924224077112813,0.011593652104455763,1.373620937344564,0.010488565301105568,3.696374726812491e-12,0.015714914902389552
2023-09-15,0.013746615989310821,0.0001529874161418325,3.598203501574346e-05,0.6191761705891908,0.8016791506305851,2324102928.93025,0.009196959190095905,0.012231061924400089,0.011066952246812508,1.5459288108095364,0.010440757872328614,3.8188081960894186e-12,0.015919088408245918
2023-09-16,0.003219213543112452,3.312620387279111e-07,1.0032073797430716e-05,-0.9360703842922649,0.8211281405506176,1275526426.27402,-0.004263461077963925,0.012204606233511658,0.01101367991434288,1.1050155151995695,0.01046393463251818,3.7338564896582935e-12,0.015913275738752237
2023-09-17,0.003359249223039529,1.1824402770101754e-06,1.0102115065481505e-05,-0.7904321010225844,0.45348115845104864,1536971431.17038,-0.007409489248292442,0.01216673553359273,0.010952371265521382,0.8171219262595592,0.010495916154141992,3.6635620165896086e-12,0.015904332507554162
2023-09-18,0.016433641740829463,0.0001836945731550413,8.637000771089109e-05,0.3603751559426627,0.6593477071828052,3889929749.54443,0.008596235001827384,0.012550756948231481,0.010891790964560328,0.8460511924748817,0.010497555307918769,3.715682067008473e-12,0.016201006506506917
2023-09-19,0.01201175584273836,8.256217703805262e-05,6.172010138750653e-05,0.14445346911609333,0.4256934315925527,2919971038.79256,0.004185331845010753,0.010931207313788568,0.010966833178396975,0.8956542736746039,0.007172301019079092,3.4223454988855087e-12,0.012980122529033489
2023-09-20,0.009567080845106836,1.4816983877128623e-05,7.671205201968151e-05,-0.6762342412557847,0.7062495460825912,3048153518.4001102,-0.012793978586718673,0.011020999998358653,0.010928273295598562,0.8210120925098733,0.007141318290050241,3.367994278402212e-12,0.013039646136442382
2023-09-21,0.017294817995023633,1.3886546283754666e-05,0.0002852241831972387,-0.9071477889953989,0.7093637901196406,3270921337.69404,-0.02409153525677811,0.010626236574451789,0.01087538819953738,1.0660333053467654,0.006495964152461596,3.3160161311813313e-12,0.012373562415511774
2023-09-22,0.002695325834556603,1.3869285606697554e-06,5.877852793758491e-06,-0.6181774803657778,0.7492197741174147,1785915865.79037,0.005845170455333228,0.01009436946008582,0.010841037710644768,1.072023345775291,0.006672417991883946,3.326084801784816e-12,0.012012385330505287
2023-09-23,0.0039892099026046625,1.1812119164880327e-05,4.1016764821587756e-06,0.4845131138878325,0.4332917886176818,816248305.47904,0.00043324700465775947,0.01004749751302942,0.01072579824271374,0.8404006908052296,0.00671351987681931,3.1611416886333996e-12,0.011994886439228889
2023-09-24,0.00513656479422775,2.1050064071740024e-06,2.427929147812597e-05,-0.8404349119824932,0.4154990304532522,1404537061.94281,-0.00818168045394354,0.010089778771725295,0.010670029577771172,0.7179975689304401,0.0066778745330831005,3.4126289600561906e-12,0.012011416225331955
2023-09-25,0.013935135045005792,0.00012655307297061252,6.763491575193607e-05,0.3034078348834303,0.5255364167555743,2566160541.55339,0.004861611757474361,0.010449247101653904,0.010671902461730153,0.7905534699886557,0.0066717224508597755,3.4215733913084763e-12,0.01231174366600558
2023-09-26,0.00782163874210999,2.8097527576014683e-05,3.308050503606127e-05,-0.08145043649316368,0.48928340111089713,1884723615.62952,0.0035335059305317174,0.010426211498190157,0.01075260830822858,0.615344216570447,0.006680324291728949,3.4668330918970977e-12,0.012296647361816269
2023-09-27,0.029038111390412916,0.0005340206379376435,0.0003091912751843847,0.26663447142346275,0.6329491139656239,3703063187.32729,0.0028766718153912262,0.011404144472676115,0.011068406325727085,1.0570174689253353,0.0077947085192469805,3.491178712329854e-12,0.013708347043954612
2023-09-28,0.02027737096460727,0.0004002858928988851,1.0885880337412885e-05,0.9470494764184272,0.7670723560868647,4633523879.60758,0.03338135556692384,0.011901863976063756,0.011279672206599985,1.3199383085601757,0.008019316291974719,3.665612441555524e-12,0.014244347858200477
2023-09-29,0.02371430061680559,0.00043934052404903066,0.00012302752969519534,0.562466150500255,0.7725406635737867,3329523068.64839,0.008726258691336228,0.01239247790894955,0.011553036814257503,1.601601541079341,0.008421368265646845,3.653052287515771e-12,0.014869964217641531
2023-09-30,0.007483703950944741,2.6229881052512362e-05,2.9775943772873558e-05,-0.06331596278453275,0.41690575510080524,1783660358.78097,0.0021397818634996133,0.012684775761105946,0.011614865477298815,1.5103041037172331,0.008119894968151922,3.668123394709372e-12,0.014956489504363329
2023-10-01,0.03500058529257638,0.0011965095717238784,2.85313990990357e-05,0.953419681825221,0.9415022852136908,2997174137.30115,0.03715361103763574,0.014114869844824348,0.012048229102206754,1.9075895533135871,0.009257865490571953,4.041758596861378e-12,0.016758767476974735
2023-10-02,0.023477526284881582,3.688172667325772e-07,0.000550825423190573,-0.998661752102393,0.694497414696254,5329837520.6081295,-0.04237000758154708,0.013901406368004587,0.01231984315685372,1.7792071045861304,0.008969863698957664,4.038457212631364e-12,0.016427909142579713
2023-10-03,0.007615734883613593,1.692730693934802e-05,4.107211087814093e-05,-0.41629390168658487,0.42185946780106,2606720930.49924,-0.003201044428262887,0.013323104439104757,0.012189738021723696,1.5825143814529685,0.00896474110979128,3.83404538827021e-12,0.01593878022027196
2023-10-04,0.011060676879064653,4.842936024389606e-05,7.390921277917935e-05,-0.2082732527089171,0.6041366263544585,2888984570.8797903,-0.0063235763152595294,0.01312784477788236,0.012203394525423536,1.3594128995151806,0.00896736095971689,3.794967760129064e-12,0.015777346222613776
2023-10-05,0.012232825330548357,4.3215625954423296e-08,0.00014959879994175113,-0.9994224132067391,0.8459076579433463,3142418022.15932,-0.021204421133233797,0.013291004051958141,0.012261889517541593,1.4179790727128088,0.008915826049645702,3.954132005556446e-12,0.01588576128823626
2023-10-06,0.007189605077757481,5.118449769104656e-05,5.059234830695919e-07,0.9804248651267352,0.480066970916695,3396848695.37563,0.020328937526959183,0.012978765437122267,0.012194198647819218,0.9804938518106738,0.009013354586809647,4.050676670231345e-12,0.015678657947699053
2023-10-07,0.005972697246962968,5.013126576309089e-06,3.0659985827569926e-05,-0.7189408919775684,0.635546927179576,1195721405.78214,-0.006797890403948117,0.013109883708734197,0.012262310244334895,0.7056309316825324,0.008883373020537808,4.162232297584373e-12,0.015717046239562715
2023-10-08,0.012753815819457868,7.459740999245778e-05,8.806240796419597e-05,-0.08278011214377723,0.417346619576106,1878584822.50507,-0.0007044000793525738,0.013557244022849357,0.012418710348662848,0.7827906127142708,0.008599812438783147,3.950524003285943e-12,0.01594471349179163
2023-10-09,0.02087201473329096,0,0.000435640999026715,-1.0,0.8150333845701897,4687163300.24275,-0.03277961064455943,0.013768595117728474,0.012590715966997837,0.9174243224125094,0.008727627487948489,4.1783152882083106e-12,0.016190073491998476
2023-10-10,0.010678716911266721,1.2763384506602442e-05,0.00010127161036437143,-0.7761496894695578,0.4646575742336914,3269769387.62689,-0.007945933463349394,0.013705117073372682,0.012599804262768802,0.8858503421656406,0.008745872957447075,4.225780688801896e-12,0.01614552980983836
2023-10-11,0.013635375084833623,0.00011406239456000365,7.186105914409787e-05,0.2269823122104299,0.5544281174754174,3720791581.44529,-0.0005234666377641208,0.01389884537050253,0.012691401036982875,0.9713696233543962,0.00869453636532541,4.032609201631986e-12,0.0162841366095018
2023-10-12,0.011904468858922714,2.764774007988146e-05,0.0001140686387331792,-0.6098158828013545,0.32726131496802524,3548262571.00839,-0.0175662913869132,0.013642162078307247,0.012828864688755165,1.0608822416692134,0.008668796188630888,3.917623834432012e-12,0.016052356089916876
2023-10-13,0.010241965806012146,7.984772954555116e-05,2.5050134025970852e-05,0.5223900054191087,0.4344915513425111,2781970955.4156103,0.008238542312068773,0.014001525886471796,0.012924529436227726,1.0183555517320992,0.008342591530406111,3.9027894949226025e-12,0.01619652217078659
2023-10-14,0.0069446813724662795,3.426757580229535e-05,1.3961023562784777e-05,0.42104793642863936,0.7105239682143197,1228665922.2184901,0.0016743411194947292,0.014142262623131875,0.012994410485175866,0.8079965053329369,0.008188752373188984,3.942406282524991e-12,0.01624395674107239
2023-10-15,0.004692210618642932,1.833624188030609e-05,3.6805986093993874e-06,0.665656058949935,0.8241491535019659,1557409625.42848,0.001992672768384344,0.01412110290048498,0.012887500532036661,0.7201848453412947,0.008213722650781035,3.725944351188392e-12,0.016237553893494433
2023-10-16,0.014521396167069957,0.00020101010900332923,9.860837637664853e-06,0.9064751423110664,0.47838764131494693,5586981341.03709,0.026213056511637647,0.014149020096773749,0.013009285711717788,0.7617392636685926,0.008214055269987686,3.859149220322947e-12,0.016261998124820983
2023-10-17,0.009901217536512078,6.300915249555888e-07,9.740401718037873e-05,-0.9871454632825912,0.5187991357784725,2869574835.22577,-0.02189425342296954,0.014248047658411943,0.013051823948016886,0.7374304404635541,0.00814621450655034,4.1331957045239995e-12,0.01631587062507598
2023-10-18,0.008642851555125007,2.386357377247781e-05,5.083530923144895e-05,-0.36107280824471355,0.3951354661197,2706429797.06621,-0.0008635441024048406,0.01327684480911252,0.013066258993309503,0.7182104876062977,0.007483583765249251,4.111397398568023e-12,0.015152946105532245
2023-10-19,0.006803801384595338,4.552692925829656e-05,7.647840227248894e-07,0.9669580592931549,0.46467157641958645,2979513487.14482,0.002064855059133411,0.012635246257683379,0.012481151571029867,0.7173660726921496,0.00743077661293504,3.801335716984013e-12,0.014568340150027854
2023-10-20,0.019468044081230918,0.0003478073418812939,3.119739846745633e-05,0.8353719880192035,0.9155635142831482,4147073641.09869,0.02350346748910936,0.012433043565513158,0.012513740258476447,0.9478663872643545,0.0071673282941721005,3.946412339593959e-12,0.014265516057077925
2023-10-21,0.01443220052883749,0.00019533901937847563,1.2949392726101516e-05,0.8756590191911406,0.701067432737153,2637996263.0594697,0.015559940597425471,0.012763924354936621,0.012501582432352236,0.9513790496094616,0.007087360014277079,4.170161674524727e-12,0.01451745501628807
2023-10-22,0.018307862623549078,0.0003313499439660054,3.8278898767399006e-06,0.9771590511648461,0.8910632618075379,3147813653.67379,0.020990585695961947,0.011969032799268656,0.012660735046431181,1.0920213472323896,0.005136198482435168,3.8974041814899055e-12,0.012976211506277705
2023-10-23,0.040158034949702104,0.0014971733654220425,0.00011549440559945318,0.8567660274796752,0.7033950146236192,8602139318.25797,0.06040031431184227,0.012763342735688679,0.013081098001843362,1.5522776752463585,0.007669861873499175,3.853211733865157e-12,0.014796230048696481
2023-10-24,0.04267109151914435,0.00040640984576396753,0.0014144122056712252,-0.5535974034984577,0.7765996072611355,9289125142.383001,0.010116515337664672,0.014432645432618716,0.013467450956905498,2.020485013646006,0.00996492145602046,3.846596221776939e-12,0.01740322839556285
2023-10-25,0.020841276647030522,0.00022207873468236465,0.00021228007759569508,0.022558900175822492,0.3028681775539137,4842621703.21632,0.001349758396581351,0.01489838827871233,0.013446266233543593,1.9985043686116133,0.010027807163674617,3.755637505456909e-12,0.017824995518072782
2023-10-26,0.03544908196404289,0.00045690316826290815,0.0007997342438305225,-0.27281622548264933,0.33658233869916576,7321211035.63508,0.009247976774104515,0.016003924308878734,0.013739717479316562,2.2215370682537983,0.010956043325855877,3.4944647315754133e-12,0.019246935644942023
2023-10-27,0.010341035949928608,1.7214156245907598e-05,8.972286827180829e-05,-0.6780505849392549,0.6143402059677899,4342572403.59896,-0.012999264908795348,0.016153992445648788,0.013787939935723715,2.1042338275203836,0.01085034759549042,3.352026726139051e-12,0.01931515783927093
2023-10-28,0.00797682178128302,2.7799517179106885e-06,6.084973401244053e-05,-0.9126209194340039,0.9222132505135974,1919964127.56444,-0.0018387371316889135,0.016249426947283076,0.01385463896317631,1.7283043215986462,0.010764796664091084,3.1269083610784327e-12,0.01934958882644404
2023-10-29,0.006026231638193238,3.631546775716116e-05,0,1.0,0.5649541829830078,2355557946.44111,0.010486484226374108,0.015929065795794284,0.013884348450745458,1.190702096927803,0.010972137697231802,3.3210436789133033e-12,0.019193493431991497
2023-10-30,0.01966745147505538,0.0002858930410177669,0.00010091560650589114,0.47821432042974715,0.6683500002430833,4215510289.5673,0.007949471728603946,0.015871705640640207,0.014063685902200055,1.1819753866908567,0.010948127242348627,3.0778189847806794e-12,0.01913282101657585
2023-10-31,0.018541635968939964,0.0002385956693985942,0.00010519659500609401,0.3880223268650167,0.3642913917486499,3883759064.22507,0.0032271527860098324,0.016246130357672268,0.013627484914944506,0.9251139344238306,0.010895978907524745,3.001667314327162e-12,0.01941663365290376
2023-11-01,0.025660412856168584,0.0006237573529711177,3.4699434977904276e-05,0.8946037595390671,0.8898765120331337,6543306690.18927,0.017763154491031333,0.016818751203926313,0.013912865524262498,1.123043559129393,0.01106655775665239,3.1242396564337828e-12,0.019987677447769442
2023-11-02,0.023913830326074543,2.497175495484174e-05,0.0005468995259094407,-0.9126665185315781,0.5968734848349401,5310717363.58517,-0.026047821131964303,0.017390625559504973,0.013886341404088003,1.3216449127164478,0.01111012183227451,3.1220535161358744e-12,0.0204936774767345
2023-11-03,0.01621802854975048,0.00023902686223229293,2.3997587808228653e-05,0.8175258018444171,0.6112260610235754,4119457491.29056,0.017511326398020263,0.017675199975873464,0.01392369844081036,1.448512917209189,0.010993787235225745,3.1834571743508044e-12,0.02067657258762486
2023-11-04,0.011766722027972045,0.00012962064632003346,8.835100963529093e-06,0.8723765370976695,0.8786927148502727,2518749107.0753,0.01279103914549864,0.017904820959468975,0.014031527031876757,1.3331172514477283,0.010807233679144644,3.3603904607522124e-12,0.020780211375839772
2023-11-05,0.011048176629839031,6.300262680935447e-05,5.905958003476687e-05,0.03230358418493148,0.4703317423083465,5744702487.69734,0.019426685416296597,0.01820748600762117,0.014139455893277149,1.2255592634683428,0.01050343459683183,3.460494776492403e-12,0.020894526792657374
2023-11-06,0.011887732683097021,0.00011835784127858874,2.2960347066184372e-05,0.6750546078305483,0.824311288060036,4471746197.27929,0.004860059115576522,0.01808207346076532,0.01422678021973099,1.0326093633827793,0.010565189292964914,3.288829380891366e-12,0.02081511983582446
2023-11-07,0.02074320578956111,0.00027858128694478664,0.00015169929948329505,0.2948819711221134,0.6457992832810906,5170405915.43216,-0.008411908580604465,0.018598358615672415,0.014424205924091505,0.9805921856487991,0.010409183829572939,3.0029790889997157e-12,0.021191754873621797
2023-11-08,0.010667468115444466,5.967928143085104e-05,5.411559456317328e-05,0.048892244216426094,0.3306944087178577,3158948638.69263,0.001393669364285742,0.018694768928068577,0.014458586069952406,0.8951278148559696,0.010321370716469274,3.00879385488018e-12,0.021235634875736178
2023-11-09,0.08144003045178425,0.006523636516453243,0.00010884204353430149,0.9671790741425311,0.6095997942025749,16206007619.1415,0.11705199887598713,0.022248875074125193,0.015595328435957444,1.6924312755720836,0.016823973257600513,3.3197336651013272e-12,0.027651042180302093
2023-11-10,0.011020182116245912,0,0.00012144441387522623,-1.0,0.6212083230554208,7658220087.43382,-0.020857391719180052,0.021846595932935434,0.015557372469132713,1.7223876929856774,0.016993930753837184,3.17954544578821e-12,0.027428367727696183
2023-11-11,0.013475756882982158,5.830276775534059e-05,0.00012329325581390043,-0.3578849733666085,0.6789424866833043,5117869676.2676,-0.011892863744615994,0.02180105099741851,0.01574991703782036,1.7541902983524253,0.01701606266936039,3.0093263080969313e-12,0.027405187284253233
2023-11-12,0.008256324053761145,2.766237733034867e-05,4.050450955036619e-05,-0.18839252909539425,0.315759142235147,3521190449.16089,-0.00412134387839981,0.021322406303619087,0.015802102982570697,1.60651422855075,0.017258872968293665,2.7475231731583577e-12,0.027172218957729664
2023-11-13,0.03609236069962683,0.0008033966389821975,0.0004992618618897697,0.23347237736432655,0.6043965841656286,8297650404.00478,0.004442555310275783,0.021128802767901217,0.01593118395719816,1.8786816547418312,0.01705865973658404,2.438659053824575e-12,0.026899203276104792
2023-11-14,0.033055556760162835,1.4705009313541182e-05,0.0010779648234108057,-0.9730842586238934,0.8117972510368815,7681721989.8978,-0.0372110366343384,0.020670920160330668,0.016142223344018047,1.2487182592766972,0.01657367175702541,2.6174700104035537e-12,0.026246775453615243
2023-11-15,0.02316308532577045,0.0005365285218089222,0,1.0,0.4240233520037887,6140731223.70993,0.039208864479492504,0.020781482478365903,0.016269238511653534,1.3696267911688387,0.01658260695958592,2.9082473159481306e-12,0.026339294712954524
2023-11-16,0.04005819816390456,5.518939819750257e-05,0.0015494698419411441,-0.9312135600917563,0.8167603528633806,8782074171.55734,-0.04833550136154935,0.02100096420216884,0.016765297521001907,1.629042151869181,0.01681531853356078,3.1101857129608527e-12,0.026652033955742054
2023-11-17,0.029590573889105513,0.0002318255858604736,0.0006437764772261394,-0.4704772964027569,0.6765363401342782,6299859702.20526,-0.00047408465592858537,0.02191760886593917,0.01701678891623674,1.852652833414249,0.016729616083014685,2.971224053676286e-12,0.027330093506110383
2023-11-18,0.011027219389920434,0.00011296058262869947,8.638984844737711e-06,0.8579109280692984,0.6606342675566967,3202110781.7997303,0.001009071536034577,0.0220628658949219,0.017140725516979725,1.567404480374698,0.016615373953671773,2.940625649324688e-12,0.027380549329988454
2023-11-19,0.019266835546733942,0.0003436819562780945,2.7528995706796075e-05,0.851680045755134,0.5453183608834051,3401707212.28241,0.02478715309965252,0.02269337084294765,0.017393226887197095,1.3966020731597613,0.016222991267876297,3.0756197220404936e-12,0.027670234650663438
2023-11-20,0.015503911523249831,0.0001781854635957743,6.218580892498459e-05,0.4825853499642798,0.39179094971190925,6650412053.45637,0.004936984296980402,0.022495107035718814,0.017378469264695835,1.3119321396914883,0.016287135370527898,3.0211716406391002e-12,0.02754394084529852
2023-11-21,0.029225337510337544,0,0.0008541203525931426,-1.0,0.8594396611235563,8161456877.11487,-0.04498906980231443,0.02300385472816632,0.01765170071973709,1.1596920335445602,0.01632428609743419,3.244097681118331e-12,0.02798160136271846
2023-11-22,0.027308951868344478,0.0007036483550808356,4.213049706671977e-05,0.8870161122284437,0.5999567569516714,7155330992.38286,0.06530144224132746,0.02308235658588898,0.01793331772010594,1.1104767907069906,0.016341654565467958,3.5494099800482577e-12,0.02805580525230654
2023-11-23,0.014477764277561807,0.00010493606585484549,0.0001046695926217993,0.0012713074398031103,0.4879060483090552,4333101748.32414,-0.0006009790322889286,0.022633020107388373,0.017888602581733533,1.1383053798211689,0.016447037986008852,3.3224542557829254e-12,0.027746665825502895
2023-11-24,0.02062454150238751,0.00021841135311658627,0.00020696035906711855,0.026919970749071324,0.46115519379528247,6778271023.31061,0.008924170495925575,0.022842854057513944,0.018173193306619737,1.1460407116677407,0.01638910980478716,3.182725846054472e-12,0.027885628672112604
2023-11-25,0.009386287031666727,1.6889249938890877e-05,7.12131343019441e-05,-0.6165994806060469,0.8082997403030234,2137077833.5458899,0.0008213197772953977,0.022729500010070836,0.01825886119755723,1.0790978186997953,0.016477540877374845,2.959201516457734e-12,0.027842602379203666
2023-11-26,0.012703277118100497,4.4670715608672563e-05,0.00011670253393058312,-0.44636777487949186,0.6085239536718949,4687601793.16523,-0.010084913838293661,0.022808314319035666,0.018378967742380608,0.9159318079340976,0.01642274101859347,2.9006173272390033e-12,0.02787619883808572
2023-11-27,0.02243897338339029,0.00026812257213291584,0.00023538495436758203,0.06501912293718501,0.5325095614685925,5861604298.08316,-0.016823804818476826,0.023310754352382966,0.018513949303307343,0.8614625042220673,0.016232227812296874,2.985537979996738e-12,0.028183853054563716
2023-11-28,0.016061798389495698,0.00018775583924718597,7.022552825762062e-05,0.45557674232956213,0.48182957807766097,5299174745.72606,0.010123326970317623,0.02308783019047509,0.01864474548818648,0.8847023412462582,0.016301251260431367,2.999034421275706e-12,0.02803791804486575
2023-11-29,0.012336738663059727,1.560892631715488e-05,0.0001365861945234778,-0.7948826975406211,0.6981942886597785,4272821333.41157,-0.009714006062332397,0.023167319264171055,0.01837964433378405,0.7909359216326985,0.016241618976106924,3.0862848659646598e-12,0.028070508213755983
2023-11-30,0.010181267451437243,6.434687496833135e-05,3.931133194936407e-05,0.24152012429508343,0.33072135722606294,3467788056.2867002,0.011445726483292411,0.0197740448355831,0.018219388722463894,0.8179048912038214,0.009505082518123844,2.8995148976814927e-12,0.021841639684087404
2023-12-01,0.007946802084494163,2.39985006652173e-05,3.915316270490346e-05,-0.23997249210788574,0.5944645703973197,6077197060.66088,0.01702000126027849,0.019627693405499684,0.017969110967982756,0.7762808683120643,0.009668856288486809,2.903186492384572e-12,0.02177800217713631
2023-12-02,0.026392585861827415,0.0006965685884739323,0,1.0,0.9739129969647116,5771277302.8414,0.03682684682931695,0.02024278049973041,0.018269251950695183,0.8065769121283264,0.00966878511167132,3.0963895742048093e-12,0.022333917746737885
2023-12-03,0.012591516195713208,0.00015137534217593888,7.170937930969139e-06,0.9095413916222599,0.8728716271211362,4647728772.82338,0.01283945594952024,0.02044921822077575,0.01791355244122116,0.767108823695896,0.009443727735503261,3.1722030097667593e-12,0.02243006158145519
2023-12-04,0.02325910759051828,0.0003886959427178462,0.00015229014318945895,0.4369905357767261,0.503782282081971,8452455553.34357,0.02272399900299842,0.01983811092986582,0.01791008547781857,0.8788339442771073,0.008772186010230743,3.2747292098875856e-12,0.021606423756595047
2023-12-05,0.028296083473527602,0.0006027725238316947,0.00019789581610914716,0.5056734324632621,0.5062566815491877,9263997221.57883,0.02217102300523208,0.019611469344787948,0.01823834497924578,1.0565924628155892,0.00846989574512119,3.1580218256468736e-12,0.02128221592221694
2023-12-06,0.0170860109351586,2.321153673827577e-05,0.00026872023293808344,-0.8409797141023159,0.6274051609924863,6656006363.54016,-0.026808106472447992,0.019322084849996906,0.018333985202358377,1.1432818043627568,0.00844626554065317,3.045765074996132e-12,0.02100679057287427
2023-12-07,0.04097586754683995,0.0015557017589854214,0.00012331996223074993,0.8531049828927464,0.8442961685421148,8267176771.20482,0.053917326973755744,0.019365783392041452,0.01879022396769634,1.2665545979858093,0.00856051353764852,3.0942399652945125e-12,0.021090906113775683
2023-12-08,0.013917469432420008,4.253971889756984e-05,0.00015115623650477545,-0.5607577988997621,0.42090057655409924,6360273773.82462,0.0015981791793487578,0.018619445084580237,0.018897015465389397,1.2880329726133268,0.00830387917363373,3.102621965747277e-12,0.020306516227225287
2023-12-09,0.01700821115474926,0.00010510033200733025,0.00018417891467720695,-0.2733641751912917,0.4386526909270787,5724964316.41979,-0.007832971530359544,0.01890425421623875,0.019072182352814576,1.2161696225893928,0.008131232776501816,3.1527689262688295e-12,0.020502179101638533
2023-12-10,0.009340105972288574,3.933854982925828e-05,4.789902974432242e-05,-0.09812835198899326,0.5285650748245423,3549153797.86988,0.004922950590369738,0.01843155280793183,0.01901799648222459,1.0234046258214682,0.008393414134529696,2.8718354466736557e-12,0.020169700205314608
2023-12-11,0.02711836182708306,0.0003129437199727035,0.00042246182821189214,-0.1489220587328208,0.3811396694332853,10505238677.096409,-0.05610319139669478,0.018984621870019126,0.019117144848792716,1.1131338597197944,0.008571621757233838,3.090794443869523e-12,0.020745839754470415
2023-12-12,0.018205511751842526,0.0001230015316703908,0.0002084391264760855,-0.25777644566448027,0.3693837082889114,6320204699.44428,-0.009412630861977229,0.018459868262471743,0.01923661778277011,0.8732709746902884,0.008244410389502571,2.8992187232247936e-12,0.020137039451190438
2023-12-13,0.026487076451634783,0.0007011504168922137,4.148020625323255e-07,0.9988174953622978,0.618481343645265,7496980793.2386,0.02540579754533776,0.01842073133786652,0.019440613042560603,0.9851494669973689,0.0082021450803524,2.6260063189220965e-12,0.020084694340576373
2023-12-14,0.025872565036811155,0.0004668757298450396,0.00020251389173898347,0.3949296935325624,0.3025351532337188,7482325202.55013,0.024068492682993256,0.018963340897830777,0.01966232885490804,1.0554182610884448,0.008304527640977551,2.7725786098708697e-12,0.020622546428316395
2023-12-15,0.021519809909825393,2.0795706339602266e-05,0.000442306512215417,-0.910189562881001,0.7188561074470391,5917897874.7053,-0.04179320671412807,0.019005972726756387,0.019841342253381265,1.1688068431006775,0.008315772261871785,3.0461779391032787e-12,0.02066606183982937
2023-12-16,0.012953251744368042,3.1923285630634215e-05,0.00013586344512233952,-0.6194778277474909,0.5610311417804801,3624431712.39292,0.0035629678138564937,0.019175828189265973,0.019936716386268597,1.027353750919623,0.008144116208047452,3.074688544233938e-12,0.02075766375724171
2023-12-17,0.01906056496419988,5.1814523168063086e-05,0.0003114906135864209,-0.7147603051752139,0.8218824195764833,4193330348.14639,-0.014319644082848445,0.019478556181937372,0.02016478550286474,1.026996495060265,0.00800851863785478,3.1348533225331705e-12,0.020988006308647136
2023-12-18,0.026461406829325514,0.0005365703220543608,0.00016363572933271418,0.5326069261796308,0.6002764707973185,6733348048.69405,0.010207380388506106,0.019670100631743813,0.0203543094816307,1.010690403251623,0.008130046352306774,3.0703663504034714e-12,0.021209974192228108
2023-12-19,0.022370670305752353,2.369970639902205e-05,0.000476747183529648,-0.9052858280230295,0.8086549021036852,6442713698.5821705,-0.018852657807055827,0.01997052310394651,0.02055223730336467,0.9750072215647246,0.00810657442576087,3.1187396427130516e-12,0.021480432549026138
2023-12-20,0.028818876834746626,0.0004545044665535551,0.0003760231954627406,0.09449567387109452,0.4453096240873036,7232731576.40189,0.01138055979484668,0.02075538682640779,0.020872491672882475,1.03273603726628,0.008128386817025539,3.0854081879089904e-12,0.022219597927799123
2023-12-21,0.021998634987781256,0.0003847884333393396,9.9151507986294e-05,0.5902321775107341,0.6256138790758803,7068225568.50204,0.016827157892654557,0.021318118613852747,0.02111367950785368,1.1146897145792651,0.007760467453774615,3.0416030549779572e-12,0.02262342118452646
2023-12-22,0.022058090770943027,0.0004666365093428063,1.9922859116355723e-05,0.918107181125923,0.6177403495903222,9424688260.19954,0.03724598649686093,0.02199008474177888,0.021154791360071333,1.1592553087631334,0.00713011306736503,3.0964281068125287e-12,0.02306472323188352
2023-12-23,0.009214582237232915,8.426180049873847e-05,6.467253079898622e-07,0.9847665401832094,0.5921002053573857,4279554665.09509,-0.007195268726972572,0.021172084569179146,0.021071972022109354,1.022124163581238,0.007571492868879906,2.8726307708584485e-12,0.022424423919302102
2023-12-24,0.015029717607483908,3.105374312428795e-06,0.00022278703704828301,-0.9725057225807373,0.5247684099218805,4721397589.48568,-0.019422330245235413,0.02128818939831108,0.021019937974235306,0.9548193457551634,0.007451072126184541,2.936971712699466e-12,0.02249581620532364
2023-12-25,0.007116286914047326,1.6678676628807124e-05,3.396286281423409e-05,-0.3413045175071595,0.6308658006474661,4319976648.99361,0.0033711684921831327,0.020519483651812463,0.020495465783193164,0.7590736450330087,0.008046486000349755,2.8461106604082923e-12,0.02197070791840535
2023-12-26,0.018159815446652666,7.213130794684105e-05,0.0002576475891096437,-0.5625474607947012,0.48329087532005793,6062439161.58762,-0.01804058232008512,0.020036804221961278,0.02010639790902663,0.7157421798504568,0.007858494449497955,2.873851144112113e-12,0.021454339878725297
2023-12-27,0.038210490143652034,0.0014600415570181294,0,1.0,0.440220767373491,8260845965.55004,0.06413109420101519,0.02104273180331811,0.020382099710560306,0.8556987214389328,0.008761976611863906,3.051737026046336e-12,0.02271371777625948
2023-12-28,0.025610536884693506,7.859893825570995e-05,0.0005773006612665364,-0.760332409676844,0.49925886135536807,10170568781.88293,-0.01454023263925096,0.020311049390834942,0.020225932328348413,0.9997059873573793,0.0075754111552485785,2.8092505138850387e-12,0.021614644900773222
2023-12-29,0.02830970791271658,0.000277356710697969,0.0005240828514053588,-0.3078537077204831,0.4734747392185093,9014828986.57667,-0.019533266565981543,0.020996394080372877,0.02051114934363076,1.1194647059946943,0.0076189701163388275,2.9004656369653735e-12,0.0222740442204416
2023-12-30,0.013040375676813728,0.00011344409852097958,5.66072992714555e-05,0.33423306122363744,0.6671165306118186,4159237315.21914,-0.003199919140803677,0.020807449533804517,0.020591523214988392,1.181113263667067,0.007770511687101377,2.8719484570175996e-12,0.02214623058943165
2023-12-31,0.010650772810158088,5.9487559560563197e-05,5.395140189303962e-05,0.0488029650182217,0.31265040830263335,3840542439.66964,-0.004111770640266013,0.020869862240369734,0.020664928630416402,1.122648644329427,0.007678519873757067,2.85687917556157e-12,0.022174381934378862
2024-01-01,0.01599788565470251,0.0002559323454209364,0,1.0,0.37270897420852966,3833607643.67903,0.030521118837041488,0.020340315755970655,0.020606681553902866,0.913183259660223,0.007609194926987513,2.9816870178882665e-12,0.021653432912525618
2024-01-02,0.016765462283548055,3.1492180641760776e-05,0.00024958854493931163,-0.7759207389502953,0.7573664835532656,8044076762.328239,0.0009763221449784052,0.02027174197176616,0.020578488320801405,0.8265293884927001,0.007635837833236173,2.916547945059392e-12,0.021597987518987127
2024-01-03,0.04097582646901878,2.656898667225103e-06,0.0016763614561519154,-0.996835176149684,0.5452074218440145,11247346123.695179,-0.06418671137817891,0.020961682448784446,0.02082159012417998,0.9280097731287226,0.008792476173934046,3.0269302224614805e-12,0.02264991064645593
2024-01-04,0.02240830836517569,0.00047524983967409703,2.688244411470582e-05,0.8929268442496217,0.9313122784462239,5657915952.55511,0.025663275563388727,0.020796717845373233,0.02079769295019746,1.0081475466497245,0.008727992966325643,3.0897447344327158e-12,0.02247340243842334
2024-01-05,0.01868447530446903,0.00027096677360021566,7.814284380309735e-05,0.5523306153274953,0.6775978601562531,5923620087.33033,0.00047610861465668855,0.020661701911784833,0.020836842898685058,1.0782187643554884,0.00873817233600297,2.7572782396544363e-12,0.022352306325228943
2024-01-06,0.010275661161685963,1.7590332526814917e-05,8.79988797829664e-05,-0.6668157259245805,0.7970243590313876,2691373219.47519,-0.012667380113798107,0.020534197598323783,0.020813175265886864,1.0329500578480353,0.00887474323460669,2.934593418250991e-12,0.022285955475687753
2024-01-07,0.016299946118183285,7.660718414405571e-05,0.00018908105931162269,-0.42333026747692604,0.5650948854872634,3600489002.3678503,-0.008737556232996805,0.02040273955803728,0.020896536686336772,1.0239927761072647,0.008918003522417967,2.887541389947664e-12,0.022181419881827168
2024-01-08,0.04386326784951432,0.001817935729968635,0.00010605053646960164,0.8897595702011669,0.7072896439452049,7863706854.1669,0.04844553798088612,0.0212313996066177,0.02140408486358149,1.083176360535809,0.010222241554888588,3.1087178069816924e-12,0.023458274367687132
2024-01-09,0.03747397323232772,0.0010545851747196188,0.0003497134950975958,0.5019385795713742,0.7238921079068474,10039664919.165451,0.005697728629359685,0.021950604507883192,0.021669652600768263,1.2037203956901477,0.010820224902700579,2.996399878526553e-12,0.024358390695133385
2024-01-10,0.0502577039010949,0.0025258368014101297,0,1.0,0.7173551102574788,18922026567.58447,0.09804302557021467,0.022971501034852154,0.022298069041810337,1.4613371538478697,0.01239713117238686,3.1682066841965856e-12,0.025962669429289476
2024-01-11,0.03225964906629876,0.0006862181390740064,0.00035446681880674393,0.31878170022063207,0.6487630870939283,13515735771.84295,0.012597199863776635,0.0234601207528768,0.021517428067437547,1.6342453798792869,0.012558038696010914,3.0992239749448803e-12,0.026468318256919306
2024-01-12,0.039450148581400335,0.00038545996809932954,0.0011708542549952335,-0.5046502018944684,0.384660209294644,16931186211.052639,-0.037072255157151464,0.024288313981946197,0.021968697376408254,1.839579615272014,0.013025739969726599,3.015301333164141e-12,0.02741372974830602
2024-01-13,0.0097076088063633,8.488334088336144e-05,9.354327854020874e-06,0.8014736998622253,0.7292571617141981,6396752318.6813,0.021640265854512293,0.02431179143761907,0.02190888550217621,1.5579539962408762,0.012997626773520872,3.0963344643093123e-12,0.02742183114991809
2024-01-14,0.018894209932077882,0,0.00035699116895743054,-1.0,0.5757838812200524,5377127058.63416,-0.04122993600214993,0.024495814881647357,0.022077740833578063,1.391383328940758,0.012886520423428976,3.2655710841915235e-12,0.027535424848645684
2024-01-15,0.019001645345257664,0.0001810289243395335,0.0001800336014874187,0.0027566495576775503,0.2837773887408756,4582971876.58271,0.015205316103524456,0.02506178433075261,0.021806459637476964,1.1207243741841928,0.01233421932921438,3.386400506568657e-12,0.027802546166277316
2024-01-16,0.014157236630949142,0.00018657076162992772,1.3856587394760493e-05,0.8617295747093511,0.6300344307813821,6264614166.952749,0.029494647230649103,0.02487118533952863,0.02150648630209262,0.9623114575147315,0.012476314415321037,3.4688928238874164e-12,0.027691550621130948
2024-01-17,0.008895263110061202,0,7.912570579721567e-05,-1.0,0.7292191670652977,5861698853.5795,-0.022189178495820947,0.023475222147452877,0.021280012933589297,0.6729327280951993,0.012548981011057024,3.2794733908473187e-12,0.026477614660793587
2024-01-18,0.03800499778441754,0.00018247368538531434,0.0012619061712082673,-0.7473328299999151,0.8454378637737491,7309579149.43542,-0.02372009888493014,0.02406543457124926,0.021247422451375217,0.9286286549693802,0.012939818264839685,3.365922547621793e-12,0.027177394228174823
2024-01-19,0.01848649426134704,0.0002382280960905938,0.00010352237398422326,0.3941639702116002,0.42638773692677945,6404258356.95563,0.008529893068337721,0.023597662492612616,0.021071167219188575,0.9226503557402997,0.012956260317424436,3.3261662037558467e-12,0.026771641717876916
2024-01-20,0.006120937195511134,1.753180554939132e-05,1.9934066602000383e-05,-0.06411864757617364,0.4679406762119132,2321269007.36401,-0.008133417648665474,0.023268165422074397,0.020993289724039223,0.8167762031535023,0.013321023451197903,3.456381180905133e-12,0.026653465137037445
2024-01-21,0.007915896866473919,6.767378794162342e-06,5.589404440648926e-05,-0.7840017526415849,0.7938103469730979,1750600706.66527,-0.006183478544102242,0.02313793323427991,0.020813116094193822,0.7691189582843452,0.013463154720105234,3.5735993464049835e-12,0.026608066930899454
2024-01-22,0.030784527824510917,0,0.0009476871533780868,-1.0,0.6447569697686332,8673726491.18901,-0.059829004711645296,0.023842059051889835,0.021055665559293207,0.96834664152483,0.013457728584778034,3.5229453729257923e-12,0.027220028121588004
2024-01-23,0.05558273628369779,0.0006557579300405811,0.0024336826427425132,-0.5754843541464547,0.696056440614225,9796897099.569641,-0.03189910499487193,0.02569050067094459,0.021474036968394162,1.1055707029115889,0.015013077761976412,3.672215377203859e-12,0.02957467416955555
2024-01-24,0.01774146303943878,0.00020426150552607593,0.00011049800525369646,0.29788933157283665,0.31527093596105643,5029982840.98715,-0.0031499325688096108,0.024584102412393154,0.021322172066348042,1.091575093851057,0.014682795430400502,3.4302820237331516e-12,0.028455169044944346
2024-01-25,0.024585795154568265,0.00021695762217396872,0.00038750370120842366,-0.2821455607451076,0.6410727803725538,4606164128.97297,-0.0074562852186525535,0.024687792259507086,0.0214826170009037,1.2507336385466985,0.014674347980194865,3.2913746256262813e-12,0.02854066321558729
2024-01-26,0.028179644779071453,0.0006561026998110715,0.0001379896800635775,0.6524593773702757,0.8011812846427473,5072599984.48894,0.021723455164615813,0.025139943186869112,0.021602539275136775,1.4299947208422585,0.014626328559740004,3.4914762642929393e-12,0.028909498649083407
2024-01-27,0.00818800301717616,1.5000384557653112e-05,5.204300885163281e-05,-0.5525171446475302,0.7035708005474282,2141771562.52407,0.00011469609957597144,0.025040530894273404,0.021583518893954386,1.231379999071991,0.01473906984727952,3.269899666308859e-12,0.028877735315561318
2024-01-28,0.008917133924078398,1.6659742417815523e-06,7.784930317816825e-05,-0.958096750817257,0.63523685597477,3632645831.61376,-0.004864037889579521,0.02468896840883984,0.02152342138293816,0.8055427467572863,0.015042895643933905,3.2181001458976837e-12,0.028723826653504623
2024-01-29,0.015088617202732475,0.00019729987407891928,3.0366495011675103e-05,0.7332368840160886,0.48119965455288255,4461192290.02723,0.026472725916138945,0.023318746949469275,0.02140674906261026,0.7782251969923344,0.014510099116690345,3.2073074510774938e-12,0.02728151534742246
2024-01-30,0.022910405477672518,0.0003421744260912225,0.00018271225306014437,0.30380304809582037,0.3807207680968503,5568693641.04369,0.01091353931081004,0.022625243723057124,0.02151545711162894,0.7542632997035419,0.01414311839365049,3.273606528900535e-12,0.026502911504047415
2024-01-31,0.027981604758494035,0.0001611261556173313,0.0006218440492432448,-0.5884232768575833,0.3921696645122312,6035736969.81903,-0.025935934170487025,0.02156447709721899,0.02176378831949298,0.7515684223860024,0.012731975423050162,3.2314940812948997e-12,0.024887962366104386
2024-02-01,0.013927062901304127,0.00018842866717027772,5.534413886604025e-06,0.9429333267295235,0.5106236407824827,4317833942.98259,0.009308032623083095,0.02069149680364781,0.021823245390125784,0.8026741148366427,0.012589685002339422,3.2897644881566817e-12,0.024064300973933632
2024-02-02,0.008652604572597568,4.2478269008997914e-05,3.2389296880738415e-05,0.13475758171593777,0.38283286386863086,3488673055.88872,0.002025455498131265,0.019224947088942918,0.021834448604222664,0.8091842294705087,0.012078669524030255,3.213145271153573e-12,0.022550953470963205
2024-02-03,0.006332728573528112,2.2818251295677367e-09,4.0101169360849835e-05,-0.9998862030542465,0.5379075849980742,2167201213.34462,-0.0054655153410502625,0.01906423850642696,0.021516038171075058,0.7415826209485269,0.01223309516733299,3.1721412283250477e-12,0.022493725404346597
2024-02-04,0.01362772795280787,6.097739131467689e-05,0.0001247375778410641,-0.3433228178441436,0.5002055600424277,2738353319.0609603,-0.002944983335123892,0.018813453650271244,0.021532485976743225,0.657082993482031,0.01229060277370157,2.858227243995092e-12,0.022311693639250722
2024-02-05,0.017240034255089104,0.00011195624351085425,0.00018526253760579143,-0.24664085432127383,0.6181645004852091,3893676970.0004,0.005303433943577912,0.018729567407882265,0.021436945130149113,0.567457016611711,0.012295264918582644,2.765097624537936e-12,0.022243459594501993
2024-02-06,0.017542457677871146,0.00030071859614788583,7.0192252320144755e-06,0.9543817838149357,0.7145264616297334,5141782514.2453,0.030353935583415925,0.018890768410116648,0.021266252657202188,0.6000551309264263,0.012254444312400359,2.8220144342818108e-12,0.022358030262644962
2024-02-07,0.021291345578849725,0.00045246470747749545,8.566890805082648e-07,0.996220389829322,0.961421121096123,5154911271.5263,0.021885960178643388,0.019481058051487525,0.021333004000752838,0.7172608447194766,0.012045670329166267,2.8439287370183826e-12,0.0227530296805179
2024-02-08,0.018297274489793805,0.00013770580385828184,0.00019708444989657725,-0.1773607366771608,0.5107003988656451,4642887417.7459,-0.0022506859636216825,0.018542595037457827,0.020973026333180676,0.8243226645728022,0.011273272604856383,2.7124853835127972e-12,0.021560676230289053
2024-02-09,0.02048073816121078,0.00039541311551872014,2.4047520109355414e-05,0.8853407539739787,0.9312121849826462,7221137099.9816,0.027110087866336584,0.018637559032689432,0.021077205201891644,0.8931455266846836,0.01128117319823382,2.8278358102959924e-12,0.021646321710196304
2024-02-10,0.009284914987212595,1.7595164840093212e-05,6.861448147967184e-05,-0.5918051960257441,0.5403067092379239,3292566689.2355,0.005601446301273933,0.018788224641818074,0.02095461319923233,0.8240063292285129,0.011125706270516471,2.741996436070435e-12,0.021699870407091648
2024-02-11,0.009044801682013657,1.601636107763253e-06,8.020680135919384e-05,-0.9608442317845232,0.9744732076734549,3827876646.36733,0.0027570792443424932,0.01884198201398663,0.020949925829545423,0.7538164941228896,0.011073149717038515,2.6080945076660896e-12,0.021720868727301897
2024-02-12,0.03993101344628481,0.001564223177058621,3.026265778875688e-05,0.962040857149849,0.4853312374574724,8120720968.59546,0.05993641938873505,0.01927752894835682,0.021153301252072435,0.9226460126714059,0.011726960423874055,2.6310920919715823e-12,0.02241865463138912
2024-02-13,0.026486828300975235,0.00028007482779644055,0.0004214772456489022,-0.20155655325488564,0.5131630404296887,8773950694.90412,-0.007574907865902473,0.017892009520608126,0.02128475072110629,0.996590306985569,0.008497131831911534,2.5171539467902907e-12,0.01972022056982539
2024-02-14,0.03963156767588855,0.0015647632305097344,5.897925938799971e-06,0.9924898812011931,0.9485714613881727,7757923313.0378,0.04994927870120528,0.018934395455677162,0.02149339343895159,1.1536720174901907,0.009730860123163028,2.793927969403005e-12,0.021182349718397754
2024-02-15,0.018262742417938002,0.00020634003813562317,0.00012718772248832886,0.23731852334935757,0.42898797130716765,9686287863.61306,0.017284045831900255,0.018633297706313817,0.02137260260373138,1.2377086521057856,0.009644692107656056,2.801814657790326e-12,0.020875592000370025
2024-02-16,0.02538567275728037,0.00021104521816056338,0.0004333871631791634,-0.3450198212516381,0.4510698269426547,7688936547.6123705,-0.007405572363218983,0.01850025141956186,0.021433965506071937,1.390527993823494,0.009524945710664812,2.643749776348534e-12,0.020704194617734158
2024-02-17,0.013645697935534643,6.826343359831194e-05,0.0001179416385495425,-0.26679297388732803,0.49093060425000923,4921403820.66918,-0.0058199490709388655,0.018760141653769408,0.021444956715455533,1.1541613034948994,0.009301337636674761,2.6975129704977658e-12,0.020840778306561142
2024-02-18,0.021523798460511473,0.00046327390016871604,0,1.0,0.787351968340558,5959314932.2057495,0.03390896585860675,0.01936045901264717,0.02148405565984143,1.114080667640129,0.009037374161913332,2.9047081350862044e-12,0.021274685909646776
2024-02-19,0.017073726233255558,0.00026841285541695026,2.3099272071208726e-05,0.8415210216449949,0.6190823543246968,8446450558.4111595,0.02160935253482377,0.01945498801410065,0.021335044856729206,0.9054070878724897,0.009000765241992902,2.743964899375133e-12,0.02134601917837448
2024-02-20,0.02411688176461069,0.0005694032190088829,1.2220767039328708e-05,0.9579770871474488,0.7381597181212057,13548620086.74358,0.023697568885566928,0.01951243926585961,0.02136276249893331,0.9591280515042018,0.009027733737627445,2.7339303169759826e-12,0.021409210898172503
2024-02-21,0.032942219349564705,0.0003901092690158224,0.000695080546659013,-0.2810303536193264,0.45346711908959386,11926830767.65694,-0.01589177688522349,0.01974865900829155,0.021428212380120895,1.0115074752041586,0.009320568551874884,2.5927578170812783e-12,0.021742716512000118
2024-02-22,0.02094623776943702,0.0004025423849346831,3.620249175910674e-05,0.8349724695047629,0.9168654323865753,12075046482.4062,0.0010601688849007328,0.02008290543058359,0.0214115076623694,1.0741671236165038,0.009226746561418931,2.494285448730473e-12,0.022009134406057694
2024-02-23,0.018260928729934286,0.0001183745177498212,0.0002150870003299182,-0.29002591704440844,0.3181834128864906,7359220940.318069,-0.01677405068337663,0.020540444676171055,0.021351235249020058,1.0352518247038371,0.00886264260302887,2.575178008489497e-12,0.022287126217331074
2024-02-24,0.01591491828902281,0.0002481672394307707,5.117384715502033e-06,0.9595918249459412,0.4887978914792904,4298585233.05027,0.024006898354095314,0.020996739424527944,0.021457589789524657,1.0264211238248944,0.008324940458767294,2.721031045013104e-12,0.02251371758404033
2024-02-25,0.016598989009271325,0.0002755264361299102,0,1.0,0.5885305627389293,9030291053.95802,0.03956565778512659,0.0211382280462643,0.021482498859394298,0.9736793296616135,0.008217999001743862,2.878458661684777e-12,0.022608498755479236
2024-02-26,0.032807481301957715,0.0009373766285719519,0.00013895420080635312,0.7418002030349462,0.7753385622299834,11945080186.588089,0.020134652460141966,0.02187953504849614,0.021890295595710336,0.9670304044761262,0.008544429328698611,2.893865278897885e-12,0.0234146276866247
2024-02-27,0.01644876374191228,0.0001928890230020129,7.767280563523514e-05,0.425840621890726,0.5443371699811264,11048069693.76326,0.020668338528280608,0.02182745438487905,0.02186313604484144,0.9339629862147107,0.008575463624848945,2.701835611742264e-12,0.023376794141510383
2024-02-28,0.03699440127848236,0.0011553517305187982,0.00021323399543457888,0.6883878132134734,0.4701912403990638,22006158170.23106,0.0428529723920233,0.022575218942004413,0.021843833046981606,1.0885836431779758,0.009189064709079152,2.592391094303345e-12,0.024291120188662522
2024-02-29,0.03749238440220548,0.0005012873733083888,0.0009043915148543519,-0.28676829746858534,0.26475205393203355,16279675952.14628,-0.013051764570535165,0.023489271794976396,0.022032433801227828,1.2605169900972544,0.009683630197929761,2.607484495675342e-12,0.025319028751052318
2024-03-01,0.018681226168060366,0.0003110608535469238,3.792735759529967e-05,0.7826439038088705,0.539759203337844,7831386723.627501,0.027339148758699708,0.023403580747683523,0.021879600757661856,1.276655059131878,0.00971947967296306,2.5949465466781816e-12,0.02525267089159466
2024-03-02,0.009657046422659257,2.1535242524154198e-05,7.172330308524176e-05,-0.5381604466715062,0.6113785584377811,4749632563.43359,-0.0033234922563630965,0.023421301292228597,0.021825897118707024,1.0748476751652518,0.009692753971354941,2.547255911623773e-12,0.025259316083974387
2024-03-03,0.019767924677677396,0.0002530071291095207,0.00013776371695280626,0.2949130246485517,0.4118854081860232,6486743244.58064,0.019473736467645622,0.02393192619678402,0.021970613815016853,1.1226382286974301,0.009165635594363826,2.6559139525261785e-12,0.025548885390120752
2024-03-04,0.02164108031851359,0.0004683363573523562,0,1.0,0.46699691308509383,13818014096.46304,0.0387438754682524,0.02306097700022348,0.022060188333490046,0.9826163796168709,0.008406917081878034,2.4379706198307972e-12,0.024476915228078162
2024-03-05,0.12709897752420926,0.003059186168602785,0.013094963919096668,-0.6212507433700029,0.8091727560654898,30468306760.3476,-0.020679497975471355,0.027852031725139385,0.0238115139722307,1.6657690376860497,0.024231854942828392,2.42917923892836e-12,0.03653706857099091
2024-03-06,0.07815203922926187,0.005488409409457362,0.0006193318262347243,0.7971977520542268,0.7586936600662504,18750612857.70527,0.07239202056509524,0.02968633989434764,0.024401612587472653,2.069948316205415,0.02651823028734498,2.3064314208746862e-12,0.03938284921264868
2024-03-07,0.01589366749388884,0.0002521404651551303,4.6820125116836867e-07,0.9962930705598569,0.6447631092752117,10911337953.45516,0.012825687508814135,0.029573526802726253,0.02429820558951572,2.1208934927350636,0.026574238203032365,2.2774344240157993e-12,0.039333897873276964
2024-03-08,0.021664427924890563,0.00016494484494949534,0.00030440259236328267,-0.2971311577032245,0.35402861188951273,14152008425.22743,0.0036995400373264382,0.029396324667850544,0.024345506424760504,2.1686199168141496,0.02661593416776389,2.2440186136833747e-12,0.039227772605876884
2024-03-09,0.011494161458711757,3.802832357766436e-05,9.408742406127043e-05,-0.4243180808151089,0.629910668531967,4132818940.47502,0.0056734719853844635,0.0292938705499066,0.02436484769931647,2.1231036749894505,0.02668365024110154,2.25307604128793e-12,0.03919492902785911
2024-03-10,0.015038717890050205,2.1818211830827307e-05,0.00020434482394568882,-0.8070576674396337,0.7493585127306515,7102403722.4269,-0.006917137799406353,0.028985057189408442,0.02434482820363182,1.2173743540846993,0.026815272216915976,2.0284968601251502e-12,0.039050626985445785
2024-03-11,0.03824578130685844,0.0014431612025623199,1.957858520972263e-05,0.9732302554789413,0.9006721522713133,15103305759.78546,0.04759545345738006,0.029993250288151436,0.02425566175057379,0.8721168053510586,0.026742954368924182,2.0567317361556017e-12,0.039758322571308645
2024-03-12,0.008418695611097827,0,7.087443579231781e-05,-1.0,0.915481297841702,14508632314.86478,-0.021439235996501466,0.029245717614174636,0.023794466867697123,0.8266318421923042,0.02713199860218927,2.043808502265738e-12,0.03945127129167307
2024-03-13,0.024189012520448496,0.00010121114920348314,0.00048389717751093093,-0.6540430392716549,0.8247636296986981,9809630177.9462,0.006150447140677906,0.02882889824135958,0.02338067811562337,0.8397999094915571,0.027139606296083727,2.0102152321726882e-12,0.03914830012009432
2024-03-14,0.04144784327857101,0.0006143484475981538,0.0011035752648468305,-0.2847779640647716,0.4690683477996199,14848753489.477709,-0.03136155675157912,0.02980516517036596,0.02352652246819912,1.0805884535063655,0.02721052277742473,2.106608960896088e-12,0.03991870088299332
2024-03-15,0.024004670910139136,0.00028865200471989323,0.0002875722207841868,0.0018738954176420076,0.4984511880356283,20014921950.22168,-0.036698792844541195,0.030078676702756667,0.02328135615595688,1.1525944025888415,0.027117389582480066,2.0853826455679785e-12,0.04006323513036435
2024-03-16,0.03345961949998104,1.772175041270016e-06,0.0011177739620422415,-0.9968341187869458,0.42156388742255746,9957942394.06776,-0.060379325456320715,0.03091413866518325,0.023658372198712717,1.097199233723822,0.026928810915682447,2.1081729684907796e-12,0.04057478721257779
2024-03-17,0.044307588699346465,0.001154260038802255,0.0008089023775481994,0.17591904693045224,0.47855170760634996,9814353456.64519,0.033860044523562755,0.03223359579328206,0.024061759163272536,1.363044388271888,0.026871097699412403,2.0638213394366895e-12,0.041553302822419626
2024-03-18,0.02893237087438886,0.00018858867495378734,0.0006484934094593974,-0.5494141411806879,0.4954808304970995,9962049261.21333,-0.03446722286538308,0.0320490667253026,0.024219389727226998,1.4103466778069567,0.026880263672720794,2.148309461591527e-12,0.041415989401104684
2024-03-19,0.06301784628158498,0.00014783932405396837,0.0038234096259155055,-0.9255451743688319,0.7275528327709522,19521481713.99768,-0.10854935188369692,0.03426664208433463,0.024994954959776775,1.5402320473023494,0.02744394004730297,2.3240115164148313e-12,0.04349146323505718
2024-03-20,0.055582391460741905,0.003089402240495155,0,1.0,0.5106103139095313,23415379367.1745,0.10695052454344756,0.03515178447396604,0.025736020489152658,1.7344576748551763,0.027833311327981954,2.4487837062377994e-12,0.04442354125771537
2024-03-21,0.02444678317024756,0.0002405772665179948,0.0003570679408551044,-0.19491610222917183,0.45458018098082886,12105423292.09032,-0.006456639892907034,0.03453056536768232,0.025520810733372184,1.6475997920570933,0.02792389555359143,2.4360049512743074e-12,0.04398833053836691
2024-03-22,0.03532124858995515,0,0.0012475906019534084,-1.0,0.7630285980959367,13035377951.76805,-0.045707793361662884,0.03532294738777255,0.025788029056048503,1.5746101759376545,0.027686745231310563,2.4367416239452095e-12,0.04447205654780596
2024-03-23,0.028561289406101677,0.0004897568889781239,0.00032599036356097203,0.20075645355520597,0.4273002284007579,6949919666.04788,-0.002407815314820364,0.03622314943460314,0.02614422512288327,1.5991434020252917,0.02711188036465986,2.419918554557444e-12,0.044857196052927345
2024-03-24,0.02751541808274356,0.0007379375600675149,1.916067220065642e-05,0.9493839203844039,0.5862070679233007,6297063059.58874,0.03718689203916218,0.036592077691987246,0.02645532863425263,1.3164955064912998,0.026928862798498165,2.5581734151144087e-12,0.045051217508283364
2024-03-25,0.04681838330321151,0.0019892432226929074,0.00020271779243352715,0.8150352209417976,0.7897751836159833,8954272773.21119,0.03852336608201918,0.03779099688173476,0.02670983427677169,1.2316668915849966,0.02679004711147861,2.6295241618100945e-12,0.045953123546006815
2024-03-26,0.016065102121543433,6.244584597238572e-05,0.00019564166020323361,-0.5160878037242644,0.4387453451452104,8786304757.967741,-0.0009188899343129309,0.03250366948160782,0.02608257024245178,1.1772004564072913,0.017696269564007522,2.602184184067765e-12,0.03680671409688213
2024-03-27,0.0245818016263983,4.4516769700074095e-05,0.0005597482014995242,-0.8526581158206191,0.6720679088862525,10365566873.4783,-0.023867037295784644,0.029952705786233366,0.026191147045419392,1.0839569895740153,0.014327396358131085,2.527981767828133e-12,0.033055467086405776
2024-03-28,0.022459440213617735,0.00048513764534078733,1.9288809368282192e-05,0.9235218169538427,0.9562487631077968,7024952133.98276,0.016693036353050982,0.03026536163002998,0.02615739537969002,1.0291087675624582,0.014074667619674063,2.585162873513856e-12,0.03323635400510966
2024-03-29,0.023756219899497298,9.759396708532304e-05,0.00046676401682794837,-0.654141626885105,0.5709965157406495,6112211894.03871,-0.01456686291389716,0.03036497077167792,0.026087182286363444,0.9955766340570836,0.01401804172477542,2.6862021449609175e-12,0.03330434715312476
2024-03-30,0.022019843662360202,0.0003749449235410137,0.00010992859137377113,0.5465679687904144,0.7717429343449959,4433539602.80039,-0.0010852954934526561,0.03086619373375642,0.026306735312477476,0.8113402031718956,0.013487712676141983,2.6324881960267454e-12,0.03355558862862857
2024-03-31,0.026430158821415122,0.0006770877792447091,2.1465516080518522e-05,0.9385429394602605,0.9056731060110413,5541965437.87304,0.039161407579871896,0.03140864330191665,0.026584719834657423,0.8894325709576295,0.013041008390131661,2.9226036319240443e-12,0.03388911775892036
2024-04-01,0.035395137823130245,0.00017766419109582058,0.0010751515904225647,-0.7163761923872072,0.5849301550517987,9690877424.55129,-0.03977425374365026,0.031272898374120076,0.02690704555879072,0.9573120692567952,0.012980979775627228,2.967983233077407e-12,0.03374130882505593
2024-04-02,0.02891351732429036,0.00013100535662717477,0.0007049861274348642,-0.6865868633239502,0.5325174697046435,13191687525.92359,-0.06654898979857218,0.032248842265224474,0.027002333048419574,0.9924831655963589,0.01190245146526454,3.1378441239048608e-12,0.034276961160282254
2024-04-03,0.007460845072456988,2.544599820133642e-05,3.0218210993869302e-05,-0.0857321582670379,0.36453048315488196,8811379210.6341,0.009893983615215755,0.03145226286293917,0.026676606704196765,0.8734164535394471,0.012979841396077194,3.1614576392182973e-12,0.03390720339013122
2024-04-04,0.02058334833150449,0.00029361398154992686,0.00013006024698612178,0.38603654305088086,0.5086182054216535,8169659175.37157,0.004928558071973974,0.03045871548450743,0.02678226202848566,0.8593611531900979,0.012975009565190486,3.0896104591226656e-12,0.032985868397459824
2024-04-05,0.029335248221800267,0.0006379837022650009,0.0002225730859696348,0.4827230718237063,0.7413615359118532,8604507301.44426,-0.0030048253177009255,0.030712552499348435,0.027110557959425383,0.8740052956945292,0.012894324049414074,3.018926823329603e-12,0.03319046790539192
2024-04-06,0.00451888935035884,2.020680890952082e-05,2.1355205126572234e-07,0.9790843999598431,0.8695479928080652,3784631189.1518903,0.010037834495108283,0.02933442249222357,0.02708176686064492,0.6573657277627551,0.014078262281324774,2.8564900790149716e-12,0.032392404003197116
2024-04-07,0.021439204434488608,0.00045336140451676026,6.278082267035766e-06,0.972682580815826,0.9828378818881787,4908725510.13586,0.030205772612422743,0.028245451812944626,0.02720575855083033,0.6032071232570745,0.013742607356687411,2.985224949226912e-12,0.0312677390792327
2024-04-08,0.051578692931609986,0.002654073270134034,6.288294399279859e-06,0.995272601677071,0.7612658600089952,10242502690.69892,0.06757210959616995,0.029323848101383724,0.02775081662506082,0.9043823299539433,0.014657304856031814,3.1346236997113503e-12,0.03262658945574374
2024-04-09,0.03248659087459946,0,0.001055378586653609,-1.0,0.7912696016312097,12375679718.68608,-0.05250691157317944,0.027869978796289174,0.027988025088500953,0.9818734478638387,0.012504120693301429,3.071873313279972e-12,0.03042438774785683
2024-04-10,0.020188278596097824,0.0002404377082186088,0.0001671288844550527,0.17986956016842734,0.36843892758749697,9907338189.7315,0.011105398923271352,0.026184544850353746,0.027970516088774728,0.9115912044280372,0.01085918263320343,2.9077491856740028e-12,0.02824777708797401
2024-04-11,0.018418390428691814,1.170261386496922e-05,0.0003275344921187571,-0.9310062864082409,0.8554180605735834,7911317508.81466,-0.012254711244898695,0.02589747852932728,0.027972438563995332,1.0034121684133384,0.010986354580896186,2.9561131200287186e-12,0.028029123474105667
2024-04-12,0.07647230283633438,0.00011345162563709974,0.005734561475454937,-0.9611999413558378,0.8582432902546719,13037212264.80269,-0.07897652815731217,0.027857052541059624,0.028861193558838566,1.3578060140330128,0.015495752022112431,3.0776052881988904e-12,0.03169699513803921
2024-04-13,0.06557799726650784,7.895806332462382e-05,0.004221515662161486,-0.9632793648491836,0.8293362079411889,16403790658.86951,-0.07462095430789407,0.02961975291536468,0.02975473454739881,1.421679253633366,0.017549203644657476,3.277726930630458e-12,0.03421460005078974
2024-04-14,0.05063713078224264,0.0022159414206540766,0.0003481775932038687,0.7284232195759084,0.5541246054443983,12011461408.84632,0.04797116285029318,0.030720786853436065,0.030414930247402442,1.5333642883859655,0.0181264104667141,3.186695887569535e-12,0.03544978794411376
2024-04-15,0.0419227851190005,0.0009033263254014952,0.0008541935867323947,0.027955722339126205,0.5137707939107395,12155258304.12795,-0.016761106884037234,0.030487663130378397,0.030446545670778882,1.6558098027919441,0.0179395457046195,3.0474904300562633e-12,0.03515678872865893
2024-04-16,0.035159847381839276,0.0004535633966380441,0.0007826514712761862,-0.26620620992318833,0.6164030716322831,10560043076.80123,-0.00579274892246203,0.03139693671420201,0.030584212640316407,1.7560054973718517,0.017653615343511994,3.068631928249135e-12,0.035813088209866575
2024-04-17,0.038932413841544236,0.00033814434467991045,0.0011775885028493546,-0.5538206548322735,0.6401014357446223,9975172417.97654,-0.03283793978723063,0.03208029920063753,0.03057311496040618,1.491194352209192,0.017654366843871963,3.1157479428783877e-12,0.036414015424474394
2024-04-18,0.029943195616972066,0.0006138184826995333,0.00028277648105672174,0.3692213485740785,0.6268605886198735,8096360542.18016,0.026329192744066386,0.032436668505559166,0.030758518979438463,1.2567147096837974,0.017525513796359884,3.1574493554650358e-12,0.03666954063307676
2024-04-19,0.03971144641183303,0.0012804494844390708,0.00029654949168081554,0.6239065514037831,0.7512919085478633,12155003896.40264,-0.0025957227672094947,0.03319644119662277,0.030985912212050413,1.172731367850313,0.017476158812404025,3.0541309076371273e-12,0.037321256809889916
2024-04-20,0.02439855287116127,0.000574468189137349,2.082119306950279e-05,0.9300468186000069,0.6961538036427064,5020261592.09934,0.03201963931149755,0.033309713063708536,0.031156592449123853,1.061886955683326,0.01740767015203127,3.3461923237526646e-12,0.03739163152781961
2024-04-21,0.009866938537471837,2.6708134442142273e-05,7.064834166010459e-05,-0.4513331724518758,0.5250684515840984,4973199800.335381,-0.002720623643415501,0.03252098828828266,0.030971562926535922,0.9132453341439689,0.018096562092224783,3.03575031341569e-12,0.03700683299539741
2024-04-22,0.007388679879005333,3.380217827792003e-05,2.0790412076498245e-05,0.23834308130368315,0.3191485350270672,6532944241.83253,0.016682815512684416,0.031187347433800524,0.030817832032024012,0.7167656567185615,0.018888796712710005,2.9619096346198226e-12,0.03622771647718016
2024-04-23,0.01739661300831555,0.0002438102080170922,5.883193614400171e-05,0.611211212456346,0.6777073354150739,5330082646.21801,0.006040506468318513,0.03063892341875411,0.030711161099384408,0.6362678839046926,0.01912384732579085,2.7756486209468055e-12,0.035875477049603394
2024-04-24,0.03677910759168254,0.00011102734367572238,0.0012416754115648382,-0.8358436940479543,0.7908473580545131,7955315677.08124,-0.02491606617363671,0.03203503115776485,0.03077206408735453,0.6105376914481035,0.018403773829647155,2.8713218515910045e-12,0.03672619764996771
2024-04-25,0.018096316747798446,0.00024281196798508098,8.46647118515696e-05,0.4829267727167541,0.7304671174636466,7673893769.26812,0.004957679287158977,0.03191660108235027,0.03072682724574122,0.5699327110562403,0.018488956168436647,2.8733584690789238e-12,0.036663779922044885
2024-04-26,0.006990925718677644,2.698128597974235e-05,2.189175642432618e-05,0.1041377680836273,0.5520688840418136,5531739047.59648,-0.007784369445566282,0.03085258572505872,0.030547938309054605,0.5592837933009854,0.019271327421094223,2.92373960914549e-12,0.03613282650482562
2024-04-27,0.03025891760459004,0.0009153390962245488,2.629983768202415e-07,0.9994255181844364,0.9192980836969527,6971864379.531361,0.03884917457680796,0.032078301356212584,0.030775620837873136,0.7016851777776407,0.018307129940989094,3.0627880325725233e-12,0.036717963625857046
2024-04-28,0.021578753273888408,0.00011410477052639904,0.0003515378223289506,-0.5099040668650975,0.5596417213578636,6603964510.25257,0.002550548092819332,0.03208494653904115,0.03085466471508928,0.7345247757522839,0.018303099918894665,2.7881560759276967e-12,0.036721856094479276
2024-04-29,0.015368334919223344,0.0001544069654245327,8.17787527648869e-05,0.30750467562733147,0.3869178491474133,9429474471.30777,-0.014518067260194925,0.03036064377654655,0.03057785286774429,0.6033982975506724,0.018079091055829104,2.5473189857357117e-12,0.03511492232598058
2024-04-30,0.061169947711587326,0.000818754113536612,0.002923008389501715,-0.5623698121557527,0.6315196159115468,13020897617.75349,-0.06511759117393702,0.03172651791164121,0.031287712930755,0.8649834739763442,0.019290653657647094,2.5834264428352576e-12,0.03689147345386217
2024-05-01,0.05228690319210073,0.0005888504361690585,0.0021450698092510545,-0.5692263246116958,0.7673556476785454,12498907680.096199,-0.014026216130401685,0.0332550238447842,0.031530451056367995,1.1287973015694501,0.019599900393909315,2.5834868596451054e-12,0.038363518594700045
2024-05-02,0.026053327393808858,0.00064649907961897,3.227678867002108e-05,0.9048970649136894,0.9366595733328252,6797323551.4227295,0.004765423993880088,0.03361859227169454,0.03134887872290138,1.0989240181164401,0.019380511896812534,2.5431089272558122e-12,0.03857367070239262
2024-05-03,0.035965593538448096,0.0011086551099857656,0.00018486880858709402,0.7141625200235042,0.7735544049946042,7151691173.98163,0.03813707466529773,0.03168970135274757,0.03162323376052658,1.179750681742827,0.016737711476956674,2.5085764518576212e-12,0.03565175499458344
2024-05-04,0.014413967045399503,0.0001355610369594991,7.220140902636377e-05,0.3049618887209607,0.5953048347672454,4285219356.99816,0.004706996298956613,0.029253318961266223,0.031698740437078016,1.2461914594158963,0.015212493160768418,2.34426308252277e-12,0.03280482618280837
2024-05-05,0.01520360394908511,0.0001954341140432839,3.571545899735246e-05,0.6909753409661402,0.47166386413616174,4910484764.99347,0.0063289122895556285,0.02756600815968729,0.03162629090170353,0.9782032918083081,0.014677770053202005,2.215457108754206e-12,0.031065460530759995
2024-05-06,0.026715291714948255,0.00020652444667120944,0.0005071823647435735,-0.42126250340299964,0.5119432620392167,8247182154.47072,-0.02380073424274894,0.026841841807113374,0.031706833939742184,0.799500514225069,0.014304426925733776,2.2872192512662007e-12,0.03025487485083483
2024-05-07,0.019382848883359255,9.206430254323335e-05,0.00028363052829190777,-0.5098984868193082,0.5653830445455533,6751855977.43258,-0.018777185578387586,0.02609055616432861,0.029997054120046145,0.7554097470619046,0.014259956030280121,2.393528159148002e-12,0.029569922347156483
2024-05-08,0.016062797996163683,2.981877929184648e-05,0.00022819470017371353,-0.7688587483598761,0.5689912856030863,6577135534.8255005,-0.01057980785921534,0.02500152683835811,0.02901151060840967,0.6191931681065543,0.014102595262324033,2.3133665713674423e-12,0.028539252077404556
2024-05-09,0.012981282927770751,0.00014063168016634474,2.7882026284487643e-05,0.669082985927642,0.5427627485684688,5123060909.63459,0.02057768661817974,0.024193816710300905,0.02896528228196335,0.610233289083927,0.014289908549988486,2.349780824848871e-12,0.027925228254671027
2024-05-10,0.04086312772685487,2.6094379790062434e-05,0.0016437008278311926,-0.9687454130051844,0.9639496153434658,6695556185.59951,-0.04237123472356443,0.0242486586776829,0.029270023548661196,0.7823957455508058,0.014354503936194214,2.6409575085223864e-12,0.028004236130310875
2024-05-11,0.012292188822628175,7.267838565123451e-05,7.841952039991051e-05,-0.03799612382935796,0.37050897850782893,3252159193.86028,0.0008315980218496689,0.023672165151562275,0.02928269064967574,0.6836311134451811,0.014589364495602709,2.3494158222201294e-12,0.027623998012365543
2024-05-12,0.009384515643107442,6.067609703439666e-05,2.7393036821331625e-05,0.377919695083957,0.5641659013229715,2935939762.59539,0.005637966638359286,0.023649192632783016,0.02919294140766078,0.6215041716509779,0.014612550584774918,2.414809669252369e-12,0.027615991957459795
2024-05-13,0.022371140735483994,0.0004918454484526344,8.622489354196945e-06,0.9655422907130367,0.9525870925615754,7308749342.26376,0.007479481702300745,0.024362643149758192,0.02894096298589293,0.6715585427252052,0.014136959696209301,2.341938990418932e-12,0.02799777082549573
2024-05-14,0.009833378199261738,0,9.6695326809716e-05,-1.0,0.5105499328857684,6062587792.47052,-0.023617918729548836,0.024002489111231817,0.028963418265070137,0.6552720139328756,0.014416869673327767,2.473481707219199e-12,0.027822080797354706
2024-05-15,0.031881932238038244,0.000982999347980152,3.345825525071032e-05,0.9341669438167188,0.6905884525743226,7490561299.98222,0.050688085720531496,0.023769290284867805,0.029085528101857275,0.5936960110709226,0.0142383711361289,2.646573391326325e-12,0.027532825971725274
2024-05-16,0.01750566164973277,8.694120120333058e-07,0.0003055787777828913,-0.9943258792775699,0.9067464423317204,6049550675.84311,-0.02927949707944221,0.023741163851626584,0.028705493472828095,0.6396765916987848,0.01425071586641945,2.8462829595906527e-12,0.02751463518421889
2024-05-17,0.03738417205852777,0.0013252805500633196,7.229577043828898e-05,0.896541220142681,0.49389166837071063,7838262652.4321,0.04882219854134504,0.025188461296381352,0.0289178665069295,0.8324259614337501,0.014005768778910336,3.0758773556316957e-12,0.028657967739257932
2024-05-18,0.013880682175517257,0.00011895894953420716,7.371438812351532e-05,0.23482523301209032,0.5672052629247838,4156984937.14991,0.010019304493235444,0.02440854532356836,0.028607089724001507,0.7958216037484058,0.014164416464897453,2.925303754442868e-12,0.028050916848514417
2024-05-19,0.011128888345303695,4.233319384036751e-06,0.00011961883641819967,-0.9316391490060716,0.5494119847431123,4166087445.67779,-0.016674643966804816,0.02391093270792147,0.02808044368663575,0.8272259022077368,0.014449490402115973,3.0975064334755904e-12,0.0277592903537627
2024-05-20,0.11724571652105256,0.013746558042535018,0,1.0,0.7003495752626027,18048021771.67237,0.17699083527556753,0.02876223659372286,0.029482242823884376,1.3799767529308133,0.02481926994579117,3.49117375131533e-12,0.03760225078381052
2024-05-21,0.04224859464335821,0.0014004122209060757,0.00038453152843272013,0.5691387713756652,0.5477105704317073,21078487769.903603,0.034316086822474424,0.027861219780950047,0.029152572162960144,1.5469215192365096,0.023910768357740177,3.3305551005943437e-12,0.03634208880340143
2024-05-22,0.02806264427269587,0.00035891676252456143,0.0004285952410513089,-0.08847925899587195,0.45543252485681956,13562779469.1395,-0.01382815181054336,0.02670768364193077,0.028715750779022907,1.4823647092815209,0.023248634231681005,3.3256679990196395e-12,0.03504370573783298
2024-05-23,0.039931131984272394,0.0008073227312711243,0.0007871725702742574,0.012637328549878705,0.47024255269507426,29016060909.3369,0.011840591222596841,0.027368531479571887,0.028961534093531235,1.6521110735580373,0.02342566985123169,3.3117154592237797e-12,0.03566044025440167
2024-05-24,0.037404599245542146,0.0002577426828451331,0.0011413613618744794,-0.6315603777747837,0.785086009513987,11955995521.85735,-0.014686732635330838,0.027437055560862084,0.028994603151556424,1.8440520663233078,0.023454162459138287,3.116277539457437e-12,0.035730863748198956
2024-05-25,0.004718257767518808,1.4140088520221554e-05,8.121867840530017e-06,0.27033655902325915,0.5407711095350505,4299287507.21736,0.005758789087932742,0.026975355119058235,0.028616142331896383,1.0677198366666925,0.023815983245111968,3.1277560744855217e-12,0.035607039578481436
2024-05-26,0.020902809845997523,0.00024079957238932136,0.0001961278870686096,0.10224050778619675,0.4488797461069016,7268692628.89094,0.020154561051393162,0.027246745876054065,0.028511180296392474,0.9201131661958725,0.023707357641998033,3.198419572749499e-12,0.03574437318677998
2024-05-27,0.029052049028586567,0.00028897831102463764,0.0005550432417347599,-0.31523475892323394,0.6414730857791616,10831101104.6769,0.01775118694857013,0.02735802003384637,0.028229174990446047,0.923498465357944,0.02371022224965131,3.1390379352182444e-12,0.03583107141001157
2024-05-28,0.018935613888824577,0.00020937374838114512,0.00014918372496550115,0.16786715628557947,0.5822587667647073,10587010856.16523,-0.012679862359331946,0.027336723129344716,0.028274738669291782,0.7788081452584419,0.02371794344818746,3.063639861914464e-12,0.03581968193252195
2024-05-29,0.016521491012686247,2.083721123210614e-05,0.0002521224540501663,-0.8473238805406799,0.6579781349661106,8840201337.98247,-0.020221221734986045,0.02735856565394103,0.028146797230978887,0.6343428671879047,0.02370725064937255,3.095965701466775e-12,0.035829615360497086
2024-05-30,0.022889398469294962,0.00012854053456246294,0.0003953840277236997,-0.5093166313807777,0.7017642088068947,8797090035.41715,-0.005217819401601127,0.027830380679727894,0.028153621965195986,0.7638188441594672,0.023504538993553842,2.9329396084506023e-12,0.03606501994106641
2024-05-31,0.029098092915591792,0.0005005512721869869,0.0003461477391374263,0.18235941105923986,0.4502353403192461,8482436640.914209,0.0037180354033180952,0.02727014092681061,0.028238413600372093,0.8246699087858836,0.023317836975706708,2.6524662504856057e-12,0.035517469031210565
2024-06-01,0.005974506559193909,3.3652085522452424e-05,2.042643103398628e-06,0.8855493131879818,0.42763496340598733,3762256419.145,0.01401793500673423,0.026969298914266117,0.02798372570984564,0.6703774451268881,0.02356023641026336,2.817715383543802e-12,0.03544002281294126
2024-06-02,0.006686100520281483,8.575607794371129e-06,3.6128332372937194e-05,-0.6163377204659731,0.47515187458813757,5315063128.49873,-0.00881677282842791,0.02684080295603631,0.027670327959033996,0.5827446645698401,0.023668049764512915,2.805262989561117e-12,0.03541087696963376
2024-06-03,0.00879478151614452,2.196205254907916e-05,5.5386129367638124e-05,-0.4321249186509322,0.4535437842351883,7289605441.43148,-0.00392685391533568,0.026194309659877287,0.027248100081145334,0.5310171191283888,0.023979611733023168,2.7821835727834805e-12,0.03512522808401744
2024-06-04,0.01305655980189731,0.00015576800069647207,1.4705753164048632e-05,0.8274719382775994,0.8671334617153897,6653247408.53949,0.011600892936201356,0.02634779449809803,0.026996402342694653,0.4644781102005795,0.023879762625386273,2.6797055224772336e-12,0.0351752030041795
2024-06-05,0.016968930497267453,0.0002777287925073237,1.0215809713769702e-05,0.929043228211476,0.9417526983490815,7418252620.82999,0.01445014026206348,0.025637651558061324,0.02714732433356466,0.3730850046680379,0.023928651557720906,2.4502288281940746e-12,0.03467857856226317
2024-06-06,0.015478642381798436,3.423165855874385e-05,0.00020535671142486289,-0.7142460749569266,0.8216429975895269,5943223056.903399,-0.013752825959433952,0.02554112683101683,0.027066297254997897,0.4435587285963526,0.02396715237310126,2.329947362277091e-12,0.03463264370728378
2024-06-07,0.032383020045729335,3.246528912744806e-05,0.00101619469815466,-0.9380823345580471,0.8814281916531111,9796443077.050749,-0.03627864129181066,0.025302976735169288,0.02711467458553645,0.6378800816057864,0.023868232669364668,2.209687588236606e-12,0.03439193141812509
2024-06-08,0.008963596715539819,2.922108077151095e-05,5.112498530732529e-05,-0.2726195021710465,0.601795570964935,2926036726.64497,0.0006221194914536602,0.025068829808503695,0.02718522549609488,0.6484767750471342,0.02400958748203344,2.105039089785495e-12,0.0343140791654794
2024-06-09,0.0052195185294177885,2.633506167286332e-05,9.083120060723103e-07,0.9333186838915908,0.4031718305017053,2642214956.13551,0.006914973716434805,0.024787431245842463,0.02692777016426836,0.5955074143385274,0.024214888109624334,2.039069638581329e-12,0.03424697958621226
2024-06-10,0.017082789591266207,0.00010971401040570653,0.00018210768981376658,-0.24807503812641163,0.34073152368399184,4227296437.78585,-0.010304632256332616,0.02001776805870978,0.026380216142993063,0.5968662195407619,0.011747977879050834,1.6881639264823822e-12,0.023068460724373983
2024-06-11,0.03262135744592,0.0002074651559933453,0.0008566878056211351,-0.6100839569556065,0.5239888008164771,11172484428.62634,-0.04785917369781722,0.0195593281921651,0.026382355294918784,0.7467591206513595,0.01100119764026184,1.8146234380749377e-12,0.022312115752388208
2024-06-12,0.036169066941980334,0.0006867299407250986,0.0006214714627283558,0.04988412168376386,0.47505793915811806,10226727654.51707,0.017646966754896055,0.019945348319273887,0.026636018601996284,0.7911673496481887,0.011447652128416027,1.848242816117554e-12,0.022860998286940007
2024-06-13,0.02000741147178559,0.00013164800736896226,0.0002686485064323753,-0.3422475448572224,0.6147122518590841,7883026434.4522295,-0.02596587793858765,0.01899659972344118,0.026661241158235868,0.8965890666849087,0.010494390135532777,1.9856631424816403e-12,0.021581441882675065
2024-06-14,0.03217679107933285,0.0005298509354432659,0.0005054949487197681,0.02352449272852137,0.46206214666427387,8724522321.55577,0.0032605799791918725,0.018747656477431214,0.025958137797013624,1.1214874230391687,0.010090109158411497,1.944964424782437e-12,0.02117632679588036
2024-06-15,0.011414349607726724,0.0001259587991989399,4.3285777684713274e-06,0.933553382235118,0.4481663445262776,5582814974.94714,0.024792817449830338,0.019066517993631592,0.025098397357985348,1.0930102348593105,0.009723744885742243,2.0926521244028964e-12,0.021297438442541786
2024-06-16,0.012931297432041534,0.0001627622776233559,4.456175652568071e-06,0.9467023457606676,0.6487942996967591,4792346124.67986,0.015319789412693442,0.018686922164395593,0.02449989206671232,0.947395933686964,0.009803742404733052,2.1128392558506445e-12,0.02099375140857845
2024-06-17,0.024503817551899426,0.0002585029749130631,0.0003419340997037113,-0.138950654977289,0.4305246725113555,10383899880.01183,-0.03180069778320024,0.018470339713124777,0.024223400518028175,0.8525815374023635,0.0096116664857959,2.1806293330229518e-12,0.02071565440292088
2024-06-18,0.01984881383453707,0.0003168294045792422,7.714600605886798e-05,0.6083714669709112,0.7793899474420772,11343168334.36804,-0.007786191884059943,0.01851382542482537,0.023980368239499568,0.8633015473278844,0.009615941587745602,2.15628362830511e-12,0.020756322067835283
2024-06-19,0.00913987219785263,3.8804577177410334e-05,4.473268661566916e-05,-0.07096365345341762,0.4236287457974082,8299632826.1935,0.021735848995240534,0.01816231976697615,0.023507470753091765,0.6734775736220185,0.00982505362400859,2.172068219596333e-12,0.02053788673225845
2024-06-20,0.032262253589565054,0.000303267544026736,0.000737585462650667,-0.41727113803548,0.6607879166912024,8897629754.84559,-0.013459701648174702,0.018608646201274726,0.023544281197101176,0.840290866652075,0.010254055495342635,2.215858635762047e-12,0.02112866374469016
2024-06-21,0.017145895877132084,0.00020962229410262725,8.435945132682767e-05,0.4260905471964352,0.4849636594946952,8759168104.96023,0.0016817367678242108,0.018039493961348074,0.023186097855280526,0.8701528763099313,0.009970510539719438,2.204128906820013e-12,0.02049635484254853
2024-06-22,0.006762574816923988,1.5064227640025382e-05,3.066819051446912e-05,-0.34120135134184254,0.3696593836055596,2950982843.3563004,-0.00653790994189214,0.018077021021239984,0.022906161695689455,0.7255657737729796,0.009924205305575256,2.132203397285388e-12,0.02050801177704246
2024-06-23,0.019142769264131863,2.851892268579763e-06,0.0003635937228312118,-0.9844348402542454,0.8118617382713542,4887692168.50265,-0.021659512292465398,0.018670195723328096,0.02305339710404914,0.7286746246578961,0.009575465491638221,2.2642325421124275e-12,0.020878208236986103
2024-06-24,0.028256245807009556,0.000338071661083593,0.000460343766022552,-0.15314346490289402,0.4016208956260489,13901750459.19383,-0.01990206547057675,0.019596932118131193,0.023384628309255556,0.8871325911484372,0.009513473841925432,2.306753053510635e-12,0.021684928283768088
2024-06-25,0.014982220062113395,0.00017596982466937,4.8497093320223104e-05,0.5678909502159106,0.7009039053977607,6678808477.4523,0.012177969789871424,0.01968863022576053,0.023346304611696792,0.7349273233520993,0.009456389926243489,2.3105497633626342e-12,0.021744130650038197
2024-06-26,0.019450864895667302,0.00019314505604146412,0.00018519108914803853,0.021023544788303466,0.5010130605401015,6063286037.3137,-0.006596878073116581,0.019806817578065284,0.023071253140331472,0.7603916477271725,0.009436187368919385,2.2696015151854685e-12,0.021842883896475356
2024-06-27,0.016789082198532194,0.00027497082787265956,6.902453196411066e-06,0.9510244236684522,0.7305740028830944,5901459500.76735,0.023328605323243407,0.019869219474100225,0.023050503385581213,0.849356973871085,0.00941043169463861,2.347648565941223e-12,0.02188892743168217
2024-06-28,0.01814542624469328,3.493204582358878e-05,0.00029432444777801486,-0.7878125625315312,0.4089397046651038,7138480475.034309,-0.020742048340602334,0.019191238816908034,0.02322755894948622,0.839095138667371,0.00896618073300544,2.3096686086327757e-12,0.021091890263477266
2024-06-29,0.005325311878284513,1.4963904100156357e-05,1.3395042500841769e-05,0.05532157528232627,0.5268666563235666,2493797462.5418,-0.0005564500996015931,0.019017987157991113,0.022831787430021056,0.6687491695439075,0.009205641929730536,2.310169493006195e-12,0.021033122872473668
2024-06-30,0.011600020193110485,0.00013228896615205795,2.2715023285130836e-06,0.9662381923285136,0.5127546427251275,3992984415.0922,0.01734615778204511,0.019321820570547907,0.02267339484143728,0.6584559310831242,0.00882487040860174,2.3924097871293405e-12,0.021154257151133237
2024-07-01,0.013180672277037545,1.822856007472438e-05,0.0001555015615999417,-0.7901508397160982,0.4346685184159065,5995532614.39528,0.001087655221675184,0.019136005460346543,0.022638670037593064,0.6065674687801578,0.008914993339454138,2.2849702477296524e-12,0.021020922603780693
2024-07-02,0.012760409477888276,1.8575029034109905e-05,0.00014425302100927104,-0.771844850697885,0.7306896627675799,4168787637.14763,-0.005841815794354449,0.018190246033297414,0.02187026466880419,0.5794459829026148,0.008454442477289862,2.147715870639473e-12,0.01997395687463553
2024-07-03,0.02001409515819396,8.094647007343113e-05,0.0003196175349278118,-0.5958375237776048,0.4571065957473836,8373143758.36071,-0.0374359816233252,0.01742096166264092,0.021357997874615193,0.59455806091087,0.007406796234196979,2.2784485250173443e-12,0.018861021306707536
2024-07-04,0.03185831334710633,0,0.0010149521293224132,-1.0,0.5520495253272727,12216177700.634739,-0.07414089220038729,0.017985290323370477,0.021450140508794516,0.834486245037522,0.00803825916029169,2.4105998281743344e-12,0.019621606451992884
2024-07-05,0.030054775733739568,0.0007177177758838177,0.00018557176852156316,0.589120078559701,0.5519111727937013,16931336844.733511,-0.0261185462154529,0.017884241973580323,0.02135631800395787,1.0041144658792116,0.007862351953378822,2.466261247596342e-12,0.01946070509065825
2024-07-06,0.015924958674932366,0.0002536043087983036,0,1.0,0.6311300096575484,4806659739.67779,0.028163234336815227,0.018099032881542496,0.02138030199807744,1.032429596888885,0.007737383313425859,2.5337990683182602e-12,0.019610998890282515
2024-07-07,0.028782147132805,3.772772294005541e-05,0.0007906842706343799,-0.9089155559487553,0.40355909125525624,5390321656.787,-0.04512309516746906,0.018853835248245517,0.02159583442956506,1.1703934319993372,0.007977472006653259,2.7801996420310995e-12,0.020397957842772974
2024-07-08,0.05503119884635677,0.002238084543327847,0.000790348303139412,0.4780479916790147,0.596069308996697,13619919410.75795,0.02935106974405387,0.020307520071791107,0.02204529327292075,1.4471637629441891,0.011192192230136884,2.7369858375510142e-12,0.023058524029827627
2024-07-09,0.008637261519404395,4.624957883886267e-05,2.8352707715721244e-05,0.23989708559464734,0.6165238765241248,6802252912.17147,0.015635157067298483,0.01977363662821336,0.021874728394127817,1.2698083161516376,0.01147889846508874,2.8137527432324398e-12,0.022726356646637417
2024-07-10,0.01008489909855464,7.401304817383566e-05,2.7692141654192525e-05,0.4554428992066823,0.3855067814535204,6683224627.71187,0.01105431775554993,0.01981863790919917,0.02177984111003878,1.0884630761945748,0.011436901593030884,2.7678073476870687e-12,0.02274538251525259
2024-07-11,0.019083540164786784,0.00026104858625681073,0.00010313291896421964,0.43361803119779063,0.48853423464780926,8152402004.42387,-0.00028076426152216555,0.01919108012706687,0.021876702336023165,1.1092475296884257,0.011075831242616576,2.697412612217084e-12,0.022025666239976822
2024-07-12,0.02154403504983547,0.000421068295646381,4.307715058215822e-05,0.814380811307378,0.8333443447038094,5984893351.43529,0.011233404601019766,0.01940051532576703,0.02157005007130857,1.043887314121279,0.011076807408724054,2.7776489239405284e-12,0.0222088497380265
2024-07-13,0.009281296148067258,8.586223653687712e-05,2.8022165125099726e-07,0.9934939945493773,0.43924772792598493,3309598689.12394,0.01292815976771049,0.019520454436773853,0.021522258124093318,0.6266180440846905,0.010945986046636507,2.8581612823645788e-12,0.022252130107180502
2024-07-14,0.01888947320173885,0.0003401808318365597,1.6631366002650605e-05,0.9067780412028111,0.7899232818283528,4379641147.06541,0.021678869931192432,0.019508392719517046,0.02167313046629382,0.727413983611766,0.010946562580799206,2.882850791790723e-12,0.022241820072818302
2024-07-15,0.0279467701331826,0.0007594598743077502,2.156208656919685e-05,0.9447849416551962,0.6441042909765333,9168654594.26661,0.07083854287775322,0.019493655782668144,0.02176163252022554,0.88502448272339,0.010934398396159513,3.1825909119802828e-12,0.022223192836651414
2024-07-16,0.034950570641625836,0.00042498523055766845,0.0007965571576176093,-0.3041825896971038,0.5901168842401336,9753609626.26469,-0.011203895115435146,0.020444529619787783,0.022160318114548782,1.0320908572866896,0.011381557776241776,3.1504631773644054e-12,0.023266931128740443
2024-07-17,0.015392393330444313,2.6427151759447422e-06,0.00023428305726316183,-0.9776916192042893,0.4654345645922816,7844661419.98232,-0.01664742846484397,0.020251269069062876,0.02189857940172983,0.9745858035233228,0.011433611672019775,3.1997075088702815e-12,0.02312177019338534
2024-07-18,0.023153417917330256,0.00011672522102128601,0.0004193555402332637,-0.5645237454590883,0.7822618727295442,6551974018.48734,0.011446314958043362,0.020554332674719927,0.021988226326612327,1.091564166420568,0.01142159456645921,3.094658911920465e-12,0.0233820737955339
2024-07-19,0.027341615688170475,0.0005954495011927995,0.0001521144472468104,0.5930396387778761,0.41885613098762403,8238609685.591371,0.022287079741326297,0.020992246457742652,0.02182882066993999,1.2534199748197492,0.011500638441449402,3.0851128148344495e-12,0.02380421764291208
2024-07-20,0.006676340937362492,3.903426606863463e-05,5.539262243267644e-06,0.7514550697217963,0.624707514744846,3670139851.53731,0.003946880466514681,0.021056581174841604,0.02171446604711214,1.0774885736366766,0.011412053024977574,3.1256970839301916e-12,0.02382043031789605
2024-07-21,0.015704050288553918,0.0001837319712204999,6.288522424493046e-05,0.4900175218824478,0.6744847198117522,6134383804.64903,0.005179918309711428,0.021252011179386528,0.02178708766525897,0.8938290208234748,0.011276347093729546,2.9590422565780496e-12,0.023932173640270702
2024-07-22,0.02733793519526943,0.000181883309730651,0.0005654793910100999,-0.5132662907839077,0.39103720248510426,6769829515.27811,-0.027602083905474677,0.02192616655644519,0.020359980025167174,1.025693462253673,0.01119255967170831,3.1445569708584092e-12,0.024496219550094928
2024-07-23,0.02663555098517052,0.00036273001017731636,0.00034672256610630175,0.022563092454844107,0.440437868769166,13828978662.12502,0.012406396934404,0.022586887580601487,0.020112153935354666,1.0711723512519118,0.011032831552376804,3.120547823829627e-12,0.02502188065656189
2024-07-24,0.021984341078235867,1.3449594713909125e-05,0.0004698616579302998,-0.944343962031399,0.47406162390682577,7821933918.61205,-0.043077714222252206,0.0226807088148892,0.020015672932268,1.0009544356569098,0.011018226698968101,3.1698972632704853e-12,0.025100495148842814
2024-07-25,0.019930957284009846,0.00027052304039747426,0.0001267200178595508,0.3620026065877272,0.6772327743586607,13341514822.71402,-0.04935312120718858,0.02211273947855127,0.019698209841787644,1.136806217798152,0.010827245097025947,3.0570467746845e-12,0.024507552693961536
2024-07-26,0.007907231694295599,6.080308224267436e-05,1.721230824598501e-06,0.9449420316622577,0.5450196931473514,7320892193.0802,0.030763351644956992,0.021058094524292033,0.01922999765843452,1.0767065830354932,0.01109041803490932,3.183690383400926e-12,0.023676648822410915
2024-07-27,0.011017427671071122,7.152335068091326e-05,4.9860361806370386e-05,0.17846701530744766,0.5498834461841873,7122454624.01377,-0.007557182284815045,0.020824402571727213,0.019329984482300434,0.9136630078427724,0.011254480220089378,2.955205862654601e-12,0.02354331073973707
2024-07-28,0.01025379966127175,9.40548797363661e-05,1.1085527757130567e-05,0.7891290699474177,0.7465166415229887,3619629949.8849998,0.006098674712293902,0.019942100311178008,0.019160952574606375,0.7466322850392876,0.011325481987581041,2.6368133298533835e-12,0.022800131062972566
2024-07-29,0.02106266811333156,3.9516277577742956e-05,0.00040411971047461115,-0.8218526961654898,0.9109263480827449,9642865305.32722,0.014834210273704384,0.018324551228653,0.01903413700452296,0.7381328595184871,0.008001237140237325,2.6074490781866257e-12,0.019918845644321424
2024-07-30,0.016533199774448313,4.069754350351011e-05,0.00023264915127830762,-0.7022276524251048,0.7730007964302105,6618568157.7503,-0.011733212393101643,0.018700548288416996,0.01899600344715191,0.7102145522658062,0.00770322148208091,2.582413160789942e-12,0.020155010077935825
2024-07-31,0.017878406013070915,5.268917835191716e-05,0.0002669482232162931,-0.6703190672092024,0.3799421325527154,7150139867.6455,-0.014345103242315199,0.019071667665298723,0.019017541780491348,0.8077459637756913,0.0074509952676409365,2.599185987662584e-12,0.020410834270315235
2024-08-01,0.0332405360737223,0.0005771853266799571,0.0005277479117884764,0.044742445217782326,0.4653933187417754,8965170896.1268,-0.009270782501602041,0.019745810327628985,0.019181845551990193,1.0179358784931414,0.008067091996731175,2.646788335885843e-12,0.021257376311992853
2024-08-02,0.03941440572753019,3.727739515891599e-06,0.0015497676393384729,-0.9952008360415713,0.8827061289866792,10491247461.2199,-0.06902834478610238,0.020596780359900164,0.019345596549005088,1.2841631241419365,0.009137757790113634,2.8707241841700016e-12,0.02244437243464808
2024-08-03,0.02539889582703742,3.0166573397465274e-05,0.0006149373358352334,-0.9064753043169556,0.5313895160156664,7708121561.66818,-0.02925825506071969,0.021364285106517788,0.019653920188177208,1.314076631932606,0.008810851673843554,2.8654626484827748e-12,0.023029699649359168
2024-08-04,0.04785663152034133,5.361354892249443e-05,0.0022366436315512327,-0.9531811978326341,0.39905197275619136,10337564316.12464,-0.07673432275281,0.02274367359787981,0.02030742068024165,1.5843544306594697,0.010508056204891765,2.9832218714245907e-12,0.024948664786648915
2024-08-05,0.07797563740748896,0.00491554870214278,0.0011646513269614118,0.6169036145565749,0.7419112570138219,31796290079.35264,-0.10545974169481981,0.025126000610942018,0.021405529503913785,2.0618128110550997,0.015988585607978428,2.7732488006856586e-12,0.02957664090814407
2024-08-06,0.04434014543581544,0.0009283497955898804,0.0010376987016793842,-0.05561862092485689,0.3903566293144844,10853835843.08941,0.016919642650403906,0.02557312322018914,0.02190209435524582,2.1443541391779117,0.01640298797285848,2.7927807424521403e-12,0.03017002418412885
2024-08-07,0.039139878383518095,2.1883606063606477e-06,0.0015297417192702265,-0.9971430019749504,0.44320662326679405,11948141533.76121,-0.049351125752378544,0.026703955841764083,0.022254014162964082,2.0938009921783136,0.01648440997207693,2.888414502117136e-12,0.031175266334927388
2024-08-08,0.05681854842976734,0.0031837419012723054,4.4605544393511774e-05,0.9723663297434751,0.5361950167379694,12083805705.504791,0.1356608611182935,0.02830705729473728,0.022910203147852477,2.2863856324812155,0.017713030782590178,3.339827091165355e-12,0.03316776155398209
2024-08-09,0.035833558680785756,0.00016443675783881978,0.0011196071698904963,-0.743876740837664,0.6701733213125669,8282477599.455111,-0.031706475821160145,0.028711435532480862,0.022964973602377182,2.154174586002601,0.017786668292257366,3.3933004201403732e-12,0.033550664258435704
2024-08-10,0.01891362283529467,0.00015706678219964577,0.00020065834655613428,-0.12185770820212241,0.5609288541010612,3425329027.8452,0.004175435565106684,0.029294163241906205,0.023122910524912974,1.6696505615889388,0.01722009308244184,3.400137795463109e-12,0.03377216388026969
2024-08-11,0.027413409146286486,0.00013312470507065614,0.0006183702959510474,-0.6457070109856621,0.3757321278046797,6903526348.81363,-0.02096361791601609,0.02985175175894109,0.02347519450295851,1.5343359305700344,0.016945425897866406,3.5045304760822157e-12,0.0341262487452163
2024-08-12,0.049373758707922856,0.0023217091396637857,0.00011605890928440224,0.9047826479352885,0.6780877449435002,10880965017.29926,0.06313544267959993,0.030901076688115064,0.023987749568302266,1.588995000632457,0.017456540206832547,3.5866807313130253e-12,0.035285922776543056
2024-08-13,0.022868950029005155,0.0005001374699359861,2.285140549314883e-05,0.9126122693359461,0.9397011406733429,8069318726.17169,-0.007428807937209854,0.030721714737821475,0.023832949450573456,1.3111669601312805,0.01752178741468355,3.58779947172204e-12,0.0351598794415161
2024-08-14,0.030123632119290762,0.00011161438169354314,0.0007958188303648228,-0.7539997870689262,0.8634367137537574,8350455924.611931,-0.015367325805080809,0.031109300025490755,0.023736990167673624,1.2461801998365711,0.017408506568627666,3.413180456787335e-12,0.035445922277796256
2024-08-15,0.050587682369799936,0.00027236672122390115,0.0022867468863238655,-0.787139796826064,0.8135627864151325,8394943427.72548,-0.03484683798699399,0.03256914407719504,0.02422239129303893,1.4728999993437937,0.017707088995008332,3.434690820250188e-12,0.03686949447383928
2024-08-16,0.03167018220556584,0.0006030652000606205,0.00039993524087311873,0.2025223029796465,0.39474934421949853,6920011178.09664,0.008832962811929792,0.033700713149160295,0.024214349882344215,1.5003444259697336,0.01678768716016376,3.2953720658382993e-12,0.03747191215128895
2024-08-17,0.0046563694391989355,2.1485051420765895e-05,1.9672493353991365e-07,0.9818534302425045,0.45870416086336346,2137408112.92346,0.008319435615686236,0.03339780561430924,0.024107080355859647,1.1487685895890984,0.017267953632009156,3.4301941958648546e-12,0.03740850824384058
2024-08-18,0.02784366951080525,0.00032175476640062915,0.0004535151654263168,-0.16995422318932252,0.5816287232023792,4267133650.03774,-0.0009609771311045707,0.03423541846428703,0.024343784674570185,1.1745834648840965,0.016498658078812,3.360685403463376e-12,0.037832623736130874
2024-08-19,0.02104507909627915,0.0002033050659691877,0.00023959028819945793,-0.08192730379477757,0.30874365761552175,5523868083.81981,0.009333212996948555,0.03423458089204644,0.02428888406416351,1.1093891358273233,0.016499360675695164,3.3678879858637464e-12,0.03783215762389817
2024-08-20,0.03296122063962691,0.00013427773445690263,0.0009521643315972645,-0.7528119746972171,0.6205082387851771,6566812933.60973,-0.02445062620635528,0.035016867599912085,0.024497017505514144,0.9551135218518793,0.01600001435098752,3.4607732557635165e-12,0.03834046136502431
2024-08-21,0.022368119662715614,0.000387443341708931,0.00011288943553663391,0.5487425942465192,0.5772204448829903,6277878525.37053,0.022254801947284207,0.0352306634879904,0.024706989687496097,0.8707810912179699,0.015788149450037346,3.5340440609902735e-12,0.0384525099230446
2024-08-22,0.019169969785243133,0.00010890171102876812,0.0002585860305383665,-0.4073178573828788,0.7036589286914393,4269132808.98035,-0.00280688842674835,0.03456063652187234,0.02449917565885607,0.9868433991165543,0.016170762006443764,3.5161105220590695e-12,0.03799314500207173
2024-08-23,0.032366123282295725,0.0010107948474577333,3.6771088867031895e-05,0.9297970894394715,0.7353935967930743,8851748788.1898,0.05186559436079172,0.03422500402448023,0.02474076657004914,1.0202188833639056,0.016138094772305635,3.4818128378709094e-12,0.0376747553267802
2024-08-24,0.015147231039531913,0.00014900170739623518,8.043690076872387e-05,0.29883726708373076,0.5599787084098377,5889986272.50161,0.0017438562445893629,0.03373682951078949,0.024873856351360378,0.9730707092547273,0.01656776794302489,3.315160531054971e-12,0.03741114276746465
2024-08-25,0.012059669340194343,3.085882643372903e-05,0.00011457679816109445,-0.575635934872213,0.41439432251914426,3389709159.62444,-0.007958857951640282,0.032032212264115824,0.02476142619383756,0.8103580735612028,0.016880949377094216,3.073497875639787e-12,0.03602026156712171
2024-08-26,0.016601879836395182,2.0246279088006563e-06,0.0002735977861933042,-0.9853086845973956,0.8190406970523738,5184051187.20895,-0.02405471706840853,0.02910965237977802,0.024576436257796062,0.7642399216849127,0.013504179724324682,3.136517293757203e-12,0.03195388529594833
2024-08-27,0.058433409350163876,4.882348870498633e-06,0.0034095809794133206,-0.9971401954561611,0.7429842453265533,9846501388.57358,-0.08701477006253583,0.02978076018522319,0.025266137675066705,1.0506825821174082,0.014604304340242243,3.4831012318421067e-12,0.033015495154803294
2024-08-28,0.04103344717324346,0.0012931156050610384,0.0003906281818583235,0.5360004474635292,0.7081143813339602,9159321788.05102,0.028629629061642674,0.029870930127591063,0.025608718346139342,1.0929497090824791,0.014670673524518967,3.4352580462208365e-12,0.03312479651955214
2024-08-29,0.022431404581293064,0.00016389075970711927,0.00033927715178253616,-0.3485643421818695,0.6737880326701078,5495665085.87916,-0.00041158778481939154,0.028233447087187526,0.025698279018881578,1.1406616421140474,0.013374298629451333,2.9042212036427873e-12,0.031104367707017373
2024-08-30,0.03548268744140499,0.0006019165996638631,0.0006571045084005759,-0.0438339821177074,0.5194165480834488,6752794214.889111,-0.0005107626509946946,0.028216738932931296,0.025973473641051605,1.2998158755107287,0.01336454489247979,2.7255306414197835e-12,0.031085207536900257
2024-08-31,0.010105089676012213,3.284799546397956e-05,6.926484189626903e-05,-0.3566333810098019,0.6016864984349624,1976386313.99828,-0.0051936823848056785,0.027797284972965467,0.026049343129904427,1.2533506943545765,0.01380219239691027,2.792620157942898e-12,0.030888802400484593
2024-09-01,0.0320510908299474,7.030271177415847e-05,0.0009569697116153799,-0.8631274233134946,0.9175156406181914,5659435689.68286,-0.03539747977918605,0.028018126957901703,0.026373963298743107,1.0480563931277322,0.013832811731561695,2.9458554778093367e-12,0.031100649059853637
2024-09-02,0.031216447504994978,0.0009593140924600466,1.5152502372060597e-05,0.9689009301038766,0.9359343408237311,5708121980.45667,0.04523385195799796,0.02715349309109561,0.02666024544521862,0.9755276044418056,0.01297189351771721,3.0469076944376816e-12,0.029959461782875868
2024-09-03,0.02836675150335177,5.031614854874246e-06,0.0007996409759980357,-0.9874940070978658,0.8637306322704965,5085212466.249249,-0.04544798116408401,0.027415293161302593,0.026907965159908516,1.0206971474057238,0.012936529269112157,3.428653347826028e-12,0.03018249261704332
2024-09-04,0.026055296671936876,0.0006761871176315281,2.6913670311168276e-06,0.9920711376426835,0.790708882084403,8140965676.04585,0.01051362655001029,0.027221562901904788,0.027003857247428247,0.9446417579862947,0.012924399640737877,3.4025175996333e-12,0.0300016549898578
2024-09-05,0.013182031693212151,1.2502986111203136e-05,0.00016126297344964648,-0.856093953697245,0.5313111861388132,6245550694.43367,-0.03417368727944821,0.025440341441114893,0.02670740833228707,0.9767724141989221,0.012094021811006595,3.4654106165137706e-12,0.028044809125629417
2024-09-06,0.052344138540512515,0.0001524829056854089,0.0025874259338629587,-0.8886949058417992,0.46456265526191926,12547525242.00458,-0.06259026259447668,0.026424815552302833,0.027061207741918385,1.1301201756544526,0.013397682036325579,3.642163850442138e-12,0.029482558278354016
2024-09-07,0.024775219200151227,0.0005363060967363193,7.750538967922264e-05,0.7474619116959549,0.7896299951548885,4165135636.96698,0.021580450961770335,0.02738285601711008,0.027201688067715512,1.0711951283440455,0.012448973710107945,3.7035405698846845e-12,0.029956934013623617
2024-09-08,0.027698496125625957,0.000270274913603924,0.0004969317740173922,-0.2954312886872843,0.6477156443436421,4415720059.77657,0.010367641736942651,0.02737594299876821,0.027184487258077747,1.0547895106168232,0.012448745327773063,3.804621018941061e-12,0.029950524728071255
2024-09-09,0.027307630217044795,0.0006501571521384768,9.554951593238112e-05,0.7437343126364483,0.8286864947920884,6805916507.207621,0.026769452127164493,0.027674159718804672,0.026744430613168037,1.058646801595217,0.012364227505479356,3.911461325131055e-12,0.030190288469358877
2024-09-10,0.028679135600644917,0.000670161307310256,0.00015233151148992264,0.629585795746793,0.688298145292759,5054995341.92923,0.012406866523154194,0.027470250907424578,0.027062555598584552,1.1664987050349642,0.012307855712139937,3.851033456507379e-12,0.02998140267047398
2024-09-11,0.009083530252061064,3.903076884672298e-05,4.347975299338554e-05,-0.05392020372000487,0.47303989813999753,7306678946.31927,-0.020483701683794344,0.026837651411679122,0.027046660854989416,0.852782287200619,0.012909884146023317,3.815722304354449e-12,0.029647735296522294
2024-09-12,0.02053741251805176,0.0002668446199314594,0.00015494069300516977,0.26531015541335967,0.6323827317091222,5033942160.06787,0.009195868180197148,0.026902767732289057,0.02706973819393013,0.8212187878410236,0.012872670272767553,3.871402697975586e-12,0.02969130860789562
2024-09-13,0.02468742384051338,0.0005988018459647895,1.0667049916359064e-05,0.9649955888202072,0.832556579263052,5530067659.026831,0.03224324622192811,0.026537115377918467,0.02711963325409962,0.8009719716209996,0.012818667167828948,3.8700299579298435e-12,0.029337894318076888
2024-09-14,0.007699254146572829,1.4550431529106576e-05,4.472808288441234e-05,-0.5090824500895981,0.44377282204216917,2596020589.3281803,-0.008861372846293842,0.026182449811587086,0.02709452147629812,0.669617571942591,0.013245487097080205,4.0184763097505405e-12,0.029199472279673767
2024-09-15,0.029220298522174743,1.4176546815622408e-06,0.0008524081910434452,-0.9966792884318033,0.6760709229963849,3940360052.61832,-0.043037393000460424,0.026999622629776628,0.027258502830590753,0.6679302869612399,0.012854203525720849,4.4267739732015744e-12,0.029771497259699627
2024-09-16,0.019630688781748985,0.0002776026747260111,0.00010776126731987435,0.44072988900947474,0.5091218021559277,6460692525.60421,-0.008781996191049215,0.027143851627174427,0.027126501539298156,0.7467569156393875,0.012748259203504766,4.270543383335086e-12,0.029859133211284694
2024-09-17,0.03668130937029049,0.001153997429996752,0.00019152102712220883,0.7153201041443968,0.7683029680667188,6111066521.555759,0.01984013990915928,0.026108037342418552,0.027153973582610295,0.8602970516537701,0.010816094018206676,4.00432749664164e-12,0.028161083995259503
2024-09-18,0.02987554103718419,0.0007243338394390125,0.00016821411282546403,0.6230698588267682,0.7372027899121405,6635180765.57796,0.014143775312724425,0.02557670847879668,0.02738386481605061,0.8856561019199853,0.010308383733879042,3.956989257157822e-12,0.02748400734357415
2024-09-19,0.01662805925713415,0.0002753525294066478,1.1398252521169223e-06,0.9917551047404285,0.7065699627772098,7171076241.07582,0.037466482922669894,0.02530035870145578,0.027280287694460194,0.9493657346669196,0.010473388031565018,4.202216565957845e-12,0.027286930672518545
2024-09-20,0.020923958110588933,0.00034355820000625813,9.425382300742234e-05,0.5694324593526425,0.5589591778441806,7753088412.44312,0.03811129827724923,0.024607085876178828,0.027178420113863663,0.8931458067749489,0.010245040335065337,4.432692315611071e-12,0.02656071141744149
2024-09-21,0.01715689594862519,0.00029435907859195153,0,1.0,0.849087690780702,3860209268.60618,0.0197620368662487,0.02494288617487468,0.02734477812991545,0.8803090646195894,0.009854051113264532,4.55133770155392e-12,0.026732489108132116
2024-09-22,0.006284257504354622,9.636940487445281e-06,2.9854951893592096e-05,-0.51195347164105,0.38278085548287927,5079507048.41662,-0.01212033314264928,0.023715894111751217,0.027195257609531336,0.6659718058339306,0.01050725610547356,4.367124778227494e-12,0.025837739950954303
2024-09-23,0.01850840871629588,0.00011857040812014647,0.00022399078508931084,-0.30774173799863436,0.3734617100597703,8258863620.46054,0.02521857633179226,0.02311074940752745,0.027055106395579374,0.5831693827728212,0.010419256254371415,4.135174523376858e-12,0.0252487241729664
2024-09-24,0.018971400033371257,0.00025950666885901175,0.00010040735036718714,0.4420481281442772,0.5664447144556901,7157361925.277241,0.0023254770910506035,0.022663351718480756,0.026933453205868273,0.596325425362985,0.010383937631167964,3.72506139768394e-12,0.024825774766586154
2024-09-25,0.018633803038106904,1.7806560036835376e-05,0.00032941205562612665,-0.897433148837159,0.39341972186470175,5567024562.92928,-0.027951120895050495,0.02230994725972695,0.026880270062374166,0.5769710967597965,0.010389014384481188,3.9026513755120286e-12,0.0245056272244977
2024-09-26,0.015009399840632164,0.00018298460850261117,4.229747507335768e-05,0.6244932184401227,0.47107815551635446,6929873789.002729,0.020042858953633443,0.022396964790556473,0.02680215010295547,0.5597874544267681,0.010316134291933352,3.7798206572655695e-12,0.024555628976441788
2024-09-27,0.015770516637856145,0.00023730352800029752,1.1405667024599898e-05,0.9082810989480455,0.5752199753743183,6342180731.2717,0.023427787413018212,0.020655363747572836,0.026926964149678653,0.6303999155334105,0.007784062165871616,3.718187726505803e-12,0.022007961285124753
2024-09-28,0.006038055690430821,9.071056399642572e-06,2.7387060121101444e-05,-0.5023848039719054,0.5745361418543363,3723908596.00055,-0.007310807571328692,0.01976311786615758,0.0268479264991923,0.5433770784727394,0.008342082488681634,3.564949443727297e-12,0.021374221443447056
2024-09-29,0.01485767763400936,4.584510152201054e-05,0.00017490548315413144,-0.5846434419254761,0.7363922560733799,3694249941.6465697,-0.006607643628451189,0.019151650318937744,0.026921003927330996,0.5142872585398157,0.008200756602053088,3.538317800263848e-12,0.02075658023677423
2024-09-30,0.013659681140508653,1.6632734635931704e-05,0.0001699541542244361,-0.8217159336594243,0.8516607751666486,7479243412.386021,-0.02084981923819888,0.018501747981959832,0.026803496197603645,0.48367636743176623,0.008061699759607271,3.4837668028130017e-12,0.020104996188377425
2024-10-01,0.046841335584876506,3.4370151342517516e-05,0.0021597405680325006,-0.9686705406076246,0.7472713999169684,11757705807.87982,-0.06128287477347204,0.01936661464787562,0.027284577718404094,0.7160468839336834,0.009959079238808687,3.6150890969105882e-12,0.02166854886367064
2024-10-02,0.038643785521753994,4.531675416229615e-06,0.0014888104840350943,-0.9939308277241773,0.9059801227898865,8682380285.25884,-0.0348694848263996,0.02077424585119433,0.02761418691695462,0.8774679473814295,0.010506956600774027,3.672836659482827e-12,0.023166969348431175
2024-10-03,0.01716507119602814,3.0049635196717104e-05,0.0002645900339679977,-0.7960245116897806,0.7122816634521048,7492256044.288341,-0.00605298405211753,0.020613658169193208,0.02735902080778487,0.9770707954406919,0.010536487164607956,3.6243188501589857e-12,0.02303592660011358
2024-10-04,0.01644047417088572,0.00023174412047364157,3.8545070489918906e-05,0.7147864451959131,0.6082482231211912,6057108558.063829,0.027149240406479053,0.020220946280163316,0.02699435522752067,1.0281338485947713,0.010530746550350486,3.5601130182383817e-12,0.022682647548422013
2024-10-05,0.012451006047976733,9.622651315582973e-05,5.880103845092343e-05,0.2414117640188288,0.37271055428986327,2659364171.76931,1.6574127786954413e-05,0.02044722018023017,0.02678883316753558,1.0401812373615744,0.010296689900261207,3.39786480951783e-12,0.02278293172020488
2024-10-06,0.00947647211341547,8.477014328018927e-05,5.033380436151765e-06,0.8879023844977283,0.7530751291178803,2965206689.83741,0.010448985157241282,0.019507037970289253,0.026179624288060567,0.7595615182302606,0.010356795047814664,3.0455631874786347e-12,0.02196997866256979
2024-10-07,0.016149065933731877,0,0.0002607923305320194,-1.0,0.5145232226568446,8255869954.962151,-0.006999294083721759,0.01934124640609796,0.02519825013768347,0.5943824711021062,0.01038255155591822,3.0212060280670604e-12,0.021834559325370217
2024-10-08,0.013467341070619686,9.584043111283883e-05,8.552884439956097e-05,0.05685409882211764,0.4137236412040429,5503261413.71323,0.007442044060207855,0.018235819344208877,0.024708205623950204,0.5725701962664009,0.009654302584189351,2.9310015038610307e-12,0.020525893540075505
2024-10-09,0.028233978139618685,6.963753602155051e-05,0.0007275199855669153,-0.8252853817830473,0.4931208698164601,6518443895.41703,-0.02921129885316779,0.018157649682420042,0.024535096096269263,0.6675295338374202,0.009561545130190797,3.0428918059861704e-12,0.020414943158327696
2024-10-10,0.018251432415477425,8.394167643249938e-05,0.0002491731087842407,-0.4960195094439714,0.7468571981093753,6818678392.31371,0.006578583676973641,0.018234953166150675,0.02392291965159799,0.7206677032096696,0.009555120515893207,2.840040473468423e-12,0.02048087425806812
2024-10-11,0.015444766702693593,0.00017110970299043457,6.743111551019815e-05,0.43463667196212546,0.46727632967267185,5679642394.45142,0.022066944298301926,0.01797403928958423,0.023599288032898118,0.789731189794641,0.009552830358861784,2.790975808862869e-12,0.020247891381523792
2024-10-12,0.009286625397843352,8.620971727671135e-05,3.1694003157842866e-08,0.999264993401952,0.7956242361990211,2752321410.11463,0.014914167446572294,0.017599264501451762,0.023446478549763967,0.7377352875617507,0.00973905851510389,2.8052300114150615e-12,0.02000166843760506
2024-10-13,0.011818421481293044,7.979016714205166e-05,5.988491916743721e-05,0.14251108412067742,0.3742474658119084,3182005834.60698,-0.0029497054487421788,0.017862796119401208,0.023198939063018044,0.7331128709863582,0.009489245361736813,2.735747712268774e-12,0.020120570781421526
2024-10-14,0.039028109822470555,0.0014902075713826156,3.298578493220717e-05,0.9566886439000597,0.9480174553184788,9413848750.38399,0.06323488669230437,0.018839924743504766,0.02303472241404261,0.8355196010339798,0.010555611900595924,2.9102097512953247e-12,0.021472259959438064
2024-10-15,0.015567466931136809,8.835173885402261e-05,0.00015399428779801552,-0.27086290561818405,0.526695808141493,10179198376.76577,-0.008534261218530573,0.01867783269101741,0.022918825856933587,0.8214351941727062,0.010579600171553879,2.9346618978895062e-12,0.0213414964781953
2024-10-16,0.013319159239924962,8.628285423471883e-05,9.111714862375966e-05,-0.027250813478832944,0.4420475976214653,5575803606.56706,0.0014759641010808797,0.018424754414913508,0.022652088192181747,0.7970925546847396,0.010644076327829988,2.7081796183052287e-12,0.021151190777804568
2024-10-17,0.022766919942952837,0.00017428644847882128,0.0003440461952100024,-0.32751120115270005,0.3582577571271049,5391409323.33926,-0.0020631214895566567,0.018794160134071636,0.022210488788581003,0.9212865061934036,0.010654227564131438,2.5886761990520547e-12,0.02147853951962022
2024-10-18,0.019805454391080033,0.00030823540678235023,8.402061685480116e-05,0.5716031785784748,0.4404290397920492,6087636750.2359295,0.013762769367880078,0.0189863000270823,0.022022159775652656,0.9939981120813111,0.010633335138468562,2.5204290434893675e-12,0.021637079820602822
2024-10-19,0.007566051749326539,3.709815063416565e-05,2.0146988439321528e-05,0.29611531160896376,0.5301213503487918,2145117994.00858,0.002397629236385818,0.01905906174417257,0.022068345209146745,0.7247479374724244,0.010545165202705003,2.4801674372807407e-12,0.021659941860031274
2024-10-20,0.027755266303066496,0.0007645875459048536,5.7672616492849325e-06,0.9850269990068709,0.584723015971945,5086837478.2804,0.0369014366305348,0.019673232633175292,0.022066941983627082,0.8330936660799413,0.010663163706979598,2.740437391911179e-12,0.022255891602917015
2024-10-21,0.01314490939162903,0,0.00017278864291413708,-1.0,0.498478004149639,6594015920.8176,-0.02968662349961684,0.01964871969275245,0.021941542464505654,0.8353328475058068,0.010678260132294228,2.8220737831609838e-12,0.022241125234799142
2024-10-22,0.006830188438443774,2.5466101969056053e-06,4.4104863907745407e-05,-0.8908240202145418,0.5943702881774338,5872949301.92433,-0.016958276453060774,0.01774342697149375,0.021526764175597984,0.7028270631942211,0.009025375964724872,2.711377470299011e-12,0.019809282865604336
2024-10-23,0.02235493700343589,2.2981163910626367e-05,0.00047676204451696074,-0.9080281091445533,0.5207521097971587,8115624142.39563,-0.03807573937334011,0.016967767518240508,0.021526554927037988,0.7226240586990581,0.007749047244668504,2.7435459639045955e-12,0.01857669109089373
2024-10-24,0.008464519463117874,3.2156635830656845e-05,3.9491453910844457e-05,-0.10237283515374739,0.48229096040098146,5131500444.50411,0.004561957927941911,0.016553455530959067,0.02135662714414711,0.7330289204529629,0.007967484608924142,2.747408431131153e-12,0.018288652362798353
2024-10-25,0.03845384944866364,0.0005967454453343508,0.0008819530920861382,-0.19287747944169678,0.4035612602791516,10029812560.47148,-0.03830844929202387,0.017601711496567536,0.02145325771821644,0.8189514412399781,0.00929019659876383,2.7158487572952104e-12,0.01979944715035055
2024-10-26,0.01483934752422111,0.00017887771611538103,4.1328518829226185e-05,0.6246380685849122,0.6373792905135547,3869014206.47847,0.017041780616146057,0.017715442043055366,0.021448370678290873,0.863277329170744,0.009238463935065023,2.9252987815602444e-12,0.019877672255199718
2024-10-27,0.015060262298269341,0.0001960108741624756,3.080062633019737e-05,0.7284033105614734,0.7389093322938011,2791987376.97791,0.01009376692595884,0.017981336813762693,0.021495999137942857,0.9611492261252634,0.00906826601659511,2.929651084501873e-12,0.020041108842961713
2024-10-28,0.03082488929658756,0.0008412617184012941,0.00010891208174558425,0.7707533469587384,0.6442477138809117,7309310195.276071,0.023368625528976093,0.01868018554532725,0.02172176119286655,1.0362126673719363,0.009476318943065776,3.04152289514082e-12,0.020844033503252608
2024-10-29,0.014356411200399898,0.0001251487330209336,8.095780953403402e-05,0.2144081548265945,0.3927959225867027,7913517420.71605,0.027970842414606855,0.018722522218173925,0.021022126301600448,1.111772083562955,0.009453824757766788,3.1454404218510537e-12,0.020872271025980434
2024-10-30,0.017578209765998044,0.00018399570588344862,0.00012499775269398037,0.19093592939180062,0.36322360710402984,9357672371.96901,0.007579339652011248,0.018215104676572943,0.02064982094592989,0.9018507752129731,0.009200355385695413,2.9706132707189973e-12,0.02030777658975871
2024-10-31,0.03529809882852567,2.6032364292547e-06,0.0012433525444791108,-0.9958213020571937,0.6834433275218701,8277842338.14581,-0.05446986518565334,0.01902685069624191,0.02085405418794945,1.098083798810687,0.009927035283365101,3.2380138505585574e-12,0.021351215629607845
2024-11-01,0.009873620335663778,5.617677515363679e-05,4.13116033791965e-05,0.15248147520920993,0.40764415214988214,8699141498.66404,-0.0027038112353904194,0.01876155801209763,0.020447561059286894,1.0661421349974702,0.010100477479473475,3.067801638887521e-12,0.02119333918962278
2024-11-02,0.006164336962590199,3.5235911254951428e-06,3.447545906286062e-05,-0.814543199999515,0.7853834969244601,3026712910.29806,-0.007176595880087408,0.01861287761041891,0.020385009428915118,0.8378586912820257,0.01026850600938082,2.922674323826506e-12,0.02113907213470659
2024-11-03,0.007078720771750345,2.5641511139784992e-05,2.4466776624624808e-05,0.023443916517030896,0.48827804174148454,7163438364.52393,-0.014672343037165067,0.01838717757663116,0.019988622602594527,0.7769947906708559,0.010475320287637752,2.97606626250986e-12,0.0210379486897208
2024-11-04,0.01978642493748915,2.017741333772635e-05,0.0003713251984691661,-0.8969232248816832,0.4685289985579315,6531967836.16009,-0.024690883051314623,0.017470906867822524,0.01980719367295158,0.795098598182185,0.009361960049912632,2.836199001254538e-12,0.019715609288545113
2024-11-05,0.017494376619682374,0.0001205722075749694,0.00018548100573631987,-0.2120833741919618,0.6027772249275835,6231806758.76281,0.00998601303200492,0.017562664472038976,0.019634616293845716,0.6327659863325125,0.009351808857497361,2.872581121545869e-12,0.019792395640087855
2024-11-06,0.02802112446829282,0.0007851834164675585,0,1.0,0.5140708673381427,16272107312.50839,0.1171968875984354,0.01826275805434221,0.01966581990966089,0.8205664829170966,0.009566101283903384,3.202943454836015e-12,0.020510509318115114
2024-11-07,0.028349364439296247,0.0005680475808348984,0.0002356388832771362,0.4136049472041676,0.47572922138051116,14756353987.5382,0.061697022336163955,0.018528588744644275,0.019906571223090797,1.0517394950983894,0.00977285537714057,3.3838186717869628e-12,0.020839128332334273
2024-11-08,0.010259972094336166,0.00010526702737655687,0,1.0,0.5526166317878028,11332152551.52056,0.02265763003060768,0.018074041968608855,0.019238568581087998,1.1012910842178723,0.009931200359667313,3.3713728246960237e-12,0.020508611044447185
2024-11-09,0.030914015821056857,0.0009437503535666659,1.1926020617887682e-05,0.9750417171753069,0.49340950862836475,11173770610.26657,0.05417844409786318,0.019185849781548393,0.019336009797292848,1.2168237064736829,0.010002658228913346,3.5490395843568697e-12,0.02152639232987299
2024-11-10,0.025808390002538328,0.0004355457789456134,0.00023052721557750687,0.30780194521306337,0.40329953839631916,17861396070.5185,0.01843146751407296,0.019093141386285147,0.019306008112799394,1.285809450082121,0.009928006044948607,3.25273568281608e-12,0.02141073950425557
2024-11-11,0.04045613106428388,0.0013295888112222177,0.00030710972946829736,0.6247204701010739,0.29588304642289825,20262260007.34664,0.0578893083569177,0.020393675751649663,0.01951471447545398,1.3913559959492416,0.010855373697725417,3.174399796173772e-12,0.022981073979501013
2024-11-12,0.030063591564698497,0.00010046069575602706,0.0008033588420129835,-0.7776974460985777,0.7489380795761164,22813786244.09084,-0.03898394258889464,0.02150002828147132,0.019536689966946897,1.4024826664119119,0.010584463878147612,3.1182695943712197e-12,0.023852615959103072
2024-11-13,0.06665371725489073,0.0020171026251708268,0.0024256153987240914,-0.0919510919567933,0.4957139149066261,19122914369.90351,-0.017744358629084824,0.023609494007731074,0.020450502459055303,1.883310455580645,0.014465986852071453,2.9390434990830396e-12,0.027508325895824755
2024-11-14,0.05051576647507363,0.0004836631211773849,0.0020681795413867877,-0.6209302961559668,0.464326750468516,13169676243.66554,-0.04092456910987512,0.025611934341633728,0.020926349347262,2.0385637355574966,0.01515860752692729,3.0446851323137036e-12,0.02957722936751597
2024-11-15,0.0404519093240666,0.0007376666212938395,0.0008986903466686671,-0.09840378873768887,0.42503539018181813,10790970529.49053,0.009982546137175486,0.02570708004998625,0.021176579275572368,2.1428839708996654,0.01524924196501129,2.9068577565062674e-12,0.029703872497877676
2024-11-16,0.0390884505955331,0.0008701657574470912,0.0006577412125123409,0.139029763664466,0.5190925504229115,7933164452.94315,0.013802582261526941,0.02686179924385825,0.021674820489047928,2.126031858774366,0.015303169888660746,2.7799613496582336e-12,0.030734207407094594
2024-11-17,0.023417310001069214,0.0003556221230061851,0.00019274828467999121,0.2970142736429424,0.6208056879759194,9311038693.96001,-0.01822739106358968,0.027259753896372526,0.02158270956014149,2.0741875140914283,0.015088079199611916,2.701025566111092e-12,0.030982314856322222
2024-11-18,0.045986076026497014,0.0014959451536618595,0.0006187740346529036,0.4147931904415076,0.3804064284988151,12964128792.032211,0.042111183918007715,0.02798171516922536,0.02200104904021686,1.8370931947205165,0.015620534304410133,2.7034627479289274e-12,0.03186468854625749
2024-11-19,0.014393181817878332,3.968037484156873e-05,0.0001674833080009347,-0.616917653740151,0.45580761162630234,9570014970.63267,-0.032009973653242436,0.027983466151010047,0.021647269237797615,1.5119701646817159,0.015618932590158285,2.6944272484394025e-12,0.031865478439271636
2024-11-20,0.02602023490167134,0.00012351182713913703,0.0005535407971990183,-0.6351485166758655,0.8042795590421382,9732361141.30283,-0.012387746230557483,0.02838546734794687,0.021586073902313284,1.3690194807855807,0.015445407598068768,2.716469194126985e-12,0.03213931149083117
2024-11-21,0.049116413680470615,0.0024124220928311213,0,1.0,0.6696782496563911,19501154177.75849,0.08945110261554093,0.02904348234089663,0.02210176206776307,1.4147875817599935,0.01603762345379673,2.6215531791757516e-12,0.03299214085139273
2024-11-22,0.019875132045294418,0.0001872681660991622,0.00020775270771872684,-0.05185685865554621,0.47407157067222694,12761376613.46164,-0.008563698104749412,0.02951974480325999,0.02208511403498062,1.3818549131772253,0.015581911009507841,2.638707952802494e-12,0.03320616768040736
2024-11-23,0.03512418882956968,0.0009780831361974702,0.00025562550473779723,0.5855982583634836,0.7805986866998319,13914670591.291239,0.019711120940752235,0.03089878536835425,0.022370309160074972,1.270059860584468,0.014666146257829228,2.593254876219889e-12,0.03405272564655668
2024-11-24,0.03090835157454887,0.00019585222821682228,0.0007594739688390954,-0.5899783156362904,0.5595684385738989,10467984857.78793,-0.009865006844615663,0.03203352969229704,0.022761167796109802,1.4025807854101513,0.013615213911194263,2.540596379315089e-12,0.034679875125032185
2024-11-25,0.03469273203138865,0.0007507292281668527,0.0004528564276348873,0.24748782863613017,0.380396059741037,21540192689.67565,0.01591207483968558,0.03274335383962559,0.023018061816984296,1.4572936495855813,0.013330378693859007,2.3957729839081307e-12,0.035233001005171814
2024-11-26,0.026685671969362806,5.514421211086792e-05,0.0006569808763455679,-0.845127736672231,0.6408670391410215,15396679931.86683,-0.026614541077124857,0.03318103457056275,0.023140510577873048,1.2548882922824354,0.01295013759184407,2.4017807457711606e-12,0.035506353175026734
2024-11-27,0.03963096992005358,0.0015706137768041915,0,1.0,0.4383704969967598,16658357985.87472,0.09421473748072492,0.033733884353979934,0.02347379894107855,1.390055047307411,0.012966649077844766,2.328132458550613e-12,0.03602919040888994
2024-11-28,0.025445145611994097,0.00015271977851739687,0.0004947356566981856,-0.5282462075044718,0.7590508960635411,11972541460.78653,-0.020535521779378115,0.033595588219346495,0.023639445699354136,1.2999655625158228,0.01304221656610328,2.2107120013530477e-12,0.03592579837269388
2024-11-29,0.020200815840062534,0.00022215181787379914,0.00018592114273032221,0.0887847974289699,0.46187781044636184,9140926324.62408,0.0036008556092547903,0.03406896173104775,0.023709767908912965,1.2060802572292169,0.012312902732882637,2.1342603733218812e-12,0.03612592308674129
2024-11-30,0.01992530860680538,0.0002155055247023025,0.00018151239837413004,0.08562113786895265,0.45718943106552373,10530300461.19052,0.0304725889131027,0.033545689958940535,0.023930200494887168,1.105017729657811,0.012681661235609728,2.04116914379818e-12,0.03575583218837238
2024-12-01,0.011764446555323172,9.859427489976328e-05,3.980792785329197e-05,0.4247500825645175,0.7122385770131461,9116765142.49187,0.0014830836831489988,0.03287693074716839,0.023881101588876276,0.998744553944295,0.013456699764313835,1.9997767689011302e-12,0.035402716773188
2024-12-02,0.03651318104055283,0.0005886292093118973,0.0007445831803882894,-0.11697608894218509,0.3851532875462398,16810699964.70914,-0.01765867879360978,0.032689171222228815,0.02424385555554364,0.9589208859276923,0.013372907468579035,1.9137501616504493e-12,0.03519802030579045
2024-12-03,0.01691172995374086,0.0001109022924181553,0.00017510431761010058,-0.22447741744710892,0.4762732853361261,13040702466.413181,-0.008106798006717998,0.0320628920978975,0.02376878245028752,0.8867527395357501,0.013803061854771663,1.8619818124947586e-12,0.03477759293310977
2024-12-04,0.029223920257033048,0.0008535760341173627,4.6148107206391234e-07,0.9989192955488342,0.7156723839546177,21470452009.98491,0.06006970843969129,0.03028052081228523,0.023619260779418935,0.9515284806303773,0.011303342673760975,1.9510234411163535e-12,0.03222718452157266
2024-12-05,0.030644839428314495,0.00044877104965080435,0.0004903351339363744,-0.044259195618118946,0.4573740958911324,23960322079.33845,-0.014009051806423705,0.029334286191010982,0.023833225354534592,1.025679388654171,0.010313040564987244,1.830889740162066e-12,0.03101281101412949
2024-12-06,0.04161726475790816,0.001378500076673499,0.00035349664925632515,0.5918044832716989,0.5977690532770379,18350269886.27917,0.0550784012839582,0.029389779306908198,0.024232856951153996,1.2487836977642304,0.01037877994526211,1.9297668998826385e-12,0.03108614998977891
2024-12-07,0.00556597005658147,1.5614113781911817e-05,1.5365908888849724e-05,0.008011772479958344,0.49349551957746624,6195507333.44881,-0.00048990570295247,0.027793470709815266,0.024123570665576292,1.004641492147883,0.01134543719209279,1.8506819483301698e-12,0.029917661766953922
2024-12-08,0.00691724331761304,3.756551000831948e-05,1.0282745106742777e-05,0.5701935177357867,0.5016741428153049,7113810256.06474,0.0018733379609025594,0.0270077532486983,0.02408294798627784,0.9371344151201059,0.012202623895445238,1.7700022946123288e-12,0.029516641024753893
2024-12-09,0.030380367037308103,0,0.0009229667013215567,-1.0,0.5517279903651966,24835140845.08763,-0.07640122122185618,0.026264624249213116,0.02430884165458858,0.9388407773489982,0.011440457447312228,1.76181421943323e-12,0.02853913066223175
2024-12-10,0.05459770819732821,0.000497633465751495,0.002483276274649105,-0.6661197358598192,0.8330503879477583,20720315245.43261,-0.022927192292941136,0.0281791255053774,0.02496170462485379,1.104779181414979,0.01265413413953861,1.6552279474711144e-12,0.030766298518897933
2024-12-11,0.027197194864432974,0.0007268479479543566,1.2839460539582688e-05,0.9652840905708405,0.4796598221174023,11214285319.67592,0.054185143310019904,0.028235171217889855,0.02494524774746989,0.9786296805111038,0.01264669844665768,1.8247020236661713e-12,0.03081473240713383
2024-12-12,0.02605331219641123,0.0001369256392093677,0.0005418494371943023,-0.5965507751556348,0.716549996839951,15409323839.82955,0.012989486173185662,0.027136928290077505,0.025069087109072012,1.12895183316882,0.011709365836637162,1.6464162248908162e-12,0.02944474678942554
2024-12-13,0.01590653784945783,8.49964486377782e-05,0.00016802149771845623,-0.3281389730504872,0.5663397413391104,9833909791.77788,0.006442255382780554,0.026947947614085286,0.025076416809814303,1.217111563024364,0.011863437450963061,1.645656338873503e-12,0.029329696031983436
2024-12-14,0.011122151276527928,1.5456648850999567e-05,0.00010824560016697226,-0.750099145751926,0.46817651301988883,7351171432.14136,-0.009516175741365486,0.025804993444892822,0.025105552141221996,1.068165672205607,0.01218809797193958,1.6398439731222032e-12,0.028414320722030078
2024-12-15,0.019006370688584615,0.00030226471403719667,5.897741271469171e-05,0.6734743356485712,0.569656470709287,7507505193.116039,0.02297248114349116,0.025238232450323094,0.025219646573083766,0.7833577399940282,0.012215617201211611,1.740679094142272e-12,0.027912074528075887
2024-12-16,0.03958769045789569,0.0009802588133704104,0.0005869264224197548,0.250980153442002,0.544708660406567,16710873556.97649,0.006611918952251805,0.025471325708728194,0.025228528805392104,0.8714798765363965,0.012449506964342138,1.7243433864806884e-12,0.028220527460956452
2024-12-17,0.022376585605164864,2.756966061329764e-06,0.0004979546172839416,-0.9889878079396109,0.4357234790490027,13360231433.72831,-0.023859722406239327,0.02526613111995686,0.0253366100541862,0.8413812205974138,0.012463994246162569,1.7270713298862245e-12,0.028041591616871517
2024-12-18,0.04754075777792256,8.435142686075489e-05,0.00217577222323835,-0.9253568035031569,0.6659957146370588,16816522852.99123,-0.07065273512868235,0.02564278768461729,0.025879810030979812,1.0603136687420056,0.013026615402407347,1.6578181934505488e-12,0.028621052809036093
2024-12-19,0.0560522103707618,5.475669392366654e-05,0.003087093593524471,-0.9651436644563095,0.7709821241382043,24823675205.22244,-0.059292212392923184,0.027100266958844325,0.026408147974278366,1.376838180632546,0.014618377030350578,1.6898808862217323e-12,0.03062589380159871
2024-12-20,0.12501208758052176,0.007841911428561004,0.007786110612679041,0.0035705616318375656,0.49482084315206526,26389990584.74834,0.01573591795133358,0.03209127989886619,0.028078094532840932,2.026693263821363,0.025777845835352423,1.6995169244507237e-12,0.04077627804468039
2024-12-21,0.03367407263451696,0.00024623517673112835,0.0008877079910635956,-0.5657010267807285,0.47392735647300194,11644433705.20112,-0.039156178288298135,0.032745982947804834,0.028492507562764592,1.9549437620355767,0.025627563028759313,1.7218431855741392e-12,0.04120432658710736
2024-12-22,0.03470627930788033,0.0003204191525790792,0.0008841066708175231,-0.46797462311677157,0.4605484138730537,9842978680.88034,-0.017167686889024272,0.03383845117411709,0.028602841102523542,2.0253044692188444,0.025173393101601722,1.7971517153291328e-12,0.04181583815919776
2024-12-23,0.04006698455030908,0.0010609503281328032,0.0005444129228219035,0.3217573374771821,0.380149140430755,13190179748.46324,0.0417665588098524,0.034007679912676905,0.029030175628851795,1.9395041785285316,0.025204199498724683,1.897915818960884e-12,0.04197051209811316
2024-12-24,0.02585271979392148,0.0006050592992436365,6.33038214993831e-05,0.8105705729873061,0.7850523113813788,8973870641.8296,0.02060622159737769,0.03443344133363789,0.029332120571002235,1.7494983380372422,0.024975446530974343,1.9776583574562866e-12,0.042186862157181614
2024-12-25,0.007920245351923122,3.5866131935231e-05,2.686415449942881e-05,0.1435028906679503,0.4282485546660249,5907497938.82275,0.0010704524685172315,0.03341898062387075,0.029102998481295682,0.9632632937388832,0.02562192156980376,1.8530591836233463e-12,0.04173787299398081
2024-12-26,0.019560984964669965,0,0.0003826321327880444,-1.0,0.5442293983438952,8516052603.49187,-0.04762442087615042,0.032891178030363864,0.02927913285433619,0.8654762694510327,0.02579549902189245,2.0915179752209958e-12,0.0414192138715585
2024-12-27,0.043481535328672785,0.0008423048860208323,0.0010483390285177874,-0.10897564629309603,0.40598091784355506,9587300667.28414,-0.000318068069247691,0.03297995281944789,0.029358937392114117,0.9182179816782369,0.025830215807917275,1.9501690403929844e-12,0.04151031083678963
2024-12-28,0.01268146462349778,0.00015176070419746789,9.058840799557814e-06,0.8873415442168381,0.5774296721742125,3854924407.36522,0.020919475677054607,0.03331878589406296,0.029324685282578825,0.7352022127600748,0.025497149037577188,2.2048173546813075e-12,0.041584717627553794
2024-12-29,0.011163809372014723,5.0813120730822654e-05,7.381751896386109e-05,-0.18458059983800043,0.43779430288273635,4496507392.42402,-0.013930402732963537,0.033521003325224945,0.029262836823431927,0.6388684752035793,0.025293314319683464,2.3398036099346385e-12,0.041628656526375964
2024-12-30,0.040237960102700684,0.0005883857028356098,0.0010307077303909223,-0.2731911688838441,0.5426842963176847,9963737593.70885,0.0013848417165311909,0.033990412518815065,0.029412250645751183,0.8542732124579593,0.025323567731198565,2.19992993591737e-12,0.04202492041856188
2024-12-31,0.022778106228542157,0.00019671299283666353,0.00032212913052208743,-0.24172312161845327,0.5643874668514652,7069312807.884439,-0.007027402226617823,0.0324751933774443,0.029545928344610582,0.8696078230558544,0.024978493909684936,2.1945758210498048e-12,0.04060606630897936
2025-01-01,0.004971648845665334,1.5290188489932664e-05,9.427103754672786e-06,0.23720578602372988,0.5212154832129038,4251757543.559,0.006804149346028592,0.031416834043217275,0.029345824203018,0.6130881735246149,0.025674470042577602,2.0406957322134955e-12,0.040184654099262265
2025-01-02,0.017736451699428616,0.0003048001079774196,9.781610908744675e-06,0.937811955867122,0.6933703771078804,8305215215.90076,0.028025749077140637,0.03102079306717048,0.02906706789938154,0.6430231653359724,0.025825045901475666,2.16124397970632e-12,0.03996828598080218
2025-01-03,0.03570537653028099,0.001146671846478679,0.00012820206669046153,0.7988788297161545,0.6299253444150855,8794485642.80913,0.04334986197376078,0.031963594909114434,0.029477095775486573,0.7988665083121664,0.02560614979465535,2.364772706648351e-12,0.04057244991600409
2025-01-04,0.010094777849524951,0.00010057202909867118,1.332510732588435e-06,0.9738478632101202,0.502943188343227,6258393811.64672,0.013241032728379601,0.03191467236497144,0.02953948372607284,0.6030053277479577,0.025648905699171887,2.4038780556005246e-12,0.04055965613802602
2025-01-05,0.007220956256006981,2.469882578107366e-05,2.7443383470092687e-05,-0.052636006959326014,0.4643633547499707,4607192518.9413395,-0.005766076319032529,0.03135346215389632,0.029541741432172152,0.5060343436968323,0.02607093068868126,2.3177638902082518e-12,0.04037779912705002
2025-01-06,0.018101478008342893,0.00026042909058787315,6.723441549864818e-05,0.5896130374623131,0.7905349734211203,9863288922.11345,0.013867786460264054,0.030330309180108088,0.029514996242820623,0.5971776930589687,0.026153104428871206,2.365875059659142e-12,0.039640154112626745
2025-01-07,0.05548375365063157,0,0.0030784469191639722,-1.0,0.8110265746791231,14252747060.47262,-0.08677363254208696,0.031906840991796984,0.030118002227438864,0.8298410827403195,0.026642951198915025,2.5707478040573618e-12,0.04115933818440782
2025-01-08,0.024545469916355086,0.00019326919957749899,0.0004092108938371935,-0.3584212932842246,0.6694962487413616,13155227894.48453,-0.01610534829752046,0.030811827284103286,0.030062833107566835,0.7593348772953509,0.026440052237438397,2.4289795532308986e-12,0.04018899989197652
2025-01-09,0.04117803257856165,0.00010352350931253932,0.0015921068577285453,-0.8778937776477898,0.8712455215584105,11896491217.83481,-0.03274932701801001,0.030103533103522328,0.03026646276057105,0.9557298186515019,0.02592428709400112,2.4463281803838463e-12,0.03932286989856933
2025-01-10,0.029964155585228688,0.0004172729060533622,0.0004805777138824294,-0.07050706033214559,0.4524397785886768,9661186776.60014,0.014584388704190553,0.02557744110374647,0.030579227577886805,1.1104031395249359,0.014148433226374858,2.489818754282178e-12,0.02906632695598102
2025-01-11,0.012016197826511069,0.00014357622792317206,8.127822826773075e-07,0.9887417708381193,0.9466884873017698,3857529545.80479,0.0049882880437507405,0.024546113731936665,0.030279262212894013,1.0811509496931737,0.014317085550485355,2.391270098256092e-12,0.028244109760446296
2025-01-12,0.013147903491053329,9.956853503328731e-05,7.329883117676499e-05,0.15196450569277387,0.5759822528463869,4400527896.12045,-0.0049331529357344766,0.023519524407325854,0.03007830210953711,0.8250395096882406,0.014325043467462176,2.36159776362847e-12,0.027360612985837474
2025-01-13,0.060540579742887304,0.0013265771420401251,0.002338584653564771,-0.2761153716974246,0.5758543812826417,18939529755.40154,-0.04048139049974845,0.02449445751173434,0.030397102882213353,1.0647013425389953,0.016094901556314652,2.3125936260804364e-12,0.029097917244093614
2025-01-14,0.01699704510594506,0.000256160618522236,3.2738923811294996e-05,0.7733542701601216,0.7129957942684384,8597317910.413969,0.02763016719200139,0.0240727587170688,0.03018969738286806,0.9126661806881614,0.01617335619338577,2.3562872284406273e-12,0.02878574462705707
2025-01-15,0.05214993014872675,0.002607670523911256,0.00011194469060582324,0.9176760815219215,0.6243626482606716,10893084885.66243,0.06769653544579284,0.026178934183583254,0.029959478539913077,1.0573741716676657,0.016831246836974678,2.643593496724833e-12,0.03090529766306792
2025-01-16,0.0170378890612618,4.789272368010713e-05,0.0002423969399837574,-0.6700349363071803,0.4132706006131416,10868089745.35856,-0.042295866560218255,0.026058786759611437,0.02942808366032876,1.095641039644402,0.016889753864894504,2.5626142715710728e-12,0.030834074709780848
2025-01-17,0.019684311868297447,0.0003872338705166423,2.3826321175338852e-07,0.9987701659499446,0.5761352458161207,10352213034.17833,0.04881997125924497,0.02492558564245071,0.029098439256268937,1.157827843756331,0.016455075865159385,2.785600990930746e-12,0.029650641723212943
2025-01-18,0.030748467780413857,8.19858108430957e-05,0.0008634824600000533,-0.8265709947728178,0.8835038064422501,13548917336.79446,-0.04888952459080203,0.025785919126113378,0.028966058576663865,0.9416142488894454,0.016253975273242433,2.699014436706325e-12,0.030274160263145663
2025-01-19,0.10462660061047956,0.005247405776121883,0.0056993197791829165,-0.041283030325176585,0.46902477420961897,22763925109.29559,-0.028390800340057913,0.030236528232706943,0.030255094935543396,1.4788198919916604,0.023312995149817557,2.610877975707003e-12,0.03783996079230156
2025-01-20,0.04008794831317213,0.0011366166364124822,0.0004704269635470779,0.4145436208962646,0.7045376496651188,21889087510.73756,0.02125250827516817,0.030229384814157965,0.030161473860728715,1.4062532368360399,0.02330980011032163,2.6504936798768263e-12,0.03783237807987726
2025-01-21,0.01957196859848272,0.00036479008069467494,1.8271874125318663e-05,0.9046009456412611,0.6162097710171073,9966801739.68548,0.013165231232291972,0.030076711593678942,0.030243676825500214,1.4232861043748433,0.02337146240625456,2.666057338528826e-12,0.037746829123350326
2025-01-22,0.024118313614417047,0.00013652026230971583,0.00044517278929365883,-0.5306106478892525,0.3641533599801571,6660317063.70819,-0.0257934043090445,0.03098845753504807,0.0302134875987184,1.461562783868366,0.02270714263964459,2.774266130837279e-12,0.03809653217912319
2025-01-23,0.04709538713175261,0.0018921829554715249,0.00032579253361812466,0.7062253075196574,0.7615316022701777,11472361370.01663,0.029148536129980997,0.032386502079444456,0.030181407812230814,1.5565793998098325,0.022754185285347804,2.734565450828458e-12,0.0392680985362939
2025-01-24,0.03073797025863454,0.0005931109448113226,0.0003517118708093789,0.2554966603376915,0.5975693713768566,9802499198.84368,-0.008801694979599095,0.032149958923651765,0.03035383381561716,1.0705316719653628,0.022743775723906286,2.5425984832328455e-12,0.03906746528411088
2025-01-25,0.014347393518183376,9.379758053837917e-05,0.00011205012022723118,-0.08867011689207727,0.3544231819347748,4677740699.24074,0.002806905013794254,0.03235246443168312,0.03002404341384913,0.9061955550031429,0.02255573743894665,2.4704238123192878e-12,0.03913076178731276
2025-01-26,0.03436375031217256,5.256048394102687e-05,0.0011283068515763126,-0.9109798664758559,0.8993254080180404,5270139297.2236595,-0.026698142610326003,0.03364497843435767,0.030078891012859026,1.0078000692353335,0.021808938482436126,2.652061400645288e-12,0.03981162309667744
2025-01-27,0.05824148384057105,0.001731510558864273,0.0016605598810872254,0.02091662865882645,0.3852658456239175,15403932237.78285,-0.015444454919531482,0.03555640728351139,0.03045268072411589,1.2138624357996974,0.022135106575488978,2.6328533265776034e-12,0.041603959827157755
2025-01-28,0.025366426891540506,0,0.0006434556132438692,-1.0,0.8000807426223491,8171948114.91113,-0.03357856510933137,0.03412224886641182,0.03043174032605522,1.0681041771355217,0.021751784308013212,2.5386056907142075e-12,0.04018628505287818
2025-01-29,0.017933330951374633,0.000137882622649062,0.00018372173636246934,-0.14253262565935476,0.36874953298121693,8927573088.10282,0.011825278261149524,0.033807385106174655,0.030087333358298413,0.9852988395218786,0.021944346489369913,2.543383055922449e-12,0.040019526126374876
2025-01-30,0.01709726097168118,0.00022575336910876583,6.65629636250066e-05,0.544582658091644,0.3603478162810313,7974693345.67408,0.04194122504224276,0.032660681696323204,0.02995482725289662,1.000416010920871,0.022167966932518806,2.662737057218292e-12,0.03917573220190586
2025-01-31,0.048929401625429435,0.001573027265958865,0.0008210590774637115,0.31409401359357103,0.34329770973925294,13725006593.75213,0.0163906036852267,0.03356378865061847,0.030410836551077045,1.0882918608562084,0.022437298754417835,2.6477193907115744e-12,0.04007477153673469
2025-02-01,0.03160272420983915,0,0.0009987321774831536,-1.0,0.6269301220533864,8499351382.94312,-0.05715021298752347,0.034496480383157904,0.030596192354299806,0.9080628688017075,0.02189740443533301,2.9063354547599334e-12,0.040579185818434886
2025-02-02,0.05290541587680222,8.45177461445582e-05,0.002714465282952838,-0.9396082468054027,0.5810646332029972,19055247283.49321,-0.08299158152756721,0.03638969525866976,0.0312492236133709,1.0718778320012636,0.021676927915320294,3.060348653803515e-12,0.04209184539184788
2025-02-03,0.07654662993457173,0.00562446322771203,0.00023492332662824203,0.9198129959682466,0.3489907629032196,35522362935.68567,0.0036994865354122238,0.03715188812494045,0.03188467518311723,1.4104772294124577,0.022819836284295743,2.963526901039471e-12,0.043315243757415696
2025-02-04,0.046478457243352936,0.0004454350434398342,0.0017148119442823525,-0.5876073004878845,0.6987737232538247,18187127049.63802,-0.05301925760021524,0.03855576489338844,0.03235398831469837,1.5889752848396392,0.022421281727011775,2.9493076405600775e-12,0.044331953767887164
2025-02-05,0.022974932622074527,0.000437601799195531,9.024572979333334e-05,0.6580613725095711,0.40077700482140105,11224931437.28863,0.020642161522477956,0.03716647929688119,0.0322547980347784,1.4154455337734873,0.022440706413876656,2.740942050204627e-12,0.04313875560434059
2025-02-06,0.038434044535967285,8.023562902170098e-05,0.001396940150371016,-0.8913661730160689,0.8539163566995631,10141418543.39581,-0.03719191500379183,0.038185343843295735,0.03237843621109035,1.4342624531655963,0.021961731352053298,2.7302554154297028e-12,0.04378893263776026
2025-02-07,0.03596738729945868,0.00033000860844733637,0.0009636443407019252,-0.4898034922513673,0.41774811639924514,10974565824.994911,-0.024351363090766156,0.03896072838763675,0.03228875561651179,1.3281676290936544,0.021559636339305445,2.6113503540671566e-12,0.044278912463556495
2025-02-08,0.014953659489304988,0.00015010041050898438,7.351152161309672e-05,0.34250805924826005,0.67125402962413,5096919779.54318,0.003934006768389263,0.038208594659488705,0.032437766559888344,0.976439730492025,0.022128462109266566,2.476277436496678e-12,0.04388904165720219
2025-02-09,0.012956857086515877,1.639162179220986e-06,0.0001662409833811757,-0.9804722330475788,0.7302185747687374,6517077908.61138,-0.001871769177617436,0.033843368777395196,0.03253363344510903,0.7759929340562507,0.016762333228607637,2.4305643891894403e-12,0.03758948822134531
2025-02-10,0.010117424713937184,8.570038628972426e-05,1.6661896552462657e-05,0.6744524234937102,0.3689823027681591,7161385120.35718,0.012833931350913786,0.03241620098695544,0.03221199943997616,0.7021322073153913,0.017465206823164058,2.4696683826281802e-12,0.036624010340913705
2025-02-11,0.0351815362250251,0.00017322659229620298,0.0010645138988565506,-0.720092226869187,0.619867706158969,8891252694.05344,-0.022414842962671787,0.033159513731076506,0.03190380623406658,0.6750484459076005,0.017221699931047336,2.5268155788063526e-12,0.03717549073478334
2025-02-12,0.03782085189685509,0.0013722566033425344,5.816023486131313e-05,0.9186807183641041,0.5076663503285861,11338821415.092161,0.05100605922014708,0.033812015554049744,0.032072435710771695,0.6771926383270833,0.017121306628056058,2.5566087778563343e-12,0.03771514987086102
2025-02-13,0.028725036440621934,0.00017123578762233684,0.0006538919308927211,-0.5849471935556799,0.6626853717463016,7647282889.61602,-0.023143654651035628,0.032937236949710194,0.03211484403210837,0.757445068707759,0.016876229169054083,2.5797338998277895e-12,0.03682535058174507
2025-02-14,0.02035837627669086,0.0003333171064356522,8.114637818767704e-05,0.6084268882629114,0.8006152140466035,7376575654.51473,0.018603085724590983,0.03244297056961763,0.032185508134127946,0.8102463563887892,0.017094447778207268,2.6570677256580912e-12,0.036480833861501326
2025-02-15,0.012391008592489983,1.5505001127393126e-05,0.00013803209281176748,-0.798029248442894,0.6389803993132327,3475638111.76326,-0.012192571211720975,0.03234980938267985,0.032205648726444804,0.8284055207991098,0.017202982165896562,2.7955417115353553e-12,0.036446676912347056
2025-02-16,0.012569600586253853,3.231406386465072e-05,0.0001256807950333025,-0.5909479069123136,0.44035116706171246,4018205916.31638,-0.01186170185791923,0.031311992729064674,0.032103477772439555,0.7017086332491962,0.017724889673040117,2.6948780083254242e-12,0.035772224487452
2025-02-17,0.03218390874904508,0.0008391607787849683,0.00019664320358189213,0.6203080757952808,0.7057225071662695,11283662723.0256,0.030722329770428738,0.030071155819944392,0.03198595742785462,0.6747680310843379,0.016623272577194818,2.77678734303033e-12,0.034167951067246814
2025-02-18,0.027362630229006594,0.0002556250733383235,0.0004930884597110219,-0.3171618728535095,0.36107151308512364,9562328030.28426,-0.02675663353142324,0.030166213121728493,0.03206510099331243,0.7024219298642222,0.01660071640983948,2.7143647685543684e-12,0.03424122021817084
2025-02-19,0.015326129565603325,0.0001091238790151252,0.00012576636844653516,-0.07085219421094273,0.5354260971054714,6500235666.03633,0.016157480510610597,0.030042060674787003,0.03155375768835498,0.6756340062342606,0.016706191501544537,2.7696550942219347e-12,0.03418087065336597
2025-02-20,0.017791595962691746,0.00018087061258742634,0.00013567027431224285,0.14279462826396322,0.5250706472263041,6466026934.31328,0.00836926291215714,0.030075124245787503,0.03094644634854434,0.7190423433845969,0.016679957702044793,2.5808481395141484e-12,0.03419774069760327
2025-02-21,0.041929926552127204,0.00022500178080364012,0.001533116959863142,-0.744042565955123,0.5557979971874357,16395699595.426579,-0.028165657234228605,0.02974181590896359,0.029627681887776175,0.9186811874211351,0.016351054029723384,2.6057840419975007e-12,0.033752056193078236
2025-02-22,0.0243160331428969,0.0005807227853438143,1.0546682462646186e-05,0.9643252931636295,0.5565290264587114,6842920190.09954,0.03730929673392662,0.02939483062006158,0.029479141578385385,0.8657352103088335,0.016386865353041048,2.545221197143075e-12,0.033463387621184296
2025-02-23,0.029759234515143722,0.0007641123333341662,0.00012149970559315518,0.7256141509993043,0.7525015976150308,8691240349.6159,0.020263965397758227,0.028292631507601647,0.029400617057865754,0.8712752887576398,0.015479761936968808,2.448850966005893e-12,0.032073125927976176
2025-02-24,0.05277550290468217,2.00570807134276e-06,0.002783247998770774,-0.9985597663391198,0.8858370811045646,15678064597.92875,-0.1150322934784726,0.027160673077606907,0.029602339571427234,1.10336315110493,0.012321759802334565,2.7932797068236098e-12,0.029703503637441904
2025-02-25,0.0655769686360724,0.0014749309018986946,0.002825407913597729,-0.3140396767883829,0.6352899521765516,19928703161.05617,-0.007114482413524721,0.02807012600106974,0.030232883203842324,1.4027810097893645,0.014355802093351818,2.671460125615853e-12,0.03137207776025427
2025-02-26,0.06097139515277277,0.00029652666423964313,0.0034209843626359193,-0.8404703243132741,0.8439080520655075,15709746317.006979,-0.06591906415459854,0.029879481359674415,0.031074964946712955,1.4881994622999088,0.01598368619562646,2.7837032245159125e-12,0.03370602321529559
2025-02-27,0.022499375474715907,0.00015339298888305527,0.00035282890786919233,-0.39396936455268333,0.359539491499266,10613578529.53697,-0.012356900015204255,0.02912068759485292,0.031121606065920033,1.4677754548176476,0.015935430292610613,2.664509186920238e-12,0.033013029273556364
2025-02-28,0.04989964785587122,0.0021084184119383046,0.0003815564442016491,0.6935258657244826,0.8032907526805517,20155770931.98017,-0.030843870972046335,0.029784128573729713,0.031223480867939055,1.5873257663842109,0.01651424147866843,2.6317179552897336e-12,0.03386484625202644
2025-03-01,0.03438095985043276,0.0005135330575086565,0.0006685173427284129,-0.13111478595893464,0.43444260702053267,7675941044.45444,-0.008977894170377025,0.030709238114735794,0.03156791730011262,1.46241604069994,0.016182736319791197,2.6506596100193735e-12,0.03453212618311365
2025-03-02,0.10982186424293144,0.012045562602898678,1.5279262894185253e-05,0.9974663024249542,0.9799379438347159,19298748978.3224,0.1271454118858907,0.03532185750313653,0.03313391817107956,1.6493997606063138,0.023167302677026394,2.950710197814047e-12,0.041938040598169864
2025-03-03,0.09209738948306534,0.0003523837148840929,0.00812954543471134,-0.9169095358687591,0.7750595035022666,17763555710.17462,-0.15847579856268185,0.039225665349285496,0.03395708371679963,1.7692105413893362,0.025497687969956218,3.290200620962796e-12,0.04645240836456879
2025-03-04,0.04895527241668205,0.002234131030474996,0.00016248766691655438,0.8644025709276124,0.8876466454209085,19172619410.64978,0.010327225749229238,0.03988155754888821,0.03437259429121455,1.908755173698989,0.02556552172697611,3.195802766599056e-12,0.047042650003547015
2025-03-05,0.03140815450350749,0.0007882391571169282,0.00019823301219926964,0.5980971012356473,0.45649191800229316,10203548846.28264,0.031714575567568994,0.03957619100634785,0.03479222136514855,1.7853839900536954,0.02562958432320307,3.129604402411813e-12,0.04681741873521263
2025-03-06,0.032470569179459015,2.9011100071581478e-05,0.001025326762766452,-0.9449681148820923,0.6724897108791453,10285345864.60901,-0.017606009296029672,0.03975454970819723,0.035026096245783955,1.753806994354277,0.025563241294272506,3.067002851046561e-12,0.046933841370651985
2025-03-07,0.030811152408182215,0.00045370102802606285,0.00049562608469417,-0.04416291929972767,0.43949360117022185,13304167980.7921,-0.027919502109074602,0.040252300952553964,0.03494841014860779,1.3058523055547182,0.025266733107525387,3.046842828971651e-12,0.047204397701713835
2025-03-08,0.02854215393849047,0.0007255300862013042,8.912446524718286e-05,0.7811969132469311,0.4750826610762355,5789724228.38603,0.02860521590266895,0.041021403111887324,0.03524122564208343,0.9658111129573861,0.02461362436628858,3.1150655767595903e-12,0.0475366905250301
2025-03-09,0.04137735091070678,0,0.0017120851683877674,-1.0,0.43651581930041633,9975230599.77414,-0.08704150397901927,0.04239320074638508,0.03578339063660248,0.9160984995889142,0.02373574658297338,3.3900071979571006e-12,0.04830881127211042
2025-03-10,0.09680951067423255,0.0007057477962584813,0.008666333560725865,-0.8493935830523842,0.622553612227199,18408884029.1897,-0.07977244136054579,0.045470610361870195,0.03703272448844199,1.247879996993305,0.026387249772691513,3.466704331303384e-12,0.05225616552897736
2025-03-11,0.03795409113705715,0.0012307227537004476,0.00020979028033959242,0.7087283830383432,0.5784397989226968,17227796967.52857,0.03067999061037397,0.04597496564320593,0.03675447587711541,1.2730312124100702,0.026123740418292834,3.418262079666352e-12,0.052570425803605506
2025-03-12,0.03758127099011912,0.0007879407864365395,0.0006244111427962292,0.11578533668244033,0.44210733165877986,14203682998.01653,-0.008021265826256244,0.04703473428246859,0.03696139335447675,1.2947182539800606,0.025255211269083037,3.326788522141643e-12,0.053101028926624896
2025-03-13,0.02596148214079284,0.00027478862004418227,0.0003992099349025234,-0.18460175314200686,0.3371237964990568,9948069773.520031,-0.023055975022043335,0.04742377648142578,0.0367198608078455,1.2736583160125805,0.024841755484942545,3.375516572726482e-12,0.05326106520510812
2025-03-14,0.01760204461198389,0.00017279110289090933,0.00013704087163136182,0.1153858678229407,0.44230706608852965,6671244395.27386,0.024926182013074335,0.04626530591284753,0.036523636824143196,1.1695567166006255,0.025664397987189558,3.471635292312649e-12,0.05260964769222188
2025-03-15,0.007541828260945396,5.437132517460875e-05,2.5078483429859054e-06,0.9118183972131682,0.5893057334837974,3622201820.5788,0.013251906281556848,0.04546653425180222,0.03645261508500723,0.6889420951192993,0.02662476748041998,3.3862197929646164e-12,0.052367240460318404
2025-03-16,0.030789967119009425,0.000136622329884512,0.0008113997453051696,-0.7117739481811616,0.809468248677346,6011743941.36257,-0.026315999953994442,0.045515616756748214,0.036732647841006535,0.6563237782251131,0.02659529717316259,3.4836432687643754e-12,0.05239560840297107
2025-03-17,0.016435276743423204,0.00018530187472129422,8.481644691161341e-05,0.37200522793948454,0.5144758087937571,6139548873.01509,0.02068118198379168,0.04378512979668826,0.03603256366641187,0.5403110067705671,0.02727294499635907,3.2946608562896573e-12,0.05123993977592932
2025-03-18,0.020966580742284645,0.00035891475292604345,8.068275509669784e-05,0.6329244200696245,0.4549205442917644,6137726089.38187,0.0027385909232090374,0.04166082561126979,0.03609557216857599,0.5125638631607623,0.02722802460950772,3.2989081451585263e-12,0.04941342534246589
2025-03-19,0.051869750107569265,0.002601516686003251,8.895429021843068e-05,0.9338745587634236,0.8708742503629567,12803727155.08538,0.06253165798594625,0.04122741394245058,0.036091124866335395,0.6940404838707764,0.02697655071252164,3.331660622334968e-12,0.04891604987114857
2025-03-20,0.015433672118749282,2.135888610007034e-05,0.0002168393489689886,-0.8206629356940622,0.34283158107539907,8041021162.65686,-0.03591325881293057,0.04089095187788074,0.036065661105343136,0.7680130458585359,0.027264341288746607,3.4888988171942814e-12,0.04878541691415551
2025-03-21,0.015848993004295573,0.0001386197791120377,0.00011257080013817235,0.10370205384143028,0.5518510269207151,5564742710.62003,-0.009074090831975738,0.03926949212304381,0.036004783028136755,0.6912389088402742,0.027710663518508406,3.4936780957404486e-12,0.04768026980206785
2025-03-22,0.00994887631626397,3.3597987909289805e-05,6.538215204702836e-05,-0.32111658108147273,0.6090770196504467,3416534601.99354,0.00747904925492327,0.038106059573797674,0.035674630782674056,0.6570681959093077,0.02842973191484465,3.5422238029122723e-12,0.04713632732934228
2025-03-23,0.007246520881282073,2.308361230205022e-05,2.942845258080689e-05,-0.12082633377511653,0.5569166280037265,4319576854.2484,0.01277451460972151,0.033221519413719126,0.03412891523141695,0.5827558634286061,0.023951110871824326,3.3693228988765244e-12,0.04062029204085241
2025-03-24,0.029403663749480814,0.0008501482413874947,1.442720050503745e-05,0.9666259303561602,0.8394244343819592,9631402684.10723,0.03692092891462455,0.03023610390259606,0.03395932341294566,0.45619307091284683,0.01979160852998526,3.1270367050412854e-12,0.03587864262407239
2025-03-25,0.010545049692893474,9.025400986232036e-05,2.0944063163272404e-05,0.6233016887180765,0.3369891104151893,6691890455.3985,-0.007323424648237753,0.028407045677653748,0.033816038985872814,0.43181416855120924,0.019749976172542073,3.1534999705116423e-12,0.03432852229567518
2025-03-26,0.030315142128761387,0.00012076659743739941,0.0007982412448496039,-0.7371804855617666,0.8273687190909506,7879878138.20578,-0.027753989966771916,0.028354997469332503,0.03391440134324336,0.5133522853064747,0.019743110779289474,3.1732115762246373e-12,0.03428169855773307
2025-03-27,0.007766945085771963,0,6.0325435965397256e-05,-1.0,0.4724295036935882,6574214809.55443,-0.0029365668281181186,0.027178634417252164,0.03329014035838653,0.5071428198376216,0.020215931841837852,3.1129698055165415e-12,0.0335842363455551
2025-03-28,0.050125252710754506,0.00014583649102821946,0.0023667044682887826,-0.8839131433957894,0.8442477117454231,10883235596.210659,-0.05478924917325111,0.028098353479279418,0.03359787500048367,0.7652198397594855,0.02081978213456586,3.252766300810877e-12,0.03467477015805513
2025-03-29,0.0229472006725082,9.062059248150238e-08,0.0005264833981118793,-0.999655810620112,0.6969234339403799,8107139348.98921,-0.03691181391367498,0.02783192713328026,0.03373437987594915,0.7275440898152424,0.02084959632229384,3.2343050592322555e-12,0.03447639141364838
2025-03-30,0.011739092502616663,3.491622913679161e-06,0.0001343146698713116,-0.9493256390094336,0.8460246511523237,7004957696.269,-0.011182462508105567,0.026420581494799783,0.03337525832341651,0.736956460503,0.02088993098415547,2.8948098421120293e-12,0.03337148339771695
2025-03-31,0.019638204020883655,0.0003148904202330795,7.076863693277143e-05,0.6329989631108927,0.6466290385516099,9460349315.84653,0.008047268512454167,0.02274575736844983,0.03276250785008814,0.672076662543019,0.013295850187324201,2.728965305116001e-12,0.02618646659525049
2025-04-01,0.03233094220466068,0.0010176523693431973,2.7637454497912114e-05,0.9471200161571398,0.8526310668929843,8777533006.34936,0.04435747833194998,0.02247798837166905,0.03287305571220116,0.8260358255326824,0.013028179633882024,2.8848073130534143e-12,0.02582461771019184
2025-04-02,0.06569820969122481,0.00032395459958440653,0.0039923001570477375,-0.8498908809371671,0.9164230924826924,13280295671.59771,-0.05956372096167004,0.02381689021457884,0.03363122839061148,0.9045615823724527,0.015806488945159014,3.071492488785353e-12,0.028375904688601065
2025-04-03,0.022077811313004094,0.000284607717740424,0.00020282203463218757,0.1677896819185466,0.5670621778538962,9300377779.3857,0.01239148518110229,0.023631953508493665,0.03371028474523565,0.9133304630832974,0.015802861676092392,3.0245748990661966e-12,0.02821892517801781
2025-04-04,0.025670406082340797,0.00030801924245275306,0.00035095050597952634,-0.06514906583937853,0.5325745329196893,11189347191.90998,-0.00028080221522724697,0.02401616119755828,0.0333410943397898,1.0234876269506512,0.01574691129103537,2.847847937222885e-12,0.02851198601437642
2025-04-05,0.019807186281898086,0.0001799709055707477,0.00021235372283506405,-0.08254087283763459,0.5150829398250699,4240858358.66691,-0.0059760693937610755,0.024600225865222692,0.03315386357902883,1.0388191157196487,0.015327185596241634,2.740735685448142e-12,0.028790743991323177
2025-04-06,0.08591167426514831,0,0.007380815775040946,-1.0,0.845325763610593,15611375780.35225,-0.1332259623730011,0.02722506906265788,0.03367777244233591,1.3311656250488182,0.020340289250778975,2.938662865790427e-12,0.033693181047366814
2025-04-07,0.07562180204756556,0.002589909836674296,0.0031287471082468944,-0.09422444408929731,0.5383377124576123,26972327209.18665,-0.017584301995237483,0.0300434750295218,0.03366309263460565,1.3657329057369607,0.02273055193495331,2.809301934836463e-12,0.03734547722612771
2025-04-08,0.05845624106988154,0.00014441784989943225,0.0032727142701206723,-0.9154742369758987,0.5461357184215,14045598156.5731,-0.052750806940787244,0.03182869694988356,0.0338532161874077,1.5651198192913458,0.023443045585110088,2.9668968232983683e-12,0.039197857488940495
2025-04-09,0.11381570026986702,0.012583790517384365,0.00037022311053584484,0.942840401257894,0.7604486714200791,24474452374.02393,0.12495501730448504,0.03477850410046916,0.035295133134198055,1.988227488423983,0.02926518752809746,2.9774522972499477e-12,0.04500235724931136
2025-04-10,0.0668099169185529,0.00018112944955019384,0.004282435549113746,-0.9188409042528068,0.9196658918886359,15502627233.05013,-0.09230218364442397,0.03722499194807886,0.03574554380693751,2.197067321596854,0.029711211305883514,3.0482958412250502e-12,0.04718495627971073
2025-04-11,0.007973853059723313,6.358233261805884e-05,0,1.0,0.4588206052143288,10065984172.36663,0.028762930112546135,0.03684998528405161,0.03530120199360838,1.7713735836620805,0.030042356857210028,3.106714825021984e-12,0.047090194022621205
2025-04-12,0.04342048644542865,0.0018211238608270188,6.421478233063406e-05,0.931879842845544,0.7703742710202857,9064527082.06725,0.0483835177301282,0.0384438714806785,0.035753056389737324,1.588613365631029,0.02942534281463022,3.2566482707657057e-12,0.04798490454003993
2025-04-13,0.015078823036723067,2.7021310473342254e-05,0.00020034959369946804,-0.7623151425495933,0.5417818422464195,10425865231.328201,-0.028812183975096193,0.03881683824998521,0.035786738388946956,1.3655357417225036,0.02905748235059757,3.2474185589712644e-12,0.048071589063723545
2025-04-14,0.03893418633754199,0.0006191995285779883,0.000896671337188453,-0.18304448939334408,0.5501766719221997,11461353410.02934,0.01620557522856209,0.039270672658940506,0.03624414730360736,0.9472663063869314,0.028977427636366123,3.132206246356403e-12,0.04839309602531155
2025-04-15,0.01821764489742455,1.8359977812683275e-05,0.0003135226077959755,-0.8893585948234564,0.3900126532849818,8655053492.30134,-0.0218132484904876,0.03963603433534675,0.035974879187296235,0.6806565690566774,0.028643578284940293,3.200107073418928e-12,0.0485015518228902
2025-04-16,0.022687990896321432,0.00017599745751623857,0.0003387474733953255,-0.3161760439114421,0.5516888020136993,11399051627.39225,-0.007217418787550193,0.03927283665761151,0.03573467504443062,0.7580883723395894,0.02881551536983072,3.062536843435414e-12,0.048302690550331685
2025-04-17,0.013634142839801883,0.00011566711358789703,7.022273738822392e-05,0.24446937775807243,0.6094314499713014,7867233863.14387,0.003969100706358309,0.03955222702685103,0.03549513705076681,0.5945723352274888,0.02852171164129091,3.0652906933331312e-12,0.0483645445782213
2025-04-18,0.009382192561177392,5.704208161151211e-05,3.098345564350028e-05,0.29603484148604836,0.460855580159136,3807791936.43141,0.0031979842756134037,0.0376120813054426,0.035320911912425326,0.5692953737181957,0.029145458765217742,2.865556086004408e-12,0.04715586980347696
2025-04-19,0.008561365290770725,6.617282382743904e-05,7.124151814574671e-06,0.805608573827946,0.5643779589015234,4018736527.91098,0.015329873537302061,0.03692704152535986,0.03526012392350915,0.4046952513873843,0.02967169176182986,2.8303941455218324e-12,0.04692644708290052
2025-04-20,0.01979659102715432,6.407884116406785e-05,0.0003278261751323391,-0.6729879001313752,0.6273647872284003,4922880313.28205,-0.016186611030468413,0.03731073193129023,0.0353748380574917,0.41265264740075547,0.029380362330645567,2.9109499858243157e-12,0.0470551949846039
2025-04-21,0.034196362612622766,5.8794393365206056e-05,0.0011105968225687778,-0.8994444415793778,0.8256462307973028,12051145787.21652,-0.005010736470472804,0.038003977578515896,0.03540678176961197,0.4731697444074345,0.029113057626290264,2.890243223612796e-12,0.04745009962084432
2025-04-22,0.06090046245520172,0.0037006595348656776,8.206792391757253e-06,0.9955745008487129,0.5073617951299456,17105891545.17911,0.1062362082184467,0.03936443092377976,0.03593912831288491,0.7281672807178938,0.02949966158872997,2.9453374852279104e-12,0.04876831892100864
2025-04-23,0.007882148126553102,3.469079996215645e-05,2.7437459126768107e-05,0.1167478526157733,0.4087369778568382,14884457486.24906,0.02190485437512729,0.03661128513498587,0.035820969877344434,0.7253901087450535,0.029616794945201447,2.8018393652985727e-12,0.046645165645726315
2025-04-24,0.009514574281519701,4.484827208627781e-05,4.567885167227832e-05,-0.009174925166248927,0.48653084947768827,9233374360.0472,-0.01439721774178646,0.03601303575253423,0.035689588580817895,0.7375269384328325,0.03004878099479964,2.8126438839759305e-12,0.046442129074205335
2025-04-25,0.01800190343025892,0.00022124104771487858,0.00010282747939748918,0.3653966936330432,0.3001670917392176,10683768505.19271,0.008433405084929851,0.03564786895957795,0.03530977868999459,0.7394678566796058,0.03022682203109032,2.849037724084799e-12,0.04627011644397968
2025-04-26,0.014382433664702378,0.0001385618028749516,6.829259524461272e-05,0.33970371560445356,0.3301481421977733,7150557099.82798,0.020113005128725943,0.035389547406378154,0.03515210250780102,0.6427278306527143,0.030391697535715193,2.9158769381757162e-12,0.04617457915359405
2025-04-27,0.014314426691330796,6.241060823577825e-05,0.0001424922032657053,-0.39082721434179657,0.42277543061195955,6545876836.53077,-0.016498075160966304,0.03198015466476779,0.034906946828057964,0.3808003691357284,0.028390736038953483,2.629518553675313e-12,0.0423129013291525
2025-04-28,0.03768098943135113,0.0005442570086883095,0.0008755999558372863,-0.23336361015751006,0.616681805078755,11349439257.29635,0.0050147203243721536,0.03017344930209092,0.03466735137610033,0.5536778763295912,0.026627087822182167,2.6195142098912424e-12,0.039820558232141555
2025-04-29,0.01989510912627978,0.00014953692117035983,0.0002462784459762212,-0.24441073499310445,0.45789269091907,9636124239.94526,-0.0014683882074855157,0.028337204923824168,0.03394224249499251,0.6240917970756567,0.025898799607937895,2.4479285533367893e-12,0.037971102585941136
2025-04-30,0.033894764738837464,0.00028485439129518996,0.0008640006854059495,-0.504107355101515,0.7092199812739475,10019083575.07204,-0.0021508500245619767,0.024531446089013236,0.033512454710644325,0.719386045851213,0.01708085173612969,2.2150307769067803e-12,0.029658965329073056
2025-05-01,0.020511433360529657,0.0003849826504711892,3.573624803225969e-05,0.8301181707815927,0.8745961991839133,9845482567.69241,0.024508788947888528,0.022326756395774035,0.03348090007391121,0.7913352360286017,0.014074316213892681,2.0500485480642424e-12,0.02621331233230807
2025-05-02,0.02004160331887425,0.00010769799021354579,0.00029396787337756565,-0.4637433749003854,0.7303671258571015,7960281598.84561,0.002196608103765687,0.022901411170019318,0.033006962859038244,0.8595593036876752,0.013700381085726914,1.9271203380481216e-12,0.026518615333228766
2025-05-03,0.008157294790729363,3.586604890477605e-05,3.067540939808435e-05,0.07800609783853459,0.4640242308967843,5123783033.42071,-0.004719955846902248,0.02122221156741459,0.032590714207296916,0.6824473429052382,0.013212023724845982,1.7168112302150314e-12,0.02483198682016334
2025-05-04,0.01414479273948712,2.6622348747153128e-05,0.00017345281289589442,-0.7338765239170483,0.5876682423272146,5590079217.0753,-0.013559082806043865,0.021177733934212878,0.031072030532639076,0.6503913263630131,0.013235290909700043,1.700717541744201e-12,0.024805801179833793
2025-05-05,0.023203785237436485,0.00038823762809944115,0.00015017802124563413,0.44214837949710584,0.5763419664648178,8394316571.89672,0.006373908492287419,0.020428667215160234,0.029978481258898935,0.5815412264849112,0.012610489029530013,1.6695451752222383e-12,0.023849156917534593
2025-05-06,0.028140732352086032,0.0003882301043019475,0.0004036707130097939,-0.01949815983302368,0.5096522087530779,9539152683.93454,-0.0017658470062424138,0.020901195189191733,0.029648091734064075,0.6340495181812804,0.012709026445510113,1.558346378938807e-12,0.024304071999528956
2025-05-07,0.018984939154859083,0.00011033335343727318,0.00025009456127642835,-0.3877646600990148,0.3987658737863641,10500877576.813469,-0.0033587337889698643,0.02072485939197924,0.029450897839641086,0.6302956695054468,0.012708684986186923,1.5434270023429484e-12,0.024152421957549765
2025-05-08,0.07313980687312682,0.005349431349438289,0,1.0,0.4108193582461686,26775043415.66911,0.19802701191757968,0.02355846244118519,0.03009644129509613,1.05348471977844,0.01696856875039987,1.8715910268656048e-12,0.0287962222333717
2025-05-09,0.07459711966628861,0.005067934718053058,0.0004967955444535258,0.8214484724261374,0.8741867635562833,32335300573.60659,0.06056570404523182,0.0266639351604762,0.030791456648399405,1.4758041068822594,0.019950064204603768,1.9207910011492387e-12,0.033015418792148435
2025-05-10,0.05382509843659929,0.0028555649526397775,4.157626906982591e-05,0.971298417378983,0.3735886272862485,22823633374.33704,0.09653831958681501,0.028819351024563275,0.031192773227734467,1.6681084877946215,0.020337852420413735,1.940560152319831e-12,0.03499266568358596
2025-05-11,0.047475227950678656,0.0008611180145709505,0.0013927792543979491,-0.23588530282492426,0.3308888009324255,18805426565.15567,-0.026857314920704572,0.03013738135425491,0.031289564926781636,1.7879094923167391,0.020618820388727834,1.851994993580158e-12,0.036237452302687115
2025-05-12,0.029802176286908802,0.0003825212029303106,0.0005056485085056787,-0.13863038109720757,0.3372677417020999,23177645097.88142,-0.00771624791721486,0.02992813438636377,0.030225956444443168,1.8561057604295137,0.0205978550435097,1.848048730086137e-12,0.03605220449813483
2025-05-13,0.058101530944966284,0.0033576565518611684,1.813134628770587e-05,0.989258006228621,0.6721115691039378,22321674127.76505,0.0713385375008109,0.029794851933495414,0.030545757076314742,1.717420113132777,0.020395483283139202,1.7044976491895218e-12,0.0358315583194303
2025-05-14,0.012837477654859642,1.1996872662268213e-05,0.0001528039598767524,-0.8544076206723328,0.692277424733987,18124941984.93919,-0.026419457207534008,0.030030820006271917,0.030152998451945544,1.3115791913114454,0.020156551567409045,1.7038295690030712e-12,0.03589971785074397
2025-05-15,0.024949026605289228,0.00015351117995742274,0.00046894274859400696,-0.5067548844468768,0.48141005212599525,20701781487.27752,-0.023660562682607564,0.03076579392645142,0.03013692772915977,1.1276895915686012,0.01964598659700504,1.6840041146303898e-12,0.03625078743434831
2025-05-16,0.026118078557269844,0.00011583620286017529,0.0005663178246635436,-0.6603810922859424,0.681817398750835,14259348442.34683,-0.004736921366154963,0.031152278456309086,0.030272102871148437,0.9834396807351271,0.019461299248534205,1.6622341843666853e-12,0.036485220022717195
2025-05-17,0.006226645790659785,4.409766181197753e-06,3.436135162114346e-05,-0.7725231341701752,0.5003960017091964,12632025371.53351,-0.02460102508053681,0.030763907605164193,0.03025122695892168,0.8373766922600554,0.01988936319743529,1.6210305545803785e-12,0.03637536686243442
2025-05-18,0.08479135422405708,0.0024535156126183513,0.004736058138531172,-0.31747953424191117,0.6573697426159874,19985490224.21014,0.009209350010723974,0.03411995177338926,0.03110839183360498,0.9938595383836358,0.022719585440949392,1.522955561853858e-12,0.04069116233846325
2025-05-19,0.030776776365357625,0.0009472099634432356,0,1.0,0.46127531679761047,21684230990.30493,0.011899381028248477,0.033791179722627664,0.03133603468474679,1.0999217233885006,0.022715432169002236,1.5280465112120573e-12,0.04041365725102876
2025-05-20,0.020472313222771345,0.00013923596164329253,0.0002798796470479659,-0.33557253055750197,0.38685567303908586,17457148458.048378,-0.0014970418403143855,0.0338186656319844,0.031328189168564044,1.068816132340101,0.022698119673591543,1.5248737273736047e-12,0.04042738215263611
2025-05-21,0.029849809001908065,0.0003882519883167241,0.0005027591091336678,-0.1285136864676582,0.5249531737183117,26847255635.16949,0.01071493731698837,0.03362604869213062,0.030978666293871006,1.0811224696131116,0.022714598432741238,1.5336562052168235e-12,0.04027523982534498
2025-05-22,0.017757114309095906,0.00019119067895684243,0.0001241244296294561,0.2126959587444919,0.398708898188731,18416807932.67231,0.04352832729210772,0.03349489064206235,0.031015546328638413,1.1472373468020975,0.022801895021307944,1.5276641748121554e-12,0.04021287996274032
2025-05-23,0.04441092601184362,6.443216384791966e-07,0.001971686027590969,-0.9993466392293454,0.5945741950279142,23651003468.51325,-0.053328135803255496,0.0346553345798228,0.03146891034463124,0.8880446876609087,0.022702883062358663,1.6218950206442343e-12,0.04113233839490433
2025-05-24,0.011903052025171884,4.098345784937301e-05,0.00010069918966457549,-0.42147526788221207,0.632658281879177,7010178346.24612,0.0015391771014696954,0.034833703971939106,0.0314999290066774,0.7705148139234472,0.022498077814786768,1.5884844230685899e-12,0.04117581102662236
2025-05-25,0.014713344569656934,0.00016236549515372798,5.4117013271725235e-05,0.5000333868511073,0.4419106725284275,10112388538.50681,0.008174400251959603,0.03486077786861386,0.03161845001760398,0.7408086931002277,0.02247226349167261,1.5114745757155822e-12,0.04118529732717549
2025-05-26,0.016199000695490885,0.00014041457762910644,0.00012199304590340777,0.07020196851642198,0.36645935621915315,9600977643.38416,0.0048509032112241425,0.034527216699949785,0.03140885219135017,0.6527026115337363,0.022704726880895476,1.4993764130702364e-12,0.041025424758354925
2025-05-27,0.031578410556817746,0.0008951898252049204,0.00010200618809001817,0.7954139673042434,0.5170757221471411,18256630414.12917,0.03731384614356906,0.03469091566207986,0.03174271506220612,0.7457987843275105,0.022668742781318026,1.587887653467967e-12,0.041144397411031874
2025-05-28,0.02817525779207795,0.0006410199594306483,0.00015282519221940097,0.6149748048426177,0.7308189584558463,13632284869.34801,0.007703826140023624,0.03512854988289981,0.03170874864416352,0.642122930081103,0.02243790552525884,1.5995668728191295e-12,0.041394448351941046
2025-05-29,0.030924410826818537,6.780948416525514e-06,0.000949538236569326,-0.9858186502519536,0.7635811526028216,20452187002.00675,-0.018868128991450628,0.033118292928313704,0.03207632746544997,0.7536607906175139,0.02068471346301649,1.2913094154125647e-12,0.03878536498483206
2025-05-30,0.022019332767092982,1.4373039077854675e-06,0.0004834137116001893,-0.9940711523259177,0.6042268896854882,18079390292.1202,-0.039024861140138985,0.030614588790256764,0.03163020175205852,0.797964474187478,0.018477286120280143,1.3049034800449202e-12,0.03553034653989176
2025-05-31,0.007992103684999712,4.977997110644175e-05,1.4093750205344206e-05,0.5586995742255703,0.6475473800748051,8685292710.63833,-0.0010046078326267536,0.028432065230656788,0.03139281926019331,0.7566585132491892,0.01830467089414089,1.1089946815886303e-12,0.033578088468908626
2025-06-01,0.012465691293992305,0.00013175196936953955,2.3641490067575997e-05,0.6957209118940657,0.6740749282786067,8755165625.15367,0.00426854114183416,0.026764944437481248,0.031404352574342126,0.6550500135329577,0.01807641758568403,1.064203115071691e-12,0.032055565388727864
2025-06-02,0.04049035546101008,0.0015102912846583845,0.0001291776007005646,0.8424153067445592,0.5237535775124043,13325178539.07842,0.026667624932320427,0.027273905350533686,0.03173533910513778,0.727271508640927,0.018315102674660123,1.1436496959306958e-12,0.03260882431996278
2025-06-03,0.015510748563818485,7.94702367201326e-05,0.00016111308428986459,-0.33935373086956183,0.6257154477245316,13577160885.2253,-0.005512983676252793,0.025245772856193317,0.031468351904489496,0.6322637816915136,0.01704480760782971,1.0107981254963252e-12,0.030233093911737913
2025-06-04,0.02424346326463144,0.00026670653110611906,0.0003210389799574151,-0.09244213325080221,0.4828310086972151,13890243223.44595,0.005562857935582616,0.025788915028087212,0.03081034005644833,0.645012497704409,0.016809748794487985,9.604579744580206e-13,0.030564361440456198
2025-06-05,0.05332906374597051,1.7337956860704433e-06,0.0028422552443357163,-0.9987807296992558,0.7645702580678739,21556669894.86718,-0.07722501931955744,0.027140345368119653,0.031306391682368435,0.9519577939097603,0.017847624248444133,1.0766243936247379e-12,0.032248528284610736
2025-06-06,0.01902856423638122,0.00025015551566154033,0.00011193074123654612,0.3817454316248718,0.49509995619137714,13390557409.25552,0.025564575992846925,0.026802749448077336,0.031200965621321457,1.0262879792881512,0.017934765678508137,1.1517173411598525e-12,0.03201134570917934
2025-06-07,0.010370380666255072,0.00010637711702174145,1.1676781412955523e-06,0.9782848042152972,0.8726254182585421,6733132072.13929,0.01921327892266087,0.027000070156439022,0.03105117505599379,0.846537034943967,0.01771855730049708,1.1948616380893492e-12,0.03206245765891583
2025-06-08,0.011755467809555477,5.3141730238482074e-05,8.504929318301297e-05,-0.23089461351776783,0.6139052650603962,6620003823.64801,-0.005997955072756274,0.023522170803367513,0.02987409241384152,0.8718307891777614,0.01207787104716401,1.2160632180456032e-12,0.02631009428409483
2025-06-09,0.04666024730256582,0.002163990401090237,1.318827724636403e-05,0.9878849840138612,0.6601817968769205,14246910954.41894,0.06587916279446789,0.02427852656228219,0.029414385195666925,1.0493798455662817,0.013015811746000009,1.410127227026548e-12,0.027400565688365002
2025-06-10,0.044157014789979736,0.0017075383971908637,0.0002423035579716254,0.7514633867323537,0.6409810206623184,24154747930.96526,0.049732989533319866,0.025406369494054018,0.029187413349954196,0.9596732712176909,0.013678781961719717,1.5040880373958697e-12,0.028699873359071638
2025-06-11,0.04094170428229597,0.0010705608172288182,0.0006056623323101537,0.27734880349703445,0.6386420334452064,22221851409.53581,-0.016255048138538227,0.025934554983596297,0.028030683254913386,1.1207049308986388,0.014067560935196892,1.519915752271495e-12,0.02934405869892926
2025-06-12,0.023924221165785298,0,0.0005723683583894093,-1.0,0.657723355514281,20158025803.52708,-0.047672158151249706,0.026228226738676745,0.027349957925504376,1.2129030382430679,0.013952213470072127,1.5199829436291618e-12,0.029551893541179576
2025-06-13,0.024178291588715217,0.0004957090481924647,8.888073595647225e-05,0.6959210086578319,0.7036136784745034,28202599088.1968,-0.024252693165461664,0.025264767956623014,0.027607171235488375,1.3146020848030444,0.013318002076570683,1.45356158791813e-12,0.02841182021303384
2025-06-14,0.013633910190703395,8.621153603451859e-05,9.967197105364727e-05,-0.07241328308242162,0.46262900655132094,9006633899.97699,-0.018967787167334882,0.025347189774029277,0.027134368437794324,1.0762182463980476,0.013236280303569811,1.543390940422844e-12,0.028448837070337792
2025-06-15,0.01210513157306291,0.00011923584496316975,2.7298365437994767e-05,0.6274130748954742,0.6998381633521654,8854576371.88794,0.006564273233070605,0.025222989155143843,0.027087166985990195,0.8467695372722185,0.013352774665574696,1.5401998640777286e-12,0.02839023528116905
2025-06-16,0.05192293625361922,0.0006832264112235389,0.002012764897973866,-0.49315384742324325,0.7389352047832008,18500985118.57673,-0.0012575059030800805,0.026924128943626148,0.027293337619578723,0.9064431413964184,0.01438161191340281,1.519376945436502e-12,0.03036264805205155
2025-06-17,0.029455391964310455,0.0001363784048714832,0.0007312417108996818,-0.6856264570346753,0.5176780023786035,20276853861.58318,-0.013507459776634674,0.02682303282017342,0.02747171455714834,0.9350356898845487,0.014354695313293597,1.4537721787318455e-12,0.03026086773207742
2025-06-18,0.0167040779365317,0.00017009727385206081,0.00010892894585766431,0.21922071717142128,0.5929134179834564,16787444513.8059,0.005762582315491132,0.026276786160385503,0.027376731811754852,0.8775665213161501,0.014517996061151962,1.4432079459300639e-12,0.02985305560010618
2025-06-19,0.01836367141177369,9.208351135342287e-05,0.00024514091636617145,-0.45387401514109005,0.7053611823114669,9226215331.05735,-0.0013164992543185587,0.02567865571205003,0.02745180369384964,0.9118597243658458,0.014575575806669516,1.4060718942207033e-12,0.02935513968517381
2025-06-20,0.04130805365979851,0.00016410372029479828,0.0015422515768659948,-0.8076558609243331,0.605465334268876,19117430362.24391,-0.046601835080208286,0.026597166230750296,0.027958563393827754,1.1143220971071852,0.014936731142858475,1.4193640170955528e-12,0.030329706501892865
2025-06-21,0.0426501807914375,4.244187691504913e-05,0.0017765960446272553,-0.9533359075009673,0.8028986047370176,14926463759.4515,-0.04715707128315699,0.028247550854866382,0.02849965570336215,1.0602121418309867,0.014690933447669715,1.564298551399243e-12,0.03167760003726587
2025-06-22,0.04858601238839918,0.0004128690814130802,0.001947731518392598,-0.650199969069679,0.8250999845348396,24395034719.55417,-0.03022147861901921,0.029967566145076237,0.02895663064560413,1.1685104811824094,0.014864267444208925,1.6000743532666392e-12,0.0332938463976162
2025-06-23,0.05168964984820219,0.0026612912832703647,1.0528618159384406e-05,0.9921187665727391,0.655880519435955,23160060525.87008,0.07943407029219013,0.030500865877799665,0.02923430187156571,1.3786337840549243,0.015450042358799676,1.6680977311815001e-12,0.03402410586836793
2025-06-24,0.015252398893214485,0.0002238057802042254,8.82989179350501e-06,0.924088238766829,0.6032763356732026,16167058360.26545,0.015307072469093566,0.030488563512532808,0.028509729434073847,1.359582022031185,0.015462673002678314,1.6938481093961344e-12,0.034018543776374886
2025-06-25,0.017275721927951918,0.00012770646967614132,0.0001707440984557774,-0.14420354113922457,0.4276961464066334,12136042753.0774,-0.012456840201147712,0.030156766306024263,0.028658833780127797,1.1938299348268067,0.015676656461562275,1.7236550964608988e-12,0.033815460532154874
2025-06-26,0.019453730531092586,1.2506039753931506e-06,0.00037719702760097057,-0.9933908743453674,0.6855537861684797,13986888156.9707,-0.0011341483307340736,0.02854365520055388,0.028816598165041653,1.0329856362010383,0.014896486307550085,1.5569249891131903e-12,0.03203246224170456
2025-06-27,0.012360341335529445,2.260765727860178e-05,0.00013017038065219605,-0.704045717764197,0.7462905432671396,10621563197.78729,0.003088917304136892,0.028226120776703795,0.028727049560363406,0.7986469702689996,0.015177864453705317,1.4798614746461345e-12,0.03187650512870203
2025-06-28,0.006206785330847396,3.417254966625277e-05,4.351634476969646e-06,0.7740829780694923,0.5195881260905492,3723317923.01957,0.005242071190274925,0.028027854332160575,0.02859727736458793,0.48943120942109397,0.015447571920600697,1.411021504813708e-12,0.031824909794959645
2025-06-29,0.029174783840550264,0.0007430072178897943,0.00010816079425303851,0.7458532446943312,0.7520660060475103,7537795437.65051,0.026126069227520643,0.028857345571731755,0.028833156049496173,0.5876207520734524,0.014991039455207475,1.532925044446776e-12,0.03235392045231188
2025-06-30,0.02461151836904017,0.0003173884067799525,0.00028833842964964915,0.047958874170963964,0.45136893665379485,12818199456.88197,-0.005999757139525944,0.027807406098706727,0.02862570412787219,0.6371374765773958,0.014443959267998142,1.3350185674017878e-12,0.031176034522429487
2025-07-01,0.017241130707762734,8.384951464375318e-07,0.0002964180929357216,-0.9943584419652574,0.3731994478346775,10982509466.22594,-0.03300251433421447,0.026525697332886868,0.02858357748630843,0.6227908047302924,0.014110983901598317,1.3800697307892223e-12,0.029887298092236034
2025-07-02,0.04909280330360585,0.002234197161296955,0.0001759061749095791,0.8540260309448369,0.7155599527683507,16554772337.679241,0.0666681569473297,0.0269138449053302,0.028824816193685706,0.8577856042731787,0.014629912029218975,1.5370048164749362e-12,0.0304663299859004
2025-07-03,0.019519752477920007,0.00026951137307629723,0.00011150936372296697,0.41468086666519555,0.600473671034666,13647187156.290361,0.00806277795349378,0.026704108301146133,0.02880907522729508,0.9453082195288506,0.014706286910823083,1.4525228867933252e-12,0.030316422468778886
2025-07-04,0.028888492102721014,0.00013370293895288918,0.0007008420370160852,-0.6795788296546889,0.4407113992072797,12725393707.41595,-0.032696397387037175,0.02692840356371784,0.02894950203338788,0.9403544784319121,0.014701756359251196,1.5339246327928912e-12,0.030512097592387644
2025-07-05,0.006222234091792176,2.0120206937153757e-05,1.859599015590705e-05,0.03936896946730065,0.4818131071957827,5052102986.64698,0.003337239164915306,0.026575466606626828,0.028918786784198403,0.8264505229153871,0.01511988565876301,1.465095336024747e-12,0.030397041506448678
2025-07-06,0.02162213073470643,0.00041860303806868246,4.891349944005402e-05,0.7907517894417159,0.6137364470615924,9172986497.633791,0.021199010365681645,0.027028657042895567,0.029037474688884422,0.8550983859207093,0.014803801494811693,1.5398421726945712e-12,0.03064743064376151
2025-07-07,0.013607017250910233,1.660679252545134e-05,0.0001685441259411173,-0.8206134469870329,0.7131891784901593,11644446527.06696,-0.010867906854276957,0.025204089471338,0.028885145038304645,0.6344903622990052,0.013916817286925459,1.581048971356975e-12,0.028630423974054804
2025-07-08,0.02085345485142672,0.0004195608491916205,1.530573004887213e-05,0.9296072368881323,0.708505024749898,11532994545.81018,0.028170767663884832,0.02479447341834353,0.028769473966865605,0.664934909645215,0.013912021824907904,1.6656428858745475e-12,0.028268248365803758
2025-07-09,0.043504599160070004,0.0018926501480783637,0,1.0,0.842024143734446,19472870001.08627,0.05714651190677698,0.0260706887147025,0.02915867491932927,0.776376698054242,0.014354960982561914,1.7890431677417218e-12,0.029596166987550732
2025-07-10,0.05058225563793058,0.002529200919129826,2.936366629113458e-05,0.9770467656290934,0.8704286768853592,24350173415.15155,0.0640022804967911,0.02760490701118616,0.02880061855051663,1.0997789599675383,0.015187637327996696,1.9074108126902018e-12,0.03133227095348615
2025-07-11,0.027977965187199402,0.00038276255471112803,0.00040000398130501366,-0.022026269392704453,0.4546772686782593,24321474191.78244,0.002139639312170271,0.026970140893443347,0.028060631971483473,1.147604104764704,0.014861339118591515,1.7955208687146113e-12,0.0306223902709326
2025-07-12,0.01837563135908735,7.291319993196414e-05,0.00026475062791311024,-0.568131414032196,0.7806337081625992,9646182328.478691,-0.005109516253692843,0.02581420996809334,0.02749794201787217,1.2119832704630573,0.014520899160350272,1.6703018298064389e-12,0.02944807569937152
2025-07-13,0.01136773526961615,9.347413330326372e-05,3.575127185681124e-05,0.4466835400898889,0.6679766230376779,10415925230.63532,0.009637691411681264,0.0240419110576751,0.02692480721341086,1.141757128169452,0.013858776970317864,1.6553707321231223e-12,0.027585017686166613
2025-07-14,0.014882314820071468,3.0823323016864334e-05,0.0001906599713868545,-0.7216645788130664,0.79026771241184,20170004457.45065,0.014004103413460676,0.022289180818240304,0.026687984015524552,0.9323701187722869,0.012442470406093298,1.5251096187360649e-12,0.025382090244372248
2025-07-15,0.0379328090590525,0.0014388980031105354,0,1.0,0.6817705472212405,26257227282.62108,0.0407739231451428,0.023369200349946877,0.026367845572891003,0.83044051864095,0.012780870304561218,1.5539695464738357e-12,0.026489461462245335
2025-07-16,0.053418215204391835,0.002829545245718524,2.396046990419505e-05,0.9832062926855109,0.6181525553320601,30571821987.93077,0.07161138505714278,0.025090271458348776,0.027011984264153417,0.9922523020337225,0.0142664325048695,1.6166345413300342e-12,0.02869426530332216
2025-07-17,0.04033151217126397,0.0015852201425154144,4.1410731505399045e-05,0.9490840458437418,0.7495373603016986,30197089749.63605,0.030996217552871186,0.026084451536452176,0.027256150701708573,1.1844933509260829,0.014578049386976774,1.6616525031520314e-12,0.029711919469409872
2025-07-18,0.014141209304189585,9.972308777478862e-06,0.00019000149180741922,-0.9002638470808564,0.8689047363921206,35671704359.384964,0.01984966254436969,0.026169254773055043,0.02706604166594539,1.2179577628530065,0.014499188407332327,1.6743019461097247e-12,0.029749715558740057
2025-07-19,0.011418947280639264,6.792721857624359e-05,6.246513842177524e-05,0.04188957297973635,0.40090861340757855,12293248411.83796,0.012595313104862291,0.026417452961140366,0.02714845914991332,1.1985627612374674,0.014181514420477456,1.6560480604083348e-12,0.029823149577531002
2025-07-20,0.027084363242674502,0.0006394767362499134,9.408599601122423e-05,0.743482072157038,0.7719933508021769,26908744578.77599,0.044746875119434995,0.026317909123146282,0.02623247516608185,1.117835435542068,0.01416852291599222,1.5701862848510289e-12,0.02972911030119889
2025-07-21,0.02302240100501495,0.00014511052026844833,0.00038492042776726515,-0.4524451041727821,0.7262225520863911,25225480585.51872,0.0014048832639122608,0.026242236867716512,0.02610938984290181,0.8827817840075634,0.01418232911879397,1.5505494994705808e-12,0.029668424851799182
2025-07-22,0.029828716454832194,0.0005028030378902426,0.00038694928745253436,0.13020898865656305,0.4860914485182986,29306295168.48628,-0.003980311530734077,0.026841645712815058,0.026257904179918648,0.8103464631065611,0.01404825077752856,1.4139214493244163e-12,0.030140164497121633
2025-07-23,0.025548829604638765,0.00012561979240569978,0.0005271229017611664,-0.6151016517587051,0.37404936230960995,25314488743.70884,-0.03215299398303881,0.025720504108102338,0.026189634665676278,0.8901964288804836,0.013090508449009563,1.2826364861742644e-12,0.028718385675668194
2025-07-24,0.031291054942852094,0.0007411902091314357,0.00023793991030515298,0.5139769360949321,0.43431115302267476,28454660354.486507,0.021463387171565554,0.02628104232071815,0.026404459120180346,1.0306764234607468,0.01306371248927977,1.2904221931320809e-12,0.02921005092411908
2025-07-25,0.042417611779615075,0.001224933158958928,0.0005743206301272119,0.3616013109313328,0.32828626519442894,27126573043.76688,0.0048315189157189286,0.026925286114855965,0.026372819211732273,1.1276547226355533,0.013524211082712803,1.176552107207936e-12,0.029986089940170116
2025-07-26,0.0049124111544713404,1.6338069769955748e-05,7.793713580618704e-06,0.3540706488703682,0.6500086385040026,12459303545.27103,0.004238918056201279,0.026862913594031163,0.02626185665822909,1.0100359367026908,0.013627094907185545,1.1612976667378963e-12,0.029974507402248867
2025-07-27,0.0173103679125449,0.00029674846073344104,2.900376534223028e-06,0.9806414964885564,0.5276584262784761,15482491667.55545,0.03454866845365594,0.026657591554880615,0.026303079250973343,0.921969012394458,0.0137420055600923,1.1575091401547482e-12,0.02984086784924313
2025-07-28,0.019675964499651186,1.2145139434581617e-05,0.0003749984395569522,-0.9372576992431677,0.9196829597156656,24175996255.181442,-0.01968898212726853,0.026946589042915896,0.026358269152626682,0.8836838127019544,0.013515779763737476,1.1518467428071784e-12,0.030001601492524177
2025-07-29,0.032195570304117,0.0005598082783670383,0.0004767464688403023,0.08013258320461988,0.48669554606186055,24860205422.37114,-0.0011703399275093296,0.027486689778758292,0.026368065339091747,0.8848619940434258,0.013486707692279921,1.0377730751785324e-12,0.03047536561943859
2025-07-30,0.023954882768489213,0.00028191123564027973,0.0002919251728117817,-0.017450857115383873,0.3359173641970759,21736673459.65851,0.004505140365944733,0.02655575090296873,0.026301075259352245,0.7371972728427476,0.012991393952055985,9.078962451397981e-13,0.02942698175774302
2025-07-31,0.022589737886007554,2.420293555407376e-09,0.0005102938374649696,-0.9999905141630234,0.34895147805031385,20469554422.85698,-0.029871978955993955,0.025222773867162873,0.026168778863466354,0.8646223229643126,0.011782761311518189,8.5222602362222e-13,0.02772022128950265
2025-08-01,0.03313957014917749,0,0.0010982311096722557,-1.0,0.6726924540077557,33128314776.46401,-0.058529940899681186,0.025468564579638017,0.02634529056794389,0.9874053145351126,0.01189639691689041,9.321684787009456e-13,0.027989869433315495
2025-08-02,0.02692154105684037,1.0683046376794197e-05,0.0007140863264983474,-0.970520149507933,0.6843365201735169,18754639855.72633,-0.027329022473093715,0.0258755126604834,0.02664575782781437,1.034405123248614,0.011787300135114755,9.76334867641468e-13,0.028317245421764337
2025-08-03,0.011174555608470181,0.0001185367144976577,6.333978549134698e-06,0.8985513991379677,0.5663112349990925,11864698196.98683,0.02978984466655686,0.02586631362900026,0.026625263610583864,0.8849300747355727,0.011799257700935935,1.0518354595426208e-12,0.0283135836840366
2025-08-04,0.029854435170696886,0.0008897950867285291,1.4922126328142625e-06,0.9966515563861763,0.7421336969250591,19236902829.458862,0.06223150523870328,0.026579271740934805,0.02645643947899159,0.9431175557963736,0.011552125420895232,1.1728213185738412e-12,0.02887134305570923
2025-08-05,0.03665638231766194,0.0004032936818016561,0.0009403966828169428,-0.39972229849824165,0.6155836589040022,21058063277.99194,-0.029804651017122395,0.0265184895151543,0.02679208445921133,1.0387466681652537,0.011492605880924447,1.1662732702756025e-12,0.0287927204822574
2025-08-06,0.02127378895190294,0.0004213929363438929,3.118116002621473e-05,0.8622052818475262,0.5389061923119786,15227765255.91895,0.019481099945618495,0.024987802550750067,0.026744946771707703,0.9428067702940237,0.009737320951586708,1.115650227336646e-12,0.026733699251359468
2025-08-07,0.03799467833142841,0.0014435955815087153,0,1.0,0.7602274164309213,22547412157.43496,0.05988658060368867,0.024876524748853136,0.026501543828619734,1.009213240787036,0.009565034608422595,1.1932485733353123e-12,0.026570184593864562
2025-08-08,0.03153755486763856,0.0008003745206317387,0.00019424284639757363,0.6094119149000359,0.7170554604691568,24345087579.6172,0.02542622243268411,0.025704922156636417,0.026700099235465086,1.1701348108654672,0.009339456563911285,1.2164845137483095e-12,0.027272969753635634
2025-08-09,0.03215564237222207,0.0010339853363702434,0,1.0,0.8298567036544615,27432612279.33882,0.06050605919439527,0.026692383827664173,0.027045897040321707,1.1961494373646553,0.008836161496201637,1.2727251586755945e-12,0.02805072398879728
2025-08-10,0.01774996910877905,0.00013181968501920136,0.0001832417183434092,-0.16321273496336577,0.5766035978802181,20053465752.63617,-0.002430688982670198,0.026247888868907245,0.027141047854595094,1.0699643005462853,0.009047704244023182,1.1993107961549411e-12,0.027693220859738105
2025-08-11,0.04504691429365879,0.0011667854250881136,0.0008624390622921272,0.14998161351231384,0.5749908067561569,31097460175.200497,-0.006484022868097309,0.027296675215985524,0.027115439394136253,1.2342144296482473,0.009892218198838083,1.206587628846478e-12,0.028953491156101525
2025-08-12,0.04652091471328172,0.0021307448403005396,3.345066545989211e-05,0.9690872055035171,0.7947347742172967,37479934448.83552,0.08358417955900725,0.028091541799721217,0.02715296161514105,1.280304464574347,0.01074013896250397,1.3063155866171637e-12,0.02998320230766767
2025-08-13,0.022249644920451644,0.00044670206349281126,4.834463559336833e-05,0.8046865651963379,0.49945130202476046,37251303664.178444,0.03407171528480655,0.027934437767140878,0.02685626226019114,1.2051694661358716,0.010803137871240936,1.2893871563506228e-12,0.029857714037136995
2025-08-14,0.02937674793712774,4.105234638397275e-06,0.0008588880847231416,-0.9904860569687042,0.5466363554501623,48290670951.46872,-0.04371436355777868,0.027843280290677813,0.0269428103041807,1.1722938213712522,0.010781453134126108,1.296574434229849e-12,0.029764958654605083
2025-08-15,0.04801425203897659,0.00016412431995863286,0.002141244078903735,-0.8576155376818531,0.8769987819186289,33482732351.53149,-0.024070399566045658,0.028109786969695027,0.027321158882756276,1.3960465612572306,0.011219982296285534,1.3223258513462174e-12,0.030167092326142075
2025-08-16,0.015818235448598738,4.301017682032471e-05,0.000207206395886981,-0.6562164020155734,0.8281082010077867,14093829789.0426,-0.003822809844849318,0.028629111936082047,0.02735583071224668,1.1925376669683487,0.010307910510446055,1.319041034834312e-12,0.030345006208012226
2025-08-17,0.029806918565689473,0.0003762799914893091,0.0005121724028923346,-0.1529540718921756,0.5764770359460878,18646228010.40326,0.011346580126261146,0.029224185776707982,0.027636811458161385,1.0609559544609224,0.009977217231327409,1.2417577891882297e-12,0.03080353334260172
2025-08-18,0.024504465604209064,0.00028939386188467185,0.0003110749726631932,-0.036106970971851636,0.4436071219817952,35575776951.64949,-0.0361968330420898,0.029454114400734543,0.02720159763832948,1.073412306744507,0.009800240537756976,1.2514270831794755e-12,0.030967983658796036
2025-08-19,0.03852796902645584,0.00031889406644972903,0.0011655103308538116,-0.5703407143915654,0.5107298644281079,32204790715.55084,-0.05672630627772632,0.029755657197036392,0.02734560679804607,1.1419248228599532,0.009984498134704627,1.333062684373502e-12,0.03131041656870063
2025-08-20,0.02782552779253115,0.0007691284886369996,5.1315082959240715e-06,0.9867447412593923,0.5770006385708892,32383014019.12521,0.06199812780014266,0.029939973626752676,0.027522137748141304,1.003815107168808,0.00990748972271514,1.4143610790585638e-12,0.031462456453834206
2025-08-21,0.012699063373990451,1.3428334286753434e-05,0.00014783787628987232,-0.8334637586046217,0.44552194494921593,21078545366.69103,-0.025894742172103767,0.029468989126180435,0.027432223334843155,1.002933853914599,0.01049221549201605,1.4033682724586692e-12,0.03119720640814142
2025-08-22,0.09121402335400601,0.00816635394737208,0.00015364410905307463,0.9630663113113536,0.7094654072444465,54750305193.79994,0.13421391572611152,0.03223443927879131,0.02822438158395756,1.4293285318569406,0.017088162276688666,1.435969093510118e-12,0.03629269006016598
2025-08-23,0.011538903376227915,0.00012928645090971706,3.859840216206939e-06,0.9420210629441197,0.6981962661033104,18933270794.15555,-0.011053838656799014,0.03150193272257168,0.027730551783716136,1.3372174405345933,0.017647827395622092,1.3943807203587944e-12,0.0359024626467451
2025-08-24,0.014629022425900494,0.00012099266527334116,9.301563186415842e-05,0.130728732406144,0.5199858610769037,30592940074.785362,0.00022395315077414996,0.031666431142449304,0.027191551943041556,1.1633228853762307,0.017464021333760762,1.2751675657951094e-12,0.03596152766380719
2025-08-25,0.05258284080564066,1.0492132670154136e-05,0.0027544630145211945,-0.9924106308336956,0.6513686116582438,41589800131.29473,-0.08835603653108492,0.03274873617268473,0.02720572957728661,1.3188891630348192,0.018040862810533603,1.2222845946052837e-12,0.03718136294412653
2025-08-26,0.02718610842958706,0.0007389554588373414,1.2903270792332683e-07,0.9996508309688555,0.5556584806377992,30589096262.84132,0.04999291219349918,0.03229777074944307,0.02739515353818141,1.410904041471327,0.01805665664223538,1.2327123047299646e-12,0.03679215941640597
2025-08-27,0.027152046498346953,0.00014828141570387307,0.0005889522133445221,-0.5977356163329895,0.5413648749299264,26459757592.6853,-0.020577789024255062,0.03257768777546421,0.027551920594854354,0.940696172268665,0.01792227923693984,1.2088259669038279e-12,0.036975913921958085
2025-08-28,0.0320653347943186,0.0004131241391001457,0.0006150615563715932,-0.19640169879896763,0.3867744299896492,20065358628.09292,0.0009407630636729448,0.03229533808322088,0.02775210478950873,1.083935157467027,0.017879326653299717,1.0845810114141154e-12,0.036707448661265414
2025-08-29,0.027681406412623802,5.402948941411121e-05,0.000712230771566739,-0.8589787513058532,0.7823344941236314,27104770526.17302,-0.03393520067229451,0.032111711966315425,0.02799529629866896,1.1739158444014972,0.017907278509030886,1.094466358286034e-12,0.03655902951819654
2025-08-30,0.013720790553860801,0.00014550135820765424,4.2758735215261514e-05,0.5457482843248525,0.6648681765460084,12802321816.86978,0.0030581939270755403,0.031233861879726786,0.028114566222843775,0.9020568433900836,0.01835136711018216,1.0008117360867642e-12,0.03600402767324549
2025-08-31,0.018842614596619574,3.647843461514912e-05,0.00031856569022159183,-0.7945132333513594,0.5840900646952019,14051520790.23488,0.004012980214155089,0.031285892617243,0.027950563536432178,0.8584417829329497,0.018312733670967356,1.0086393568512404e-12,0.03603045861231359
2025-09-01,0.025238539647453005,0.00018415437648122286,0.00045282950705483434,-0.42179266621649597,0.39540115633426326,23773811619.81524,-0.017599832862741135,0.030342636681709393,0.027960516255137142,0.8418087264660767,0.018077119078381606,1.0339630168920054e-12,0.035098387088326646
2025-09-02,0.019269485798883462,0.00015248962324316832,0.00021882345971020308,-0.17864664487290582,0.40438064058644924,22199377296.74414,0.0026836205366904354,0.02904494959054757,0.027992712367694614,0.7545041964255649,0.017834179048064995,9.335240862450095e-13,0.033860322247949916
2025-09-03,0.02926465566320598,0.0007923904546112328,6.40296164747811e-05,0.8504714715674841,0.6887083104085199,17044372656.69283,0.028188990315020687,0.02937899772115492,0.027677979865466044,0.7554593821382934,0.017766101992759888,9.687247605459012e-13,0.034113482357339714
2025-09-04,0.026879415366304355,9.186884542849407e-05,0.0006306341250058246,-0.745692822900731,0.7567145226040575,21342682503.19518,-0.034894149620323514,0.029260077122544283,0.02779479991131342,0.8463100229599281,0.017774474004799465,1.0034729809977134e-12,0.03401528570994144
2025-09-05,0.03914329487518606,0.0005371352047729829,0.0009950623289127847,-0.29886950871030205,0.6304906420552342,27575467859.60816,0.002332182251045103,0.02883765059093521,0.0279575745584954,0.9753871072995152,0.01740811608363909,9.7326748514999e-13,0.03346971768154672
2025-09-06,0.009468806436068605,1.7318668331278008e-05,7.233962699245624e-05,-0.6136739323730277,0.5619381587263005,9195378104.55838,-0.007932515305714762,0.028535296828433778,0.028009107452848996,0.8711241396448505,0.01769827292580326,1.0014305017259782e-12,0.03335530496676774
2025-09-07,0.005591429012432495,2.191475022512759e-05,9.349328175944246e-06,0.4019124404688212,0.429490059309393,7351406415.13431,0.007500454962066045,0.02738217827827868,0.02775465186995576,0.7926425578315434,0.01838675883541597,1.0210379323575796e-12,0.03273771339279685
2025-09-08,0.023871774258581432,0.00021880948109804886,0.0003510521251546222,-0.2320609821850996,0.5773799312467287,15322973248.833971,3.485207039071769e-05,0.02735205011896308,0.027917584520871175,0.7661545883496031,0.018392227507504758,9.726958953942379e-13,0.03271544575773398
2025-09-09,0.020211546652792168,0.00018271968879397644,0.0002257869293040178,-0.10542605334171165,0.5251768173024649,15222966920.79079,0.0010287529195100902,0.026479839529741,0.027907395501845227,0.7208859020077415,0.01826963396257416,8.920365876245958e-13,0.031922831383604085
2025-09-10,0.026374670125565058,0.00033142059443054057,0.0003642026298018334,-0.047126137008246215,0.523563068504123,19320820617.76293,0.009107943519495804,0.026410751069409284,0.027635491866376895,0.6241826125615808,0.018267033761272596,8.233165616781945e-13,0.03186412646413177
2025-09-11,0.012646110311357789,0.00013788393795905113,2.2040168047978686e-05,0.7243671564184343,0.43807835707141973,18709241142.85245,0.024767612149356535,0.026408229494998204,0.027033330829447172,0.6468702232196999,0.018269024701562317,8.278560347515146e-13,0.03186312360050052
2025-09-12,0.02855590159411924,0.0008141823784562261,1.2571373967958653e-06,0.9969166630452517,0.7784276287528771,22044074626.95246,0.05541738737254753,0.02342450941119407,0.027042504423207804,0.807641928520286,0.010707503332632193,8.308347822722337e-13,0.02564953635209296
2025-09-13,0.018562559413076128,4.159956394777013e-05,0.00030296904801621106,-0.7585411874247057,0.5834213006303969,14859966360.5965,-0.009829891984313234,0.02375896922247256,0.027045471535175877,0.7783274902117936,0.010423613453740013,8.345333630351885e-13,0.025845046810579687
2025-09-14,0.014487692613810069,5.3867651654297734e-05,0.0001560255856179491,-0.48671379455234703,0.622382144387202,11619139302.15607,-0.01354110694214287,0.02375223923142063,0.027094994667623398,0.7543477802291819,0.010429846688608422,8.896806736591459e-13,0.025841255569522478
2025-09-15,0.019462141667015292,4.354853646821007e-05,0.0003352264217987627,-0.7700558840137703,0.5643157861903182,18980591155.35112,-0.017638347832211205,0.022175063081962283,0.027167690331860603,0.7118081601027046,0.008095054700875695,8.327673067481283e-13,0.023540239195160243
2025-09-16,0.009914593770242343,3.230247406256869e-05,6.599669556635958e-05,-0.3427721885239108,0.5732857876172265,13940782703.99469,-0.004906366711613131,0.021352610002945867,0.026722956755847745,0.692914650633331,0.008430900705322692,7.717009139730867e-13,0.022882947244781165
2025-09-17,0.02329584253134549,0.0004042497729345468,0.0001384465063106987,0.4897827326060054,0.47592495838722076,23070604822.17107,0.019563308028688105,0.021168981242612465,0.02624482385627558,0.6479704397757956,0.00833977311772149,7.750473031477834e-13,0.022679629434439144
2025-09-18,0.010136526655069653,2.5546801649309552e-05,7.720237097962802e-05,-0.5027346499116291,0.6986193201020211,13458754798.55331,-0.000654049351716126,0.020124752283600607,0.025765538371891543,0.590583714104261,0.008279861563179053,7.751288096217251e-13,0.02168633637647957
2025-09-19,0.014394423134214355,3.842165116747815e-05,0.00016877776619932727,-0.6291335983878733,0.36700230589683636,15390394153.31296,-0.02625703080790141,0.01949203879415254,0.025769557639034796,0.5931294377946079,0.008180614118415865,7.967509590477343e-13,0.021063599894125862
2025-09-20,0.008934461767046967,5.4725847083146806e-05,2.509875998367719e-05,0.37115230739147564,0.5018861675503428,5418567490.325439,0.002636184762649391,0.019264118375732834,0.025730121361041264,0.5191939640362657,0.008412827026216905,8.085429336821797e-13,0.02094066966243997
2025-09-21,0.012980836721907708,3.171328887893895e-05,0.00013678883312188872,-0.623585881265244,0.7197523653997125,6106266734.79425,-0.007902503442983717,0.018984986095984653,0.025506255860711632,0.5475356759340096,0.008524021712034919,8.565701896775822e-13,0.020727486422512445
2025-09-22,0.0317754697920359,0.00023221898676401085,0.0007774614937405752,-0.5400149032336254,0.6907899809147142,25725810179.459938,-0.056993197318556184,0.019296268483821932,0.025645193460505616,0.6139135137786229,0.008875904553560143,9.268133258581967e-13,0.021151268292798404
2025-09-23,0.009128776218401156,2.2775661947738554e-05,6.0558893297907953e-05,-0.45339212813694396,0.5204534538975043,14583116712.743141,-0.008283215923310131,0.01881337755141801,0.025316622980562267,0.619491850302546,0.009149081805921335,9.48104430014721e-13,0.020824574117368207
2025-09-24,0.008265672013515572,4.7857836750040546e-05,2.0463497084974047e-05,0.4009631856898399,0.6647045304641319,12670384477.90497,-0.002824575184502461,0.017813425949051803,0.025042287145782532,0.5690447780026645,0.009097089832536022,8.799648240981393e-13,0.019903124776579562
2025-09-25,0.028116124307009868,3.0610228785120053e-10,0.0007905161399449432,-0.9999992255637707,0.6642393309052932,33629986986.042168,-0.06917599828108185,0.01787231685099016,0.024991891421404084,0.717424533561586,0.009162481833163405,9.000613443432677e-13,0.019984321674904142
2025-09-26,0.02454866417424938,0.00048494773335854366,0.00011768917938153139,0.609419280852143,0.6199064254685583,18750388212.84918,0.039753338714476144,0.017177334436659843,0.024708257332430025,0.8067598588751623,0.007940395338568345,9.96992755649667e-13,0.0188443180118687
2025-09-27,0.0077278186361384995,3.324632264172806e-05,2.6472858231321452e-05,0.1134219242692825,0.2850371415938808,7063334343.7382,-0.003270713897704673,0.01709443025571079,0.02475294634007554,0.6263662715456884,0.008033446248080476,9.779637994168378e-13,0.01880645232934005
2025-09-28,0.027139767044592967,0.0007055707281521884,3.0996227082586126e-05,0.9158359552725077,0.8470882582430848,10149863141.77429,0.03004924148323685,0.01812054159057557,0.024908968548520743,0.7697514670828899,0.007865125339474494,1.070358155933783e-12,0.019679138713204272
2025-09-29,0.01756338982867747,0.0002964170932783962,1.205556899569494e-05,0.9218370347192515,0.726206132557867,15694942048.56818,0.01758556522178261,0.01782014233200872,0.024875435617235448,0.8473117346405545,0.007754168682043312,1.1236051163234417e-12,0.019360304954290534
2025-09-30,0.016071596214256183,9.52607086290997e-05,0.00016303549624499395,-0.26239172832187385,0.4510442748399092,15345949182.5394,-0.01681279086078952,0.017623001834935575,0.024619499520570992,0.7589079229911622,0.007742948682526447,1.172557780158154e-12,0.019174684641551233
2025-10-01,0.037031145167401684,0.0013713057124091772,0,1.0,0.9449445892750626,18930019542.68207,0.04786154821474461,0.018130453027403987,0.024827059241188647,0.854839031533237,0.008642169214906665,1.270507092970454e-12,0.01999609681119764
2025-10-02,0.018661199066447903,0.00034173778852331424,6.502562074281763e-06,0.9626547465672883,0.501839081376251,19726077711.08088,0.03078107199173356,0.018416885825265423,0.02476470148214802,0.9386574835763996,0.008550504465851755,1.2817741562221825e-12,0.020219083260657172
2025-10-03,0.01606989419253191,0.00017192969338983977,8.631180596933098e-05,0.33154193897173984,0.6200168881465525,19877580078.8867,0.006540804231774324,0.017822314044237453,0.024493754244740946,0.8573782745641042,0.008238651084113775,1.1777321846887295e-12,0.019551933127461524
2025-10-04,0.009255110550884798,3.319930553748319e-05,5.245776577161592e-05,-0.22483211181289778,0.5021015626627834,8456084877.8291,-0.005853788040810249,0.017379102193656914,0.02421333471290038,0.8047408384721906,0.008444617441220804,1.1791967491099525e-12,0.019234057503219687
2025-10-05,0.023884866490597293,0.0003042485266759809,0.0002662383205976765,0.06662766417833156,0.47012999291847707,15788381952.9441,0.006124194294605216,0.017826586663980112,0.02441508567928335,0.8679373114824119,0.008532264954059787,1.1421719165497978e-12,0.019675367654073028
2025-10-06,0.027121032795557873,0.0006679918870085489,6.755853288917677e-05,0.8163048213647395,0.6587297200246054,18419617390.68043,0.03699912383585853,0.018191295765339285,0.024371698339995432,0.7918801366602177,0.0087661545912375,1.1935717732920059e-12,0.020102472485235383
2025-10-07,0.044296872444851886,3.983192200772663e-05,0.0019223809863877514,-0.9594010192907173,0.923469759448758,27299951019.86175,-0.05186423732124836,0.019828547130796882,0.02449297596106194,0.9967511510080945,0.010231359224209188,1.2672788639382177e-12,0.022200612538931602
2025-10-08,0.019019762909121767,0.0002810983800565818,8.065300106262223e-05,0.5540970662608444,0.6284371822165389,16827127415.925549,0.017370528986199986,0.01962492429164337,0.02445719776990668,1.0304465873683268,0.010201410487147474,1.2760558958844608e-12,0.0220056986570179
2025-10-09,0.020807187726265497,7.551051978400355e-05,0.00035742854129205,-0.6511725248522274,0.4148798195874037,22281784727.32817,-0.03551308057193761,0.020133051009319364,0.02418438045871362,1.1243844465303974,0.009968253426953032,1.349637806654503e-12,0.022360100657304083
2025-10-10,0.07744986444678151,2.2096966040966304e-05,0.005976384536783865,-0.9926324800599752,0.5434905573625286,47929937738.04511,-0.1335605153133408,0.02313569107182256,0.024913147277430176,1.535585160490791,0.01589067963645859,1.4010907561772593e-12,0.027852278879968398
2025-10-11,0.029201620848282633,0.0004594989939606525,0.0003932356662062024,0.07770685401890938,0.5388534270094547,19726835357.37149,-0.019831475879835383,0.024100793885214737,0.02486625804689145,1.5709682991066722,0.015597811840461074,1.4257952770614162e-12,0.028505344752017027
2025-10-12,0.061245035297844086,0.003747493142986239,3.4612056479294148e-06,0.9981544933229114,0.7945810020885721,37481577939.66282,0.10268697786250111,0.02639908905549742,0.02555665592290836,1.6659505925061526,0.017336306602805888,1.494628727204282e-12,0.03135518525865157
2025-10-13,0.04005348471591171,0.0010353594828791696,0.0005689221550086034,0.290745288641891,0.4820475821997995,32696882710.922688,0.021384177781045285,0.026793280242348647,0.02547739513595999,1.8216432695841291,0.017557369482683223,1.4202765132967039e-12,0.031803490114013136
2025-10-14,0.05131446966129796,0.0008370426555812851,0.0017961321410389836,-0.364233125232973,0.6801039829535175,34258219352.17251,-0.02789933128049835,0.028802122787248495,0.025553483309738025,2.0600677805841565,0.017846195778600638,1.4320090462842578e-12,0.033658326567242075
2025-10-15,0.031581537759585276,9.724379800020588e-05,0.0009001497292599047,-0.8050041526390502,0.8751834028114371,21819540012.2743,-0.034356958307125374,0.02991240210848991,0.02570160859289888,1.6780911050899017,0.017218923150090798,1.4963742156616721e-12,0.03430924773770705
2025-10-16,0.043406202215832135,0.00025222860555606326,0.0016318697852456476,-0.7322553781825202,0.8088604352481847,22709297884.67893,-0.023307834602335282,0.030640501056529067,0.025924298343354503,1.7739828725296736,0.01746074114510983,1.4472972049477876e-12,0.0350599459644471
2025-10-17,0.04729544880837343,0.00012330479691821837,0.002113554681067253,-0.8897518613647851,0.9448759306823925,25226782204.14404,-0.016066110833612677,0.03172368127720164,0.025912888768265564,1.6409643135991483,0.01776680551977114,1.3766654458593055e-12,0.03615273064630794
2025-10-18,0.007477683982469536,4.677855053658143e-05,9.13720720510003e-06,0.6731795266975751,0.5476813665997314,7509890240.83936,0.01477542135238008,0.03171177010321741,0.02578049906245399,1.4189633499680954,0.01778377286893506,1.4483038488403897e-12,0.03615022569497022
2025-10-19,0.01745231109710883,0.0002822052324489593,2.2377930181308737e-05,0.8530586524346181,0.6447285001570909,13293751538.49362,0.023789824970799876,0.031250462677146734,0.02558439418200033,1.1614766447624016,0.018032209533065998,1.3925416140746318e-12,0.03586458087036003
2025-10-20,0.012817956127809432,4.6275996432140114e-05,0.00011802400286230724,-0.4366890245786624,0.3416073347689049,15854456792.02957,-0.0007690239555489729,0.031024489643772062,0.025398894031581288,1.0133572809136093,0.018240834146732325,1.3414961167651384e-12,0.035768740488068655
2025-10-21,0.06182905298052389,0.0023249479456765956,0.0014978838467918346,0.21634854573361173,0.6081742728668059,23982223539.194653,-0.027122250125799014,0.033203416156451476,0.025768752507042685,1.1815230614011865,0.01907903374404036,1.3431792823431266e-12,0.038067605466961627
2025-10-22,0.014777580693879359,1.6239245987396737e-05,0.0002021376451767192,-0.8512732194251037,0.4913894014645843,19162417413.61478,-0.017506544790243786,0.032143722610093274,0.025561642235635514,0.9179384108500115,0.01946980805835161,1.2662862487229704e-12,0.0373395395465451
2025-10-23,0.01592420147471052,0.00021203672419906397,4.154346840810872e-05,0.6723445314795171,0.7915670962460478,14306558471.2592,0.013388108551682586,0.03201338939143911,0.02561283490390091,0.9848863664442694,0.01957345935141724,1.236542287402417e-12,0.03727913071648845
2025-10-24,0.023174434183596257,0.000317917529769119,0.00021913686996071578,0.1839304544532078,0.4109087908538991,14370925595.57035,0.020022727332737928,0.032351700819585036,0.024532841425005517,1.0514449985266738,0.019344165480280662,1.287219712861323e-12,0.03745678031754182
2025-10-25,0.007445678573073169,5.118534510007847e-05,4.252784313442421e-06,0.8465754758166425,0.7001361428545674,5100565551.56726,0.0048316930702959615,0.03226553739207019,0.02446786960273322,1.0212383613898497,0.01945589411696633,1.2993639160703069e-12,0.03743756662128918
2025-10-26,0.03326851682448937,0.0011039450200656914,2.8491916356411506e-06,0.9948514518678924,0.49312430719528166,11852616616.01451,0.05035959039903999,0.032712377884160294,0.024763734593187012,0.7810964808889658,0.01936131922915167,1.4832174312109359e-12,0.03777710735946564
2025-10-27,0.020947861777790077,3.227424766175082e-05,0.00040653866539964767,-0.8529020149539902,0.7217466958898647,17446812942.46984,-0.009157956069996046,0.03241841735950468,0.02426159206893542,0.8384631838601554,0.0194968454840628,1.4125615615432011e-12,0.03758961935136077
2025-10-28,0.02171828085501069,3.10825411716002e-05,0.00044060118212552364,-0.8682060048443918,0.4705288766340354,17497055109.81833,-0.03481074110979205,0.031343246331417,0.024174801155053254,0.8903593635147093,0.019431493837397285,1.4168343082201419e-12,0.036633344138058396
2025-10-29,0.020434160006270175,4.47798428320278e-05,0.00037277505232982374,-0.7855139846238883,0.5247868335813283,17639590435.271328,-0.019594581681855842,0.03141059857413836,0.024068168036131397,0.8634257117239552,0.019389048085232938,1.4205741441503785e-12,0.03666959521088179
2025-10-30,0.0504530706078026,0.0009879682022380211,0.0015575441315178937,-0.22375689236573476,0.38731466403313175,22017129749.74984,-0.025336346783729525,0.03282230728278298,0.024360036858567653,1.1949388619576229,0.01965583346176686,1.3994760213176114e-12,0.03801654824152759
2025-10-31,0.016763589830647026,0.00016955186236303308,0.00011146608164713921,0.20669776416053803,0.43796325389258145,14680218606.47905,0.011405208069661369,0.029932484682014673,0.02418673818266326,1.0667418110412168,0.017055683453578923,1.3037775380480677e-12,0.0342490550341616
