date,rv,up_var,down_var,rsj,jump_share,quote_volume,ret_1d,rv21,rv63,rv5_60_ratio,vol_of_vol21,amihud21,iv21_raw
2020-07-10,0.01519698953704988,0.00014118655368534913,8.97619373038544e-05,0.222667037837016,0.5315574798602891,22841827.78101,-0.00022540290865183187,0.01519698953704988,0.01519698953704988,0.9999999999999999,0.0,9.867989147489545e-12,0.01519698953704988
2020-07-11,0.013273882890109993,0.00011723740570168092,5.8958561278673895e-05,0.33076151186539304,0.5802549494553566,17527286.41677,0.008306254962590416,0.014235436213579936,0.014235436213579936,0.9999999999999999,0.0013598417509961172,2.4188610356202043e-10,0.014267874017693707
2020-07-12,0.016860062177485795,0.00012027811948410495,0.00016398357714458216,-0.15375078028035152,0.462801691299526,30824704.71178,0.00111719372585217,0.01511031153488189,0.01511031153488189,0.9999999999999999,0.0017946602122256123,1.7333855325996594e-10,0.015181196204496376
2020-07-13,0.036875770173036206,0.00025965477611760037,0.0011001676497369862,-0.6181048772534854,0.6875324929371305,44975425.75236,-0.01893227608802261,0.020551676194420467,0.020551676194420467,1.0,0.010980938072429515,2.352406957609358e-10,0.022645245529982844
2020-07-14,0.013029470845171367,0.00014758903577689016,2.2178074728280486e-05,0.7387235411819654,0.7753923787239643,25655448.21306,-0.00022760896877586966,0.019047235124570648,0.019047235124570648,1.0,0.010087242704334688,1.8996690852718445e-10,0.021076032316154777
2020-07-15,0.008014011517619596,2.377437562979952e-05,4.0450004974740015e-05,-0.25964640200456557,0.562180263116348,19883057.02336,-0.013057109109189254,0.01720836452341214,0.01720836452341214,1.0233767129191824,0.010084177845900629,2.6775496549355083e-10,0.019515891266531755
2020-07-16,0.03518245142846547,0.00015167089666050817,0.0010861339918558236,-0.7549356961381769,0.8124166484990544,31818105.97066,-0.029245270581500123,0.019776091224134044,0.019776091224134044,1.112067747822532,0.01144092414202901,3.6080986562928544e-10,0.022434109744121064
2020-07-17,0.0050902010038743626,1.1279592051907003e-05,1.4630554207936564e-05,-0.12933011347847917,0.426595749605237,18599394.15296,-0.004521126083103401,0.017940354946601584,0.017940354946601584,1.0946484086901231,0.011796394252108823,3.460935339842589e-10,0.021062214705304373
2020-07-18,0.012880401523122042,0.00015326608771244746,1.2638655684397141e-05,0.8476396102290403,0.8109469901696047,15104955.119309999,0.013744292189740121,0.0173781378995483,0.0173781378995483,0.8539066354189926,0.011162676415370268,4.0874085603891234e-10,0.020316495349935515
2020-07-19,0.01693501624006337,0.0002135555321690825,7.323924288212759e-05,0.4892567839211855,0.6574316084744112,14145007.42623,0.004695946643150381,0.01733382573359981,0.01733382573359981,0.901152266250746,0.010525205087253398,4.010653860429733e-10,0.0200040861445525
2020-07-20,0.01626288827564234,2.4236859308386366e-05,0.00024024467575763862,-0.8167217284009193,0.6712352678031728,16817394.9116,-0.017486267856655427,0.0172364677828764,0.0172364677828764,1.001956544216711,0.009990305910838266,4.5912968591959275e-10,0.01969336796499775
2020-07-21,0.02571931355600439,0.0006562514230433829,5.231666748688183e-06,0.9841820090961577,0.8401637365380672,29190195.32888,0.042927047900091775,0.017943371597303734,0.017943371597303734,0.8570052755331676,0.009835114448184454,5.434187264523235e-10,0.020264088205585246
2020-07-22,0.0337635498727332,0.0009314200389628722,0.0002085572610456699,0.6341027824955688,0.7764917930138355,25933711.4728,0.027923453500173362,0.019160308387721384,0.019160308387721384,1.1018733867061634,0.010388495728407885,5.844422207442349e-10,0.02160408891079758
2020-07-23,0.007224433882586769,2.7843952059223028e-05,2.4348492864644714e-05,0.0669725129695894,0.45672740432062153,38039543.29025,-0.0006664445431605588,0.018307745923068913,0.018307745923068913,1.0913981682599518,0.010478326142039132,5.439477609040396e-10,0.020907566973598815
2020-07-24,0.016184310009658497,1.904257044390865e-05,0.00024288932004482353,-0.8545990684190642,0.4997798546680581,28386869.91649,-0.018612489312870125,0.01816618352884155,0.01816618352884155,1.0916381576702945,0.010112042061016372,5.513960753114898e-10,0.020626359971431394
2020-07-25,0.023155007855708065,0.0005361543887979021,0,1.0,0.5400636476136912,118455463.18109,0.10780152582026123,0.018477985049270708,0.018477985049270708,1.1478157915370366,0.009848452907831982,5.738125426392004e-10,0.02079341132706451
2020-07-26,0.025622333000268373,0.00024599885703950706,0.0004105050913371346,-0.2505792001775578,0.42555480287665126,119775211.6863,-0.02239436164789178,0.018898240811094102,0.018898240811094102,1.1212645206505971,0.009691876831981545,5.510570942000001e-10,0.021108068184576684
2020-07-27,0.10765228010484777,0.010347118747300347,0.0012418946644722566,0.7856772409615664,0.8357299824761774,201399574.36871,0.1038845619967529,0.023829020771858195,0.023829020771858195,1.5094062536170731,0.022935424023051012,5.490991009226959e-10,0.03262869615845431
2020-07-28,0.0467481418156548,0.0016900007771304818,0.0004953879860860911,0.5466362832789967,0.3818310238874831,261346489.01579,0.043596647505758174,0.025035290300479067,0.025035290300479067,1.752422841143886,0.022901009134817338,5.289789118570607e-10,0.03352042692011586
2020-07-29,0.013321826236514726,8.013383996692355e-07,0.00017666971587622287,-0.9909693622665531,0.8698578231933597,121732324.04213,-0.010992091935855314,0.02444961709728085,0.02444961709728085,1.7709855181091698,0.022443563052609448,5.070448278764986e-10,0.03280718858078639
2020-07-30,0.05448129546560266,0.0028579804787451325,0.00011023107686516414,0.9257255928022965,0.9628627964011482,138199556.37151,0.02892542314299214,0.02587969701958189,0.02587969701958189,1.9152146675857196,0.02283583908331753,4.92866590946833e-10,0.03415262940941661
2020-07-31,0.022211506730634142,0.00048581915109118223,7.5318801538236025e-06,0.9694664460928909,0.35850736877558603,103839160.81766,0.02416458300844713,0.026213721647847806,0.02571296109735699,1.9011038785290062,0.022722789542795996,5.034781941013579e-10,0.034335076155977126
2020-08-01,0.033104917090761944,0.0010811549606601699,1.4780574926052655e-05,0.9730265614242605,0.9328274125488228,163938744.01148,0.057730790937596824,0.027158056609783612,0.0260343504883746,1.3049504531716367,0.02256969793855597,4.976803051341565e-10,0.03496704987486525
2020-08-02,0.11328634780283493,0.0006320693257914072,0.012201727272713478,-0.9014992452249022,0.8115762132597728,221923203.47423,-0.08188153999264729,0.031749784496705,0.02966985037647711,1.5935765790971161,0.029203677756853154,5.135241122148958e-10,0.042664874042245296
2020-08-03,0.022296874174834,0.0003221309024768592,0.0001750196954915202,0.2959087398999686,0.35204563005001577,99724110.98058,0.02998231687279088,0.03105555135393347,0.02937493132841139,1.6706826546847828,0.029248979915660996,5.077958033136729e-10,0.0421807049038886
2020-08-04,0.019664097069965056,8.623195204242461e-05,0.00030044476153458374,-0.5539842508501556,0.5574723333447373,89832562.30391,-0.014626432994941768,0.0313714859360665,0.029001437703086528,1.4520917550692356,0.029079877979855964,5.151266163517623e-10,0.04230296555688075
2020-08-05,0.02343053559242264,0.0005037942887051692,4.519570944261514e-05,0.8353496071145223,0.8038032541450274,109216698.25658,0.020927007264797962,0.03210560613010474,0.02879510799528416,1.470963552319392,0.028652186274325437,4.929796977999475e-10,0.042574933610429834
2020-08-06,0.04266506753361242,0.0014888951200797405,0.0003314128675679679,0.6358716548882083,0.8179358274441042,116158834.89186999,0.0037275542991426595,0.03246192118273079,0.029290463693081602,1.511365094748911,0.02873875836337027,4.5073926362767967e-10,0.04289945471388054
2020-08-07,0.03599902219305663,3.308136904966875e-05,0.001262848229806515,-0.9489457311896153,0.7367357322238169,122233117.80395,-0.03318451144698625,0.033933769810787086,0.029521793296529014,0.9759271404479882,0.028050072689129697,4.5209194100347875e-10,0.043598627633660555
2020-08-08,0.029355505382098704,0.0007436909901324663,0.00011805470610595958,0.7260103378031924,0.5254520164977555,49256021.23866,0.02228648861487946,0.03471829856597645,0.029516250366048005,1.0239391921202794,0.027659467234122593,4.303082641191964e-10,0.04397698960828533
2020-08-09,0.021068961780570175,2.0297523407523092e-05,0.0004236036271036037,-0.9085493543589528,0.9088909406325125,53582325.60299,-0.02578666719708912,0.03491515311552439,0.029243757185871303,1.0430882154598655,0.027541031236975416,4.3741621995772956e-10,0.04406196626322432
2020-08-10,0.026200706744530674,0.00048219048433281763,0.0002042865495800775,0.4048262666104027,0.6981287519808623,91223165.8443,0.02305327848613741,0.035388382566423834,0.029148661859579407,1.06549840525756,0.02728873371506982,3.9993718661037397e-10,0.0442894106388438
2020-08-11,0.05491585682854167,1.1879847257749371e-05,0.0030038714839551372,-0.9921214676191676,0.8281508020325933,106844476.46209,-0.07488607454640993,0.03677869415083038,0.02992948594954796,1.1195651887320723,0.02751430429670424,3.632843493973412e-10,0.04553745607993886
2020-08-12,0.012516154287442852,0.00013036514562544623,2.628897252162786e-05,0.6643692124716879,0.5257136020867671,63859103.92219,0.008280477895553274,0.03576691340867369,0.029417329135956634,0.9794035641876393,0.028016799298423878,3.181864341106311e-10,0.04502038419216772
2020-08-13,0.06037203352804132,0.003352064894737374,0.0002927175375735711,0.8393772231897112,0.8803221958272451,111474463.97433001,0.0468863831055598,0.038297751487028665,0.030301749261444768,1.1555353564481265,0.02770834864097717,3.373808256573878e-10,0.04688188036433143
2020-08-14,0.018443266521959857,0.00018587438497765714,0.0001542796950223881,0.09288346609061648,0.4527227873777338,100242562.59608,-0.005961792162898551,0.038405320844757306,0.029972346963125743,1.1507141440920527,0.02762245913469032,3.0899040583632285e-10,0.04692158962207792
2020-08-15,0.040982293977296594,0.0015823846235603943,9.716379608116631e-05,0.8842977136653168,0.8649438615398376,152085566.50225002,0.052093326079825905,0.039254239231499614,0.030269913098643873,1.2370673449450398,0.027403412019528034,2.819650190264804e-10,0.04749824109864247
2020-08-16,0.04886981197581979,0.0019331907504361102,0.0004550677721158698,0.6189124687978872,0.5506282262404288,224279629.47854,0.066018320071623,0.04036126203985921,0.03075938412172745,1.178070143235268,0.027294536713856954,2.8707869828480595e-10,0.0483585298680277
2020-08-17,0.046576025201137905,0.0021576693976347026,1.1656725902330709e-05,0.9892531364686427,0.8565801189882243,303460357.07311,0.0502618347808883,0.03745286894920635,0.031164939021199514,1.3813178396263772,0.022619397759052924,2.704032593553868e-10,0.04347402527328129
2020-08-18,0.04019640635968571,0.00046218221231700393,0.0011535688719159778,-0.4279041904076359,0.5079206074447166,264612565.03061,-0.02755161098914345,0.03714088154654116,0.031390725704661664,1.2428371734453492,0.022529784664503654,2.6741778606514254e-10,0.04316092294774032
2020-08-19,0.05833211063740463,0.001726989412242479,0.0016756457191719352,0.015089391335709024,0.4638844353786542,203869410.40809,-0.05282117856560375,0.039284228422774015,0.032047832654240764,1.4662872880438218,0.02229021319169967,2.7545568944122143e-10,0.04490483839709567
2020-08-20,0.029896400924595775,0.0005496814714250486,0.0003441133168191224,0.22999480116656054,0.3144167130605506,110305360.19848,0.01151828443824953,0.038113519158916545,0.031996608089249215,1.3993405455615395,0.022096912428289216,2.7046140131018217e-10,0.0437911265057468
2020-08-21,0.03886014048632525,0,0.0015101105186169348,-1.0,0.43065519875341957,125725638.38437,-0.05979997783207736,0.038906311242520884,0.03215622512173935,1.3301379922518803,0.021794443461995768,2.8202935529802364e-10,0.04434049931032128
2020-08-22,0.01602186841051796,0.0002115378990219849,4.516236834196841e-05,0.6481315052318465,0.5624779648267928,69411765.44244,0.017234593743054118,0.038092832733937834,0.03178953519648432,1.15325326831958,0.022333942971436205,2.7708394778865403e-10,0.04388754145412501
2020-08-23,0.043738036618734835,0.0014310449189960082,0.00048197092826578105,0.4961140244021982,0.3946854903071331,65475073.605100006,0.005790404134704308,0.03478100839183783,0.03205505745031212,1.16579767400017,0.014358920574995037,2.637255368516006e-10,0.03749772148087025
2020-08-24,0.011004121771115667,0.00010085788386256396,2.0232812090977837e-05,0.6658238367258132,0.6069012517673678,83091773.06853,0.024282134941554605,0.03424325827737505,0.031597428413807846,0.8831134381196669,0.0150449095259977,2.6332458850504325e-10,0.03725817362506192
2020-08-25,0.03653076840651709,3.959621120206845e-05,0.0012949008291685189,-0.9406574761813294,0.7264283753860432,127127966.05509,-0.06211526528484826,0.03504643310292515,0.03170239309450378,0.9220435520910222,0.014673308979538427,2.788381800629371e-10,0.03785902538564805
2020-08-26,0.02218480140651574,0.0003247822008865573,0.00016738321255998557,0.3198091211333521,0.5253463378307042,85453343.1277,-0.002745368917192672,0.03498711242740577,0.03150410993433737,0.8219854290965207,0.014725044185513025,2.7124375857845035e-10,0.03782327154737309
2020-08-27,0.035556278243970695,0.0002903278260483802,0.0009739210965142834,-0.5407109772972897,0.33508784860893487,103026710.42048,-0.03568059501983656,0.03464859865170855,0.03158680724677886,0.9435205355365575,0.01462105512149682,2.8620726261830393e-10,0.03747160081244241
2020-08-28,0.02890108770515997,0.000449911869286384,0.00038536100125496496,0.0772811739828003,0.46135941300859984,56237783.41848,0.02166149678117925,0.034310601771332515,0.031533092855946486,0.8510237682440094,0.014670235539933595,2.9162114323205985e-10,0.03717774647239093
2020-08-29,0.02239271548925205,0.00017556533549704863,0.00032586837148554,-0.29974657446335246,0.3741786747144104,45983934.23372,-0.007688313251274259,0.03397904034786363,0.031353869770325025,0.9285338767923738,0.014865212169055023,2.7803702040974316e-10,0.03694627341141849
2020-08-30,0.051277891367396855,0.0025594662419866797,6.995590109987305e-05,0.946789904934964,0.8359984744463017,92104438.48204,0.09974929259034726,0.03541756080437918,0.03173702403180718,1.0102571309246144,0.015014350820835808,3.066917245838383e-10,0.03832883440973866
2020-08-31,0.03650218677029534,0.0005999389475560649,0.0007324706914574591,-0.09946771624942366,0.4502661418752882,103684640.27641,-0.03209694122777163,0.03590810747227274,0.03182693276272205,1.0973734784811817,0.014865710997875347,3.093988741225355e-10,0.03872800333983342
2020-09-01,0.03180104366156167,0.0007768863565893994,0.00023442002137515238,0.5364015762523565,0.42161398350441526,144375803.95166,0.02844406369152059,0.03480740208336893,0.03182645333492278,1.0737918120846153,0.01423010559972264,2.8540484897288535e-10,0.037475438396523876
2020-09-02,0.05689893591469746,3.359152220567532e-05,0.003203897386019173,-0.9792484093951112,0.8767522226592996,113741176.49505,-0.0771650460074521,0.03692086787514296,0.03228231665455505,1.2320848923656311,0.01404858134402461,3.1153621681440127e-10,0.03938419608912677
2020-09-03,0.1328244186690333,9.769032630894302e-06,0.01763255716213575,-0.9988925459689333,0.8192706223793428,114890651.93771,-0.20625039298917142,0.04037098145328544,0.03407771133338502,1.8152890219477114,0.0248443330381864,3.769927231332042e-10,0.04709208643244499
2020-09-04,0.06761969701731611,0.003086668782995695,0.0014857546417179348,0.3501237730138751,0.492639510631536,126898331.55015,0.061917704007850724,0.04271271623877859,0.03466616722257679,1.8787556174991422,0.024991325837287037,3.973954814149716e-10,0.04918537628221849
2020-09-05,0.06390266771862074,0.0007118006258960346,0.0033717503156604186,-0.6513815372535892,0.723337885555193,89325430.06373,-0.05035201941348792,0.04380416260741308,0.03517024481733617,2.007644614445248,0.02540898528664253,4.079271694299337e-10,0.05033564890404013
2020-09-06,0.04085811213402962,0.0009029727743001674,0.0007664125528567711,0.08180269661047426,0.39453051374804765,53271479.06571,0.001462141252654224,0.04342265309113735,0.03526664934812758,2.0535199013621206,0.025389262037398042,3.952171597635626e-10,0.049994454629160856
2020-09-07,0.057324243081285066,0.0024960943578677206,0.000789974486974538,0.5191978474739112,0.5683957950064403,61953058.630669996,0.020252810446470388,0.04393447299019198,0.035634275910346874,2.0347215110102455,0.025563745649721244,4.028970046120264e-10,0.05052349669699517
2020-09-08,0.037951169727137184,0.0003084518223986947,0.0011318394612592792,-0.5716813315493996,0.5946828178034582,61837786.15157,-0.029481063855722453,0.043827556960070624,0.0356722577761959,1.4864192519951298,0.025584847622068203,4.20641185664126e-10,0.05044074236064009
2020-09-09,0.023564635792194002,0.0004100692703023891,0.0001452227897163615,0.4769498785505496,0.567266189732865,35057859.62859,0.007974858634758917,0.04217196291982249,0.03547697355064748,1.2358749494781405,0.02572385238413727,4.191356547619066e-10,0.04907831216115644
2020-09-10,0.020932743133877715,0.00011099222322511753,0.00032718751188378704,-0.4933940831493192,0.44368433724033224,38635270.71851,0.017615210427120907,0.04174512207264544,0.035246112750381295,0.9965044995676168,0.026010498466147773,4.358744256665604e-10,0.04885677813442791
2020-09-11,0.014934227094703007,0.0002230311389161614,0,1.0,0.5922632655706545,32956829.70312,0.005940814358707727,0.040605792863520576,0.03524194191796309,0.8621847002902326,0.026659109219863572,4.218087972627572e-10,0.04822546293614243
2020-09-12,0.04507139761422453,0.0020103675793753666,2.1063303524158615e-05,0.9792625939661859,0.9891152661521536,36844042.90331,0.03867830082014796,0.04198910377798279,0.035746664373901414,0.7822587228224629,0.026066789063292194,4.599749587064162e-10,0.04909385152030159
2020-09-13,0.04062304357944372,4.438926932799359e-05,0.0016058424003293902,-0.9462023785579032,0.5163391932357155,43050086.10651,-0.05392522934173221,0.041840770776111785,0.03612385455488488,0.7852136959782009,0.026065202032134374,5.154120677853397e-10,0.04896624066467163
2020-09-14,0.031935510874017185,0.0008000332946722157,0.0002198435601122544,0.5688821467397379,0.7354712832540756,40597016.21886,0.01932228665216172,0.04283750359053567,0.03604543774061473,0.8317224735966308,0.02521333713436206,5.241606700816028e-10,0.04940133667956012
2020-09-15,0.01991129632552763,6.879329622733383e-06,0.0003895803917402367,-0.9652961990737254,0.7122157471381797,48346547.83859,-0.016620881236040407,0.0420461001581076,0.03615467306569975,0.8206953976712176,0.02567774401368503,5.172645773638762e-10,0.04894715131613877
2020-09-16,0.019392348978449478,0.00018263264745630733,0.00019343055144566327,-0.028713003614508594,0.2739644529826939,38514946.331250004,-0.012282864946308635,0.04191312623296158,0.03633528159682403,0.8422310819813024,0.02579271281166105,5.309209838809129e-10,0.048890642714960394
2020-09-17,0.012351603248461485,0.00013962456464576087,1.2937538161643444e-05,0.8303964362896085,0.6108934196106467,33554447.32459,0.023598693952655795,0.04080814170936591,0.03597288718126842,0.6679998231013095,0.02656418077200892,5.479196424638482e-10,0.04834622505919688
2020-09-18,0.019703482312058044,0.00019759468381810803,0.0001906325314034762,0.017933190002298333,0.39766126321086753,24205790.32412,-0.005950566445528269,0.04037016050017058,0.03620484402743006,0.5546429205694122,0.026844659000111078,5.412841865104221e-10,0.04812556066297781
2020-09-19,0.01940992446809071,0.0002874459242860575,8.929924357092889e-05,0.5259435226262695,0.7408456743112044,19937583.602900002,-0.0006176016665688155,0.04022812283249623,0.03630848724877877,0.4887661301515391,0.026952211071974215,5.347975730612169e-10,0.0480638329687072
2020-09-20,0.030442908102379457,4.087362839811352e-05,0.0008858970253318074,-0.9117934340419354,0.954732468054409,32471791.88353,-0.03032119371496179,0.0392359807722573,0.036522898230720295,0.5462901911385353,0.026908563147056926,5.27691299191843e-10,0.047212852035155316
2020-09-21,0.06188200480409786,5.133974268436727e-05,0.0037780427758900234,-0.9731864119422157,0.5090635830819574,58694696.279580005,-0.08780287518251283,0.04044454353577171,0.03724701119148943,0.7568373968765993,0.0273460336105331,5.841847312770319e-10,0.048455720691665996
2020-09-22,0.021816067496910355,0.00039327568070769134,8.266512032205704e-05,0.6526243594026724,0.3387719740563514,30754007.408019997,0.03013238699316816,0.03996906848031213,0.037185054904837145,0.8046658405431691,0.02758955736046469,6.214596490588931e-10,0.048191941949324794
2020-09-23,0.027746285322953177,7.696504998800571e-05,0.0006928912992347212,-0.8000534773384352,0.7876702652447951,38383585.35904,-0.033389792842488074,0.038580847023562403,0.03708954276912635,0.8451968681221649,0.027428068824309156,6.305773180997078e-10,0.0469569692006805
2020-09-24,0.016873164577244606,0.00028470368285078213,0,1.0,0.5988501108825949,33137976.98506,0.04436073624899289,0.03305935873347722,0.03724269722459711,0.8350947056231823,0.017313475066588254,6.088382212307116e-10,0.03712685690393522
2020-09-25,0.03399608898700627,0.0011297260047432925,2.6008061669156136e-05,0.9549929998171834,0.9451120405670876,37446957.63215,0.02440486077161329,0.0314582345415577,0.0375254238750312,0.8822702198893391,0.015407389926046868,6.166375799835929e-10,0.03486694724682454
2020-09-26,0.014763276447880528,8.546330412876165e-05,0.00013249102734778229,-0.2157687020965753,0.5940433716961352,22936090.73049,-0.00021727322193025939,0.029118263528665318,0.03739222178919267,0.635357225374869,0.013890372415938008,5.902462040883282e-10,0.03211896606775226
2020-09-27,0.025430477546757813,0.000366136095315028,0.0002805730929411253,0.13230522146225066,0.564253775210588,29585149.36429,0.0004344992464620286,0.028383614262604755,0.03738917646453377,0.6516656945526627,0.013644212576792254,5.896385572461773e-10,0.031351700392550336
2020-09-28,0.025927231261764407,1.857954088817885e-05,0.0006536417800128349,-0.9447219529922801,0.7834789207783486,34697361.68187,-0.017967179211564027,0.026888518461675198,0.036091953467024505,0.6501739928612388,0.011926489461084109,5.987299751672243e-10,0.029299491254845243
2020-09-29,0.010597302271173488,6.519295908438626e-05,4.7109856342232516e-05,0.16102092074414337,0.4398631574817025,23026192.35281,0.01011887208542844,0.025585953344724546,0.035518130617112106,0.6186233208678777,0.012149515002027062,5.969538867489724e-10,0.028199692226804497
2020-09-30,0.017894604060869315,0.00026340464413626523,5.681221035901533e-05,0.6451641469743271,0.41520506884220665,22593013.253790002,0.013265389695424408,0.025315951833709088,0.03559071439210187,0.5324261371175831,0.0122591894261259,6.140809632519123e-10,0.028000510428930016
2020-10-01,0.03656237516364399,0.0007496244209864503,0.0005871828566206005,0.1215145721353552,0.5565882241961411,50222434.11521,-0.00021609940656752163,0.026060220025602716,0.03530628708572157,0.6795487797763121,0.012452693260800677,5.925746230393627e-10,0.028754484381025257
2020-10-02,0.03771422252164338,0.0001256117569969957,0.001296750823415037,-0.8233758976412212,0.5104960413902657,44941193.86625,-0.02983331581926171,0.027144981712599877,0.03555236193954711,0.7456621468118001,0.012427205192966735,6.156017457160819e-10,0.029730983721401455
2020-10-03,0.013191181543446241,8.529769073203456e-05,8.870957978012218e-05,-0.01960773844705098,0.4624648366747351,14214832.62603,0.012829196086662364,0.02562687618541996,0.035236270899113534,0.6739759690769994,0.012069927916147428,6.085892409881093e-10,0.02820430196965032
2020-10-04,0.0243433876100621,0.0005661468484651898,2.645367186853518e-05,0.9107200518364794,0.709409950797125,17323419.58583,0.025812082646301245,0.02485165447259226,0.03382447788018063,0.7535372171888342,0.011571095803009678,6.198937533240901e-10,0.02729687274271889
2020-10-05,0.01863416424714449,0.00015527573894409428,0.0001919563382454637,-0.10563712776266651,0.4546906004082213,19269284.30108,-0.007956175718105812,0.024218257014169756,0.033766339627360156,0.7667542840008069,0.01152791456788485,6.168909357195598e-10,0.02670371805268311
2020-10-06,0.056133192776855315,0.0017820853206626046,0.0013688500106609966,0.1311468711825393,0.5655734355912696,39844301.14138,-0.0067136148213370675,0.02594310922613774,0.03434521416239016,0.8731794474727435,0.013407818767115188,6.085437894478316e-10,0.02905605036947407
2020-10-07,0.020165393327210072,0.00034163649047499366,6.50065975660948e-05,0.680276884187313,0.35790100782888307,28709215.05085,0.012095179848974923,0.025979920861793005,0.03429338650738679,0.7744876518746029,0.013389983506328978,6.1341940467891e-10,0.029081097783105008
2020-10-08,0.029254432792799875,0.0007595567943808384,9.626504364760609e-05,0.7750348510167218,0.8832127732377942,33397881.11611,0.014284434334875674,0.0267848175067615,0.03408051928927865,0.8649540284069283,0.01303307239798236,6.002960353565384e-10,0.029651286769557986
2020-10-09,0.021790388525601976,0.0003603925115238801,0.00011442852057280612,0.5180141028398867,0.3988252381178025,38030798.40718,0.012208107840043362,0.026884193993120736,0.03385498542154127,0.8519101810194877,0.012984242653929088,6.038757244207796e-10,0.02972073892385341
2020-10-10,0.015626790302762178,3.6880031307257486e-05,0.00020731654385924456,-0.6979480053550189,0.4517407313210697,47791785.11144,0.023365065803621916,0.02670404474715271,0.03363706930917086,0.8506123145564006,0.013118677620228832,6.256812564570299e-10,0.029614362806460806
2020-10-11,0.019850366695158377,0.00034337871049143514,5.0658347440817736e-05,0.7428752122622565,0.32547353230350756,56720072.35775,0.03178063117892889,0.026199638013475517,0.03361772653003734,0.6324450649545437,0.013171265893050356,6.078972726439968e-10,0.0291829096898533
2020-10-12,0.03596875836599534,0.0008777408431697418,0.00041601073522161836,0.35689240164810837,0.6246796681230917,73494192.69578001,0.002570441355959615,0.024965673897375393,0.033772774968473286,0.7349882333415882,0.010629847837466587,5.383282038884215e-10,0.027035123219272136
2020-10-13,0.011681108643340205,4.162012175664198e-05,9.482817738087524e-05,-0.38995030323249674,0.6757012903831981,57878487.09088,-0.014119753323402862,0.024483056809110147,0.03308650912426373,0.6316778828166459,0.011003503192468143,5.032885745987483e-10,0.026734464233780928
2020-10-14,0.018711772852165846,0.00013853901254264902,0.00021159143072840172,-0.20864343443908914,0.5318873445823722,65479256.6727,-0.0020044103724292904,0.02405284192954885,0.03318485227608473,0.620070903843966,0.011046071533845736,4.633225590606358e-10,0.02635800883915268
2020-10-15,0.02284956543885419,0.00018988213531448707,0.0003322205054299929,-0.27262526370780615,0.6266024161789133,50701426.180360004,-0.005432062446715238,0.024337432446768354,0.032589257544510336,0.6729330115477262,0.01092820480919509,4.046783044631282e-10,0.026571589004903397
2020-10-16,0.05716734360171065,0.00010920662229950443,0.003158898552176543,-0.9331682326796518,0.958012589665514,63778052.05015,-0.040973307157670946,0.025440825523659037,0.03320392543466511,0.8982946534784194,0.012937271013217358,4.042362917352198e-10,0.028401380998632514
2020-10-17,0.011713725076078945,1.646466207482217e-05,0.00012074669308313851,-0.7600102111684897,0.3572352871120742,25661388.37998,-0.01417863134774439,0.025295608791668485,0.03273934497591562,0.760524384167345,0.013079449552516968,4.3009604651036485e-10,0.02833361147110029
2020-10-18,0.010744307351192542,9.901247625660785e-05,1.642766420028224e-05,0.7153907794071512,0.683874238207784,16580013.28905,0.012919802714022906,0.024596267353784423,0.03213417823584218,0.7738002969659938,0.013458996152361527,4.665033412939755e-10,0.0278835975603864
2020-10-19,0.021999097514952354,0.0004671887098241293,1.6771581648253524e-05,0.930690257263759,0.8869692196329746,36406639.20226,0.010258647488459347,0.024409213365840992,0.03174406827256939,0.7981444140960513,0.013466867864783042,4.5526305861459466e-10,0.027722377278733036
2020-10-20,0.024034258597306086,4.884383269960514e-05,0.0005288017536225763,-0.8308865025331899,0.4467177459050169,44957522.31103,-0.02297013856752438,0.025049068428990167,0.03148752624459511,0.8121749833713808,0.01309180010579787,4.586668348211478e-10,0.028119199518316113
2020-10-21,0.07355819517844973,0.005274113030442178,0.0001366950474687274,0.9494733335574137,0.9319219405316603,158847884.86082,0.1228154735372404,0.02769971562506542,0.031729210126198996,0.8905177083600228,0.01670674875025735,4.675248532198483e-10,0.03214184947117704
2020-10-22,0.022618337168660813,0.00028874353155569133,0.00022284564471953188,0.1288101662274182,0.5644050831137091,162283562.74118,0.025317807984289786,0.02703571381578051,0.031613685304676224,0.9695771276931519,0.016613735104646938,4.747489885448064e-10,0.03152463143899359
2020-10-23,0.030673059824860717,0.0006807503815222634,0.0002600862174972212,0.4471171343285831,0.36815316059154013,130947615.71968,0.020018866890491923,0.026700420354028954,0.03148373164338313,1.0846360516722022,0.016457768324625276,4.504178857515122e-10,0.031158828263056406
2020-10-24,0.035307635177589274,0.0012466291018337393,0,1.0,0.646224096220595,134074962.49646,0.06538275926285171,0.02775358481279767,0.03178985492540014,1.168878857250662,0.01625646812102318,4.3066247859535703e-10,0.03196794971200961
2020-10-25,0.042343171932810515,0.0013244227092345465,0.0004685215000970056,0.47737191413035607,0.738685957065178,132967454.91787,-0.006604037209913864,0.028610717399595215,0.03176771421609976,1.2704213945733653,0.016539730229162452,3.6207465703004864e-10,0.032849795008115135
2020-10-26,0.03621260231735947,9.0348536030158e-05,0.0012210040305650704,-0.862205575629844,0.6917971428315851,154997432.50582,-0.0349214395764268,0.02944778587912926,0.0321678488279449,1.0380660088549565,0.016454173036255335,3.531417590593837e-10,0.03354131082069832
2020-10-27,0.021792364441714104,0.0004342603430837306,4.064680487675465e-05,0.8288220969033018,0.8750743954233081,129856438.67692,0.019516214476730718,0.027812508339360633,0.03193390590786866,1.0367506355147158,0.015338079992219308,3.522748284934532e-10,0.03158464212362098
2020-10-28,0.03587280692605633,4.638105385485417e-06,0.00128222017136863,-0.9927915832391672,0.4975982053909276,164579844.12758,-0.03816518758641779,0.028560480415496164,0.032151175836750256,1.061727228765275,0.015329506344777949,3.432555474129285e-10,0.03224134964705335
2020-10-29,0.03284676192122499,0.00037186659965781596,0.0007070431690518198,-0.3106622806788295,0.46266611551763903,99611662.74823,-0.01571990090856176,0.028731543707325932,0.03210816764115112,1.0565395271164129,0.015357655125523053,3.304035018489791e-10,0.032405676383280284
2020-10-30,0.014294442083147568,3.5356006202262314e-05,0.00016897506826619787,-0.6539341233903242,0.8227107538432897,92657039.76039,-0.016708366294970668,0.02837459387673287,0.031876316123341394,0.891568186769324,0.015612056255226922,3.2370440751627676e-10,0.032206325274472355
2020-10-31,0.032785200623767045,0.0009682333774901442,0.000106636002450511,0.8015833282805052,0.8500912827040168,82145427.35776,0.030805315668254542,0.029191661034875957,0.03204127620484163,0.8694482094612584,0.01535847224284468,3.1828138710530957e-10,0.032814680183288474
2020-11-01,0.02558594429655953,0.00025300884957430407,0.0004016316959723432,-0.2270296995948119,0.613514849797406,51061150.521060005,-0.0019764627761874043,0.02946478377779982,0.031633467521177544,0.9083986500314767,0.015234546742935277,2.9344334688192206e-10,0.033003225985014026
2020-11-02,0.040128407701421114,6.886608428166014e-05,0.0015414230203698134,-0.914467428137303,0.9160337211949493,84617811.25141001,-0.033089574031733966,0.029662862317582,0.03169102658357637,0.9846078654484524,0.015349943878932857,3.103991865459174e-10,0.03323080108805836
2020-11-03,0.019306533998085264,0.00037274225501922223,0,1.0,0.38178790654262984,78183730.36441,0.002783191331791637,0.0300259778106651,0.03149270103336246,0.9180569840774467,0.014989257324330998,3.0047742307923547e-10,0.0333996741614544
2020-11-04,0.04761762843771861,0.0016580499789241791,0.0006093885591084488,0.4624872525654498,0.7258998144837919,103504967.95076,0.013252540728129888,0.03140244712426285,0.031345378692458035,1.160588498298581,0.015223704571234939,3.051167729156445e-10,0.03473958289266239
2020-11-05,0.05809625706376259,0.0033091879500749236,6.598713474386147e-05,0.9608985412101048,0.9642845949916253,159812825.72387,0.07513866470068888,0.03308086101116325,0.030159217397136277,1.3248151926824419,0.016148487211989526,3.22403840364945e-10,0.03664286031590777
2020-11-06,0.056342834551514426,0.002163917441171857,0.001010597564127471,0.36330585148254424,0.5202111969446245,223814332.21943,0.07020138544441452,0.03304159867543962,0.02998021958021879,1.5393223788387524,0.016087885476301578,3.067478010680637e-10,0.036581997449680465
2020-11-07,0.07206622993806704,0.00043905491593839363,0.004754486581547955,-0.8309227273332104,0.4877286644169039,212929632.32075,-0.07084489116890504,0.03591552747839143,0.030109799932908413,1.7271590558328374,0.01742268066749844,2.962805251547488e-10,0.03973688668269809
2020-11-08,0.0309118985412036,0.0008320243060424298,0.00012352116537923553,0.7414645999097037,0.5668861538670825,102177951.18211,0.034325262541729754,0.03687588896363005,0.029951923526673075,1.7987456484339306,0.01649708130981465,2.751708353336572e-10,0.040237111961394754
2020-11-09,0.07929169485252677,0.0018250705091803804,0.004462102363405841,-0.4194304670265446,0.6565364359217294,139045587.03073,-0.029257405988370087,0.03960410788446693,0.03030061323732771,1.9493710959745665,0.01852639839819058,2.7177256612809815e-10,0.04353583162450595
2020-11-10,0.025038571590847075,0.00010023794076879338,0.0005266921265411809,-0.6802260858251914,0.761547450034466,97904204.85392,-0.021825248241303375,0.03965193231273079,0.0300956513621485,1.7226529180118297,0.018485447468442183,2.580580284391712e-10,0.04356277671687573
2020-11-11,0.011940581514960635,2.8522341321918495e-05,0.00011405514559350111,-0.5999039969214967,0.6862969432085417,132228613.91361,0.02300911050925767,0.03671776023351702,0.029911142564097177,1.4588526750813333,0.017708363817825416,2.2952688672364498e-10,0.04058136754600112
2020-11-12,0.04376976159486881,0.0016959727581828319,0.00021981927188882098,0.7705186487485289,0.7350230002931681,142022863.18268,0.024466561193541445,0.03772497092047931,0.030273634920620844,1.2683587915513845,0.017466190245444945,2.3030128203459535e-10,0.04139703122767824
2020-11-13,0.035999131170050366,0.0012950937019461887,8.437430523029503e-07,0.9986978645372748,0.6156096475251025,282841969.39882,0.08220347729302845,0.03797859336548834,0.03060799847737239,1.2992272220361853,0.017397204222673705,2.3686114081985816e-10,0.04160076632178313
2020-11-14,0.022596645120765292,0.00024411202870199529,0.0002664963420118106,-0.04383851615774165,0.4780807419211292,140321212.09149,-0.03326453913841093,0.0373733081246872,0.030251256374301608,0.9221207794607243,0.01771303310389384,2.2492788913153225e-10,0.04117736213401484
2020-11-15,0.03330172776063225,0.0003514572505150307,0.0007575478213282337,-0.3661755758594003,0.38056277627814683,99039055.94692999,-0.023933308139357286,0.03694276316410728,0.030135045012098252,0.9693671137286692,0.017696067793379622,2.3407020744882465e-10,0.04077997819959219
2020-11-16,0.07963211531341857,0.006078616510740174,0.0002626572785494182,0.917159458090882,0.6010269008765552,414032173.0881,0.1695681350852261,0.03901035902106248,0.03089213397145383,1.3636978036278262,0.019993861500272866,2.4284400257502663e-10,0.04361796281559646
2020-11-17,0.04131674910926123,0.001282034080104962,0.0004250396768526771,0.5020254103019118,0.521498874287304,407338391.89304,0.03485785931872872,0.03994009162427901,0.031231903063259125,1.3329540042029988,0.019603312978630914,2.397622883465403e-10,0.04428545224575664
2020-11-18,0.0441667930818371,0.0005746539307722334,0.0013760516803615805,-0.41082454728960793,0.43422917434893604,413325945.44829,-0.04042976074389875,0.04033504334598285,0.03162514820775734,1.3664495621506305,0.019600821501975493,2.3337757511084823e-10,0.04464093478455392
2020-11-19,0.09117046503132142,0.007700774066076023,0.0006112796279513801,0.8529173052886766,0.7842994650390954,474116384.70937,0.10484309349789131,0.04311236254170173,0.03287624125192972,1.73609752616919,0.022416541069111038,2.3639289954406827e-10,0.04834509782236383
2020-11-20,0.0289621826328349,0.0006669551058344053,0.00017185291702327804,0.5902449372436783,0.45860399239684163,401054789.58138,0.013032277498894169,0.04381082637740113,0.033023204749084906,1.7386765938309114,0.021690477675278617,2.293533833857178e-10,0.04865656863643862
2020-11-21,0.05990036406262352,0.00334167808736133,0.0002463755274735095,0.862668982171912,0.7922844636006019,463155803.56145,0.054964707414709726,0.04510202463639429,0.03366591013947432,1.5876921533776112,0.021808065232243354,2.1714694698494908e-10,0.049871205231369016
2020-11-22,0.05995491111971482,0.0011244617171600696,0.0024701296502128343,-0.3743590843919046,0.5295587627851023,394452206.86891,-0.051685019943611944,0.04673864210416359,0.034134354631812976,1.6723017025803404,0.021558427791793153,2.2154323774766921e-10,0.05125558281213405
2020-11-23,0.048349634595867254,0.002113110829097537,0.00022457633645634714,0.8078645083349836,0.6190300858160958,456436742.32313,0.07287568610745673,0.04713012909913722,0.033919555104698206,1.6711212821888717,0.021506973022273976,2.1052489461311204e-10,0.05159237126079442
2020-11-24,0.02497410055248636,0.000388830752792088,0.00023487494561361157,0.24684046910588486,0.6234202345529424,524246406.2833,0.0033587134127166097,0.04740001322077537,0.03396968261351687,1.2931008168339984,0.021173338591265876,2.0913483068335333e-10,0.0517080594537535
2020-11-25,0.06618213845508208,0.0008997891585609672,0.0034802862919266885,-0.5891444479748452,0.48749446481471537,318821749.72112,-0.0891476734654117,0.04828403750731648,0.03457977552037606,1.4730198370742287,0.021566773908282186,2.163528453872486e-10,0.05267186317388877
2020-11-26,0.10123479902011884,0.0038776416630432963,0.006370842869600559,-0.24327511044348316,0.3783624447782584,535856018.11872,-0.14136371322426275,0.05033825379095249,0.03591884908296136,1.6486274411470567,0.02441454723422281,2.0652629597402874e-10,0.055692240214461584
2020-11-27,0.059783250500951034,0.0011570776806754737,0.0024169593597839884,-0.35250940738615005,0.5981351000988373,252818371.42769,-0.026094016335911383,0.05050208312187804,0.036328169106992235,1.6225871746681977,0.024468338383246014,1.9650503286505057e-10,0.055862782592012376
2020-11-28,0.053426172784486844,0.0019319523521861305,0.000922403586211712,0.3536870620771567,0.32315646896142164,234465847.07444,0.04865939078231826,0.04961446135265994,0.036941865874239956,1.6188018900244892,0.02398018371142769,1.9054398133137293e-10,0.054856728761332615
2020-11-29,0.03698002287003366,0.001365353376564082,2.168714904130668e-06,0.9968282561317863,0.8395602212457564,270738868.05278,0.08302371390859534,0.049903419654032805,0.03712519199048243,1.668343208992713,0.023779270343970458,1.8914969354282628e-10,0.05503524892904863
2020-11-30,0.07145581550501352,0.005050689551572114,5.524401791441795e-05,0.9783608552040081,0.8336378380694539,385283389.89996,0.10567712164432402,0.04953028254224646,0.03784786793085146,1.6705291082541691,0.02335271413799644,1.9219103685486442e-10,0.054521822548944145
2020-12-01,0.0607006893689503,0.0010766472367207199,0.0026079264531450766,-0.4155919640407926,0.5198931977056817,695276782.54026,-0.03018791657874753,0.051228478626918046,0.038643159789546334,1.4464766156157924,0.022772085946158822,1.8364313381034632e-10,0.05584112473189555
2020-12-02,0.06982967821454036,0.0038893202916381437,0.0009868636679081087,0.5952311577679116,0.7016742580796184,355874823.64846003,0.04399721826919841,0.053985102279278975,0.039467526045953806,1.4625796131992672,0.02122998502145941,1.8124413817813984e-10,0.057824225402102504
2020-12-03,0.02988941355258158,0.00045703592826384877,0.00043634111425339876,0.023164703171841883,0.4884176484140791,336961564.54904,0.0005616400035307877,0.05332413332488435,0.03936160602038139,1.3417442205225234,0.021773056550483446,1.7312008047130966e-10,0.05740169523084118
2020-12-04,0.0634009615367065,2.2123184017518774e-06,0.004017469605377186,-0.9988992569841586,0.7665318717953161,287546748.03265,-0.11293796995612596,0.054628982389963214,0.0397693320364935,1.4466663443896235,0.021502268886586358,1.7798340965016056e-10,0.05852056675572734
2020-12-05,0.021156592845214418,0.0004473704483527375,2.3097246544043845e-07,0.9989679547262463,0.6177951660246644,159921170.6528,0.04510749313279372,0.05456040847207984,0.039895767136521564,1.21762023207696,0.021611551108495733,1.8012630734040206e-10,0.058494926296766364
2020-12-06,0.0226546310866289,0.0002459917430573922,0.00026724056661386024,-0.04140196000146376,0.400099324540272,142329451.01715,0.005034171005637659,0.05405340386855587,0.03986896147741945,1.0274591109981355,0.022250653725512493,1.703031927938133e-10,0.05825192074886568
2020-12-07,0.04845605646632632,0.0010355296894321456,0.0013124597188356592,-0.11794347471431513,0.32248215884381787,213256290.66277,-0.0022747690144357775,0.052568829637741954,0.0403423248459779,0.9140720750701881,0.02148558641209523,1.5130861146501623e-10,0.05659620015368392
2020-12-08,0.03904099857369624,0,0.0015241995696313514,-1.0,0.3802951697141053,201725506.03582,-0.08394439034460026,0.05246046056461981,0.04007102017608648,0.9524090486557657,0.021550817554717005,1.670494241192079e-10,0.05651921423021791
2020-12-09,0.04673160167691527,0.0012578570023478043,0.0009259855929420662,0.15196672604587944,0.39162355431021323,190122926.63535,0.00843230007712286,0.05258259430724258,0.0404927060229072,0.8599683386221121,0.021508691731136752,1.645035263210637e-10,0.05661734132182079
2020-12-10,0.01757880245416393,2.5850138678430188e-05,0.0002831641570440896,-0.832692926921139,0.4216852961803471,119905105.70030999,-0.03510516265348271,0.04907822942261603,0.04030737855721457,0.8434581029810349,0.02089357082769741,1.6791499678220182e-10,0.053145331160380976
2020-12-11,0.04026093222148261,0.0010781413963125174,0.0005428012670302997,0.3302646918912007,0.622194472856442,186544231.04026002,-0.03429840820802607,0.04961626511731354,0.04060056179048251,0.9269749239315993,0.020491261917632692,1.7512295218002987e-10,0.053494585995559674
2020-12-12,0.028035506399998845,0.00067179667261385,0.00011419294649052603,0.7094288684864637,0.7171358566549705,133760166.66339001,0.05941010451922273,0.048098890942902844,0.0407975255380577,0.8230063476855483,0.020867980068935716,1.9062198076088887e-10,0.05223254839649336
2020-12-13,0.046147698999175465,0.0021296101229185,0,1.0,0.4638960588251012,189439844.11289,0.071251974020419,0.04744140465144859,0.04121494351113733,0.8477873785430863,0.02069252972213137,2.0229290427809365e-10,0.05156043153767563
2020-12-14,0.03363241762689348,0.0007340389251732935,0.00039710059025648204,0.29787513416396916,0.5626202208363449,186610316.42196,0.0012146242231781872,0.04674058479578317,0.041177858737500794,0.782327237143912,0.020908329499467672,1.9499988992638199e-10,0.05100022990482911
2020-12-15,0.026879267634737528,6.188312317996378e-05,0.0006606119053998846,-0.8286960581539153,0.7384345090397362,209652359.56567,-0.012460459288110647,0.04683130703779513,0.041419099356411866,0.8362174426551162,0.02081307772915271,1.9752499294671883e-10,0.05104632899791367
2020-12-16,0.08519760973716316,0.007258632704925959,0,1.0,0.6760625906543584,409219865.32192,0.1338845677493097,0.04773680567027518,0.04247443010061817,1.0211099835210602,0.022072589465480075,1.9978947962993377e-10,0.05237176585848997
2020-12-17,0.10842913689499749,0.009607001534372599,0.0021498761934215086,0.6342776980083673,0.5118930641705849,1078795269.58225,0.08308918738549895,0.04807939318812655,0.04383283599674743,1.3436406153107452,0.022981561305651956,1.908947754470829e-10,0.05305308762479901
2020-12-18,0.04874236942792655,0.0012783386048748542,0.0010974799725736143,0.07612476559362316,0.43328354083922893,789706423.69051,0.07927386626438543,0.04755363694655396,0.043699106247957205,1.3418694697073932,0.022826188523566264,1.9076008352865793e-10,0.0525125897711821
2020-12-19,0.08940544354938583,0.007779014318384009,0.00021431901787840772,0.9463755585154613,0.9249461830116203,732714708.75359,0.09127363742246984,0.04926693555440628,0.044932308128485886,1.5515181978003478,0.024572486091671474,1.8680942528963222e-10,0.054793113562733246
2020-12-20,0.05029081705025309,0.0011437394248116502,0.0013854268547703762,-0.09556011872760994,0.43290891275438115,722562632.82475,-0.044679212779173076,0.0499007828963215,0.04556003050466145,1.6667759370817103,0.02441084241991864,1.7515125019135717e-10,0.05529558466829665
2020-12-21,0.1084706511118326,0.0004690734372660621,0.01129680871535885,-0.9202654877583634,0.8640721971627129,878790680.07378,-0.09220173443971576,0.05166339411569383,0.046932594847469075,1.7147850596729188,0.027219801450872806,1.670862380382995e-10,0.05809253043662015
2020-12-22,0.08112295155652176,0.005818528846151166,0.0007624044230906082,0.7682989959330042,0.37015193770916033,756752639.3808,0.08929525516230286,0.05263588279129248,0.047838764576980435,1.5713191747645365,0.02791476689935466,1.7063763725940742e-10,0.059267731332166146
2020-12-23,0.06758225585989446,1.9152894732838948e-05,0.0045482084123794,-0.9916131466529639,0.5124377921554588,968846938.2529299,-0.10922620497541564,0.052528862679166476,0.04774390839732083,1.631390725267305,0.02784978560811831,1.7011893187452165e-10,0.05914353841857733
2020-12-24,0.05900859017090754,0.003288547616917077,0.0001934660970410489,0.8888768896770775,0.5754332138525445,567078174.74954,0.08250265971502517,0.053915490137182005,0.048321531460848555,1.4978896880594186,0.027387292610005557,1.769675271006886e-10,0.06017662793473467
2020-12-25,0.11078661123380408,0.011608316742214025,0.0006653564864560206,0.89157989233381,0.6889874534793831,801338239.47114,0.14002768571555319,0.0561719496465676,0.04959317513400638,1.701923748755254,0.030032234663249193,1.6658554809533906e-10,0.06335829665158545
2020-12-26,0.0319916754467276,0.00021681161342879297,0.0008066556844599603,-0.5763194117173257,0.5774615665459636,942590038.55723,0.014903636876590628,0.056687905960925364,0.04954054085256413,1.3923583101732466,0.02948874564688863,1.5390700371810682e-10,0.06357433396593874
2020-12-27,0.07873747868352643,0.0025390421282729765,0.0036605484211658015,-0.1809000584714986,0.39875290877736574,1173375669.97649,-0.014042668402289352,0.059358517751253816,0.05011822826130566,1.3635329074830156,0.028783560187275525,1.5279261818349058e-10,0.0656694365973332
2020-12-28,0.054259801007006385,0.001339186720899615,0.0016049392844203157,-0.09026534973044474,0.4579637589585569,668693925.71094,0.01604623398619994,0.05963488653890526,0.05040469173256989,1.302246734400417,0.028701390225576554,1.5342735859831589e-10,0.06588522110468817
2020-12-29,0.04312572242049599,0.0008787086183290995,0.0009811193159605712,-0.05506460879704215,0.5275323043985211,550717066.47768,-0.007642169271081534,0.059829397198276665,0.05074331646239182,1.2289797422766338,0.028568379174931005,1.34272358546302e-10,0.06600639865265046
2020-12-30,0.03773619599232017,0.0005772090694704489,0.0008468114185003519,-0.18932476836346696,0.3427739028866035,493816991.02285004,0.009026097923683557,0.05940104454662928,0.05077289406661824,0.9459544437746378,0.02884072629094357,1.330307582048885e-10,0.06573174771738678
2020-12-31,0.01910722636941966,4.233467033947002e-05,0.00032275142919277596,-0.7680839101038913,0.566817111132812,378359359.09939003,-0.04596794655008394,0.059473826637831934,0.05055480620071656,0.8982452167017592,0.02873162931992452,1.24874485760818e-10,0.06575205505440788
2021-01-01,0.027500121626701155,5.5798474636129536e-05,0.0007004582148472271,-0.8524350913861038,0.4197103836102264,490520900.60163003,0.015478209120234218,0.05886616899046139,0.05076442016172535,0.7035447663716111,0.0292878462537717,1.176217509374259e-10,0.06543819390320264
2021-01-02,0.07241638533231294,0.005102465114450079,0.00014166775014794837,0.9459709531372421,0.5667247316710153,756754825.84961,0.08174632705902164,0.060979544177714444,0.05139348658567053,0.7608004255037656,0.028543689252189686,1.0161547816088989e-10,0.06704065749090507
2021-01-03,0.11230110435466802,0.01257230252841839,3.923551085964552e-05,0.9937778388746166,0.6054455479856607,1358476392.00337,0.16677348845049633,0.06412970633749981,0.052769917697704,1.0035059290483965,0.030414115864032677,8.955099428353422e-11,0.07066533224574406
2021-01-04,0.05825169698773757,0.00028177626262990336,0.003111483939321291,-0.8339200380401857,0.7809115823256753,1305369967.36854,-0.039633475167241,0.06530205297373047,0.053057588956216956,1.0799695788048176,0.02964453821675149,9.068685100304622e-11,0.07142345002933484
2021-01-05,0.03604247383984996,0.0012814387961466811,1.7621124349587725e-05,0.9728709598817334,0.654726504328349,626644154.3333,0.019225240422119462,0.06573839612635488,0.05332323879497512,1.1503871892610786,0.029113387948923593,8.931760186698242e-11,0.07161539419102941
2021-01-06,0.04771935817340615,0.0022417994177717972,3.5337726710026415e-05,0.9689630228941986,0.43809190748067434,654564240.47916,0.06432575266432812,0.06395371748046169,0.05332485355268445,1.2356826639474547,0.02900941679561835,7.841771519146223e-11,0.06993962118019846
2021-01-07,0.04066371865066308,0.0006650781907760211,0.000988459823724263,-0.19556951827682717,0.4842957827111878,1031577260.27992,0.002656044058116432,0.06072679280216004,0.05304814659374636,1.1121772630217102,0.02754688046709024,7.487268626376195e-11,0.066411137589345
2021-01-08,0.06677850632577113,0.004116553985270633,0.0003428149218304231,0.8462495797176466,0.5536065246267182,1258834974.04204,0.01619113606312865,0.06158565646396218,0.053213792177464726,0.9442527010307495,0.027435486800621283,7.070497341105153e-11,0.06715397142593521
2021-01-09,0.04528762791109629,0.0013888430048968944,0.0006621262369170134,0.354328457572168,0.35392332502811996,754303798.2421,0.028911343494420143,0.0594848081002341,0.052788735002433446,0.8894989337326621,0.02688226093558544,6.659827716370288e-11,0.06501296916379115
2021-01-10,0.09173879404532197,0.001418517550569389,0.006997488782320611,-0.6629000752944348,0.7466192312954852,1039671366.77019,-0.041113100301699484,0.06145852129047548,0.053754241280276595,1.072168785810654,0.02768312010882522,6.553684585196436e-11,0.06713428242199546
2021-01-11,0.16999956782361805,0.012537862260626115,0.016361990799590796,-0.13232345960363784,0.5597378225591998,1547404693.8731601,-0.2027148111798728,0.0643884697053224,0.055194048787754225,1.4643466770712328,0.0351552589660321,6.677895151674433e-11,0.07295831174628598
2021-01-12,0.05770665103080149,0.000730809120442729,0.002599248452747974,-0.5610831918785701,0.29985891345510574,698582143.65814,-0.0410257496073463,0.0632734077755262,0.055712589731245564,1.5148787345080428,0.034968798844179486,6.39565335482683e-11,0.07188957955291149
2021-01-13,0.05672540745749427,0.0032174363224619236,3.355287568233668e-07,0.999791452736653,0.7290483662873749,511159069.79343,0.10023320399002651,0.06275641499445953,0.05642345998430166,1.464959115221749,0.034982163366632554,6.79256617997841e-11,0.07144120298348869
2021-01-14,0.04518604336159438,0.0018518791392721672,0.00018989937540372034,0.8139863123852441,0.6642394651851836,518882266.16347003,0.03391510631102775,0.06209819847973032,0.056445940647265554,1.4595815190948391,0.03518565660607943,6.411016539132269e-11,0.0709595860697537
2021-01-15,0.08704265846100968,0.0011155386488547446,0.006460885743105237,-0.705523716427886,0.8412716981307755,568150893.91994,-0.06127190550085764,0.06096753406197821,0.05725615536616967,1.4402331559205632,0.0339009046492335,6.092455229391268e-11,0.06936558468835226
2021-01-16,0.054701825922753335,0.0018818841979276336,0.0011104055613555747,0.2578221691862033,0.6193937096107437,444572993.9536,0.0006267191458921714,0.06204896979893181,0.05776576141064567,1.0376926672767457,0.03328702890647273,6.023875912732489e-11,0.07003811669155277
2021-01-17,0.04228972223140433,0.000548512261111943,0.0012399083452973906,-0.38659590574366315,0.6858207563172304,333547224.34178,-0.005164723931595179,0.06031336234883076,0.05790842798954682,0.9851376104204446,0.03332355653769035,6.040621077045e-11,0.06852212838292994
2021-01-18,0.07654319655333448,0.005352567538312757,0.0005062934002896395,0.8271700231170145,0.7263117120387164,463288900.32702,0.06218741772906851,0.061374476422465435,0.05785939753303755,1.0578561375564122,0.033475591925443804,6.565544601677676e-11,0.06952754115968442
2021-01-19,0.06132395280705456,0.0013356263405965645,0.00242500084728529,-0.28967894243787234,0.3544459438156666,628223700.00863,-0.0016450077734894424,0.06224105882182537,0.05817697219490728,1.1033938855059215,0.03321409366446388,6.511933864052951e-11,0.07017544606115923
2021-01-20,0.08116353266907028,0.0030146043292055276,0.0035729147061177107,-0.08475275349011387,0.5243208914053675,487183314.755,-0.014117881545784932,0.06430902723500395,0.05876422202962527,1.0767021920914905,0.032963074578023215,6.562887945544925e-11,0.0719060088802732
2021-01-21,0.08532416790248526,0.0007400228315392793,0.006540190796712217,-0.7967029899596471,0.6244513441362876,545949918.5676,-0.14334215576367088,0.06746221492705469,0.05867142366250089,1.1725879350024075,0.03156020009716447,7.234614996818253e-11,0.07416040655344196
2021-01-22,0.038580760550154095,0.001063075606445677,0.0004253994781826496,0.4284090038512506,0.6862924582509734,500090463.10115,0.05922783420033332,0.06798986439960006,0.05882409950245833,1.1632449857644467,0.03094531258216388,7.648327393082125e-11,0.07439511706286742
2021-01-23,0.04680125153297589,0.0010711004108665872,0.0011192567341862907,-0.021985603319745764,0.41427937152904304,282479318.83548,0.0005081854260152003,0.06677009612344116,0.05861617708135282,1.0558452629302144,0.031265289152830916,7.142502680490935e-11,0.0734112767317858
2021-01-24,0.048324292265768946,0.0014246218999993136,0.000910615322988143,0.22010893452340774,0.5960129443769582,227107084.23527,0.024522631287905546,0.06372358126206501,0.05843156408367113,1.017123328411022,0.029683863273497518,7.072089235860819e-11,0.06999905637558435
2021-01-25,0.05486764917458145,0.000577710600170151,0.0024327483257747975,-0.6161976533270161,0.30797348710031747,364306358.95397,-0.02896253603988992,0.06356243612810519,0.058535024632539616,0.9403378447850983,0.02972421190677913,7.306082683492406e-11,0.06986872877962975
2021-01-26,0.039348787011364274,0.0006317748704155752,0.0009165521688501343,-0.18392580586179913,0.5919629029308996,274504701.77295,-0.017432680075150364,0.06371987961246302,0.05876319425887101,0.7870982766895722,0.02957955999615086,7.462398236831598e-11,0.06995362123635922
2021-01-27,0.054883337749883104,5.697861063917046e-05,0.002955202151928573,-0.9621678676477577,0.8683825773005497,376675398.8312,-0.09680205825173624,0.06406102149705716,0.05858384821593134,0.8430433494410606,0.029426715110245708,8.218198342154444e-11,0.07020335605319533
2021-01-28,0.030570628841252882,0.0008989368170866586,3.562653066298393e-05,0.9237579116519605,0.6068277837005356,271105742.57486,0.08603755766850531,0.06358039817279952,0.05746219472102871,0.7884704503861764,0.029906481646098975,9.717165916701621e-11,0.06995909027595221
2021-01-29,0.08641298216805912,0.004380855892003352,0.003086347595173953,0.17335918313359627,0.5803492946951138,488158088.86733997,0.010511894611530638,0.06451537321290848,0.05788488887447487,0.9162424912604182,0.030315585216414195,9.758460160609948e-11,0.07097537974775267
2021-01-30,0.025243153764991005,0.0005527548753051009,8.446193669787868e-05,0.7349036148861567,0.689168192481821,248224822.23663,-0.009687831936137266,0.06356087444404632,0.0574375393662289,0.822601979905175,0.03125233010941144,9.761793226349372e-11,0.07049952472223475
2021-01-31,0.03902285035352581,0.0002216445950491331,0.0013011382546645365,-0.7088953358112627,0.8179417647497733,179926851.92935,-0.03026386685983888,0.06105059141110365,0.057469965199300206,0.8288707396724527,0.030991894327023987,1.0374443816335048e-10,0.06813174185918687
2021-02-01,0.06094430318733687,0.0013976407781989674,0.0023165673127910724,-0.2474084682603663,0.6237042341301832,228411509.41393,0.02063031602656688,0.05585748357128074,0.05730311579743232,0.8424926244246436,0.01840345941072451,1.0180718700539874e-10,0.05867382569477497
2021-02-02,0.060828946468328496,0.0030652949100681815,0.0006348658183785925,0.6568441940925676,0.5374708484230636,473806068.30692,0.07318916739993699,0.056006164306401075,0.05730515162440658,0.9484559670945013,0.01843173643950313,1.0636640414653693e-10,0.0588238198473623
2021-02-03,0.03002559011520132,0.0007036983619024272,0.00019783769986364788,0.5611097364733446,0.439425938063136,526087920.78946,0.09384602729650227,0.05473474443295855,0.05667334070219485,0.7502309058346732,0.019280954864469128,1.0552329179287783e-10,0.057878707994218785
2021-02-04,0.04955392419908825,0.0007577459244180415,0.0016978454791109427,-0.3828403835189615,0.407244480932178,547111266.82478,-0.07311432257444786,0.0549427387585535,0.05698547579182194,0.8281977397070664,0.019196170349096,1.0877449051449866e-10,0.05804868831196547
2021-02-05,0.04612799646194089,0.0014205682104513988,0.0007072238471414328,0.33525097566017403,0.33237451216991304,474491564.21581,0.06670469868273268,0.052994421520502606,0.05671130174301614,0.853248372327222,0.01780089775407408,1.1033339520038534e-10,0.05576909118993068
2021-02-06,0.03496496968419228,0.0001344431362791955,0.0010881059687372896,-0.7800609632324214,0.36242341789879784,588534233.16981,0.0027000980724428353,0.05205457122342826,0.056930482327761815,0.7645738685194102,0.018222287768754335,1.1048473447958302e-10,0.05500834634545845
2021-02-07,0.02785346450298212,0.0001515886419737747,0.0006242268428451103,-0.6092147039082024,0.7314565186573031,378140524.40876,-0.03182531389387813,0.05136713037921769,0.05701300349310076,0.6543028441661364,0.01886988692070411,1.1375513581310627e-10,0.05456829552182847
2021-02-08,0.08152670975378412,0.0065463461377180685,0.00010025826555969126,0.9698317337766487,0.7651282537705566,573290390.27488,0.10542014417219958,0.05160444053162004,0.05753793449766358,0.8179166007219049,0.01923023131656685,1.1611969756785333e-10,0.05491093215119896
2021-02-09,0.05786644299197736,0.003031026884999493,0.0003174983395442721,0.8103652693328411,0.5617978921639956,666191642.26352,0.08210000573360626,0.05143979720709256,0.05783675107573153,0.8420327108432806,0.019157518667358812,1.2186347440914975e-10,0.05473195197229381
2021-02-10,0.08137741599194757,0.0007081542623247893,0.005914129571201696,-0.7861298971392217,0.8819434358706707,1085626487.61309,-0.001538800039850122,0.05144998212722958,0.0583866846362876,0.9472738761797631,0.019174160764050582,1.2055103862979446e-10,0.05474707328504952
2021-02-11,0.04022270666077189,0.0007882654107120886,0.0008296007204064149,-0.02554927685255968,0.4959476668786761,596909064.81285,0.012680537205662264,0.0493022934966718,0.058746111687186145,0.9664302312839324,0.01765601339069207,1.0905999878005477e-10,0.05222649172763772
2021-02-12,0.05333284804447427,0.002671313497530421,0.00017307918300456124,0.8783014847499834,0.4061360517141402,778560604.55589,0.06733034264815665,0.05000477385354419,0.05895360241453522,1.0459345946145362,0.0175008960150586,1.0753839406221439e-10,0.05284102518634546
2021-02-13,0.10627115546312257,0.009713127756487546,0.0015804307269796198,0.7201182020187455,0.7496160753322931,1444613842.93377,0.13832222265095387,0.05283667404069403,0.060195438113949874,1.1039689819841263,0.021345792956346962,1.1201226508083916e-10,0.056794891678422305
2021-02-14,0.08017229696146486,0.0034959390701396384,0.0029316581299376684,0.08779033947478587,0.5419431466234759,864118259.02719,-0.05677894566263833,0.05435324569287003,0.06073551109747828,1.17820034798434,0.02212626544266866,1.0999936523639087e-10,0.058485331540370444
2021-02-15,0.07284209154229464,0.0026122817154963607,0.002693688584759671,-0.015342503756453752,0.5076712518782268,983063648.38476,-0.026965263710324493,0.05520917151990398,0.06135788687391322,1.1616037647027921,0.02249179902680241,1.0751980949346533e-10,0.059412490865393235
2021-02-16,0.03320394970185708,0.0003194601550521853,0.0007830421207512698,-0.4204816406036408,0.2897591796981796,748568482.67738,0.011175435090345643,0.05491656021945126,0.06145827865275639,1.1433710736475642,0.022746978272847485,1.0520662528468389e-10,0.05923355738252916
2021-02-17,0.06392301010131538,0.004086151220412868,0,1.0,0.5476825060788055,974622234.94478,0.12091833827823292,0.0553470208076147,0.06112058659504451,1.1867165106122204,0.022831693130353648,9.887692153649255e-11,0.0596636888782696
2021-02-18,0.024675648392778186,6.0690451695890486e-05,0.0005481971719081261,-0.8006513867479761,0.6732016837485314,688185997.29724,-0.04643583700779656,0.055066307452925435,0.05979116614262833,0.9215849269866192,0.02318505220090526,8.697776801137694e-11,0.059533582142741036
2021-02-19,0.03961381622464235,0.0014971186107023125,7.21358251774246e-05,0.9080635701539571,0.6120751692872797,721664347.114,0.042842433873517216,0.05283777574133416,0.05964626847273494,0.8009869618241279,0.022251747072147922,8.877930888145332e-11,0.05712611212062342
2021-02-20,0.059508256189907675,0.00035547034427367444,0.0031857622104900112,-0.799239197778472,0.3772401342591233,856033187.25166,-0.04212646767438968,0.05446944728537781,0.05917170994321941,0.7600765078364002,0.02136577603326628,8.926420400996027e-11,0.05832391576325294
2021-02-21,0.046692101904918584,0.001166363391903915,0.001013788988395387,0.06998336670741419,0.5125301576763497,558639618.74893,0.0018919816445662366,0.054834649740206035,0.05911458748059505,0.8113409236144566,0.0211530336181037,8.141590968143599e-11,0.058591658629358605
2021-02-22,0.08905446591918935,0.0013194129416664883,0.00661128495848557,-0.6672643547193519,0.5555111930570924,1133778642.39579,-0.08887900774171303,0.0561732289179133,0.05880639406483881,0.8906068556439786,0.022410998305003118,8.084786334492294e-11,0.06028074062208433
2021-02-23,0.18241790146956252,0.010638914873215105,0.02263737590334391,-0.36057086742915895,0.41159466254231397,1384870117.10078,-0.1589570504878674,0.06196317915606729,0.060414250412664856,1.4031468014495572,0.0355366743965545,7.895788579498252e-11,0.07100813217579525
2021-02-24,0.04834959514311218,0.001098645826816152,0.0012390375236867044,-0.06005590827361318,0.3387774310899529,629433819.58147,0.021671553693244798,0.06283575082406305,0.06010897008382704,1.4259850155347122,0.03493310436508444,7.210291200425762e-11,0.07148806055017531
2021-02-25,0.11963779479742569,0.006152220912303685,0.008160981031687251,-0.14034316900188065,0.3420761968065428,911190377.4854,-0.010639577258464402,0.06617307799541246,0.06107133841123209,1.6088959774735507,0.036893500841660716,6.629527119310235e-11,0.07533386305108687
2021-02-26,0.07552471291790779,0.0016223198614373192,0.004081662399895068,-0.4311623749480724,0.5868104687626061,779973432.68462,-0.053059203424019916,0.06757292163617279,0.0605116257395512,1.6943792482748212,0.03665181104837958,6.284029572241188e-11,0.07645577606568751
2021-02-27,0.042579190888487425,0.0007328976399718153,0.0010800898567464353,-0.19150281918826484,0.421803337567389,437868045.1405,0.009233891803579504,0.06793550359828207,0.06067968154021405,1.5416993632670755,0.03634952016838965,6.362603204428124e-11,0.07663942724014264
2021-02-28,0.07244811802541747,0.002966784097080631,0.002281945708344188,0.1304769752157234,0.4347615123921383,552147173.02425,-0.038497087922329996,0.07005905852792185,0.060579850418656774,1.168702827760962,0.035174455904854456,6.293840576160213e-11,0.07801665032367111
2021-03-01,0.0560653699652529,0.0025245898355538976,0.0006187358737867847,0.6063176832434807,0.3301192909629246,422258748.09243,0.06270360617325978,0.06884661377608704,0.06060851024339084,1.1819872106443936,0.03519821926688954,6.125314752797378e-11,0.07694007364681026
2021-03-02,0.07553830457935123,0.004002973870888291,0.0017030615878345441,0.40306659495742586,0.42754295321253777,536606311.28379,0.017841033764586706,0.0696881309945334,0.06112299567448378,1.0264079853778318,0.03513377021524389,5.696791330938126e-11,0.07766619164656106
2021-03-03,0.05205725288432665,0.0021063701703542066,0.0006035874075085289,0.5545410655582581,0.7535251634042736,711111199.95463,0.046448990385386836,0.06829193275131337,0.06135031403784896,0.9568112050046975,0.03522847421455802,6.001083969603346e-11,0.07645741347057622
2021-03-04,0.04259632074295558,0.0003282482649525461,0.0014861982758842015,-0.6381835920046763,0.6529071335695144,614890903.9598,-0.03792875218362576,0.06840496199332212,0.06172315680568286,0.9750086114446709,0.03513760282452204,6.193655604365926e-11,0.07651860588446442
2021-03-05,0.025121977658912952,0.0006311137614949216,0,1.0,0.8447927557108942,469220033.93092,-0.002657808873520946,0.06706158721305729,0.06168540848873384,0.8279921904425044,0.03626387526677034,5.8088164184972135e-11,0.07582679481728072
2021-03-06,0.042318426992784014,0.0010776246454982851,0.0007132246176453052,0.2034788942612209,0.3089673769776164,387308011.42004,0.014975779525649506,0.06401621919066021,0.061207663118265136,0.7813665325086995,0.03548340959404728,5.536987946193044e-11,0.07278181674971737
2021-03-07,0.02790916367777438,0.0006445395393789712,0.00013438187781382937,0.654953953383036,0.5438055995327992,350021559.42427003,0.04246854554334241,0.06152749855810352,0.059868108504346186,0.6281654017084644,0.03612068617781761,5.8018634179888225e-11,0.07090986030376666
2021-03-08,0.03283784224303186,0.0006471131814235385,0.00043121070175470926,0.20022043751129676,0.44464217682482715,515994952.1569,0.005848275245235458,0.05962253430575768,0.059464713984588954,0.5658445176970905,0.036546510845325356,5.725216526377026e-11,0.06947583603130213
2021-03-09,0.034936703262246835,0.0010065256711437722,0.00021404756369051636,0.6492671515616569,0.6143696583283473,644751729.2496,0.06010999790937418,0.05970504638006195,0.05944716207065874,0.5452601996191018,0.036485788170255044,6.098076553523762e-11,0.06951628743588724
2021-03-10,0.04131359654980002,0.0013034085386518486,0.0004034047212277994,0.5273006945631011,0.4704967914347401,834953112.4818,-0.017107957427069376,0.0586284076395136,0.05934548331472849,0.6000466908760237,0.03668812260559884,5.604852000923316e-11,0.0686965240112224
2021-03-11,0.03284780847020069,0.00043973980141228373,0.0006392387198827045,-0.18489609805298304,0.5924480490264915,613321402.70372,0.00517285411122601,0.05901755811939086,0.059221421248371944,0.5778445727592643,0.036351778525620514,5.323701800472717e-11,0.06885926003136313
2021-03-12,0.050029021719058195,0.0024822496903330192,2.0653323832977588e-05,0.9834965048856601,0.9828317705938701,1220879535.06671,0.09241562572768702,0.05951352028579161,0.058955556413344753,0.6760968543096436,0.036144265851402256,5.401462711887633e-11,0.06918133525869354
2021-03-13,0.03140486101311454,0.0008984938241204385,8.777147113260337e-05,0.8220124513048302,0.3457699854514944,719954461.81762,0.023649373265543335,0.058175263372610996,0.05873519503401171,0.6762704138786144,0.036661046230470846,5.323544493291675e-11,0.06829635451896394
2021-03-14,0.040359325079868814,0.00016490731113904,0.001463967809763488,-0.7975200074912212,0.44922288030556146,478008901.57847,-0.05586522626441037,0.05787370257141814,0.05791964790757595,0.6989005874531615,0.036786057927534845,5.863944092834288e-11,0.06810389667642737
2021-03-15,0.06103292355803806,3.567809256652349e-05,0.003689339665474794,-0.9808440684667857,0.8099253554725923,776924726.79115,-0.06429252595347679,0.056539343411363324,0.05619001863351912,0.7656263185859412,0.03610029849566559,5.884709465515496e-11,0.06661734203310606
2021-03-16,0.052098160056928126,0.0018222291381021875,0.0008919891432151133,0.3427285127692816,0.4780667597429977,537999298.30018,0.005514856853860874,0.05033364143933311,0.05610099496726716,0.8426747989235329,0.021714302065712978,5.386945080371917e-11,0.05461257615300838
2021-03-17,0.05101741767741492,0.001732644885157039,0.0008701320213147691,0.33138178754300096,0.37113503034238554,466672841.79984,0.020982190412144455,0.05046068060763325,0.056010391954884955,0.8471531785673316,0.021709917637226107,5.437092735871706e-11,0.05472802734187783
2021-03-18,0.028249648440424355,0.00012981156229711585,0.0006682310747104544,-0.6746751206580346,0.783787739668432,418415420.87615,-0.030289676163391004,0.046108864114442705,0.055741560289469555,0.8393494156445476,0.015389221643750405,5.7262109569968213e-11,0.048493071279462924
2021-03-19,0.01857988446866523,0.0001738138897733845,0.00017139821709556287,0.006997647619406072,0.4555976196931514,285133781.99838,0.0008497238908793767,0.043397205616859724,0.054654849591178375,0.7742974342831639,0.014957774713440897,5.416464060019424e-11,0.04578644374648621
2021-03-20,0.023071162346019598,0.00018028872950043575,0.00035198980249595666,-0.3225774903066814,0.6091115380879372,279856385.80671,0.0008988764650172506,0.04246825187674221,0.054152775566150856,0.6424929112379283,0.015602976187952774,5.3313384531023176e-11,0.04511554377122052
2021-03-21,0.020959336317034373,8.022454621242984e-05,0.00035906923263812616,-0.6347567387712926,0.5135787895194671,303225849.87457,-0.024303330810330658,0.04001640512872397,0.0538141980119545,0.5368614856011287,0.014674221939693194,5.380989686130833e-11,0.042501664986241555
2021-03-22,0.04360219091859825,5.0284237504823515e-05,0.0018508668153970685,-0.947101270645412,0.7756240003914112,414561261.21566,-0.05157864487256355,0.03942292041221661,0.05329132490664123,0.5155855920421623,0.014238236674235506,5.266331261467043e-11,0.04180000421634642
2021-03-23,0.0196212864946673,0.00011633446989438085,0.0002686604138114324,-0.395657060298621,0.5737051664165781,301007419.02731,0.0013450624791730907,0.036760205265326897,0.05262937782231762,0.48544168283363537,0.012234051481567393,5.1292866638584627e-11,0.03865045236426035
2021-03-24,0.07442650972780576,0.0003066905845868332,0.005232614765676332,-0.8892674928735378,0.7502864640457527,587079914.50038,-0.05424946559469099,0.03782540797215923,0.052522440950234055,0.6947168918122159,0.014412430999202622,5.258270973149545e-11,0.04035577175902774
2021-03-25,0.036317475327897954,0.0004765974588713635,0.0008423615553211129,-0.2773127083662156,0.33718772187916346,428200610.96367,-0.02593366164897494,0.03752641533334696,0.05174455694111362,0.7482313990182362,0.014373583877671693,5.2529403536887176e-11,0.040062372248043716
2021-03-26,0.021814093637110378,0.00047585468120861946,0,1.0,0.38539579966723353,335030960.5154,0.0672905846486998,0.03736889704659446,0.051478419371065315,0.7595431127424511,0.014533554617870488,6.182390554093989e-11,0.03996999350266873
2021-03-27,0.01860104154930649,0.00019242680193846986,0.00015357194478055652,0.11229768178746041,0.44385115910626977,236355014.71694,0.0035875452947564607,0.03623949773976219,0.05103079699037215,0.6670242241891909,0.01504232753135566,6.070544361393135e-11,0.039099846228078106
2021-03-28,0.02813809227257268,0.0002848933078534405,0.0005068589288863739,-0.2803473242423889,0.4963118474592612,210849700.43594,0.0005424464467158064,0.036250399101419264,0.050710381117464266,0.7064382175811224,0.015036070232174525,5.5050274140406525e-11,0.03910765866766194
2021-03-29,0.022030425516927608,0.00040758610936968517,7.775353908720989e-05,0.6795912333376345,0.7293596150316997,418634340.23421,0.050493082763482695,0.035735760209700006,0.050189155345120556,0.5014015025544935,0.015340580738686754,6.025407568078383e-11,0.03874495608406098
2021-03-30,0.04307384791707184,0.0014383702258120175,0.0004169861485710169,0.5505056016964093,0.7339123871590243,421338423.18349,0.01025913075966435,0.036123243288501194,0.0502482832960048,0.53574168562607,0.015421939536477969,5.6974038910077884e-11,0.03913309840155458
2021-03-31,0.02612964997892725,0.0005542421099857859,0.0001285164980354669,0.6235375240220583,0.5122134515056648,482128944.80031,0.005497036288315351,0.035400198213697734,0.04979187555360868,0.552876091275321,0.01552204536105275,5.654127067783033e-11,0.03850499815964678
2021-04-01,0.0416241860620159,0.0015656367505113412,0.00016693611481397732,0.8072968610383584,0.8853704860792225,516808899.01145,0.030690133562744915,0.03581812095616513,0.04996732884282714,0.6445729301972438,0.015567969243534603,5.896744903380903e-11,0.03890704850623242
2021-04-02,0.03548074442858209,0.00103198523989781,0.00022689798530854886,0.6395249682171986,0.7232009049411097,572312842.10792,0.042403731691517225,0.035125345847094834,0.0491588806247402,0.6797452081686023,0.015223860820098595,5.889106493119519e-11,0.03813816180542549
2021-04-03,0.06673228115975059,0.0004258715585418348,0.0040273257902421694,-0.8087344776408242,0.657357111010092,653206378.39398,-0.08059335548525214,0.0368076039493156,0.0498174382024348,0.8585439642697613,0.01667489921870737,6.320214696456344e-11,0.04024439573960465
2021-04-04,0.009542828383511719,8.835081490016454e-05,2.714758656992364e-06,0.9403779375465428,0.6536950888377429,335365552.36694,0.03607162561821742,0.035340151725679544,0.04934950134576791,0.7284261792808829,0.017672827739419136,6.275873953042894e-11,0.03932406848714721
2021-04-05,0.055809915658070926,0.0029565365945502025,0.0001582100912107877,0.8984122259867601,0.5476235583721545,915746741.1363,0.09042670328735118,0.03509143706377635,0.04926800313101766,0.8470727252493302,0.0173265265972697,6.352035046842951e-11,0.03895281549683411
2021-04-06,0.06577067865521455,0.00423845532672655,8.732684404094437e-05,0.9596249461514376,0.882847409818823,1712192760.5833,0.06825035263058603,0.035742509377980465,0.04934644332446029,0.938627632715581,0.018230819945703396,6.493038358134769e-11,0.03992571818669347
2021-04-07,0.07150713437171627,0.0001322469036606047,0.004981023362394082,-0.9482730633119285,0.7188492795297887,1479364102.71727,-0.07962181453208984,0.0367182101729472,0.05000488053488116,1.0704362194080614,0.019587048861903985,6.535230771032068e-11,0.04139577605940666
2021-04-08,0.05037262910926172,0.0014354155118147208,0.0011019862515645202,0.13140578093007582,0.39739157739238523,580798953.75176,0.0320379159828091,0.037771685442891834,0.05001787585091567,0.9979812127046765,0.019703388373590765,6.453185080869852e-11,0.042384394541220755
2021-04-09,0.023946770674783093,0.00012980786679838213,0.0004436399589522695,-0.5472722679575541,0.4617721211821498,428284198.36021,-0.022779010824072844,0.03802725145270697,0.049665792901913156,1.075147673762395,0.019475499631626078,6.692264046180042e-11,0.042512413107134474
2021-04-10,0.0703435370027698,0.004948213198060043,0,1.0,0.5551866967891937,1205715639.54556,0.14983663440075107,0.040278316912552216,0.0502273574625255,1.128862924572313,0.020371728226417984,7.268740379970633e-11,0.044917567513585895
2021-04-11,0.03606443333657396,0.0007766008697897939,0.0005240424820983933,0.1941795860677358,0.5450004889972778,1100851818.34178,-0.016746474463210505,0.040997607246816004,0.050357690301153946,1.0254255203784366,0.019917097017234136,6.959516649570041e-11,0.045371847192644386
2021-04-12,0.03443189016179736,5.31844728008251e-05,0.0011323705873132527,-0.9102792023919875,0.5260680405175502,855865021.00186,-0.031825250994344335,0.04056092625839692,0.04961015348223352,0.8764204670259587,0.019957624308289984,6.544123647030384e-11,0.04499476100632284
2021-04-13,0.053375724646365696,0.0027863559165105956,6.261206501405487e-05,0.95604579242723,0.6705258079141212,1250144415.13238,0.09001803977210368,0.042168280456096836,0.04953887223865238,0.8886402135426303,0.019541789282269337,6.865731155743675e-11,0.04628023952285897
2021-04-14,0.06384932947143657,0.0028331036951015527,0.001243633178850505,0.38988793375575115,0.6949439668778756,1716316496.86498,0.04215841454590375,0.04166460520579355,0.04926064864308872,1.0665329969727115,0.01879065942669207,6.542672682880717e-11,0.045521582270101515
2021-04-15,0.04812307923093177,0.0018191296998472477,0.0004967010548192893,0.5710385538162431,0.5885033723811987,1143883542.26417,0.02323095720217029,0.04222677682022372,0.049386051382297604,0.9855786848666804,0.01879928316079557,6.350980150984115e-11,0.04604003187719724
2021-04-16,0.09442383989480506,0.006998827087562047,0.0019170344529177326,0.569972134669428,0.600563034524944,2552790136.83822,0.07605324575378829,0.045684383784875854,0.05003828934817587,1.220287510812146,0.02136008045597075,5.5364246746016254e-11,0.050215432127883354
2021-04-17,0.07002702918838663,0.0005919038984624906,0.004311880918488663,-0.7585930375996812,0.5369956180547355,2254513690.09795,-0.02382742796032049,0.04813324033911776,0.049462985756513395,1.3507357966322087,0.021045406664418054,5.514472942405412e-11,0.052331893293725534
2021-04-18,0.09906331584954925,0.004709924431089077,0.00510361611601848,-0.04011719144987277,0.5200585957249364,2608486728.69167,-0.09663452724240029,0.05151063193802141,0.0497628431991814,1.5196297640000143,0.023251566855214924,5.678632626073011e-11,0.056287085755670846
2021-04-19,0.10742508937563686,0.004357566354034031,0.007182583473329537,-0.24479899841481542,0.5068566972465132,1416348821.04071,-0.044848889635942024,0.055577044502721856,0.050311779672726514,1.6499386611453124,0.025221817212772127,5.255067550870699e-11,0.06078367836183603
2021-04-20,0.09747000765996046,0.007241028499109823,0.0022593738941229283,0.524362484744371,0.5118933470049793,1457444822.2228699,-0.0029089816119482704,0.05816733782381179,0.05133187583079165,1.809871900481472,0.026627607570197855,5.148624873245387e-11,0.06370796940427899
2021-04-21,0.10234039495540498,0.005759539062108559,0.004714017377519723,0.09982489621509527,0.5449684886486014,1202907291.8456001,-0.011024704987883015,0.06179642091792977,0.05194167559038037,1.815423058742885,0.027229451064949534,5.137974683481716e-11,0.0672676284239924
2021-04-22,0.10642437558434716,0.003616954533163088,0.007709193185355099,-0.36130895993005846,0.4732321674719897,1839376190.13731,-0.020838983634844665,0.06488214422851697,0.05323927443469099,1.9177616466338452,0.02847247787711473,4.909143563211654e-11,0.0705816600226957
2021-04-23,0.07813040896457588,0.004371260854835001,0.001733099950136877,0.4321764373019031,0.6205092752328027,1681625409.74736,-0.0457514108407478,0.06691308063499288,0.05385064892262644,1.8457500904565205,0.02778317420773472,4.68588063373158e-11,0.07219769912654615
2021-04-24,0.05284981414439949,0.001082648824818685,0.0017104540302788828,-0.22476981265277018,0.39786150395735304,750943657.3469,-0.07010030770787981,0.06625201077711901,0.05374495936634854,1.710227131147577,0.027952335212451513,4.542873355133517e-11,0.07164813773169759
2021-04-25,0.05767449648270219,0.001217777634859522,0.002108569909673705,-0.26779891844981113,0.632216819284558,648214437.66466,-0.004899568841158425,0.06854399497231856,0.05391928308980542,1.5498504854298936,0.024873667037383838,4.066680193146713e-11,0.07271531260097329
2021-04-26,0.020165319852028473,0.0004027670207728176,3.873103961796065e-06,0.9809507044376213,0.3420685144996798,799073722.61679,0.10068723344383321,0.06684663326726892,0.05282580458080286,1.2704550868602027,0.02691823164347222,4.196482698218283e-11,0.0718231107051922
2021-04-27,0.027553149842155924,0.0007547796535101181,4.396412714178945e-06,0.9884179364714587,0.4695630551485283,716554545.44236,0.04859973908814233,0.06502675094283755,0.05036763392005038,0.9681973615438941,0.02825340037271149,4.329639023754562e-11,0.07063087742226955
2021-04-28,0.029713609171245315,0.0006241111993951678,0.00025878737058634586,0.4137778010179258,0.6296289624077578,659885427.30376,-0.004512590822247617,0.06303658307614846,0.05007182461890963,0.7732753786433024,0.029229214096448377,4.105909488431177e-11,0.06919013350325381
2021-04-29,0.02454623701673291,0.00029519121253992526,0.0003073265391417036,-0.020141027493229175,0.36689516941499484,526253341.92251,-0.01264337707472248,0.061806754881266135,0.04856243481286689,0.6677981764919114,0.03031196803116798,3.957640281802209e-11,0.0685210715058348
2021-04-30,0.03874093965510906,0.001287929243712892,0.00021293116164790952,0.7162545418783014,0.5291613054165512,648713413.60936,0.06075587973959328,0.06251123911842452,0.04797856539599707,0.5921786242902182,0.02955041394594547,4.150351197327439e-11,0.06884257217811289
2021-05-01,0.028026026819187273,0.00046514095379375546,0.0003203172254760489,0.18438120849711048,0.3593712726452132,541829040.00545,0.020674172625669788,0.06049611958587296,0.04774756279172246,0.6358527641815273,0.03041968887363004,3.740276505646846e-11,0.0673874863356134
2021-05-02,0.02302074330249133,0.00026342538714680227,0.0002665292350523971,-0.005856818254956446,0.3454124431737029,510439011.71029997,-0.02925823391979593,0.05987499148901189,0.04696300128818395,0.622906519844214,0.031069715283213464,3.940788206913657e-11,0.06711463216999672
2021-05-03,0.04645085427483901,0.0021576818628623296,0,1.0,0.7512408901391393,990806086.85792,0.0917227927162241,0.06044732311344244,0.04681038992801865,0.6943191621762936,0.030685926234303416,4.2045454170720016e-11,0.0674586214195471
2021-05-04,0.13899475109871307,0.014955756235120833,0.004363784597872361,0.5482517275545129,0.6937180786018525,2883942013.13471,0.03500598884689065,0.06452441961117328,0.04781763511086566,1.1417565922211015,0.03507359069333787,3.919460322611318e-11,0.07304093781402901
2021-05-05,0.051584494996708266,0.002576289737988103,8.467038607731675e-05,0.9363610259984226,0.6851663438729572,2645052546.37125,0.15511350818635664,0.06394037987428144,0.047810131017411404,1.1912200637086343,0.03518732586749636,4.081744004647987e-11,0.07257796260768183
2021-05-06,0.07783055536614003,0.004719445857079183,0.0013381494915226059,0.5581911915488126,0.569675087303339,2323931594.27897,-0.005086495250527017,0.06535502159500564,0.04836940458285878,1.373537486517484,0.035116721497387676,3.995457802265533e-11,0.07379525677616366
2021-05-07,0.06105662504084086,0.0022030743848388567,0.0015248370765389787,0.1819349293368683,0.5909674646684342,2526583954.87032,-0.028552546218692097,0.06376610660195974,0.04893979581114335,1.513688884156276,0.034484884313372904,3.907403733180742e-11,0.07210197418100238
2021-05-08,0.05503505963600714,0.0019962862476680422,0.0010325715414708206,0.31817760135619183,0.6590888006780959,1095560948.59547,0.007968169649176881,0.06305220328994167,0.04914164712294054,1.5378828833897364,0.03450396653640388,3.891710281832487e-11,0.07148015417847321
2021-05-09,0.09044570079821546,0.007856793414109305,0.00032363137877100843,0.9208766324573572,0.69471176135257,2217616818.24212,0.11072608772003767,0.06264184066844958,0.050134290569296754,1.3220522171413496,0.03410318259763828,3.953062729772344e-11,0.0709340892978146
2021-05-10,0.1014623787429915,0.0007440817837298312,0.009550532516456421,-0.8554425135254714,0.7719422641863264,3405050093.32166,-0.07773056791515696,0.06235790206689504,0.051223568926438964,1.484920953767755,0.033734509803512655,3.9109812088020595e-11,0.07051477723804042
2021-05-11,0.058340362288055635,0.002958616281393048,0.00044498159050853617,0.7385228177617083,0.5750789587431364,1596453992.71145,0.05088279249104211,0.06049458562061385,0.05159505557764228,1.4061619887483385,0.032764853722093125,4.053249953145528e-11,0.0684252130731441
2021-05-12,0.14214422404139895,0,0.02020498042833142,-1.0,0.8429454064372212,2126130773.6937,-0.1938954153258972,0.06239000605328023,0.053195541728302584,1.658656351508546,0.036270414591658924,4.443875303233969e-11,0.07173151975543504
2021-05-13,0.09378101305677716,0.004536263714456113,0.004258614695499296,0.031569398235515155,0.5139765975788128,1839357614.46595,0.022545033483384463,0.061787941171015,0.054162735451899036,1.7730304265558454,0.03560169728337396,4.448292632947544e-11,0.07088634771719646
2021-05-14,0.05553100500544185,0.0018764422682811409,0.0012072502486332665,0.21700996969616113,0.3914950151519194,1006455200.08919,0.026344667076251056,0.0607117790777229,0.05425006851993687,1.648456115624185,0.035424122687700114,4.4433832885104e-11,0.06986438968196121
2021-05-15,0.05070849213454779,5.324417063311857e-05,0.0025181070039263765,-0.9585866207930621,0.5984570740839593,1001045470.7524099,-0.08330970701324666,0.06060981136296806,0.05455647536313422,1.4636705659208187,0.035450956457624236,4.395159843659307e-11,0.06978877661771828
2021-05-16,0.0694164150491094,0.0007681825532793716,0.004050456124990851,-0.6811620025616317,0.5148234028532117,1228445424.5206099,-0.015228039620932287,0.06116895034232078,0.05501769901343963,1.4957673667405622,0.03549491590769231,4.418196156095637e-11,0.07029605127143833
2021-05-17,0.09090318125068184,0.005180960168771286,0.003082428192723027,0.25395538539940654,0.5428290689206984,1326343259.21632,-0.04932601596260882,0.06453741993273285,0.05549183008792603,1.2851618277291332,0.03475796998186037,3.9952654117124344e-11,0.07290861192461295
2021-05-18,0.056202353610703436,0.0008002172872419928,0.0023584872641405573,-0.49332565029436426,0.6866490475996164,1728073057.59135,0.04393906875516839,0.06590166773123511,0.055556976017351045,1.1384071890141896,0.03378230456058907,3.7933722041908894e-11,0.07368805163642085
2021-05-19,0.21351187595322252,0,0.04558732117306428,-1.0,0.5610927791519257,2566279032.53547,-0.4587961899996818,0.0746539661494245,0.05813625313284005,1.6057379432447736,0.04565929409105189,4.6121356169923305e-11,0.08694084760738219
2021-05-20,0.08367333929855932,0.006453214424612978,0.0005480132847588521,0.8434522322348458,0.8819505625788113,1368255318.49777,0.12469198850624064,0.07746954244855908,0.059015994257572355,1.6864065795733982,0.04421510513569443,4.9316919922077004e-11,0.08867587866418791
2021-05-21,0.15354045655567994,0.0013483009699067493,0.02222637082941989,-0.885614444062355,0.8844889469735876,1155316669.32392,-0.15828096796127328,0.08293618611049103,0.06115822556054084,1.905268319523012,0.04623787500010842,5.138102818006041e-11,0.0944168699585456
2021-05-22,0.11372827682883735,0.004460144301015608,0.008473976649441054,-0.3103289635066951,0.33826071035544014,840843533.75009,-0.060159038491195145,0.08701724563476008,0.06259722737772842,1.9297801704800481,0.044912188192221474,5.297101820743919e-11,0.09743230000250333
2021-05-23,0.15884343310889296,0.006268993790900111,0.018962242450919244,-0.5030767631980231,0.2827232671486017,1255191217.0523999,-0.1732685292362558,0.09348499276839825,0.06478586383474205,2.2007804094462724,0.04501503918019909,5.68149132381971e-11,0.103292325898268
2021-05-24,0.11418169544976713,0.013037459575783372,0,1.0,0.6054800044371925,898116951.27177,0.26290430876424753,0.09671027091958531,0.0659061734304749,1.8617903809460656,0.04388893229718845,6.634607790840946e-11,0.10577045543283932
2021-05-25,0.14504143477916995,0.009035305676913572,0.012001712125886639,-0.14100888618244226,0.486724512733092,910872897.09453,-0.008130126083250176,0.0969982082377023,0.06789696943499081,1.9841063426749301,0.04419895396605239,6.619309694656765e-11,0.106156365141616
2021-05-26,0.0727661582224138,0.0041082370543871405,0.0011866767280622184,0.5517673084704027,0.6557988173885607,732986823.33844,0.07907934470860724,0.0980068588674978,0.06787061464919093,1.7276807276827002,0.04334418798035086,6.853802858599032e-11,0.10674549276088922
2021-05-27,0.06893912735964532,0.003758831705323133,0.0009937715757862653,0.5817990616905481,0.5582263627361205,711156925.30306,-0.023197703168533125,0.09758345753385521,0.06838841864969486,1.584290907911749,0.0435938400367974,6.998712014949766e-11,0.10645401704661339
2021-05-28,0.12651456639893846,0.0048435923563489944,0.011162343154762411,-0.394775475262093,0.42337789928781916,861632805.84984,-0.09132471938586094,0.1007005023604313,0.07005033091575562,1.4568902286919154,0.04318982635633049,7.449614156851268e-11,0.10916558778870167
2021-05-29,0.07796214105705156,0.00038910407932573764,0.005688991358873867,-0.8719651301029936,0.35975645891310576,759523611.54304,-0.07935226047588395,0.10179226814238578,0.07099257059048174,1.3460359321102375,0.04225747947190497,7.912486615322549e-11,0.10982862718829343
2021-05-30,0.07247886692888283,0.003706755694300931,0.0015464304569937743,0.41124094503575154,0.5954272841106124,564249437.41035,0.03996464119788806,0.1009367046247985,0.07169639241042317,1.1351876075765241,0.04267847851024696,8.011999718832264e-11,0.10919219309913673
2021-05-31,0.07139389347399025,0.00506638775712541,3.070026825005694e-05,0.9879538010341522,0.4691740564563976,610649357.39803,0.09749932603304715,0.0995048719929413,0.07247993952085273,1.1239066263039255,0.04316161424113291,8.663604334529079e-11,0.10805292121279136
2021-06-01,0.02966913787623224,0.0005990532002393449,0.0002812045420795337,0.36108589891239895,0.6793182797387203,510980380.62236,-0.027013369215680618,0.09813957559237829,0.0722671663456013,1.0194683634221673,0.04494544863436909,8.763572826657028e-11,0.10749546375930497
2021-06-02,0.03836768741410359,0.0011590980205766531,0.0003129814169297099,0.5747764570913558,0.5443555362783382,416814020.55438995,0.022637990971816877,0.09319783575298327,0.07246142090806443,0.7867627124298641,0.04556605092869193,8.587932816307896e-11,0.10326292570183669
2021-06-03,0.0384135935456724,0.0011145585096501468,0.00036104565944197753,0.5106470054715102,0.4265027674001104,528707385.90229,0.033465156294546695,0.09056129196674019,0.07241045912209072,0.6750131633199797,0.047106419104678436,8.830976446020007e-11,0.10156128669867523
2021-06-04,0.05565827663008463,0.00036368046950658895,0.002734163287924436,-0.7652041239108964,0.8826020619554482,631962140.03097,-0.08111099180084083,0.0905673525202946,0.07273073741100346,0.629676775194748,0.04710169483202047,9.317510578737758e-11,0.10156460419105927
2021-06-05,0.05130003787323766,3.341951681472225e-05,0.0025982743689808964,-0.9746022765070802,0.9326053583992004,459241576.49828,-0.0319366831895816,0.09059552136499412,0.0724857811683604,0.5773680285844761,0.0470768359738397,9.252365481412014e-11,0.10157874918961324
2021-06-06,0.02684896715005928,0.0003678614263365583,0.000353005610688404,0.02060826044906236,0.2781265337149838,366904845.95773,0.019930789747365465,0.08856850003646792,0.07276048178370242,0.5755328711582481,0.04891490223403391,9.452009414137508e-11,0.1006136685744532
2021-06-07,0.07955389045245372,0.00021687441190609814,0.006111947074214908,-0.9314645191425607,0.8104087092169507,516871087.66035,-0.08549179599847144,0.08802805761750468,0.07313737027250215,0.6835507991406662,0.048950501541204665,1.0062547843964659e-10,0.10015482051229124
2021-06-08,0.06837819642415684,0.002454231153229967,0.002221346592990607,0.049808723729940864,0.4763644047896396,690913958.15994,-0.00806205917092827,0.08860785965624056,0.07317875944343774,0.7572900461108041,0.048625720587777595,9.997033847912191e-11,0.10051477567376015
2021-06-09,0.055752883388664125,0.0031083840061499803,0,1.0,0.4570590094027667,677746649.04919,0.07136877522990957,0.08109552667697588,0.07292869196751628,0.7600282625632687,0.039738213440855846,9.647149403393625e-11,0.08989112079059033
2021-06-10,0.03795604802163493,0.0005172882789706043,0.0009233733024500524,-0.2818739867269883,0.5666092118207618,536242834.71967,-0.025841231183887214,0.07891851280664615,0.07273160337882378,0.7237355558583962,0.040827291407182026,9.442660423182949e-11,0.08840602204461374
2021-06-11,0.032675117410671445,1.4052101705268768e-05,0.0010536111960958955,-0.9736769040685225,0.7428632497408918,515806735.37787,-0.03197902991632657,0.07316302046640764,0.07287014856510773,0.7397323131570053,0.03821762163462965,9.08549779620804e-11,0.08212102303403362
2021-06-12,0.020633799934297873,0.0004020154453889772,2.3738254339653693e-05,0.8884883238605602,0.4537836374144485,432761006.39633,-0.006470520187430038,0.06872995013809624,0.07208110511957642,0.5851513527684499,0.038673515932007504,8.81600094517971e-11,0.0784106235685403
2021-06-13,0.04906298696827794,0.002374401420592516,3.277526965689505e-05,0.9727687046907229,0.5163329933975587,377208158.31043,0.05455515468680508,0.063502309845686,0.07228743136769872,0.5344681643809734,0.032867364995156086,8.84736873894903e-11,0.07114327733356918
2021-06-14,0.06011252219079574,0.003451798083491253,0.00016171724064765748,0.9104931203322381,0.7226727227398656,422528851.66926,0.05134891019357688,0.060927587309544506,0.07269506044752408,0.5448675996517803,0.03074829348982958,8.032126910241409e-11,0.06791617377092758
2021-06-15,0.022876198647565373,8.152558993206678e-05,0.0004417948746308051,-0.6884295744093827,0.46664611373720477,406849681.99526,-0.026038441316583043,0.05511019511280143,0.07221094098722568,0.5121764419733974,0.02507113559684745,8.294386476013677e-11,0.06029729620215634
2021-06-16,0.03693705790514106,0.00023040145240914664,0.0011339447942785971,-0.6622536940772947,0.5296158335724837,426040673.61281,-0.05053324586407452,0.053404047478645585,0.07178376207347495,0.5279755837685026,0.02502862056747279,8.345457286642123e-11,0.05872473113293293
2021-06-17,0.04089451724115114,0.0004063595256269613,0.0012660020147598464,-0.5140290950089983,0.6767302109347685,354500248.81201,0.0035977732637672813,0.052068589853955384,0.07166902299427208,0.5923838315385961,0.02490615807551415,8.238453434785663e-11,0.057462299540704205
2021-06-18,0.06414320611700577,0.0005994871036869405,0.0035148637872817455,-0.708587274360648,0.693355641509023,424100804.40309,-0.06715177348484276,0.049098525078625256,0.07118837801367209,0.6414771818448994,0.018472520341917254,8.487733815455003e-11,0.05230344094046877
2021-06-19,0.03908371786610953,0.0007267258482276702,0.0008008111540099792,-0.04849984365274512,0.47048153430319134,262888459.97084,-0.02449578156916719,0.0472471715933423,0.07069721434188991,0.5896955107259833,0.017349193767330906,8.43393864506937e-11,0.05018920875405163
2021-06-20,0.06314990918426104,0.0015783027518806675,0.0024096082780997495,-0.20845638730891253,0.6035043441395098,361443229.18605,0.01581497932242354,0.04680293551026508,0.07012716026783772,0.7128827212760476,0.016780948783159264,8.305020155146977e-11,0.04958533532310447
2021-06-21,0.1093286480104546,3.209101165001801e-05,0.011920662264143862,-0.9946303565530786,0.451670217014883,672116262.47311,-0.21956630648689154,0.04860935239295385,0.0701573754842634,0.9235526570709177,0.02105733645348768,9.100325214323996e-11,0.05277466938906047
2021-06-22,0.1240928008833142,0.0012603912942838501,0.014138631936782017,-0.8363024361517752,0.8813256302754265,800796350.44247,-0.039198196317925094,0.053105717298052996,0.0705799595036817,1.1533634563302428,0.026251366055701865,9.081674041531678e-11,0.05896215323665736
2021-06-23,0.05383368637310716,0.0019163347512639141,0.0009817310372541496,0.3224922352393102,0.6309644940755241,439243464.00546,0.07557595430029879,0.05384219343895793,0.06981001174840715,1.1233561942123893,0.026033261868900145,9.642375948395964e-11,0.05953519653327771
2021-06-24,0.042809509213348376,0.0017993345829727544,3.331949611500477e-05,0.9636379865734507,0.48188601540600406,327011954.07873,0.04152241573136213,0.054051522756466304,0.06880025196474049,1.138168473407674,0.02592042891545488,9.945609499744569e-11,0.05967781834921968
2021-06-25,0.05193613364490301,9.748877783833948e-06,0.002687613100197392,-0.9927715465232959,0.5368754500080323,411398257.49557,-0.07389636885764,0.053874277852410044,0.06838446981680918,1.0973008399785489,0.025921618569670405,1.0189774255985102e-10,0.05951782457378865
2021-06-26,0.057172361005681106,0.0014444893945192525,0.0018241894684446734,-0.11616316250202746,0.5261569625783022,402087102.56206,0.01415418032063052,0.054153912287288296,0.06845308167175015,0.9408109490018778,0.02592413424078477,1.0026248288512727e-10,0.059772101016750914
2021-06-27,0.05473429959469398,0.0025606761643142927,0.0004351673878074256,0.7094859058983697,0.8496341714645744,302368771.23974,0.0454641289691781,0.055481785260842326,0.06840641187987702,0.7385881231474524,0.025158461165035808,1.0483574270587588e-10,0.06067154419463282
2021-06-28,0.05362227904502495,0.0025276733364904278,0.0003476754734920945,0.7581681413503304,0.716178098906346,331332861.29112,0.03820706070858444,0.05424694662239334,0.06893747472421029,0.7329531289520007,0.024546826193155624,1.0245053673546013e-10,0.05930080265177837
2021-06-29,0.05208607684240981,0.002087815700677151,0.0006251437001562688,0.5391426056989832,0.6082956665552349,466506431.8721,0.046486993262232365,0.05347113140421491,0.06932688626389687,0.7567068407866123,0.02433441080659045,1.0664008499682897e-10,0.05850749677347474
2021-06-30,0.050652643378915195,0.001417431585802909,0.0011482586954686524,0.10491246441517252,0.403609242357523,370120057.23742,-0.00041605991862928525,0.053228262832322105,0.06965925188624082,0.74913831944972,0.024335950547185195,1.0167918462691199e-10,0.0582862301094402
2021-07-01,0.03250318677983681,0.0003176427824005938,0.0007388143684443647,-0.3986641443118789,0.5740337385126583,333657366.44337,-0.05123852837532411,0.052968602773188864,0.06978555267613136,0.678751804473387,0.02453532364019874,1.0669713145672385e-10,0.05812907337379102
2021-07-02,0.03445164504659924,0.0010072198507227,0.00017969599569416585,0.6972051620396793,0.4528698244041621,287929084.48421,-0.0018271519791832713,0.05305319932728066,0.06971746863472644,0.6239756359790297,0.024464815562108017,1.0404702455624536e-10,0.05817789841586584
2021-07-03,0.028962989169647735,0.0008199389581638201,1.8915783477311935e-05,0.9549009320962886,0.8714600604843616,196394541.65219,0.024924533880893544,0.05344982738610685,0.06973234105298773,0.5696692562418867,0.02397557213919871,1.0937839623273066e-10,0.05834671663661216
2021-07-04,0.04303948117478151,0.0017312196286877707,0.00012117731110660168,0.8691670143656649,0.7921055220047922,241426532.756,0.03402762613352007,0.05316299377689273,0.07005009879699232,0.5448397100863999,0.0240665373324869,1.0920293161834186e-10,0.058119886948600576
2021-07-05,0.04690597758728533,0.0004995441971618685,0.0017006265362570457,-0.5459041522785725,0.6981421720355234,302017950.53924,-0.05180892490251356,0.0525341107005351,0.07005732297655497,0.5380581214964089,0.02404840256393631,1.1158459599586977e-10,0.057537979939779715
2021-07-06,0.045839808512470055,0.0007707078165539015,0.0013305802279060207,-0.2664424864683504,0.6332212432341752,285835411.04302,0.008246574512166215,0.05362761593219722,0.06857867309423364,0.5787912000729563,0.02313722587569769,1.0991081638898043e-10,0.05818728769137572
2021-07-07,0.026529044673792763,0.00010275147718231758,0.0006010387341217746,-0.7080053813424779,0.6247259128970459,256368925.98066,-0.010719303044827327,0.05313199625451397,0.06818096753355246,0.559634164444497,0.0236190853392869,1.0625370702674118e-10,0.057916365559096857
2021-07-08,0.034469388074027114,0.0001291245248311885,0.001059014189366694,-0.7826440241561171,0.8832357889423039,322557175.14659,-0.039054703486477695,0.05282603772274616,0.06749269503685225,0.5837110365304403,0.02382624086348897,1.1153606562124906e-10,0.05771695738477922
2021-07-09,0.04528733011999287,0.001752770977728092,0.0002981712916691213,0.7092348272126098,0.8137563828859677,299034818.06178,0.01800904078006571,0.05192813886574554,0.06724238876826737,0.5986920541080331,0.023733539786608054,1.0686390909419696e-10,0.05685938459347107
2021-07-10,0.01773882013719089,0.0002291774074504248,8.548833240918429e-05,0.45664035463583885,0.7120801737411194,203993604.74227,-0.003949187353874431,0.050911715164368467,0.06665038496669884,0.5162102398940461,0.0247465685706138,1.0334867083619231e-10,0.05634921332147682
2021-07-11,0.015021826438912598,0.0001364091794453712,8.924609011544235e-05,0.20900504305404005,0.39738708176468984,204604368.08787,0.001864489483710601,0.04861990170030425,0.06545318061178929,0.4366117393148942,0.025764183717152285,1.0169903140674024e-10,0.05473644860363927
2021-07-12,0.044012683822426624,0.0005685344854235456,0.0013685818518293484,-0.4130094569025129,0.6196104415184988,394164657.09884,-0.006879560521230682,0.04550961769135054,0.06454128069241523,0.49799647682398773,0.021689152393885896,8.697400583411274e-11,0.05019107204899461
2021-07-13,0.025409530517303235,9.189724902240005e-05,0.0005537469920873642,-0.7153316232963137,0.8461525881385344,282658773.93422,-0.014663905994566998,0.04081041434058811,0.06401856907700647,0.472949690168617,0.012596330220263663,8.711350368245882e-11,0.04262161255469802
2021-07-14,0.02669897582979578,0.0007128353103600194,0,1.0,0.44104415288521437,289899092.33937,-0.0024393974590962023,0.039518285267097095,0.06218610481967943,0.416004609854581,0.012585341144314794,7.932089758399836e-11,0.04138288610723991
2021-07-15,0.029942050988857757,0.0001239624555801569,0.000772563961839201,-0.7234605625186561,0.7681473823415091,258018345.4937,-0.04057715094069087,0.03890554916116897,0.06117278796145848,0.4602814222404875,0.012729501141084315,8.076324870221768e-11,0.04084073646331925
2021-07-16,0.06181627105784659,0.001264979809410977,0.0025562715580861846,-0.33792379105407455,0.39817383332818307,233017592.07471,-0.04237991120508063,0.039376031895118666,0.061272554089274435,0.617831161537063,0.01340011305511015,8.087047892000902e-11,0.04149077363974064
2021-07-17,0.03146343985865401,0.00043688557742671227,0.0005530624703124255,-0.11735655537787083,0.30636322247498216,252876244.55675,-0.005738300082032563,0.03815179755478404,0.06096707706902215,0.580499103831334,0.012856295416249573,8.027478136687028e-11,0.04016183892730779
2021-07-18,0.0340701014718195,0.0001162269676621921,0.001044544846637885,-0.7997419195911908,0.6888392999291972,234796744.93148,-0.006777985030087408,0.03716778812036144,0.06040602447255723,0.6409040176794802,0.012302507345456008,7.448942841175625e-11,0.03905878822435891
2021-07-19,0.043440980179544446,0.00020168610590516787,0.0016854326530544052,-0.7862496941990407,0.46444987219809586,280628723.56080997,-0.05221273712860886,0.036682964364862375,0.059652656201586794,0.7074846710611857,0.011812493960146017,7.785814545660737e-11,0.038451662690930324
2021-07-20,0.025232631986194482,0.0004445207353141749,0.00019216498163654997,0.39635843393225606,0.6872735622020261,410333207.01983,-0.053119472593335264,0.03540422889551879,0.05916107331865809,0.7179420515755388,0.011511333668050829,7.927744452563825e-11,0.03714377724833727
2021-07-21,0.044551488348618766,0.001951813968029074,3.302114604803963e-05,0.9667265599909609,0.42112605562250394,350540672.36142004,0.09307798865751658,0.03511369770359991,0.056479162404299295,0.6688305994508835,0.011179449207688746,9.186805446518516e-11,0.03676955831129462
2021-07-22,0.03727186024410676,0.001315240227947389,7.395133810883695e-05,0.8935332751568924,0.8928197188313746,229542526.99423,0.02425734784927015,0.03534077739237467,0.05574263099073656,0.7177702647705398,0.011172201486564491,8.958760775728834e-11,0.036984387440785554
2021-07-23,0.04633383392774907,0.0020299064247579247,0.00011691774168630653,0.8910784185181253,0.9449801664971331,203284065.01022,0.029413885206293407,0.03590659591052466,0.05404093856807099,0.7826726099975183,0.011422992808989244,9.617559210344787e-11,0.0375972716346737
2021-07-24,0.020964681212444238,0.00025679205588473287,0.00018272580245467948,0.168517051183974,0.5714378860676168,221066605.46346998,0.013994071081008363,0.03552572410303878,0.05256850054241396,0.7230253797813626,0.011793422116902012,9.314663914801752e-11,0.037343524101368
2021-07-25,0.027720416518155763,0.0006910087147185392,7.741277722150364e-05,0.7985148046131332,0.663808548633184,173694372.17445,0.013330901422445798,0.034796244833675646,0.05048718281875146,0.7449380269986909,0.011779192344165829,9.008974220679472e-11,0.03664588536029931
2021-07-26,0.04230997291735958,8.427960360742576e-05,0.0017058542046602754,-0.9058398839034468,0.9075164482018316,534758609.39326,0.02667855885872591,0.03457738746844109,0.04934636182617356,0.7424359256302099,0.011584023606882293,8.42967155287718e-11,0.03637850115076013
2021-07-27,0.029760253926032213,0.0008686037414692992,1.706897227261656e-05,0.9614553502489624,0.6497344308458367,301256348.54817,0.027473221505964315,0.03381169439289643,0.047516501812631694,0.7357191364551733,0.011331025334637333,8.726551143829399e-11,0.035573991927473514
2021-07-28,0.031246706969954855,0.0007941445249763488,0.00018221217148987645,0.6267508132030729,0.3249299815363488,407611188.80087,0.042163535593932724,0.03403634497842796,0.0468574629038625,0.6809607374159367,0.011225696082282329,9.020020444437745e-11,0.035755954162799836
2021-07-29,0.02286276342921247,0.0003739705328949723,0.0001487354187251628,0.4309021419627801,0.5292682630253249,328424927.63624,0.006670476053496458,0.03348364856677012,0.046126092047823884,0.7024760886442835,0.01148601651826483,8.540173371286178e-11,0.035310069154333
2021-07-30,0.05673803778386271,0.0017157809023107338,0.001503424029252299,0.0659656274058105,0.4473692755057246,307992928.50807,0.02858532612354826,0.03402892036028773,0.045018528101552845,0.8396074066163229,0.012316183420407207,8.695353079164876e-11,0.03608923023597217
2021-07-31,0.015528732141960665,9.886752578372788e-05,0.0001422739961530344,-0.18000413209919766,0.47944671382428594,221168883.46953002,-0.007659700010782735,0.03392367807480058,0.04402752161083711,0.7205767718410341,0.012470814899246781,8.768083755227645e-11,0.036040690695248706
2021-08-01,0.0409593985689785,0,0.0016776723311324377,-1.0,0.8663050419665121,328602827.87505,-0.029022168308209202,0.03515880055718466,0.04352721258925133,0.7714923397245207,0.011769897565731574,9.145261092987157e-11,0.03698749863655605
2021-08-02,0.030743119002768573,0.000647913232516633,0.0002972261335017571,0.3710427389055048,0.6855213694527524,256207814.20412,0.007883843526620228,0.03452691651815333,0.042881962200819246,0.771444039999352,0.011626117027316828,9.208679021365248e-11,0.03634333579570017
2021-08-03,0.010987301994871876,4.274017903846966e-05,7.798062608804585e-05,-0.2919169319045228,0.5536131584324672,232817251.5441,-0.02044242439475449,0.033840143731370884,0.04258542512333733,0.7290810415349784,0.012578580748636842,9.379755783910052e-11,0.03599780135875774
2021-08-04,0.036609300320541514,0.0012626971988943469,7.754367106525448e-05,0.8842839778978061,0.836967898327546,241855328.12366998,0.029459936082053266,0.03431206394521592,0.04255751421709031,0.6380492064161621,0.012482806054256114,9.919724587634854e-11,0.03641041276727865
2021-08-05,0.030168536923532864,0.0007012063031591572,0.00020893431694740867,0.540874646550892,0.48275541307151904,353194039.26260996,0.00712741470197594,0.03432284898972426,0.042426640302453175,0.7064047603158246,0.012478938857217098,9.266940242837348e-11,0.03641931428857037
2021-08-06,0.035883619784661105,0.001153867043328774,0.00013376712552134781,0.7922280586250612,0.8961140293125306,394023953.04386,0.030379131865428902,0.03308796083385829,0.04211275686046233,0.6943584155011505,0.0107912050406667,8.768013620895797e-11,0.034723450508537514
2021-08-07,0.023804078591324905,0.00046230571035392313,0.00010432844722804954,0.6317608254565672,0.5026882186156846,476195623.2453,0.05249824190549038,0.03272322934493785,0.04167631306233673,0.6730113036182741,0.010976702408850628,9.184932613713063e-11,0.0344319649588236
2021-08-08,0.025050252881406724,6.291960956120961e-05,0.0005645955598612163,-0.7994642595839659,0.40289835858452366,369024600.85458,-0.04114245598750671,0.03229371274539438,0.04164776204219939,0.7512794522815847,0.011097175866043857,9.578372044181975e-11,0.03406122483646256
2021-08-09,0.07229551249063591,0.005153427059040592,7.321406724310023e-05,0.9719842761444164,0.5609109050448451,699358192.53195,0.10542061000597092,0.033667738093541594,0.041532549693599104,0.9152403388516704,0.013962775148307184,9.41019488481248e-11,0.03632068160145863
2021-08-10,0.028659595395145527,0.0005263282575670991,0.0002950441506463476,0.2815825131304492,0.4265187454149274,571077559.69121,-0.005905766231014044,0.03383092682730117,0.04090209570901163,0.9093507502036778,0.013879036409761378,8.842989940810954e-11,0.03644154931311757
2021-08-11,0.05364618544881814,0.002058360328764092,0.0008195528844448958,0.4304533710861547,0.5850764358698471,545409701.7318,0.03112327611060142,0.03426400764159638,0.0408686560591728,0.9830909849651295,0.01436371875481584,7.850309468078264e-11,0.037020454411993226
2021-08-12,0.045007547181894425,0.00017417923308833544,0.0018515000702421177,-0.8280288169978689,0.46485637875921654,611738567.88686,-0.031246032854308964,0.03463237368625293,0.04098058461727216,1.0873210308971168,0.01454279070454586,7.590311876481196e-11,0.037427569848183705
2021-08-13,0.06709923633097313,0.004173791758318666,0.0003285157578811191,0.8540678277975976,0.5519011707261565,695611288.99734,0.1030064413886793,0.03562120237212075,0.04152699920330869,1.2872054706752294,0.01601014491215246,7.606440214346822e-11,0.038897157460906495
2021-08-14,0.03529845940650914,0.0007610450282028605,0.0004849362082701134,0.2215995007391398,0.38159181441714757,563378181.60562,-0.002675477311923642,0.03630376323850479,0.041759771575883474,1.1031362853928577,0.015655672576765166,7.327613926625121e-11,0.03938771225325118
2021-08-15,0.036138533226081765,0.00044278607144051027,0.0008632075122921055,-0.32191692676621203,0.660958463383106,591738440.87909,0.010608014612193713,0.03670462593888222,0.041554621516483536,1.139416340496348,0.015532193386088753,7.047507638845048e-11,0.039711340289426834
2021-08-16,0.03648796373314007,0.00020827735398768605,0.0011230941434032591,-0.6871236099077652,0.6049377875511135,603655787.98805,-0.03765708586894875,0.03642738740630034,0.041179628525092174,1.0588592941625725,0.015479007671902847,7.106996897336548e-11,0.03943532329340271
2021-08-17,0.05862499369675269,0.0003797653982110805,0.003057124487733212,-0.7790063628374062,0.4375339453433046,535305879.93152,-0.0537770175171215,0.0378018988239537,0.04174706971634912,1.1268842961248966,0.01612544838436487,7.151115272572444e-11,0.04094668796453295
2021-08-18,0.058649444493607664,0.00199017478877729,0.0014495825506314769,0.15715999264027483,0.5785799963201375,459177518.6931,-0.012283262183227945,0.039106791086984775,0.0420917107733089,1.0776567324107473,0.016668073841871175,6.785924793295853e-11,0.04235488221900636
2021-08-19,0.05044012244792847,0.0023180681969310595,0.00022613775563095793,0.8222331369021152,0.7145820291922899,412223050.52331996,0.05276218563896672,0.04041999865930459,0.04224322831627362,1.1559737383127746,0.016408617980293038,7.298704595580468e-11,0.0434764068500682
2021-08-20,0.043234551866679884,0.0017592637235190902,0.00010996275159354271,0.8823441107242858,0.8221157556047721,395383307.40401,0.04452599702802845,0.03977697552039112,0.041911344915474796,1.222488796804695,0.01599658578486315,7.393005217553685e-11,0.04273070633853666
2021-08-21,0.0333498332850169,0.00026917898702729824,0.000843032393111123,-0.515957142977988,0.5015928502126341,414721501.31414,-0.02151448908287641,0.04062559938434618,0.041820330874505075,1.2538280887870286,0.01509308214731487,7.475120196612134e-11,0.04321334031578072
2021-08-22,0.05438386328820829,0.0019036165577652978,0.0010539880283852313,0.2872691411686985,0.39372548816263075,622433559.89447,0.03411471694908521,0.04126485960907141,0.04168118728885344,1.2317712701023527,0.015389313258770387,7.31554262388612e-11,0.043912890319908804
2021-08-23,0.026335463868395623,0.00023821698638062754,0.00045533967078294386,-0.31305688174096663,0.5799629135792808,538318851.1728799,0.006054941472825189,0.04105497126933936,0.04036383515961441,1.0735257324488907,0.015568997989447558,7.222573992685665e-11,0.04377626991025222
2021-08-24,0.05373696679841867,0.0001520440035765295,0.0027356175971178205,-0.8946940295635959,0.8254509039957605,510891608.80336,-0.07588890919965749,0.04309066959331778,0.039247075888425596,1.089717260350257,0.014173243845214217,7.511800178492123e-11,0.045256169665123934
2021-08-25,0.03822468603553607,0.0010945017258854346,0.00036662489662987144,0.4981613626357276,0.6617373166134649,393086526.06433,0.024703857452874976,0.04316759272260323,0.03899931397830542,1.0725935651165595,0.014140654528218216,7.231027604335606e-11,0.045319723710167285
2021-08-26,0.016370911233144738,4.0892443258160053e-07,0.000267597810170923,-0.9969484018139575,0.7380376339150286,441688949.62772,-0.058700801668932205,0.04251056292782285,0.038579653692905364,1.0008591024046232,0.015065164197134887,7.767793730438629e-11,0.04498110217740695
2021-08-27,0.032766371173477325,0.001033484776165103,4.0150303712983054e-05,0.9252067961163449,0.4509341174809954,350181777.07892,0.05011511297539746,0.04236212251776648,0.038275371748914475,0.8946457214040862,0.015148850810529099,8.082136596040717e-11,0.04486768458797637
2021-08-28,0.024791042780333904,0.0004585938009988868,0.00015600200113745908,0.492342770337209,0.7242707152011703,254262224.08517998,-0.0032939602704737236,0.042409120812481195,0.03776138257073436,0.8972989860060739,0.015089812922503401,7.618850199403397e-11,0.04489312874062193
2021-08-29,0.02510280682098276,0.0002261692161224835,0.00040398169416909507,-0.28217443653986873,0.5055192911428799,464296252.2647,-0.007594611806727118,0.04241162338103243,0.03729104141559609,0.7510665235584439,0.015086794154702028,7.165838372621398e-11,0.04489452661062387
2021-08-30,0.05656515000676464,0.0007141423860024955,0.00248547380928529,-0.553607468886897,0.7591518068591903,392191229.54833,-0.040893650856497224,0.04166255850084809,0.03733775365308402,0.8421851974815832,0.013870327290421126,6.944555480851187e-11,0.04380631829859619
2021-08-31,0.03705173260097556,0.0008074155851704919,0.0005654153035637027,0.17627829005939927,0.3680466357299976,467289746.73023,0.02494747964217487,0.04206218408207809,0.037099113268299344,0.9530051823552427,0.013595125111800282,7.149537195086239e-11,0.04410502749712065
2021-09-01,0.023863352726320862,0.0005694596033408053,0,1.0,0.2932335318628675,551745022.91685,0.053472302594056186,0.040643953952435356,0.03667388643254388,0.9069566221865079,0.013876811594252397,7.33930314205272e-11,0.04284071764276473
2021-09-02,0.041151372780059065,0.0009168879566941987,0.0007765475249891873,0.0828732084705724,0.3505246141328884,517846072.59790003,0.013490744776126898,0.04046032659996701,0.0368111592261982,0.9964585720843202,0.013841651688555697,7.22013277035853e-11,0.042655667311424714
2021-09-03,0.0900594926705909,0.007995408408083375,0.00011530381200083886,0.9715675248061898,0.4093740127920861,1726853780.81655,0.14977532919558376,0.04155367213994881,0.03769382347419807,1.3229408606361468,0.01666908620579546,6.928002328116997e-11,0.04462437393629198
2021-09-04,0.03186074206303236,0.0003256219551528531,0.0006894849296542265,-0.3584479427213474,0.6611457454244521,1405581257.02502,-0.004700803090592742,0.04138997131406896,0.03773981955187085,1.1989527616950422,0.01675027036899994,6.921313727170263e-11,0.04450101945416555
2021-09-05,0.05509443305030129,0.002963698825018505,7.169772811562621e-05,0.9527589052299632,0.5216020372596889,1106746778.17755,0.09126264260761352,0.04229263321046037,0.03793116799433941,1.2792314601684274,0.016962539682631114,7.228615679207691e-11,0.045416882927084214
2021-09-06,0.03139781828577608,0.00033287350287402234,0.0006529494902325921,-0.3246789632588275,0.5084982124930297,915221237.69986,-0.0574771679693751,0.042050245332014465,0.037685006735585294,1.32084135759375,0.01708555539723969,7.230614122360535e-11,0.045235368508858946
2021-09-07,0.15170787486826484,1.730460226527682e-05,0.022997974694779825,-0.9984962509433896,0.88942678737013,1501730030.45937,-0.20833683830515531,0.04648276348303885,0.03936545223329632,1.8205230850024796,0.029305124071103753,7.41285634449653e-11,0.05457602790423406
2021-09-08,0.07196430486636246,0.00358032300695889,0.0015985381679398697,0.3826680754881911,0.6814529925429649,998881748.53163,0.007766920837290262,0.047116804453170034,0.04008664683952759,1.6904300923402327,0.02972258787010721,7.322499401412558e-11,0.055329533615966806
2021-09-09,0.03731738835748281,0.0007035084641811017,0.0006890790096420915,0.010361614484004912,0.44179000106948435,619482607.37821,0.004221290427432018,0.046491912353625,0.04013185319323324,1.701772023661974,0.029787101583058955,6.745451573843237e-11,0.054831727266085296
2021-09-10,0.04085680769881756,7.424659425859155e-05,0.0015950321410795661,-0.9110435031767766,0.5740641275930152,515756434.05714,-0.03542389561390314,0.046378686440869656,0.04006152744051617,1.63414882619373,0.029804616420333684,6.536254521413975e-11,0.05474483531841812
2021-09-11,0.060939505737932026,0.0029889695972680702,0.0007246537623153802,0.6097322252967178,0.8019132813016274,490242743.89793,0.025175679021398237,0.04769248036719894,0.040747252608781905,1.7535539083062377,0.02980966495887815,6.533761856936629e-11,0.05586478098915876
2021-09-12,0.030675984188275076,0.0008488359372954335,9.218006862386892e-05,0.8040839517202135,0.8724577925201928,422757141.53371,0.02515821184617761,0.0465635337433926,0.040995731303216223,1.16666788436116,0.029991952342216435,6.556148698767143e-11,0.05499859750336016
2021-09-13,0.032418088820467754,0.0008170423750425405,0.0002338901077291961,0.5548903253759315,0.6492023811150989,3820134517.7046,-0.020520329500248072,0.04685318255063413,0.040811690112708944,0.9748531693373925,0.0298156846995781,6.528166570008589e-11,0.0551530926040793
2021-09-14,0.04282589120701421,0.001310693437341674,0.0005233635203333427,0.42928324211174324,0.6212200903513999,847133703.00281,0.020466857021719846,0.04633360752247201,0.041088140282386894,1.0091088751639905,0.029784781810248146,5.935871486065941e-11,0.054696361616898795
2021-09-15,0.02659461362924636,0.0007062977987442648,9.756753446313997e-07,0.9972410237895935,0.7195584458901176,512883262.78294003,0.03250265963216734,0.045779794550743935,0.04108648373952103,0.9416776924040569,0.030050039049023335,5.938379011565021e-11,0.054367216271884594
2021-09-16,0.029424510653601417,0.0003584837415815395,0.0005073180856223638,-0.17190347648200632,0.49792709649839,772176110.2763,-0.020560922975805578,0.046401394523146636,0.04107826881356458,0.7897602090515953,0.029542000366668635,5.432314608156831e-11,0.054628386742927394
2021-09-17,0.029161906881292624,3.8522493830059224e-05,0.0008118943191231229,-0.9094032638035814,0.8042963840319024,472906599.32597,-0.028736823210742002,0.04622975336637593,0.0405599455726669,0.7869429429777204,0.0296355049824294,5.040193999464609e-11,0.05453101133165152
2021-09-18,0.01313682019336173,8.423356740082032e-05,8.83424773918962e-05,-0.02380927199954751,0.48809536400022624,305043914.54162,0.007027669130434424,0.045674790386043926,0.04026904684782099,0.695801729734388,0.030161498108990832,5.088209465904757e-11,0.05433767235518283
2021-09-19,0.03276967233588695,0.0001707705225709567,0.0009030809024304378,-0.6819475793483536,0.5709711015528841,291593386.89875,-0.031762927822310785,0.046039879220086975,0.0402484051155046,0.6493702219102456,0.029945663993864696,5.529026515758556e-11,0.05453174518496325
2021-09-20,0.05269021415541905,0.00036169213850156205,0.0024145665292423604,-0.7394391648704083,0.6103818308389133,676135637.0644,-0.11101805995555543,0.045855358465260995,0.0403952183532169,0.7737158070472591,0.029889451704740173,5.814385002507242e-11,0.05434658545533261
2021-09-21,0.05461081692733688,3.5768287699954416e-05,0.00294657303777115,-0.9760132836610818,0.6295663890727534,528585697.21939,-0.057667384457883504,0.046691505337944875,0.04086153874910804,0.8946549563486935,0.029876461232277867,6.079670281964136e-11,0.05504720433213751
2021-09-22,0.04173621578759566,0.0017300588955810484,1.1852812687701187e-05,0.9863910293140157,0.7149020355098841,416580810.84095,0.08394187227746862,0.047542594055148435,0.04081685188306006,0.9482885926905614,0.02944509947856237,6.577704253039775e-11,0.055552009481203424
2021-09-23,0.03571326993903852,0.00087370147377381,0.00040173617596482217,0.3700418424261702,0.6537620537702417,316334127.88422,0.014391392292338018,0.047283636777004596,0.04079211235440818,1.0546927108713837,0.029527914444975222,6.670288187656944e-11,0.05537256630079267
2021-09-24,0.09483302489283468,0.0005404820219272627,0.00845282058839774,-0.8798034392155898,0.938604318262769,540569295.02376,-0.07477987151626225,0.04751094783520668,0.041561940782425415,1.327448343988891,0.029889831059656147,6.916013586815037e-11,0.05575077768566703
2021-09-25,0.016067422252134363,1.6005259638202495e-05,0.00024215679819018007,-0.8760061042832076,0.3495870183100994,376536535.21361,-0.007265073893939929,0.046758884987068684,0.04148420651321415,1.1598489613203466,0.030495843000972356,6.991966391355627e-11,0.055426566020237794
2021-09-26,0.06334656711232801,0.0026152409191675867,0.0013975466457490915,0.30345346064781764,0.5851746114518406,389047059.58745,-0.0014596605564036473,0.0471518437519271,0.04204970096708989,1.1864015715050584,0.03066134039402454,6.61716454776943e-11,0.055844844434632286
2021-09-27,0.03142158125517974,1.716139475888343e-08,0.000987298607181104,-0.9999652362591482,0.5480920930635019,310149485.72618,-0.03871888039112656,0.0471529753218987,0.041876869353404504,1.1339699935985796,0.03066073034689797,6.912583704060027e-11,0.05584548087781531
2021-09-28,0.03913851110937641,0.00030896177570192854,0.0012228612761568524,-0.5966090530795697,0.3941145176086091,331688472.63960004,-0.03176205578040203,0.041792529428618296,0.04202573057853695,1.1580400293171114,0.0191450912010055,6.707952642674527e-11,0.0457787724662117
2021-09-29,0.02335084242672282,0.0002470431215864165,0.000298218720451222,-0.09385508927887334,0.5339440310554368,358856800.90351,0.030177728614252754,0.03947760264577832,0.041900399395311046,0.8173790234224585,0.018231721698866613,7.071373848267575e-11,0.043301829305862835
2021-09-30,0.017254483643002503,0.0002553096312015864,4.240757458505453e-05,0.7151150571025718,0.46813443478058664,322083676.33288,0.05716225425532793,0.038522226230803064,0.041811379081244215,0.8307158320041353,0.018865241038161354,7.884050941136525e-11,0.04269557051737064
2021-10-01,0.047279559041546404,0.0022086936696611003,2.6663033501971924e-05,0.976144269534931,0.47588173447164756,409343323.95981,0.081031437737948,0.03882807153283777,0.04166124449803285,0.7493179565630728,0.01895682281866025,8.499628684231907e-11,0.043010089926780175
2021-10-02,0.033283005590650526,0.0007703162518813168,0.00033744220926595745,0.39076572899027456,0.6658857488606013,274219232.21874,0.016121677090714954,0.037511095335348174,0.041943058362297767,0.7515176169486332,0.01829293840373754,8.535046309039681e-11,0.041542496684988495
2021-10-03,0.030296860354417084,0.0006962232042855424,0.00022167654304950743,0.5169918203091267,0.43359106296183036,305023828.03987,0.009840685169858587,0.03749304181945018,0.04177381172397139,0.7118232934146475,0.018300206974659877,8.405294767901284e-11,0.0415292457986415
2021-10-04,0.04734835967474344,0.0016755813140250041,0.000566285849863867,0.4948087389071214,0.6662233772744048,359961271.07413,-0.01744935291712137,0.03820400709822521,0.042037386972732904,0.8190909569534945,0.018383020350604365,8.610551981936867e-11,0.042206509354544765
2021-10-05,0.050797091157189125,0.0019780222564709407,0.0006023222135608413,0.5331458876469912,0.5113744825308926,391838904.85693,0.03696423170795851,0.03858358804823354,0.04266928838800778,0.970046377713073,0.018564626284908008,8.944719368507032e-11,0.04262542589210919
2021-10-06,0.09233546775065314,0.007404135455601039,0.0011217031491308675,0.7368697201215342,0.8683993022043329,658017773.0339,0.02705703751767057,0.04171410491115767,0.04355383072816828,1.1487148054941827,0.02171708220903548,8.83875067935031e-11,0.04678931029361735
2021-10-07,0.05762871160722104,0.0026854807078959732,0.0006355876936122805,0.6172390226448633,0.8086195113224316,547340195.04399,0.00011192568146428296,0.04305716209942527,0.04398970651679825,1.2435275162535993,0.021791046232254464,8.712928034122354e-11,0.04802246363600749
2021-10-08,0.02953831079660124,0.0004767856214962456,0.00039572618322036396,0.0929035433534445,0.41463722534138947,486992052.47767997,-0.014883576132622226,0.04307508609539235,0.043888987326511586,1.260195275832881,0.02177919694827336,8.569098864695506e-11,0.048033417077453344
2021-10-09,0.012324852959698731,0.0001494878826456716,2.4141178325230075e-06,0.9682147986870053,0.9442216135133817,361014466.1914,0.02240722696320783,0.04303642098902744,0.043706777395850854,1.1080758363490828,0.021835652122289547,8.754952067288786e-11,0.04802316813618084
2021-10-10,0.02841227050914492,2.8248538203979418e-05,0.0007790085772808467,-0.9300135293647704,0.6374885955172345,431343701.41015,-0.029930372820207017,0.042828925663944487,0.043760142755021304,1.0155969162227803,0.021958448921720185,8.566665647036122e-11,0.04789081029504574
2021-10-11,0.04913354423624401,0.0008961841230831114,0.001517921046131836,-0.2575434289181816,0.32967289338368466,536999679.19811,0.02503875119442267,0.04265956042969806,0.04339249246526904,0.81508637079332,0.021892202275413025,8.006818841602403e-11,0.047710421356598844
2021-10-12,0.02310553493107803,0.00016850670138484047,0.00036535904306642667,-0.3687300481957697,0.6191427771065638,521140294.39795,-0.036783273063686096,0.041159308906066686,0.04330433277536322,0.6674058756717399,0.0221106670448485,7.823413001186964e-11,0.04647246744834563
2021-10-13,0.049916674544664204,0.0011651996030664132,0.0013264747945315142,-0.06472562852537098,0.5323628142626855,482695824.41386,0.029224156098592746,0.04154885456116519,0.043245134189583,0.7585120460410152,0.022193246622087083,7.152182589540654e-11,0.046855023380035735
2021-10-14,0.01959245610334716,0.00025368855391731166,0.0001301757822442737,0.32176151842625467,0.6292729096108384,483949819.15555,0.020874098488810996,0.0407811967594656,0.042841720045479065,0.7974739452850035,0.022678688266102774,7.14093734242855e-11,0.0463997558600107
2021-10-15,0.04329031448042652,0.001575180801794248,0.00029887052601997797,0.68104339343943,0.4497461175628275,727139752.8648801,0.04492111798206611,0.03832678197792235,0.04246380065102595,0.864903619287284,0.019032401827255938,6.776377481614792e-11,0.04259020284096744
2021-10-16,0.022632717568342627,0.00015989748796087526,0.00035234241656748977,-0.375692965162104,0.46334845779186096,371930833.08335,-0.019840548697759353,0.038639415088217985,0.04226275712978521,0.7515706205013963,0.018699489859188664,6.938521549060554e-11,0.042732005840069136
2021-10-17,0.01335443716132696,7.682130130816076e-06,0.00017065886176501443,-0.9138489693350677,0.5107845449251458,317904828.70588,-0.011997549876019656,0.03625883747150365,0.04190110481129704,0.7181955054047793,0.018578610042096325,7.100367035152109e-11,0.04053926034305916
2021-10-18,0.029222446875507676,0.00029682636160341874,0.0005571250397884497,-0.3048167351921504,0.6278643231284884,336132354.68535,0.009739282696794986,0.03615411678675736,0.041785779146890176,0.623626662760743,0.018613404406481657,6.643867663081322e-11,0.040460856948546085
2021-10-19,0.02538372722887631,0.00022195951173774,0.00042237409629225655,-0.31104164373370136,0.4618207499529593,406531977.64294,0.01687172962553656,0.03549912707816212,0.04125813999660642,0.6565770197396593,0.018744681794917954,6.3855005615671e-11,0.03993519178523656
2021-10-20,0.0785508009896793,0.006170228336120203,0,1.0,0.9246031860362841,706299938.70254,0.09406763850334549,0.038127696533541,0.04157403454416312,0.8144525699708126,0.020722006169105606,6.619260704348514e-11,0.043158719747704404
2021-10-21,0.03552171350139055,0,0.0012617921300748715,-1.0,0.6891378283528461,847468230.35645,-0.052430165678133966,0.038997564622035664,0.041337234402154574,0.8831995165898606,0.02017825666939555,6.06873885905678e-11,0.04368733706680806
2021-10-22,0.0344675370889383,4.776023664417622e-06,0.0011832350893129194,-0.9919596313329963,0.7971235484850987,506112616.41076,-0.029892969981622493,0.03838746833857814,0.04119807543742852,0.9824072236835203,0.020108896035373337,5.4073539230688564e-11,0.04311275705004549
2021-10-23,0.014231558420698643,0.00016735067498752535,3.518658009423309e-05,0.6525421450979053,0.4676447134847744,333278385.91222,0.027196763587206314,0.03748025656858043,0.04089461075704252,0.9246325313625181,0.020769596459893885,5.515985088883549e-11,0.04260990552370237
2021-10-24,0.029819895886914558,8.228873263086384e-05,0.0008069374580755601,-0.8149205826573965,0.4696590077845762,404122909.29286,-0.030811431895716737,0.03745754397488983,0.04050470651257754,0.9497015190301712,0.02077810368349351,5.7254170129796884e-11,0.042593880326642415
2021-10-25,0.014075759215274623,0.00010278827518166067,9.533872230472783e-05,0.03759988780652989,0.4812000560967351,292037982.81629,0.02667930001187874,0.03587313442920084,0.04031010802602006,0.6323605162700874,0.021249416522811582,5.929607215998684e-11,0.04143570538769016
2021-10-26,0.022981841724482626,0.0003708708727130594,0.00015729417633611115,0.4043749141701819,0.6612575437743371,396740616.91403,0.010322213023933206,0.0345485987419291,0.03982193143754488,0.5727710487743635,0.021139267612496213,5.6042846357371754e-11,0.040239220313083295
2021-10-27,0.0774760543388055,0.00015549771185602946,0.005847041284053512,-0.9481893538844167,0.5915677849843237,892940647.8806701,-0.0983441611774408,0.033841007627079214,0.04044496902966028,0.7691757332738455,0.01927472766233402,5.932932982897385e-11,0.038717408580317185
2021-10-28,0.039028265213320555,0.0012809892654579717,0.00024221622010331571,0.6819651420647802,0.46725042860434124,477781170.11504,0.05852474378412446,0.03295527208451253,0.04080460956902814,0.8844674845186995,0.018540334723628055,6.515258172884212e-11,0.03759554770671948
2021-10-29,0.0261722833640844,0.0005080931610354397,0.00017689525545448931,0.48350876833523765,0.598629218851678,391652790.48196,0.03568298318297107,0.03279498506391648,0.040699941508561585,0.8775950921355158,0.01858584678500462,6.803574649548566e-11,0.03747659966184991
2021-10-30,0.013414066909003446,4.913766292546064e-05,0.00013079952811376064,-0.4538353895415651,0.37935054129420875,264858099.19787002,-0.03300152307316453,0.03284685239483576,0.040519354589969046,0.8828555660747508,0.01852729230062544,7.101352631977439e-11,0.037494406666713685
2021-10-31,0.01936180394178905,0.00011610647338357849,0.0002587729784966995,-0.3805663511231424,0.5685756569895869,276893507.88053,0.00836693685129639,0.03241587779639024,0.04042822756014057,0.8666109614889593,0.018739652736832934,6.914821578398422e-11,0.03721882747664555
2021-11-01,0.03825168273701449,0.0013187692570239028,0.00014442197518930978,0.8025931648444091,0.5608706182892076,418100328.23658,0.02940407337828553,0.03189769391547455,0.040137537603477866,0.6736743989576424,0.018401669947085437,7.027681902429196e-11,0.03660545728014614
2021-11-02,0.023180956299814405,0.0005028288079156966,3.452792705820852e-05,0.8714897392701879,0.7585561465900775,370635765.84008,0.01679700550800372,0.0319012854092239,0.039917366551078484,0.6121783922769543,0.01839987543572963,6.907382639976791e-11,0.036607727877219304
2021-11-03,0.05108591403357937,0.002026492668213694,0.0005832779444325677,0.5530044352510092,0.4148813253601803,517639872.11561,0.031133204641262006,0.031956963480124626,0.04034947069881275,0.732901791746355,0.018458790520726524,6.905482156562935e-11,0.036684456785136606
2021-11-04,0.025409617940128824,0.00022459084298819058,0.00042105784087512595,-0.30429396480970344,0.32651353011021894,339399992.10456,-0.022618561134351838,0.03223397118663803,0.04009960157436941,0.8034357685023341,0.01830698533627555,7.017434592882393e-11,0.03685397252589855
2021-11-05,0.012473210209055417,1.5583553736881455e-05,0.00013999741918240287,-0.7996727563213499,0.4515422339282199,260268524.65551,-0.01911361756512188,0.03076649003085846,0.03886807328132917,0.7744878276633074,0.018609051117186602,7.072959522156916e-11,0.035726507935677415
2021-11-06,0.02829834454494573,0.0002028373208841002,0.0005979589831003596,-0.4934109463920891,0.5024544921384446,231262381.6483,-0.006251280692226684,0.031036281791649085,0.03881152728897858,0.763676011478145,0.018526117534214948,6.947656622151199e-11,0.0359182982643179
2021-11-07,0.01733650901149317,0.0002546588783439709,4.589566636161298e-05,0.6945934295781734,0.7082585043287439,213032064.55277,0.0227492749456133,0.031225904260704616,0.03821219516137845,0.7504736453176366,0.018355682597266432,7.276459446608907e-11,0.03599922003593193
2021-11-08,0.0646755222571766,0.00417697329684346,5.949882395085974e-06,0.9971551557893211,0.5246756664628864,950680400.0648401,0.1253783136520765,0.032914145945545994,0.03874041268473402,0.8158709887594933,0.019740353866043333,7.766498349004301e-11,0.038137465946326186
2021-11-09,0.06904805691385539,0.0043901201424788715,0.00037751402110014124,0.8416346522625194,0.8975886657204342,2732095401.29992,0.13483886720607507,0.034993399740068806,0.037428352082283074,1.0426352034240014,0.021156316441865292,7.803889016014169e-11,0.040630209872821524
2021-11-10,0.11003632264585866,0.006341864228250293,0.005766128073173215,0.04755009259540001,0.40909767918351697,3000321000.31708,-0.008225775697789048,0.036492710295124964,0.038032669824814756,1.5386896172395175,0.02513839792771308,7.182736315003863e-11,0.043972316510777175
2021-11-11,0.034485629017387893,0.001048383817173286,0.0001408747915516201,0.763088044066946,0.8183646995806807,1431979623.62364,0.00807335409935368,0.03644337293874389,0.03798772126386087,1.568938617542105,0.02514141546358673,6.914979533567039e-11,0.04393302450454357
2021-11-12,0.0554710609809299,6.335972460517953e-09,0.003077032270377583,-0.999995881772528,0.5969039164175785,1912794347.9258301,-0.0432276630702873,0.03744354074312444,0.03821969353818012,1.753475184903147,0.025474455211842724,6.74133834814129e-11,0.044945125789983394
2021-11-13,0.06067923656156914,0.0030946030098614992,0.0005873667398333703,0.6809497199796134,0.7741749843244192,910942812.92177,0.025617241797976364,0.03965533494030875,0.03821556228141246,1.7190388169904056,0.02537452078232182,6.48666185747469e-11,0.046752022351184704
2021-11-14,0.06724056372160514,0.004309390931684297,0.00021190247791494458,0.906264664237428,0.7193668315315127,1126558474.64117,0.08113713084736796,0.04143727150386545,0.038795952432735155,1.6799483359612224,0.02595655391991175,6.466563742834914e-11,0.048566523200428015
2021-11-15,0.03034205246741309,1.119748828895877e-06,0.0009195203991063527,-0.9975674560111089,0.429720999258758,1038327531.09424,-0.06119694977596921,0.04221185689682442,0.038762999474750155,1.271164248377785,0.025334468344079358,6.312194310709925e-11,0.04891944975052689
2021-11-16,0.04705561105854346,8.08565096989613e-05,0.002133374022393956,-0.9269664937529927,0.786406714507744,1599607256.69032,-0.133102418978103,0.04335822686511303,0.03883013788509189,1.325415652228445,0.024962748997461977,6.584536698725995e-11,0.04973330268964869
2021-11-17,0.042873570225112276,0.0011637091571093498,0.000674433866738284,0.26617911882988626,0.3669104405850569,902187882.83494,-0.0024344662721203906,0.04171048952636573,0.039088534021534206,1.2457021228058087,0.023708616245631343,6.072933092535662e-11,0.047697975075699305
2021-11-18,0.04079340765316602,0,0.001664102107957384,-1.0,0.4832549675888306,1176268684.28153,-0.1176524617840298,0.041794543928263136,0.039268992704066974,1.142059871548981,0.023701759459538976,5.965928226031325e-11,0.047768255037140245
2021-11-19,0.04690410974352614,0.0021962888024990327,3.7067083337111863e-06,0.9966302582751106,0.6647952174914522,747300725.5753,0.06487506180862772,0.0427817737558556,0.03955061497172148,1.042845396530531,0.023448937705000693,5.945470162615328e-11,0.048517516262294176
2021-11-20,0.0664194978410865,0.0026344482764472047,0.00177710141701489,0.19434142625728562,0.5714484903626719,637228845.70792,0.039185418620400855,0.04530584189547861,0.0403963717597806,1.21774439044846,0.02297775453009308,5.644959253428795e-11,0.05055150582841437
2021-11-21,0.027250418183656897,0.0003204258739790177,0.0004221594172051608,-0.13699913590250581,0.37398528968446537,491826760.68835,-0.023703821563033512,0.04568149019271041,0.04030876455101504,1.1257008234932864,0.022593678253515645,5.730570225830747e-11,0.0507243979105896
2021-11-22,0.04380713552881261,0.00015497937333211172,0.0017640857499076445,-0.8384845084668349,0.9144734849931762,655884221.43604,-0.05725672801759642,0.04594603556374841,0.04016776330297367,1.1265728288398804,0.022534781380928667,5.8113759957740124e-11,0.050937931091838626
2021-11-23,0.03123895748415917,0.0006010836858748949,0.0003747887788222091,0.23188983728824064,0.3840550813558797,489644445.0174,0.034135895478240884,0.046329749905860064,0.039796781407050216,1.1081524328922108,0.022193788296331632,5.92754856554276e-11,0.051142492365275766
2021-11-24,0.02876094062308972,0.0005926457327088416,0.00023454597281605103,0.4329102401547404,0.5348248775187265,390625582.82326,-0.018614518955422942,0.04526665593393199,0.03959082465840727,1.0094202938936534,0.022487322202294498,5.86806557330752e-11,0.05030576324308546
2021-11-25,0.03523021340526812,0.0009078372791521724,0.00033333065742856114,0.4628758162302411,0.4791018266505346,602398085.37358,0.0496933901818864,0.04573430333703386,0.039583157094379165,0.8602970321184533,0.02215336186831898,5.94354092329252e-11,0.05058683499807611
2021-11-26,0.10844766830804937,0.0007208722548878846,0.011040024506564812,-0.8774120257137871,0.8856300953758363,907425830.49617,-0.13163866371714855,0.050304515627462146,0.03979926254541432,1.239222497677719,0.024701691261250023,6.284636957973413e-11,0.055782272813957985
2021-11-27,0.012575268811073586,1.1322885649203614e-05,0.0001468145000215565,-0.8567968529241061,0.5885283842136364,314406088.93016,-0.002917468480112642,0.04955579773537299,0.039743831538413356,1.094973061523143,0.025623156884760193,6.200104492924019e-11,0.055507289202922264
2021-11-28,0.050125247893471114,0.0025089909674773747,3.549508904555621e-06,0.9971745657927336,0.9861877521125604,463405773.79857004,0.022603840945572884,0.05111716625356243,0.039533969328590234,1.1773011934250526,0.02453769526441822,5.923864540223369e-11,0.056448133875886534
2021-11-29,0.039988090780408006,0.0012943959421788346,0.00030465146208331743,0.6189588110129947,0.6160933541963397,466909629.64685,0.029975332665965776,0.0499415742784782,0.03966994567026052,1.2219232895983478,0.024446855354856935,5.601563182023627e-11,0.05534753937168034
2021-11-30,0.03836953990211492,0.0011339156723558206,0.0003383059199441685,0.5404144026774562,0.6936480428794577,679444363.80574,0.01165644017162757,0.04848069251601437,0.03965773977808177,1.2420677475221351,0.024162999968687475,5.4482403095662695e-11,0.053911276244803935
2021-12-01,0.03461984043503494,0.00041453149607516293,0.000784001855672117,-0.308268734498145,0.3523367862879391,459228955.23687,0.0037910643576436684,0.0448894314583561,0.039836612762340684,0.874059862665522,0.01976005907606947,5.474495784572189e-11,0.048856193682284374
2021-12-02,0.014910913672811523,0.00011665332935818433,0.0001056820171998533,0.049345784771415636,0.4740195745488128,373061399.21322,-0.025565922255695362,0.04395730215623341,0.03979941323900432,0.8913667328189294,0.02071403503838549,5.773982301344482e-11,0.04838267971346559
2021-12-03,0.06628827080738496,0.0004920767780410315,0.0039020580685921735,-0.776030187868239,0.497392466313789,591661299.83987,-0.07964151719683846,0.0444724073860646,0.04010113882258906,0.9646757821838591,0.021144690194823002,6.307350780849437e-11,0.049026549591427576
2021-12-04,0.16442947852622397,0.004822911491684337,0.02221414191672162,-0.6432369002026773,0.8116048754062589,1140601561.47323,-0.1439157177999982,0.04941289509866722,0.042182828869185465,1.5117840111778016,0.03358304578034594,6.77427267317153e-11,0.059293755200119605
2021-12-05,0.058458426972957875,0.0007934379739374148,0.0026239497102152343,-0.5356464953526922,0.6844208276893493,511484625.65242,-0.040757992472167756,0.04899469811063639,0.04262983786313056,1.6289215336949234,0.03340414831493163,6.810765738968184e-11,0.05884881023797108
2021-12-06,0.07613099528463078,0.0034797206383437437,0.002316207804684732,0.20074658358809133,0.49859789797810466,524723226.59061,0.03130471340277376,0.051175123959075336,0.04308670509503353,1.8150992301973896,0.0336194590477385,6.814201336933724e-11,0.0607893004722489
2021-12-07,0.039204525946518964,0.0012738581754234226,0.0002631366792678562,0.6575958878916224,0.8197121747554714,418314454.91501,0.00309578601528523,0.05080126276326464,0.04290269612343559,1.923675655231491,0.03371108878946473,6.453206967593503e-11,0.06052346432528341
2021-12-08,0.06476864192980827,0.002790857488238224,0.0014041194891934953,0.33057106308452927,0.451378002707813,479681692.62388,0.020013520283315184,0.051843885225393016,0.04246512745961266,1.8774298788559778,0.03379213016787842,6.639036010640116e-11,0.06144363207200371
2021-12-09,0.038381974659935134,0.0001806486730286866,0.0012925273057672161,-0.7547493637843057,0.4432787044370502,355356223.50399,-0.08766719964342534,0.05172905508285822,0.042159623698544625,1.285234503260235,0.03383562789572595,7.337514808265195e-11,0.06136960323941732
2021-12-10,0.055458381124716544,0.0011493888288786858,0.0019262432080956308,-0.25258365431164614,0.3607386558832003,380341981.82949,-0.019710008363480677,0.05213640133910538,0.04257105338629249,1.268209947182206,0.03382612712589001,7.170892343520718e-11,0.06170838824016403
2021-12-11,0.04338619149203587,0.0012774570777475047,0.0006049045344361007,0.3572918927788904,0.3213540536105548,312735527.1432,0.06410817951562989,0.05103957722724582,0.04306409050585339,1.107951195429887,0.03371307859543593,7.85421708614957e-11,0.06072468733158604
2021-12-12,0.027818015155575335,0.0006299674726001865,0.0001438744945956327,0.6281553580843063,0.7477572593202808,202656805.60391,0.005682192193615742,0.05106660565448004,0.043054657881193566,1.0646533433359322,0.03369327446496899,7.758231502605684e-11,0.06073694151554141
2021-12-13,0.05390932318522001,8.075979292135611e-05,0.002825455333367143,-0.9444227014092422,0.8889979276442128,364035808.43609,-0.09461789871056382,0.05154766220954706,0.043130463896256674,1.0010828555158944,0.033656541931915786,8.580215828416312e-11,0.06112268979409053
2021-12-14,0.0440288412973008,0.0012749133175684814,0.0006636255484144194,0.3153342859825096,0.3420933871089405,309930383.70039,0.0389624414686731,0.05215670429588713,0.043462579870323696,1.0266121181304328,0.03338529309371265,8.846872239424499e-11,0.06149654026747118
2021-12-15,0.07715628926612896,0.0038116171596355207,0.002141475813683046,0.28055018684202576,0.6067890419546027,361317059.25652,0.021993380069718144,0.05446124470746043,0.04389495470717235,1.1028846959572356,0.033359889353258385,8.909810011388207e-11,0.06345009851395274
2021-12-16,0.03572598883546305,0.00026974157068671906,0.0010066047075849116,-0.5773222748735701,0.6407592071405657,219850134.58033,-0.03135799700076087,0.05448485306127923,0.044151042528317044,1.0597368811530374,0.0333457717682725,9.196195264267065e-11,0.063463297744117
2021-12-17,0.020244885362795367,0,0.00040985538335272607,-1.0,0.5116974948491745,280891655.76525,-0.033484508505669384,0.05028472054007667,0.04378524206613242,1.029526769659007,0.031724388471617244,9.073050880805734e-11,0.0590513706923804
2021-12-18,0.014229002765837384,0.0001885202834905361,1.3944236219671804e-05,0.8622550139685659,0.6722931526156033,181889139.19855002,0.03166184676987098,0.0503634697760178,0.043651849767679954,0.8562749404099537,0.03162800838038163,9.857779083887674e-11,0.05906924069730001
2021-12-19,0.02304912794079076,0.0003415283001261605,0.00018973399870478086,0.28572383501597526,0.6428619175079876,429916435.26491,0.031081657771870434,0.04907413073065207,0.04380573374830637,0.7785198433434858,0.032185186424630294,9.969775907583103e-11,0.058265157827574646
2021-12-20,0.040696450093976266,0.0005044160038080322,0.001151785046443469,-0.39087587979559074,0.5307812950618334,371593612.37091,-0.004185200982091674,0.04910786212653627,0.043987860783520155,0.610744848839529,0.0321755575093023,9.717696921915732e-11,0.05828850846317954
2021-12-21,0.015137697337359712,0.0001861819487552239,4.296793192228337e-05,0.624979670115962,0.7457098210058157,265873962.03145,0.013796912854627683,0.04800158390916698,0.04382522538841672,0.5206937570852431,0.032953216588762595,9.883110443641473e-11,0.0577785109520184
2021-12-22,0.016969085190786593,8.419214462594659e-05,0.0002037577075862263,-0.4152305064292204,0.6383535740892223,248564801.829,0.0037414570803385103,0.04716107175467896,0.04284773783605334,0.5051174253618359,0.03353162605280132,9.91547691260492e-11,0.05740204882063905
2021-12-23,0.048555305724142114,0.00198637131869186,0.0003712463952730477,0.6850665032977661,0.7694330984671351,310843389.34448,0.05236798551731594,0.04876318566188517,0.04305462025228749,0.6579131575850039,0.03270731413502897,1.0391384420405487e-10,0.05828100309312366
2021-12-24,0.012894922707972952,0,0.0001662790316445965,-1.0,0.5603307719461753,242447939.12869,-0.014835149423353762,0.046220645276198895,0.042712197801795984,0.6119255106747249,0.03334592695716639,1.0041776839736885e-10,0.056527416836083
2021-12-25,0.026653000586296112,0.00015162000836338788,0.0005587624318897131,-0.5731313169583205,0.5357938728120897,222072619.79689002,-0.0213094049766195,0.03965986061239281,0.042909363550456256,0.5471526893173314,0.019678236137329583,9.897879910150341e-11,0.044064700789598135
2021-12-26,0.01818208751944783,0.0002494130122074346,8.117529435742599e-05,0.5089040190143592,0.49534261719518635,343505120.28962,-0.013391349205120964,0.03774193968603518,0.04272463643351234,0.5739172859765698,0.019717151613601,9.704064476678702e-11,0.04236398717218448
2021-12-27,0.026022844148067315,0.0002240899051719364,0.00045309851238266487,-0.3381756115051446,0.6441095392383112,316226173.89849997,0.0007700699860750101,0.03535583725096073,0.04291427270228682,0.6191996672870775,0.01777551094076692,9.43156785819134e-11,0.03938220263142281
2021-12-28,0.03748527929995488,0.00026325479137977533,0.0011418913728158504,-0.6252990641290683,0.6522889743014133,405279502.96648,-0.06849355974802009,0.03527396836302911,0.04314448599713559,0.5648997885095437,0.01776085182368819,1.020110427241901e-10,0.03930240927769218
2021-12-29,0.025730637852030325,0.00017090102128708244,0.0004911647029852533,-0.4837339707476426,0.3431966814050467,282830075.32907,-0.0005496393130472745,0.033415015787896823,0.04232313017988519,0.6217334759915263,0.016518969005787032,1.0011679765065994e-10,0.03710047851218577
2021-12-30,0.01845276678030029,0.00030517688263287704,3.5327719215276774e-05,0.7924978457058799,0.5359189860369813,202952229.60650998,0.016156321296243985,0.0324660058888666,0.04199653496666265,0.5839120912768152,0.016789597880316028,9.21598556137915e-11,0.036366313720221234
2021-12-31,0.05009088235523799,0.0005667803348366906,0.0019423161602896016,-0.5482195794879843,0.7709020517414024,210426945.73866,-0.011698426277476403,0.032210410709367615,0.04237619526810953,0.7285984456732588,0.016459688612351586,9.233947273718505e-11,0.035993484002697036
2022-01-01,0.014726495024567972,0.00020197336926330267,1.4896286445322578e-05,0.8626245207366728,0.6569973424593271,134002354.75101,0.030649352891799424,0.03084566325853581,0.04239702746042008,0.6786427014852587,0.016673486390354698,9.346951178060504e-11,0.034874370960174816
2022-01-02,0.014103257382263996,0.00016187681699431718,3.7025051796066716e-05,0.6277053401133581,0.8111258978444463,147557205.66747,0.0026502367595914564,0.030192579555044792,0.04231355846741175,0.5785789823538353,0.017062074294877293,9.298961864960512e-11,0.034479612090970745
2022-01-03,0.01592161781942094,4.432226671024277e-05,0.00020917564727745963,-0.6503145448968632,0.6894757278057251,187116782.09575,-0.01815925458879346,0.028383641204292456,0.04195911299252931,0.5344634885044652,0.016423681968768696,8.523409453060813e-11,0.03259637683380466
2022-01-04,0.024393226561476345,0.00013401508301617471,0.00046101441906334033,-0.5495514674555884,0.7198018713205282,196223305.22452,-0.013496762918654438,0.027448611931157958,0.04197835537763506,0.5598637802589581,0.01604297016877253,8.252310138620798e-11,0.03159979661825445
2022-01-05,0.07003739063872412,6.203833559320944e-05,0.0048431977518880315,-0.9747052600581084,0.5682004837097021,326509106.97928,-0.07985494790307572,0.0271096167584244,0.042279172466605605,0.6430197680671971,0.014980112566695031,9.127080880947838e-11,0.030800149340066696
2022-01-06,0.03323264503382399,0.0006890614297514695,0.0004153472661926769,0.2478377475331245,0.37708906846014234,298795310.76067,0.00486906162985134,0.02699088610120349,0.04240334749983886,0.7240866341357733,0.014918158434203957,8.525471975446676e-11,0.030666947931772645
2022-01-07,0.03749053597944773,0.0008753785624929191,0.0005301617255333457,0.24561148470837893,0.3942889498824967,382174617.24726,-0.03368329805903783,0.027812107559139314,0.04280044790889271,0.8402188627023341,0.015002667503848882,8.37750992914002e-11,0.03143048301154901
2022-01-08,0.04537588364392482,0.00048262828848638043,0.0015763425279806237,-0.5311946292521775,0.49717027964634064,247063838.46331,-0.01503326363731794,0.029295292362857765,0.04307151995808285,0.9859159991870088,0.015131737439484467,7.838345482910139e-11,0.03280671157079896
2022-01-09,0.027218537452851594,0.0005530626831785412,0.00018778609789374368,0.4930514763837579,0.7449646118569184,164652967.15836,0.011219667374792495,0.0294938356729559,0.04322837755239013,1.0325177941103159,0.015072922893972785,7.818556558502771e-11,0.032958468301299344
2022-01-10,0.04346974894327567,0.00023510753495893105,0.0016545115382324848,-0.7511588041267457,0.8003745790380118,309122634.83448,-0.034597456934126594,0.029625897522922533,0.042891777975979005,0.9006820706155083,0.015187694733319268,8.297883305145443e-11,0.03312666262570489
2022-01-11,0.021253735529742513,0.00039280781114676,5.891346282147931e-05,0.7391601139174084,0.6893697686587915,198783463.11034,0.03947013598406359,0.029917137436845525,0.042133137954008956,0.8546715477351344,0.01495280131553329,8.996291718080879e-11,0.03328624963093653
2022-01-12,0.03960744396343347,0.0015687496173165225,0,1.0,0.44522209782928335,207761910.3154,0.07581714703853452,0.03099515452125728,0.04101521924476411,0.8725123191565908,0.014787783454136876,1.0662344042983139e-10,0.03419012839253447
2022-01-13,0.020902677586369288,4.397740020758583e-05,0.0003929445300721191,-0.7986944707516387,0.7763968822034546,233148084.67505,-0.03733652135466024,0.02967836270517286,0.04079961684109715,0.7664169326237168,0.0143712511906878,1.0622678137716335e-10,0.03282534349421163
2022-01-14,0.04370915647376346,0.0019070625138301143,3.4278458178239425e-06,0.9964115539233022,0.9874688523403511,382822267.16604,0.05731290359717855,0.031145707170210507,0.040612919944158,0.8445899027928185,0.014143234135079242,1.1044213899727339e-10,0.03406700541284566
2022-01-15,0.027894489272505263,0.00045419139899376923,0.000323911132780142,0.1674332891792749,0.5340450513520509,285602349.58248997,0.019503132978573604,0.031204825679077612,0.04009252713004587,0.7728947605900278,0.01412610003929379,1.0912455791651981e-10,0.034114302338780884
2022-01-16,0.014263893254558868,9.18733014470575e-05,0.00011158534933039248,-0.09688478621091759,0.5438975710270884,195623140.70909,-0.008234419933064539,0.03101824499979718,0.03925162759882292,0.7466402639913854,0.014331096380411823,1.0927259875764188e-10,0.034025458570444235
2022-01-17,0.03225340435494794,0.0007359130954314526,0.00030436899705232195,0.41483372779086986,0.5781520576379705,623481907.44336,0.03194300429586556,0.03131493834298197,0.03928196651767268,0.7117124813937841,0.014286933702720325,1.1159631601494617e-10,0.034278593989918026
2022-01-18,0.03162236797944646,1.6880580427667136e-05,0.0009830935761998537,-0.9662379666198614,0.807239532696795,484709755.54804003,-0.06670735048904133,0.03103575208962443,0.03903699440530606,0.7716209809527085,0.014217443605882977,1.1010203135620437e-10,0.03399600124725485
2022-01-19,0.032521954246437404,0.0005011666700693713,0.0005565108379379967,-0.052326127245432404,0.45504397345126835,305121949.51436,-0.036973187664647654,0.03135914810840572,0.03887268304056519,0.7245199482461948,0.014167890331347877,1.1577973425478882e-10,0.034271952923224096
2022-01-20,0.09005640897533794,0.0008004170421995327,0.0073097397553337955,-0.8026136701961234,0.8945661513733905,290553580.24911,-0.04990311807469256,0.03476884535578847,0.03965463544250443,1.0216096322576378,0.01877395715002732,1.2016760749302348e-10,0.03930076583301474
2022-01-21,0.06368586251619708,0.0006678770980370166,0.0033880119863949404,-0.6706630363238567,0.6165920721311186,503465120.79666,-0.12406284051693822,0.03541622536345318,0.03992101247064206,1.2625114509089068,0.01954719581769122,1.2925447318994805e-10,0.04022694352083433
2022-01-22,0.07210838108956316,0.000533515541531556,0.004666103081826113,-0.7947866641084393,0.8911515060458761,696689819.96796,-0.05494605194801695,0.03814869612845295,0.04001131220474487,1.4389333641361481,0.020497941739261862,1.2211851200363562e-10,0.04307529158801639
2022-01-23,0.05559557733132196,0.0025459695753696026,0.0005448986434333979,0.6474138624749128,0.6920103120862345,310881841.07603,0.034645706863296474,0.040124520887931905,0.040461235365818915,1.5407900974895867,0.020059338594592545,1.2657006374510023e-10,0.04464519491195631
2022-01-24,0.07711406064760702,0.0028412014353003914,0.003105376914262423,-0.04442478740424795,0.3785493799232866,525884087.62637,-0.02445197838439496,0.04303844673689315,0.040989916716910886,1.72999218243403,0.020798649704753567,1.2416288234207812e-10,0.047584582556614796
2022-01-25,0.015056554601135337,8.568818626809386e-05,0.00014101165018887583,-0.2440383936107648,0.486010043894678,232324182.77144,-0.01565121250772565,0.042593843310210246,0.04073305317908511,1.4215078576733473,0.02131063997934007,1.240955164646836e-10,0.0473999260463611
2022-01-26,0.044211269009737965,0.00045574403474383103,0.0014988922727075858,-0.5336789427204901,0.763051741004045,291279726.08267003,-0.008011221234632432,0.041364027994544236,0.04097829648680969,1.3066120478788112,0.02037225311861513,1.1375892820091025e-10,0.0458938801777591
2022-01-27,0.0320757483248837,0.0008186605881448128,0.00021019304245646652,0.591403410155386,0.47678325218039186,214849712.63814,-0.000748503028958129,0.041308937675070885,0.040928225612517875,1.1168549750391301,0.02039689064433244,1.1314884258020145e-10,0.04585466582056931
2022-01-28,0.026264282772142506,0.00038722667075693536,0.0003025858787781263,0.12270114835669128,0.4386494258216544,173063990.04142,0.02312990522509302,0.04077435418900873,0.03962372742940824,0.9762102739321169,0.02064754590647665,1.1531615469485981e-10,0.04548151387382132
2022-01-29,0.020970974394011875,0.0003284652656386428,0.00011131650139565883,0.49376481819003437,0.637273305623235,131236312.45518,0.012630216509550875,0.039612215653298595,0.03975699259739139,0.6998319131251103,0.021058324876022085,1.1700151509557884e-10,0.04462582059531707
2022-01-30,0.030095473096661517,0.00032607372992293174,0.0005796637709889453,-0.279981827859291,0.5768191158810466,137359918.03085,-0.021447319919699157,0.039749212588718115,0.03943905966410869,0.777259333365881,0.02098288818283637,1.2119190934301824e-10,0.04471370827394336
2022-01-31,0.029143092824111236,0.0008243757326141238,2.494412674064e-05,0.9412609361104773,0.7132028678004927,200622087.89747,0.009365599630133958,0.0390669908687579,0.03926691683940557,0.6968372853213556,0.021088510330965753,1.180853061570633e-10,0.044156286639679805
2022-02-01,0.029931802170799715,0.0008121433177858507,8.376946340603992e-05,0.8129963872273459,0.6709241890827455,232140956.73275,0.04990788847756728,0.039480232137379674,0.03913298449446406,0.6966701003557031,0.020805118157669035,1.188677413460615e-10,0.04439515318522986
2022-02-02,0.05214568440929075,0.00026367216854810777,0.002455500233965241,-0.8060643978996007,0.4950361203329435,217929018.44009,-0.06148338752945563,0.04007729120623002,0.03941117249405542,0.8704536300018169,0.02098805643613665,1.149250042287441e-10,0.04500790668016398
2022-02-03,0.04110130332947875,0.0013907619645085931,0.00029855517087322783,0.6465374504050738,0.7120434189226372,175801722.75951,0.02464977826564244,0.04103913052733047,0.03982689296479617,0.986076148132067,0.02052306655962363,1.1397608599156455e-10,0.045665627452603504
2022-02-04,0.05251523403554947,0.0027578498058085333,0,1.0,0.3292830246157326,289472948.48484,0.0888956841260992,0.04145846755408219,0.039608273333497195,1.119174432277806,0.02066979005579092,1.2147053560125812e-10,0.0461053140153838
2022-02-05,0.019597081877614563,0.00011890496616408038,0.00026514065195384874,-0.38077686319249626,0.6903884315962481,220860357.90479,0.00362229753111616,0.04106335291623025,0.03730934640256688,1.0766292035777936,0.02101840225702669,1.1899973230306562e-10,0.04590136561717033
2022-02-06,0.039652452969104024,0.0012061948981731082,0.000366122128293898,0.5342896856919831,0.4534742435978721,235535067.94683,0.046714215048423435,0.0422723319502562,0.03701083887869619,1.1434120886375567,0.020110382931296886,1.2643968622970202e-10,0.04660599851625152
2022-02-07,0.05391947288358746,0.0028751963692256353,3.2113186818288306e-05,0.9779086566468101,0.5401317419521592,352119654.40556,0.07368214458503793,0.04330404949923904,0.03665827503106058,1.145036227860343,0.02012644249676322,1.339644430753214e-10,0.04755023835261165
2022-02-08,0.03898986509027901,0.00021618924110237443,0.0013040203386557837,-0.7155796885100976,0.5259099988672662,471666199.0639,-0.027099528161023023,0.04365488269499297,0.036654867715882174,1.1420230837330534,0.01997628530650641,1.3014690014963628e-10,0.04781002282761799
2022-02-09,0.032966232716870866,0.0010741821681153779,1.2590331427509365e-05,0.9768298674601997,0.8831006656890952,323269104.26431,0.0465812594977666,0.04367603881263266,0.03615006756964507,1.0379742568856345,0.019964136891242566,1.3123829342380572e-10,0.04782451001907661
2022-02-10,0.04349711177290917,0.000766344312821138,0.0011256544197638157,-0.1899103317324998,0.3972387565542745,406210051.87417,-0.04008698809677591,0.04145892942204082,0.03623126022223196,1.1634554972166113,0.016907101259019192,1.2775893658108276e-10,0.04462153060538396
2022-02-11,0.047336251771959555,0.00020231854564472086,0.0020384021861736233,-0.8194165450680332,0.44806615842057523,318034993.47642,-0.068870715270243,0.04068037652945807,0.036102337534092956,1.2099131785371973,0.01619379323406007,1.2633668902970865e-10,0.043642231901536856
2022-02-12,0.03536277168677929,0.0009003560778237017,0.0003501695435475773,0.439964223742022,0.4337358950484211,207278544.10704,0.00888260261756729,0.03893058560551599,0.03597498166416825,1.110787459032514,0.014527627306196592,1.2462174375390204e-10,0.041431779561513934
2022-02-13,0.032589512269878385,0.00024272274194460147,0.0008193535680439522,-0.5429278674952888,0.7714639337476444,160329540.26414,-0.008405409886793364,0.0378350586978282,0.03605071971360163,1.0977632687268606,0.014068266775738407,1.2181138692230282e-10,0.040249015132285036
2022-02-14,0.042630496275768794,0.0008619577939740281,0.000955401418744309,-0.0514172564875116,0.44403801110257535,192624611.21086,-0.008478016068990561,0.03619298420393114,0.035871690715038915,1.149304576359468,0.010912960751662324,1.216931132841042e-10,0.03772736058104291
2022-02-15,0.02930564910407596,0.0006887013244372194,0.00017011974497400877,0.6038295960982053,0.47231440612625547,203321519.59368,0.05523331347298442,0.03687151251359498,0.035637989251654394,1.0637432749505336,0.00993194986335231,1.3142106770869438e-10,0.03812420159826419
2022-02-16,0.02947169305394027,0.0002178043399391338,0.0006507763515265373,-0.49848219726919396,0.6082955679164411,172568731.32614,-0.03040357638314742,0.03616962794427128,0.03488109089907997,0.9553485705627508,0.009908108758622762,1.3850101467383753e-10,0.037439789174226544
2022-02-17,0.05011120051671615,5.043474155757118e-05,0.0024606976756689617,-0.9598310776352648,0.6580147931675886,247180758.78097,-0.09339240852713364,0.03702845900102521,0.0351094275924332,1.0254977876944322,0.010309050810922666,1.5632704180423618e-10,0.03837085505348484
2022-02-18,0.02443674531471359,8.549940001951144e-05,0.0005116551215566652,-0.7136439667446958,0.596244499693046,348155754.40945,-0.013334685421894333,0.036941433407814306,0.03517596505198745,0.9875395601153549,0.010411664837056469,1.5178663608754817e-10,0.03831331662085497
2022-02-19,0.036794585294778526,0.0004631806028029535,0.0008906609042117784,-0.31575357912569396,0.6148495859950328,154028853.94682002,0.006776153110537931,0.03769493868880319,0.03553414890165318,0.9452118837556129,0.009749610562639616,1.4929865961400226e-10,0.03887720263566637
2022-02-20,0.030407047696743607,1.1443683970707747e-05,0.0009131448656613329,-0.9752458886165917,0.980669597788308,182203909.25602,-0.04389696880413197,0.03770977557452139,0.0356509412787318,0.9454488890104377,0.009737697308634993,1.5333592778840173e-10,0.038888745849684304
2022-02-21,0.07855057436926641,0.0005748452720887458,0.005595347461652907,-0.8136702379019026,0.5659573854449788,294099289.74162,-0.07394794599258185,0.04006251279095735,0.0362518003942126,1.1998911739979794,0.012989986431357339,1.6308620949063608e-10,0.04202034569755069
2022-02-22,0.02982744603741085,0.0008896765371146562,0,1.0,0.6044775480931946,231707981.33021998,0.0454255673025747,0.04005754345127216,0.03648497100849912,1.0811045351335282,0.012994075043911472,1.621841635811368e-10,0.04201681197494628
2022-02-23,0.03864457961439359,0.0007106020620372864,0.0007828014715359181,-0.04834554618059809,0.32353151251958934,186155166.88816,-0.019841734206096393,0.039414633699134206,0.036829026475540504,1.1516784636311286,0.012696678794043313,1.5382517897556993e-10,0.041316371360490774
2022-02-24,0.07329522086597581,0.00413858444183643,0.001233604959955747,0.5407440550982014,0.42559163368261066,481499830.64379,-0.01136647224774486,0.04094767739134835,0.0372217235412839,1.3154283333010064,0.01469661134088947,1.4827245847435208e-10,0.04338683454951567
2022-02-25,0.03941950049597198,0.0013081108452014717,0.0002457861741504639,0.6836519137504093,0.506453832591218,230873822.88887,0.047458267805516575,0.04032407103232085,0.03764274858553785,1.3547770710463278,0.014457122938708395,1.434374282654822e-10,0.04272102909759647
2022-03-01,0.01519634889042561,9.891972010342465e-05,0.000132009299496115,-0.14328896147427417,0.5046678887445523,266669011.23427,-0.009196280215100616,0.04011451231864519,0.03746089697131768,1.0343454604269486,0.014800405741018596,1.4429861388070414e-10,0.0426356078948286
2022-03-02,0.03017492412385761,8.572750747741994e-05,0.0008247985384031441,-0.8116967485657954,0.5278866262132375,232568655.23171,-0.020734037205174995,0.0396632014212525,0.03765125945710196,1.0341583253057325,0.014958851567828951,1.3909956696456162e-10,0.04226442007579388
2022-03-03,0.0236070952683888,0.0003991941667013109,0.00015810078030947398,0.43261362351302857,0.37418849745014643,257089542.11303002,0.012170535620255114,0.038219754868147805,0.037612914236789606,0.9529587287529655,0.014976895166165028,1.3138940184263926e-10,0.04091913668163299
2022-03-04,0.03640518869903292,4.599407592969854e-06,0.0013207383566192243,-0.9930592672793809,0.4394692503633195,261228584.16938,-0.10069201947077315,0.03809667503999322,0.03759576994153688,0.7640451338896199,0.0149808698603715,1.4700848320024246e-10,0.04080558952528524
2022-03-05,0.02166580136332919,0.000468497148487291,9.098002279460629e-07,0.996123618406433,0.45394302584537977,151923618.89134,0.03782842012728693,0.03755855926125314,0.037531248727430515,0.6683295131860367,0.015372215953462012,1.5200381332529833e-10,0.040443760667658576
2022-03-06,0.022813171567131973,1.9224328140434524e-05,0.0005012164688109642,-0.9261229009983636,0.7023710184122167,146734510.70483,-0.03654439694016714,0.03657360972764471,0.03760046150182466,0.7057025268506832,0.01563311850120573,1.5916408815031565e-10,0.039628089712899744
2022-03-07,0.069416384744164,0.0011374076000023054,0.0036812268709475004,-0.5279128944685818,0.7639564472342909,207303792.73307,-0.027803266290535863,0.037625044631083016,0.037907215507998096,0.890538893891082,0.01706968872883588,1.5523874136802283e-10,0.04114782243807233
2022-03-08,0.016940199383642978,0.00018026023055625897,0.000106710124601319,0.25629861981580976,0.541621037483133,177834128.89673,0.023838191905127017,0.036747779283314616,0.037942353672427855,0.8591317428830794,0.017655125212986525,1.5958130711464149e-10,0.040586447335159974
2022-03-09,0.02348592431809667,0.0003492315947309695,0.00020235704634439497,0.2662755130349154,0.4098992632175698,192552729.40012,0.05978836201255429,0.03631427509513454,0.03809128489363155,0.80888390727883,0.017872755935758104,1.718707359972522e-10,0.04028586316159554
2022-03-10,0.03167022831357871,0.0001060230407312845,0.0008969803207029183,-0.7885888625942764,0.8833521573815547,201281418.92012,-0.04176630744673989,0.03579235757312549,0.03834126283798326,0.8619108381509969,0.017839086662991936,1.796559217646611e-10,0.03980165725963746
2022-03-11,0.04157403845059052,0.0012572625893461989,0.0004711380837449797,0.45482770160883207,0.33334118211534186,204912458.33301,0.01856381260858041,0.03637656658962618,0.03861397413781047,0.9586030468651908,0.01781690686220109,1.7103396177142614e-10,0.04031848798218802
2022-03-12,0.014297231473160414,1.7194938594768186e-05,0.00018721588920236052,-0.831760980765328,0.9158804903826641,132879424.72,0.010292666868315896,0.035653973181017616,0.03772920970661104,0.679221300179388,0.018408826955364232,1.6633283211064687e-10,0.03992434516438148
2022-03-13,0.03635070328064383,1.773047025639966e-06,0.0013196005819717702,-0.9973163577859727,0.9225585153083065,136245283.06337,-0.037383017144141335,0.034998711407871315,0.0377787026946558,0.7791005736271531,0.018110984898989158,1.6140663461430772e-10,0.03920839395349939
2022-03-14,0.03743528055891858,0.0011479696877259382,0.0002534305427990091,0.638318108875896,0.5238068167142942,177710602.47123,0.03776584781266754,0.03561768927664298,0.03777782562448867,0.8551157597717476,0.017953399978918306,1.6970245724317462e-10,0.039693772447635334
2022-03-15,0.039879722030701135,0.0011737150457876468,0.00041667718345834276,0.47600701789659666,0.6801144571850749,180454598.47666,0.012340602185482842,0.03576460054978216,0.03769058496396131,0.8912972293592399,0.01797612029005975,1.7086404947619343e-10,0.03983541001710544
2022-03-16,0.020867455569026583,0.0004354507019252986,0,1.0,0.5515251114857979,223772302.62657,0.04027882671487789,0.035310334257986103,0.03758977414040853,0.788914708193009,0.018236921415794662,1.6796295181954619e-10,0.03954197279813791
2022-03-17,0.01194199601930279,6.876687589706302e-05,7.38443930279807e-05,-0.03560389840992453,0.33754474529576095,120167339.83815,-0.009215822363184282,0.03213849719370212,0.03708933361780579,0.779515644457532,0.01599499197258951,1.5964165960555725e-10,0.03572869888434069
2022-03-18,0.02345654062316024,0.0005245532888104162,2.5656009195550374e-05,0.9067409100917371,0.5665794219402815,128156678.88681999,0.015312855506865562,0.031835120745404476,0.03712429877801877,0.7173380721163892,0.01610108380490708,1.5599588836177526e-10,0.03550175794722937
2022-03-19,0.028438211644221962,0.0007979352350790275,1.079664644253411e-05,0.9732998124861328,0.8685773763965301,163152102.32492,0.04149755067340235,0.03134910322301535,0.03694700937612653,0.668860518312231,0.01603918293045598,1.6303216380988217e-10,0.03503956913749376
2022-03-20,0.033828408242508295,0.000676862656772205,0.00046749854744959813,0.18295281992277965,0.5914764099613898,212535489.66916,-0.015903533113793507,0.02946973119332642,0.037152179704001746,0.6308506078282289,0.01287945093132796,1.6547127190354607e-10,0.032038199903801544
2022-03-21,0.01576070318210834,0.00021997462612859537,2.8425138665924578e-05,0.7711339325185088,0.656813462540123,182591334.39558,0.010485819028959273,0.02834312179742815,0.03670855346127706,0.6081198498496342,0.012999789310478719,1.5841738973755584e-10,0.03105285360711063
2022-03-22,0.03244692649014995,0.0008488884159117153,0.00020391462274547926,0.612625314977123,0.5980995269041657,300423167.62465,0.05598445451577606,0.0291645778736055,0.03678081436949364,0.7177902705311938,0.012668313671593354,1.6564911546876726e-10,0.031676751335877364
2022-03-23,0.027807830936302135,0.000649450613745693,0.00012382484763626903,0.679739358559303,0.647486792184293,228492652.46519,-0.0026116068055146244,0.029051859150388576,0.03699579750729909,0.7426742619587318,0.012669405220100564,1.6194803881342355e-10,0.031573419724129144
2022-03-24,0.027912511171717627,0.0007649474076282867,1.416087228297473e-05,0.9636485129266303,0.544897844688111,250390489.90024,0.03279773111839728,0.02925687895530899,0.03692689444089861,0.7610171331585017,0.01261159493715882,1.6593121277266074e-10,0.03174024846685915
2022-03-25,0.023011391059534512,0.00010018006508183767,0.00042934405341298716,-0.6216222771245999,0.6014610139659047,219983961.54006,-0.020933969956516515,0.02861907906771383,0.03679021226756667,0.7146416470791864,0.012570624012781749,1.5210767709939707e-10,0.031137557464365303
2022-03-26,0.018898987810405755,0.00016618829247768902,0.00019098344778017628,-0.06942082059623768,0.4820730541090964,122156120.33578001,0.006919329239606315,0.028487326041384143,0.03657397470508999,0.7510582899077379,0.012661317720860888,1.429480114273084e-10,0.031051617528086776
2022-03-27,0.0432117837578607,0.0016702077499700404,0.00019705050556607348,0.7889413475807633,0.8568299034339045,181501070.865,0.03815305237047278,0.029458688526656937,0.03583040922544749,0.8180883968427153,0.012982639384933726,1.4109835791502237e-10,0.03206769582937159
2022-03-28,0.029014841159729424,0.00010190732806304584,0.0007399536794612828,-0.7578998738456221,0.8673085157620277,242812722.85936,-0.016655377614786478,0.027534805498826725,0.035280075553122604,0.8447673653356141,0.009210945058621729,1.379781221374683e-10,0.028964926219137405
2022-03-29,0.03133824221949011,0.0003905263719928555,0.000591559053414577,-0.20469979109843742,0.6023498955492187,204336424.75595,0.01965340766075264,0.028220426586248015,0.03463293049169287,0.858215288680712,0.00891397506117588,1.361749924604532e-10,0.029530791870707073
2022-03-30,0.019941862432886894,0.0003529012859140328,4.477659137815283e-05,0.7748097445951002,0.6912981477239891,244155705.79602,0.008197081175871814,0.028051661734571357,0.034066998509178034,0.8502514828362929,0.009040741196000209,1.2298781769702297e-10,0.02940643780741462
2022-03-31,0.04856057668909866,7.519746005128835e-06,0.0023506098623727032,-0.9936222793027041,0.9100743810742049,348391653.93185997,-0.05649890306534555,0.028855964038167543,0.03361376860507472,1.0189919419451858,0.010071337175071285,1.2082917979462217e-10,0.030483904044665503
2022-04-03,0.02278575281163634,0.00046084945359508374,5.834107759790959e-05,0.7752613959894308,0.6038641076206286,155417719.01498,0.031075055622732963,0.027961283769645916,0.033736454290955696,0.8995721450185292,0.009713200268227034,1.2603639478259683e-10,0.029524345386068913
2022-04-04,0.022614720584930182,0.00016885246522899307,0.0003425731219054718,-0.33967924375829833,0.5418159573432655,204207302.30449998,-0.031884013938479075,0.02835735467973019,0.03339365193500636,0.8609055419318223,0.009288461353363824,1.2978291038663852e-10,0.02977090393186817
2022-04-05,0.02444800091016028,7.834722960421661e-05,0.0005193575188989813,-0.7378396949315941,0.6085963007105312,161315188.64951,-0.016250003882899374,0.027790559328754787,0.0332725765792171,0.8223582107141607,0.009138252882610973,1.2151406404743206e-10,0.02918640604870437
2022-04-06,0.03885697034362978,4.334138708574453e-06,0.00150553000557715,-0.9942589023986329,0.41681862549871346,285771859.39637,-0.09491091151925593,0.027858258842312463,0.033472460508923246,0.9303133596084763,0.009218193620136959,1.2720968646873622e-10,0.02927475441936567
2022-04-07,0.022161879531709026,0.00033372732414343467,0.00015742158023454876,0.3589659721060942,0.3434739485491281,160674381.35453,0.02127928505107735,0.027014552056646175,0.03349136376507717,0.7771274348620317,0.008867035492438821,1.3025974052551896e-10,0.02836664107860428
2022-04-08,0.03367173699661444,0.00012143562554428757,0.0010123502468248858,-0.7857873721948322,0.5091102017601188,199198292.45866,-0.03019063616045276,0.027624279743674165,0.03354812985872722,0.8495379535153453,0.0088634377068983,1.2890552894036053e-10,0.02894685443736128
2022-04-09,0.015204158784775736,0.00016860716154126578,6.255928281140745e-05,0.45875117829847767,0.422018217982603,95402566.76104,0.018099230738238152,0.027779620827744305,0.03332687693746792,0.8156755547753908,0.008599503455441236,1.3428756332433318e-10,0.02901960190859592
2022-04-10,0.03808361585421148,0.00027502407549268796,0.00117533772103846,-0.6207510758343646,0.7920094024528743,112167231.73991,-0.021450227851248366,0.028476148219699127,0.03345627080545859,0.9050743476756908,0.008821350027321491,1.3770417878674985e-10,0.029748978127409006
2022-04-11,0.05031332119182196,0.00019932933292327552,0.0023321009564281655,-0.8425164352644732,0.710328351259608,236050076.94369,-0.07348708594081983,0.029517820102918174,0.03342718567502258,0.960113129553589,0.010025962107855483,1.4041708553436634e-10,0.031097185678783983
2022-04-12,0.03388684143222547,0.0008134819063487678,0.0003348361159040249,0.4168233722446733,0.3569417268235271,157545550.46697,0.022780907945669397,0.02952060263576185,0.033312670406812205,1.033711558786392,0.01002722628257081,1.4373952397168553e-10,0.031100215064320782
2022-04-13,0.03478877879364596,0.0011695708703830668,4.068825957016422e-05,0.9327610780812922,0.6435815561201169,244653364.5321,0.052976519519310324,0.030426701474406497,0.033031298101385165,1.0505730662676307,0.009571005350223571,1.5131615515003243e-10,0.031828072576882895
2022-04-14,0.027918477351193672,3.690646238313774e-05,0.0007425349152259763,-0.9053002228433243,0.47261046127923384,166495169.99849,-0.02883843891561814,0.030211061039218102,0.03316338374382293,1.1344901158062395,0.009574226419599504,1.5069029200675174e-10,0.03162291861932821
2022-04-15,0.022895131421313886,0.00033557025688848893,0.00018861678591074548,0.2803454854454065,0.520847617075235,202178821.63679,0.03236291050489715,0.029977122967075807,0.032897394512905624,1.0467314813095268,0.009695138664475507,1.5776843513804863e-10,0.03143481555121344
2022-04-16,0.03341901628658976,0.0010484118328281703,6.84188167351814e-05,0.8774768282694763,0.9272561577288794,163980012.56463,0.03064591204602853,0.030239337496355427,0.03257199043993741,0.9474934524652191,0.009710958749214387,1.6043042395459362e-10,0.03168958261544779
2022-04-17,0.03384799783507702,5.999797150543325e-05,0.001085688985937945,-0.8952628881464798,0.7669115153576418,197755211.99678,-0.05032677722566938,0.030755366390428883,0.032490373499378646,0.9538966285689029,0.00959489868137149,1.6801751554008033e-10,0.03214919491853987
2022-04-18,0.049056584518606665,0.001283751032902166,0.0011227974517290331,0.06688150361441769,0.4998610921410438,205076016.46816,0.022740656140062248,0.03219144242415274,0.032745775908930005,1.0355530656510963,0.009980716117069561,1.7060063852167586e-10,0.03363272368824672
2022-04-19,0.022531008425060967,0.0004236183739124415,8.402796673772686e-05,0.6689507635173416,0.7599734697865779,153563209.67285,0.022938416836467298,0.03120664359878132,0.03241298061769433,1.007405097890174,0.009858507855843364,1.6770378208402607e-10,0.03265603586125502
2022-04-20,0.02156234590288085,0.00012097030677319887,0.0003439644540622837,-0.4796245969829548,0.7395405831545743,171535588.50012,-0.017377864392348345,0.030851762872264724,0.03200387100072482,1.0101499384535326,0.010073150639344951,1.6926159731643223e-10,0.032380052644824846
2022-04-21,0.04411365762192462,0.00013637678202702442,0.0018096380067573635,-0.8598399325503435,0.5794851455983321,208049339.4314,-0.04771311963611542,0.031460115986666363,0.032142773952076334,1.0691862369560763,0.010481499183100302,1.7560226308976172e-10,0.03308125160174074
2022-04-22,0.020801496563697498,0.00012437896890636808,0.0003083232903831508,-0.4251059880732134,0.4571445983906275,179526312.65616,-0.01217627956111568,0.031501050945276395,0.03195566259166076,0.9921446819449632,0.010435845237673894,1.772332780220074e-10,0.03310645005511514
2022-04-23,0.015675671493914238,0.00013648819266346917,0.00010923848412164621,0.11089438435555964,0.5554471921777798,103861125.67236,-0.0018058266562053775,0.029935103078839037,0.03152780823004402,0.7969741922965662,0.010212875416699952,1.703388151238616e-10,0.03155069602182658
2022-04-24,0.0067814734553006744,4.3883134498644276e-06,4.160006877508324e-05,-0.8091555633159949,0.5784261909567785,104462135.54313001,-0.006490430343805724,0.029172994538061152,0.031170281632444417,0.7029144722604787,0.011311137968955795,1.6377626795123025e-10,0.031191553084073235
2022-04-25,0.04088663089327251,0.0010833794321903193,0.0005883371536123866,0.2961281133310219,0.351935943334489,272572392.06328,0.0005743825545620718,0.03004308550512507,0.03135147112195763,0.8257898040747762,0.011482893664844654,1.5644158905169366e-10,0.03206501108863201
2022-04-26,0.04219216906171895,8.856872491248106e-06,0.0017713222576414259,-0.9900494592467355,0.8587086789244702,208386592.97794,-0.05902900553727782,0.03088804589329453,0.031225772209973544,0.8083073167180015,0.011701365473297962,1.6513360412759648e-10,0.032931341302795604
2022-04-27,0.023024427834925476,0.0003896362233956363,0.00014048805373005464,0.4699806826739786,0.5512285788154266,160545191.08166,0.02049911008638603,0.030134115297641945,0.031203354472199126,0.8476232734409296,0.011672264503219303,1.5539851343402535e-10,0.032215197665273435
2022-04-28,0.032087411244782704,0.0008891800781630955,0.00014042188222871175,0.7272307403624692,0.49003027953977096,210076359.97945,0.02659757357671293,0.030606759664931166,0.031128637423786496,0.9546436514949265,0.01153343562854371,1.5512097777344747e-10,0.03261072802510828
2022-04-29,0.04118444806807012,0.0004058720555599148,0.0012902867071116497,-0.521422092681184,0.4131081280847275,172450411.46718,-0.02888500256689264,0.03096450781119096,0.03129970727095041,1.1795437865152916,0.011747783823781823,1.5587986934665416e-10,0.03301877108207623
2022-04-30,0.040330783198887,0,0.0016265720734356258,-1.0,0.941450884032006,152622355.44571,-0.04703748989734887,0.03216101373567245,0.030693043919039625,1.1975207516363728,0.011334643473961204,1.615218210932397e-10,0.03401010336458479
2022-05-01,0.03037417042702591,0.0008013611470764968,0.00012122908205351856,0.7371984262876159,0.5617553605472843,157285760.10613,0.03550911802081533,0.031793897286758854,0.03070172208395415,1.1240518268024258,0.011257815468737787,1.631659858109879e-10,0.03363859615783168
2022-05-02,0.025319020082619756,0.00030922381168114327,0.00033182896626295923,-0.03526254835726966,0.5176312741786349,158584689.58573,0.014414664002184748,0.03060369247203494,0.030490205265989487,1.1330629553502343,0.010497558806873772,1.5266959470641207e-10,0.03227285507568249
2022-05-03,0.033994729296636404,0.0002041217709099695,0.00095151984904162,-0.6467386300633231,0.8196970310672248,141699914.12948,-0.01310608525283247,0.030608829989387836,0.029866387939492034,1.143392331442361,0.010499272182991279,1.5018830757351478e-10,0.03227825765873318
2022-05-04,0.04542833153460342,0.0020384463777334758,2.5286928284367704e-05,0.9754939960404467,0.8233564696056017,201756749.97493,0.06746755394875022,0.031115475358004862,0.029961766209946502,1.1576759469093838,0.010957758669939659,1.558008515097806e-10,0.032901786348391714
2022-05-05,0.06940380107209156,5.116374756775074e-05,0.004765723855686706,-0.9787565117636614,0.8790995785300948,236457790.24234,-0.09276212026227292,0.0330909669637619,0.030822201958861834,1.3254619603807831,0.013739124212140389,1.6623370830041134e-10,0.0357041578670267
2022-05-06,0.023200770301647265,0.00016498897253087907,0.0003732867700589186,-0.38697229142420503,0.691182151595758,199047153.60218,-0.0015507886281913815,0.033105521196158734,0.030711501104541038,1.277912915989908,0.013727940780757703,1.5898229576867456e-10,0.035713551762038206
2022-05-07,0.020512940340686882,2.887355721152914e-05,0.0003919071642090501,-0.8627619767652358,0.9177001975726188,134548985.66356,-0.025357603435675044,0.03249094615111574,0.030662387534260052,1.2483407883106985,0.013999411099799694,1.590573259460635e-10,0.035246454357655846
2022-05-08,0.030892757558524785,0.0005773218822248662,0.00037704058734492403,0.20985872901123764,0.5184717004013151,179829763.0101,-0.004041268926675014,0.03235022042366087,0.03057488862726786,1.2543369360810837,0.013999941003430555,1.480088725287901e-10,0.03511697388568062
2022-05-09,0.09119752782297949,0,0.008316989081023119,-1.0,0.37029553243062485,408065930.24485,-0.21030674432721594,0.03435693200958338,0.03167856682504008,1.4960900855243504,0.01873406686987257,1.67270087500055e-10,0.03891852267361537
2022-05-10,0.04663152273611627,0.0018946620306901879,0.0002798368819987406,0.7426194325821008,0.865032072193236,429969738.63171,0.05199634678076932,0.03550457554820506,0.03205663589121444,1.334865222657,0.018711573342516552,1.659156026287601e-10,0.03992524688838579
2022-05-11,0.11981897258410003,0.0009393807144328023,0.01341720547667651,-0.8691359210430487,0.5480242585713132,499305166.91962,-0.18527148518500544,0.04018346253302502,0.032856676968038824,1.8562952925173377,0.025939602606188886,1.7876088764252494e-10,0.047492447294953964
2022-05-12,0.03773621143716815,0.0013787445702244912,4.527708340616911e-05,0.9364095576907394,0.771240628660506,458366852.75116,-0.03330077064229117,0.039879774619465194,0.03318677239745986,1.9635166982425911,0.025928618858805128,1.7129971220581767e-10,0.04723003000321171
2022-05-13,0.07586575881798555,0.003852647971022722,0.0019029653900060283,0.3387445366323582,0.669372268316179,245560671.11188,0.05234896561298572,0.042501882345859866,0.03401819834190254,2.1672451305704508,0.02667629233623132,1.782214697042448e-10,0.04984122481771446
2022-05-14,0.05807298939604885,0.0019704228070304194,0.0014020492903631825,0.16853320064723484,0.3469345857509917,138702342.44889998,0.014635121452284721,0.04452080224596151,0.034437289787656034,1.9532336055303714,0.026143554132360546,1.8241802492278966e-10,0.05131315942725171
2022-05-15,0.04494521607700315,0.0017894211676447,0.00023065128056380256,0.7716405856944831,0.33829337330526843,123618001.13055,0.0379178833684876,0.04633812332318544,0.03449080054363084,1.9364916085909367,0.024674152335097076,1.9406575943206983e-10,0.05222111003749944
2022-05-16,0.03796494039932694,0.00033287628194079673,0.0011084604175836503,-0.5381005950231815,0.7239105384388449,146312586.359,-0.062479747569420326,0.04619899520442613,0.03486647846309379,1.4666995461836143,0.024714632105670226,2.1430013752010604e-10,0.052115965526635596
2022-05-17,0.023258536438416445,0.0005035831892018993,3.737632805524614e-05,0.8618146945828506,0.5866519994584701,217294031.23018998,0.0840543020883632,0.04529739365093553,0.034658666290994955,1.3817055653426717,0.025208530503029354,2.192313787337545e-10,0.05154671090397031
2022-05-18,0.0766494213943546,0.00031474520885654855,0.005560388591232795,-0.8928551350262824,0.7270401955134916,220944020.70087,-0.10255056507150001,0.04785096477281311,0.0352811129709225,1.3444953888170357,0.025553208805218542,2.352534222580796e-10,0.05395912960765547
2022-05-19,0.06041334073347559,0.0032361076700732107,0.0004136640685058098,0.7733205810471516,0.7204568051412323,196428610.41253,0.08961215868968693,0.04919981855798896,0.0356070434265221,1.3346169017829237,0.025426802529612793,2.509485740665293e-10,0.055103154696017606
2022-05-20,0.05361259356687456,0.0006291684487662896,0.00224514174020059,-0.5622125606475109,0.7710191226197017,236693795.96436,-0.05078243869317098,0.04979163501031298,0.03612680752172604,1.3664458042613283,0.025375497015633783,2.531891288277853e-10,0.05560989216249617
2022-05-21,0.015099289894605438,0.00015654633997925758,7.144221534207634e-05,0.37328244181920855,0.6866412209096043,104091768.47269,0.01850833631240763,0.048590135329156715,0.03617692329752449,1.2530178516721113,0.02642163170328262,2.46980204749336e-10,0.05500782572667414
2022-05-22,0.026103638852376054,0.0005543506375935945,0.00012704932374168223,0.6270932464019653,0.5389552206670498,104817868.71944,0.026019567424184275,0.04838677668274481,0.03621894072973427,1.262629283413387,0.026584774904296553,2.4805040376285387e-10,0.05490332995665003
2022-05-23,0.06179686181935488,0.0004545958425225605,0.00336425628819788,-0.7619201650330466,0.8705765470516309,221163451.58807,-0.03726255899384922,0.05012381676544649,0.036748443113466533,1.1662219250620454,0.02619098189246031,2.517450974869807e-10,0.056264548509984684
2022-05-24,0.014110906792157355,0.00011960180763999306,7.95158828569595e-05,0.20131774672048575,0.30240457603757803,162777364.91744,0.017379252501071793,0.049176968074757015,0.0364354668999689,0.9230701969673377,0.02714526284703015,2.5242486765234306e-10,0.055858308786490854
2022-05-25,0.030483100147501444,5.5489031356842805e-05,0.0008737303632457598,-0.8805685036727549,0.4707851649114462,138940550.26950002,-0.029624303461171984,0.04846529038965691,0.03666915574068943,0.7970899663319976,0.027442738689115696,2.466541627585504e-10,0.05537261226016709
2022-05-26,0.07020491364538903,0.0007022485902775869,0.004226481309678944,-0.7150387201036191,0.6983157121397454,234042049.38328,-0.07347635994260901,0.04850343860743299,0.037268488870137666,1.0719245581816446,0.027473839888034927,2.4292303267681233e-10,0.05542068216981172
2022-05-27,0.014267044199921785,1.9898174981214968e-05,0.0001836503752213069,-0.8044871853774722,0.44712958836197325,210366539.66982,-0.028667188480031348,0.0480780230787794,0.03705355574733798,1.0113942215568126,0.02795026180261038,2.4904119962677437e-10,0.05527669148975549
2022-05-28,0.013742256663763254,0.0001731425224953192,1.570709571742639e-05,0.833654991033852,0.84051451210234,108507222.0496,0.023284873761070243,0.04775560957035446,0.036828631072608545,0.7667275598615387,0.028320726337577547,2.5028544341600713e-10,0.055176700552004875
2022-05-29,0.018135369428169987,0.00029276221797004204,3.612940632616061e-05,0.7802959780233129,0.5280094232318604,107444544.55581,0.009477246736748653,0.04714811489748042,0.03675123390385673,0.7921906874497856,0.02883272759256224,2.534155952823792e-10,0.05490613770645506
2022-05-30,0.040480801409547906,0.001478605055018576,0.00016009022774067999,0.8046125726668134,0.6449657260090033,154174088.9885,0.08263931180999065,0.044733032687317015,0.03709380237368438,0.8426664450804167,0.02702604376789585,2.543983832667161e-10,0.051929471087684774
2022-05-31,0.01918928955669701,7.452041064835317e-05,0.00029370842304240775,-0.5952494545229692,0.6055222687462185,133737667.00895,-0.01004302160791096,0.04342625967877324,0.036712492941919875,0.5687456878834738,0.027587278421338627,2.5221574942256494e-10,0.05109458979717925
2022-06-01,0.051359175054777134,2.085341818260069e-05,0.002616911444124641,-0.9841885692841018,0.4522897721378316,190886838.17271,-0.08735709868710949,0.04016626932023405,0.037067164908507935,0.7671512184868486,0.021476807136261128,2.563385840829221e-10,0.0453058273917018
2022-06-02,0.020368859099797004,0.00039559326354131477,1.929715748606839e-05,0.9069770883681368,0.5628985086381225,104716724.70167,0.02707547731350804,0.039339252542263996,0.03689304771613185,0.8035929141626129,0.02190517527173936,2.6519136178220587e-10,0.044772358966526135
2022-06-03,0.031928743843441486,0.00011617627174272406,0.0009032684116773786,-0.7720793023257173,0.7988346946596935,102063921.00725,-0.02835728762992593,0.037247013733952374,0.037083315675029545,0.8740726301257143,0.020279962184785155,2.682702721275726e-10,0.04217857614520179
2022-06-04,0.020733198837313366,0.0004247528836730414,5.112650354530827e-06,0.9762127923742641,0.4662568384755183,66390493.4538,0.018055606118124703,0.035468928469250684,0.036641611264683745,0.7696649470365868,0.019997660879599147,2.7619627788978746e-10,0.04048343072877515
2022-06-05,0.008286103919531189,3.9248143485185106e-05,2.9411374680085027e-05,0.14326882955138168,0.2655296669918844,76309921.96541,-0.009463793030950251,0.03372325646175202,0.0364114581076662,0.7210649479658736,0.02071622546564883,2.674954940199991e-10,0.03931899971173456
2022-06-06,0.019441534596236588,3.5408332804565506e-05,0.0003425649346520986,-0.812641073572087,0.5004388802967322,119000966.96146,0.020392863563140535,0.03284118951874772,0.03636109007609964,0.5482751775271615,0.020919938771132723,2.553211132088027e-10,0.038669721804318595
2022-06-07,0.03998183089155868,0.0014780201619878496,0.00012052663945334594,0.8492047410251822,0.7483401709749199,150740106.23205,-0.009673971528396394,0.03363753687365926,0.0366076588059631,0.6531299618901291,0.020855120152630136,2.399569997840181e-10,0.03931550182396573
2022-06-08,0.01724734551097315,5.169054684329068e-05,0.000245780380331595,-0.6524665631414706,0.3327293616067164,155680995.10288998,-0.039164279567758434,0.03080886659349823,0.036264648887984426,0.5729400308183987,0.018640423825473283,2.2983415362386984e-10,0.03577856466827512
2022-06-09,0.02128619976026194,7.981111685828825e-05,0.00037329118337548715,-0.6477125946299095,0.7111234562909902,122500468.06123,-0.019258269453845143,0.028945669404297585,0.03625074920907257,0.5803415440274861,0.017450877804991532,2.155961774055746e-10,0.03358397438533784
2022-06-10,0.03573235826586806,2.509611060965426e-07,0.0012765504661342532,-0.9996068909373969,0.7456889583347869,166346576.05141,-0.06080119107618549,0.028094229628059176,0.03628345748318771,0.7351432164106776,0.016602772024292486,2.2278475035887742e-10,0.03243164333977739
2022-06-11,0.06414965419028,1.299584453072128e-05,0.004102182288201787,-0.9936839455734121,0.5911923712750992,190034442.48468,-0.08242987117839777,0.030429961261186536,0.03706037010867191,0.9675705123970604,0.01806875406882923,2.3497307987679283e-10,0.03516981312588304
2022-06-12,0.060467743574455314,0.0008518433783560455,0.0028045046346300362,-0.5340468821181175,0.6542428342072458,189588158.01717,-0.08523452781558317,0.03206634720033317,0.03741567372327895,1.0663038208024884,0.01917930634164389,2.4456076019992915e-10,0.037129233068369294
2022-06-13,0.06531851355768746,0.0008841560980037623,0.0033823521153820376,-0.5855364369252594,0.6572471081541272,375122610.15411997,-0.09752603872883805,0.03223404490215853,0.03765385137987999,1.3022743603193352,0.019465518654757936,2.4891791156719433e-10,0.0374151961716451
2022-06-14,0.05610387329033702,0.0020233303804104833,0.0011243142177677081,0.2856155244347192,0.3662779223223915,242991052.93132,0.06031305102299864,0.03423370997350042,0.038006502679215085,1.4645075585305654,0.019666566850816972,2.556533394378088e-10,0.0392466934630881
2022-06-15,0.09733341770606166,0.008323955766711471,0.0011498384356312058,0.7572591485369453,0.5558001196897697,265789459.58368,0.09308078841208872,0.03741705842866995,0.03899927472544391,1.7366041950754643,0.023968912387395878,2.621766388795353e-10,0.0441269471234969
2022-06-16,0.07256729157124385,0.00015843547674807755,0.005107576329237841,-0.9398271471522404,0.4678623991666447,189900491.58318,-0.1234268943921963,0.03752955261561542,0.0397079860622701,1.7506089171357473,0.02413545618708494,2.781771394081924e-10,0.0443085601840564
2022-06-17,0.051124094437011235,0.002232738423838172,0.0003809346081662711,0.7085063024320759,0.5167485662301827,166821643.88898998,0.06067718837885678,0.03928465024595301,0.040156064840297045,1.7026525119248965,0.02369534179452266,2.890082036127347e-10,0.045585264483722215
2022-06-18,0.12893012214744037,0.010024452748006603,0.0065985236489472954,0.2060960093576922,0.5922717163987523,251006865.64557,-0.009506779110631398,0.044769786697556685,0.04167211413967563,1.9336842310348483,0.029984546067908867,2.805930479189774e-10,0.05348451929021374
2022-06-19,0.11099620718606264,0.01206713409766908,0.0002530239120222639,0.95892521640985,0.5116497326680677,506603694.07956,0.1408775662951461,0.04919173135269443,0.042896688891278574,2.119850421496598,0.0325940034057006,2.896347837969703e-10,0.05857991540386571
2022-06-20,0.03312373043650231,0.000659869408113705,0.0004373121099163645,0.2028445562926818,0.5186889599507045,304910460.47117,-0.02878703453293514,0.048841394639692254,0.042643786445530886,1.8322760745897808,0.032731562795811305,2.686061391912436e-10,0.05835940471744939
2022-06-21,0.04062536861351952,0.00104306985367005,0.0006073507213142872,0.26400490817917605,0.5538631950353862,210792398.79897,0.014686763707709122,0.04986216030906476,0.04293099851201436,1.6720019077151416,0.03208853268330088,2.6834800254763273e-10,0.05888019079928718
2022-06-22,0.03135780273162137,0.0007975346204716184,0.00018577717168366238,0.6221398478778233,0.7536772664198186,163118243.18991,-0.026511683402089935,0.0489097140079621,0.043086481953740395,1.5719904036492904,0.03233774772496085,2.542952556909235e-10,0.05820733105914939
2022-06-23,0.032470081759862414,0.0009077917055786737,0.0001465145039134759,0.7220646097037583,0.5829669476147006,209307875.33291999,0.06680279511160095,0.04948596270606046,0.04290166328926322,1.1215741804448929,0.031908702852219466,2.571810272120544e-10,0.0584682970498431
2022-06-24,0.01891640191182032,0.00014568948174717417,0.00021214077954234526,-0.1857061992345179,0.5062422861950678,164879356.84288,0.0017937224540269007,0.04886632737598325,0.04287174115193183,0.7119873265178531,0.032389416142005197,2.4446866962320833e-10,0.05819825007021952
2022-06-25,0.06920967452268334,0.004161176325876501,0.0006288027216592629,0.7374507423022008,0.8558533585413336,175532653.96071,0.05373698118273301,0.0511747309800485,0.043721487231753564,0.8672812652125289,0.03200934327737222,2.460960957514116e-10,0.05995548985922812
2022-06-26,0.042598225134103995,0.00010002796696033814,0.0017145808176154715,-0.8897525815916062,0.4448414298459308,177056766.12808,-0.039859721217009314,0.05280864151407577,0.04429000709967108,0.8697767470557366,0.0305532488665814,2.5091067229625054e-10,0.060644877817649614
2022-06-27,0.03532416112676976,7.847518540816205e-05,0.0011693211739018299,-0.8742179606108846,0.8671225560252169,137486431.1272,-0.012453461071286625,0.05356495706314878,0.04420171392877421,0.886440059110332,0.02987503245103473,2.470636416163537e-10,0.06098541918154504
2022-06-28,0.04583312297421275,0.0004029444804900261,0.0016977306810792825,-0.6163666921362496,0.6139475936805792,153899227.51718,-0.05880252702173263,0.05384359001946565,0.044259506848020144,0.9444759683432842,0.02976911222893773,2.6220212354450353e-10,0.06118114274055835
2022-06-29,0.02294242534351803,0.0004550267685322139,7.132811211068443e-05,0.728973304005225,0.46033612320315764,161102811.09579998,0.018435435581409445,0.05411478429720588,0.0442582052211724,0.9686790683855394,0.029443210805824665,2.5567189647135865e-10,0.061270151484389246
2022-06-30,0.058256309589409694,0.002170751050244962,0.001223046556732186,0.2792460256216916,0.5725308545879119,189415560.03467,0.0029784087542608544,0.05587526571764148,0.044673584559976005,0.9100494654718991,0.028471392948629694,2.4893448889947324e-10,0.06240244043917616
2022-07-01,0.046614816211580534,0.00033221857927419665,0.0018407225111652346,-0.6942221943007092,0.7607661994134365,203791354.26006,-0.05031549045709675,0.056393478000770644,0.044759780879714266,0.9206296910136085,0.028184023940675245,2.432862964277267e-10,0.06274342905882753
2022-07-02,0.015283572053466827,0.00010336681914025961,0.0001302207555732526,-0.11496303459603319,0.5487778348798978,109846479.41687,-0.01278664023068074,0.05406652170854145,0.04436220609962823,0.8380972677603689,0.029498255008033707,2.281740034142552e-10,0.061252757035419804
2022-07-03,0.03537949171365307,0.001004320692823639,0.0002473877410928075,0.6047198622465764,0.8007993811279643,113457752.36765,0.008084437209244628,0.052871843048503245,0.04444165564386041,0.7946768226035086,0.029733144821829018,2.101586590202899e-10,0.06031080830015302
2022-07-04,0.03553487075959292,0.0012343889122493157,2.833812765165629e-05,0.9551159882441755,0.7510658028221537,108029831.29759,0.025597674533962667,0.051453574343832076,0.04460381200381237,0.861572700246032,0.029819966308505245,2.0906178395461161e-10,0.059113081454788274
2022-07-05,0.07029514855206466,0.0019669118856546633,0.0029744960243021745,-0.2039062868332018,0.4204987741175462,177690306.1691,-0.05006443415172362,0.0521293493562953,0.04518000913485091,0.8999327573280963,0.030090195531055765,2.1065893045307897e-10,0.059831210080035335
2022-07-06,0.007469917836694776,5.003043986862586e-05,5.769232618344913e-06,0.7932162551781274,0.444558835189406,126855031.07079,0.013202832312164544,0.047850135076801636,0.044577494631709506,0.7300047551637934,0.029727856631769328,1.9893860418374404e-10,0.055958000050468144
2022-07-07,0.025844135818183046,0.0006679193561886919,0,1.0,0.5603054396386812,121446701.54542,0.0353379863878295,0.045625222898084454,0.04388607137371096,0.7784812647377835,0.029533269763367828,1.8184430098810756e-10,0.05396610960894361
2022-07-08,0.027576748887587738,2.6996509701333586e-05,0.0007334805695077378,-0.9290011219551518,0.5190100242388855,162483711.16189,-0.0160498466032908,0.04450392072906429,0.043955531351265564,0.7616894390944888,0.029760197071410536,1.6922779015031575e-10,0.05314220130932596
2022-07-09,0.03092963568960285,0.0008099972708023317,0.00014664509308922268,0.6934171041878583,0.45511009699205845,108353572.81634,0.052413742684040136,0.03983723089773869,0.04412087572188328,0.7451039822056872,0.022707406775502165,1.9045894310874362e-10,0.04558593701641575
2022-07-10,0.05378168408178222,0.00034431526201579907,0.002548154280656828,-0.7619229817731089,0.8523556023460876,271767477.60299003,-0.03693655232811696,0.03711272979753487,0.04448419201590324,0.6865714276394927,0.016259602219022635,1.8368894044223303e-10,0.040362607790083556
2022-07-11,0.04079184624027212,4.738066732701619e-06,0.0016592366529573014,-0.9943051217345605,0.9188695866214959,127205797.79286,-0.06812918926829967,0.037477878169142956,0.04368410183205074,0.8426856398948013,0.01625164156064668,2.0469708261351315e-10,0.040695580350648776
2022-07-12,0.02334398417203058,4.663237445787852e-05,0.0004983092225661357,-0.8288536800547324,0.7184089272536991,106934244.10345,-0.02856443553417125,0.03665495510050062,0.043314458362779536,0.8483991860335255,0.01651961876349445,2.140993412621644e-10,0.04004358130815427
2022-07-13,0.04167899020669932,0.0012346132277769727,0.0005025249968731652,0.4214334936134694,0.4014001014170258,145845533.55872,0.046096824769499556,0.03714644021836148,0.04207414118218588,0.9222740757921624,0.016507671667001525,2.214105607469513e-10,0.04048931835395888
2022-07-14,0.042111114085219954,0.001554067420109936,0.00021927850938847487,0.752695167095235,0.6206967802506376,113481383.07246,0.03552313182653237,0.03760553699575945,0.042143584081361304,0.9775174600203967,0.016505177927867105,2.211186575480468e-10,0.04090996073617276
2022-07-15,0.022952666340518853,0.00037360740180473193,0.00015321749033445504,0.41833617727396594,0.35476736863557956,119074162.59655,0.008928630744301398,0.03779774006379272,0.04130369372457612,0.8331648132577337,0.016298872713255242,2.2417126611241967e-10,0.041008197361125126
2022-07-16,0.04311144207535152,0.0018329094118340952,2.5687025982294207e-05,0.9723586837253674,0.6337830315928377,118837149.98425001,0.06219232295657822,0.036554967090110246,0.04106620884646981,0.8377171697206304,0.014700606550631684,2.3451431770826175e-10,0.03926935959150741
2022-07-17,0.010974295033351506,7.564238527769835e-05,4.479276620134518e-05,0.256151287207217,0.5207534492625577,146049627.21604,0.012635547171539136,0.03504906565674108,0.040526987877522964,0.7990395597684676,0.015640306826515835,2.27913911564902e-10,0.03822836208651562
2022-07-18,0.05937459374857002,0.0017233031731130328,0.0018020392096946974,-0.022334294951220007,0.5109552835745802,188927992.44814,0.049362488462281424,0.03619432435301729,0.04086682364497126,0.8873377206531069,0.01651740843000282,2.360423481103347e-10,0.03962148710441414
2022-07-19,0.02121070823692652,0.000417560828222324,3.23333156896985e-05,0.8562625625283918,0.7289578942391118,182237703.15818,-0.011681974457978979,0.035021828413146515,0.0408343184354238,0.7941118528689066,0.01667217480806823,2.2090036410732447e-10,0.038616753106350286
2022-07-20,0.06267553589613706,0.001793104553745864,0.0021351182461221006,-0.08706575716319663,0.421666835466341,257891900.63338,-0.012517548701616586,0.03691388129660456,0.04061251072910289,0.9747664183104262,0.017468352339677192,2.1776251795160143e-10,0.0406601442559677
2022-07-21,0.03842392249095425,0.0013605290320257678,0.00011586878756509242,0.8430385279257564,0.7417485269457714,156113900.74757,0.014416228826682753,0.03596948191096382,0.040263472344300964,0.9468115889141263,0.01677932947713592,2.2141109397221103e-10,0.03952141924495885
2022-07-22,0.04448579259502865,0.0003714703444125461,0.0016075153983953591,-0.6245851232000474,0.5188634683304777,130042567.17989,-0.034026432370180444,0.035868099833985166,0.040118602487604994,1.119438149672852,0.016718113701170198,2.2211390492631777e-10,0.039404398361109
2022-07-23,0.03847127320932285,0.0004012418919639727,0.0010787969703823894,-0.45779546446791447,0.7274913482739281,93987396.93178,0.0040950827280195,0.03697227607950212,0.04048958634974337,1.0058698405788504,0.016042688261908893,2.1864561485572502e-10,0.04015048484665635
2022-07-24,0.02854884112957849,0.0005958482715480173,0.00021918805829389506,0.46213917032039636,0.3854182167461878,132383666.49171,0.0357773085193578,0.03664700700407,0.040528399084302134,1.0426524107799269,0.01614551397183628,2.281217890813774e-10,0.039890694700691114
2022-07-25,0.03686084923323045,6.967979011141258e-05,0.0012890424160835335,-0.8974333534938708,0.8551570286725215,147346090.58014,-0.07860105509043977,0.03671014883614797,0.04013258936071286,0.9287084314945606,0.01614353986128473,2.422406023561142e-10,0.039947950161412504
2022-07-26,0.03861044962210077,0.0009123650617762304,0.0005784017582445511,0.22402115411115994,0.5951108818976137,118673436.19409999,-0.0016702240126631612,0.03520135364900684,0.04052147099293418,0.9203530353649455,0.014212900479784558,2.2949408079000717e-10,0.037835465898027346
2022-07-27,0.08152690016849533,0.0064853814323138324,0.00016125401876997044,0.9514780011761661,0.8931914766059933,148399912.5666,0.09118171805065771,0.038727876617187816,0.04133169004088647,1.0728494212298074,0.016056137268868318,2.5379666702427833e-10,0.0417776471634188
2022-07-28,0.04236954193506712,0.0017194107971036674,7.576728668374357e-05,0.9155879994658891,0.6814505009608242,212420258.16397,0.0720959234281963,0.039514800717991815,0.04088985874389723,1.081062975839677,0.015795976685373712,2.561027160526353e-10,0.04241521884347204
2022-07-29,0.03738268605027791,0.00020642775992146337,0.0011910374564121794,-0.7045683033699509,0.4649587322873192,191794319.97139,-0.04484622433288142,0.03998175010669135,0.04125677369390288,1.124340878409772,0.015568730751067218,2.625334961219464e-10,0.0427712936205363
2022-07-30,0.038979478638417775,0.00045142186857284876,0.0010679778863500187,-0.40578920444045313,0.3998815109846071,172278911.51991,-0.0036357666888878577,0.040365075961396824,0.041657364518897406,1.1255867056662419,0.015433220020028185,2.405037421493422e-10,0.04308342522334569
2022-07-31,0.03722056520318495,8.78818693527869e-05,0.0012974886046917557,-0.8731287103351946,0.9365643551675973,119979668.99645,-0.011820665399624935,0.039576451252892185,0.04196030413437383,1.1252848731575464,0.015133584622680031,2.3872326132115356e-10,0.04224233547828526
2022-08-01,0.027525608620240293,0.0002570868876225054,0.0005005722422921412,-0.321365301434519,0.5254801686278587,118291913.62807,-0.004532871019987159,0.038944725651938294,0.04175466615359116,0.8669520658079156,0.015355573372370422,2.1504406813500232e-10,0.041728371900094534
2022-08-02,0.02104686631407388,0.0003626701540897769,8.030042755272092e-05,0.6374457768505816,0.6646719325549357,129718963.43655,-0.023666721362582195,0.03883533908727369,0.04178415149894636,0.7694973742475126,0.015479941266375958,2.1101190717442796e-10,0.041670148293417246
2022-08-03,0.040010752529222704,0.0004397651277524098,0.0011610951902022914,-0.45058900789762274,0.7252945039488113,116755754.26787001,-0.00587525450193319,0.03875589919787004,0.04160401780806454,0.7760525643914757,0.01546889516523868,1.9835737516626738e-10,0.04159220882168955
2022-08-04,0.024298810586220958,0.00046873904546259454,0.00012169315044244915,0.5877828096555207,0.6536331604227261,134542586.18791,0.03256617171778115,0.03790769426934628,0.04166639799038873,0.7024986867232391,0.015761306756153594,1.9497740140542893e-10,0.040909444010617184
2022-08-05,0.030115156236012578,0.0005191066429118757,0.00038781599220757154,0.14476499496234582,0.4728934005971846,142902588.83916,0.046542891339751535,0.038248765216750746,0.04163761088550891,0.6664701004026029,0.015496779802052382,2.0691610848750414e-10,0.041130068098420305
2022-08-06,0.015025510798601692,2.5677138195601635e-05,0.0002000888365632944,-0.7725331443498232,0.5640622175518398,73347222.0942,-0.02693656288281128,0.036911339917857895,0.04154701266267221,0.6141636347042637,0.016249791951241082,1.9948308300570064e-10,0.04017373109640832
2022-08-07,0.014516363509138586,0.00015638237989808697,5.4342429631363386e-05,0.48423320678082155,0.6259541709382754,88512806.57631001,0.004267198334610628,0.037080009845276325,0.04164590567203106,0.5840544391386713,0.015983306916508018,1.9765901243642439e-10,0.04022720693427192
2022-08-08,0.034266274498531375,0.0009089209567528609,0.00026525661125584066,0.5481831394450982,0.6520140285746792,125600867.3415,0.024265182775228697,0.035884375595274486,0.041881219003813516,0.5541658593865044,0.015149538389784447,1.9441692025559627e-10,0.03881066797230615
2022-08-09,0.04688972981042097,1.9042331595788413e-05,0.0021796044300984928,-0.9826781346348565,0.8406202980062076,129928701.82327999,-0.056885815173993964,0.037107186146393266,0.0419908681930018,0.6571964450742019,0.01494083497935436,2.122131281742986e-10,0.03986905921434187
2022-08-10,0.04806308382574636,0.002246671421562761,6.338860527796082e-05,0.9451195167732052,0.9241397995775926,157513783.38327,0.04077462408684056,0.03641135509542228,0.042480006896410905,0.7456272792265853,0.01400123991787835,2.222286462936495e-10,0.038890699562910205
2022-08-11,0.01727809806628003,0.0001257393336556699,0.00017279333913231985,-0.1576176069346571,0.3892369002669902,139800682.19567,0.004052197780851506,0.035404411075199704,0.04241638623460167,0.7692089647844425,0.014596973693756463,2.1921156233666724e-10,0.03816277893416727
2022-08-12,0.026521658155906607,0.00041507795818768655,0.0002883203931510808,0.1802073672696986,0.4098963163651507,109345984.02763,0.016364876683450293,0.03454897610190818,0.04227018464555466,0.8395285753181825,0.014564507339036133,2.138784824493486e-10,0.037358472121347464
2022-08-13,0.03743892024577109,0.00041303570130116413,0.0009886370478680443,-0.41065316202233887,0.6960677491218348,158438327.7335,0.014375099445703095,0.03449981643697714,0.04184620474167357,0.8614243770074422,0.014552343613670587,2.1612416745385842e-10,0.03730849393323715
2022-08-14,0.03600408555457579,0.0002394434897792322,0.0010568506868419813,-0.6305722974034477,0.659556591585623,187380191.37415,-0.010563756099241362,0.03485482807626272,0.04145789270961199,0.8289153185761529,0.014490714462943298,2.0593946994383062e-10,0.03761436906142674
2022-08-15,0.05505081765342522,0.00010886299652668344,0.0029217295277839906,-0.9281572856440374,0.875340517237072,205662507.6517,-0.0400958979175104,0.03572101704865295,0.04129491340954433,0.8703252850280516,0.015145484536646618,1.8982111525976232e-10,0.038658163849055766
2022-08-16,0.009140251944074734,7.899805935274008e-05,4.5461462484218635e-06,0.8911678861338377,0.8042088869723076,158826083.64944,0.010993629469142143,0.034317674302080284,0.04054945910246081,0.8441362267713439,0.016193433085347868,1.9244701605756456e-10,0.037781517061835856
2022-08-17,0.04440914954162301,4.181255669219464e-05,0.0019303600063180408,-0.9575974663917097,0.514446427593981,263705040.89701,-0.01297546331351296,0.032550162367467314,0.03970939135381892,0.9712986062513472,0.012353271429418819,1.6553139855924137e-10,0.03471094295223262
2022-08-18,0.01584405585703345,4.461596367982458e-05,0.00020641814232097146,-0.6445426130289794,0.6481717343194437,148376545.37679,-0.008466888797959883,0.031287043982799044,0.03880902253295844,0.8938967641098259,0.012651551783666387,1.5208669518736197e-10,0.033635084287455874
2022-08-19,0.059245878196757466,7.927437658528857e-05,0.003430799706719733,-0.9548303684173839,0.6612422804349586,252754677.35253,-0.10595348161671922,0.032328148370726645,0.038937939735494094,1.0111198386967266,0.014005379223367774,1.609138556432166e-10,0.03509870819931973
2022-08-20,0.03515296269640366,0.00027044803713539286,0.0009652827491993544,-0.5622864783719466,0.7733724466499016,173074633.90522,0.0022218116897696804,0.032145933325868827,0.03744941339500145,0.9038612800149787,0.013939252269539884,1.6052020551458788e-10,0.034905748396757655
2022-08-21,0.021746872735570088,0.00041201249811617137,6.091397566091024e-05,0.7423955771627087,0.5315131418629725,129606901.9952,0.02844830795751713,0.03140909082741098,0.036032757292612676,0.9777502354069946,0.01406599085548132,1.662809018179471e-10,0.034277712246287666
2022-08-22,0.06641351609703092,0.003170262132240628,0.001240492988129956,0.43751445987065724,0.38650631742842917,289245619.38277,0.02783620912140611,0.033260895945353385,0.03656116658881154,1.0827409909413435,0.015961293029139408,1.6903889735011546e-10,0.036727625961471735
2022-08-23,0.026331271058495177,0.0005123169905120766,0.00018101884504386916,0.47783213917186135,0.674019891507594,197414260.69723,-0.002450981619140185,0.03351253426651631,0.03633427615143021,1.1361414318191037,0.0157999445026583,1.6094219758490663e-10,0.0368895739161356
2022-08-24,0.021172577377618313,0.00022460052621556882,0.00022367750659566595,0.0020590337967587827,0.4989704831016206,153376625.99083,-0.011281628556199883,0.0326154783069161,0.03617260590771588,0.9497415932020279,0.015946651253294523,1.6204858671629175e-10,0.03613801036295322
2022-08-25,0.029033677905304048,0.000599261048420848,0.0002436934042880924,0.4218112176643639,0.37757101924948133,126644193.40533,0.0033625374572526924,0.03284094817925339,0.03611805981478638,0.9215100351242776,0.01585640010546934,1.5178668328380304e-10,0.03630400339307676
2022-08-26,0.039916465110226285,5.450177557943481e-06,0.0015878740093379685,-0.993158733667928,0.4697440952959436,233834147.41653,-0.07235600413737071,0.033307677173263564,0.03645139415126901,1.0209855295843004,0.015916291856438117,1.5101222528887196e-10,0.036751414265907646
2022-08-27,0.009698328443436321,6.472885478487805e-05,2.9328719811887922e-05,0.3763666576004534,0.5263680249514583,116579219.70625,0.0060606246116909545,0.0330540018230176,0.03550676961032858,0.7163773569576515,0.016260964446231922,1.3599984266398692e-10,0.036665987262928176
2022-08-28,0.04661527306363227,0.0012603522654204616,0.000912631417376539,0.16001999959629082,0.49298292563048735,222385123.4041,0.007899232347625311,0.034582521325612535,0.03557053227587664,0.8223510970334071,0.015936717868763987,1.3539558328563623e-10,0.03791880167795703
2022-08-29,0.03560330321403137,0.0009647384817688601,0.0003028567179813967,0.5221554672326529,0.6163312733402783,269691287.95365,0.04362861999437477,0.034646189359683964,0.03557496310265858,0.9130701717204198,0.015938061968429378,1.3389937624965484e-10,0.03797741406871454
2022-08-30,0.04297701656638117,0.0001067427994394289,0.001740281153507573,-0.8844164427114046,0.8495689946183436,205069809.78607,-0.05097230649736686,0.034459869681396346,0.03552962808031204,0.993921791571323,0.015810132462911325,1.2488687325069083e-10,0.03775632445131434
2022-08-31,0.02688094853243451,0.0002667528880133916,0.00045583250599000145,-0.26167096587579514,0.3321756093061533,161338220.3059,0.015358983323815176,0.033451196572191026,0.03559214432140596,0.9147789162196659,0.015572784802910614,1.1709323411606505e-10,0.03674161136828115
2022-09-01,0.0573021177583709,0.002487650968648462,0.0007958817309457442,0.5152283812833033,0.34927170996270523,321327723.77885,0.06719481166656323,0.0353571022718144,0.035576998419325975,1.1718555691279349,0.015939334755957893,1.2567088166243896e-10,0.03862756612002819
2022-09-02,0.07045909453528293,0.004837724216919507,0.00012675978581242899,0.9489333490680307,0.9717625365280517,464328432.40929997,0.05773755325498902,0.0374493611470228,0.035955479027638716,1.2843842619391934,0.017526271916997016,1.2446540227788704e-10,0.04117034982726868
2022-09-03,0.02400960574267313,4.500343490038438e-05,0.0005314577330182182,-0.8438630825286085,0.7981074778915779,398186289.94141,-0.014041694327320206,0.03680986998020861,0.03609398749889596,1.2470252757883185,0.01776997908620828,1.2182417353518112e-10,0.0406903172181825
2022-09-04,0.03615116708647286,0.0007930006780403383,0.0005139062036737403,0.21355345072523502,0.3413203909794391,242569184.73461,0.012566302927663068,0.0368168738626799,0.03610623631433754,1.192580554628799,0.017769674596493673,1.2160650545705927e-10,0.040696526660459656
2022-09-05,0.022016072805437853,0.0001570992828804368,0.00032760817889390345,-0.3517769158933405,0.6060930847052092,259062917.55844,-0.008249510569176896,0.0352437907746805,0.03589165221982714,1.1676389014153585,0.017535460234394628,1.1383907548193836e-10,0.039178752662635444
2022-09-06,0.07363582729842785,0,0.005422235061923893,-1.0,0.9076925102023751,422702616.11285996,-0.1098429669249991,0.038315008648697316,0.03594467886659481,1.2321799233663902,0.01836344341045168,1.2291720401752523e-10,0.042298912921144564
2022-09-07,0.03471684790421612,0.001204952650647397,3.0687775707825337e-07,0.9994907690006244,0.3234134807106076,245978369.43921,0.05784658502657301,0.03785347047548746,0.03637716982004753,1.0357627398811435,0.018324377094604872,1.3177267739738758e-10,0.04186500168393655
2022-09-08,0.02614213546811824,0.0006064491458353687,7.6962100998077e-05,0.7747707508336239,0.6973339632082144,212518822.11935002,0.011109296688046244,0.03834385521887245,0.03638189997322111,1.0606361580727157,0.017837246049749338,1.3154462441797036e-10,0.042110185865829514
2022-09-09,0.01920225626316497,0.0003674052498450288,1.3213957512295776e-06,0.9928326538534107,0.8012632537607745,213592774.2362,0.05311280155314282,0.03643701607917757,0.036248971518865185,0.9770064054411741,0.017630224662778634,1.234240963540827e-10,0.04029491010575009
2022-09-10,0.040892192063625404,0.0013847443093286849,0.0002874270624397435,0.6562229598085142,0.566087097263716,249945564.61612,0.034741351699952995,0.036710312715711936,0.03640710733432587,1.0732355771494482,0.017653792398633763,1.294316376842223e-10,0.04055197486499434
2022-09-11,0.014311672730427534,0,0.0002048239763428631,-1.0,0.5957399229411213,161392859.8565,-0.01818521959701652,0.036356255572609915,0.035780599217637696,0.7555433164567714,0.018039248560513886,1.2434496482226313e-10,0.04039425553044673
2022-09-12,0.02962209421256976,0.0005628970482377113,0.00031457141730064763,0.2830023421807037,0.5200786082364411,197927628.19198,-0.012633792918682094,0.034604283101921283,0.03560330156640432,0.7313372766907976,0.0167118853413538,1.228017788521648e-10,0.038254988359569864
2022-09-13,0.09759000628808451,0.00333037155927921,0.0061934377680291615,-0.3006219581213638,0.5182346830662948,564819754.73874,-0.03854297676678373,0.03799755620809221,0.036781809853960734,1.0945063765278675,0.02149732597374625,1.2546006477001924e-10,0.04340441074468494
2022-09-14,0.0304716534613208,0.0004533879948741738,0.00047513366979265,-0.023419674247750658,0.4113048164420061,234573517.63457,0.018626262128470825,0.03844036935493519,0.036603915619907106,1.1623297675775686,0.021227508128363437,1.257386230836315e-10,0.04366705413085932
2022-09-15,0.044294489885033886,0.00041904192137223354,0.0015429599128031354,-0.5728424774400303,0.5992555865867487,257548819.79417,-0.06580303829385586,0.03916707468730327,0.03663857237863431,1.1632703051209403,0.02115045720132917,1.3664082692299109e-10,0.04427301194874162
2022-09-16,0.020035145886564167,0.000259302709845907,0.0001421043608500021,0.2919688205609361,0.5532925538578364,196388638.32027,-0.007128884227973348,0.03822034520046221,0.03659226253015884,1.2154837203071098,0.021556302650256813,1.236344874408727e-10,0.04362730371108364
2022-09-17,0.02216921293660855,0.00044609466174668204,4.537934048200979e-05,0.8153337093061783,0.5049797756200447,119481068.16131,0.033072495291132785,0.038814196842994225,0.03625984619462324,1.1741670568930251,0.020892835172389768,1.3433991398389307e-10,0.043843656563876246
2022-09-18,0.07198936611395422,2.0098332136766437e-06,0.005180459000275263,-0.9992243722911793,0.9725217005788427,166290694.43322,-0.0940996305860224,0.04002248698824765,0.03722833938637884,1.0296958117722044,0.022067268782284925,1.5959485658383243e-10,0.04544859775164406
2022-09-19,0.022753333904363435,0.00045901765328382524,5.8696550479629404e-05,0.7732472856531939,0.39819834663569215,213924451.12886,0.004362263911408894,0.03941058368778728,0.036647049547581904,0.9947150178353429,0.022371989802613745,1.5286243568777681e-10,0.04505403887260531
2022-09-20,0.016984077733277373,0.000236793690956233,5.1665205493775276e-05,0.6417846276914592,0.8177195757174803,214848583.65988,-0.010274062976185229,0.038172824695734714,0.03657996017450811,0.8555880045253059,0.02287812742188997,1.4330335299588075e-10,0.04422272080154631
2022-09-21,0.05103497218606983,0.0009062053425367578,0.001698363043496164,-0.30414164020702095,0.5844876968406939,314248465.51286,-0.024587435486373793,0.03932301629828878,0.03639518932196736,1.0219457820442421,0.022889212417912284,1.424959528153372e-10,0.04522463126225806
2022-09-22,0.03204210880888838,0.0008576797288673953,0.00016901700805324724,0.6707557315119601,0.48963736531597274,160411674.80258,0.04803372388513784,0.0381201587292658,0.036293890692093295,1.0747753608546082,0.022558479817847883,1.4679710467487886e-10,0.04402043722672773
2022-09-23,0.04414808220004926,0.0014771922870905928,0.0004718608748517134,0.5158050236233824,0.3894197743049053,248249255.84617,0.030907537463076704,0.036867253379968955,0.03628853020963331,0.9180929142362977,0.021372019228478038,1.468045174640506e-10,0.04235808008907829
2022-09-24,0.035575931252193195,0.00015536961935552006,0.0011102772651052565,-0.7544818839075883,0.804070298139348,156145237.35981,-0.03389530595009986,0.0374180307851842,0.036242572400789985,0.989978324823642,0.02117220118146613,1.5546220174777026e-10,0.0427437166878029
2022-09-25,0.02318548420692706,0,0.0005375666779096641,-1.0,0.93487665362534,118032161.18705,-0.016626115081644993,0.03680061731472964,0.03615743975122409,1.0522973106577516,0.021398828599455143,1.5970295709785058e-10,0.04231300117560736
2022-09-26,0.016621047844386908,0.0001459421874437485,0.00013031704400165024,0.05655971516443779,0.47172014241778115,159368086.44848,0.017378601330315595,0.0365437113642034,0.03583617306251228,0.8681253100057592,0.02161647931812974,1.6337930368107658e-10,0.042195544341563
2022-09-27,0.04015681520665519,4.055389400696445e-05,0.0015720159135344891,-0.949702774022796,0.8909098826329309,211328860.54829,-0.015094626222484904,0.03494947269316661,0.0358607185479814,0.9133925278870643,0.019911428227749252,1.544063728850516e-10,0.039988139880716395
2022-09-28,0.02040265401557207,0.0003960460377851783,2.0222253093960825e-05,0.9028402905671609,0.4796665285876239,176203791.29041,0.012091588846818557,0.03426784441275499,0.03489049241856992,0.7845182565481162,0.02016320701346487,1.4647558016461706e-10,0.03951557059956253
2022-09-29,0.012282325396540762,0.00011824309251749043,3.2612424629019764e-05,0.567633650450494,0.40808191824486,160360836.88493,0.012503662014517069,0.03360785345696558,0.03441291755287903,0.6579826093327616,0.02066311555963905,1.4769927681276382e-10,0.03919337345977317
2022-09-30,0.026758848926762134,0.0004341824911054452,0.0002818535047798339,0.2127392857355972,0.5505088167842296,149994034.65625998,-0.008753198638362682,0.03396769120285116,0.03424428521758513,0.6791082094800981,0.02046454907626114,1.3863704483570773e-10,0.039403795041178524
2022-10-01,0.01204849841999446,6.066412972641961e-06,0.0001390999012039671,-0.9164212027142663,0.8778884541754366,78455288.87057,-0.010910567223695466,0.03259418198172588,0.03381680934110222,0.6552609264443439,0.020939007377123144,1.3864045692811314e-10,0.03847004727180894
2022-10-02,0.02452882603285788,4.5168704595245334e-05,0.0005564946019549611,-0.8498538830488702,0.8022813277008825,94660439.00131,-0.02102523933354877,0.03308071309136542,0.033615353163795436,0.5678409750373727,0.020609062882514684,1.4385167030383762e-10,0.03871487631463477
2022-10-03,0.015779991481608815,0.0002490081311596467,0,1.0,0.45004250287529785,134787051.82204,0.04457772989507662,0.03242156534227204,0.03342891479651557,0.5427825854574986,0.020943851592675828,1.5656103828892743e-10,0.038326426463577395
2022-10-04,0.011581662765541467,0.00012556020708090314,8.574705333826459e-06,0.8721480458821269,0.48097680919086583,137280923.4953,0.02029876773220481,0.028325929936436657,0.033278673470348394,0.5436075591212263,0.015178958162357835,1.6035263646817336e-10,0.03196541275156372
2022-10-05,0.016946823199261822,8.299285673325866e-05,0.00020420195981378004,-0.42204488415851665,0.6808722656481111,145811376.04942,-0.011836612747425139,0.027681890400148134,0.032912579353999806,0.48433330470315356,0.01536910022280519,1.6043705417227208e-10,0.031484095010939135
2022-10-06,0.013309802704754929,7.582083956838339e-06,0.00016956876408266326,-0.9143996877153231,0.4825358607420969,133013179.68443,-0.019795299973693253,0.02620642910584914,0.032738150657468594,0.49218214848919023,0.015180656391607369,1.5535728058425703e-10,0.030104075049005155
2022-10-07,0.014902596409808743,1.0426994386240479e-05,0.000211660385367404,-0.9061000728829628,0.9484625314060916,125286098.32614,-0.012978645454227005,0.025962021987908403,0.03249668145387806,0.43874871326508696,0.015325606081038255,1.5856167022080818e-10,0.029961914185414155
2022-10-08,0.007823907623153688,5.255104772302923e-06,5.595842572333946e-05,-0.828302509927049,0.7128299548953545,76197867.81523,-0.0011365790198723255,0.025278912211077222,0.032382370292363016,0.3984626384820567,0.015815009340688333,1.460909567653215e-10,0.029618030112788934
2022-10-09,0.011051858124418577,0.00012127289796012318,8.706700421537097e-07,0.9857434974858851,0.5619363367152844,79695385.50442,0.021195579185987336,0.022377126116337426,0.032327378143399206,0.40286124901332554,0.01192896759942152,1.3180920053811047e-10,0.02522419152276229
2022-10-10,0.017639157702036317,3.5200257196550406e-06,0.000307619858717652,-0.977373355871614,0.5797366391357858,163465689.24428,-0.023857616948778138,0.022133593916226612,0.032063455654565955,0.4071398417222701,0.011973025318552124,1.3778811312775798e-10,0.025028443132327043
2022-10-11,0.015392637702376127,0.00010435575717745661,0.0001325775382591544,-0.11911276981857637,0.5595563849092883,128077105.58319,-0.011854823347091413,0.02205781105761227,0.03156350181158111,0.4227069088770537,0.0120122210174837,1.399185908966435e-10,0.024979378806925356
2022-10-12,0.0089005172096656,4.103753161243874e-05,3.8181674987114785e-05,0.03605005336344852,0.472572885894451,110406697.44595,0.003647887312957944,0.020051408439688258,0.03094187377005602,0.39060927467225354,0.0103314299809482,1.3776613521615042e-10,0.022443588009712512
2022-10-13,0.032296130616344856,0.0003802984593615652,0.0006627415934264424,-0.2707883875695062,0.40872374890862617,224404245.13127,-0.0216978678952445,0.020063504716233804,0.031180255239104667,0.5488995537185946,0.01034630891223108,1.2811140486883352e-10,0.022460919301895293
2022-10-14,0.016176475422629222,6.84684388664491e-07,0.00026099367271026277,-0.9947669773208975,0.6456853648150422,121792559.64256,0.004105176325250533,0.018731523441118565,0.031016045989370106,0.5942749259161364,0.008771278783162877,1.237877983659557e-10,0.020594701131680316
2022-10-15,0.014935406624367506,5.458997018479196e-06,0.0002176073740167216,-0.9510549528990389,0.628851615970064,67349464.47059,-0.017713511759778585,0.01774864131598401,0.03065884736045894,0.5746775424166489,0.007902834477292953,1.259751052403517e-10,0.01935187390377818
2022-10-16,0.015525777753379618,0.0002221847065120675,1.8865068335269978e-05,0.8434757439850946,0.7297887990163437,76366612.03560999,0.020246391827991827,0.017383893389624604,0.030333794855678047,0.584772978727316,0.00781563770674379,1.3189225296306618e-10,0.018983550012075016
2022-10-17,0.00843154756941117,6.152073686166535e-05,9.57025755357806e-06,0.7307603408195962,0.3079952941676517,84772513.59073,0.008141157583699645,0.016993917186054332,0.029593806441646078,0.5840526503955137,0.008056217187346485,1.3127265344623667e-10,0.018724456067183856
2022-10-18,0.017379877664627334,0.0001862822058875453,0.00011577794174986677,0.23341134104956696,0.44867311991076014,111161989.90009,0.0007719027785819664,0.015909301112624435,0.029724594151496118,0.4959010055413387,0.006070327814914986,1.282020228487193e-10,0.016976455257553206
2022-10-19,0.013508727618294938,2.5567272600170594e-05,0.0001569184492651138,-0.7197887885273018,0.7528583924924294,89228588.55313,-0.018302691600873864,0.015581018903230284,0.029234111263824244,0.4836113719359892,0.006001195610096214,1.3470195777956553e-10,0.016645345590444553
2022-10-20,0.01899364172546059,0.0001646866691471935,0.000196071756847964,-0.08699751811532676,0.5434987590576634,115759513.36241,0.005877759868750596,0.01590060539508361,0.029284104690307216,0.5125514914661594,0.005995443038872172,1.3340688954306575e-10,0.016942930869161103
2022-10-21,0.02737600269927502,0.0005983914115183772,0.00015105411227233598,0.5968910148177263,0.7932199284474643,124497955.74539,0.007977472018025233,0.015929993669965177,0.028778233650664637,0.6085507574333373,0.006052569281959149,1.336792778387346e-10,0.016989815665198697
2022-10-22,0.008662492343300349,6.444277938523486e-05,1.0595994212502305e-05,0.717586157009852,0.3856478922937769,65574245.99352,0.010216956344719955,0.015768755285360696,0.02835774999426617,0.6166388609823927,0.006204339264844293,1.3447642681793736e-10,0.016891253051304365
2022-10-23,0.023722578184994066,0.0005526607216711503,1.0099994072006002e-05,0.9641055468533606,0.4909512750154729,98398522.05052,0.03486643572484,0.015730362530700513,0.02838911039822528,0.661151059963002,0.006149674867045941,1.407729414944415e-10,0.016836327548460615
2022-10-24,0.017164099469994094,3.722208693699507e-05,0.0002573842236788565,-0.7473096427623346,0.6288180686333616,119580221.76411,-0.028361371300065982,0.015796272434909338,0.027607373626367556,0.6922518036252365,0.006157645376119544,1.3631805289965005e-10,0.016900688364617597
2022-10-25,0.06183949946640007,0.003571465298934179,0.0002526583953207158,0.8678607620876424,0.786733943772412,188987360.66047,0.06293008544097581,0.01818950275399784,0.028170996299508904,0.9884403407407454,0.011705274823354008,1.451334192811496e-10,0.021478990169794272
2022-10-26,0.019696613650252076,0.00020151428436736773,0.00018644230491992865,0.038849654481001,0.45045345773206746,174884829.21767,0.007661507409672669,0.018320445156425946,0.028147568303836423,0.9282299861100559,0.011706058774017255,1.4335395769975262e-10,0.02159039597525754
2022-10-27,0.022829288760254952,5.993096999274734e-05,0.0004612454553063558,-0.7700165737222172,0.6670046973091472,178821898.96987,-0.028992757292399866,0.01877375401621166,0.02804908593645469,1.0431888402516074,0.011686625060107526,1.4398776410818084e-10,0.02196650560999888
2022-10-28,0.0225366623502854,0.00025048953391057515,0.00025741161598019625,-0.013628797790888532,0.46284728644980355,134290873.85322,0.0029191774059710144,0.019137280965758167,0.02777321605137626,1.0428269041665335,0.011678918047327236,1.4008993822395965e-10,0.022274145286507667
2022-10-29,0.013271656903612015,0.00017405387170266775,2.0830052645246787e-06,0.9763478801215186,0.8166390043782711,157204581.20478,0.029976219144499487,0.019396697598160945,0.02782993555074413,1.0331641955995818,0.011473757944981407,1.484597814347093e-10,0.02239665351235806
2022-10-30,0.025207717897103743,0.00011396292211488098,0.0005214661194650834,-0.6413040177341673,0.4510003246745178,117140577.10928,-0.021809945652111026,0.020070786158765,0.02749013308778336,0.7639511797734521,0.011374382918502422,1.4466114647562642e-10,0.02293582904455564
2022-10-31,0.03304615779443948,0.00030206785411370386,0.0007899806908612894,-0.44678676510553683,0.7125581709503139,136448359.31496,-0.006344623839056549,0.02080445282983182,0.02744954347794857,0.8755035652894975,0.011701870758980734,1.3992541209026432e-10,0.023732643777155397
2022-11-01,0.017874034829189134,0.0001702445458702407,0.0001492365752048256,0.06575653232567377,0.44878117515774213,97712382.27551,0.0014540169773616365,0.020922614597775297,0.027051083450374092,0.866840137950205,0.011656933528186185,1.3622638971780454e-10,0.02381531501982032
2022-11-02,0.0833731399993349,0.006412082653082348,0.0005389978202663508,0.8449168234109977,0.7274267036367733,864622687.81193,0.10097386513393193,0.02446892996871193,0.027947784902229655,1.2885955752410292,0.017619755781536395,1.4021416495019578e-10,0.029906533038553562
2022-11-03,0.052456012418660415,0.0010966273421696203,0.0016550058966970352,-0.20292622819071637,0.3787817274533179,532703420.5072,0.01467018974779362,0.025428924340250764,0.027870862595250123,1.564985940645264,0.018590016429579213,1.3692121947941948e-10,0.031237194154974213
2022-11-04,0.060035547797317484,0.0030629895540263234,0.0005412774452976687,0.6996463106650038,0.4900591888005155,517317884.06512,0.0889646999425627,0.027517451596188305,0.027705409472425273,1.7804863215237348,0.019915049491643036,1.435053473543936e-10,0.033688769440283185
2022-11-05,0.027400739506196103,0.0004675264185436607,0.00028327410694275513,0.24540780852748512,0.3162118981648173,453883185.58045,0.024129268914172514,0.02811103887627538,0.027759236992481198,1.7895003362145592,0.019705951420941538,1.3351262833356798e-10,0.03405970323170136
2022-11-06,0.033576740046950604,0.00031648825259658245,0.0008109092195839142,-0.4385507145328909,0.6288225617471437,337387378.18685,-0.014847434321210357,0.02897060850930257,0.027718373071218938,1.9073752117969487,0.019522371091662168,1.2298339463583691e-10,0.03467377131835978
2022-11-07,0.05408841611173929,0.0006716377827282267,0.002253918974748432,-0.5408478874923448,0.45790056536847645,708857386.39564,-0.0119496885541547,0.031144745106556286,0.028227457885604677,1.6611700143658163,0.019662459696662967,1.192130294755977e-10,0.03658137994302665
2022-11-08,0.16393123837779353,0.0019362952988615397,0.024937155617215424,-0.855895299423331,0.923856899377348,801080995.51254,-0.15454646472333658,0.03812338133099277,0.029660718378927937,2.2746695900157357,0.03475075467628222,1.2806914615596903e-10,0.051024520388169424
2022-11-09,0.08263911515859289,0,0.006829223354195177,-1.0,0.4449936848977076,575187643.10487,-0.13120839639886833,0.04141530454719744,0.03042138928772757,2.3709823792329465,0.03556718745174236,1.291640361276466e-10,0.054037144601356855
2022-11-10,0.10264270799621793,0.010403133340968146,0.00013239216382871332,0.9748674778930706,0.8665087482749616,430740077.88494,0.17839733206767505,0.0453985934172335,0.0316356840897609,2.7324215128410763,0.03755886182999948,1.464682781840949e-10,0.058348313726329114
2022-11-11,0.050581157041731106,0.0013348588232279834,0.0012235946244522806,0.04348885021792575,0.47816486857377705,456150116.76682,0.014759205272240207,0.046503600766874265,0.03213376187989687,2.8080989365948548,0.03734284761687089,1.4495774932310083e-10,0.05908188342611513
2022-11-12,0.023231230934491368,0.00021995853942755462,0.0003197315513041141,-0.18487093535716986,0.39398686379054204,202166135.38852,-0.025380399916210442,0.047197350223597646,0.03185342916356141,2.7215260408159345,0.036735073172068505,1.4351655109184907e-10,0.05926883837543901
2022-11-13,0.031210709073923232,7.457414435042352e-05,0.0008995342165466505,-0.8468873744564787,0.5093932814047277,161965839.76674,-0.04419383313586237,0.04755392788497523,0.03212166783568039,1.8669313597661852,0.03653159570284888,1.3963654905356696e-10,0.059433855549480205
2022-11-14,0.04071680389259352,0.0009881785714551897,0.0006696795477727293,0.19211476542443126,0.37232936235532227,302205588.82443,-0.012108597534827044,0.04867548523843235,0.03229777433853791,1.6004002856010804,0.03590817356569697,1.3025050070013536e-10,0.05997749526503695
2022-11-15,0.01643996568011759,0.0001344036325925361,0.00013586883897090813,-0.005421219445311145,0.441037110897258,185628882.81676,0.023382674108044964,0.0465136026771808,0.031009678455871766,1.0469924406807043,0.036438734587457354,1.2039235544614786e-10,0.058549713301289316
2022-11-16,0.03146211594239147,7.020984127504676e-05,0.0009196548982974365,-0.8581425553043338,0.78293819071049,208177860.23039,-0.009183119198744594,0.0470738646910922,0.031025400082555426,0.9189704296908346,0.036094620205199185,1.2040678486482556e-10,0.05879397265480449
2022-11-17,0.048924792684835586,0.00234100967447058,5.2625664783561985e-05,0.9560286699310178,0.4785931563497778,401119844.83983,0.08442563200238717,0.04831650773511985,0.03109889695239355,1.0975676289356981,0.035664850505147984,1.2270882311318732e-10,0.05954742589501442
2022-11-18,0.033466113282368655,0.0007453636422995199,0.0003746170959288117,0.33102939516369045,0.664944628109639,448046850.08428,0.0015987213636970735,0.04883695777950476,0.031312086911057115,1.1058159674776602,0.035348180140712136,1.218436079411216e-10,0.05979165976777971
2022-11-19,0.027061990423618367,0.0006992631586720275,3.3088167015984734e-05,0.9096385413519944,0.7159460104565845,372156460.76295,0.021023456672582624,0.049493640328076495,0.031389750045771554,1.0120226876959135,0.03477792366631473,1.1545351502677063e-10,0.06001274014828823
2022-11-20,0.03613977884543137,0.00013197652431664388,0.0011741070906800446,-0.7979049383955735,0.8876196680889458,396175615.5144,-0.029687075758401297,0.050014214658949244,0.030820708978017225,1.1478850496288568,0.03447673717788669,1.1015580288242607e-10,0.06027822917250829
2022-11-21,0.035133208332820166,0.0008329350280278072,0.0004014072997295373,0.3496013371609035,0.5407070787444459,716083820.97435,-0.01248496152259383,0.050113598017919744,0.031017214921326062,1.1697320673973022,0.03442835321801618,1.0877183640721452e-10,0.06033440814818387
2022-11-22,0.12798495378496116,0.015871637500145197,0.0005085108951934467,0.9379113201027951,0.9358008108709562,1183189218.97977,0.14141344700155586,0.05535697511105175,0.032779133588813104,1.6086983214423336,0.03751895231101894,1.1375461243847153e-10,0.06637043382650495
2022-11-23,0.030482933670291378,0.00010111213288308105,0.0008280971122643026,-0.7823695073824982,0.7221742744688026,1653648938.73199,0.11191125062602977,0.05283839385728777,0.03245291075522932,1.5944156608644224,0.03731892268723162,1.1141611743086267e-10,0.06417381641718826
2022-11-24,0.020637641302828417,0.0004060608970837672,1.9851341460442136e-05,0.9067820097008947,0.5323285037372406,887705796.81849,-0.0040609192863149575,0.05132323332796244,0.03227188746148234,1.5565806518742162,0.03797536841177332,1.1032256938547597e-10,0.06330505583667081
2022-11-25,0.03807664162172838,0.00012264681633811415,0.0013271838208514237,-0.8308122160035711,0.6437606943348008,806300262.8511901,-0.06014781829812776,0.050277571129124864,0.032175515388810576,1.5513774244923508,0.0380257664554584,1.0568563182182595e-10,0.06248950221247822
2022-11-26,0.04814375587741754,0.0019342642006301776,0.0003835570293541984,0.6690365724566395,0.8332696102908326,715080227.53335,0.031634748540985004,0.05126533381346874,0.03237500466857605,1.6247246726327398,0.037669545295499436,1.0526075523251815e-10,0.06308373736796863
2022-11-27,0.02495588351731488,5.8567385472987463e-05,0.000564228736656801,-0.8119211620242485,0.3897490656588413,572714019.08541,-0.0204884570854563,0.05085481683586704,0.0324031062449314,0.9915218532625723,0.03791810561781513,1.0486871911167367e-10,0.06289299869297171
2022-11-28,0.04323328978180609,0.0015435179974418896,0.0003255993479157294,0.6516009562220051,0.8139392903424304,737064244.07517,-0.013174004215180357,0.05033790605825117,0.0328255227836206,1.052827883508603,0.03794580019675577,1.0491709724109377e-10,0.062491780626909695
2022-11-29,0.02712262735714535,0.00032500006867984863,0.0004106368460747208,-0.1164117456278593,0.3968159781421574,661105492.24387,0.0248576209236668,0.043823210295363166,0.03261863091299346,1.0916330328739943,0.027876435021906436,9.752079660824951e-11,0.051580663395646875
2022-11-30,0.019598246367654476,0.00024125416910304812,0.0001428370915842337,0.2562335767356689,0.44715966150382486,616488269.85763,0.043268840155482026,0.04082126416246133,0.03260586253762968,0.976818679220131,0.026863396755880658,9.000041171840464e-11,0.04851446984419412
2022-12-01,0.013317231523483063,0.00010265088011659806,7.469777533345295e-05,0.15761667159082526,0.3509105432805285,504136503.864,-0.019789985151060296,0.03656767004471205,0.03262228961900972,0.7725046471307866,0.023438716131332017,7.214757927813905e-11,0.04313243869325799
2022-12-02,0.01891831629651759,0.00030234876483480896,5.5553926660273974e-05,0.6895584862566634,0.3692958094076167,300760967.31668,0.003989452559761937,0.035059915723511414,0.032497836720116954,0.7349733503642013,0.023510476773835824,7.123846034682276e-11,0.041900109025881364
2022-12-03,0.0115370925193676,3.8142219038975795e-05,9.496228476147203e-05,-0.426883118903938,0.4005988398632793,211665330.95973,-0.018796327570140818,0.0345030519894579,0.03248971916613875,0.5443323044939509,0.023939239491609275,6.948892779331362e-11,0.04166842831155801
2022-12-04,0.009199347528947216,6.47663621700014e-05,1.9861632788345843e-05,0.5306131783431364,0.5870919691940919,237775038.72472998,0.008080325471116334,0.03345489191588761,0.032246394110521125,0.4382228873131427,0.024564313806768077,5.8113884602210324e-11,0.041157037187504214
2022-12-05,0.07290690234422921,0.004599333021042044,0.0007160833883889314,0.7305635783798962,0.865281789189948,959482285.22123,0.03970492269068762,0.034987753746917885,0.033153170473419855,0.7379999177244624,0.026002397047170927,5.8176465239418557e-11,0.04322118869772356
2022-12-06,0.03512441246176642,0.0006306271000488253,0.0006030972507354668,0.022314424851756737,0.5111572124258784,439009356.11433,-0.004000005333346017,0.035877489307948776,0.03352686491304248,0.8573799376745734,0.025653330252296727,5.2612027249990674e-11,0.04374871213372464
2022-12-07,0.03480269469729343,7.780611771033611e-05,0.0011334214404826804,-0.8715251858595223,0.8920084702808009,438319414.61698,-0.03816916201860381,0.03603656448675364,0.03381029144475726,0.9373610770795114,0.02563493253258444,5.4658161046469785e-11,0.043869019819919426
2022-12-08,0.02402955626953454,0.00045538491638352996,0.00012203465812719685,0.5773102834949708,0.5768789787196996,485914156.39565,0.017539784190670274,0.03485107703840597,0.033980446263245825,1.0027362293468693,0.025584706514783073,4.6354429362312964e-11,0.042871953943956195
2022-12-09,0.01805814368360441,5.597107769972514e-06,0.00032049944552772937,-0.9656720826186546,0.7993376261981323,324239984.09173,-0.02511133759485122,0.03411736420036957,0.03403053431521084,1.0529805979417033,0.02584600898582047,4.987245616632537e-11,0.04242876885046844
2022-12-10,0.013367552618502266,0.00010250490296783669,7.61865600405901e-05,0.1472837173312833,0.5620393514987602,155655438.33728,0.0001310701882733042,0.033465248114411664,0.03411852868021637,0.7146385478923913,0.026203215096887167,4.722251067172659e-11,0.042116928553739365
2022-12-11,0.021955115124507266,6.962320848090023e-05,0.0004124038716494675,-0.7111232486686427,0.835589185180845,230328891.90034,0.0020947899778553177,0.032789787937224806,0.03429159625164635,0.6356365345713246,0.026313417204554178,4.4087303318304826e-11,0.0416484679601327
2022-12-12,0.022193863433892017,0.0004383921828311211,5.4175391291128136e-05,0.7800285924721366,0.5829360888936046,331952021.09318,-0.0036687672178085766,0.032173628656323464,0.03436389316802501,0.5669166501917773,0.026407127635451125,4.378335307333017e-11,0.04122223036312134
2022-12-13,0.037967154752507566,0.0008074872805349022,0.0006340175594659554,0.12033932613701362,0.4071987819312446,458986945.77411,0.015368888076444967,0.027887066797635196,0.034722218835487415,0.6396342427776939,0.01485701157179026,3.968647171022057e-11,0.03143100853114061
2022-12-14,0.035233132156454766,1.3729724109217481e-05,0.0012276438774449895,-0.9778797872098651,0.9595410697173031,347043945.13211,-0.02672414735608726,0.02811326672554774,0.03514019685051581,0.7294382565195777,0.014934469380876156,4.013074522759666e-11,0.03166659543805332
2022-12-15,0.019917295966498126,0,0.0003966986786170825,-1.0,0.7558356374206763,317186883.98778003,-0.03926851671253106,0.028078964566674865,0.03494370741162936,0.7644266648274766,0.014953313622051748,4.580826130821106e-11,0.03164462268278843
2022-12-16,0.06421835944716132,0,0.004123997690084815,-1.0,0.7813390329858837,478267703.34896,-0.08951290246397471,0.029323808272647862,0.035706276999320344,0.9745566901514326,0.016801178126133062,5.1168421905507446e-11,0.03359647947284293
2022-12-17,0.039592737935667074,0.0004894120321921858,0.001078172865050225,-0.37558465502809285,0.37716571638452767,416684742.85214996,-0.020754598174301794,0.02891661694208832,0.03609766321061081,1.0583696141444727,0.01642158688544664,5.1433633103574826e-11,0.03306051864860527
2022-12-18,0.01925015701423703,0.0002154609925228973,0.00015510755254988175,0.16286714232899138,0.5814335711644957,256589048.71846,-0.007429224697928288,0.028644915680036992,0.036156780341735535,0.9553208526523542,0.016537190060449045,5.1108845616602366e-11,0.03287836760412631
2022-12-19,0.02480365018835949,0.0003890095887035483,0.0002262114739629576,0.26461726462190227,0.4721125943161991,343023703.50554,-0.016446451051713128,0.027767313794634776,0.036416654986480744,0.8970842964841034,0.016210080007665273,5.254084115248843e-11,0.03195743590335819
2022-12-20,0.006009092747650543,3.610919564986635e-05,0,1.0,0.5121582775188251,371668333.73973,0.03384890762839482,0.02676190738465883,0.03623616633700492,0.8306288254445483,0.016892469855813413,5.508716511723624e-11,0.03143194021612978
2022-12-21,0.012713635126147474,8.165211075393567e-05,7.99844073668752e-05,0.010317615143218972,0.408121467403599,270479012.34279,-0.0022923521920376715,0.026434068754110876,0.03622354582125655,0.5515954229435293,0.017103931754647438,5.2148553991832555e-11,0.03126297782955106
2022-12-22,0.03234332613780443,0.0004181569696298347,0.0006279337760265486,-0.20053404283304951,0.6002670214165247,262233252.93246,0.012165600163688372,0.02734007325955475,0.036435445573833436,0.5105571549092783,0.016876788506411868,5.24884146932187e-11,0.03191774512294387
2022-12-23,0.006196016132612617,1.9723469647705195e-06,3.6418268950825284e-05,-0.8972484854576519,0.7379985278823288,168272814.42148,-0.006824929805659366,0.02673424944222594,0.03609925531087054,0.4426605435150278,0.01741401374582486,5.3788138031540656e-11,0.03167850364192297
2022-12-24,0.0046654722617853256,1.4213329820565129e-05,7.553301604923155e-06,0.30597422657891,0.6147409628879669,82315677.21803,0.0003043213657084923,0.02640702942996012,0.03603581054767189,0.3428467183765561,0.0177746818689288,4.9735514020841116e-11,0.03159471141733851
2022-12-25,0.03399040168033186,0.001151433972844811,3.913433545495549e-06,0.993225529353595,0.623356719649953,271693000.87104,0.05014399582781813,0.027587555818121296,0.03619879187299471,0.4944974372690485,0.01739385385056708,5.6905902901371185e-11,0.032391548715436834
2022-12-26,0.026531720606263857,0.0006197431722914003,8.41890260374458e-05,0.7608035937628289,0.7679307197124238,465389372.62375,0.02331508027427458,0.025379213830599136,0.03634748427198312,0.5695302552972987,0.013956687273361062,5.732096940065984e-11,0.028803089104149207
2022-12-27,0.025167995446196273,3.4178761130018906e-05,0.0005992492336497374,-0.8920831999479187,0.9016697637455943,388400549.0469,-0.03028577361759495,0.024905098734619605,0.035765396906583063,0.5294953882929326,0.013777041812675224,6.060021629199923e-11,0.028302515810073103
2022-12-28,0.01854266307811167,0,0.00034383035402836575,-1.0,0.4985971307262989,379749982.8269,-0.0348467313301683,0.024130811514658568,0.035747080230834796,0.5957700780896316,0.013649296445472931,6.082314949831061e-11,0.02756315969568244
2022-12-29,0.013119483649828905,9.502979846629573e-05,7.709105277183228e-05,0.10422180442069341,0.44222774848949575,233510924.58517,0.005116640207171504,0.023611284247053537,0.03559295634019312,0.6455788810935267,0.013859359432586739,6.014768826520348e-11,0.027210803611915538
2022-12-30,0.021346597549184925,0.00034258645290757443,0.00011309077401929338,0.5036364894423682,0.7355844105121614,279414260.4814,0.01932570923755825,0.02376787728827166,0.03557406642271533,0.579128863010551,0.013811975536401342,5.975332227523319e-11,0.027323951790952407
2022-12-31,0.025002361885698727,0.0006251180998634404,0,1.0,0.9426738143898442,339368005.2464,0.03230526454537808,0.024321915824804825,0.035760268089097665,0.5688013892151654,0.013605742226443241,6.424619727675274e-11,0.02771022830568347
2023-01-01,0.013012236310770102,0.00016931829380732394,0,1.0,0.5933227577487017,311004075.92203,0.010495061584793488,0.023896064452722098,0.03556668901629872,0.5185510454681067,0.01382176399485692,6.542005247490673e-11,0.027440223362179286
2023-01-02,0.05424633798053253,0.002922492719111319,2.0172465186846962e-05,0.9862896633334395,0.9798082141131735,608578911.94117,0.052216834502049135,0.025422372764466884,0.035903199812903366,0.7213382800288464,0.015313626048690004,6.897953601249955e-11,0.029489611271370997
2023-01-03,0.015583961714105666,9.490331600532859e-05,0.00014795654670138263,-0.21845203280924017,0.42225759417423553,438338026.16421,0.011183713956381354,0.02435650642930489,0.03586684944599728,0.751205493863722,0.015175157561155133,6.859999003960028e-11,0.02850541774267603
2023-01-04,0.018292562115091292,8.688948643942279e-06,0.0003259288800905309,-0.9480664334186618,0.4908927869039975,486439115.8669,-0.0015898254540997624,0.023549812617811392,0.03483382440021563,0.7366986546707085,0.015017510979752138,6.5088714376059e-11,0.02773769987507472
2023-01-05,0.014707366950680839,3.3247025276585894e-05,0.00018305961734539313,-0.6925935803581499,0.36099297261691315,329759339.73059,-0.016173579848169004,0.02330172075991533,0.034234639551517544,0.6828424051618583,0.01512318393679811,6.15289122717445e-11,0.027582420078875826
2023-01-06,0.02592808490259557,0.0005027738742447884,0.0001694917124714159,0.4957596645714769,0.5720885614804749,458645485.59817,0.022251267783370023,0.021478374353031248,0.033693251251601324,0.7696218812416106,0.011910339794402277,5.4926746161507364e-11,0.024421746497928176
2023-01-07,0.0073998994278182805,4.390275267901902e-05,1.085575886280629e-05,0.6035042386236334,0.7560433141918815,218746002.42796,0.0060423144559624406,0.019945382043133685,0.03337577759956358,0.5310109659282977,0.01152789181661606,5.387025277887522e-11,0.022899396286999343
2023-01-08,0.03970445127019483,0.0014522220866814055,0.00012422136398586992,0.8424030193619826,0.8692226238057754,326359703.60941,0.03005320652306481,0.020919396055322153,0.0334730428570754,0.7036990022420113,0.012304187304280465,5.687655546637583e-11,0.0241206335916194
2023-01-09,0.022937732915049504,0.00020479836264758691,0.0003213412286345585,-0.22150560025899055,0.5124882924110646,705862064.83583,0.037175292370571274,0.0208305428518312,0.03297858756823905,0.7683992483209059,0.01228145139052886,5.710136440433315e-11,0.024032540232637317
2023-01-10,0.023606532271164153,0.00025932251006855075,0.0002979458558009639,-0.06930834064508311,0.3511970364799325,362884034.83357,-0.008980807116929425,0.021668516162474706,0.030751211280832233,0.8433448924365962,0.011810938816553977,5.3943056600335865e-11,0.024543432795294227
2023-01-11,0.047893327463577696,0.0018959801263859954,0.0003977906891474903,0.6531556801981787,0.4377234156489034,604325957.73237,0.03842664154526181,0.02334373960711424,0.030199690841228817,0.9839976247271155,0.01292010546124227,5.6567380170764e-11,0.026531307883627276
2023-01-12,0.028570604831711456,0.0006845729925635967,0.00013170646788621734,0.6773005465220455,0.7122339723366593,730014018.7829701,0.023389442568667578,0.023164086211586006,0.02902394317195094,1.1329088557991052,0.012814507955345278,5.5883924486912024e-11,0.026324264538295783
2023-01-13,0.020746211395906947,0.00032093198763003005,0.00010947329965362926,0.49130132510904445,0.640445382669884,497196822.14205,0.001973188499303852,0.023856952652695256,0.028550372606144205,1.0126433754049333,0.012231274784669765,5.414153912834202e-11,0.026676474069588316
2023-01-14,0.035086481724566035,0.00044244032507782035,0.0007886208747304859,-0.2812049877833619,0.4320280109232873,737468249.07872,0.01940916513113289,0.02530557215092291,0.028738551190113645,1.0863314316411319,0.011631428530665799,5.5218760146680894e-11,0.027734810697437526
2023-01-15,0.015026963581412768,0.00015190187093267873,7.390776354442687e-05,0.34539760701025146,0.40916578787149543,318440281.7115,-0.005246362398476022,0.02440255128906962,0.028481666341026175,1.036440184749652,0.011659549183468143,4.72146624964806e-11,0.026925007353727073
2023-01-16,0.023172154586608387,0.00012177240191086205,0.0004151763462748141,-0.5464282119203179,0.43350973551582045,375534458.67283,-0.01730146963575278,0.024242571954800313,0.028203179844105777,0.8757453805598453,0.011651920005224763,4.702292833357073e-11,0.026776938363716946
2023-01-17,0.03300054307754975,0.0007307073226592661,0.0003583285207539508,0.34193438550031474,0.5307657846422889,447628941.6235,0.012833287867349014,0.024615550413436188,0.028466046152001524,0.9076398303349342,0.011807347445910304,4.4675016785974145e-11,0.02717903677421231
2023-01-18,0.030553692530322654,0,0.0009335281272374944,-1.0,0.42876729427511473,450220524.78748,-0.05198884140281491,0.025187504196874808,0.028451626732762338,0.9756853405877339,0.01178936150019055,4.5804153516240744e-11,0.02769080869742299
2023-01-19,0.016015365223219117,0.00019497649054794997,6.151543268514633e-05,0.5203323994787785,0.4187782543832965,229262612.9531,0.018582324538189428,0.0253254033194172,0.027929254868292237,0.8498681380043434,0.011657342247578728,4.862038168562972e-11,0.027763259110059023
2023-01-20,0.046341120541247616,0.0020946064247597228,5.289302825871902e-05,0.9507398912867011,0.46437324508363903,351967877.61579,0.07006934897696326,0.02651561869999161,0.028133620062877618,1.0686414109814855,0.012477886789915809,5.480675022726657e-11,0.029178099999134503
2023-01-21,0.03298490886471956,0.000267254069976301,0.0008207501428375541,-0.5087260383209103,0.6227971615560144,367489898.36693,-0.025920104684751755,0.026895739984706894,0.028227634641307793,1.2075030336003687,0.012550857755300205,5.36324839155697e-11,0.029553404464025372
2023-01-22,0.01206045596523755,1.3774699742387652e-05,0.00013167989834704638,-0.8105979470801169,0.8682595244109573,273708429.07225,-0.004214849322237488,0.026850417111110105,0.027845423167019004,1.060747324540575,0.012605101047055116,5.275883209880663e-11,0.029534172562499836
2023-01-23,0.051565672362684806,0.0022297004392217643,0.00042931812699399126,0.6770852731540078,0.8244114121090785,408863451.414,0.02702867238791942,0.02672276636740307,0.02810625592939781,1.1985573921081218,0.012324237544441619,5.182100299505261e-11,0.029304613410486582
2023-01-24,0.029559220848908406,0,0.0008737475371945415,-1.0,0.9366292980071421,280224229.96034,-0.031834723520018406,0.027388254897631775,0.026543942708190618,1.3076711754754646,0.012067329346828639,5.6015791618725894e-11,0.029812793182655267
2023-01-25,0.018707221886260436,0.00030133115644629863,4.8628994255482845e-05,0.7220883911613009,0.5149685587103754,296533658.27239,0.025481249547843258,0.027408000601020777,0.026357026648126634,1.119008108045373,0.01205203151028478,5.99520814232972e-11,0.029825043572677713
2023-01-26,0.011546880200928708,2.912422569889179e-06,0.0001304180198047102,-0.9563127142156095,0.34341801849164766,226603514.15083998,-0.021591298258094808,0.027257501231984962,0.02621272885285839,0.961724944618397,0.012236875958475535,6.215377943111745e-11,0.029758729416446805
2023-01-27,0.019550619926824275,0.0003611592979214231,2.1067441601715346e-05,0.8897646897859691,0.5447384870665211,191293929.71471,0.016207075438173218,0.0269538124236149,0.02591866501643134,1.0360111233523228,0.012350130710641092,6.387798126090216e-11,0.02952576168036036
2023-01-28,0.019767734664901095,0.00027728840086374215,0.00011347493291819027,0.41921401980096956,0.6890116903956718,170173406.84224,0.008620260488641812,0.027542756958714082,0.02546825198131203,0.7882252389192422,0.011645846475313882,6.497480173753497e-11,0.029795483423430427
2023-01-29,0.03193248090538137,0.00045924048487265383,0.0005604428518998923,-0.099248819096681,0.5427702478284563,759236092.20321,0.056662867551979856,0.027172663131818202,0.025578991622392452,0.8005530014535066,0.011360020493112724,6.4143624416726e-11,0.029347205080892766
2023-01-30,0.03607672151091628,0.00021204478388834325,0.0010894850510878662,-0.6741607019831102,0.4603779799589085,521283390.46873,-0.03898480249492314,0.02779832925543091,0.025465395300632295,0.9237259985295874,0.01147634156361107,6.519694280116131e-11,0.029969681196132046
2023-01-31,0.017433168383954246,0.00014070782107367864,0.0001632075388296233,-0.0740328417856323,0.4629835791071839,516481342.99803,0.03020400024244777,0.02750435954651615,0.025311594364549897,0.9703992447402564,0.01166657389648451,6.680322422923914e-11,0.02976772349613347
2023-02-01,0.051234628633018246,0.002253144018005195,0.00037184315315809803,0.7166895463391454,0.674908629619032,717140609.16089,0.06498997043022252,0.02766346912601332,0.02581375916241281,1.1863151376652854,0.011977192815542095,6.809073834720902e-11,0.0300314763132484
2023-02-02,0.01672973317964082,1.2045287962706393e-05,0.00026783868429926857,-0.9139265613149735,0.6591341070799793,423644570.12225,-0.017272974132306607,0.02709961809496234,0.0258679258553677,1.1577687685733942,0.012208829087345656,6.850657682725673e-11,0.029603157386646126
2023-02-03,0.013975996132294338,0.00012095846780335029,7.437000008655599e-05,0.23851345490025108,0.41725225012964223,305371052.16323,0.012181154292700716,0.026777226891933164,0.025789476328951455,1.0615960406736322,0.012471549968973714,7.021710329843556e-11,0.02941347978396462
2023-02-04,0.01247959683544977,5.5146745043567006e-05,0.0001005935921318009,-0.2918116649321203,0.566917882621715,192580693.52616,-0.014411940048471095,0.02570070856388001,0.025804436714921015,0.8898130535515995,0.012692188455911114,7.252744642648407e-11,0.028529757055366284
2023-02-05,0.02271853089333042,0.00013158045530946964,0.00038455119064173906,-0.49012831768153853,0.3222525361357534,233548267.55781,-0.01926881385637077,0.026066973673971323,0.02601902692705408,0.9393845232981572,0.012477941246389512,7.567170582789692e-11,0.02877102527417932
2023-02-06,0.02264719392198109,0.00013255790148152183,0.0003803374910582954,-0.48309965965923124,0.7415498298296156,245705634.72562,-0.006853609381680771,0.02604197554708431,0.025221253777494585,0.710786070243123,0.012484554753649065,7.480608622399061e-11,0.02875111297740606
2023-02-07,0.023282429602208533,0.0003859034946078133,0.00015616803357398285,0.42381023368706316,0.5529504927408014,425367648.8481,0.05019848938806957,0.02557920823873473,0.02503328579559684,0.7607251965540794,0.012393503044877673,7.906049232767153e-11,0.028294532646195848
2023-02-08,0.025284494261114086,7.5969823536216435e-06,0.0006317086676866896,-0.9762336455085525,0.9840864209607587,356940927.70811,-0.017092724601660933,0.025328294035439083,0.02488220324899082,0.8444726255226518,0.012340983753622456,7.584204157405195e-11,0.028045855014857287
2023-02-09,0.05135417102217596,9.939238342760972e-05,0.0025378584979472876,-0.9246242485843494,0.9593789144944401,526886412.1336,-0.07524074749655728,0.027011094311579886,0.025315927292683543,1.1309868745017078,0.01337375242378477,7.878251889189951e-11,0.029998990944890534
2023-02-10,0.029301292803664024,0.0006129330618711749,0.00024563269809487826,0.42780690880430566,0.5882243081384607,387273302.07205,0.014030016451660663,0.026199673943123523,0.025494389977128933,1.1768046178507154,0.01263905397892979,7.102770319894973e-11,0.028957929187087388
2023-02-11,0.00869511073602522,1.966352896718925e-05,5.594142174455181e-05,-0.4798348843011519,0.6887997455186939,257051854.04011,0.010024612049978452,0.025043016889376175,0.02542022423296263,1.0892824392466016,0.01309043365102245,6.952606358565262e-11,0.02811320284373231
2023-02-12,0.018114030858693335,4.445600391664618e-05,0.00028366211003304817,-0.7290243846552038,0.8214609803675219,229820084.40324,-0.01928700094197855,0.025331282360493118,0.025359254641441776,1.0604100350425405,0.012854781184606454,7.278906953564813e-11,0.028267480198858382
2023-02-13,0.029142217655323484,0.00016564172877389118,0.0006836271210963568,-0.6099192174558197,0.6266629592380143,482894200.79188,-0.015811899134828212,0.024263498802999724,0.025469545978289893,1.0845657448034332,0.011417628034924356,7.120036380645425e-11,0.026699660650870382
2023-02-14,0.034431451457899324,0.0011855248494976776,0,1.0,0.8344313299246632,441747665.53642,0.051095450881118346,0.02449550978438024,0.0254134237037723,0.969313374966371,0.011578982634664984,7.129856078378677e-11,0.026976256551877947
2023-02-15,0.04308603760873573,0.0018558899683264517,5.166684949380677e-07,0.9994433671107503,0.6498705814265617,554151343.28497,0.07123925856660306,0.02565640577116478,0.02553807299666565,1.0784125441871266,0.012176327352160213,7.33283332394277e-11,0.02827461696488238
2023-02-16,0.047552628980754644,0.0004744973774226546,0.0017867551455586516,-0.5803234069611451,0.7340256233299516,584521434.73777,-0.04190862501876887,0.027370965236870777,0.025976729076257022,1.3663387714931339,0.012617231941626603,7.22052405438575e-11,0.030013056948549045
2023-02-17,0.017735256054873673,0.00024239926511624715,7.214004221568617e-05,0.5412971254523888,0.7706485627261944,436653767.8986,0.01619672246164777,0.027284519338206463,0.025238902038284203,1.3697326302120099,0.012679556374902073,6.99371171723515e-11,0.02995931201379838
2023-02-18,0.023667412310497352,0.00012171578062070124,0.00043843062485438044,-0.5654144008387615,0.734337196947022,328252598.90991,-0.004801929995407306,0.027470218273711048,0.02498611909185294,1.3107554986489311,0.012592220302083072,6.822154673654456e-11,0.030093624522429013
2023-02-19,0.0282049250139967,0.00011779549508322502,0.0006777222999619517,-0.7038520173479325,0.7787025067200661,379293165.22731,-0.02302916887911466,0.027292715612216537,0.025128258266452298,1.2490339758249758,0.012552383434695762,6.755890833189071e-11,0.02991574313452493
2023-02-20,0.023852373107796993,9.924974737484529e-05,0.00046968595549871185,-0.651103817624527,0.7108278910438284,486438978.34389,-0.015305365990093136,0.026710603783496573,0.02511315863025289,1.1052133140606637,0.012407271772932126,6.54959514473992e-11,0.029326886170012056
2023-02-21,0.029522657231548396,2.4824860848553003e-05,0.0008467624291629439,-0.9430352848577551,0.969998705483221,482493714.74542,-0.022764182491676697,0.027286293728620098,0.025486389812536987,0.9494347510174403,0.012234551272479799,6.495785314969435e-11,0.029784194618969695
2023-02-22,0.0411592558599147,0.0006213587294352094,0.0010727256135067134,-0.2664370790935159,0.632898218603916,566011425.6142399,0.014918543628513014,0.026806514072758032,0.025937907601961862,1.1043421042730923,0.011418816207252176,6.189754696175894e-11,0.029030493330201673
2023-02-23,0.0174120933276841,5.286472833486339e-05,0.0002503162657171178,-0.6512662114578357,0.7455678167189183,367396090.59938,-0.006638241541293517,0.02683900741314104,0.025700903906563127,1.0682908296839626,0.011389641625852695,6.081640534143326e-11,0.02904959423098512
2023-02-24,0.022351394510333834,0,0.0004995848365565815,-1.0,0.9571807502181493,341777490.6471,-0.033103506297792254,0.027237835907333398,0.025957338483987274,1.026398258503978,0.011058526100113899,6.352912971809557e-11,0.029297906469453086
2023-02-25,0.016198267676288635,0.000200895238655286,6.148863705741117e-05,0.5313078070030532,0.4997393541875107,278445725.11458004,0.01722592835573451,0.02741491547118287,0.026140398728661928,0.9734613290506021,0.010837960914656481,6.291145024470731e-11,0.02938444464734179
2023-02-26,0.012771267555712947,0.00016173339681438637,1.3718781652198106e-06,0.9831780037108997,0.8452840477810152,247960424.37118,0.02272825107755609,0.02694123626462966,0.0258035870758902,0.8478341558446936,0.011262540832592902,6.334745828789072e-11,0.02909698966667544
2023-02-27,0.019514574734016476,9.714658841611663e-05,0.0002836720386333976,-0.48980127800583884,0.6527841569444601,310950200.95681,-0.01278749260997027,0.026792063922345625,0.025692203808076748,0.6780545638024325,0.011342719519199369,6.397747477304645e-11,0.028988712249380186
2023-02-28,0.025616357050949022,0.00035434047132049806,0.0003018572772412076,0.0799807591451302,0.46241751398644965,290922978.28953,-0.0027691997672818973,0.0269032033246666,0.02569932065894584,0.7390718550114749,0.011318019005349785,5.881112544581459e-11,0.0290822973611133
2023-03-01,0.020146990817858222,0.00032219609994390305,8.37051390709605e-05,0.5875590856824395,0.45219677873096914,376149776.71119,0.04157256601330623,0.026658560303559183,0.025724786178624358,0.7244264044196193,0.011409908891289618,6.179372571649119e-11,0.02889057846490965
2023-03-02,0.02166854201815456,4.615616822017666e-05,0.0004233695449723531,-0.8033923726718232,0.6603798808852929,340819799.28271997,-0.024968922120203137,0.025244958922415305,0.025860485517804132,0.7622468705041283,0.0099417902455081,5.848223829903881e-11,0.027045156979178676
2023-03-03,0.010838845438786313,0.00011746792731652121,1.264312937763812e-08,0.9997847622065564,0.5791893994044616,422623867.30691,-0.05188421466640728,0.024365794762183028,0.025693695801766055,0.7687313360757131,0.010372161310033835,6.260315231214964e-11,0.026384668750978963
2023-03-04,0.011129204652422382,2.6134653631138778e-05,9.772454256436121e-05,-0.5779941347287979,0.48327087608276537,228512532.45671,-0.013570842309954393,0.02448170399629718,0.025473486956793415,0.7048675050803519,0.010200464329509173,6.357407295906367e-11,0.026428177506449404
2023-03-05,0.006346290599858637,4.135271534698665e-06,3.614013284315543e-05,-0.7946502785718774,0.39489292988487806,261453926.6315,0.006696453595121294,0.023921335412543147,0.025367678294715458,0.5573084137139195,0.010869087212552194,6.079741545847658e-11,0.026167570972837752
2023-03-06,0.021100107974082224,0.0001765535522224578,0.0002686610042954705,-0.2068832896960853,0.39655835515195736,324517274.92251,-0.029347478632018118,0.02353837780867452,0.024841547659692435,0.562501306732431,0.010817492922332517,6.35445694258048e-11,0.025797307804937247
2023-03-07,0.0302811311302048,6.197569044326738e-05,0.000854971212081391,-0.8648216373867935,0.9322781248021119,429953914.1616,-0.011868549757069068,0.02334074350735573,0.02507483606312258,0.6288501759981894,0.010645065724699967,5.935112353214098e-11,0.0255482223243877
2023-03-08,0.02322073757079779,5.858141295621016e-05,0.00048062124037564986,-0.7827109618462675,0.38524820482001493,401204249.86003,-0.042136410760836664,0.022394776838882496,0.02515306107035602,0.7190708530941395,0.009637671752667623,5.823061097442953e-11,0.02428966168398718
2023-03-09,0.06697584286286144,0.00010942616485231846,0.00437633736233839,-0.9512117996461358,0.7105031081765473,533998084.00377,-0.07648237443131202,0.023319691785649486,0.025982719418168407,1.1350554928293346,0.012637807244240603,6.163673507906628e-11,0.026380234270398317
2023-03-10,0.06420582128299566,0.00046202300122609495,0.0036603644853978852,-0.7758468835230878,0.759388763684408,831390343.69783,-0.07125115671055895,0.025532575844131482,0.026590302535317616,1.5384283972753658,0.015381708501841142,6.395141990782325e-11,0.029618285972299437
2023-03-11,0.102888553436718,0.0014031919515180554,0.00918286247678232,-0.7348980281516762,0.8591104545770459,708100968.49306,-0.03145495216788636,0.02930501113585628,0.028105995456093803,2.0486853651774437,0.02281835986040027,6.537012461996036e-11,0.036805801927142126
2023-03-12,0.08581771887238378,0.007263233528143336,0.00010144734431615838,0.9724503081469492,0.7118578996415642,590120379.03383,0.0985259331907746,0.03204847751006518,0.028837952084699976,2.3905106323444323,0.025930646075578677,7.042931646442608e-11,0.04083484229063093
2023-03-13,0.07876218760952941,0.005199180045875104,0.001004302151163605,0.6762134171536694,0.8315890215434512,771458868.28046,0.06567632203058645,0.034663230581576256,0.029724054540167914,2.698832224731896,0.027766334918114307,7.298496059738388e-11,0.04399768269713859
2023-03-14,0.09316265084320477,0.006849247325826447,0.001830032186306436,0.5782985940830205,0.7823130122897157,696909071.36036,0.02997927886334342,0.03769370646784561,0.030828119914327285,2.76322483190557,0.03051416417521135,7.27867330911488e-11,0.04803739117019319
2023-03-15,0.060015607612658,6.200142302427247e-06,0.003595673014814106,-0.9965572678259493,0.6235847155566276,670509621.67402,-0.09435779877995723,0.038591627979881,0.031020537059550785,2.699495249135611,0.03089628620116635,7.823283674253393e-11,0.04897385054115535
2023-03-16,0.017392023617306906,0.00027180892547861145,3.067356002634968e-05,0.7971878604796337,0.7267314800594219,460164262.48834,0.031184075594382712,0.03859067227938685,0.030843099262496745,2.1481053492156037,0.03089697439746574,8.059945190698821e-11,0.04897351094740563
2023-03-17,0.06051775771714177,0.002428032933831816,0.0012343660652788559,0.3259248565879398,0.3370375717060301,541776212.62931,0.08087180210610985,0.0404081181463777,0.03147439364854809,1.9471095477235794,0.031016268451103956,8.309539027241245e-11,0.05048777052646037
2023-03-18,0.03820405157633708,4.3381017164301214e-05,0.0014161685396831224,-0.9405556091456015,0.8112176235553329,571481365.32715,-0.029204354710982337,0.04145601261780858,0.031523878884290486,1.6876421298288786,0.030525284178031555,8.258292920189027e-11,0.051049219997080904
2023-03-19,0.026172443470335316,0.00034053662900182947,0.00034446016820606837,-0.005727821239794932,0.3981967829872736,410920044.45703,0.011617592789102993,0.042094163851838215,0.03170079126347974,1.2707248730507934,0.03003171689452043,7.95644219783722e-11,0.05129205435113056
2023-03-20,0.043810510954312196,0.0005616535759222645,0.0013577072941556442,-0.41474937342088625,0.2926253132895569,514599690.58357,-0.07347622838262516,0.04325111319566183,0.03202838422169725,1.1521721245002152,0.029583001223533207,8.4405343357629e-11,0.05200133417417303
2023-03-21,0.04438396010608501,0.0016990376752769355,0.00027089823942161014,0.724967459702297,0.6099491172281021,487028810.60104,0.054970533250697486,0.044144808579239726,0.03220907338088035,1.3206195335288688,0.029305806101742975,8.932679532107992e-11,0.05259940794520644
2023-03-22,0.05995651402282883,0.003492708828318875,0.00010207474545079523,0.9432095182610647,0.8457141405847695,837700593.3879,0.0564708923278202,0.04604050016042881,0.03267578483314235,1.2990458579241162,0.028961399844616154,8.727396080731997e-11,0.05402359906500562
2023-03-23,0.040806384394597106,0.0016601342921779311,5.0267151816872e-06,0.9939624875198609,0.6246026780615573,1383808108.3817902,0.07005463327085107,0.04695182598787845,0.03306929307395788,1.2959764051307556,0.02845278231853319,8.619601644341986e-11,0.05454799968783853
2023-03-24,0.06525124234837686,0.0010978471728775622,0.003159877455129047,-0.48430334566209143,0.7421516728310457,973961650.78789,-0.0005345592686227846,0.04954289250738276,0.03336945373756311,1.5209439407700565,0.027459926773786242,8.03761101534702e-11,0.05632618173528093
2023-03-25,0.03186618218074834,0.00029890850062315287,0.0007165450661534901,-0.4112808100679996,0.5823004458285893,496778272.41648,-0.022494730271020218,0.05053036762777923,0.033351696171150864,1.44781506247693,0.026360319603910363,7.97043716073296e-11,0.05670181323084362
2023-03-26,0.015333630639834336,4.948975600909058e-05,0.00018563047258977577,-0.5790259621300045,0.7895129810650022,484095557.94616,0.019924860562436728,0.05095833620111141,0.03340365132471589,1.2763494462424658,0.025671054054226528,8.044468471993827e-11,0.05678357111549412
2023-03-27,0.037734824688727374,7.372900681672657e-05,0.0013501879874722625,-0.8964419876826568,0.8983416466556943,593340748.2729499,-0.044953852591983944,0.05175046556847547,0.033184114060049896,1.128581409274873,0.024950181303282897,7.97460997817602e-11,0.057192471765237396
2023-03-28,0.019910440294131557,0.00039307353453387194,3.3520981723056313e-06,0.9830883883596389,0.8012315595900388,572807124.81226,-0.0013464993057743617,0.05125662314771008,0.03303095881314868,1.0049283311828359,0.025493101363422612,7.854355053233976e-11,0.056975363969730485
2023-03-29,0.03252123283344339,0.0008700852249541846,0.0001875453600528517,0.6453480776530229,0.7237938598080597,425983294.26944,0.02418041501882289,0.051699503874502714,0.033250228828183334,0.8064956151737975,0.025058780200320548,7.624540420244724e-11,0.057191600291028294
2023-03-30,0.018733528308186944,0.00011767422867454294,0.00023327085419909868,-0.32938665097688946,0.2751091284192188,493949113.51263,-0.024851511911548288,0.0494022508004706,0.03336430260766362,0.7341329163405569,0.025788964218539365,7.182092575847645e-11,0.05544351204110988
2023-03-31,0.021970031235313475,0.00018267156212474812,0.0003000107103559017,-0.24309811012555377,0.6131934643106695,307582344.82956,0.005936729841979448,0.04739102270296193,0.03340270596176662,0.7787591591104209,0.02622007691910685,6.86590239459839e-11,0.053857810311421964
2023-04-01,0.007070685729268574,3.751458471147835e-06,4.624313821093443e-05,-0.8499254431432453,0.559414081860663,449986803.30274,0.03263129397040778,0.042828267097845284,0.03320116550247087,0.5993681621538951,0.024349957716650238,6.999685964424248e-11,0.048979042423286955
2023-04-02,0.03486166168646282,0.0007296458375062661,0.0004856896180351236,0.2007315909025862,0.3524980181783475,484704435.37302,0.0026990569691649835,0.04040178818423,0.03324766043550391,0.694464437044283,0.02230486365759246,6.231159380268832e-11,0.0458924898482088
2023-04-03,0.022665960458060724,0.0004365401754869151,7.720558799945717e-05,0.6994404879350207,0.538150373725612,603433049.55858,0.0019388200817034957,0.0377305392722553,0.03303479121244271,0.6331426033026829,0.020788616128779924,5.841065824986238e-11,0.04283901019279961
2023-04-04,0.020475476139061158,0.00029028221386429406,0.00012896290925696875,0.3847851667451959,0.6823733805082146,294834410.33769,-0.0045297747860207115,0.034269245238724655,0.03308308181173012,0.6415271252498633,0.016758218487348306,5.709381553518561e-11,0.037971644991934096
2023-04-05,0.030349229658829094,0.00016188815622146502,0.0007591875846628864,-0.6484802518715095,0.8162520514937324,388093602.64033,0.000648368295892546,0.032856560574256614,0.03275156754229855,0.685625798470111,0.015696082069843253,5.047215618884073e-11,0.03625174207638709
2023-04-06,0.01716133337216772,1.3351481840067196e-05,0.00028115988127061037,-0.9093312957500408,0.9210323699855121,240957850.52785,-0.01798511609477734,0.03284557532448808,0.03275841833900533,0.7476219979009698,0.015707522984715734,5.0799433443063247e-11,0.03624650640152818
2023-04-07,0.015700381331723065,7.098903836468386e-05,0.00017551293559683428,-0.4240286418496098,0.6834082692766305,169726594.43235,-0.0039673845294696105,0.030711414544230046,0.03278578953264705,0.6356798167557389,0.014776816433232313,4.4804364374138284e-11,0.03392856411953919
2023-04-08,0.009097388349384927,8.221548403043739e-06,7.454092637648086e-05,-0.801321832752209,0.6290599663559632,111044225.24629,-0.007870128744843184,0.02932538296199423,0.03273210368366189,0.5585252154205014,0.015391182284346097,4.5745836918615035e-11,0.03294823475683335
2023-04-09,0.014930971797421649,0.00010889590292935527,0.00011403801588604542,-0.023065637494795236,0.45047090372808335,150142304.44328,0.007429207535768564,0.02879007478709358,0.03260849163452048,0.5278910013854345,0.015698742363405526,4.675578732512661e-11,0.03261262300677814
2023-04-10,0.023186983482370378,0.000537440589482107,1.9561352960972354e-07,0.9992723200985575,0.6912293562191437,300922002.21979,0.03517132301144074,0.027808002050334443,0.03261705972278063,0.49153323472472515,0.015353399560522818,4.55222283855862e-11,0.03158776292593062
2023-04-11,0.025582769991887695,0.00048104661367157477,0.0001734315067862548,0.47001587565697805,0.735007937828489,447002827.57615995,0.004469994671451719,0.026912707282991714,0.032653573062299344,0.5442613834847029,0.014879338403336563,4.062369332804198e-11,0.030580155645777887
2023-04-12,0.012453042461002636,9.112175620418461e-05,6.395651033134998e-05,0.175171198903039,0.3340427201367704,408696071.20244,-0.02298704867120639,0.024650637208619035,0.03244989922420234,0.5232826065979689,0.013110352374890366,4.0091934452714494e-11,0.027773196224045373
2023-04-13,0.012913963606719921,0.00016028757455694036,6.482881478746269e-06,0.9222538376058765,0.598284833849891,229698607.55866,0.022559770805831086,0.0233224266949106,0.03183973720173479,0.5481673033849704,0.012801017774835149,4.235813121580348e-11,0.026457484715745425
2023-04-14,0.03887746366230233,0.000475358748070448,0.0010360984327431899,-0.370992768958819,0.6492623084904524,519163719.10069,0.023308141773674403,0.022066532471764193,0.031991739913776664,0.6920903920476454,0.00929551515004169,4.4469878912131444e-11,0.023858412712110175
2023-04-15,0.008633211891441981,7.098671642674688e-05,3.545631135788355e-06,0.9048565823634241,0.6155445610499142,188067312.96608,0.0038324144477849963,0.0209602005532258,0.03199075739243407,0.6110084705393191,0.00945211518363613,4.328400552509599e-11,0.022900176523290197
2023-04-16,0.049244747833486105,0.0023294874862558657,9.555770292776894e-05,0.9211909919419379,0.9503222852568891,537384469.5442001,0.034242614036555145,0.022575015657685406,0.032484895757113316,0.7554398011782815,0.01118133885207868,4.435838381004534e-11,0.025073895305238843
2023-04-17,0.012978939674590777,8.968623683766701e-05,7.876663823899956e-05,0.06482286867290159,0.44951725286246974,403867129.52274,-0.012160342802725875,0.02139616399034557,0.03222833578916519,0.7724601400274322,0.010801685328203093,4.218437370868918e-11,0.023851964701074445
2023-04-18,0.02599295023766417,0.00030873939665089983,0.00036689406540678604,-0.08607428734919725,0.5064632440451395,502656707.05474,0.030174059160146333,0.021685807320989976,0.032094391325351926,0.8511449464834094,0.010841331627281037,4.4930966839806086e-11,0.024129066103411496
2023-04-19,0.05870065935598402,0,0.0034457674088272747,-1.0,0.6325593151154963,573059455.69533,-0.1197102324279326,0.0229324466792062,0.03234224246419714,0.9579187014150845,0.013361784968168979,5.217539265041298e-11,0.02638053509990081
2023-04-20,0.0330992480107494,0.0006326688432494685,0.00046289137562762937,0.15496863129609956,0.5774843156480498,509245459.04741,-0.002657808873520946,0.023616528569804413,0.0321128237186415,1.105809167451852,0.013503058090385272,5.0028117637388744e-11,0.02704423220903694
2023-04-21,0.041608633833508483,1.967431112572184e-07,0.0017310816663797298,-0.9997727192689764,0.9206047248872016,455567090.77104,-0.05575045866192001,0.024551700122099413,0.032491766223064274,1.0493637477859286,0.014052207996819301,5.493643606747723e-11,0.028122010146530513
2023-04-22,0.011541847520064291,0.00013315947525121066,5.476892520356022e-08,0.9991777316976551,0.8351610594532134,182299905.47112,0.019393280382757665,0.024764612588327777,0.03229929694067645,1.0501948152945302,0.013805812953531534,5.654905864173568e-11,0.028192380088216
2023-04-23,0.01959550011612078,0.00025053950919995014,0.00013344411560093942,0.3049489249957709,0.4722877335385552,196125597.76566,-0.0026487031089560287,0.024037652513549584,0.03216263940261493,1.02217653043346,0.013648591244999257,5.6926995680506776e-11,0.02748130478383848
2023-04-24,0.020810029479112892,0.0002367048935157344,0.00019635243340581317,0.09318041192553579,0.37157499072310785,339579342.20385003,0.01748915812207002,0.0239492748478854,0.03211434823390565,0.7854143488865962,0.013663917534827244,5.922649271467636e-11,0.0274113079972324
2023-04-25,0.022908002928318315,0.0005247765981638405,0,1.0,0.5867398646830864,469004953.45516,0.030352698300456945,0.02406510945689765,0.032009353721155966,0.7220087433008465,0.013643291477723939,6.157665607246882e-11,0.027502820118207837
2023-04-26,0.0745490586772124,0.0008332703222682166,0.00472429182739024,-0.7001309927521276,0.8349355694161151,593191139.03619,-0.032507749324490035,0.026169863219677805,0.03253935059127181,0.8991161892706533,0.017519841969391457,6.410669538856165e-11,0.03126004129138314
2023-04-27,0.015412192799260687,0.00018918179658106038,4.8353890300522584e-05,0.5928705203388819,0.41409752479469514,399464449.55329,0.01833881624738243,0.026086570811444137,0.03250760613843969,0.9211878906022073,0.017568900684703053,6.273852465397833e-11,0.0312166150326953
2023-04-28,0.017451761648593616,0.00017030991961423597,0.00013425406502508703,0.11838515519767626,0.41045629592716315,253915066.53445,-0.0013386882855964594,0.02616996987415226,0.032429834188253334,0.90924330141326,0.017521224784917997,6.187647892510808e-11,0.03126086869795563
2023-04-29,0.008320552635798839,6.911955330661418e-05,1.1204285848483995e-07,0.9967632449722046,0.48005574700772363,183972421.24499,0.016166889598866818,0.02613297769731483,0.032304791092372546,0.8413994475358073,0.017559849484345535,6.268613982851295e-11,0.03125056134212239
2023-04-30,0.020398760527570586,8.139044485005516e-06,0.0004079703865761663,-0.9608802690953236,0.7726150316384666,222268724.81308,-0.032142037074681204,0.02639334858922668,0.03242586240938616,0.8260659661594248,0.017425468337461548,6.721603497333823e-11,0.031397395084850906
2023-05-01,0.012039691335321403,4.509567085115111e-05,9.985849659866215e-05,-0.3777940759548793,0.439228935328761,253020872.2819,-0.016810962540722642,0.02586252515365292,0.03230721346654973,0.44893814725585685,0.017695717548388338,6.481424807443779e-11,0.031098187625063504
2023-05-02,0.007981820323288084,6.215138474906535e-05,1.5580709241893546e-06,0.9510882361896105,0.660567247050348,268191729.98879,0.016699461618108077,0.025024384693243418,0.032027300185158286,0.40421605496103125,0.01812133778900994,6.730315058648316e-11,0.03064254285113158
2023-05-03,0.03326158541918269,0.000757135893958827,0.0003491971706387598,0.36873048123934477,0.6109892098097258,340879923.71565,0.0075702299272911,0.02601526769125199,0.03223546835343328,0.4951841564867044,0.01796782076952669,6.568234388051302e-11,0.03137297053054108
2023-05-04,0.009335641420850926,4.33732103742901e-05,4.3780990364417405e-05,-0.004678833454624312,0.4809002745336669,172861578.07009,-0.005869753843619485,0.025844871396686796,0.03203970802649195,0.5005609300417335,0.018114645587314616,6.2622425864989e-11,0.031312489994536716
2023-05-05,0.00722235444988315,3.569252878366611e-05,1.6469875016080837e-05,0.36851548945830076,0.3727575530243032,265889523.06445,0.0026001936531111526,0.024337485243714457,0.03198230340762047,0.4240697676781577,0.018292130682420405,6.095021984754074e-11,0.030182475083748685
2023-05-06,0.05856494492072539,0.00044047021642376,0.002989382557143839,-0.7431550299661404,0.8494708509673758,412529655.78296,-0.06230549626669631,0.026715186816537475,0.0327352516658475,0.6965982280904885,0.01936260949912992,6.717188090306232e-11,0.03272245353460233
2023-05-07,0.01280105922497835,7.392370956487329e-05,8.994340771653004e-05,-0.09776029759617164,0.5292127895603395,224217637.62328,0.0016806726645182443,0.024979773073275206,0.032837708310690675,0.7292379113971496,0.018869273808585385,6.449449209612103e-11,0.031033591784438198
2023-05-08,0.05667320053144664,0.00014131287401095323,0.0030705387844666104,-0.912005354520055,0.8738281821760799,508352604.31995,-0.07081944999096616,0.027060452161696908,0.03340236057350598,0.8746367090300409,0.019862690512870883,6.969458296926893e-11,0.03328674767281521
2023-05-09,0.024155383249143823,0.00046122843342061515,0.00012225410649240287,0.5809502491346947,0.6343398242996727,286239705.89997,0.027927684564544874,0.026972948971767368,0.0333051264801558,0.984146037679807,0.0198716740113377,7.148212171763685e-11,0.03322076807486429
2023-05-10,0.020814806604903955,0.00036684237639977434,6.64137975997789e-05,0.6934201907075541,0.6901705941869037,411127707.19669,0.01244106616460152,0.025168860745525462,0.03326693709974479,1.1151423557728535,0.018521061322929033,6.297565150822334e-11,0.030986553786114156
2023-05-11,0.031999630439105434,0.00053858503110358,0.0004853913171357432,0.05194818616592146,0.5008861900672397,453867632.86786,-0.0007420232841082686,0.025116498004018606,0.032711759124764546,0.9720122979418333,0.018499060846423526,6.280497425118127e-11,0.030931501091849545
2023-05-12,0.02388262883861549,0.0005042642132954737,6.611574694759457e-05,0.768169460513938,0.35745316350134526,400168989.19163,-0.005209637185695298,0.02427240252807132,0.03207170845104422,1.0782970755269286,0.01810921656542571,5.759748073060069e-11,0.030024604597887285
2023-05-13,0.006128275743260331,1.4083518255533498e-05,2.3472245329899457e-05,-0.24999430654653593,0.47594239734902993,166067610.05107,-0.002365980806087635,0.02401461339584256,0.03053583102733854,0.7705626027487636,0.018336604427034168,5.32101429431537e-11,0.029948651313824577
2023-05-14,0.03831333494050848,0.0012644162025804337,0.0002034954316831543,0.722741577989819,0.7358426116441634,265767428.58117,0.03935976153515023,0.024905938863670547,0.029781793187150046,0.884055857349737,0.018564566290411807,5.961935141398679e-11,0.03079833331554275
2023-05-15,0.0315424625881694,0.0007789872577543342,0.00021593968837173237,0.5659185044439016,0.46229191846803186,654299562.13401,0.04063976741682603,0.025417007106958954,0.02903227374236655,0.9541340537804374,0.018593875871837424,6.012456314809932e-11,0.031229681893478627
2023-05-16,0.02089288439545211,0.0003883840052851977,4.812861307652852e-05,0.7794858107096203,0.5148830645142053,748398478.2898,0.03483727090548967,0.02532104908158437,0.027885134592402227,0.8951574877615289,0.018612661841191584,5.92594141205718e-11,0.031162316738500413
2023-05-17,0.03367100035734364,0.0008184529860357834,0.0003152832790284524,0.443815482059068,0.7053944083690645,1035886274.80434,0.04211950721084345,0.023374474875876333,0.027466966223270252,0.9704333804945506,0.014992291685973845,5.85860276206738e-11,0.027575924446040886
2023-05-18,0.02316519327031381,1.2247505528092895e-06,0.000535401428698183,-0.9954353678587996,0.39957330327707524,622677153.65061,-0.03702317215103683,0.023743665374497912,0.027558603836810042,1.0991255115975773,0.014881464525979155,5.923124419687465e-11,0.027832966307102424
2023-05-19,0.01806398502753392,0.00015956040925628795,0.0001667471458186817,-0.022024425884783996,0.48373287652988295,502993415.63737,0.014278111864288292,0.023772818868733163,0.02688473442903849,0.9637192712061472,0.014869116646015682,6.033191517806601e-11,0.02785156048713037
2023-05-20,0.01220573188875749,0.00011849745380355047,3.048243713668101e-05,0.5907845422049595,0.6769701764071095,218065059.93036,0.006845992507990059,0.023957827404588336,0.026472062687965797,0.8343041305789122,0.014690334875012426,5.7642275381114545e-11,0.02791965184981211
2023-05-21,0.010699264538467245,4.640250799953892e-05,6.807175366456377e-05,-0.1892936049555669,0.3594674390976776,302747280.00397,-0.0024936316927644357,0.023495946643202464,0.02622645667317424,0.780300368122278,0.014957876347341928,5.114835974818612e-11,0.027661225206407944
2023-05-22,0.005119516238231516,1.141261617799416e-05,1.4796830335522011e-05,-0.12912192387514237,0.36201880739436015,336465573.00384,-0.014542927568818581,0.023166414495721994,0.02561231389990312,0.5659411101499165,0.015295306935521308,5.004272264585181e-11,0.0275588256171928
2023-05-23,0.012463234645324065,4.4585973479378767e-05,0.00011074624434502732,-0.425927549302353,0.44809345134944445,283202562.37283,0.00953693169731215,0.02337981517772371,0.02510563571798628,0.49632698755798743,0.015102910492504285,4.8681219027192716e-11,0.02763786999883867
2023-05-24,0.04441323012211879,0.00013018965018257855,0.0018423453596977015,-0.8679976278945941,0.8791884173358463,636528089.95744,-0.06652587697135422,0.023910845877863525,0.024858916925911516,0.7133596974471875,0.01565373981244694,5.260054030447975e-11,0.028374276550298772
2023-05-25,0.0223739139429866,0.00047613449729276775,2.445752783540246e-05,0.9022855874336375,0.6870983624443825,398978853.73381,0.008705295529913162,0.02453171599796522,0.024566338029854206,0.7948769969016921,0.015301342920308849,5.202256684102577e-11,0.028719106622594512
2023-05-26,0.012074452911315633,7.866024602577966e-05,6.713216708179888e-05,0.0790718714249852,0.4535329475306593,407944148.35204,0.005876608488985191,0.024762768305652483,0.02372226200704371,0.8210545939831894,0.0150616569824818,5.2242862006351496e-11,0.02879662579316809
2023-05-27,0.006910929629919535,3.900973240858958e-05,8.75121594111017e-06,0.633540947426971,0.4112838942410306,194805105.13894,0.016634768906251183,0.022303053291804584,0.023326146887189286,0.844089820622927,0.01339051355327783,4.911710409587735e-11,0.025849442264673925
2023-05-28,0.018586946050819925,0.000327811155577171,1.766340791891941e-05,0.8977440900993031,0.8352468020678717,360988356.04073,0.03257110016245154,0.022578571712082756,0.023377786814347788,0.9057448371271022,0.013243950520506859,5.30567157294435e-11,0.026016180331170476
2023-05-29,0.013418464875798623,9.113229050016569e-05,8.892290912287564e-05,0.012270578033378386,0.4938647109833108,303692000.28175,-0.006363857334155087,0.020518822395147136,0.022991812849063202,0.6391957736597123,0.0108176116552908,4.742068251178792e-11,0.02307531969612833
2023-05-30,0.023722086458770407,0.0004068629637085442,0.00015587442224883403,0.44601362504591086,0.6942800160704433,341447804.15323,0.014641869968322903,0.020498189214653163,0.023052315169136837,0.6501148367133257,0.010810739623215571,4.4816599187520515e-11,0.023053904541410115
2023-05-31,0.03208576024330935,0.00018604380942085423,0.0008434522009702766,-0.638573034682919,0.8034316872887706,375795828.81228,-0.019609545482042776,0.021034901292672464,0.023045402905801374,0.8095587702976249,0.011103071923668419,4.586043491083724e-11,0.023661675506310913
2023-06-01,0.03479034884683953,0.0010928111230649503,0.00011755724981983797,0.8057496338248622,0.6780020254931365,891947042.97374,0.040760031989862694,0.021167792645421707,0.023300273073081575,1.0478830077564214,0.011256509922394988,4.795866952848942e-11,0.023848494679190067
2023-06-02,0.013608928279929195,9.755445509055032e-05,8.76484738377063e-05,0.053487173826939745,0.35701321239599104,494190382.32847,0.013505164114964751,0.02067856880929379,0.02316755715315484,1.0118636361376077,0.011355439816231301,4.864006305571424e-11,0.023460795704055168
2023-06-03,0.02027497230776647,0.0003868513691758096,2.4223132904887686e-05,0.8821472371442173,0.9182180448890238,397822928.11877996,0.006163508673631679,0.021352221026651224,0.023377149003607187,1.0710000696757147,0.01085781326216436,4.869939648001053e-11,0.02383685259555938
2023-06-04,0.02033933845890957,6.359802212889641e-05,0.00035009066681718145,-0.6925319747517386,0.6862865008879762,346450148.00941,-0.019665179697860146,0.02049631643228937,0.02314663593650317,1.049427628467706,0.010138551909543575,4.4350035373787566e-11,0.022759491405307343
2023-06-05,0.08037436900229472,0.0002868611672123223,0.006173178025304712,-0.9111890319350981,0.9535330723819901,779130151.66756,-0.0714235601124984,0.022821645309152483,0.02406264242133228,1.403805957606595,0.016440222457485804,4.575760824237378e-11,0.027896915408922734
2023-06-06,0.028522296399767357,0.0008135213919161819,0,1.0,0.8528825500946159,554120732.97632,0.03607425998217803,0.023184950642691306,0.024190369727057775,1.3399935010659356,0.01647972054853205,4.664107069095914e-11,0.028216851136745914
2023-06-07,0.030819605093261915,0.0001173641988373115,0.0008324838592673043,-0.7528779517189157,0.8751415301476064,516716061.06393003,-0.023153304974716866,0.02304916991583027,0.024197836003794805,1.4596696873394102,0.016400559948663525,4.68386043162927e-11,0.028061256329492586
2023-06-08,0.010800568354108434,9.470960989457984e-05,2.194266687718873e-05,0.6237935943570173,0.8118967971785087,303357170.56316,-0.004175842646138304,0.022460378253153824,0.024096871479698623,1.3868438591239658,0.01661671135232596,4.466276517105656e-11,0.02770262351346118
2023-06-09,0.018285129014109315,0.0002742828667204266,6.0063076342195726e-05,0.640712994498958,0.3716119985021568,338066832.07009,0.009342180613480156,0.022470908919181225,0.02413789922068888,1.374727983934563,0.016613855704427503,4.4626948205000786e-11,0.027709531391002205
2023-06-10,0.10259002649668765,0.00014287051669185696,0.01038184301989922,-0.972850469289232,0.9529063693619291,1065816037.27626,-0.14657988872995306,0.02677492294813028,0.02562190935001115,1.4783887242656404,0.023921839286825262,4.968095076031838e-11,0.03552324146898392
2023-06-11,0.024865335776980607,0.00034244554537302276,0.00027583937792896894,0.10772730327684389,0.36040402536620836,354546646.8447,0.0069803799464181315,0.027449497769011864,0.025779597667147006,1.4385691285133557,0.023643975503482555,5.0226260640154104e-11,0.03585933167742055
2023-06-12,0.026768059813159512,0.0005918870711640308,0.00012464195499685453,0.6520951686641983,0.6310927266364268,397285078.48822,-0.00232138355471122,0.02848038079638939,0.0258364401485881,1.3950943897174592,0.023087085912441952,4.8446283788836505e-11,0.0363147907785085
2023-06-13,0.029268366794404015,0.0001329368973487777,0.0007237003974629938,-0.6896308434061633,0.8448154217030817,393941969.92035,0.00012912389455608492,0.029280625184440818,0.02589494168513598,1.5450616229232783,0.02279352370409765,4.6858306279909995e-11,0.03677172159613128
2023-06-14,0.04875211729539457,2.935439794290225e-05,0.0023474145428410077,-0.9752989047953307,0.9154019363093213,424961802.90670997,-0.05794100837057725,0.029487238859358708,0.026471117476158074,1.733966018534202,0.022956634396605703,4.8374038838856766e-11,0.03703253628835489
2023-06-15,0.018933458335886097,0.00032677533378805347,3.1700510768681234e-05,0.8231372559683636,0.5001516869196301,324436036.61838,0.019912611885035444,0.02932340763997297,0.026566665011541663,1.1306980603725276,0.023022120334933095,5.02577121518321e-11,0.03694105178224158
2023-06-16,0.020203379013941376,0.0003087164801414471,9.946004343951975e-05,0.512661617248594,0.42512747038861304,314544500.29752,0.02031267981109575,0.029710499359145624,0.026270250969504187,1.0902275396899865,0.02278471234978738,5.264688622560927e-11,0.03710978022340428
2023-06-17,0.020372219263590813,0.00035065199178229187,6.437532594152868e-05,0.6897778859734377,0.8005121077755805,191796938.53907,0.009417989822159209,0.030351513151225213,0.026456584419855756,1.0454888286661947,0.022295309551833883,5.0918891474657784e-11,0.037344673823203604
2023-06-18,0.014932385773831143,6.918173584299461e-05,0.0001537944090555201,-0.3794696210710615,0.6860375052502037,206373374.38448998,0.0042871127694912355,0.030177486471368604,0.025911943752242185,0.9632147966823978,0.022405719157472862,4.7611558643132886e-11,0.03726649171753376
2023-06-19,0.009510203022642019,4.9869563639337236e-05,4.057439789253216e-05,0.10277265158857256,0.4123179966672018,207619571.71657,0.0036227235894624238,0.029991378764075434,0.02585688444030649,0.6666396483469207,0.022567531391278886,4.744460064644358e-11,0.037209195142049865
2023-06-20,0.04245371013966122,0.0017457056224962745,5.661188212609893e-05,0.9371787912164117,0.9517550414637571,398160659.90952003,0.03639531855408368,0.03088336084411785,0.026118166343512796,0.8529312920258125,0.02267726489965144,4.975540554213004e-11,0.037994102539966386
2023-06-21,0.02924616037053103,0.0008463315740845182,9.00632233430152e-06,0.9789409019008518,0.9003796517953955,777873052.49996,0.056646313733949655,0.03074814180255698,0.02565063461358497,0.9139957856653252,0.022678202706212836,5.0738294730602334e-11,0.037884806773890105
2023-06-22,0.021343410021178184,6.10856274755314e-05,0.000394455523856598,-0.7318107165646837,0.6550854637114696,564279794.14691,0.010533805267598612,0.03010781138228739,0.0254640340105759,0.9205624095928949,0.022748095104626713,4.94511462877848e-11,0.037407411443291815
2023-06-23,0.04432240684902566,0.0019311063165335385,3.3369432357018275e-05,0.9660271373918831,0.6329665962088086,784779311.72947,0.060761602488676396,0.03157035798081579,0.02550710977272697,1.1334469931832,0.022621271300294295,5.1836728424625216e-11,0.03852326190795351
2023-06-24,0.043525506025949505,0.0003844585286770682,0.0015100111461378983,-0.5941254338477405,0.7025362342948049,601135820.24522,-0.01735329536934488,0.032677526253110226,0.026014786891868005,1.3776780053771842,0.02260977208958752,5.247360538337789e-11,0.03942942522275819
2023-06-25,0.01642725770869926,3.6368455477459475e-05,0.00023348634035055978,-0.7304590762164006,0.38323012830688796,395951753.08782,-0.017207869920025237,0.0324912366935764,0.02596449732984544,1.2246336049259172,0.022732298001722693,5.1840156812734755e-11,0.03934247501608736
2023-06-26,0.01734900598188102,8.883732183421323e-05,0.0002121506867251302,-0.40969527484216783,0.6922389831114396,457465439.44341004,-0.01106496203363264,0.029490028930699557,0.025909560448936997,1.1291126217518004,0.0201028456085942,4.8626663443613076e-11,0.03541951706015238
2023-06-27,0.02236423086721245,0.00014207869279715625,0.000358080129484822,-0.4318656935854047,0.7159328467927025,315420923.58661,0.009702718662568182,0.029196787714863608,0.025900929146379762,1.1335099969217575,0.02016249330368855,4.699139540715443e-11,0.035208239968066955
2023-06-28,0.05038089638366433,0.0001477542048511267,0.0023904805155703945,-0.8835771935019552,0.5846111705061827,458143044.72081,-0.05919856879662091,0.030128277776311347,0.02551730752267265,1.1494867337517236,0.02068626899642314,5.101070948810292e-11,0.03626648069167059
2023-06-29,0.023223552824721685,0.0003765346781716482,0.00016279872763099031,0.3962965175920728,0.6525769747299995,261737286.46421,0.020400349590470646,0.030719848465388163,0.025641297364346633,0.9921672866406706,0.020279546717705335,5.406674051744318e-11,0.03654292400137556
2023-06-30,0.10844450593892152,0.010519834565409825,0.0012403763029269607,0.7890554316051335,0.5340829445058314,3164002245.90725,0.24934429485671245,0.03501315212847446,0.02708562663879628,1.5976762898623642,0.02619601004909437,5.6503525642936126e-11,0.04335290186983734
2023-07-01,0.02221083093953491,0.0003482770212323523,0.0001450439897922489,0.4119691375358194,0.7059845687679097,1692654598.1968,-0.014462104289655053,0.03118557138765766,0.027306107246792093,1.6188735631743238,0.021229962867861614,5.036141696409618e-11,0.03744046931029896
2023-07-02,0.052855828284804354,0.00273833070653155,5.540787714117428e-05,0.9603342435366063,0.7789208712907064,1811630750.0576,0.059277953517133886,0.03251845198326832,0.027821298798494216,1.815511799744353,0.021687061971258647,5.0982016264571446e-11,0.03879924965281756
2023-07-03,0.03328426113552428,1.8811608841965509e-06,0.0011059608784535757,-0.996603918577921,0.7151831907091472,1128243434.31615,-0.05713253037249436,0.032828747284333305,0.02815851419214823,1.6712402639995156,0.021647252303468874,5.3115128652051696e-11,0.03903864401628323
2023-07-04,0.025762769703062502,5.023496708145186e-06,0.0006586968060648898,-0.9848626094842755,0.45839110650963416,828852676.0368199,-0.028354607251156353,0.03266181408950752,0.02844075148389068,1.6709446834123887,0.021689556444547786,5.472854255088934e-11,0.038920806815887964
2023-07-05,0.0406257890769598,0.0004332845281723858,0.0012171702099532406,-0.4749513353338554,0.3775921413003268,1110185645.87695,-0.017015105005982814,0.032274846079105864,0.0285576436054427,1.2162780057788138,0.021459403051465945,4.896579596639676e-11,0.03847392380037283
2023-07-06,0.04882569024725648,2.0900881353236936e-06,0.0023818579399857128,-0.998246532130173,0.625626824570874,1376816349.38182,-0.07436301487476003,0.033698285693933024,0.029184469777290407,1.3728445634224378,0.021521509723054447,4.861507054242908e-11,0.039707604674131376
2023-07-07,0.02400450744102612,0.00043122435817349457,0.0001449920193127838,0.49674453910766686,0.6489732910071891,709725987.70866,0.030411942424870247,0.033879291809508494,0.029450853158102197,1.1983783145814435,0.021418072296794127,4.758041241578459e-11,0.03980823742345439
2023-07-08,0.009949333046366214,6.718012651569086e-05,3.1809101551823963e-05,0.35732195971608516,0.42182420481973887,356439086.55679,-0.004185601537180858,0.033382963894402554,0.028679176779144118,1.0448636716107194,0.021862873972185615,4.580131055685969e-11,0.039618762397648645
2023-07-09,0.018423296993724074,1.3093614780741746e-05,0.00032632425733822073,-0.9228466391648782,0.8724755621660725,367469448.05029,-0.02800722423742188,0.03354919776201651,0.028768418648489287,0.9948423234225112,0.02172842914202013,4.844144842391252e-11,0.039688678210223795
2023-07-10,0.02602295557060791,0.0006379563377968992,3.9237878832934e-05,0.8841163203424636,0.5014387799014298,852842999.53432,0.01669139523107452,0.03433551931191964,0.02828190682371407,0.8955408715018093,0.02110483283499679,4.854252560362071e-11,0.040039126693931414
2023-07-11,0.01784664017031068,0.0001678496302490757,0.00015065293511947115,0.05399232847530079,0.3048879847839024,555307071.14325,0.0004136932523577421,0.0331637540752839,0.02818176804468497,0.6798868938449005,0.02131363857220135,4.4225209213407886e-11,0.039146823781278976
2023-07-12,0.020619482720864505,0.0001712333885002466,0.0002539296791757833,-0.1945048781578329,0.4491642876337724,568935563.2304,-0.005807337694082949,0.03275295990149026,0.028178667665573236,0.6504266223778129,0.0214754408548331,4.124355773454404e-11,0.03888430655814876
2023-07-13,0.04662660731790082,0.0021049682167991178,6.9072293178604e-05,0.936457216080751,0.8184510883204902,1609369824.78751,0.05748767188591738,0.03395692167752467,0.02841084190174459,0.9029420273192397,0.021512498064184746,4.205560112321429e-11,0.0399227078152364
2023-07-14,0.0816041246637558,0.0003542475236196613,0.006304985638518138,-0.8936071121120085,0.939819127156646,1232386041.72454,-0.06899287148695131,0.035732241573464205,0.029327056121191263,1.3053798905870158,0.0238247530453206,4.1034557475303725e-11,0.04263076912421397
2023-07-15,0.010352060369273157,6.0197854222578374e-05,4.696729966649751e-05,0.12345948357220203,0.47880754544487275,376191341.48334,-0.0034771648753333167,0.034152553685051046,0.029394100321604163,1.206411644683828,0.024375594444259897,4.010006049761623e-11,0.041620580690691064
2023-07-16,0.016569399137016664,4.4620001084816674e-05,0.00022992498667695187,-0.6749530818349169,0.5144725346126925,389097055.50366,-0.020153158481206874,0.03415932232449473,0.0290489584834535,1.209453356415579,0.024370445558634532,4.049697338758236e-11,0.04162326368154426
2023-07-17,0.02455016036694638,0.00013657076208452835,0.00046613961195825644,-0.546811311149479,0.7378215325696512,673983711.6324,-0.007243666464260076,0.03450223443806927,0.0289379695593071,1.2355184663896166,0.024171938512916873,3.985697352141341e-11,0.0417954998916516
2023-07-18,0.018860745295636725,0.00013795198200422905,0.00021777573110265375,-0.22439564351411853,0.4514275763868106,443919959.05971,-0.007187224666105403,0.034335401791803756,0.02890571338311956,1.0441415012979058,0.024271786899178152,3.916312519963281e-11,0.041713141086803435
2023-07-19,0.013356552747751159,1.4616289365234033e-05,0.000163781211938225,-0.8361379586772201,0.5553517599806984,489401071.18528,0.005123464633130569,0.032572337809141226,0.028583261833760944,0.574750146553872,0.024392386834165947,3.350858644412613e-11,0.0403436852359472
2023-07-20,0.02975978159589449,0.0003076447180300871,0.0005779998826052531,-0.30526371908237204,0.6522987509865381,515696737.44889003,0.003907102864808642,0.03288358679824469,0.028687937838928892,0.7003962349925006,0.02430868878253415,3.0157837560874856e-11,0.040547551685581856
2023-07-21,0.01831994293458949,0.00028751995675975483,4.810035236686068e-05,0.7133644713454189,0.8131951242808549,457824152.85170996,0.018244764504449076,0.02859194094089555,0.02869200066285041,0.7070051272006364,0.0172251437153113,2.830280993153552e-11,0.03316739100121958
2023-07-22,0.017425771482263153,4.550143813362949e-06,0.0002991073679386928,-0.9700310801658795,0.5896495553009558,424086022.76162,-0.02128197260989868,0.02836408096673975,0.028774858434175897,0.6571314894242672,0.017345007887383232,3.028562482761955e-11,0.03303095866947138
2023-07-23,0.009060356785745186,6.596861384055456e-05,1.6121451244444294e-05,0.6072252780467017,0.6400146529854945,304631964.02018,0.011449682221351634,0.026278582323927407,0.02874884402540253,0.6031787164312366,0.016879630707540828,3.051726886221295e-11,0.031014804701812615
2023-07-24,0.03828212913231182,2.946742103721114e-05,0.0014360539898657862,-0.9597857515857724,0.9753260797493791,532726820.29046,-0.04402708955046883,0.026516576038060152,0.02927523470626095,0.7671995408265216,0.017018012215975202,3.204137836202738e-11,0.03128818405913794
2023-07-25,0.007326941866136989,4.29670378855098e-05,1.071703922424119e-05,0.6007367621378151,0.7619177562245338,342007561.54449,0.003585438014674211,0.02563867947439703,0.029193706249448455,0.6163471473482347,0.017526756518844066,3.091157071082428e-11,0.03082046588939384
2023-07-26,0.015377704092506963,0.00019458521568810637,4.1888567468598996e-05,0.6457233701814593,0.7025220902689591,409574740.03475,0.013112755948599375,0.024436389713232608,0.028732824883899062,0.5934360552374519,0.01731193595312143,3.170629350145269e-11,0.029708057681581912
2023-07-27,0.010037085127843572,3.6241413637709236e-05,6.450166422586936e-05,-0.28051803843464845,0.390438755848021,363806271.95557,-0.00022082367319495517,0.02258931327897485,0.028537002204293616,0.5459484698744493,0.016635683037479462,2.9163252366912126e-11,0.02781806330357746
2023-07-28,0.00852015251303801,5.048352663412338e-05,2.210947221130453e-05,0.39086488881986614,0.5175732878258366,333714209.95487,0.009233878954688003,0.02185196304430875,0.02848058473765429,0.5437789866614047,0.01691070684488278,2.8440383853898836e-11,0.027383618831562026
2023-07-29,0.030954601013534748,0.0009547102417600112,3.4770821471151294e-06,0.992742374981675,0.9763299473934496,339329784.48424,0.03113301478382,0.022852213899888202,0.028862230315171992,0.4916607573191849,0.016792282453178223,3.225018019147601e-11,0.02812075346345222
2023-07-30,0.02034098987960323,0.00011929621567666888,0.0002944596536054521,-0.42334973575769963,0.7038525357660184,999056624.23211,-0.003187423013085361,0.022943532608739593,0.028890072280708234,0.5841547924722794,0.016772195472904525,2.8772749838533177e-11,0.02818362432298368
2023-07-31,0.021831256051127797,6.0534893759483394e-05,0.0004160688470104206,-0.7459739041842367,0.661985687974405,579232700.98612,-0.018800575239662193,0.02274392786971673,0.029023608648570603,0.6330720319290427,0.01675865216820891,2.9386380763363156e-11,0.02801365296702977
2023-08-01,0.03248356498060116,0.0010539534393025783,1.2285545463597813e-06,0.9976713883414965,0.9496434467931713,938750780.7944,0.018159850037962767,0.023440924289254372,0.02916267973621871,0.779596428478369,0.01684892232452185,3.0272081553953055e-11,0.028632930785058595
2023-08-02,0.03596549769307737,2.0279487754287734e-05,0.0012732375365564661,-0.9686444207951672,0.49060427011736607,1241413118.26609,-0.07103316027121925,0.024171686906978795,0.02922426287034201,0.9585075928283227,0.017051999563550593,3.2510758945783337e-11,0.02934612263576116
2023-08-03,0.04713903898463773,2.3161492065150447e-05,0.002198927504330045,-0.9791534073543188,0.8524954732141491,876920475.14326,-0.05861190246793189,0.024196088414918646,0.029420273824910238,1.052171710344286,0.017086071943251777,3.3992555263913757e-11,0.02938508017542015
2023-08-04,0.014923207029000886,1.9106815548107396e-05,0.00020359529248231408,-0.8284092080035689,0.9142046040017845,688421316.2757,-0.004007534660988125,0.021020806622787463,0.029441135392355818,1.054393685484277,0.010993748424902158,3.160389692431043e-11,0.023600454617418973
2023-08-05,0.005754150955806786,3.3110253222212147e-05,0,1.0,0.5130904772065065,317759307.45675,0.0106512747473437,0.02080185855547954,0.029210646164546935,0.9556705725557334,0.011259422751307714,3.275993837697003e-11,0.023525625056681772
2023-08-06,0.018179300826593924,7.14001940818975e-05,0.00025908678446190104,-0.5679091842195833,0.7718381790841702,275856151.83882,-0.006280972454711005,0.020878520540697505,0.029176359852922877,0.8617164220887726,0.011234617687990521,3.137776366067699e-11,0.023582174170981924
2023-08-07,0.019018268962341742,7.906500678492721e-05,0.000282629547539044,-0.5628078673581113,0.6886913566923333,466584392.92443997,-0.0009696970456820003,0.020615097140478236,0.028202453503082352,0.7384030621106625,0.011209047816794751,3.09649421983696e-11,0.023337566172041014
2023-08-08,0.014817516144556233,0.00019088356893547898,2.867521575870561e-05,0.7387923621580774,0.42518236105363627,502498172.56726,0.016117741265550916,0.02042256241899821,0.02798491730855519,0.5121757626421183,0.0112752179406744,3.172136419964013e-11,0.02319822752168954
2023-08-09,0.008140044190332516,4.533211386424529e-05,2.092820555632087e-05,0.368303511382558,0.5159424344931759,260470154.35496998,0.0027402173576991863,0.020174157249597324,0.027624924278349963,0.49164796060866056,0.011494013106538505,3.172381312747201e-11,0.023082848488523395
2023-08-10,0.009392836535855986,8.367214620931612e-06,7.985816356837947e-05,-0.8103218191260679,0.42137575472242705,223404481.78951,-0.011487502177734617,0.019204302722928824,0.027602579328853894,0.5238288176713202,0.01150401333063578,3.381161494546698e-11,0.02224512419426166
2023-08-11,0.008673822712840775,6.628960761275732e-05,8.945592841035184e-06,0.7621966104408978,0.8618553194928724,152344056.7187,0.005280857207626992,0.018744963664750314,0.027450018911373438,0.4574294711709276,0.01173142048402241,3.356461435282139e-11,0.021964659331046847
2023-08-12,0.006364443362460979,1.491800806379464e-05,2.5588131250178968e-05,-0.2634199004668757,0.36093834871211994,102777873.61101,-0.001197748376512404,0.018218233754283542,0.025922628702893653,0.36635434821815993,0.0120379300837596,3.172988134549107e-11,0.021677528498281272
2023-08-13,0.018031922594001132,2.3175234762646654e-05,0.0003019749976734019,-0.8574490653811553,0.8965466874664341,188605628.46852002,-0.018873049899428288,0.018645451173724303,0.025814161826973343,0.39910310584429076,0.011854472586568967,3.470516288132931e-11,0.021942869809511698
2023-08-14,0.012446490413325836,7.563892774961065e-05,7.92761958594013e-05,-0.02347910278257073,0.4929781799212498,191429883.30568,0.0023180636256831325,0.017415182663296398,0.025586835328563286,0.434922066995307,0.011026363014637296,3.1346326075386326e-11,0.020471436497537354
2023-08-15,0.026023605818497147,1.0920211508325525e-05,0.000666307848288193,-0.9677502686123,0.9531055953292015,335875957.53423,-0.03509567203688952,0.01830549999436117,0.025535331186088573,0.5644809204224789,0.010925429075095564,3.582282487343583e-11,0.021184246101214842
2023-08-16,0.036459693129726085,0,0.0013293092231137958,-1.0,0.806046916615353,552853885.22771,-0.061153286083548176,0.019309404234228746,0.025340213342189073,0.7755188714991333,0.011591243356242635,3.9565600683794616e-11,0.022378830749883602
2023-08-17,0.14184388647574947,0.0001730607183181183,0.01994662741222718,-0.9827968786399445,0.9696468264697252,814509851.69416,-0.1412859798244278,0.025585918584129026,0.0272911725190123,1.6934766266171675,0.028972896478765386,4.779676116859409e-11,0.03813259974718069
2023-08-18,0.01960969726233368,0.00020132801646399078,0.00018321221025638636,0.04711030198871115,0.5235551509943556,508273734.89177,-0.01197246672821949,0.026113992143619296,0.02728174899914551,1.6945698818332897,0.02874647227201114,4.760081521451614e-11,0.03832688081983051
2023-08-19,0.01704908405430712,0.0001894518339191559,0.00010121943317167334,0.30354703315037884,0.6464080917493469,248911755.11714,0.0028120624686049584,0.02545182466937036,0.027229000821220373,1.7541872336772146,0.028789517749610936,4.376980950209687e-11,0.037909936883111235
2023-08-20,0.014800618398182919,0.0001769331488753866,4.2125156093244125e-05,0.6153977718463906,0.5215392007906381,187369929.24078,0.017015105005982974,0.025187997455969394,0.027226909275575164,1.6872778320084352,0.0288639849181616,4.7942180451292975e-11,0.037787458261903786
2023-08-21,0.03034983075814044,0.0006222221194946898,0.00029889010755307767,0.35102347189322963,0.5685419093180999,552206452.97185,0.0266399892007337,0.025593643870589045,0.027557697017408473,1.6334070187112375,0.028874308466186736,4.8693851050611106e-11,0.038066508543209705
2023-08-22,0.029261689043962733,0.00011792992264528656,0.0007383165230602821,-0.7245421029500231,0.8092537242060467,418646497.98263,-0.0323367833435559,0.025440221206939593,0.02734829985715929,0.8186890205448287,0.028844412822688584,5.1450830248602724e-11,0.03794187595955288
2023-08-23,0.026248197161035765,0.00047356049634783196,0.00021540735785677414,0.37469547659678304,0.45056748094930515,315345986.15129,0.012117641947415268,0.02497749261017571,0.027300713139548252,0.876926817791779,0.02874489339770358,5.055592070447605e-11,0.03756058966005135
2023-08-24,0.019326248756355968,3.5429333994187805e-05,0.00033807455699836285,-0.810286667161417,0.8856683914103255,194909064.04187,-0.011654786118739916,0.02365307402787658,0.0272686947067733,0.8922856214727369,0.02831019654832057,5.0220572438488937e-11,0.03636990560131722
2023-08-25,0.007102414108140982,5.044428616352006e-05,0,1.0,0.5183548458628114,217959482.55347002,0.0038482307168206577,0.023280655317359438,0.0266779011712037,0.84037390062897,0.028481700904648157,5.0784114143318594e-11,0.03625696181461558
2023-08-26,0.004654564968551106,2.0832583242667455e-06,1.9581716722196418e-05,-0.8076842165939313,0.5237555310444619,82698580.79325,-0.0019989243220838874,0.023228294079871075,0.02606090210680055,0.6553066583071947,0.02851652243814114,5.03389359965681e-11,0.03624944505478709
2023-08-27,0.007895726641218183,4.2682861099360235e-05,1.9659638093482318e-05,0.36930221444380557,0.5139620208095738,88631607.61246,0.0058318151777912814,0.022738600071043658,0.025925480978745294,0.5072059065130097,0.028695296239995012,5.238795289935707e-11,0.0360728912349569
2023-08-28,0.0149812950909569,0.00016737306463049528,5.706613797183404e-05,0.4914779832563726,0.5183419879679734,185568441.12362,0.0018343019511866904,0.02254636322002533,0.025887898266190944,0.42184762849023016,0.02873496075155877,5.27596902585105e-11,0.0359821832706053
2023-08-29,0.05230903632137776,0.002695106537917151,4.112874295406699e-05,0.9699377146098551,0.9621197977054213,495371844.37372,0.04974964786639997,0.02433167370463588,0.02636321263847928,0.7054996300348709,0.029388013727401494,5.601462707838592e-11,0.0376106268338168
2023-08-30,0.009989804731172388,4.135340878024941e-05,5.844278978670481e-05,-0.17124280535585704,0.303820957263711,179383031.08895,-0.0177384992667477,0.024419757539913968,0.02572208419955084,0.7350034147474136,0.029339789043344812,6.02225264587752e-11,0.03763185083753706
2023-08-31,0.042175893241545456,0.00010938923841058883,0.001669416732311651,-0.8770082401216878,0.46131208624580217,325330523.39083,-0.05722802990736493,0.025980855478280135,0.026022914999817882,1.049651061083999,0.029372401042573524,6.615048613728012e-11,0.0386866906726112
2023-09-01,0.013958138671991338,1.5781783670005957e-05,0.00017904785151653417,-0.8379940130268617,0.6409802538763263,232644948.56311,-0.014354690842287512,0.02623248957157302,0.024523131392406295,1.1144110622095813,0.029239050499563643,6.743801565981641e-11,0.038760224564375445
2023-09-02,0.011643150325560509,0.00013516489595889647,3.9805354470332823e-07,0.9941273991726958,0.8648603160766279,119304904.07678,0.024944426133459745,0.02648385656981585,0.024355390430279716,1.0973123599814347,0.029081973926355625,7.683932790109036e-11,0.0388185718832075
2023-09-03,0.010784924854215791,1.531381257688088e-05,0.00010100079153420061,-0.736682892162775,0.6256244279261087,110630576.31489,-0.010278863277004184,0.026138761439349883,0.023687598312333868,0.7630245146411263,0.029229902937329105,7.649863207112648e-11,0.03869026969823276
2023-09-04,0.008616658738012503,6.0567418267637745e-06,6.819006598060344e-05,-0.8368484247167111,0.43031554010125916,140962880.92649,-0.0026643695724042015,0.0259563885024302,0.023296049067928915,0.7735260954838663,0.029331375567887365,7.682206108758997e-11,0.038640595504604754
2023-09-05,0.0066034818104517,2.8934738138859686e-06,4.0712498207080495e-05,-0.8672900210780882,0.9192161987628545,143541214.20517,-0.009777715494680293,0.025031620692523276,0.022991933387093825,0.46386489792451524,0.02963373350406847,7.509005377491897e-11,0.03824817826485618
2023-09-06,0.0086737914276873,2.8731652108364527e-05,4.650300562265717e-05,-0.2362123262104632,0.3463277994328077,191623829.12522,-0.004128956159746992,0.023708482516235713,0.022484758821232357,0.41676461376830837,0.02971815638555497,7.084878544294685e-11,0.037459382057548916
2023-09-07,0.013791530884823934,0.0001642818948415536,2.5924429305498832e-05,0.7274072834144449,0.8615741081146869,146105451.26229,0.013278728148707003,0.017610751297620214,0.021928661053574695,0.4376135555667647,0.01229821083288999,6.691655677830654e-11,0.021311554635258228
2023-09-08,0.013697644636594819,2.968520097836588e-06,0.00018465694849259819,-0.968356960063705,0.9276167681791602,136289456.82262,-0.01774444529907184,0.01732922498210884,0.021765060056678963,0.46825318386684034,0.012317816393708214,7.199472829344646e-11,0.021090411748643352
2023-09-09,0.005133921777191563,2.4813315611121264e-05,1.5438372032005104e-06,0.8828525058016409,0.9222967038607665,55557366.59742,0.007166206318856422,0.016761836302246196,0.02168862495716825,0.44077037249122786,0.012602496632230875,7.759901789168419e-11,0.02078987930059225
2023-09-10,0.019158081950201435,1.963339112775723e-05,0.0003473987128828768,-0.8930154015781226,0.6216823931058425,184670411.47006,-0.031431389094085216,0.01696933456662803,0.02170028821044567,0.5569195866473025,0.012604463254581266,8.137960855418109e-11,0.020958660565888906
2023-09-11,0.03692832437930883,0.00015773305739945852,0.0012059680840639964,-0.7686691715602917,0.5119170052837201,276204209.40703,-0.03787257187856701,0.017282596167636048,0.021873389302647272,0.8233341234874612,0.013028262902799851,8.561176114663326e-11,0.021455561407415325
2023-09-12,0.024425046948060792,0.00039097203241123023,0.00020561088600374366,0.3107047498107417,0.6553523749053709,243461522.75124002,0.019032153416652507,0.017052279877355,0.021977808457849655,0.9646891190154887,0.012847401808995467,8.565613668075571e-11,0.0211654479148538
2023-09-13,0.021873760041320026,0.00047846137834524875,0,1.0,0.8719793804205035,229824803.88718998,0.03298354618663438,0.016843973347844727,0.02199771762166641,1.0344400856503633,0.012725732232967659,9.066040067023939e-11,0.02092730435431961
2023-09-14,0.009032754432813683,5.7327866471261306e-05,2.4262786172253927e-05,0.40525573981464363,0.6005093018435932,196416685.46438,0.013470376868750888,0.016353806951485573,0.021400989798093597,1.0784673343733964,0.01282320775395175,9.107871470757139e-11,0.020592509248286168
2023-09-15,0.025658783330631877,0.0006438882587478377,1.4484903260474507e-05,0.9559978926957183,0.4552109491608887,227909046.3871,0.047591004955006816,0.017237443581127995,0.020512968507091632,1.140370939089791,0.012793143418129468,1.0018157482942835e-10,0.021283806784233847
2023-09-16,0.0179927464552184,0.00011582804430658054,0.00020791088069519386,-0.28443547957079496,0.32814731063499525,170547021.94674,-0.0077750220163658465,0.017872595080493103,0.020634249238614573,0.9579183436302824,0.012464068863375415,1.0120145695475107e-10,0.021619086591158156
2023-09-17,0.011459957156696893,4.1362232696667966e-05,8.996838533666038e-05,-0.3701052608132661,0.3465917632856753,164490147.86167002,-0.028249589234043856,0.018042320343134948,0.020553146984958703,0.8337226581909232,0.01234511914471878,1.0624631138412985e-10,0.021694931517573592
2023-09-18,0.0242379276582429,0.00046982899330708485,0.0001176481438591313,0.5994800940624695,0.4521076176692403,313772543.63473,0.03571532109037257,0.018483112370148568,0.020548190910217378,0.8604748928061742,0.012395512814163715,1.1119587047532526e-10,0.022089761751674156
2023-09-19,0.01870838798583554,0.0002329511735940848,0.0001170526074344708,0.3311351832229442,0.3272115166603122,238943529.39759,0.021040752171600348,0.01688308149702751,0.020545772540220532,0.9543745645218299,0.009682639882224444,1.106067528179717e-10,0.019347545136906834
2023-09-20,0.023407992211719655,5.1227453939044634e-05,0.0004967066454448834,-0.8130160032141003,0.4278625297179059,289653405.46013,-0.04145435267921854,0.017522042805625,0.020705319198378765,0.9279656609211994,0.009647677944483112,1.1271298756899287e-10,0.019891390169205138
2023-09-21,0.021207769068444876,0.00021057684031559014,0.00023919262854489717,-0.06362323414660963,0.45015125093222863,190942915.79497,0.0023228814161397287,0.01652356070214402,0.020569572967784326,0.9497931658060885,0.007894269232951884,1.0491574803052369e-10,0.018231290420426732
2023-09-22,0.005910280472655939,0,3.493141526545811e-05,-1.0,0.49970247202176493,183341652.54439,-0.005272147426576102,0.01614032935931852,0.020372594198547284,0.9203770606968056,0.008213908539723534,1.0334687776344914e-10,0.018021258264763883
2023-09-23,0.006049438805679944,3.540490476230958e-05,1.1908051013568068e-06,0.9349210546376595,0.8885605099426475,126307771.06278999,0.010976379816646195,0.015873962144086113,0.020192017489395173,0.7420616779051745,0.008454221849237041,9.752880835761381e-11,0.01789002581742634
2023-09-24,0.013100594207227229,6.223768063150883e-07,0.00017100319177612054,-0.9927472717328113,0.7809399118906045,92825414.98115,-0.02317546760409226,0.015984232113277135,0.020256148242117106,0.6880734962790779,0.00839945016625979,1.0499336414553914e-10,0.01796348738968015
2023-09-25,0.01404608112076011,0.00013026086060329998,6.703153424767364e-05,0.32048537098141633,0.6009072794608614,124789432.08411,0.01188814251130873,0.016242776036265116,0.019871449067330575,0.5936630345621032,0.008243442271215116,1.086297643929865e-10,0.018125843231914508
2023-09-26,0.008527150361928056,4.879877523921337e-07,7.222430554253763e-05,-0.986577572229422,0.7699904941157893,111917603.46034,-0.008902831157581463,0.01633437930062113,0.01989049999583519,0.4688469642365574,0.008141024142062716,1.0917406247977909e-10,0.01816403611994595
2023-09-27,0.035372068269521766,0.0005330715601647163,0.000718111653498992,-0.14789208431948364,0.5624375036692247,182368163.77509,-0.0037718102236521103,0.017605725816898964,0.020207870855787808,0.7560935531049107,0.00893121412546226,1.0913288144519634e-10,0.019645095022656673
2023-09-28,0.016822581088857733,0.00028299923449119386,0,1.0,0.6291854726030179,183025119.80518,0.02595529959453213,0.017750061540900575,0.020315577140883268,0.8642336005097343,0.008890892696902375,1.1155803488982241e-10,0.019757238381555194
2023-09-29,0.025770869394243102,0.0004451675496499615,0.00021897015968517437,0.3405880840454489,0.6061764905903024,176590444.78087,0.005203562399495942,0.018324977005550493,0.020589398043759543,0.9856698104210373,0.009005358546968609,1.0676137217767335e-10,0.02032337392139107
2023-09-30,0.011119406435761472,9.398791298531985e-05,2.9653286498333807e-05,0.5203332445467872,0.7154712301574659,90637109.28415,0.0063907703814233136,0.018610000084530013,0.02027455368538219,0.973977136311327,0.008654882896727245,1.0397670147450775e-10,0.02043702769973166
2023-10-01,0.03302214572365902,0.0009907304526605902,9.973165553398163e-05,0.8170836844590543,0.5921923418660198,196887526.68275,0.0329659204989567,0.019270193597551805,0.020475841873383072,1.2213783750472784,0.009209768027333441,1.0384492362931618e-10,0.021263140619811598
2023-10-02,0.01578887929193593,0,0.0002492887092953232,-1.0,0.7219046713777449,230223942.66446,-0.03341599691984395,0.01826355335529595,0.02037993113117368,1.0530142106247637,0.00829284840332563,1.042271907198486e-10,0.019976333255710594
2023-10-03,0.008915778150956101,5.133355126518321e-06,7.435774491054788e-05,-0.8708445316739943,0.8108726317002263,136243692.38729,-0.007155393245307271,0.017525016745910012,0.02000583927673487,0.9768267634775262,0.008406513629313073,1.0300556843277007e-10,0.0193502059529208
2023-10-04,0.010134765741156484,4.6508730153640216e-05,5.62047464744789e-05,-0.09439867716622764,0.5450869397125226,159770737.8077,-0.016946946948851894,0.016966017017330796,0.019595827658450412,0.8123380918412958,0.008492736823406314,1.0122244289019765e-10,0.01888220625869303
2023-10-05,0.014255341047307054,0.0001307047549573719,7.250999341766546e-05,0.28637075805298684,0.5960035369719672,130769563.95594001,0.006504591619000787,0.017214711618020954,0.019073864199127703,0.8474420737570705,0.008323592538440764,1.003253121331458e-10,0.019034950401881516
2023-10-06,0.01092748867276569,9.451085211822345e-05,2.4899156575199007e-05,0.5829636586138103,0.6143994268803603,125937421.17222,0.01013522189404293,0.016513221396217803,0.01901044009823508,0.6237665963921791,0.008196147939850676,9.421400073228383e-11,0.018348417499595857
2023-10-07,0.010703101119599477,5.075219304424735e-05,6.380418053212423e-05,-0.11393506166791743,0.34524129720124663,83520310.69266,-0.0009170106098812612,0.016166095427855,0.019088994862739725,0.5729554276868005,0.008284246794581817,9.25659418285364e-11,0.018074937091510868
2023-10-08,0.010511671702322978,2.5629049415086204e-05,8.486619256233143e-05,-0.5361058276097694,0.4112802355924217,86567487.18204,-0.0018362667745791162,0.01612093897764672,0.018967286463941774,0.588386870324565,0.008313714116165166,8.539792547457931e-11,0.018047470462574752
2023-10-09,0.02239496692201977,2.5471039320596684e-06,0.0004989874395062998,-0.9898427577307136,0.8046310056451598,195581860.51296002,-0.03538123275736655,0.01603317894258847,0.019020884844254123,0.708006318334903,0.008233082749534054,8.859206406552406e-11,0.017933730388133888
2023-10-10,0.011485990594720823,6.63381659533221e-05,6.558981398869308e-05,0.005672427978946797,0.496974285364291,105556127.95732,0.008530857423298671,0.015689255257297294,0.018968003486320228,0.6778694979636745,0.008266526647062922,8.824733953979281e-11,0.017641828807631453
2023-10-11,0.014906387168351147,6.5957284111271295e-06,0.00021560465000165658,-0.9406326086549306,0.6278614267055436,134140109.5985,-0.03262201647112664,0.015284416921898794,0.01907540575581259,0.7135067741771445,0.008075585002868767,9.301288771652704e-11,0.017196598329545308
2023-10-12,0.00532033361985123,1.5494986954770193e-05,1.2810962871749102e-05,0.09482190491648795,0.547410952458244,118441467.31052999,-0.007176674090723332,0.01452787237672767,0.019010762852383938,0.6658311517341847,0.008235529022303116,9.531894778340243e-11,0.016602810085197945
2023-10-13,0.006389057784909561,3.4843062488989994e-05,5.9769968899234766e-06,0.7071539345672275,0.44114220189366243,96181141.52744,0.007339183232220232,0.014550671296358795,0.018974496742416778,0.6266113317252386,0.008211106084667717,9.7583232622422e-11,0.01661125264239879
2023-10-14,0.007416412170867776,2.928256552471707e-05,2.5720603963478613e-05,0.06475920559455935,0.5205038183703489,39060385.69254,0.0009746589465529113,0.014615765266129642,0.01899119466001054,0.4791626061891161,0.008145498696702096,9.463326895377607e-11,0.01663761581615608
2023-10-15,0.0056514328928072115,1.7898359369246028e-05,1.4040334372657258e-05,0.12079470211792274,0.3981984743258793,53436385.68598,-0.00016237720259769584,0.014261043298776307,0.018794678950467776,0.4293467344269392,0.008373780838917952,8.288905156075597e-11,0.016436499143711224
2023-10-16,0.02779455076630257,0.0005694909691469559,0.00020304608315361487,0.47433956067490785,0.47920184480692213,262106497.16505998,0.025492362414254663,0.014915732329516426,0.019038298956070582,0.6339770326024301,0.008878380353797082,8.298400109341467e-11,0.017249669760227727
2023-10-17,0.013371766963948532,2.0805142013466845e-05,0.00015799900972467853,-0.7672856943060752,0.4805651776398744,102837757.50297,-0.0182113659255829,0.015146428358184067,0.018837476117109495,0.7356831930017803,0.00876631327815968,8.762877423606676e-11,0.01739549079779342
2023-10-18,0.01623297224843364,0,0.0002635093880184167,-1.0,0.41624327246890047,109112087.00797999,-0.030111913425346797,0.014235042833370348,0.018516417055501676,0.8558487550099838,0.007455286522151504,9.978543634428917e-11,0.015986588540418043
2023-10-19,0.011657453055317141,0.00013494191608372366,9.542956531992873e-07,0.985955522365161,0.3297784928710592,118641391.1569,0.025425793514333803,0.0139890843555827,0.01644996573136783,0.9102534596532943,0.0074508528047435045,1.0323758775159658e-10,0.01576597942771663
2023-10-20,0.009341084124735038,8.238276805218161e-05,4.873084573195328e-06,0.8883035480928172,0.5820445161990325,184116418.79389998,0.025904870361343715,0.013206713628463268,0.016286971872040867,0.9760283685303458,0.007000869284453608,1.0853432477399833e-10,0.014869281849166673
2023-10-21,0.010885993454379015,0.00011276874916610013,5.7361043226826605e-06,0.903192077728266,0.7037876810787029,124874369.41927,0.021398707958680884,0.013195598724587912,0.016189145037121374,0.7803999124638118,0.00700453321502213,1.1333682314916925e-10,0.014861054969464306
2023-10-22,0.020559117790502377,0.0002672441738089296,0.00015543315051482178,0.26453045114969476,0.35685892350435056,217205172.5447,0.00800373673883007,0.012602121203961406,0.01628054978938041,0.8768954724447212,0.0056347255098070535,1.0711841587461664e-10,0.01374960651738877
2023-10-23,0.034525063710910416,0.001127830821934277,6.414920230814642e-05,0.8923653064590286,0.6605100686006573,333175186.14109,0.056621706907379464,0.013494320462007811,0.01634682332831327,1.0927848550089232,0.007378164414784677,1.0829937444375924e-10,0.015295154199927124
2023-10-24,0.039828066259648305,0.0004010000190024548,0.001185274842980481,-0.4944129436670496,0.6659040473559453,443818547.82855,0.0013029317804160619,0.014966334181469344,0.01651454360157812,1.3988223234217438,0.009262143403328987,1.0593826262415781e-10,0.01748408847241561
2023-10-25,0.03141855738971915,0.0003209442003927801,0.0006661815480582956,-0.3497399882509764,0.3498534643772934,244060187.7387,-0.005658339362286387,0.01597984806949614,0.016596612811557217,1.623061703753099,0.009852680307793339,1.0199130029238978e-10,0.01864961714883348
2023-10-26,0.025706282089344803,9.122963219891422e-05,0.0005695833066580552,-0.7238866649411642,0.7136577685636744,314672295.21738,0.0004364588706807721,0.016525130976259843,0.016697883181922123,1.76733548340155,0.010067004958794548,9.96887364203291e-11,0.019224947589551785
2023-10-27,0.02593275564893782,0.0001033222690800774,0.0005691855464674391,-0.6927254473735491,0.6542008617491881,197231245.64819,-0.02563487456160125,0.017239667498934703,0.016996777492093502,1.810592692607656,0.01018169869949271,1.0204566308326733e-10,0.019898155709099998
2023-10-28,0.006497521053734836,3.978826706371229e-06,3.823895313735623e-05,-0.8115094293873729,0.9057547146936864,118524192.35141,0.01127775716294204,0.01703940178151258,0.017026030763286893,1.556561381308618,0.01035655479600873,1.0605385491927153e-10,0.019811408472997047
2023-10-29,0.015529721535305652,0.0002398221315492383,1.3501194148978743e-06,0.9888036918882626,0.7995233797475525,110622638.53127,0.015374781221312644,0.017278356535464133,0.017147205285415267,1.2572540892878685,0.010255811358567644,1.1166204882158003e-10,0.019967839652741418
2023-10-30,0.01837041825149283,0.0002914486474556716,4.602361927910921e-05,0.727245028313517,0.8143169157537549,173804954.39056,0.006373138604941807,0.01708671136067714,0.01720100089113806,1.1279141696276103,0.010192828223954594,1.0479375893048757e-10,0.01977124505514904
2023-10-31,0.03109687658723514,0.0004822984596277984,0.0004847172738539346,-0.0025013183781687405,0.4910785086421496,277929968.6073,-0.004485934734965107,0.01802056307460639,0.016864299942977067,1.1734374826663454,0.010546274084107542,1.0171386897086276e-10,0.02075254718179546
2023-11-01,0.03770218190656491,0.0010944861458162085,0.0003269683746995014,0.5399523938607956,0.40839880355451436,265620203.90431,0.015684903178340228,0.019106077109759426,0.017304178945761074,1.2816690711134666,0.011352094111402908,9.294513140538943e-11,0.02208564136792921
2023-11-02,0.028688903728004256,0.00021942293783072355,0.0006036302592839731,-0.46680739811245553,0.6615264314688382,263516005.66628,-0.008027566044746906,0.020218866162528618,0.017090099747133436,1.5155938417958577,0.011075153199196717,9.151040358627909e-11,0.02292641842169223
2023-11-03,0.014264516373269719,0.00015336093720354384,5.011549015973603e-05,0.5074074101934024,0.4773232294396153,138848776.98831,0.0002878526214464214,0.020593888000069577,0.017094962885248966,1.4928942918861368,0.010710783305653808,8.797551278043154e-11,0.02309472240532667
2023-11-04,0.022526287375587952,0.0004372830284157533,7.015059451181987e-05,0.7235082921502323,0.8525809300841474,103921815.74595,0.013434531057258956,0.021313405866961017,0.01726771109239226,1.517473187337073,0.010280160634334602,9.294326274134695e-11,0.02355653858880236
2023-11-05,0.024400589742606133,0.0003770682404383065,0.0002183205393486691,0.26662864077894755,0.631702900546042,238429611.32474,0.016889915929491718,0.022206222859808583,0.01748383275728734,1.4207567408007158,0.009646573988614585,9.617180859894256e-11,0.02411931729473435
2023-11-06,0.019244868367779826,0.0003703649584931725,0,1.0,0.4640309493296544,232618004.84365,0.03914019029145526,0.021799095126545594,0.017652534497442376,1.2090974812381916,0.009579110588092823,9.955275838051045e-11,0.02371898848344939
2023-11-07,0.02815628566181418,0.0005669467554682287,0.00022582966680145396,0.43028157634932185,0.7037934224859633,268100585.27923,-0.014192304174115005,0.022503119826443957,0.017994642495083053,1.1873450129981322,0.00947146382134367,9.364076641486983e-11,0.024327498627380928
2023-11-08,0.018011471219159685,0.0001876577494754925,0.0001367553460031251,0.15690613042999813,0.3651871556085012,167171677.81757,-0.004912673635788424,0.02258781025362139,0.018142859634630235,1.2140686955367381,0.009420408890022144,8.189860922123553e-11,0.024387032743057216
2023-11-09,0.061396293156186714,0.0013632861744359967,0.002406218638884423,-0.27667625221301817,0.6381035101982082,442992085.79844,0.01047699902581465,0.024956326448900897,0.01889849078179472,1.5742582486963903,0.0123363294004072,7.281968453459079e-11,0.027708416537917325
2023-11-10,0.024801029766835434,0.00018522866430202887,0.0004298624131934284,-0.3977195538057635,0.5289984808119019,259666574.50783,-0.007745130095543905,0.02569251433661996,0.01907473499021124,1.5952113620705672,0.01180785196595374,6.754010810241308e-11,0.028158326614819096
2023-11-11,0.02558215562409509,0.00065444668637542,0,1.0,0.8131010913579328,290713559.25249,0.02718143660210797,0.026392331582796916,0.01939931013063828,1.6602067053227139,0.011311502666904526,6.383235299510935e-11,0.028607907952314476
2023-11-12,0.018843692554318447,0.00022347946209478687,0.0001316052869868897,0.2587387246157516,0.4981505497206816,277134718.29857,-0.004923168748924363,0.026310644666788157,0.019394319822767122,1.5664782920369043,0.011361816078220573,6.292358125792472e-11,0.028551597211871553
2023-11-13,0.02863937015603837,2.3135150255392778e-05,0.0007970783726791885,-0.9435874937232949,0.7780259263550942,295539804.87856996,-0.05243826699466157,0.026030373545127584,0.019262749120810448,1.650073215976661,0.011220770882928902,6.328007713877952e-11,0.02823987493987901
2023-11-14,0.04093943518153777,0.00045708880344122585,0.0012189485495421063,-0.45456012346310576,0.47904178677466785,274737185.53481,-0.007053210224604616,0.02608329587474137,0.01952488226737357,1.4193991955775804,0.01129149893181865,6.436278387089467e-11,0.028315454101132807
2023-11-15,0.020462860299291948,0.0004187286516283386,0,1.0,0.4694787057417692,208392950.57814002,0.04754246129802916,0.025561596013292453,0.01950248703337313,1.3721496927265588,0.011285760181564325,7.412251401027474e-11,0.0278334046162741
2023-11-16,0.026758498251297173,0,0.0007160172286646739,-1.0,0.8999173242788011,272852651.32812,-0.04231904291362378,0.025611701544813997,0.019783848046364932,1.3663778932937445,0.011288770031700361,8.144210901981068e-11,0.027880588018159826
2023-11-17,0.033013482511471515,0.0002846593770700738,0.0008052306504651616,-0.477636513999811,0.7175324328144174,281722384.39019,-0.01033198632712773,0.025948879014458456,0.019900589303203653,1.49807841990973,0.01140399579258553,7.699928304431318e-11,0.028234775218980296
2023-11-18,0.012658710137054668,0.00014972435724948033,1.051858508449029e-05,0.8687170251458818,0.8719980606405592,144427945.76864,-0.005707778053040654,0.02624226897080702,0.019815922060058198,1.3450587252200767,0.010948716892914129,7.435015826671786e-11,0.028334127434936348
2023-11-19,0.01726042702712899,0.0001938720372114886,0.0001040503039473563,0.3014937816168729,0.5809758156236037,134432995.03666,0.00982424075808638,0.026324683518036702,0.019907993010382517,1.112807653592212,0.010870281065495766,7.121182724755127e-11,0.028381775186668286
2023-11-20,0.010597982222710774,1.3581615710267607e-05,9.8735611482626e-05,-0.7581561431009592,0.4571254716123742,186313173.81641,-0.015130177296454361,0.025954567516666128,0.019691485939977247,1.0222807148624158,0.011279278132078076,7.333277817858082e-11,0.02819225947307108
2023-11-21,0.037449146345005645,7.634273439216725e-05,0.0013260958275774822,-0.8911285863603923,0.5773948447530224,369462668.08195,-0.04953112608695838,0.026257056552750437,0.019988958294884708,1.101737965480915,0.011506960527270382,7.894811525857693e-11,0.02855762445654667
2023-11-22,0.015708798884326296,0.00024207068219690182,4.695680191309219e-06,0.96194229921887,0.9134391352656372,173024540.6166,0.03795859710954571,0.025209752599310502,0.019866748876989575,0.9225755110719791,0.011413684549717954,8.658300204443256e-11,0.027560848739865536
2023-11-23,0.029039663712367166,0.0004917155653493998,0.00035158650317797463,0.16616710358143325,0.3629065119264803,188894526.21289,0.01142869582362263,0.025226455455708736,0.01999106466498834,1.0699101446637667,0.011419285809264476,8.801346674389592e-11,0.027578335976519323
2023-11-24,0.010330776223101348,0.00010096194903142223,5.762988340373939e-06,0.8920029660865951,0.6166098596089213,183807445.908,0.017255330090762057,0.025039134496176913,0.02006123126420176,1.0055701371879275,0.011638260280745421,9.238508921067779e-11,0.02749467951121929
2023-11-25,0.011384924529921148,8.554559892968895e-05,4.407090762231135e-05,0.31998001188790365,0.5469601477176804,107450860.84874,0.016128250867459615,0.024508593408288017,0.02014592151379289,1.010896049558238,0.01200665262601107,9.337668365201038e-11,0.027165531656286098
2023-11-26,0.014349012108208405,2.3686581449214385e-05,0.00018220756703229705,-0.7699149623832913,0.39969421665766963,153046280.67786,-0.02593520981292492,0.024029946854269076,0.020165737670951325,0.7998030234451022,0.012209808393332671,9.807295753570668e-11,0.02682198252876144
2023-11-27,0.02054501964727327,0.00015946938107915768,0.0002626284512276871,-0.24439611448546306,0.5880766698439114,171037992.68212,-0.011491077319321438,0.02409185881995924,0.02026889542534042,0.8450723779797849,0.012187607777231609,9.325985519452509e-11,0.026867865880169702
2023-11-28,0.02053400696848441,0.00034729515122042015,7.435029096134626e-05,0.6473326471804017,0.43456531675255433,165157700.11615,0.008200894821862273,0.023728893167895917,0.020459480450841314,0.7644416391833541,0.012174004652374762,9.310359061904402e-11,0.026536942422612987
2023-11-29,0.006612261870061664,2.958307570415099e-05,1.4138931334120385e-05,0.3532350277632913,0.29277717251563495,110131047.06565,0.0032897118990996865,0.023186073675081725,0.02000297558735782,0.7303118505553159,0.012685090117396871,9.312663291776369e-11,0.02628389375329298
2023-11-30,0.007457982807254449,1.6186767340621082e-06,5.400283081924084e-05,-0.9417967327652561,0.5897543323496749,86579027.92109999,-0.008029868210591712,0.020617582706084953,0.019854331170189515,0.7062173142309695,0.009661889391490243,9.641689857022016e-11,0.02267138030304912
2023-12-01,0.012323208405155689,0.00015028344228707274,1.5780231098270697e-06,0.9792175966996921,0.6446183897986167,165541122.66543,0.030344026650672058,0.020023400736481154,0.01964087623385479,0.6876498805948524,0.009774772251895695,1.0372522402385066e-10,0.022179561129301213
2023-12-02,0.010141750071604684,8.403027845885097e-05,1.8824816056042644e-05,0.633954620433181,0.7413927509974116,113500259.05485,0.009038509700636285,0.019288143329219704,0.019625357878868176,0.5810193605130327,0.009915437567089748,1.0306499698463838e-10,0.02157931105502065
2023-12-03,0.013101275182237587,9.282719151065713e-05,7.881621989005739e-05,0.08162836840786199,0.459185815796069,131068090.75232999,0.0013835087984338935,0.01901469488293014,0.019309153584559903,0.504078335972716,0.010007066475260328,1.0272171682487012e-10,0.02137595293349527
2023-12-04,0.01676344534279183,6.148158848633426e-05,0.00021953151127443487,-0.5624290217169626,0.7064283013098683,370007110.43556,0.008946450147112218,0.018449174653727925,0.01932462288695444,0.6058816491611386,0.009768687894140133,9.542395333832883e-11,0.020766683731103547
2023-12-05,0.023474865481912084,0.00044896654048090566,0.00010210276891296186,0.6294376508636753,0.6088239037546185,236437366.32657,0.019138690719395127,0.017617528477555273,0.019555719511255325,0.7601404338401263,0.00840674333658682,9.805602770737998e-11,0.01943412581903511
2023-12-06,0.02369365117597276,9.588647928960247e-05,0.0004655026267590728,-0.6583956537222558,0.7581548023032906,309279464.93061,-0.02656289118803735,0.01777137566215912,0.01977093991498257,0.8647716811994269,0.008490562338075594,9.12821154483262e-11,0.019608125900311947
2023-12-07,0.023353983772721236,0.000324964018514072,0.00022044453954245483,0.19163520158916292,0.40418239920541854,254664622.25483,0.02238695732271135,0.017609255925084076,0.01991536281538597,0.985375402799472,0.008341577123742061,8.808254803405323e-11,0.01939985512607175
2023-12-08,0.0326629331656756,0.0010447217925293906,2.2145410456000394e-05,0.9584851603010545,0.5770171200551726,387050672.83845997,0.05872477267643234,0.017592563099093798,0.020260369870828986,1.1675811680875536,0.00830949856581805,9.35610898799626e-11,0.01937157850909441
2023-12-09,0.02576801984663456,0.00010771380749441854,0.000556277039322134,-0.6755563483718392,0.6396510035533572,309201054.92204,-0.027883567148361738,0.018216815942407122,0.020499495564908907,1.2408561694442088,0.008412095435818747,9.597344723332713e-11,0.01998114234435959
2023-12-10,0.022897683346498672,0.00028067213279663245,0.00024363176983989017,0.07064674279645936,0.3023255695760198,249707773.84722,0.010937609038720278,0.018485256719519966,0.020696098924340267,1.2274367772535897,0.008469797998939278,9.457928282697831e-11,0.02024910180086119
2023-12-11,0.015946412406830923,3.196325744107793e-05,0.0002223248112076532,-0.7486059207502073,0.49485284989931544,435232385.0194,-0.06031710629661654,0.018739943871144735,0.02059374091616267,1.1436805204437137,0.008299469916396816,9.731155296694283e-11,0.02041535304621112
2023-12-12,0.01601684211954959,7.705745976887974e-05,0.00017948177171369804,-0.399253990716715,0.4934763578409296,213535753.92462,-0.0037208063322389092,0.017719357955646827,0.02066565919433455,1.0660084452543284,0.007117343380700295,9.17573694302079e-11,0.019032078320991193
2023-12-13,0.02004839702741544,0.0003915542352835179,1.0383988085362306e-05,0.9483304275053613,0.80080214607395,270114563.87082,0.01043822140590101,0.01792600548627012,0.020747278398446683,0.938022198826473,0.0071190478434772254,8.31507478297732e-11,0.01922522149296381
2023-12-14,0.03304382695544228,0.00026423296039445205,0.0008276615394667617,-0.5160100899344439,0.758005044967222,218858202.38139,-0.0028729755037250147,0.018116679926416555,0.02118733384821797,0.9848654266682672,0.0074762573496937445,8.08947504281912e-11,0.019530665023980584
2023-12-15,0.020121048322702957,6.565735182769018e-05,0.00033919923377685735,-0.6756513088226138,0.39213355053816823,168936847.31078,-0.027787283789951142,0.018582883359730917,0.02140530195199247,0.9651645686756316,0.007268842469409461,8.425694342900464e-11,0.019890792378205527
2023-12-16,0.007748245259859314,3.513904335103468e-05,2.4896261255897643e-05,0.1706126447129627,0.41469367764351867,114504746.39253,0.017595761890379442,0.018409708156394637,0.021410569143881224,0.8937767440052219,0.00748889312805739,8.44269222011609e-11,0.019807327706282497
2023-12-17,0.02237315556949025,4.285297520815562e-05,0.00045770511492845703,-0.828779212432826,0.9023112993556277,213402067.48138,-0.014079831118467466,0.018791810225979488,0.021675993313352383,0.9478880741180766,0.007476041823206721,7.94992095917918e-11,0.020158418765700768
2023-12-18,0.029966427472108925,0.00031496819530478124,0.0005830185801363832,-0.2985014837216436,0.6488918490263995,230632179.97975,-0.004643644452180653,0.019240448693828804,0.02171046754677788,1.0245271367525917,0.007859375128462133,7.725873631887746e-11,0.020712875835524343
2023-12-19,0.0061194503134030164,4.99535855251063e-06,3.2452313585697645e-05,-0.733208593897413,0.7292102165012818,151121768.2278,-0.001835251450388615,0.018554041234063026,0.021595351409467632,0.7828602751080369,0.008354605300281173,7.547251037357575e-11,0.02026642774321642
2023-12-20,0.02161194585025734,0.00012074288390518238,0.0003463333195292731,-0.4829842196311928,0.5606333386837858,204095349.02026,-0.012514384025728803,0.019268311899786627,0.021680731942829913,0.7899770944709242,0.007912077623705424,7.696991395077661e-11,0.020757837486330935
2023-12-21,0.013150264918940693,0.00015092235791928595,2.2007109519036307e-05,0.7454787799322236,0.48078009291784746,189967537.44875002,0.015902649486935174,0.01953937295272407,0.021704427369236636,0.84325422952113,0.007577674828316126,7.653973995289758e-11,0.020891958032620683
2023-12-22,0.021004366943555963,0.00042975388526506384,1.1429545434482575e-05,0.948186878113896,0.4234936829543431,240283598.12398002,0.037061763798568834,0.019952761454552652,0.021889558842551254,0.8394280275663623,0.007399012101514573,7.515591650871888e-11,0.02121912219861526
2023-12-23,0.005971510817745321,3.565894144644939e-05,0,1.0,0.45653387928556916,160110189.04506,-0.015733274808072004,0.0197541786329403,0.02181155118165231,0.6365545765895966,0.007724308670367344,7.604310837131684e-11,0.02114358839144822
2023-12-24,0.017613438932484442,9.274501127334136e-06,0.00030095872990102454,-0.9402094927317031,0.8567956809035132,215058223.51204,-0.01865050580460349,0.019969043573428248,0.021764794374382182,0.7524976568793751,0.007591610583556396,7.96701276155223e-11,0.021299080855458244
2023-12-25,0.011519099921644975,0.00011435860216720152,1.8331060837639757e-05,0.7237002427691608,0.6574407559778151,138139655.10130998,0.015891050875680705,0.01971931283908792,0.021399620345981144,0.6642333632524282,0.007786099917533185,8.399665125523263e-11,0.02113262464743664
2023-12-26,0.024476219227750343,0.00044023190649227016,0.00015885340119262546,0.46968019694390994,0.523640476005227,380966498.19417,0.013734593048634763,0.019766996350794503,0.021155940234363714,0.7737569554577919,0.007813268436418325,8.185883396109125e-11,0.02118665383203641
2023-12-27,0.029349113810298023,0.0008520987706658664,9.271710783959818e-06,0.9784721882543408,0.5277772244585333,402189606.43362,0.036163040589598426,0.020036304095286183,0.02112309192357925,0.8385488792754692,0.00804928124181326,8.205069258373155e-11,0.021521132126321747
2023-12-28,0.03400592839980758,0.00046043473317157024,0.0006959684331612697,-0.20367784077988882,0.6018389203899445,471858756.67085,0.007469077506200189,0.020543539553718865,0.021254832341205645,1.0871130421028585,0.00858649792100198,7.861838055130337e-11,0.02218680034040711
2023-12-29,0.03571759931966804,0.00011672196803575869,0.0011590249331245917,-0.8170139109417476,0.42575081475361315,385060635.43139,-0.044030591293234285,0.020688999846766126,0.021410147320106123,1.2387373673928301,0.008824644430719474,7.683854392347862e-11,0.022409836269797572
2023-12-30,0.018663943217100597,0.0002100266570078054,0.00013831611940335,0.20586199129277802,0.4696823559884919,183538305.77299,-0.0004092490337452711,0.020350710483454985,0.021603265132223045,1.3167763957691816,0.008756106906630751,7.265046628208069e-11,0.022071925632885764
2023-12-31,0.018443185819649318,0.00011165602904308113,0.00022849507413503256,-0.3434915953536416,0.671531109907085,173865739.36568,-0.005472718543637235,0.020138591553605017,0.021649510597053896,1.2799354943927086,0.008745269748659747,7.206356424182444e-11,0.02187237344727473
2024-01-01,0.013967605664622232,0.00019509400800238707,0,1.0,0.2998513754200756,119157871.63419999,0.026000110490191883,0.02004436266111889,0.02157962468297658,1.1486105679662981,0.008803167326627618,7.585465329574533e-11,0.021807841603981942
2024-01-02,0.021453135810865623,5.776938806189777e-06,0.0004544600973132552,-0.9748958108417398,0.8873022664567953,227668030.24398,-0.024077992633286898,0.020303233789276794,0.02142654943255802,1.0234228074890113,0.008758628660372287,8.006105666764456e-11,0.022029113710797903
2024-01-03,0.09005105862703028,1.7204161507333054e-05,0.008091988998341512,-0.9957568746561578,0.9407023853607247,513377912.7583,-0.11295082982401376,0.023636693865448928,0.022257483983676517,1.4594794400536268,0.017557924949094268,8.869778499852221e-11,0.029194074582278563
2024-01-04,0.01831157293971876,0.0003259218443022156,9.39185922442475e-06,0.9439816558306655,0.8968519725804028,189943288.79242,0.017928161744617466,0.022935157959938286,0.022092764447354526,1.462980241781905,0.01745729378383174,9.256729973751913e-11,0.028570375106871285
2024-01-05,0.01798330856822631,0.0002055700723794347,0.00011782931468060716,0.2713077427154731,0.35381691256820685,269263020.5544,-0.006495000553270371,0.02283336082877273,0.02215179289489352,1.4602174057277317,0.017480740986402492,8.588340144342106e-11,0.028502410767002242
2024-01-06,0.01791904744798945,0.00013728806181584482,0.00018380419962745248,-0.14486844872099822,0.5724342243604991,145553817.43941,-0.005317141277620302,0.02331768474249321,0.02207866210239196,1.5074945972516989,0.01718020650374942,8.030540183274139e-11,0.02871965708691174
2024-01-07,0.019136290553362224,2.3674778092268104e-05,0.0003425228380504322,-0.870699441784228,0.717796557914554,149111996.60244,-0.02155919658338399,0.023163548313153783,0.021995101797800783,1.4851524961537663,0.017203608507257835,8.404854309193074e-11,0.02860805105875907
2024-01-08,0.04727350106877469,0.002232386152236483,2.39775106295871e-06,0.9978541539882951,0.5927599913384988,312641902.61974,0.05334598070529293,0.023987694674899775,0.022440000729562606,1.1082019693302072,0.017944400252877843,9.121498311361963e-11,0.02969979110143799
2024-01-09,0.029718318829550113,0.00046412012611701857,0.00041905834793777433,0.05102227862547359,0.3636362169369953,283677126.34835,-0.011279430952832984,0.025111450318525824,0.022464794906828255,1.2084493031442838,0.01750296623957085,9.253009360441332e-11,0.030370223687000007
2024-01-10,0.036472938035703575,0.0011503976159683827,0.0001798775929878898,0.729563338808635,0.7087141366627697,297049041.27042,0.04552208269870016,0.025819116613070882,0.022757834062646413,1.366331503077508,0.01765417343296218,9.690777648501221e-11,0.031039574761054223
2024-01-11,0.03285148346117123,0.000830986114105233,0.00024823385149437354,0.5399754277962108,0.7699877138981054,364966198.84095997,0.02534989989552639,0.026757269876986626,0.022304741845265215,1.4861318904573082,0.017469785931404594,9.62290029062524e-11,0.031727147551201436
2024-01-12,0.036096676246690385,0.0008902883911145374,0.00041268164494384467,0.36655236341082875,0.6711058692435525,586250765.88695,0.014909166281300614,0.02747595127237398,0.02248403782113593,1.6293788088819805,0.01753161496703802,9.009517556256426e-11,0.032367411838664935
2024-01-13,0.016870716613748837,7.49667731180164e-05,0.0002096543059434047,-0.47321699878849377,0.7349134242142871,214730915.62073,-0.013658210527090143,0.027994961072183668,0.022345761011447893,1.3825801766368437,0.0170169382018755,8.844474095144802e-11,0.03255003362548454
2024-01-14,0.021468374857472047,5.4695837628858016e-05,0.00040619528139207987,-0.7626518048555704,0.6713245985456986,180602650.94378,-0.030745617339165407,0.028178529449564033,0.022387422635307474,1.306548579964256,0.016919864651759688,9.242169148634939e-11,0.03266005012492598
2024-01-15,0.023879488147972985,8.138431542484972e-05,0.0004888456387843325,-0.7145561546737166,0.37932355543700474,138872331.82483,-0.009931711719716303,0.028767119365103462,0.022311868952639768,1.194699402210517,0.01652166208456682,9.034934497211041e-11,0.0329774790747381
2024-01-16,0.015767330960842204,7.930922031430071e-05,0.00016929950531443242,-0.361975569331067,0.6244698661433015,165701452.57840002,0.004618279243179313,0.028352410400012594,0.02191231174278746,1.0528750084246947,0.01674257653597382,8.995977897659346e-11,0.032723458941170874
2024-01-17,0.013013789535274298,0.00011515200313825648,5.420671493015833e-05,0.359859172903508,0.6779708863367991,135358045.83499,0.0002879355044366244,0.027574537815487656,0.021794072524310988,0.8396123805592207,0.017070223274301462,8.57793890098862e-11,0.03221601812702953
2024-01-18,0.04700729848925471,0.0005503476393677087,0.0016593384718901795,-0.5018770887287541,0.6457233538722229,279656442.64258003,-0.01991489611967727,0.0281936506768899,0.022115482051897613,1.0926773452431993,0.017544330337473227,8.841667243618831e-11,0.03298527178411316
2024-01-19,0.024788253460047954,0.0006144575095995793,0,1.0,0.5691157869185255,310452802.87501,0.04590593720045186,0.027673205635955607,0.021984922860605178,1.1107751940501946,0.017471933698047972,9.001288775392489e-11,0.03250443329216968
2024-01-20,0.019517048276782467,0.00015140680305253808,0.00022950837038571945,-0.20503664012176936,0.5529680567424582,210443222.29583,0.0007008199880364798,0.02771382968641665,0.022093785370759587,1.086328694589541,0.01745091799867917,9.006528941385115e-11,0.03252828384913979
2024-01-21,0.016750244951929984,0.00023952162367169854,4.1049082277957335e-05,0.7073886802329037,0.8502690561810565,116510117.35374999,0.005729073170226528,0.027633213454620494,0.022085687242581826,1.0943606882922885,0.01749972807495151,9.090793846904089e-11,0.03248464388595671
2024-01-22,0.046789890081218345,3.231693445817742e-06,0.0021860621203666775,-0.9970477297972261,0.7691394899317552,366672760.21594,-0.06341519150790924,0.029196179379220307,0.022660161970494645,1.3811825854707531,0.01768295643400763,8.875311935926415e-11,0.0339148047895339
2024-01-23,0.04595666267540011,0.00015020719832604162,0.0019618076459344725,-0.8577593346616519,0.9064451857985274,269819276.25437,-0.0284550624696343,0.03036301399181719,0.02279520191224694,1.3364232397071856,0.017952863947409733,8.873885708961617e-11,0.03505524311731624
2024-01-24,0.011382180076460195,0.00011001406958539332,1.9539953707574062e-05,0.698350491773037,0.2458163227593308,121054793.92473,0.009422562115524575,0.026616876917980516,0.02272652542323319,1.2199370849744184,0.01214292275264859,8.196848513286107e-11,0.029135669787867878
2024-01-25,0.018359051938458312,0.0001827514402006442,0.00015430334787836568,0.08440198249196784,0.5267335754443635,92051964.64193,-0.00942256211552464,0.0266191378226824,0.022556991903012413,1.2063720288775244,0.012141303371984852,8.234821931032649e-11,0.029137092558728046
2024-01-26,0.021601213329182693,0.00044648309046704256,2.0129326825817518e-05,0.9137214266924074,0.9188809390617327,103872015.81611,0.02294093966795805,0.02679141900177556,0.022735887730093073,1.2474500164823383,0.012037864581859391,9.171661699742421e-11,0.02925388573988437
2024-01-27,0.018705323716417976,0.00023371370170677724,0.00011617543362921152,0.33593003099309443,0.5175482906145281,87567416.68149,0.015253905542581693,0.026828860728843586,0.022852084542577148,1.005634729888891,0.012010079504852793,9.82721275017962e-11,0.029277313923776985
2024-01-28,0.010096310402842616,5.278920385155823e-05,4.91462798989898e-05,0.035737545146528465,0.44853118394716385,117210934.93175,0.003959820382839316,0.02639838548358075,0.022784581340904674,0.6930194415166022,0.012453415818747654,9.299592721499857e-11,0.029061610408322055
2024-01-29,0.016076083484080534,0.00016036212538525146,9.807833480187544e-05,0.24099860578439888,0.6054047680497351,130511049.97941,0.0011701039802196427,0.024912794170023882,0.02271364584625082,0.7290806965890301,0.011675153460227272,8.529763662271336e-11,0.027394627338146706
2024-01-30,0.015994005084762525,3.746464450137362e-05,0.00021834355415003594,-0.7070880081335721,0.8131559159538704,104151560.02833,-0.013984183139402442,0.024259255420272095,0.02264158232428698,0.7068976342257673,0.01177638851058598,8.979792804797268e-11,0.026843822976184414
2024-01-31,0.01860649917005634,2.800790720220052e-05,0.0003181939041631067,-0.8381989563154134,0.7042825285448379,195281295.20949,-0.011178296588842644,0.023408472617146035,0.022831967043334518,0.6771350858360533,0.011491835532888326,8.522622913725488e-11,0.025956313181887063
2024-02-01,0.0173377531640214,0.00025229099819139576,4.830668658513841e-05,0.6785957508551681,0.5850162391403326,101156489.21365,0.012067185536259337,0.022669723555376997,0.02298878879502923,0.6634880696559066,0.011352242301580127,8.75992786869299e-11,0.02523198253265959
2024-02-02,0.01081360392312468,5.405615610198764e-05,6.287787370422984e-05,-0.07544183345824576,0.5377209167291229,72551894.93793,0.007376840770218796,0.021465767730445295,0.022964826819123978,0.6724128427487074,0.011196680127249975,9.123001049461392e-11,0.02408682290109702
2024-02-03,0.010130536387590844,9.175053221076746e-05,1.0877235289534688e-05,0.7880254914538082,0.5391064335055401,68914574.82085,0.01154561601236483,0.021144806767294917,0.02296464882413963,0.6276502643400592,0.01142917879274988,9.617901132075554e-11,0.023906247913447955
2024-02-04,0.015106239632161095,3.4643020418882493e-05,0.00019355545540539207,-0.696378161214718,0.48549379533087045,83196259.67894,-0.02784710325678334,0.020841847947042014,0.022996473656678097,0.6238496289134356,0.011504248539750997,1.0401123956182814e-10,0.023673362398321254
2024-02-05,0.011804849880664716,8.945529856983147e-05,4.989918213519827e-05,0.2838524906734879,0.34540114138413636,84998743.36768,0.011143418185416925,0.020266865172408284,0.02291776579219989,0.569662601325196,0.011645711778021598,1.0684857888055376e-10,0.02323596797104818
2024-02-06,0.00651640938704861,3.716365255538334e-05,5.2999387442319e-06,0.7503772722925616,0.48663472375018746,80913361.6507,0.008678439405723737,0.019826345097465732,0.02264858394942428,0.48432584614680996,0.01199417789148994,1.1062881051603228e-10,0.02302376538673732
2024-02-07,0.00884799238786877,7.461972936006942e-05,3.667239935714297e-06,0.906312890415805,0.8274736818880449,92689267.20517,0.0048213987765596475,0.01962797380473214,0.022412938571835326,0.4727545166991007,0.01214597259633228,1.1300450494350013e-10,0.022929392112351555
2024-02-08,0.02833195435766048,0.0007476776935072554,5.50219442173013e-05,0.8629077636729123,0.8710428351040064,133631211.73011,0.027316247028149783,0.01873867170322765,0.022491953977945473,0.6343579322666929,0.010630185418702243,1.1934751283766827e-10,0.021418628965445715
2024-02-09,0.007355520679523814,0,5.4103684466902475e-05,-1.0,0.8767584991237,247131201.52034998,0.0018420125647552767,0.01790854157082174,0.022090249017847827,0.5683789775711929,0.01081324209417439,1.1266112696880367e-10,0.020786393416774393
2024-02-10,0.008048317672782811,2.2921910415468253e-05,4.185350694655986e-05,-0.29226514165525797,0.5228008755577749,115460532.63465,0.0021211914903934946,0.01736241154205985,0.021808983903977164,0.537639011276719,0.011015664744050201,1.1337738233354849e-10,0.020421064545661022
2024-02-11,0.012126993397589433,7.754165814698602e-06,0.0001393098030504791,-0.8945470345383199,0.7393743392969736,189821118.81457,0.01053750530278592,0.01714225670613887,0.021638020571454794,0.5922353784942939,0.011074552855741453,1.1367931066813625e-10,0.02026480726548773
2024-02-12,0.02352313150888955,0.0005056071124405675,4.7730603543944835e-05,0.8274811126546061,0.8075582658355865,181989796.648,0.018143285577957868,0.01603431582174226,0.02175828595402715,0.7318569005350088,0.008913107271114286,1.1019104034719151e-10,0.018241703379405724
2024-02-13,0.04585905085431131,0.00011871822776478614,0.001984334317493525,-0.887099133083996,0.8916305097691133,321920816.47093,-0.05500540423899099,0.016029667639785652,0.022231971806959877,0.8761152144829756,0.008896732965933745,1.1330563774424577e-10,0.01823000181127967
2024-02-14,0.015115145511683236,0.00018500445210574678,4.346317173361111e-05,0.6195244559975702,0.7111238090501347,278107992.54364,0.013107857822655816,0.016207427898605797,0.022153666227345083,0.9410412946817428,0.008836319331351254,1.1184349928640417e-10,0.018358734637600984
2024-02-15,0.013720855760877037,6.22947259010985e-05,0.0001259671569096941,-0.3382120164631935,0.4200606000659334,279505034.21921,-0.000858983588965888,0.01598656141395907,0.021846952398859917,0.9985118735897677,0.00883781624445386,1.0711549427820568e-10,0.01816473949861397
2024-02-16,0.021631940803819777,0.00026933118372469284,0.00019860967921527024,0.15113342328151447,0.37544522293880905,196251560.76701,0.0116777174385208,0.015988024627037026,0.021870934819195106,1.091381209775546,0.008838794789959057,9.943197379098913e-11,0.01816648068198778
2024-02-17,0.017735931163575976,9.027640824043279e-05,0.00022428684599867265,-0.4260206363975877,0.6800548656561045,155742765.29674,-0.008959741371471869,0.01594186307690169,0.022029469516079498,1.0296055480822468,0.008826416546471575,9.38764007703624e-11,0.018120122393485587
2024-02-18,0.0064895835360948995,2.8564612722033074e-05,1.355008174992091e-05,0.3565152534137698,0.37221942933782476,131196065.99153,0.012068010448219719,0.015770114178485135,0.021777349325073223,0.6819892000784425,0.008979610882779515,9.664786904788357e-11,0.01804134769194451
2024-02-19,0.007965267870574489,3.4885221646345316e-05,2.8560270603660933e-05,0.09969110205278232,0.44984497175152816,165329297.04135,0.007031388834427955,0.015383884863556276,0.021428124569493313,0.619149817021687,0.009138811755471462,9.824615690037564e-11,0.0177821469985477
2024-02-20,0.027653173124700427,0.00013884836633555907,0.000625849617529095,-0.6368543679588563,0.8021427538817921,323358920.91146,-0.023680652821326507,0.015939083341648556,0.021769929693482157,0.7430886849171299,0.009523779820633183,9.533976198855248e-11,0.018450951162280915
2024-02-21,0.020448061151484433,0.00019103843543023824,0.00022708476942460862,-0.08620983857349895,0.5203435110374365,181301485.69686,-0.010673691411040657,0.01602677676933561,0.021751455333184174,0.7243218642291578,0.009557985986188457,9.541740887516594e-11,0.018543527902054727
2024-02-22,0.013321132887955119,0.0001112406355807053,6.621194583785419e-05,0.25375054779643597,0.4153340524182226,177282656.87589002,-0.002031931032927043,0.015835509137141976,0.02175416752316853,0.6867114153058339,0.009570620467083894,9.028261267234626e-11,0.018384732103390197
2024-02-23,0.008846190389370127,7.272797760888543e-05,5.527106796098975e-06,0.8587412731549766,0.9161518633990238,151032251.16244,0.00029048656703892445,0.01574182277839176,0.02156118059373701,0.7094696184182985,0.009631672355485704,8.553245042797087e-11,0.01833457171494634
2024-02-24,0.008051114795981848,6.482044945807784e-05,0,1.0,0.4847446452565764,121204718.9489,0.023398756453260373,0.015642802702600853,0.021594190180693144,0.7191750292509198,0.009702671789502272,8.674751450259576e-11,0.01828540870454662
2024-02-25,0.004755251469246247,1.0875005501553618e-05,1.1737411034214975e-05,-0.038138583344119535,0.4751912267459459,99730908.91463,-0.0034110323010629324,0.015149898504366816,0.021390091966990953,0.5186747326396254,0.009989959017696356,7.243735025495822e-11,0.01801572532942367
2024-02-26,0.02539552955465124,0.0006027436912776312,4.218923008353348e-05,0.8691670755634837,0.8311749694418038,233619870.52987,0.025164749574410387,0.015797073726937602,0.02161035275481645,0.5687960945328044,0.010200425671720213,7.132381088632526e-11,0.01867194480995501
2024-02-27,0.03022549437350546,0.0003130206748955471,0.0006005598352272631,-0.3147387199548104,0.6088400207882341,423689295.81046003,0.027792876584195145,0.016926077773911738,0.021701611090463355,0.7312214068393975,0.010431334086660799,6.934006599493066e-11,0.01975153870019259
2024-02-28,0.035503413890079494,0.0005523253252396944,0.000708167072610595,-0.12363561068411154,0.5555688779598333,580620810.79968,0.006728594891869086,0.018195383559731295,0.02179929839331703,0.970583960692406,0.011005186707828461,6.741491479738264e-11,0.02112862460320215
2024-02-29,0.07629776850509373,0.004535235793093535,0.001286113685763339,0.5581389880698622,0.7683610908773013,710686286.80775,0.07016334530502705,0.020479469947704308,0.022470597442607286,1.538646293053455,0.01671206404831363,6.238210589398518e-11,0.026180185320032492
2024-03-01,0.028389421710409857,0.0004049783846264237,0.0004009808804250668,0.004959933305191971,0.497520033347404,506804801.06171,0.06050696783665312,0.021481084282508407,0.02235427716309525,1.7312570757499326,0.016515330954606854,6.771236856088734e-11,0.026855255539386495
2024-03-02,0.032730404020474384,0.000939914659804106,0.0001313646875393796,0.7547517594451301,0.7308215029459155,634386376.9645001,0.10690050573476274,0.022656421727636575,0.022577554318704358,1.7813071615125016,0.01638935832525363,7.486182181752727e-11,0.0277332563658921
2024-03-03,0.05824590932711586,0.0009959183720002162,0.002396667581342386,-0.4128854002835384,0.6988906739425378,455138356.59295,-0.04078235052334222,0.024852560581423547,0.023209343580727636,2.0752360672428507,0.017925792241543653,7.648522535425068e-11,0.030392140013230245
2024-03-04,0.013520335311256012,4.556204183709905e-05,0.00013723742509169715,-0.5015079354159571,0.4598278623319805,486241859.80176,-0.019796020116157137,0.024376236952964807,0.023202244051309127,1.8846443462672242,0.01809498263259054,7.367657391002409e-11,0.03010045674167301
2024-03-05,0.14282848164501002,0.0030567191143105158,0.017343256054708447,-0.7003212906893441,0.8395576482307132,1003711254.70337,-0.08274206821488093,0.02899382889537903,0.02512883684232729,2.271170363573102,0.031360983440143986,6.946561543354087e-11,0.04215826758490221
2024-03-06,0.06376460495472426,0.00341209849245221,0.0006538263525798365,0.6783873890936697,0.7102337909968771,409626723.31192,0.04730168795443278,0.03131046982123813,0.02471159154594148,2.4843845548642403,0.032073284313581994,7.27200365825856e-11,0.04427251499420661
2024-03-07,0.0310789406080459,0.00089011865370154,7.578189561690446e-05,0.8430855108833359,0.6445538430928475,370069652.70916,0.025055902181579125,0.032137045290150934,0.024914248175597467,2.4517098973136715,0.03181998008253575,7.579778313873045e-11,0.04468876812581759
2024-03-08,0.028121203212520443,0.000294089432370567,0.000496712637749303,-0.25622493040265093,0.3489867594854661,383302819.69047,0.0035121545194586774,0.032446057785803346,0.02507516713820531,2.2413720693942834,0.03174428070787816,7.340059514574788e-11,0.04486045407485454
2024-03-09,0.03136909340239015,0.0008174615554465925,0.00016655846544128453,0.6614734214635195,0.5408185020683693,267715009.72066,0.02623064614043868,0.03309525598765164,0.025288659931132308,2.381971279487867,0.03156731581544552,7.53268158597764e-11,0.045214369767277246
2024-03-10,0.014420150767986169,1.7620140184927286e-05,0.00019032060798652485,-0.8305272983782951,0.4390854221283475,243759905.41872,-0.036804333420362684,0.033472902046313126,0.025213800569459672,1.3729094867506086,0.031279235410052404,7.813640901716515e-11,0.045301608273875554
2024-03-11,0.09843292842510813,0.009580459865670073,0.00010858153267238708,0.9775867336698628,0.4483357534445673,946484259.44333,0.17332886249858864,0.0377808858822433,0.026025854971941154,1.584505897267363,0.033724800787622605,8.483162592483884e-11,0.050105862152183316
2024-03-12,0.021644657836259604,0.00020903616910187273,0.0002594550437468815,-0.10761968050249386,0.44619015974875303,775216152.51836,-0.06388526540315598,0.03749476610660326,0.0258977016228413,1.525328866496171,0.03384031020698764,8.526859158971667e-11,0.04996491106446108
2024-03-13,0.01988527962966373,9.307770619911788e-05,0.0003023466397508013,-0.5292262241692814,0.5998867140676307,350527636.93824,-0.003180631625103786,0.03746796698651656,0.025634405457666067,1.4576903921085527,0.033854704754441516,8.289722164582239e-11,0.049954093322133415
2024-03-14,0.046528040221531536,0.0008562496772362593,0.0013086088496201975,-0.20895553532581132,0.3591990007574919,536935094.43189,-0.03269391401848903,0.039049248288115436,0.02585149366021147,1.5512287713103232,0.03344347959513033,8.525095250128445e-11,0.050892532045385595
2024-03-15,0.024605951805799647,0.00017915164526579696,0.00042630121900353793,-0.40820613514811416,0.7020516956073773,630236002.87243,-0.04728370840453792,0.03979971311746923,0.025669101208768762,1.6291115876164668,0.0329043184922413,8.873200293004085e-11,0.05113858107314492
2024-03-16,0.046339590904469534,7.711033597926894e-05,0.0020702473492143266,-0.9281811907620627,0.8235529625482952,411536948.94465,-0.06519924625171561,0.04162297388454007,0.02613686111814528,1.2034271540944919,0.032108309001368525,8.708329469969445e-11,0.052099164234866054
2024-03-17,0.05001751899224362,0.0011640324843997876,0.0013377197217396633,-0.06942623530565366,0.5178702817872586,286841122.45303,0.021511261433405503,0.04377831995706375,0.026590022136157524,1.3858253505232419,0.031010122314723436,8.902573693429388e-11,0.053220082578543215
2024-03-18,0.06014637601322305,0.002908546752406378,0.0007090397951176355,0.6080039629719852,0.7970191908907114,354203365.48674,0.009836334587285937,0.04543312216937669,0.027165687022907527,1.6700699803027743,0.03090714659909688,8.521876805466274e-11,0.05453377049357712
2024-03-19,0.05965620807898423,0.00045226975596648493,0.0031065934063965782,-0.7458347031998944,0.420672807358299,721748781.62893,-0.10072617886238955,0.04683458472678045,0.027862335866052638,1.7295162723034894,0.030850293681162697,8.874072975183751e-11,0.05567672731787503
2024-03-20,0.04926103377853339,0.002389870967042201,3.677848188760687e-05,0.9696878493069306,0.5875246167716102,581475225.4711,0.07624372500020854,0.047489709483373485,0.028437688949278974,1.8732695908982777,0.03074352913164758,9.443275693794261e-11,0.056173207608037255
2024-03-21,0.018868782085468966,0.00016528120005726227,0.00019074973733165232,-0.07153461848336286,0.4313368332814658,358671764.25365996,0.012783848525878688,0.04475499584434374,0.027991045831758564,1.67729793342606,0.030606774623805975,9.142875739122659e-11,0.05380683961260156
2024-03-22,0.03158309179166827,3.081345642658977e-05,0.0009666782306943542,-0.9382181188586614,0.9375639234886082,335947638.55946,-0.02764826395638432,0.04490707537202271,0.02809890040845095,1.5613010960285183,0.030529227311914684,8.966257775520468e-11,0.053891526055803475
2024-03-23,0.034290340238178285,0.000767618596176926,0.000408208837473103,0.30566539648435953,0.5631414181983322,276790686.03802,0.022038806685848122,0.04498135804905623,0.028333397106250886,1.3869910221541426,0.030500001859599526,8.542984228584389e-11,0.05393769610322318
2024-03-24,0.020832796508064404,0.0004335301138990751,4.7529644734522766e-07,0.9978097210955694,0.8094185814585968,369705468.71415,0.05006187546160069,0.043199781248149015,0.028398199511903813,1.1027175236468523,0.03077787568916521,8.761107390618158e-11,0.052615494611016764
2024-03-25,0.02861077202069698,0.0006829933438429238,0.0001355829317773734,0.6687347634778887,0.8328995861315086,332246386.43659,0.010313371148558787,0.04391837347240811,0.028109642082371725,0.949870407204596,0.030221414963062028,8.715055215585915e-11,0.05290241354881742
2024-03-26,0.07251538817338393,0.004616547634490535,0.0006419338874460139,0.7558481912437688,0.8674578075206494,593805652.19144,0.05609749036915428,0.0405701309261402,0.0285312091537683,1.2908527753928973,0.02129064689877035,8.772364750101793e-11,0.04558115676774972
2024-03-27,0.04928070197705135,0.0004671430271990238,0.0019614445601519293,-0.615296537269572,0.74396445600886,605575778.86704,-0.02332436484138759,0.03988042126053673,0.029132772993460218,1.388169765874597,0.02072888521128589,8.405892896379456e-11,0.044717708029864627
2024-03-28,0.0240589410315112,0.00019479022402247838,0.00038404241953525497,-0.3269549456463928,0.33358803876215287,362613695.3275,0.005962538959607434,0.03954613556641603,0.029223247423508677,1.3087805160923736,0.020933513956791206,8.161784882935196e-11,0.04451114025059339
2024-03-29,0.10332780364376865,0.010457568727013034,0.000219066278832176,0.9589634227053294,0.8331570419125209,1158897368.13312,0.14731744292336013,0.04312740225361832,0.030520494888819565,1.7751208202430058,0.024932385908933558,8.723478958965032e-11,0.04951762873692812
2024-03-30,0.018536490883907037,3.7700471205057654e-05,0.0003059010230841111,-0.7805570008765467,0.4744783515428757,517061275.50486004,-0.0586794743445424,0.04251632594321437,0.030517815002589235,1.7084324230100363,0.025388078637218713,8.797320688464644e-11,0.04920873332462466
2024-03-31,0.01727405599485656,0.0002790479314422352,1.934507907120472e-05,0.870338255993879,0.6601066768415346,402816350.32929003,0.021435914735165477,0.04265222619211296,0.03063174747230374,1.3568751166596988,0.02523735329232249,8.331744995547067e-11,0.04925247898331351
2024-04-01,0.07155098033378578,8.092560495616283e-05,0.005038617181769637,-0.9683856124160185,0.6481463588559043,975386204.23123,-0.05734865449495018,0.04137213342585951,0.03151230139055303,1.4570556792674898,0.022833878214256875,7.739681607635814e-11,0.046991611102621206
2024-04-02,0.0579965496698158,0.0033342993595735335,2.9300414029877705e-05,0.9825779426792575,0.37068617559423583,1182260614.09952,0.07357542563327349,0.043103175894124095,0.032179008447458635,1.6279719941662332,0.022640661584656382,7.643601681897763e-11,0.04843628625768992
2024-04-03,0.0272434146238459,5.06733798875472e-07,0.0007416969065679052,-0.9986345154582507,0.4849421249403896,766629015.55547,-0.08287726301213871,0.043453563274799434,0.03231610234355054,1.1569784909898226,0.022318013198730762,8.115183811143816e-11,0.048606451487133044
2024-04-04,0.03769855160158388,0.0011166607727634505,0.00030452002009383194,0.5714549174541055,0.7857274587270527,630545453.5594,0.0010160537350440237,0.043033111435754307,0.03263928962033724,1.2578612753856706,0.022340355457007823,7.832905275627668e-11,0.04824079083869257
2024-04-05,0.040796634614892004,0.0006200944489944334,0.001044270946906571,-0.25485779682562415,0.3865460002649546,466140331.1216,-0.0058053837232458945,0.043804096331425374,0.033115210742428784,1.3778111596569387,0.021948563146086803,7.534946962464553e-11,0.048760622504339095
2024-04-06,0.028647433099553227,0.0007382133470680576,8.246207612532018e-05,0.799038514387461,0.3718654993217342,324038721.34146,0.03778193751521865,0.042961612626429356,0.03340912973785676,1.1145357351844416,0.022184655548929295,7.335748516808348e-11,0.04810844999790708
2024-04-07,0.01791697819812724,8.796529671308302e-06,0.0003122215780808585,-0.9451960530643995,0.5654718071993937,323813973.39854,-0.0037442156265609563,0.04143301544575715,0.03345374463572924,0.8784952459036285,0.02277230548203344,7.033697157390039e-11,0.04701678934514288
2024-04-08,0.028531769590176365,0.0006385684125997259,0.00017549346334718685,0.5688449034834023,0.4890189827027476,403506073.43938,0.020034874873139635,0.03992755799704064,0.033719251297784976,0.8858414930583467,0.022516900070293135,7.137895614668892e-11,0.04557496358186736
2024-04-09,0.032018939275853225,2.0043636044818425e-05,0.0010051688363059577,-0.9608985715929519,0.4504144847137305,364356585.54915,-0.057147029439991795,0.03861149757784393,0.03412405335951204,0.8430902998754423,0.02211014481631247,7.22020600819626e-11,0.04423151899529122
2024-04-10,0.014828915872405464,5.952784636943413e-05,0.00016036889958144455,-0.45858365377783566,0.3889567387872549,327399021.7903,-0.008333810258049421,0.03697187291564736,0.03421898865291738,0.6928439965060146,0.022553173720744602,6.717031745144665e-11,0.0430272449801773
2024-04-11,0.033077760575945796,0.0006692461191109266,0.00042489212560866747,0.22333009076461102,0.5599010547438202,304471853.03087,0.021059866455628618,0.037648490939003396,0.03429431891035048,0.710963130327277,0.022193175820429678,6.87668090196583e-11,0.043433763106596454
2024-04-12,0.1128919608428274,1.3670858699274697e-05,0.012730923964239202,-0.997854642083298,0.9592693939384233,598099438.34254,-0.13821028894676254,0.04152034184620145,0.03596950050024419,1.1952015621045486,0.02753244988906934,7.585172015357478e-11,0.049455815039389436
2024-04-13,0.10356386940301056,2.0697776398253477e-05,0.010704777269325573,-0.9961404457499521,0.9963536449368647,658012464.05598,-0.10742743281274102,0.04481908133024108,0.037485620368977964,1.5598442584157082,0.03060173769614072,7.983447432590605e-11,0.05385742999433564
2024-04-14,0.061384176384164955,0.003227066724132212,0.000540950386230063,0.7128726487242232,0.7018509800251976,507327728.61109,0.03006595893621279,0.04675009941957921,0.03826748041638392,1.6802947017169987,0.030290330195422575,7.620843761774694e-11,0.055311709677972186
2024-04-15,0.05170165580713806,0.0018443951323597158,0.0008286660808400564,0.3799872021276262,0.6899936010638131,442651975.53830004,-0.02054085152387392,0.04784966531417164,0.03871475857984819,1.8404471268290874,0.030016807650749888,7.693999627439617e-11,0.05610431386312184
2024-04-16,0.03823580673780797,0.0010466739145433782,0.00041530300234762373,0.43186106764148485,0.3696824155994997,351094633.80638,0.023298091019760134,0.04621730429342993,0.03859375470498305,1.8536091699547654,0.02953662689852924,7.56012966392429e-11,0.05446933174253277
2024-04-17,0.034441754091948655,0.0008844543948977388,0.000301780030032523,0.49119664091646215,0.7112477798646127,326066972.45818,0.003124026283332985,0.04551068772747265,0.03890052626974917,1.448057564168487,0.029637004151601608,7.422343573378294e-11,0.05392354241031557
2024-04-18,0.029573470831892518,0.0005394772529191702,0.0003351129241256273,0.23366867609247702,0.540263252980418,339707207.42822003,0.007211270837354903,0.04577328438463367,0.03915215508040021,1.0674648413418801,0.02946133877696217,7.44512773799125e-11,0.05405397411983614
2024-04-19,0.025516471776329933,0.0005724119152818299,7.867841663041209e-05,0.7583179697989529,0.7987751601243631,321445440.2392,0.0012380836049740989,0.04206798286713659,0.03921381430218609,0.8832580082102393,0.02661664044772518,6.858141956855331e-11,0.04944112892029278
2024-04-20,0.022763738188039773,0.0005162793296990454,1.9084465945747826e-06,0.9926341504686771,0.5245946557542512,174064121.04896,0.05018541876478176,0.04226928035780957,0.03929362076289186,0.7423285365292521,0.02644521014084447,7.690661953919095e-11,0.04952513363323126
2024-04-21,0.01595138078495443,8.787249607500112e-05,0.00016657405287161223,-0.309304870207235,0.2886767286904583,144872380.15713,-0.010289251676035708,0.042206295824004716,0.03944380802081027,0.6336061459399873,0.02650921545119689,7.77546081269325e-11,0.04950400158313845
2024-04-22,0.011162765205898621,7.555819639236473e-05,4.904913064965615e-05,0.21274082649866186,0.5250617268105329,176405055.15642,0.014280056197131739,0.03933066653220056,0.03949456194676779,0.5190570470315388,0.02644211247301991,7.880958604745918e-11,0.047040324225441126
2024-04-23,0.020555465201470283,0.0002680025912345189,0.00015452455841433692,0.26856980176182454,0.5409893952135549,148274836.62129,-0.004227839533043455,0.037547757747993626,0.03938189991624033,0.47218542126202484,0.026382802347391193,7.720390519222698e-11,0.04552736568157061
2024-04-24,0.028872965612873884,0.00010609867098093581,0.000727549472301262,-0.7454593479613366,0.5401591804920001,306117039.52205,-0.021288786390869185,0.03762535541413782,0.0395156285584846,0.48456559878024086,0.02635335963026722,7.536764380387315e-11,0.04557516347795457
2024-04-25,0.017278458300175076,0.00015126922870770243,0.00014727589252318653,0.013375988755239203,0.4359469740477614,237178308.76946002,0.006350749282002711,0.036652970018832644,0.039578443247567464,0.4554807281988504,0.026724638388602406,7.656597125990255e-11,0.044984849499984596
2024-04-26,0.023785808349419364,0.0005657646788353079,0,1.0,0.730491577814056,374107563.44205,0.05019392044192038,0.03584293067285775,0.039815580040584116,0.49383677565697526,0.026850270384663574,8.236195227358914e-11,0.04439957617676089
2024-04-27,0.02405174704636762,0,0.0005784865359824535,-1.0,0.4923521735150949,295739951.04753,-0.04888672682304881,0.035624088479848916,0.04006955833027278,0.5578449850517504,0.026930458119537027,8.468129051973596e-11,0.04426951050692895
2024-04-28,0.021008731451748468,0.00014749450718608243,0.00029387229002560285,-0.33164656644825896,0.4195095306432355,176353705.34614,0.001192037332712691,0.03577131482525945,0.040327550076026786,0.5633664869815111,0.0268371041745939,8.445255219727837e-11,0.04433419053616921
2024-04-29,0.020028534249044078,0.0002499227091192937,0.00015121947504583786,0.24605548349117107,0.4307211589637832,252752324.12018,-0.005614301314549828,0.0353663988566341,0.04024235967435048,0.5322651708272899,0.027015351412526128,8.314591796054542e-11,0.04411187604298366
2024-04-30,0.0458255279204717,0.00030717763031149116,0.0017928013788784398,-0.7074469516435926,0.7386583882269862,237853095.70918,-0.049850733560868304,0.03602385545875879,0.04048997925446105,0.670518471806873,0.027097688924627293,8.565746772187345e-11,0.044688219554247836
2024-05-01,0.05077495880766345,0.0008761381246775817,0.001701958317242339,-0.3203216835246726,0.6590619385360914,283346033.41291,0.00865046452392008,0.03773557178900917,0.04073238472934334,0.798886607627438,0.026825859779658612,8.589913845988239e-11,0.04592746662451819
2024-05-02,0.023742702334744188,0.000358910966023468,0.0002048049481327992,0.27337531905822554,0.6139014158394972,145916284.12406,-0.0014988761237359858,0.03729104520609481,0.03989817732981398,0.8088504451441865,0.02698378269172468,8.309455027547795e-11,0.04565165916293657
2024-05-03,0.02935522267020445,0.0006352965643610948,0.0002264325336561906,0.47446933339681985,0.7024949895437715,148921050.59774,0.02274229767855994,0.033313105293112766,0.03991350750377897,0.8450943746106938,0.02070949694743451,7.936270877589226e-11,0.03896438419278765
2024-05-04,0.012128415789015563,6.177472694847653e-05,8.532374260276546e-05,-0.16009014727434395,0.4545769130314033,105615817.47929999,-0.002814662569229037,0.028959036073398718,0.03958649181756534,0.8519614374375168,0.013588911276303926,7.28574481385576e-11,0.03185107561151082
2024-05-05,0.005593201066984443,2.1097046006347618e-05,1.0186852169368296e-05,0.3487479014187671,0.5923549992302046,111100654.40342,-0.003929278139889438,0.026302322963056783,0.038750734543595004,0.6569175541650173,0.012327858896246706,7.171951698562521e-11,0.028923197278990287
2024-05-06,0.034672008311299525,0.0009289703048632464,0.0002731778554755771,0.5455171592184073,0.7727585796092036,218935621.44883,-0.0070366317131275,0.025491387368016857,0.03908647538486553,0.5690004955226813,0.01106941207990331,7.104028462641191e-11,0.02768587838829982
2024-05-07,0.022610930078105537,0.00019480417607773987,0.0003164499829192378,-0.23793607289210736,0.6189377739275453,162373567.78249002,0.0007429420846932219,0.02474734562231674,0.037178260280628955,0.5642935696344381,0.01068851936545434,6.809824055877036e-11,0.026855825249860764
2024-05-08,0.021125387040950572,0.00033179848783817097,0.0001144834897917915,0.4869454939687651,0.6990217124260689,175767058.31642,0.01071109039981236,0.02411323290560255,0.036501447297870644,0.5222036437122755,0.010477551897307496,7.054386858956852e-11,0.026191592525603234
2024-05-09,0.014764120688167535,0.00015456358892610447,6.341567076867213e-05,0.4181494986498318,0.4039824990037009,141276205.59938,0.016517256733463066,0.023408025755901358,0.03624248190231701,0.536437970523771,0.01058945210257394,7.510037999401126e-11,0.025587737932196312
2024-05-10,0.03187570347390069,1.2858661614016533e-05,0.0010032018103420279,-0.9746891804790674,0.9577715727531833,168913013.62987,-0.03480743541053164,0.023710846312928534,0.03630207714456115,0.7002854729189516,0.010742579373418822,8.472969466420618e-11,0.02592512030762894
2024-05-11,0.011886051308775382,0.00011735303392876176,2.3925181786079183e-05,0.6613040210761113,0.4135838809640036,103959499.08297,0.014486726450685748,0.023192861223439755,0.03599282250815457,0.575301218672034,0.011048426393298049,7.763607631518235e-11,0.025576625826167126
2024-05-12,0.009052257373145235,5.273995666949233e-05,2.9203406880169932e-05,0.2872294810678345,0.6369745518924499,76937681.50312,0.000491581673903393,0.022864331537163125,0.0359076178510936,0.5015708615862973,0.011372347134216471,7.455828976536864e-11,0.025415533660576643
2024-05-13,0.022082267688464833,0.0003822272666308924,0.00010539927963412552,0.5677049149951628,0.7006130262944302,171769778.52751,-0.00987784300253006,0.023384307845856756,0.03469570260130561,0.5128894715405757,0.011055796383542964,7.344190462586444e-11,0.02575336833772844
2024-05-14,0.0175484254702691,0.0001089407904387582,0.00019900644604683106,-0.2924710630169515,0.3537644684915242,184085746.15153998,-0.023350295140044153,0.023241115477704317,0.03463068303994068,0.530601790198834,0.011113589115902184,7.8124339542876e-11,0.025647218063517257
2024-05-15,0.030791838997414254,0.0009418715345108572,6.2658143318239375e-06,0.9867828973524307,0.6531384212132635,158248034.58342,0.04580384871429553,0.02333249040077767,0.034803803029904976,0.5283095838383993,0.01116995437224383,8.859571093851203e-11,0.02575328447652954
2024-05-16,0.0038626374284668843,6.259528028408085e-06,8.66043987538518e-06,-0.16091937076933566,0.3567465281370904,128350130.1239,-0.0004853779976375214,0.022693641787839187,0.03412657441414205,0.49287513039574793,0.0118937185209108,8.750073027712363e-11,0.025489717567027195
2024-05-17,0.023983966195589304,0.0005004598018991183,7.477083257205229e-05,0.7400318130108223,0.5262098535540136,113025665.94492,0.02089915123522349,0.02270307787575204,0.03411670162667839,0.5917306314107044,0.011894706899577804,8.991675346834335e-11,0.02549855802666101
2024-05-18,0.003789665818719273,5.241593229659625e-07,1.3837407694603258e-05,-0.9270052742399584,0.47842028294050826,72895163.82108,-0.0035727083375737103,0.02173821686491164,0.033441305990396644,0.4954709545879608,0.012581790809478556,8.437906343802546e-11,0.02496624456498746
2024-05-19,0.012138745062515216,0,0.00014734913169273754,-1.0,0.46672034029041276,83239040.23579,-0.017571760337336727,0.021315836560662438,0.03284005561055967,0.4709832808288653,0.012755195807663629,9.410956972959124e-11,0.024684256652035892
2024-05-20,0.04273673099885001,0.001821239945887697,5.188230580370122e-06,0.9943187138183522,0.6805667952500404,210906338.44912001,0.07370032043875831,0.02239717926303415,0.032563712038902966,0.5396506342672172,0.01357671283906353,1.0969209713037563e-10,0.026022745589230456
2024-05-21,0.016687935779594272,0.00023048200040694632,4.800520017691637e-05,0.6552430411432124,0.7600849015553455,220302405.19408,-0.004294762478424459,0.02100967487537332,0.031881675970658684,0.6244887462857964,0.012509640349916652,1.0064012669580586e-10,0.02429908604927551
2024-05-22,0.024506840310827314,0.00021091976085321808,0.00038966546116717246,-0.29761921166266353,0.3798356256902351,167985975.86684,-0.028138520266429788,0.019758812089809695,0.031488752264822076,0.6310099965654283,0.010543297065728237,1.071627691760225e-10,0.022277306432387622
2024-05-23,0.03837786887762341,0.0005333247301926478,0.0009395360893954073,-0.27579751854379075,0.33491590180221836,292195203.21323,-0.004202667871496203,0.020455724782327753,0.031798420309141984,0.8417939538132765,0.011277900339130446,1.0735852718539037e-10,0.023228667555993603
2024-05-24,0.015739695005237177,6.727233157237652e-05,0.00018046566728551156,-0.45690744348858264,0.5348128390191262,162691878.47863,-0.005043111609076154,0.019807366322091215,0.031546937820468475,0.8701836876063371,0.011131111473786186,1.0156253401349329e-10,0.022590558316215363
2024-05-25,0.005062750000721651,1.4664819197340936e-06,2.416495565007298e-05,-0.8855716215104876,0.5523055159748401,72547832.1104,-0.00047042221260322026,0.019470906046458174,0.031083007816699322,0.6559496851024411,0.01147626456246414,1.006022623190875e-10,0.022462172215933586
2024-05-26,0.008917484542118782,0,7.952153055892743e-05,-1.0,0.9377633890730768,80343491.20667,-0.012428401676835387,0.019629205259559808,0.030893875880731933,0.6187711656974493,0.01129679322782821,1.0628435767859352e-10,0.022513245229680793
2024-05-27,0.021467656936221737,0.00025387295995523974,0.00020698733437606956,0.10173500767124977,0.4639662370473053,109425008.80519,0.015833959545201275,0.01900042662265134,0.03078049310161328,0.599328530964,0.010772980347845289,1.116444187594304e-10,0.021715128104179145
2024-05-28,0.017701054590525928,5.7291577830775474e-05,0.0002560357557860035,-0.6343020752804985,0.6231226289829673,154940568.79332,-0.021684598711603324,0.018766623028004692,0.029910424314583788,0.48408319948984685,0.010743944334924153,1.180910277063014e-10,0.021497016110568565
2024-05-29,0.005383232039981494,8.821406913151532e-06,2.0157780283131778e-05,-0.39119017704658665,0.6044757667386905,99350019.00513001,0.0017952251844342451,0.01801699659938712,0.02921363907748744,0.41450056322446677,0.01111394945254923,1.1604962667733323e-10,0.021029744178396977
2024-05-30,0.03369363675900452,0.0007312287385507616,0.00040403241949697895,0.28821237891768264,0.5793296086634142,149312304.26421002,0.010112512564517144,0.018918402126569832,0.029366570755701617,0.6113289988833975,0.011594201402562355,1.137073702624323e-10,0.02204382522627554
2024-05-31,0.024403416041653036,0.00019531106586195913,0.0004002156486400496,-0.34407286489143607,0.5644184733682669,114287710.84717,-0.014785055304200222,0.01856257891551042,0.028113802698525182,0.7403425904467477,0.011287260583061308,1.1005497751402936e-10,0.02158482831956189
2024-06-01,0.003043375607072114,6.450316140369337e-06,2.8118189453522208e-06,0.39283568651748535,0.3035821567412573,40631497.55135,0.0032379952737753475,0.018141499120191217,0.027867880233813515,0.6282086719578028,0.011705962599823198,1.072141222428564e-10,0.02143871109826808
2024-06-02,0.007394455211022185,1.5032407635276394e-05,3.964556023253675e-05,-0.4501475376108334,0.5846855325978683,67910293.89433,-0.004319661144516396,0.01806255616009012,0.02771106117375265,0.5582215791034824,0.011775705866759356,1.0993883617193278e-10,0.02140840912771607
2024-06-03,0.008211454332539283,2.767446971093401e-05,3.975351254444416e-05,-0.1791399123847682,0.41043004380761594,100932583.39203,-0.003372278277161288,0.01740204123837938,0.026705671872145568,0.5905385996626317,0.01192700553461804,1.0879145063545033e-10,0.02093586697394322
2024-06-04,0.01638280778801919,0.00018569988208003933,8.269650893914289e-05,0.3837733165850759,0.44535494153110516,107235898.28725,0.009964666160792016,0.017346535634462718,0.02604513628672022,0.46461063877011466,0.011929002327574979,1.0717612641032878e-10,0.020890838957710815
2024-06-05,0.00963145787115952,9.25380612893637e-05,2.2691943455697653e-07,0.9951076487530932,0.40959272726110313,86844655.54323,0.020923985778982083,0.016338898437974397,0.02576558141762996,0.3535165852298051,0.011626362685472876,1.0486624040639586e-10,0.019892087241602956
2024-06-06,0.012334764325793997,2.290066980694015e-05,0.00012924574116594012,-0.6989653628961101,0.5024073112476625,87787316.8108,-0.014373480253880366,0.016742333052132827,0.02536298161960155,0.42863711438076635,0.011314601711611782,1.1248286159381397e-10,0.020055665717064654
2024-06-07,0.053050875021903816,9.627082169118655e-05,0.002718124518898472,-0.9315868525627842,0.9252276349764749,211000489.25015,-0.05025082457626348,0.018126471567671616,0.025557493372093804,0.7787075845839717,0.013758707386960854,1.1501851738664686e-10,0.022557850476545623
2024-06-08,0.010627753520122695,2.706502418591883e-05,8.588412069856153e-05,-0.5207573423667828,0.7404418751497315,72766025.05577,-0.0023733694233628168,0.01845209479154797,0.02527146671210284,0.8088688040418344,0.013480542853147988,1.1423779614033439e-10,0.0226616695035313
2024-06-09,0.006287228666646098,3.937491776434287e-05,1.5432654235360998e-07,0.9921917787673232,0.5963633422830183,46692693.50169,0.0064821967192298545,0.01817345115364944,0.02508686751319044,0.7329679507579142,0.013676614726479512,1.1079621527934687e-10,0.022548103785807894
2024-06-10,0.01706171682090837,0.00020423200040412342,8.687018047274421e-05,0.40316365744103344,0.7010891291228464,73883446.24808,-0.009739120555259691,0.016950831430890313,0.024904803183519522,0.8007296280887707,0.012464923315624554,1.004329591523052e-10,0.0208639934490199
2024-06-11,0.03380240828758546,0.00016372648548397726,0.0009788763205566488,-0.7134148723976512,0.8564731464055303,214010251.2473,-0.030705004677389652,0.017765806312223225,0.02493311221545178,1.0283494410010536,0.01299508547205514,1.0633674995216444e-10,0.021827839673347272
2024-06-12,0.03326782702478393,0.0007626841852243322,0.0003440641297266118,0.3782432282413508,0.5058282712158199,140776556.85054,0.015536038234459705,0.018182996155744972,0.02522579334485461,0.9051063707496079,0.013357883516198222,1.0361552997978858e-10,0.022373144375134612
2024-06-13,0.021152260327617804,0.0003350283359572348,0.00011238978101007932,0.49760737552659323,0.6097236767632174,143210104.47642,0.007993444832739217,0.01736272908193518,0.02503649969011925,1.0303186213005466,0.012560881908918648,1.0558853588161307e-10,0.021253869867483323
2024-06-14,0.027917827986418516,6.766101330241299e-05,0.0007117441061768398,-0.8263778063258819,0.7156923215862305,158443613.45171002,-0.020166605582827096,0.01794264017627715,0.023687703930493707,1.2530022740076683,0.01276171760665691,1.1017336700024888e-10,0.02184134762962822
2024-06-15,0.016255142797291,0.0002285867735135817,3.564289384673982e-05,0.7302127788842518,0.5664536981689887,65796720.23639,0.021050723101737143,0.01847561126182807,0.02230185112722832,1.2672505033405574,0.012426221429244195,1.2509962637126913e-10,0.02209991598953447
2024-06-16,0.006240125483727529,1.9434638313838888e-06,3.699570222128184e-05,-0.9001794836204078,0.414934200119044,65589347.020950004,-0.0031611583509621563,0.01834811797333325,0.021426548731983283,1.0265238892302124,0.012542383267739425,1.2002845408693647e-10,0.02205615091525636
2024-06-17,0.024616429631013223,0.00019714384810946904,0.00040882475966915675,-0.3493265308506206,0.3253367345746897,150030221.5628,-0.030866647980527268,0.01849805953022808,0.020996624506965426,0.9456346551127541,0.012600229435438983,1.2293486993635702e-10,0.02221224241008844
2024-06-18,0.01839619407532146,0.0001501893829796733,0.0001882305734772191,-0.1124082364876477,0.4194859865743941,235953857.39931,-0.052972093752543435,0.01853116141045644,0.02068171002025929,0.9239276618565981,0.01259894397516531,1.2696094706736588e-10,0.02223912317710484
2024-06-19,0.01442293337034803,4.935419228838319e-05,0.00015866681471711562,-0.5254883821701857,0.3566814279022267,101992447.82622999,0.015442739413842973,0.01896162337856913,0.020363950961186268,0.7959419301022864,0.012277593471563961,1.333105144544892e-10,0.022429988868248187
2024-06-20,0.025012732216364252,0.0003292969705984942,0.00029633980232905195,0.05267779915689026,0.4512640094517848,96680269.22824,0.012534701484878393,0.01854824697177674,0.02029155828474931,0.8765578715026389,0.01189701905490987,1.3625926808825295e-10,0.02188233471928604
2024-06-21,0.020413360025626222,0.0001986182659171303,0.00021808700161870433,-0.04672063738647082,0.5168880657414078,113587393.42472,-0.007125122568040417,0.01835824430434689,0.020210556510928613,1.0089526979105607,0.0118305087980998,1.3308598888037728e-10,0.021686891565378428
2024-06-22,0.009239820718706833,7.777915919526579e-05,7.5951277185782595e-06,0.8220745849100226,0.7110834373753547,46626958.25223,0.006052066082046409,0.018653313119186637,0.019995891154272537,0.866137399955218,0.011502153790041705,1.3547198036677796e-10,0.02177029292294372
2024-06-23,0.018822065257501547,7.611344592501052e-05,0.0002781566946326362,-0.5703084329647288,0.6254289520488701,62323217.24721,-0.01662987016168405,0.019197485026161847,0.020041457574471695,0.8776313082367316,0.01120945772045241,1.4514932912886394e-10,0.022095518728655922
2024-06-24,0.037632448742280174,0.0004244151236609344,0.0009917860746794102,-0.4006287748403133,0.29968561257984333,208652271.86619,-0.05190338968900234,0.02059848475995903,0.02046161128139839,1.090864535264608,0.01159951520368306,1.5540381741672256e-10,0.023504026120910234
2024-06-25,0.009496689365635703,8.288555519144786e-05,7.301553715930395e-06,0.8380798807193375,0.8185873358689519,97759486.73552,0.023837678094951277,0.02027057435889315,0.02028607515702006,0.9496452087369914,0.011819887812499518,1.6259035034508053e-10,0.02332280188145053
2024-06-26,0.013651512757402263,6.146602683585771e-05,0.00012489777372965904,-0.34036517124741567,0.31978593065792693,76500282.80612,-0.004919540458048087,0.02046200554395233,0.020044464794234797,0.8901424024152985,0.011670575330666826,1.5417947842390556e-10,0.02341815907069802
2024-06-27,0.018690551553713977,0.00033480371268664624,1.4533004695393801e-05,0.9167965806497214,0.3535598590355564,80195115.77867,0.03162538180498591,0.020764662078615187,0.0200668789728624,0.9867422514158084,0.011530847648502093,1.65161609100698e-10,0.0236177939031449
2024-06-28,0.03391174212475717,0.0004892968478648301,0.0006607094060712002,-0.14905358785631878,0.41030847488692374,138282100.34121,-0.004928141390787572,0.01985327479779868,0.020227608080407442,1.1251560894115336,0.009413320230108225,1.5551795686076472e-10,0.021875638634733525
2024-06-29,0.018421624202390408,0.0002400839154067196,9.927232284737644e-05,0.41493739229248877,0.4806282947498849,114232266.76648,0.02747685884098309,0.020224411496954284,0.020138241051137963,0.956186393699016,0.009182207643685459,1.6541884042161257e-10,0.022120688412386805
2024-06-30,0.011663745062097415,6.763631215043289e-05,6.840663672316895e-05,-0.005662363092788969,0.4867111940937516,114779576.85232,0.004927758523266655,0.02048043608721387,0.019989907933841915,1.0116693086869317,0.008842856349594828,1.6085243919958463e-10,0.02222432780831776
2024-07-01,0.0075764723317948155,0,5.740293299445237e-05,-1.0,0.4470917301238019,90695627.16316,-0.012029014331231698,0.020028757778208464,0.01979225615737764,0.9614765473528316,0.00925867843803695,1.608911645059492e-10,0.021972533101991626
2024-07-02,0.016760339934599314,0.00023662968599169373,4.427930873163082e-05,0.6847426777825836,0.3985326945643947,79447883.35748,0.021812275862740323,0.01921723071378055,0.0193309039671257,0.9515545434223753,0.008722389396040196,1.671327727903807e-10,0.021018067758097093
2024-07-03,0.026780862878053827,1.9766460001158743e-05,0.0006974481564919628,-0.9448799298101078,0.4124983611014569,147856450.13771,-0.05350458813241814,0.018908327659174357,0.01895004530157634,0.8633826350045507,0.00830477864637189,1.7910938800684952e-10,0.020572067191895756
2024-07-04,0.04491423113192429,1.0011557073964384e-05,0.002007276601097953,-0.9900742419634911,0.7092462833915077,222955667.73535,-0.09743566769530897,0.020039850078427048,0.019286101314229993,1.1065118664859097,0.010059253317785245,1.9726186025593e-10,0.022315144292513817
2024-07-05,0.03078184124812676,0.0009475217506248779,0,1.0,0.4690583377102815,383622863.17032,-0.056160073160993244,0.020176231662317915,0.019308746053562094,1.307293782418532,0.010189967580747394,1.9817207852316273e-10,0.022493804005987723
2024-07-06,0.02682877633683947,0.0007197832397321575,0,1.0,0.508205316442249,112828982.41923,0.05632189855175,0.020679738021344034,0.019542085109876758,1.5003250814948834,0.010247600467835264,2.0670748818813166e-10,0.022970943513830493
2024-07-07,0.02716935481841067,1.0618444513819015e-05,0.0007275553967348761,-0.9712305044680076,0.4150260421640435,104711710.85916,-0.05245353687944448,0.021676367989662278,0.019884563740851777,1.5989696945778604,0.00978013375607685,2.2826637602489473e-10,0.0236846181140976
2024-07-08,0.05883768141079432,0.002779661816520596,0.0006822109372775348,0.6058717429581664,0.6653777439498952,206111524.94931,0.04539786627129051,0.02330595140774709,0.02026814585354217,1.856858240136069,0.012707425376560956,2.2895792579341038e-10,0.02639993505172652
2024-07-09,0.012237525233688382,0.00010092374192910192,4.883328191605799e-05,0.34783316785797275,0.6585079103098981,75394626.47862,0.005993102839968618,0.02301268146290742,0.020103488633789517,1.5601710234328652,0.012896067971387858,2.2205258620564085e-10,0.02622923219546068
2024-07-10,0.01364427819656885,0.0001843437358233073,1.8225916820568158e-06,0.9804197493018246,0.6150020254614391,84680401.37365,0.024815920147599608,0.022975602645108412,0.019984740874354888,1.3865836270063219,0.012923091190398129,2.2879750349080647e-10,0.02620938615342937
2024-07-11,0.020282766274613145,0.00018525285211961972,0.0002261377556309647,-0.09938219964451026,0.5496910998222552,97356938.46715,0.006108936527879649,0.022750366171691693,0.02007233842334609,1.3089069772975719,0.012927029489188516,2.2561163431490304e-10,0.026014029372586924
2024-07-12,0.01550859335614835,0.00019369173592948907,4.682473195687969e-05,0.6106318010706703,0.610347895724165,109450195.59826,0.02768393565000867,0.02251680585409751,0.019812543024651606,1.1999390730106705,0.013015371575969577,2.346691706894381e-10,0.025852268398679535
2024-07-13,0.01839305976438571,0.00025207412020701575,8.623052728924874e-05,0.49021967077646555,0.7072894455096373,95140004.56535,0.008202074904856187,0.02295267438008222,0.01991582887315336,0.796669408495767,0.012697903929246234,2.3259359949329356e-10,0.026084173060349096
2024-07-14,0.009826227783082078,2.875114463245512e-05,6.780360781255902e-05,-0.40445925437324726,0.413325638601659,70409720.66723,0.0014320495072276745,0.02252430116701462,0.01992811411775553,0.7863467029701895,0.012992542816293771,2.208557965784257e-10,0.025847861089528176
2024-07-15,0.02401811496340442,0.00046509302344264304,0.00011177682295266818,0.6124712579410124,0.49801099646163355,133796439.18623,0.033495954428182186,0.02187599955849673,0.01995884185227838,0.8764864932007486,0.012532502820025765,2.2093173320299285e-10,0.02506279639799028
2024-07-16,0.0431130296392948,0.0009051581701263877,0.0009535751545523241,-0.0260483759467246,0.48478712564181475,159603126.005,0.012514775176444476,0.02347677766676621,0.020364629220040693,1.086557407727682,0.013010042972431938,2.1305419953061858e-10,0.02669007773972223
2024-07-17,0.01978167360062845,2.6251281985220056e-05,0.00036506332845658045,-0.8658302997908414,0.5772492426857109,99728690.26882,-0.02560870790099905,0.02376869008787222,0.02018986468993298,1.1138895366316723,0.012846308528751377,2.2221973656210677e-10,0.026872287065441182
2024-07-18,0.019891042599542892,0.00011397473654281996,0.00028167883915401016,-0.42386601034965404,0.5511953088228522,82382737.17379001,0.0036389123429402337,0.023825856328149788,0.020444283819632602,1.1213735197047525,0.012825234671984513,2.055442770838104e-10,0.02691329368191738
2024-07-19,0.03770251033683955,0.001190840626263132,0.00023063865943636117,0.6754948710731769,0.43147591895589527,99693975.9494,0.024563122610329655,0.024006369100153708,0.020662038488541336,1.3950249983521985,0.012999778921055093,2.155798440689444e-10,0.02715239702191992
2024-07-20,0.016822990438351497,0.00016658283286859684,0.00011643017442026913,0.17720972943529006,0.5367919096283539,52588629.55788,-0.005192687262362043,0.023930243682818524,0.020868916657106926,1.3254212284732905,0.013038740155186494,2.0882777883552737e-10,0.027102945467930628
2024-07-21,0.014053708711814461,0.00016954977182948367,2.7956956727046014e-05,0.7169012222381652,0.6141728550684649,91386205.55827,0.01306674369326797,0.024044051475662194,0.020899312905508498,1.0537815743264924,0.012936347735784658,2.1359213126057154e-10,0.02715688678197833
2024-07-22,0.03044129408121218,5.26961688106226e-05,0.0008739762165282211,-0.8862679634262461,0.6730463440240584,129011509.31046,-0.037761135090555745,0.02513285251134873,0.02070414724014917,1.165048823697926,0.012433483348032424,2.2121428724117555e-10,0.027908605897360054
2024-07-23,0.018199802187101096,0.0002467532605170807,8.447953913252912e-05,0.48990837126097,0.4867958979074958,122760332.78891,0.02304697316248766,0.025201398332896436,0.020728145119633407,1.1461765044980137,0.01238890575100164,2.1708054187683198e-10,0.027951505412004498
2024-07-24,0.020416230531134835,4.570320574990332e-05,0.0003711192633505388,-0.7807066118650616,0.6915362928692869,88329404.6203,-0.022344972431657777,0.02489832060209077,0.020663214805670033,0.9650781989447952,0.012426129442542679,2.1189505274717232e-10,0.02769444469250533
2024-07-25,0.010158657929020425,5.0517574961597136e-05,5.2680755957252394e-05,-0.02096139517369021,0.4918831696086195,142775241.84759998,-0.035286855089716136,0.0232432933067144,0.020215290822358876,0.8998209326411442,0.011931624821282443,2.0285369817940297e-10,0.02599682927195427
2024-07-26,0.014456695578305461,0.00019353513141351768,1.5460915630279e-05,0.8520458559004319,0.8132229940590747,72289335.25117,0.035848179830809145,0.022465905417675288,0.02019492575209012,0.9088314112696437,0.011947713257277007,2.1949677568533188e-10,0.02531140536494211
2024-07-27,0.007281853504901683,2.7640751183144208e-05,2.538463928370472e-05,0.042547765883025224,0.47835891769834993,85782002.99903,0.00042084590647083344,0.021535099568535394,0.020230149617235835,0.6899459792127556,0.012345613474611371,1.9595994897318307e-10,0.024676240957120715
2024-07-28,0.0181514139324171,0.00015369745524545158,0.00017577637250049404,-0.06701265896017487,0.41252104795609956,44029685.34747,-0.0033722105864276283,0.02110567381205951,0.020376719925018348,0.6823683842569066,0.012296575542537484,1.757531211876747e-10,0.02427869358859716
2024-07-29,0.03266941339850778,0.0007283617406889441,0.0003389288311136552,0.36487993041815836,0.5545735132753626,201679629.10446,0.0362168123330044,0.019859565811474435,0.02055452558314987,0.8016885266736394,0.009223672232704459,1.738158454465688e-10,0.021804294059125616
2024-07-30,0.01965921206038497,7.326366890505403e-08,0.0003864113551662808,-0.9996208714896552,0.7796094444428343,97421744.44856,-0.027662948817914486,0.020212979469888558,0.020585607447750807,0.8972039987575939,0.009057715779075862,1.8355206778255914e-10,0.022061277887633648
2024-07-31,0.014175525321138166,0,0.0002009455181302293,-1.0,0.3735766934507931,83066673.48442,-0.022009917836263423,0.020238276952010907,0.020725167658562818,0.8864676646879626,0.00903917551454753,1.822145919161821e-10,0.022077222493274144
2024-08-01,0.05047501492824996,0.001253230232211402,0.0012944968997956549,-0.016197444014243296,0.4719437401206408,136853754.14431,-0.008020667460828914,0.021676003078374566,0.02099153874061433,1.2593465348646267,0.011191478988714632,1.820174372419597e-10,0.024272084041062677
2024-08-02,0.05328086439012805,0.00011656916263796256,0.0027222813475212522,-0.9178758006307103,0.9072969883470099,138130903.87994,-0.06720721170395623,0.023474682651421216,0.021449910936621873,1.5330741107013441,0.013034328027585048,1.9314176474927333e-10,0.02669951790174483
2024-08-03,0.0481761902159677,0.0009527299423852869,0.0013682153613398154,-0.17901560122406893,0.47186149823672774,113753499.58816,-0.006170954479406909,0.024892926958639407,0.022166304819302755,1.63372700128863,0.01403562604979734,1.9161976003579166e-10,0.02841259783979658
2024-08-04,0.035466441083939565,7.954936728553617e-05,0.00117831907587502,-0.873517190580506,0.7091646359522105,104937042.30988,-0.034483460727440726,0.02611388949677548,0.02261189189665065,1.73980263179167,0.013772189385126844,2.0629938583860628e-10,0.02936965045663378
2024-08-05,0.0781205646882476,0.00469717014674034,0.0014056524804703374,0.5393434919104646,0.7487277546703512,458809569.29289,-0.10782001537382722,0.028690196626529912,0.023721560314995224,2.1881798087758475,0.01782467597995721,2.0556840358138137e-10,0.033551706015568034
2024-08-06,0.0376380688494074,0.0008445527528799019,0.0005720714738328297,0.19234548859817502,0.44176871414092816,134898830.04589,0.03816321684867084,0.028429484207963845,0.024058945411207736,2.1046664770536707,0.017642279318079945,2.1530605414453902e-10,0.03323648841809628
2024-08-07,0.02434552330125979,0,0.0005927045048121833,-1.0,0.4136480846303144,127212659.78534,-0.03959178852019671,0.02864681038418439,0.024292502005336315,1.8460775450904314,0.017558335136233574,2.178985048841052e-10,0.03338044573303758
2024-08-08,0.03433279075859268,0.0011729201411151762,5.820380158130671e-06,0.9901244081236077,0.5321813443428287,98441430.48346,0.08802331195499671,0.029334512677472474,0.024641677028079147,1.699095430257748,0.017480900913736414,2.5837462676174057e-10,0.03393440749280186
2024-08-09,0.017886535085811794,0.0001501775755521987,0.00016975056182377767,-0.06117932118167204,0.4751492222747228,72346146.09777,-0.0073898029040585156,0.028390894808375915,0.024083512902109437,1.5559264693294934,0.01754133979046207,2.5150604848433636e-10,0.033152514162589436
2024-08-10,0.010293219806620535,8.492896875379654e-05,2.102140523360874e-05,0.6031839352240959,0.5370842886454682,41157771.56684,0.00771697450848189,0.028079953349722058,0.024078202843164954,1.0234133467947606,0.017812426961870166,2.5573251273453215e-10,0.033025106227443944
2024-08-11,0.022847002518707287,2.819965162424e-05,0.0004937858724655772,-0.8919523614245373,0.5113964065238735,93525672.73389,-0.023670723642077604,0.028498681626240766,0.024341056396372275,0.9083083304048457,0.01756789304446593,2.6097582521965866e-10,0.033258217218453366
2024-08-12,0.02088577043127575,0.00037730844694968844,5.890695955826391e-05,0.7299180236212496,0.7036583101868137,128412512.93892999,0.028891815613487422,0.02804365669052951,0.0244017556600289,0.8798249144308056,0.01763866773967581,2.577518419288354e-10,0.032905226307074466
2024-08-13,0.020310656760998132,0.00040516988382988556,7.352894233193501e-06,0.9643515722078787,0.9284656788941976,90560552.00181,0.030604006633087044,0.028144173575000795,0.024187600873892594,0.7677369743499225,0.017585701055848935,2.6490422910703295e-10,0.032963993533442024
2024-08-14,0.008838857743124148,6.220491064110353e-05,1.5920495562082174e-05,0.5924374326918256,0.7233899549554641,109083085.37562999,0.010203369267936179,0.027592870108905047,0.02379983945672339,0.695997969048185,0.01801628305512361,2.5731205719923804e-10,0.03271844186550257
2024-08-15,0.03861927261239567,0.0007776345632973011,0.000713813653813233,0.04279123388387688,0.4525355676916763,196242137.01039,0.01979650174066839,0.028948137474780058,0.024077093619973833,0.9124241373340991,0.017707042607377026,2.5034673613872827e-10,0.03371355180849343
2024-08-16,0.016353262864505134,0.0002574793465581378,9.949859757464926e-06,0.9255888323153252,0.8885593446993306,147666025.15805,0.01791183285494816,0.029038450202694327,0.023893529094229177,0.8641548342373201,0.017634121543237798,2.3250868971720304e-10,0.03375479383639998
2024-08-17,0.013265757440204409,0.00017598032046233864,0,1.0,0.6403291705342307,81251431.45877,0.016117346352717322,0.029323398009137313,0.02384607853300558,0.8042761979938382,0.017310355410624645,2.4172096838186675e-10,0.03384141107584491
2024-08-18,0.012727479886632578,1.6030902213861008e-05,0.00014595784205077584,-0.8020738751123134,0.5416932918592503,92038102.71128,-0.018379299576645403,0.02906511543552853,0.023949052412416773,0.7425169968576195,0.01752452346187593,2.4758300712274706e-10,0.03372336909975843
2024-08-19,0.016490838785352235,0.00013531637120371224,0.0001366313926407654,-0.0048355662810494904,0.31887214411377485,99582845.71867,-0.0006034092806408154,0.028294707120616363,0.023820074779945962,0.8105438810004106,0.017712757849048563,2.393203125074073e-10,0.033157083050125456
2024-08-20,0.04393819342710255,0.00021676569228977802,0.0017137991493476994,-0.7754380608051263,0.7634843440370489,111979618.23815,-0.029085166687700136,0.029450849090460057,0.024225503341085346,0.8410679069410155,0.01791216451454633,2.3816725529319426e-10,0.034247916521303434
2024-08-21,0.0323340854948846,0.0008054041846953902,0.00024008890009511648,0.5407164263678992,0.7703582131839496,128545586.89041999,-0.002332634600960884,0.03031554243206703,0.024509807343062115,0.9567789419073699,0.017572974565727675,2.264138969323219e-10,0.034830106759002555
2024-08-22,0.015047344211586633,0.00014803313837288078,7.838942944908897e-05,0.3075828950873433,0.5860027689646476,76864183.78589,-0.007971906227853407,0.0286285104931783,0.024351626581081517,0.9735999676212364,0.01723823458958358,2.2856183049468574e-10,0.0332053914939016
2024-08-23,0.021944886298570145,0.00047275765556301796,8.820379094153701e-06,0.9633688479980912,0.5272191305803459,93135827.22682,0.03621630099994644,0.027136321060246965,0.024375936521921895,1.0592347786190026,0.016329892375098225,2.239098025938745e-10,0.03146977842313592
2024-08-24,0.018410205628091706,0.00013381053878104706,0.00020512513248757244,-0.21040746003393024,0.605203730016965,81947729.50669,0.007087415628398018,0.025718893222729064,0.02452149818715023,1.0684246267776958,0.015691694556237847,2.2544497156305733e-10,0.029932683523732292
2024-08-25,0.021365175658722025,3.843350265295375e-05,0.00041803722827509437,-0.8316058399853379,0.854088575976346,78951042.01566,-0.027265416031686127,0.025047404392956798,0.024561865018915635,0.8806710159502057,0.015554833470704781,2.2624187255618855e-10,0.029288286858594494
2024-08-26,0.016367671245317735,1.1267976355265626e-05,0.0002566326856395354,-0.9158794437358702,0.6554747886329664,91428785.19479,-0.028184110694174307,0.02210679041948395,0.0242243288681702,0.7529663414712648,0.009787856988256134,2.297306105898685e-10,0.024082157714712303
2024-08-27,0.05200702107470929,8.173477308582736e-05,0.002622995467979428,-0.9395616081449687,0.9573986319255028,116768120.97557,-0.0426631887697362,0.02279102623973642,0.02489909603815549,1.0391045630371023,0.011311530224083106,2.336574793935536e-10,0.025323678678898762
2024-08-28,0.032246531430711656,0.0007472417972215336,0.00029259699209034103,0.4372262410330538,0.5859791105311427,121865710.08838,0.023746305341973147,0.02316726472209127,0.02519425506471596,1.1111618099075309,0.011495720451980138,2.2811610362075543e-10,0.02574064510881208
2024-08-29,0.0231551759413112,0.0003875050769370192,0.0001486570959360578,0.4454771207022519,0.682344622385195,127448662.91993,0.010304390000764658,0.022634997349839772,0.025265122118487346,1.1400749756003938,0.011208062876789826,1.8938667164867522e-10,0.025139249027096487
2024-08-30,0.06001379412590244,0.0027751337687408335,0.0008265217166453687,0.5410323280508094,0.5460212114001926,150259809.04564,0.03880169463639163,0.024641057304129806,0.025679440404219808,1.3957486505900745,0.013788637017868102,1.9681931987671862e-10,0.028075871714053714
2024-08-31,0.008101222269941453,3.712363967094581e-07,6.52585658702859e-05,-0.9886869567213019,0.8248165992708254,105968734.81551,0.000616142964655554,0.024536676469049848,0.025515624500530142,1.3403160481836953,0.01391044053180975,1.8816774846016326e-10,0.02804165732047983
2024-09-01,0.017119440125182142,1.996845049317335e-05,0.00027310677970652304,-0.8637315717226107,0.9165945407685986,89910539.03055,-0.02164013767902541,0.02426393540269151,0.025602222834864824,1.080554361500161,0.014001080978316984,1.8757688613787479e-10,0.027846616582521768
2024-09-02,0.023688236143987497,0.000448583367740082,0.00011254916387323366,0.5988499773854036,0.48967548028282676,101035863.53899,0.027632928636123894,0.024397386150915874,0.02585796511759804,1.0287797996408368,0.013980613025085721,1.8988660158425062e-10,0.027953219664697004
2024-09-03,0.02009591903512192,2.133133924003089e-05,0.00038251462262614463,-0.8943590316393973,0.5238668491555591,89752447.95894,-0.015119078491656886,0.02438716054492177,0.025910910817606332,1.0119699124843584,0.013983829728587218,1.8181581086945567e-10,0.027945828094711044
2024-09-04,0.012063845595720992,0.0001265911309466967,1.8945239610700123e-05,0.7396494149449951,0.5457517130116477,159719194.16405,0.015884365128838406,0.02454073139504543,0.025677307368680416,0.642066354736898,0.013821304180063903,1.8209744088874378e-10,0.02800320256364922
2024-09-05,0.05880652878056132,0.002311615481069517,0.00114659234614947,0.3368863854133753,0.6127202555780874,200718001.63384998,0.009895795148932063,0.02550202930781522,0.025897820029769893,1.022307559380908,0.015454938636556647,1.7964144304183236e-10,0.029628273209043827
2024-09-06,0.03357843800158855,1.1361062750747407e-05,0.0011161504358757786,-0.9798475443228972,0.45236041150453804,170824334.32064,-0.04698903002780096,0.02632227574291443,0.025942210454428016,1.1690885311603694,0.015402113696907152,1.8696394808851435e-10,0.030311563354330596
2024-09-07,0.014678027481793083,1.2036126433491968e-06,0.00021424087811292377,-0.9888267029792764,0.36181723293314866,80177501.42692,-0.015519069961534742,0.0263895266972758,0.025749341424982836,1.096268129301221,0.015345232154514006,1.8673514176802016e-10,0.030342546353067844
2024-09-08,0.022174403225306238,2.0405970646136917e-05,0.0004712981877523347,-0.9169989909680603,0.9449465583860609,106158516.40653999,-0.018387956051820253,0.02683938018959359,0.025670056479060545,1.1064414189376865,0.015060526233984642,1.85474187696402e-10,0.030600177339264616
2024-09-09,0.02408026093395585,0.0005274715728840352,5.2387393763365174e-05,0.819309877826824,0.8643689402919463,151249829.54666,0.008015091571107526,0.027200781244289,0.0251183513921266,1.1975668807937714,0.014889873427254665,1.877090939325875e-10,0.0308388276596753
2024-09-10,0.01912962628162,0.0003326623308817584,3.328027079268814e-05,0.8181120720003229,0.6605386557860928,105883624.78494,0.0017905107737882938,0.026019420904027927,0.025227749821458846,0.8855626418488906,0.014473875314032065,1.7614594732861417e-10,0.029606206620783653
2024-09-11,0.011978770474975753,0.00012686647412525742,1.662446796689342e-05,0.7682854718980509,0.773087745333471,140047406.78558,0.010676257991341634,0.025050120188794173,0.02520131319095737,0.7202440670404727,0.014709513564851753,1.789119859366225e-10,0.028871698728805302
2024-09-12,0.017790999648631324,0.00025083617838285205,6.568349011474783e-05,0.5849642429709173,0.6673299264496415,91237680.85472,0.010245007169297996,0.025180770447701062,0.025161761339751308,0.7407564533953623,0.014628186201242392,1.793203204622997e-10,0.028945903434066604
2024-09-13,0.028127645571565628,0.0007509887450240314,4.017570037558415e-05,0.898439065078837,0.7680249581312273,97390595.50051,0.032584336333004484,0.025475187555938944,0.025362063755869045,0.7850084970795898,0.014622020119373615,1.7673551472830772e-10,0.029199444098298572
2024-09-14,0.015538362389305093,0.00017887631200476554,6.256439373660551e-05,0.4817411294048827,0.5616288430424636,95871391.04173,0.015141376676362476,0.025338433115996723,0.02531675109912173,0.7317433167097896,0.014704596619535425,1.8013776358117401e-10,0.029119837194661716
2024-09-15,0.019926821757986535,0,0.00039707822537456556,-1.0,0.6455466248050503,81702063.42069,-0.04137880149978984,0.02526994007310456,0.02547707798761228,0.7379747019812932,0.0147273614070851,1.8780985028111288e-10,0.0290712349874139
2024-09-16,0.00940336721567841,2.1390412633694415e-05,6.703290235920113e-05,-0.5161816171354117,0.3743762545753056,81020789.07834,-0.009700322544627854,0.024938306547883638,0.025245097864632502,0.7226096525847057,0.015013479988929547,1.7883191457045552e-10,0.028923868402411422
2024-09-17,0.028385030854117043,0.000557792664698682,0.00024791731189049445,0.38459912600311513,0.6016522934580287,83588145.54387,0.01820967108546673,0.023813449870712575,0.025011320106137616,0.8119494947463702,0.013712557887645279,1.7180730380811493e-10,0.027315940894583716
2024-09-18,0.029912811599623675,0.0006199947550406453,0.0002747815427539352,0.385809518130489,0.4792169066602534,96326089.76477,0.01680450311342188,0.023702320354946484,0.02517213182040738,0.819090900333045,0.013650111501720782,1.7083577970594362e-10,0.027189205381273857
2024-09-19,0.0104082523717259,7.703151134017238e-05,3.1300206093365425e-05,0.42214142201579513,0.27961680406701916,85648058.76721,0.00875648885643979,0.02309532399449004,0.025021611340600762,0.7802422151467872,0.013955655521163391,1.7185419548040414e-10,0.026811937834379615
2024-09-20,0.02158972905891923,0.0001755084255766037,0.0002906079752609377,-0.24693306109271712,0.4718925326331074,96518514.30153,-0.0013775160975222503,0.02126560661034798,0.0247658529076179,0.7981624909779599,0.011099987882766194,1.6023711676122376e-10,0.02386563691704308
2024-09-21,0.01670837228425006,0.00027677731224032016,2.3923921487753943e-06,0.9828606606579273,0.8031900648672983,58488503.39452,0.023013884738843846,0.02167547089674363,0.024764033571838512,0.8574974260455634,0.010742751570695557,1.786972444768926e-10,0.02407773228989492
2024-09-22,0.02021615190984117,0.00036683442241017457,4.1858375631600184e-05,0.7951597100210138,0.45520255233765095,113258326.12315,0.02716836227659426,0.021822933362679774,0.02486185013053735,0.7921404821619534,0.010698246989464432,1.7865888184937565e-10,0.024191791804091714
2024-09-23,0.02134216185327391,9.29100544558389e-05,0.0003625778181155012,-0.5920415885879069,0.4725846364406974,103295413.06469999,-0.025519490916995013,0.02171121553931246,0.024717419460252615,0.7180851788777612,0.010690040835789127,1.773997027102726e-10,0.024087592088934524
2024-09-24,0.020992649051417824,0.0002445563662349741,0.00019613494796101962,0.10987604410197079,0.5487599167018233,103447297.9797,-0.0037427994886545476,0.021753916968659887,0.024761750362860817,0.7988262510535035,0.010685055743337099,1.7110101854872744e-10,0.0241239846051608
2024-09-25,0.01918971709675012,0.00017464749993824168,0.00019359774231506223,-0.051460929300439655,0.43871735077246476,87833730.20333001,-0.0019520991257974177,0.022093244182994604,0.024742281895648362,0.7737340401352677,0.010472984198423874,1.6742354775968153e-10,0.024342798064242884
2024-09-26,0.01924886637098694,0.00036946398226710413,1.0548743010077087e-06,0.9943059615870655,0.6508984267290703,93668906.2401,0.02976895127300539,0.020209545973014872,0.024886570918536716,0.7931303038152872,0.0062425094382481195,1.8020966228509973e-10,0.02110779499308904
2024-09-27,0.018108152094773663,0.00032655779403290583,1.34737825455003e-06,0.9917819030108567,0.646217377722722,94086628.32364,0.03681573121146267,0.019472865691737975,0.024944530545782245,0.78404678639889,0.005448258480096734,1.8574413268509942e-10,0.02018570082359894
2024-09-28,0.01671731294629078,1.1822586328695243e-05,0.00026764596581552603,-0.9153923671340727,0.7408195443708346,78730913.63559,-0.016876242548146573,0.01956997452338072,0.02509429974326461,0.7488313085972119,0.005376220671454391,1.867343485206085e-10,0.020261078020871456
2024-09-29,0.022897518852938097,0.00018759809185443134,0.00033669827776622416,-0.2843814959460264,0.34691770587456905,65284091.21501,-0.0100604470258414,0.019604408600887,0.02516963474200304,0.759578623127244,0.0053960150886819165,1.8582436407961432e-10,0.020299342172248824
2024-09-30,0.02264586905413966,0.00014530230058047993,0.00036753308463676035,-0.43333746161478714,0.4082509188388235,100951068.69117999,-0.03603066017442563,0.019536104225657658,0.025010530863521004,0.8015621231692136,0.005345366353608214,2.0029673177521196e-10,0.02022057599353485
2024-10-01,0.05005336429498121,1.8169063077955055e-05,0.002487170214168145,-0.9854957264726824,0.7245036740430145,149626219.01507,-0.052570887009338055,0.02100866317867486,0.025492977724387612,1.0517028833538182,0.00853539612330073,2.162223469451145e-10,0.022599728442625068
2024-10-02,0.018087087184604344,1.4513226477316982e-05,0.0003126294963461618,-0.9112728148004801,0.5127648955772803,92517121.93909,-0.007286583799775559,0.02129953540294289,0.025555066007934696,1.073233211855856,0.008313481954073425,2.1634263879393616e-10,0.0227923901461072
2024-10-03,0.01574961790987069,9.365941222655574e-05,0.00015439105208036382,-0.24483582412755808,0.3955174435338069,75086660.81299,0.00839077193941087,0.021202326748716187,0.02500386922986518,1.07987179524563,0.008368312150855537,2.163168590977335e-10,0.02272075285455062
2024-10-04,0.011345436766010984,0.0001178925732506353,1.0826362160918492e-05,0.8317829132706341,0.643947636875153,50159006.94118,0.022756592987271333,0.020403173948451682,0.024338227521545863,1.0313743700137348,0.008474549118550754,2.2198901718486235e-10,0.022015621408273366
2024-10-05,0.019198196951202482,0.0002769128569771121,9.165790920004822e-05,0.5026306065956887,0.37070564388693306,47764835.78066,0.020738773161705585,0.020577451784732508,0.0238782593744861,1.014854107669578,0.00840686447275049,2.3514381253205656e-10,0.022152683774074162
2024-10-06,0.013273368358151919,0.0001610700362808799,1.5112271290308649e-05,0.8284473452681694,0.5743557465579698,63050323.77525,0.011255465113329442,0.02026062067045467,0.023525988378838673,0.6943528280940435,0.008556651504765658,2.1952742646202736e-10,0.021913980586953992
2024-10-07,0.02177796467256352,0,0.00047427974527942474,-1.0,0.38148852345345463,95876296.72171,-0.03446784683354716,0.02084988721602063,0.02263166139446274,0.7342241140375293,0.008189798970131883,2.309453778149162e-10,0.02232927810954323
2024-10-08,0.00880616157073207,6.866426200293217e-05,8.884219606906172e-06,0.7708731512860709,0.8179836871114216,65473677.84404,0.014110663575348409,0.019917560107288013,0.022174012072579005,0.6761700636584342,0.008400818920213878,2.308342665595817e-10,0.021538855679667582
2024-10-09,0.010433134990681847,6.700360424714988e-06,0.00010214994530907493,-0.8768885327506246,0.39660431836716964,65670100.88027,-0.016894888111753215,0.018989956459243163,0.021953180512093638,0.6678081466119511,0.008317015747600675,2.347778274649123e-10,0.02065181001143867
2024-10-10,0.006103563855359901,3.4937569474815498e-06,3.3759734788974274e-05,-0.8124333164688237,0.3147262457681346,55979108.95698,-0.004657670273980944,0.018784971291797164,0.02150509754537566,0.5558624335780152,0.008587741527654779,2.3387143186179615e-10,0.02056970051640061
2024-10-11,0.01271515535093261,0.00011425192789996459,4.7423247698385616e-05,0.41335152384557494,0.3979385009281005,44070618.70685,0.019723289582956213,0.0183623725437978,0.02142301215275853,0.5541977388190807,0.008660865160599857,2.545031583195323e-10,0.020214237015839735
2024-10-12,0.013138755128587715,0.0001693005629290828,3.3263233999071965e-06,0.9614622788993837,0.799229224885212,35693101.28976,0.00926284050572693,0.018192390774480545,0.02146817938009134,0.4768212647064291,0.008729706177197046,2.481239393524654e-10,0.020088352610552057
2024-10-13,0.011438032740174742,8.726305747485314e-06,0.000122102287217824,-0.8665994099653859,0.5814266159783228,45347061.55777,-0.021233517520610257,0.017774385099734526,0.021287084621701934,0.5003239079307905,0.008837453927743903,2.589984638932761e-10,0.019756271960891525
2024-10-14,0.016875754958777044,0.0002827789423223384,2.0121631063495262e-06,0.9858691997889424,0.894885759762227,90278054.78922,0.03116464112795157,0.017561699057139436,0.021223433582455924,0.5698029264949898,0.008800966995904639,2.6367245420869877e-10,0.019549472225861373
2024-10-15,0.05515669709697225,0.002882363746686277,0.00015989748796087002,0.8948824735102568,0.8569444872605069,308965298.75028,0.05856252920807897,0.019188558487880123,0.02177654533382059,1.0028910242343159,0.012031568387489346,2.709754683663147e-10,0.02249591398978869
2024-10-16,0.026840505842775125,0.00010694707216868168,0.0006134656817273639,-0.7030950060495071,0.7109790731773988,217706337.53301,-0.011355693353673434,0.01955288176150036,0.022062285779846796,1.120839044138256,0.012146887860342338,2.724009761611131e-10,0.022865607967923526
2024-10-17,0.023938399619124615,0.0005471238105707188,2.5923165754186783e-05,0.9095251634676145,0.7383941968145564,179419125.00089,0.03823191940099782,0.01977619286855454,0.021829256049794875,1.2086403744233578,0.012184069128364514,2.674141578812564e-10,0.023075533014898328
2024-10-18,0.02382151236432089,0.0003541408801221392,0.00021332357120135384,0.2481517716085267,0.574345366993577,152367164.3925,0.004112975362133715,0.020048257643294883,0.021947799692649095,1.3129074692353464,0.012208723635622995,2.5006643112638855e-10,0.023321402372877675
2024-10-19,0.012199434657809432,0.000128296928278082,2.0529277692079935e-05,0.7241174353904333,0.5336380564607108,105690483.38193,0.024198544732788003,0.019833120581938625,0.021930873934198382,1.3018674106838155,0.012309743138759694,2.507618244288519e-10,0.02318764206499095
2024-10-20,0.019728191525379107,0.0001595638365338933,0.0002296377043281468,-0.1800451962215959,0.3994842043145716,88307190.71691,-0.0075087507525694736,0.019682200233007246,0.022041996341162613,0.9864600983362081,0.012289706424895349,2.474726486362985e-10,0.023048506620828916
2024-10-21,0.02051710037544341,0,0.00042095140781602013,-1.0,0.43268214127823573,133163968.35794,-0.049099767946379,0.01958083029592647,0.022105905255291044,0.9240046394499387,0.012272806550300035,2.480347674415247e-10,0.022953392558728615
2024-10-22,0.011436480660041137,1.4955708933508767e-05,0.00011583738095398618,-0.7713073535249714,0.6584061326983612,125080217.48370999,-0.010374568998539578,0.017741931075215038,0.021590005052639274,0.8153058255773479,0.010196024121850517,2.3525358786889954e-10,0.020341696143282663
2024-10-23,0.0112477187030376,0.00011835249214533126,8.158683877330578e-06,0.8710203456512157,0.715726938185756,85955575.52176,0.0001428469397473028,0.0174162468618071,0.02125530081784805,0.7023136971706798,0.010293217050849846,2.315822816298381e-10,0.020105489767838273
2024-10-24,0.015347125291125639,0.00022468724116327977,1.0847013538228472e-05,0.9078943863008389,0.9094923736803452,77565906.5004,0.016011677531202945,0.017397080546628765,0.021260059247682005,0.735185300650873,0.010296849622162495,2.3609080101122763e-10,0.020090662229589135
2024-10-25,0.03447623558509511,6.207139634860417e-05,0.0011265394237703747,-0.8955564002986428,0.7534372148253203,142652089.61168,-0.03344602158101125,0.01849854715706134,0.021458969553817323,0.8614909892210607,0.010839971366745358,2.2565125916052285e-10,0.02130975717722669
2024-10-26,0.009667500874123689,3.611696693451287e-06,8.984887645773101e-05,-0.9227118650854197,0.5461464671709417,58318399.78566,-0.005538565389839278,0.018044704486724256,0.021320196462484498,0.7867202471265679,0.011007433889640985,2.094982206548691e-10,0.02100012537034422
2024-10-27,0.01938813250905309,0.0003690864843851925,6.813197803408758e-06,0.9637499145317695,0.6067444264210735,45375519.44191,0.03757252957870314,0.018335883732005263,0.021288814825188164,0.8717903643365394,0.010955662176895482,2.4042772874701104e-10,0.021225353159427824
2024-10-28,0.017869236052894623,0.00015248924994547985,0.00016682034716858913,-0.044881511087152486,0.3474107127210583,75877892.98497,-0.0036661067570116753,0.018149753797735316,0.021312649187213192,0.939844476467967,0.010927426463122896,2.2560927903580977e-10,0.021050797749192683
2024-10-29,0.017732499926485845,0.00030367114661510996,1.0770407027710546e-05,0.9314950145555837,0.5539882522615874,101877822.94117,0.04407703861820998,0.018574817528961687,0.020768609168987425,0.9971470266898685,0.010717392650593809,2.35948777722008e-10,0.021317052055928765
2024-10-30,0.020349823410722716,8.932287523652523e-05,0.0003247924376110731,-0.5686086823386914,0.36775816628184965,71775143.27713,-0.030324063217998225,0.01904704078705887,0.020579772533749506,0.846365216753714,0.01055800848870409,2.4381629535336606e-10,0.021655325840664652
2024-10-31,0.03010033383428125,9.081910745712938e-05,0.0008152109894780474,-0.799522978840675,0.5628745306118121,91817026.74101,-0.03473309659457518,0.02018974411938846,0.02069001313522522,1.0386164285708708,0.010384246164352143,2.5786783277824016e-10,0.022590339789357542
2024-11-01,0.02549192741394865,0.00042039490080365773,0.00022944346247436901,0.29384451445134535,0.46898629248877355,94705477.76025,0.013613450907787747,0.020798161836674937,0.02014204699694024,1.0971163071248669,0.010298352839109662,2.4340149140512636e-10,0.02309911941781797
2024-11-02,0.016500442844648945,4.504547904178647e-06,0.0002677600661653479,-0.9669105152017416,0.8369805663572306,56249386.49423,-0.015488621693386613,0.020958242204106425,0.020275367958443532,1.0868561908143122,0.01019898808996685,2.441559109107779e-10,0.02320159416032755
2024-11-03,0.026698045415251396,0.00013879582261606773,0.0005739898063787585,-0.6105538131799927,0.5110271958948791,89570366.06088,-0.034709366580412376,0.02168490947434817,0.020427409312254154,1.16132849611596,0.010028980910583081,2.4031138084706083e-10,0.023791305373843503
2024-11-04,0.02090819087529175,8.106593416911469e-05,0.0003560865115085185,-0.6291182402356057,0.35364446225497254,62906186.34347,-0.01934471688598045,0.021876930232277443,0.020383281609576444,1.2038307257032765,0.009970732609300302,2.385166022819526e-10,0.023943297878698568
2024-11-05,0.024359320991970815,0.00012058908012223086,0.00047278743906763914,-0.5935495382025912,0.4079525183360708,90463214.98776999,-0.0025972056460303733,0.020410388512991658,0.020450954656510555,1.1550167177831496,0.006487541598079126,2.3085784228996186e-10,0.02136979072029423
2024-11-06,0.022918444089365546,0.000472210873029577,5.30442064477975e-05,0.7980249653156094,0.525046521557339,180868039.11037,0.08317966105927643,0.0202236236675912,0.020623249870695387,1.1211301554459343,0.006348131025658312,2.5027359604028415e-10,0.021151234782816063
2024-11-07,0.016431506509211644,0.00014099792743157475,0.00012899647873068984,0.044450730929855395,0.35065016959755024,110260477.54606,0.006315367281508763,0.019866152567119155,0.019950630469562858,1.1258596061627835,0.006339844024935363,2.4285405305276107e-10,0.02080729819241697
2024-11-08,0.01756257175814739,0.00030844392676007633,0,1.0,0.9646099004993964,116601715.9362,0.01815837542387986,0.01956810777634899,0.019696410370460615,1.0391708082489226,0.006291536433912251,2.489843422264192e-10,0.020508762697312152
2024-11-09,0.03392835218511683,0.0008085118860478547,0.00034262119594946703,0.404723569658883,0.632117067807413,99406202.28885,0.016482018551390167,0.0206028181347922,0.020001971080037182,1.1570739043299494,0.00678640093824887,2.459771053730462e-10,0.02164112395956131
2024-11-10,0.023743761635726855,0.0003606811507853774,0.00020308506582883697,0.27954155519110074,0.4480938328824949,271478128.35572,0.03491427835981339,0.020794035759094474,0.02002688153099624,1.1396685237953514,0.006817028166608795,2.480522568196353e-10,0.02183233496079485
2024-11-11,0.041023677711958,0.0012282683486296742,0.00045467378438492545,0.4596679523728091,0.2909683950641046,315564252.38036,0.04440637713501248,0.021770539441785645,0.020295824654456594,1.2948115870448478,0.008119650338938843,2.371953015372407e-10,0.023167771715863667
2024-11-12,0.04041605132264206,0.00021245634346887257,0.0014210008610455642,-0.7398691035410047,0.7057663543071732,423489634.21415997,-0.04296664465047989,0.023150518997147592,0.020633704417012497,1.5137308172389512,0.008716207776004552,2.3807697901574643e-10,0.024663760465675685
2024-11-13,0.05414813240656281,0.001967301841634678,0.00096471840148398,0.34194287795376715,0.5891402767523072,328996966.37327003,-0.0170787125430301,0.025193395840172602,0.02130305936830753,1.8109128490791069,0.010608912951892417,2.404698166180245e-10,0.027237781667565023
2024-11-14,0.06088523019164558,0.0024951543685883277,0.0012118568869013428,0.34618116677864524,0.6730905833893226,621959661.95857,0.08820303552190879,0.027361877025911648,0.0219870947737522,1.9995565636874089,0.012901918757211235,2.3739305358223415e-10,0.03011984692489159
2024-11-15,0.04826260784853937,0.0016524479230909707,0.000676831393250923,0.41884909336345383,0.6565941733334022,420233974.86486,0.01576351755667345,0.028018370943218514,0.02230669734957718,2.158712994775215,0.013613166299638406,2.2801460601500157e-10,0.03100842992184686
2024-11-16,0.09332319190956963,0.008563541691913179,0.00014567645627718454,0.9665466052638825,0.8014804643915491,771159472.90703,0.13136538611619886,0.03200197527823975,0.023541377183232175,2.5006620688629195,0.019106386327257946,2.3160397448934225e-10,0.03703777661331804
2024-11-17,0.0527380992341574,0.0003457131867710021,0.002435593924060831,-0.7514023637126458,0.6762178070792705,541680598.90989,-0.09065284026635229,0.033590068931816146,0.024062191111425362,2.5633503639006556,0.0193894235429201,2.0014299998063836e-10,0.038553081684164
2024-11-18,0.05363429403252993,0.00041028680027840105,0.0024663506960894742,-0.7147455661017832,0.4415717352715215,533350784.75073,0.023111938446588664,0.0352931669308464,0.02476426931486745,2.484923256631123,0.019509881959324703,1.9990574246282877e-10,0.040101341952083196
2024-11-19,0.018685764769001433,1.0607457844971428e-06,0.0003480970592179581,-0.9939239749517289,0.5864282065026329,301754659.48741,-0.02897436112190501,0.03533856049477572,0.024610312710341805,2.1495759881909215,0.019468044830149633,1.8387591097946466e-10,0.04012194887071859
2024-11-20,0.03763918936679268,0.00010248255090792641,0.0013142260252813531,-0.8553230316659929,0.927651373752634,269300950.29311,-0.03902704963842096,0.03616186363554095,0.024732953627280993,2.0353150654571266,0.019165713728834542,1.706584281491188e-10,0.04071256952753241
2024-11-21,0.07274893155924167,0.005068711175077177,0.00022369586793405193,0.9154653577791418,0.9406030808891148,486699571.94351,0.07134736306690151,0.03819274924149144,0.025722488217559025,1.8088033402543846,0.020690273834825232,1.5962548767417382e-10,0.04320171767655134
2024-11-22,0.04303323983022377,0.0012652531292147232,0.0005866066010708343,0.3664675661148705,0.5113211122946043,460646896.61518997,0.029583726696065755,0.03902804983274264,0.026062861404405127,1.7104931564707773,0.02050514061474958,1.5583867849139427e-10,0.0438591783201543
2024-11-23,0.046586212444301195,0.0003923467281466532,0.0017779284617589102,-0.6384359642762856,0.8174854104885616,999677613.98589,0.0763426963530838,0.04046070552796418,0.02653711283551705,1.630734491632671,0.019894403772045724,1.463630136490731e-10,0.04487771138228069
2024-11-24,0.07923985135934156,0.0012965482020927486,0.004982405841357796,-0.5870177761708089,0.622270540318665,523544136.77364,-0.026451186087169717,0.042962696287206566,0.02747399695376309,2.0073649194169523,0.02132920328328147,1.303160531575536e-10,0.04773954982710762
2024-11-25,0.0378687684680701,8.439892224567028e-05,0.00134964470304263,-0.882292392285203,0.6574839842719377,417502415.88199997,-0.04901699401708825,0.04377034283924363,0.027736324042886836,1.9868537421058292,0.020766014294563036,1.2126311844049085e-10,0.04823417487889453
2024-11-26,0.042548097800948176,0.0007950768191953957,0.0010152638072836553,-0.12162738043199273,0.49949664525472803,323017345.71138,0.00572263074438717,0.04463647506824255,0.028078474023038112,1.7468576594276504,0.02028977479128088,1.207395992552059e-10,0.048831202094802614
2024-11-27,0.03981007077405545,0.0015335705856744845,5.127114936081921e-05,0.9352980827960377,0.5544675458874897,274110145.52037,0.04690166701567229,0.04544083824370398,0.028405781224265177,1.7013271206367955,0.019712348322752697,1.0698787330111165e-10,0.04934513963331116
2024-11-28,0.022758431133554465,0.00021944277205352775,0.00029850341560721345,-0.15264258225503352,0.4104381133395895,188175158.58588,-0.01814179232963703,0.04574212036867268,0.02846148860144879,1.5366936976138872,0.01929064229527366,1.0885131482065453e-10,0.04946463416544571
2024-11-29,0.058284493272933,0.0030963135062991474,0.00030076864978342545,0.8229253012059833,0.5029622034918011,306648482.23034,0.09227177838880996,0.047681259488424374,0.029099208302689413,1.3637790870441855,0.018339624165205518,1.1576437008947353e-10,0.0509296381691594
2024-11-30,0.012461435656199699,0.0001406636650433957,1.4623713570209525e-05,0.8116561216916789,0.687056847799115,301204409.83086,-0.019455491827847147,0.046659025367999755,0.029031654694910192,1.2174647485482821,0.019692873847363176,1.1094473154023168e-10,0.05046193436711324
2024-12-01,0.10988880199920067,0.012075548804819529,0,1.0,0.6056057201522667,806422265.75193,0.1518279276441799,0.050761170147212785,0.030412468713104837,1.598970008650538,0.023319199729721678,1.1378594157884413e-10,0.055629011705392695
2024-12-02,0.1099003699918003,0.008995463861865227,0.0030826274624693715,0.4895505623047277,0.4462809900525257,1968820672.15593,0.10519344523725552,0.0540410126367291,0.03179746079148041,1.9587477333816627,0.02650700192227299,1.0962923286431038e-10,0.0599132209755684
2024-12-03,0.07286683872983277,0.00193892471630612,0.0033706514701733357,-0.2696499124568604,0.6278413025025428,1074772501.80349,-0.01484763280857797,0.0555862882275477,0.03215957943330345,2.2014671717164074,0.02661864925737397,1.0545571495947153e-10,0.0613567219831924
2024-12-04,0.0660532610066605,0.0035415378151674526,0.0008214954744465621,0.6234291971128932,0.684907972930084,814708576.09357,0.0210661269091531,0.05615319911326664,0.03292094727174878,2.196572688707082,0.0267130958948377,1.0421503854792977e-10,0.06190953731798766
2024-12-05,0.09024919284424004,0.006467814120323583,0.0016771026887132446,0.5881842066569691,0.5228365260474622,1366262777.4878001,0.015051257259909747,0.057551483049104464,0.03410348020721496,2.5597452429930967,0.027722621952876378,9.798654570907304e-11,0.06359339310659956
2024-12-06,0.03903837185638004,0.0009619916155091523,0.0005620028616878527,0.26246076334671226,0.6312303816733561,554010893.3691,0.0012502299845087233,0.0571122337161445,0.03454305060547479,2.138254599199663,0.027949307417964715,9.630775526587733e-11,0.06329117434293953
2024-12-07,0.030783963445788407,0.00023159948027637892,0.0007160529251552581,-0.5112142828975569,0.7483788569347907,441210560.73064,-0.016002712219787874,0.054134175217869195,0.0347269516609444,1.6735070779582861,0.027220373384855265,8.992309457857779e-11,0.06030069967260389
2024-12-08,0.021162384980786562,0.000268326919056823,0.00017951961901819765,0.19829850738680682,0.3237708379989437,316775911.85147,0.00818091726168002,0.052630569777232496,0.03485217414701797,1.377216227524492,0.02815731437101314,8.318360795744906e-11,0.059372192235711614
2024-12-09,0.11097503881884695,0.00013998582730919047,0.012175473413535396,-0.9772666492460268,0.8005654850416671,967418595.78346,-0.20085998574759834,0.05536108143372378,0.0362680007207685,1.5518670102777856,0.030905652464474492,9.100699953041655e-11,0.06304383326695984
2024-12-10,0.08657981112077763,0.0026078986158053195,0.00488816507790421,-0.3041951823344859,0.6247462105946109,792070761.1053,-0.005993479619485089,0.05859413125999884,0.03750250309457875,1.483871678979344,0.030424671305661233,8.679496384641943e-11,0.06568754649730363
2024-12-11,0.04932016321823521,0.0023937510640937793,3.872743577958186e-05,0.9681580447419387,0.49499603646864593,439925140.80196,0.06590951822633204,0.05915036811006753,0.03811975751088912,1.5132831005702687,0.030127738038675973,8.702829778986685e-11,0.06605470279398232
2024-12-12,0.029357875827536427,0.0002050905829090792,0.0006567942901959685,-0.5240882180233312,0.6608109749456506,534934678.47967,0.01665930033689761,0.057084127360938715,0.038488873573939535,1.494757146332333,0.03063219489978196,8.15306036288278e-11,0.06443792761266712
2024-12-13,0.04571514967874672,0.0014203828264268527,0.0006694920837233636,0.359299371965529,0.4332098007597425,448561086.12474,0.04300326162524391,0.057211837353725516,0.03901268300771437,1.5988503657488,0.03057622523629636,8.303761411492391e-11,0.06452581321610258
2024-12-14,0.027700220299025875,4.272254299106223e-05,0.000724579661623503,-0.8886421992948065,0.5738770179138485,343662759.07125,-0.05209253494017202,0.05631250439442669,0.0392438173754991,1.1989160781408634,0.031176239217773433,8.661918904716501e-11,0.06400603357344171
2024-12-15,0.03851431933116219,0.0011513804738895786,0.0003319723196531548,0.5524027445146128,0.3946474128351145,303961641.02347,0.024653402528652016,0.05437319334546577,0.03967359970234017,0.9528148004270055,0.0309445395132455,8.807555269279558e-11,0.062196546282918506
2024-12-16,0.050246181282055734,0.0007453575698454175,0.0017793211635837903,-0.40954264003878466,0.579876922437043,426515722.26314,-0.026179724563046028,0.054962593955655566,0.04020328900905888,0.9470649177631763,0.03073160543081751,8.540770269501656e-11,0.06261266145655199
2024-12-17,0.10464090572135075,0.009849906391510158,0.0010998127586744567,0.7991158049645659,0.8758831544997411,823767939.3860899,0.061855066251728416,0.057919394332817585,0.04098875263801727,1.2767926023703533,0.03241824359395903,8.813969331966783e-11,0.06599662018468543
2024-12-18,0.07038072524840003,0,0.004953446486490773,-1.0,0.4407614681112841,1045534985.4550899,-0.14789127196330593,0.059375139783976856,0.041679867231757345,1.3631965385161076,0.032250336766913794,8.672755754005202e-11,0.06720091982905395
2024-12-19,0.10747111695366994,0.0009000387873304323,0.01065000219193897,-0.8441496806901607,0.7662003785464817,772166534.1006501,-0.086759582955818,0.06340907720398235,0.043005783379924736,1.6788564364135008,0.03273560632234099,8.748706088123824e-11,0.07100212301819148
2024-12-20,0.17989524745998528,0.0120663373381477,0.020295962720541644,-0.2542966775374259,0.6176305824910309,624266782.3331,0.020037554218207233,0.06920006549860389,0.04548314425445908,2.186855541232367,0.04139499877537904,7.46867592408371e-11,0.08012863136039901
2024-12-21,0.04089328352724417,0.0007457091888916072,0.0009265514487479722,-0.10814238868387557,0.532826607752428,427988019.0529,0.001971998272657818,0.07055396301627267,0.045938602173021544,2.1247075578301953,0.03988384789184591,7.183034404592648e-11,0.0805781259744175
2024-12-22,0.048399069766743,0.0012492896734230554,0.0010931802808630008,0.06664307146156499,0.4702712357538253,312387292.08245,-0.01768902328815573,0.06762588052901279,0.046393695478440015,1.8629221045959137,0.03910114396164584,6.556138288712494e-11,0.07764891783074378
2024-12-23,0.05954548564991049,0.0023732370721298653,0.001172427789153831,0.33866970792645223,0.399259273465578,329669942.80635,0.06745435818973128,0.0652280288936847,0.04701319365739981,1.790290260179474,0.037904752975374996,7.27605314593409e-11,0.07498698832621267
2024-12-24,0.03631317978360579,0.0009205949325100676,0.0003980520934864088,0.3962719580918807,0.599617451106918,227840489.77824,0.01469930643839274,0.0634873784676739,0.047408061897456395,1.4972997209916903,0.038372839290188566,7.517486969347276e-11,0.07370891514937845
2024-12-25,0.011372658542033126,0.0001273999270871167,1.937435226562321e-06,0.9700405947376057,0.7325526254440081,191671487.29187,0.01384898550054061,0.060883540255072595,0.04741004506950394,0.8056059542264381,0.0400102966380852,7.738422706822246e-11,0.0723284149178702
2024-12-26,0.03145977132929052,3.805029948365466e-08,0.0009896791617917662,-0.9999231087445608,0.5256175682112694,214434301.04342002,-0.07144884278075835,0.058084043992455946,0.047665801355824024,0.7637856640167137,0.03990946792513593,9.272615668286548e-11,0.06993336695884766
2024-12-27,0.05219794569414638,0.000782238255055794,0.0019423872796332608,-0.42580127426937137,0.5248995412348817,216721940.72131,-0.01667280766559347,0.05871069036568292,0.047947098341681975,0.7702982440310437,0.03969822082171497,9.628211408267755e-11,0.07034094626674045
2024-12-28,0.016184350816189633,9.480067858059214e-05,0.0001671325327609059,-0.2761461740947787,0.6380730870473893,135898859.08667,0.0015904575917238565,0.058015470716654395,0.04805054040425445,0.5956323068307183,0.04033448417275534,9.511226802918749e-11,0.07010845474508616
2024-12-29,0.02095182686359112,3.854542867970659e-05,0.0004004336202421918,-0.824386021271988,0.7324987792224696,141913548.31884,-0.022400615218476853,0.05800544413964509,0.048075360949564584,0.533503995121619,0.04034412839923508,1.0139899873275493e-10,0.07010544319348927
2024-12-30,0.05199066913225827,0.0009402241878281665,0.0017628054889917864,-0.3043182648780114,0.5342177428228767,239848162.89467,0.0094039825440487,0.05519666463075992,0.048616970998443365,0.6923645447142832,0.038482268251020295,9.337915949827574e-11,0.06676105469666818
2024-12-31,0.04268194524823956,0.0016465496385143317,0.0001751988116593874,0.8076586131936265,0.7117784259516201,206968219.0652,0.038213663722755385,0.05310629006540096,0.04901299394005851,0.7331246246139134,0.037879844726572943,1.0181099615005935e-10,0.06470574113959364
2025-01-01,0.030400171489017018,0.0005768124459948612,0.00034735798056678203,0.24828154941265507,0.48324187878115504,219313462.48375,0.018808730273683884,0.05220533807829533,0.04917252327463461,0.643308491411858,0.03819806264088732,9.876061567330435e-11,0.06414833390242397
2025-01-02,0.012184166462620655,2.5082461436654825e-05,0.00012337145095219507,-0.6620841979434592,0.8262111639515286,226478769.20973,-0.0009512033438591016,0.05138754239425172,0.04888813966556063,0.6304682583972036,0.03888925484702479,9.747762926387266e-11,0.06388298552482992
2025-01-03,0.05104459207518145,0.0023024620933540484,0.0003030882867676288,0.7673518124385875,0.48595069749588904,252196745.10344,0.0701849027730856,0.05164132536551052,0.04929373751732623,0.7429537173605804,0.03886777064948074,1.0616452882856297e-10,0.06407489223031261
2025-01-04,0.008580191648658376,1.1789866526391167e-05,6.182982220131577e-05,-0.6797088732608557,0.524739399890416,157983392.09375,-0.013666417875266896,0.05073084781073112,0.049168019244373994,0.5746567649857633,0.0396722499194689,1.0306572020251847e-10,0.06381660687916318
2025-01-05,0.02765013418740803,0.0007586928623621284,5.837058219541836e-06,0.9847303341245276,0.9335010439346526,174013810.38421,0.03976018448447303,0.05021350566102854,0.04918313176456696,0.5142344543042009,0.03990965017751265,1.1008389730930733e-10,0.06354785325211595
2025-01-06,0.019656882915036512,5.3720721329702255e-05,0.0003326723246057521,-0.7219374318725389,0.796535907747243,268108479.634,-0.01515180502060222,0.048756872405456196,0.049163269733451795,0.4711901951518753,0.04046279296001905,1.0985214808097835e-10,0.06274158529218536
2025-01-07,0.057169097042725936,0,0.0032683056566806157,-1.0,0.7458719893898774,348676984.07676,-0.10441529455677052,0.04649631008742644,0.04968405982949553,0.6407723250520647,0.03846113599748167,1.2053659645844573e-10,0.059755543090560304
2025-01-08,0.029829114619018483,0.00018228040228626384,0.0007074956766682783,-0.5902780337712892,0.7437306281957682,277875319.06548,-0.01294008841286443,0.044565281009836845,0.049793753012505895,0.5586764779780228,0.0382192382330336,1.1601838850157569e-10,0.05811382637035034
2025-01-09,0.0430397246612845,0.0009579654512539981,0.0008944524476651831,0.03428654172790735,0.46197075837034096,285488398.32033,0.008156091004642894,0.0414971194721042,0.050216105681586416,0.6890795368935116,0.035398941106333716,1.1202840105097078e-10,0.05399467788725528
2025-01-10,0.026514910620644212,0.00022930895753813218,0.0004737315276826191,-0.34766499978694604,0.6191097341399106,248543873.28657,0.016402561170429892,0.03419329390832606,0.05035820629845144,0.6879002460088535,0.015830132904250085,1.1364253860819739e-10,0.03752121334572837
2025-01-11,0.017981884407858417,0.0002806202057404205,4.272796111716114e-05,0.7357154578459038,0.8551247580223189,139700791.70712,0.003938714924286484,0.033102274902641025,0.05010508776230448,0.6863706345216146,0.01613193311499986,1.147656973027713e-10,0.03665525233517796
2025-01-12,0.0216526914388188,0.00010722114202394337,0.00036161790452075355,-0.5426100158928576,0.4947677347715015,129190600.23765,-0.019457561730298924,0.03182863783940654,0.05007189617187738,0.5525843595037857,0.01591826179293999,1.1924122031208426e-10,0.03541732632962734
2025-01-13,0.06815629852878853,0.0016353174064265012,0.00300996362271884,-0.2959231546310239,0.5633291350037154,367339850.80298996,-0.03958050416551595,0.03223867654792454,0.05050257269277944,0.7032374624535551,0.01675673846873482,1.1462870668076277e-10,0.036148992779874135
2025-01-14,0.027456882888601836,0.0005407986810647619,0.00021308173689363452,0.4347068001296895,0.37477619812126184,174667127.65265,0.04065924734762808,0.03181694812435292,0.05029687160652484,0.6458865813768566,0.016760511185590517,1.2264135230862993e-10,0.03577507555544193
2025-01-15,0.10711847315023627,0.011350891961259529,0.0001234753287783618,0.9784780588493862,0.8586599827531547,420321872.91119,0.13277427014211693,0.036376272629505456,0.05113767066594823,0.9632990939706739,0.022840872531423917,1.34242941394924e-10,0.042662577879980464
2025-01-16,0.06897637820222864,0.004094309356205093,0.0006634313936917887,0.7211149456993141,0.8443122425588575,1299239446.95256,0.06160512003832595,0.03816277771869298,0.05126610158675113,1.1597422810216824,0.02388062022765033,1.2063434147652362e-10,0.044716051297513486
2025-01-17,0.037371477222575146,0.0010880230391129557,0.0003086042706844969,0.5580721234367778,0.6845921381352987,1132545049.99313,0.09686590690910345,0.03745675541052292,0.05109322649745011,1.228465002031594,0.02366310720090337,1.210437516427671e-10,0.04400326388954271
2025-01-18,0.041524691229852626,0.0003486774136053194,0.00137562256812928,-0.5955722121454071,0.7167256912250681,791349148.08587,-0.08909685577822363,0.038663438287364016,0.05027102807396254,1.114186826095843,0.02316496060622981,1.2584781396318336e-10,0.04478754007320111
2025-01-19,0.11689467714608025,0.005851385467012877,0.007812980078073458,-0.1435554841231516,0.4282222579384242,849017271.96448,-0.08131994900626781,0.04323214544367303,0.05128938645351687,1.4297466618481098,0.028372873281731686,1.2289230705380158e-10,0.05133910843742574
2025-01-20,0.0460216673548903,0.001592048588986791,0.0005259452771373849,0.5033552404947813,0.7253064852065866,777402270.7995601,0.025123084977151364,0.04294790726379836,0.051168551109427356,1.2051745551241961,0.028310573857052827,1.225641473313916e-10,0.05106706577650011
2025-01-21,0.050320208337591835,0.0020944442049762395,0.0004376791621624077,0.6542987061037279,0.7954406741313099,430920809.76284003,0.004630222524886779,0.043311634077577044,0.051670685134325614,1.1301685192708892,0.028356016723568127,1.1428364883280679e-10,0.05139720404866123
2025-01-22,0.03339404333738815,0.0003222754941571827,0.0007928866362621752,-0.4220114091643506,0.3201317842240055,273549988.87716,-0.03174327953797748,0.04345419940368995,0.051603301864017605,1.1195425362200708,0.028295317285854202,1.1572555886320588e-10,0.05148560407590225
2025-01-23,0.044524876414554035,0.0014881154797434838,0.0004943491399878265,0.5012782219994149,0.49104082190970705,316498165.93384,0.008717849007238276,0.04499423321092487,0.051155300988705105,1.1440575854367414,0.02737336772174121,1.1683721311563204e-10,0.0523268694865969
2025-01-24,0.04778762534134199,0.0016218018156651636,0.0006618553200993073,0.42035491253572405,0.5847806111395492,514068711.75136,0.019320572046011033,0.044839139556932514,0.05123076742538952,0.8696857512222362,0.027346586871975064,1.053748032279366e-10,0.052180197590044164
2025-01-25,0.05704808903244559,0.0020974201383188503,0.0011570643239349886,0.28894155903655294,0.6151327439702521,721888326.43284,0.04330394943199017,0.04714713467044619,0.05139682895853467,0.9085724524954812,0.026152628686698213,1.0411202413779338e-10,0.05361196481809208
2025-01-26,0.04181178079575716,1.2035932922984896e-05,0.0017361890803894624,-0.9862306821703921,0.893960609530087,336968815.34758,-0.05679288119072776,0.04782149879465329,0.05080273260038254,0.8748360295388962,0.025805021421427272,1.01257347654096e-10,0.05404706648024213
2025-01-27,0.08426621102508024,0.0040695083616169156,0.003031285958906437,0.146212149774528,0.3425698007360119,638232753.21526,-0.017583628348618874,0.050898133466560136,0.0515391999425573,1.052010706678721,0.02612869569470194,9.987814691784993e-11,0.05692818975821828
2025-01-28,0.03404723136440524,8.745106004211349e-05,0.0010717629035392265,-0.8491200713767502,0.6722429371679222,298845752.33184,-0.045812253190015695,0.04979709224378297,0.05140426555467567,1.0198598933325647,0.026337563065278242,9.291795311707652e-11,0.056039145705310996
2025-01-29,0.03582645596195606,0.0009197859297265645,0.0003637490170674123,0.43320745886041157,0.5011439796192008,376375230.59498,0.052748766308275595,0.05008267992677999,0.05134103357353123,0.9665761922467697,0.026142006756586136,9.737421232968379e-11,0.056206194264148
2025-01-30,0.058511265364140065,0.0030706664647802526,0.0003529017097325642,0.7938398233984151,0.7302425604830104,813766615.36684,0.11604496524471944,0.05081941996024931,0.05190853887877862,0.9883325198253394,0.026151605758935503,1.0280437247596851e-10,0.05686785518594241
2025-01-31,0.049908030010726745,0.001316357154266917,0.001174454305284684,0.05697053000060412,0.4073312054540192,578242832.43573,-0.015964381207631086,0.05193337802644371,0.051775579144457885,1.0399719472633608,0.025556009252990654,1.0097645851530982e-10,0.05761149976009936
2025-02-01,0.042618236020080816,0,0.0018163140414633138,-1.0,0.3333376890848094,466843113.96995,-0.0811761622905945,0.053106537627025725,0.052254258515313144,0.8838327554140585,0.024461559392266425,1.0791404135165448e-10,0.05822523952449137
2025-02-02,0.04808324158313586,0.000292040769889369,0.002019957351252836,-0.747369370918787,0.667579076147192,628621200.99857,-0.07913931424074548,0.05436513525294559,0.05127321787378831,0.9456544140757023,0.023420056995529858,1.0673700350876184e-10,0.05897412989970374
2025-02-03,0.0929539298959111,0.008237999346769156,0.0004024337363248,0.9068487117590875,0.43676361101697414,1052853330.16277,-0.020382399146517037,0.05554597484185619,0.05100422676115514,1.174524970961949,0.024738227762052638,1.0252796512219269e-10,0.060565611805127886
2025-02-04,0.05701461499795549,0.0005382686533863007,0.00271239766997879,-0.6688256499799186,0.7890036745335228,492643534.47434,-0.05601926411670318,0.056953485894682555,0.05075260416223645,1.1615095153851702,0.023886350954732672,9.685797571527616e-11,0.06153931995280395
2025-02-05,0.04942333890889755,0.0016121332363149654,0.0008305331925887809,0.3199782149857284,0.6348147884763361,427159190.607,0.022415659821447623,0.0542060985498569,0.050488637144811645,1.1524169240958535,0.02096761970784733,8.431459460369989e-11,0.0579396833514495
2025-02-06,0.05635008041380963,0.0005872306255163158,0.0025881009371264956,-0.6301295698219513,0.6721629323924647,442852002.5221,-0.016692271022139174,0.053604846274217896,0.04995055599512228,1.1930698330557998,0.020702252813647678,8.385156451096646e-11,0.05728572325130899
2025-02-07,0.033679227814338276,0.0002066800979958443,0.0009276102881742528,-0.6355781543847966,0.8171410562307679,404446584.99003,0.014173542583877709,0.05342902487382567,0.04986549021667717,1.1660004906869768,0.020862075945341556,8.144751120668576e-11,0.05717658484001225
2025-02-08,0.02062081484850464,0.00035819393414246,6.702407087384942e-05,0.6847543138664662,0.8354036429117501,192524504.70703,0.015314529985488316,0.05243360218899957,0.049704170397672665,0.894395464083474,0.021929867245142783,7.987405028328678e-11,0.05663303636091503
2025-02-09,0.026517341702897428,0.0003148208971751131,0.00038834851381310995,-0.1045660057007632,0.48718063711330867,287079948.76643,0.023801652510349262,0.04812991954884801,0.049789169710722045,0.7748136813220747,0.016949702875187624,7.926110863907343e-11,0.05089303480386378
2025-02-10,0.03659845551074248,0.0013394469457717964,0,1.0,0.4553666735166873,717054780.6156399,0.11458436224680041,0.04768119517531716,0.048608589023291814,0.7197553047565821,0.01713206067853522,8.533167556263205e-11,0.05052749082107053
2025-02-11,0.061753213236173964,0.000508335857242713,0.0033051234877496585,-0.7333990944939628,0.6962815998046132,924901907.57019,-0.008273142913109715,0.048225623980011546,0.04821451604099651,0.7380498097416662,0.017399688081261216,8.524595827321828e-11,0.051127715845896954
2025-02-12,0.06845195964745594,0.004389568026012297,0.0002961027535646395,0.8736135048773638,0.9368067524386818,724731555.86183,0.023384150092625563,0.04989504856620525,0.048518195349396845,0.8691305842034119,0.01758633735211573,8.125662386394169e-11,0.05276426393883685
2025-02-13,0.033604104041478,0.0006891557778253741,0.0004400800306051039,0.22057018149863664,0.5192275093947978,665075298.6824,0.03637642561392933,0.049375011786534966,0.04858559579723718,0.9234096975603637,0.01791153559933009,8.254950445725636e-11,0.05237783506037608
2025-02-14,0.03556114497007299,0.0005527363898609287,0.0007118586417216191,-0.12582862330366792,0.4370856883481661,710373407.14423,-0.01344758677448842,0.04879279843552215,0.048424421119321735,0.9650165092078441,0.018162663421301815,8.166125063629525e-11,0.05191253065249425
2025-02-15,0.045023211025310136,0.00128693066600353,0.0007401588650260782,0.2697324378660932,0.36714321311799847,727593387.55055,0.06916909564453547,0.04822018519708713,0.04869938922608815,1.020198380961899,0.018078746103057073,8.333165747905013e-11,0.05134650388360254
2025-02-16,0.041477463058401255,0,0.001720379941761041,-1.0,0.7611958351540575,762194314.00281,-0.0627012326370493,0.04820426530483209,0.048746423253504645,0.9450612726603862,0.018084817590650736,7.922325930520004e-11,0.05133359041875649
2025-02-17,0.025043660094810925,0.0001490112687212545,0.0004781736422231707,-0.5248250838915404,0.4909283150298781,607153502.83856,-0.027434349252235507,0.045384143831962126,0.048346383234659486,0.7847471971780248,0.016748354341173277,8.006300690563923e-11,0.04823764495224445
2025-02-18,0.0441705789298459,0.0014301928210260207,0.0005208472219717251,0.46608248883354475,0.5109052857162598,834020917.42536,0.05892463320581135,0.04586620800174501,0.04738653677765148,0.8735380451509736,0.016550248510347206,7.612748045514458e-11,0.04862691018685568
2025-02-19,0.017825526315276057,0.00024625723349135564,7.14921549252435e-05,0.5500091736981686,0.4782169518574247,1095620878.6399,0.03894779386450003,0.04500902087571263,0.04655232727077649,0.7995606501179241,0.01753320786159321,7.114648976680658e-11,0.048151704080191884
2025-02-20,0.03840513294519062,0.0006119549147338176,0.0008629993218039481,-0.17020487880316862,0.4294286899685867,880257498.02091,-0.03065345248026046,0.0440515859986198,0.045456041810324435,0.7720312634696682,0.017306527634839048,6.601415694332536e-11,0.04717833682870554
2025-02-21,0.0764341301110992,0.0010898252382510643,0.004752351007589378,-0.6269112082926267,0.722084233097838,1478750725.99724,-0.02149124149552772,0.045314733622447055,0.04381380185240561,0.9276705806199108,0.018669685082945957,6.539153499633752e-11,0.048840395834492185
2025-02-22,0.0167296821727349,3.4174423222287926e-05,0.00024570784237843595,-0.7557942933687647,0.5196306901496536,462167414.3677,-0.016784602699482152,0.04408194534400202,0.043430252624556256,0.8961869848249421,0.019683828112516275,5.884077189844345e-11,0.0480855575757593
2025-02-23,0.022605941660093824,0.00047375974267424727,3.726885566531828e-05,0.8541418003359801,0.42794723918189487,360795432.97839,0.03090650094964509,0.04286874058576192,0.04302083789270469,0.7929083233008051,0.020203169261784035,5.692499247892304e-11,0.047185383265423105
2025-02-24,0.06360524283107513,0.000252888796035112,0.0037927381195649226,-0.874981652381258,0.8772186944378346,846158771.50548,-0.12376196789355862,0.04147118405886497,0.04308527848288189,0.9917026583798779,0.01738364296167375,6.296804445918024e-11,0.04480692022684313
2025-02-25,0.04885272522118357,0.000896763195189579,0.0014898255663468862,-0.24849793174065682,0.5995790693182897,863301627.06859,-0.0014834855899210602,0.04108252264092345,0.043284318886652975,1.04059868993362,0.017107801649098565,5.7635036251151774e-11,0.044345389271618935
2025-02-26,0.06525316579443245,0.0030130458034869183,0.0012449298427087703,0.4152480210538265,0.57780023926279,1136858847.4235,0.08435912612343843,0.04183632392118702,0.04413956503351645,0.9715065845924366,0.017827304585892247,5.86696823151737e-11,0.04530956682327626
2025-02-27,0.05689415770935913,0.0021847901767799213,0.0010521550046775074,0.3499086665386304,0.5820596918652673,987021797.65017,0.017501043292031955,0.04186223236383223,0.0445432854522477,1.1360531892523875,0.017849833207390427,5.771913467249635e-11,0.045341932331576386
2025-02-28,0.08225173634304442,0.0034647399035617624,0.003300608227883932,0.0242606400275158,0.48786967998624214,1191617429.28956,0.009341093864574813,0.044175208960437286,0.04502032974826196,1.3840812838932395,0.019779199052789805,5.642364496349187e-11,0.04820826106051885
2025-03-01,0.018040526625666645,0,0.00032546060093138713,-1.0,0.7293233516538041,445419867.91857,-0.029736957027268727,0.044052338092683094,0.04504979285634889,1.1957732902655038,0.01994019734092889,5.5814871506906315e-11,0.048158966786089434
2025-03-02,0.04303788276774555,0.00176204870902134,9.021064410886931e-05,0.9025939386334654,0.8797388173729936,860081283.94466,0.028327359245397657,0.04483903052434253,0.045400365172287856,1.1647366230951997,0.01953559038843927,5.3435166058321597e-11,0.04872375858425839
2025-03-03,0.08303208634776112,0.00041713540543083556,0.0064771919578312225,-0.8789917033375486,0.43972078836857453,968521794.5589199,-0.1518714246125138,0.047050155802295796,0.045893086080470435,1.2113609874597742,0.021119798410712556,5.329272912889715e-11,0.05136655298631276
2025-03-04,0.056373821753283725,0.0015996191643994132,0.001578388614671592,0.006680458703605572,0.42670359532557245,922151155.59727,-0.05859494924993907,0.04679399430311054,0.04611041745356638,1.2068436720678588,0.020964601777827146,5.589257206376662e-11,0.0510711578811218
2025-03-05,0.031216755482850758,0.0006331960198462884,0.00034128980302980464,0.2995489620925968,0.39928901037549874,441545821.92561,0.01046928834327428,0.04502088934289125,0.046123379104262154,0.98110383233055,0.020612922567245243,5.54851715574878e-11,0.049310648689124326
2025-03-06,0.02943559507789915,5.688031791561831e-05,0.0008095739396744224,-0.8687055492719824,0.5279831989643068,562635343.9515799,-0.012884793640528958,0.04482238891605416,0.04639721130450467,1.0287064516513176,0.02074799086076077,5.397115207699666e-11,0.049183601606219936
2025-03-07,0.03667443138037857,0.001055603810915042,0.00028941010615905446,0.5696548526596236,0.4722687824201446,539257198.12366,0.0028991129698624977,0.04487540255464014,0.04616911351569827,0.9958024393607435,0.020724553129533398,5.33257147325202e-11,0.04922251657216495
2025-03-08,0.02347832746955259,1.7871955708688826e-05,0.0005333599050588589,-0.9351563036149487,0.6664045207331135,328626584.90349,-0.012721705925538774,0.04384945571865169,0.046405591862061675,0.7541999730999641,0.02124364742471753,5.0642197858992345e-11,0.048503373089073994
2025-03-09,0.042421904088297206,9.05425763890392e-06,0.0017905636888377835,-0.9899375779657782,0.42756429967596277,435243269.05577,-0.07866711886342795,0.043894429101027685,0.04664006440017102,0.6917207441387327,0.02123937404666582,5.533166302503391e-11,0.048542254164157854
2025-03-10,0.07325867514545904,0.00040528575101747046,0.004961547733050428,-0.8489665266415994,0.5532884403074002,529737034.24074,-0.07838745715913761,0.0461903821986776,0.04749088649906662,0.8607000947340496,0.021700723764839065,6.022638145500162e-11,0.05081385628388007
2025-03-11,0.03048612348106483,0.0007129429441359274,0.00021646078076680516,0.534194290453357,0.4415728000265271,501698882.38897,0.033402036880991935,0.04553874146302136,0.04706734723618311,0.8639062249550099,0.021968221396333223,6.003240966633504e-11,0.050332878339690676
2025-03-12,0.027506356194836917,0.0005943887373803254,0.00016221089373691798,0.5712107511937667,0.3443826817579811,313580557.78396,0.011546837480634134,0.045999733362048066,0.04703047805484689,0.8227829630762937,0.021453131317887997,6.009307397315515e-11,0.05054004622636287
2025-03-13,0.03774573533556662,0.00039895063830076453,0.001025789897721878,-0.43996730883436547,0.3517232900398704,245711103.34454998,-0.03811046157164805,0.04596833347587549,0.0469464464782482,0.877415191389599,0.021465282073351,6.582066661471057e-11,0.05051638490595836
2025-03-14,0.01793564450993747,0.00029749755636025537,2.4189787626594823e-05,0.8496068429251997,0.4581652166577767,219215991.15552002,0.03603088987052486,0.0431826913043916,0.04681026765109412,0.7895066216342158,0.021106726093065874,7.29553870981474e-11,0.047843753197979226
2025-03-15,0.029481867606704706,0.000631954538727129,0.00023722597885213537,0.4541387570148759,0.7150353287337367,173434248.38895002,0.012196601153867908,0.043789938229818734,0.046992807066948826,0.6041853556634266,0.0204818027524831,7.457476401033811e-11,0.04813612512024555
2025-03-16,0.03756314923597193,9.48006063033586e-05,0.0013161895742205396,-0.8656254202022026,0.9319780965827864,229457139.28191,-0.02443287795113294,0.04450218620962245,0.047245354016109985,0.6499536230648452,0.01996176699275497,7.556615019865162e-11,0.04857923275463791
2025-03-17,0.019780524386101398,9.105534228019921e-05,0.0003002138027089528,-0.5345641564313806,0.42709283478690535,304427324.00996,0.022588679735812304,0.04241529485509989,0.04647748458527368,0.6276617184591597,0.02015467587739598,7.213459179233465e-11,0.04675387490180389
2025-03-18,0.02065150909572347,0.00028702192966484813,0.00013946289826590112,0.34598893497544775,0.6361842814473654,263693128.41517,-0.02469803383460125,0.041072379801506555,0.04636946277903752,0.555782139233944,0.02063803432700785,7.651286056891311e-11,0.045744797909498675
2025-03-19,0.031059670716679845,0.000834030065598716,0.00013067307942986347,0.7290916276094606,0.44706243567655124,346916723.46501,0.04413280025884257,0.039444118131137386,0.0451621802007271,0.6163248572454219,0.019973028303471807,7.903717954624115e-11,0.04399731850607828
2025-03-20,0.02083027510959856,0.00016847979529978176,0.00026542056584177967,-0.22341712343118025,0.5703534426874483,214434797.83542,-0.008864264802444446,0.037726790388291645,0.04439795634211392,0.5991747526177356,0.019948026164098794,8.016130561789154e-11,0.04245333568694399
2025-03-21,0.02198143834410035,4.1285938616079644e-05,0.0004418976930594055,-0.8291087035671441,0.7373835718926574,184125387.24162,-0.026413143560929005,0.03485677619786574,0.044153670010709564,0.5322131112038526,0.017393883472466832,8.661906435789526e-11,0.038770285277298436
2025-03-22,0.01694035373494737,0.00018954994766654437,9.742563699860085e-05,0.32101793877495854,0.590121316755463,118039099.7315,0.006149135440349832,0.03480438701259339,0.04376344243142535,0.5257989022892476,0.01744863598122927,8.592060837524308e-11,0.03874664373414686
2025-03-23,0.017743409330322372,6.96405421616947e-05,0.00024518803250167623,-0.5575970685878335,0.7570646830780939,106568945.4093,0.0009847366625395598,0.033599888277478,0.04218961278355618,0.5152506826744279,0.017722749924846633,8.479226050814745e-11,0.03779009673459569
2025-03-24,0.015713787776403948,0.00017469121860780892,7.223190767405325e-05,0.41494416694205716,0.403124995696647,268873039.58581,0.024625933921519693,0.030394255012175277,0.041708535329929415,0.44751212254641204,0.014040103108211001,8.168664188550694e-11,0.03333989130615577
2025-03-25,0.01193002646563098,0.0001423255314706556,0,1.0,0.4239559959816031,225561498.09006,0.006592963056164674,0.028277883808001336,0.04109916736370781,0.41067235670172614,0.013255980131616536,8.005271459546867e-11,0.031096495860490497
2025-03-26,0.041139645110802446,0.0005276998653649284,0.0011647705344778434,-0.3764146594068043,0.6272287968381606,271673950.84461,-0.021100766812099915,0.028750402361713324,0.041222113423603275,0.5072684078058806,0.0135397920453558,8.262218674766204e-11,0.03164145692855847
2025-03-27,0.012090031048707586,3.3982350197680676e-05,0.00011218650056103275,-0.5350261013712606,0.38834743071300093,202059229.75998,0.003781539809675311,0.02792442312222801,0.04070727460827238,0.48943194854874006,0.01401658085995518,8.242286374496394e-11,0.03109473414381629
2025-03-28,0.048997765741173385,0.00012744472474073582,0.0022733363228861683,-0.8938306141105947,0.8539534452186739,282148099.82374,-0.060341581966578156,0.02851124856798014,0.04072648318604748,0.654086865894196,0.014645105425553567,9.235090189968076e-11,0.03189290072632205
2025-03-29,0.016560202706996957,1.304050234720867e-05,0.00026119981134962067,-0.9048972620296457,0.7946319872066523,198909950.19296,-0.021887272887500676,0.028181814055477494,0.04008381832373877,0.6632173507509311,0.014840485827359745,9.574729959130893e-11,0.031685438975482094
2025-03-30,0.006475774526239846,2.6073243124864637e-05,1.586241258983227e-05,0.24348803806718222,0.6217440190335911,161288254.04827,0.007464461997133238,0.02647009360014143,0.03952292933533374,0.6435302839867643,0.01518493110699188,8.934431792526026e-11,0.03033591743076263
2025-03-31,0.025113731833892875,0.00014138529906900538,0.000489314227555679,-0.5516556042917701,0.49145336266014955,280943251.53635,-0.03692727259221836,0.024177477251971613,0.038584001094203776,0.5693389587947302,0.01075623801471056,8.855698670284211e-11,0.026357877340870434
2025-04-01,0.022335510722445797,0.00036653142413420965,0.00013234361509828144,0.4694318027941853,0.6691841665750164,181079667.5043,0.017684772044955038,0.023789352834894514,0.03839810076655363,0.6302857483737679,0.010663872411578198,9.003722853646781e-11,0.025966061155517483
2025-04-02,0.07662548884948021,0.00177278503251718,0.004098680508904635,-0.39613542138309543,0.6642230845686244,407553483.9336,-0.035806368657569476,0.026128359151782292,0.039045704463180994,0.7645948135567224,0.015711961509663728,9.246743343002954e-11,0.030295236841455964
2025-04-03,0.02225609831781037,0.00027380209491341146,0.0002215318174186302,0.10552533592681305,0.5295408727140177,238061666.68208,0.023533351930970055,0.025390757389031997,0.03847022562117576,0.8031832846987671,0.015501484575074066,8.97889235256374e-11,0.029555776372968613
2025-04-04,0.03967651364078706,0.0008490062880081463,0.0007252194466794155,0.07863347587396602,0.4602458331730567,221580500.7683,0.011205266841774605,0.026426036871453402,0.038307820599430685,1.001054308109863,0.01570337022509583,8.437022002123662e-11,0.03054813582332631
2025-04-05,0.02081686396384957,8.313883434368742e-05,0.0003502029909457315,-0.6162898225290812,0.622144691487433,96727808.15181,-0.020601998278884356,0.026013417650365064,0.037961767074728606,0.9940671991246686,0.015732873387750205,9.116380768307905e-11,0.030206528745256686
2025-04-06,0.0906807148854431,0,0.008222992052135022,-1.0,0.764600565232464,391880059.08407,-0.15790939901455706,0.028542825538435117,0.0386379174446065,1.342702835980023,0.021052996393792843,1.0528152977486915e-10,0.035168386661081144
2025-04-07,0.08013970829440538,0.003548353954973796,0.002874018890538591,0.10499780698755203,0.447501096506224,612066721.99896,0.005511991907515878,0.0314170723912115,0.038434517101725456,1.347231434872201,0.023745048260011652,1.0217700477262267e-10,0.03903858136067371
2025-04-08,0.05142507380418726,0.0006104821271675877,0.002034056088598519,-0.5383071997008485,0.5436737009790996,252959146.32801,-0.02613127911025149,0.03288248023447168,0.038345794225633896,1.4904969552528622,0.023995700950159043,1.0263606851748423e-10,0.04036870600540551
2025-04-09,0.09024013062085519,0.007788926794046721,0.0003543543804222856,0.9129701227723132,0.7715822971999671,400924211.02243,0.09516547247464609,0.03570059737276574,0.03899367980836338,1.7049071771408064,0.02705150017724492,1.0788134707235138e-10,0.044401232793379
2025-04-10,0.039767082155970836,0.0005332875249504638,0.0010481332982492705,-0.3255589946369269,0.6302033027685842,210569935.32281,-0.029916761037992578,0.03660235008925966,0.03873045761379451,1.7917217393815588,0.02684586256192511,1.1267836462355049e-10,0.045012368356912906
2025-04-11,0.0154440312913488,0.00016849049998006005,7.002760254810084e-05,0.412811004231153,0.3829120434610063,166244311.74077,0.03188424558689889,0.036291044991509584,0.03844101004993754,1.4217816339981526,0.027060926628469453,1.1498024845337276e-10,0.044882764683285815
2025-04-12,0.03759252196398254,0.00138606457348936,2.713313412314976e-05,0.9616003705964268,0.8684419439182535,162277776.6435,0.03141213478914275,0.037274481573844595,0.03871040222637369,1.2159741996768996,0.02669532683101132,1.2171720568188332e-10,0.04547628162589224
2025-04-13,0.01330428658941207,7.9476960717907e-05,9.752708093530284e-05,-0.10197575178966836,0.48913366047592716,174080337.22495,-0.00984851600338424,0.03706309477665839,0.038500671192826304,1.0431382242535259,0.026874689379564717,1.2397121397232696e-10,0.045404064988907984
2025-04-14,0.03047785773671437,0.0001095043564907514,0.0008193954557286487,-0.7642278423350846,0.74013430546606,168378204.30040002,-0.008649121238438183,0.03776614572714936,0.03840351884720681,0.7266449454066165,0.026478454570673302,1.2205586994355593e-10,0.04576029062188876
2025-04-15,0.02518205164455078,6.362618569606486e-07,0.0006334994631718621,-0.9979932943947237,0.6490339367203383,137403395.28385,-0.024806049151096583,0.038397194545193164,0.03782302421876835,0.652052051582682,0.025985248526406907,1.2926088683208505e-10,0.0460154727328352
2025-04-16,0.016623793400469912,2.0496487577005048e-05,0.000255854019444502,-0.8516631085796423,0.6343222834545252,177215735.29425,-0.012841267948324511,0.03722977303517733,0.03700035491326063,0.6667915608634065,0.026403221819755133,1.2901287568050698e-10,0.04527680918765989
2025-04-17,0.017424735714960858,0.0002837647424653849,1.985667227084756e-05,0.8692011083072134,0.9346005541536067,132365222.12878,0.008312154038668784,0.0374838065907132,0.03674353954299846,0.5637373745864368,0.02617391844124477,1.31112023688208e-10,0.04535953253019204
2025-04-18,0.01140920936038786,8.360071475406947e-05,4.6569343475092485e-05,0.2844845564544801,0.46098455483505024,90241184.74444,0.01365616184386465,0.035693875334485314,0.03636017548570186,0.5568288552383115,0.02662847401264428,1.2813415082119043e-10,0.044151589535701724
2025-04-19,0.008746276292471834,2.8075546949172085e-05,4.842180203508276e-05,-0.2659733357570138,0.36335859829190903,89572809.09461,0.0015787399674278457,0.03532178360046031,0.03578435112486316,0.4443825322752214,0.026961714275362335,1.2373363300726714e-10,0.044044824064538
2025-04-20,0.02522371705631313,0.0004704373596961474,0.00016579854244079453,0.4788142514940679,0.7004877185569768,113117762.86568,0.022101783697642124,0.03621454276855904,0.03552635515657605,0.44308663013832295,0.026260066683244394,1.308339723137488e-10,0.04436492464335422
2025-04-21,0.026336016644772847,0.0002747294678743661,0.0004188563048393862,-0.20779958677800361,0.5685375060807585,197895728.8445,0.004234847522400109,0.03627274680717237,0.035546868752607194,0.5000718609231217,0.026235575253105884,1.2559392765219963e-10,0.04439866126087134
2025-04-22,0.03836278394410511,0.001471703191942089,0,1.0,0.8624976197440167,222107666.74139,0.066513708003007,0.037035950293918055,0.03545468153061131,0.6287237132759094,0.02604227122581112,1.352036002378862e-10,0.04491732707860771
2025-04-23,0.013106533697239317,1.9860360029116582e-05,0.00015192086552775317,-0.7687714712159667,0.41217653078407435,211284242.21368,-0.0028801171955056223,0.03401123814381134,0.03537977688588057,0.6395210412562186,0.024876853370330212,1.3166905847921944e-10,0.04178699239040678
2025-04-24,0.023148910139109,0.0005310239599500159,4.848080678527554e-06,0.9819058270969275,0.7738906238497794,165636964.02149,0.012541221405308181,0.034053752992444605,0.035137614619117366,0.7217386727452253,0.024856513806014367,1.305672059184134e-10,0.04181008395229137
2025-04-25,0.019247096820728435,0.0003591808341091972,1.126990191729734e-05,0.9391557320782792,0.4765003356590597,179826214.75998,0.02334553792821593,0.03308092362006086,0.03422988393196862,0.70240405146161,0.025024660701703137,1.3434116020548497e-10,0.04111885821753556
2025-04-26,0.017372677713580684,0.00010041779922462105,0.00020139213171532186,-0.33456265728642864,0.5763141067329589,132908452.96012999,0.00877401149389671,0.03291691475100044,0.034240090210394744,0.6601460179124855,0.025120161044291604,1.2734240051491467e-10,0.041042625130141716
2025-04-27,0.024798544564438568,0.00018989378713176624,0.0004250740253826794,-0.38242690668528084,0.632791511325235,116565445.52898,-0.01938202610609032,0.029779668545238322,0.03427489343109864,0.5914820976767954,0.02138108107354511,1.1607204447072985e-10,0.036362208527810566
2025-04-28,0.04104280204320643,0.000690765849489746,0.0009937457500680837,-0.17986216340562297,0.583820073734937,188316178.93138,0.003392808168306738,0.027917911104705036,0.033916759450338806,0.7667892308618828,0.01824958653505682,1.1650114022105404e-10,0.033114917616331604
2025-04-29,0.0233059027424628,0.00022393292618044225,0.0003192321764606928,-0.1754517177500154,0.40342934588998614,187123362.41566,-0.001402360870236644,0.026578902958908635,0.03351125433162896,0.7914812256394541,0.017452765250611887,1.1193885178851128e-10,0.031567901140195316
2025-04-30,0.03290230266221686,0.00011553846264530496,0.0009670230578308176,-0.7865461491842239,0.652422699531802,177935121.32124,-0.024026245958863976,0.023848530198973476,0.03299774856762554,0.8706308797098763,0.00980474408301617,1.0706565577035637e-10,0.02569645183617599
2025-05-01,0.03306707979063288,0.001069006777028863,2.4424988851218243e-05,0.9553241645004541,0.5258924507239675,216190164.84849,0.06189217406141262,0.023529482467290717,0.03261954098161401,0.9736876445893173,0.009359764607825723,1.1393282819592862e-10,0.02524024688490257
2025-05-02,0.026434756017782595,7.574037867970131e-05,0.0006230559470399917,-0.7832261679347097,0.7605851315001313,163193124.66682,-0.010298286000868925,0.024052850311406613,0.031733557166927315,1.0139779326716014,0.009190804567766206,1.078048950115239e-10,0.025670763008508374
2025-05-03,0.01346772636106317,6.137859076107203e-05,0.0001200010625754038,-0.3232031307590038,0.321197829980949,90910942.0228,-0.016284763544666694,0.022904050520791405,0.03166097303574313,0.8553886659750807,0.008917469799513595,1.0711720901118158e-10,0.024501634044578106
2025-05-04,0.01925758566430238,9.321067634084491e-05,0.00027764392927709966,-0.49731956983233044,0.630887353706358,118895607.68676001,-0.01749519780788565,0.023187540952929037,0.031283508002355145,0.8340858941384123,0.008688725129697547,1.1143020938595047e-10,0.024689290190097503
2025-05-05,0.04080433731440759,0.000504464334651635,0.0011605296090163209,-0.3940346310926418,0.4399329247825874,300378023.35613,-0.021288786390869185,0.023679278075676335,0.03061322627166699,0.8811942925891245,0.009386170064160811,1.1235907079631152e-10,0.025389232985428983
2025-05-06,0.0872676435582251,0.00751043940418837,0.00010520220801705749,0.9723720696497976,0.9009065689809087,353815417.54632,0.09608575893315299,0.02663573483347035,0.031103604395554953,1.206521442965891,0.01676256588060885,1.1669411029678475e-10,0.03125805196877309
2025-05-07,0.039460504460131995,0.00046272595297100835,0.0010944054592770885,-0.40566871963240253,0.4686941029239774,462572828.51352,-0.022865081838830955,0.027723197264882832,0.031234457553924493,1.279478221185688,0.016821227626751485,1.1559739665889535e-10,0.03221886682982614
2025-05-08,0.026335262439299064,0.0006704658672698378,2.3080180476918182e-05,0.9334429759872388,0.6804488908801034,402112459.24379003,0.058901152612897474,0.02814750806127989,0.031185245924740364,1.3734545556639364,0.01666007382563756,1.195822627504298e-10,0.032505741330805527
2025-05-09,0.04111926824692022,0.0016759170806886843,1.4877140473497331e-05,0.9824021867507077,0.8230808780718099,402617452.53936,0.0569184421671601,0.029562272770162382,0.03125579889087595,1.5409351589667466,0.016427453201296703,1.191080452078274e-10,0.03362943139268612
2025-05-10,0.0413013529517235,0.0007025466772734347,0.0010032550783694045,-0.17628566748815808,0.588142833744079,370089999.06762,0.046090210691853484,0.03111251451584103,0.031538704057259614,1.5351216297986805,0.01589222518858643,1.2419912282207757e-10,0.034763840120475495
2025-05-11,0.04582109221900813,0.00018305958653876402,0.001916512905604084,-0.8256220376063975,0.6682380561513613,325028846.09916997,-0.050083530144005524,0.032093341904540794,0.031592659424413756,1.252469910858628,0.016144222312844132,1.2223255662014912e-10,0.03575202476341959
2025-05-12,0.031998240945999325,0.0007854392765706555,0.00023844814706757228,0.5342297569780021,0.4646622346470484,458322821.89382,0.03658884916815533,0.032362971633170624,0.030937731897438203,1.208037347215247,0.01609045342396301,1.2501506419398158e-10,0.035971320864380145
2025-05-13,0.04229441568839773,0.0014381835647423247,0.00035063403368065956,0.6079711715830868,0.44407686028346627,374933295.28524,-0.004247520624760626,0.03255019219242265,0.031125165107078405,1.2943577046581085,0.016186342358198446,1.1129423924855333e-10,0.03618061097813427
2025-05-14,0.03297520027064864,0.00014496357043044855,0.0009424002624589375,-0.733366944815066,0.5010722337894621,356319010.8425,-0.023989009557854393,0.03349631917210881,0.031211972155900814,1.240003607784165,0.015561619570966795,1.138510510412771e-10,0.03677819710818937
2025-05-15,0.048771238583433685,0.0007797859964569699,0.0015988477165052408,-0.34434125590032927,0.6678108681993414,364848237.23817,-0.016990214814626328,0.03471643005040999,0.0313869801439622,1.2800271719704466,0.01571348510212466,1.1246308834537784e-10,0.03795242203541484
2025-05-16,0.02221286547730039,0.00015617213408342226,0.00033723925862922115,-0.3669698900755826,0.3266675403932893,217967370.79228002,0.0019132980007172836,0.03485765712929437,0.031454872540269546,1.1288727319320135,0.015580263622148455,1.0669904723968409e-10,0.03802948340064915
2025-05-17,0.02840977454458444,0.0001856706016477037,0.0006214446880264143,-0.5399155386520548,0.33134964002053685,246716125.06,-0.03490452075621747,0.03538323316886598,0.03143785519007716,1.1016363334138755,0.015140908397005638,1.1029242798410056e-10,0.03834454025881614
2025-05-18,0.07633140607372785,0.0034359209119645693,0.0023905626412277677,0.1794149526370925,0.40716506591435614,270913008.07337,0.04957846171075542,0.03783717895502261,0.03205322434623202,1.2857207300893492,0.01735396283961501,1.1108905576959529e-10,0.04145444709416263
2025-05-19,0.03038819143510346,0.0006419404066973146,0.00028150177199918054,0.39032074017554524,0.4723805739164772,267227203.70576,-0.026818259672785016,0.03732981654511294,0.032221600013676494,1.26358295094019,0.017411212151295513,1.1501005430282836e-10,0.04101499461037794
2025-05-20,0.04311074381933442,8.009606507809062e-05,0.0017784401675781903,-0.9138073676792249,0.9417252884225138,377770938.08027,-0.03966466794235312,0.03827290421544016,0.03257809580294016,1.2157577093090384,0.017147999055169234,1.1965302088277949e-10,0.04177159924357988
2025-05-21,0.01686115322682988,0.00027258842173731026,1.1710066401325378e-05,0.9176213248407071,0.5223116935492098,307905089.93082,0.027685236463564106,0.037509039956612214,0.032352722509450475,1.183346666344522,0.017746047293062554,1.1750476910764852e-10,0.04131408934028243
2025-05-22,0.013038522813819167,0.00010894348210494709,6.10595950615358e-05,0.28166482537559545,0.31232752166522554,290823327.47359,0.03214145991655937,0.03655529914819251,0.03222904390158097,1.0927140183470063,0.018518122255711148,1.0913491443191666e-10,0.04077844017757657
2025-05-23,0.04998760816536033,0.00010025511399627808,0.0023985058560973206,-0.9197561389855367,0.5044705897930662,388751673.25211,-0.05159793383861414,0.0376768635361724,0.0326735862796962,0.9166331916148961,0.018587633697734918,1.1245026355817034e-10,0.041816190470070735
2025-05-24,0.01455361989809143,3.7107578793138304e-05,0.0001747002733449845,-0.6496109240658372,0.7847725431668855,134113179.97291,0.004089556373356869,0.03772857275222137,0.03263570161561912,0.8209334999955293,0.01851829966884473,1.0537238595881662e-10,0.04183351225126731
2025-05-25,0.014404242769147813,0.00010922153335489746,9.826067639764957e-05,0.052827936285816085,0.47108965914738227,134313139.37731,-0.0001046517713268063,0.03749746118578544,0.032582698971790953,0.6583619466391861,0.01878865853910409,9.84024625754015e-11,0.04174042536173511
2025-05-26,0.02712957786120233,8.799666300464647e-05,0.0006480173319223932,-0.7608831799091824,0.8792696465554931,140165546.23196,-0.0061939203848694726,0.036846282164204235,0.032763901989009976,0.715051066585029,0.018904928791722547,9.713183017200473e-11,0.04120711066020458
2025-05-27,0.01729601566566831,0.00022455314111377106,7.459901679327256e-05,0.5012637226808645,0.4483721287333496,183155413.26385,0.009433043430072712,0.03351429988360629,0.0328490764207566,0.7525438842527169,0.01541862779798632,8.66524324017733e-11,0.036737197895782024
2025-05-28,0.04049384537101925,0.0006981388611235082,0.0009416126518085088,-0.1484821259592245,0.5135122597954122,175414411.1233,-0.005439343954805558,0.03356350659364854,0.03283882563123623,0.6862841406536674,0.015440187049539141,8.577520878843409e-11,0.03679070534445635
2025-05-29,0.026019658165067815,1.2856053982004335e-06,0.0006757370056287797,-0.9962021788422982,0.6258579878986746,249518232.21317,-0.023240818951255623,0.03354847781868515,0.03305993082355941,0.7480423413869068,0.015447726232212982,8.323537383161703e-11,0.03678001045979487
2025-05-30,0.039556454835662294,0,0.0015647131191657909,-1.0,0.719903310947172,317572275.02906,-0.08500273721602876,0.03347405813243477,0.03291006874569416,0.8917441912425642,0.01541315595676719,8.924933576131815e-11,0.036698301151726245
2025-05-31,0.026427749981516275,0.0006629055249789081,3.552044410662536e-05,0.8982842973232135,0.8064694321919851,167574019.0666,0.016575285305244342,0.03276579132432966,0.033066696480210336,0.8857956854592184,0.015377185968215157,8.802911541050919e-11,0.03603879897932843
2025-06-01,0.013505602591529286,0.0001566933232061548,2.5707978154167754e-05,0.7181162857672466,0.6784866857806731,120607754.79244,0.015511259897332721,0.03122695848492591,0.03317828105267525,0.89109860183738,0.015620407833878386,8.681576537108371e-11,0.034749117480084364
2025-06-02,0.026145032398066276,0.0005054175179308063,0.00017814520116512898,0.47877437961877195,0.5185871890205997,155086182.86533,0.012820688429061469,0.03094823426835767,0.033194650902900226,0.8019376444225468,0.015658132843804202,8.695081806805406e-11,0.034515144898046815
2025-06-03,0.01599987156692935,0.00013559588802827444,0.0001204000021299598,0.05935988225796078,0.4321626262104772,131600197.87199,-0.0004470772400386099,0.029696113119716316,0.03309408520201901,0.7499175831083933,0.015756484764903964,8.657312766539603e-11,0.03344104838990246
2025-06-04,0.01693087311239374,0,0.0002866544643479773,-1.0,0.5768115076919725,135478676.66626,-0.01736624609164101,0.028932097540751798,0.03214655161889065,0.611644676916041,0.015976978855420765,8.947121437695727e-11,0.03286601131665062
2025-06-05,0.03476236802087916,1.4186392648623218e-05,0.0011942358377704189,-0.9765208016014338,0.5542690638714025,193769165.26067,-0.05122146132755101,0.02826500846634444,0.03234506383639968,0.6827885710891953,0.015388847323620758,9.98414423968809e-11,0.032007035844554985
2025-06-06,0.02621114857194089,0.0006487840570510788,3.824025240928024e-05,0.8886786045771304,0.7879261427193532,131081331.35574,0.04322781364680537,0.02845540289942256,0.03213132788292593,0.7860760312482356,0.015334864025900443,1.1512718797180661e-10,0.03215073881354672
2025-06-07,0.013961047291574531,0.00010050061170783767,9.441022976974286e-05,0.031247014747485684,0.48437649262625715,85813392.95299,0.012194578149641503,0.02776736826832685,0.032022505396064424,0.7210358982160794,0.015657752283887643,1.151571556670529e-10,0.03169412269626083
2025-06-08,0.019225739733984948,9.87153174412964e-05,0.00027091375087763114,-0.4658682127449904,0.505844088333097,99065974.65927,-0.012882809422505703,0.025048050823577188,0.03088829944127937,0.7731856116547571,0.011096191569755644,1.1263513794340363e-10,0.027288591021161858
2025-06-09,0.03941730054428549,0.0012949080785904007,0.0002588155036081284,0.6668448537777836,0.4164022948589631,155619454.07022,0.039820804950032276,0.025478008400204904,0.030241912016674297,0.9298779744821796,0.01148169292606242,1.2004124538705295e-10,0.027833084631190254
2025-06-10,0.02575076715286608,0.0005937077132018038,6.93942957593229e-05,0.7906979776217476,0.38421298917018,223585662.42345,0.02805141527929569,0.024651342844658794,0.029834383339669198,0.86199134444815,0.01075033858347892,1.2101576878062924e-10,0.02679095296669046
2025-06-11,0.030052280528744913,0.0005901775832318674,0.0003129619817465133,0.30694658083326254,0.6534732904166313,214702022.21513999,-0.019050256811485176,0.025279491763797603,0.02887902063979443,0.8924523534060501,0.010657374616708947,1.209592916445321e-10,0.027335394337197238
2025-06-12,0.024212369743263334,0,0.0005862388485844938,-1.0,0.4059840105434728,202369859.31574,-0.06128043121801341,0.025811579712818757,0.028632120442767327,0.9576506554125737,0.01028820838070082,1.3011620460637523e-10,0.02769556886200354
2025-06-13,0.023188357156183816,0.0005374739579082846,2.2594969445653153e-07,0.9991595695247043,0.7955037314358064,229579938.03501,0.00440427230247563,0.024535424902857966,0.02875504625014566,0.9891686399814833,0.008675095346620932,1.2470938623081366e-10,0.025954973983253533
2025-06-14,0.013354613493330897,3.8443554039540074e-05,0.0001399021475167156,-0.5688872374934834,0.37470232036080053,105788201.56091,-0.015618033076373222,0.02447832935977413,0.0283703175442623,0.8139714194196641,0.00874771753133259,1.3028755774793542e-10,0.025924259656340702
2025-06-15,0.010542880994929484,9.366576632066199e-05,1.7486573352583288e-05,0.6853584296293069,0.7839818869679841,80477863.39077,0.0130720815673527,0.02429445498957326,0.028326485709429243,0.7102825150128717,0.009006805025060587,1.37985253486912e-10,0.025835636281286576
2025-06-16,0.030906938037462268,0.0003256894779830597,0.0006295493408684722,-0.3180983193823072,0.634807697117786,148418618.54927,0.004511546781266105,0.02447432928368088,0.028333296507853815,0.7106763790118844,0.009103456199584923,1.373284634857501e-10,0.026036884978596592
2025-06-17,0.02397657633175964,7.480227150019481e-05,0.0005000739410925016,-0.7397621614474672,0.3818874046718942,176895079.60516,-0.028923039469250476,0.024792451220161413,0.028314161979079353,0.7039107927454856,0.008955592203372014,1.4266184332289296e-10,0.026287812694829937
2025-06-18,0.015391915813715733,0.00011874534571575658,0.00011816572670075586,0.0024465678580935465,0.4160417914049534,144334813.40215,0.01004677205527642,0.0235971212412422,0.02829460836659119,0.6476148881842325,0.00841392843141845,1.4449988481867288e-10,0.024984938874042267
2025-06-19,0.011037328186069515,5.486156552277263e-05,6.696104796423194e-05,-0.09932049637689,0.49374782143158724,116136367.5043,0.00023515579179497732,0.022883676956527994,0.028193220945497675,0.6368567563145336,0.008823475765612104,1.4016093511426382e-10,0.024450134466269858
2025-06-20,0.025553008816822043,3.035578810870699e-05,0.000622600471483878,-0.9070204545472995,0.7707130566373801,177266701.77206,-0.026080668476619957,0.02221684619372608,0.028417725698774408,0.7412608485814196,0.007990245219984536,1.3442105389437629e-10,0.02354553210495926
2025-06-21,0.024679545515096615,0,0.0006090799668317255,-1.0,0.7938934399256465,139912879.6967,-0.03287026363870408,0.02213359836199181,0.02867063473405417,0.7036305813710645,0.007953200665505396,1.4089822422339166e-10,0.0234550103510907
2025-06-22,0.051409814510065634,0.0008010298103705389,0.0018419392175888158,-0.39384094032383216,0.6917481974136102,251244786.14295,-0.0007483163232710851,0.023938560834303065,0.02908628707458992,0.8758876207222308,0.009948132632293454,1.3491580960166966e-10,0.025832293787284605
2025-06-23,0.03522847439111349,0.001232957658823796,8.087749101543095e-06,0.9869662317754135,0.44603470048203714,188787811.48429,0.0571029607186167,0.02437110569111484,0.02922743719754771,1.0046344560805223,0.010242000519030337,1.453826427199578e-10,0.026341112296536472
2025-06-24,0.004978346666849502,2.1510378487802774e-05,3.273557047528769e-06,0.735832346492183,0.7715069519794886,130550590.45438,-0.0005894488823779125,0.023846271172063414,0.02869752549473413,0.9713249858364619,0.010950316337274243,1.4543587419444217e-10,0.026131285922079375
2025-06-25,0.012939921757340867,7.612458343349405e-05,9.131699165260952e-05,-0.09073259261508419,0.4553299771918441,131994660.05163,-0.0021248975059358728,0.02365622586944185,0.028694880860767488,0.8871998960236683,0.011109806081570058,1.4009844608680367e-10,0.026022438388646412
2025-06-26,0.012125821068041805,2.3243472078922083e-05,0.00012379206449524441,-0.683838715177568,0.5066928654144486,146781609.25194,-0.004856966250020696,0.02257829506216388,0.02851991119297277,0.8068687973297317,0.011076459347343762,1.290864014207945e-10,0.02503248042393074
2025-06-27,0.012740468716744885,7.476683444088387e-05,8.755270868147118e-05,-0.07876977716077864,0.4606151114196107,143851254.18888,0.006863932274011006,0.021936834116678357,0.028416631381798427,0.5484111779880076,0.011244339289193593,1.1565482604693303e-10,0.024528333309058837
2025-06-28,0.013071825822116825,0.00016812508570457086,2.7475446191893412e-06,0.9678410215376981,0.9420070499089318,101185182.72151999,0.01742224716399625,0.021894490237180368,0.028348363891457732,0.3950240078001394,0.011277501639340269,1.170870181519985e-10,0.024504988434983492
2025-06-29,0.013615071017509858,0.00018237378852491116,2.996370286925757e-06,0.9676714924761189,0.8867125801079839,96686844.14393,0.01906131887566872,0.021627315536395842,0.02817084843833188,0.461348172570692,0.011409575779006132,1.202823600824128e-10,0.02432530008885035
2025-06-30,0.024302064989069703,0.00020018896674170613,0.00039040139599126123,-0.32207167819221383,0.29430999409805464,169220736.45556,-0.022658971616601183,0.0209075424147189,0.02790512245334558,0.5454768069413142,0.010684941663179187,1.1447360219282465e-10,0.02336357716128687
2025-07-01,0.021724535500494947,1.3329497622280167e-08,0.00047194211321464305,-0.9999435137455109,0.5268574702403348,151443266.45454,-0.03311560878449755,0.02071581709793932,0.02788002138601276,0.6162407830177297,0.010629671415923152,1.1891194319502336e-10,0.023167963232252065
2025-07-02,0.03173061903978919,0.0009567504176510959,5.0081766997136346e-05,0.9005161579838968,0.5102398863898906,175355806.10762,0.04846375696496034,0.02079573797941762,0.027861423233275815,0.74500940426159,0.010709389493197226,1.2784742025268384e-10,0.023274283321399736
2025-07-03,0.044337766115645445,0.0012349363304804347,0.000730901173645243,0.2563971619105749,0.5947490929679111,320185616.75844,0.019962100988412116,0.021754090187626293,0.02804032301621252,0.9538125144933962,0.011868207456146734,1.1639653354155758e-10,0.02464523155091418
2025-07-04,0.026944152437648784,0.00012780871090910026,0.0005981786396741547,-0.64790375257525,0.4172090018984856,228267623.45393,-0.02570952659708483,0.021932937581981768,0.028048408673670713,1.056066390976289,0.011919091564932557,1.2084628746184237e-10,0.024826467870229414
2025-07-05,0.012019018332606437,0.00010718359413900237,3.7273207540527224e-05,0.4839535818712638,0.569555035284832,96705523.50265999,0.008148320747968413,0.02186933781242346,0.028025413308139655,1.0140901113531486,0.011970605836451409,1.1782839127389437e-10,0.024793945829063725
2025-07-06,0.012091342370784313,0.00010289641628679048,4.3304144040733555e-05,0.40760631910408585,0.5073318711928604,110225607.62112,-0.0022883305180122736,0.021943074068416547,0.027911663414591746,0.9588739485596667,0.01190192101071807,1.1108218424691574e-10,0.0248275796779075
2025-07-07,0.015194741846543848,1.1418721985650093e-05,0.0002194614577974607,-0.9010852989080581,0.56728166555988,158499412.33215,-0.015233993399911194,0.021194874249801383,0.02750516189922883,0.8400280740528672,0.011803702264731526,1.1421153826956756e-10,0.024122923623304406
2025-07-08,0.014197155915414402,0.00019727590774220585,4.283328344380283e-06,0.9574980692768628,0.5942424786928103,109415376.33399,0.019688621709782445,0.020729187563308753,0.026345312889025484,0.6216719892079406,0.011881127456209076,1.1499439091196072e-10,0.023751598793650387
2025-07-09,0.022176130769876633,0.0004917807759226693,0,1.0,0.8894520979851583,187675538.32123,0.03219390813150914,0.021052245418364035,0.026070957751084926,0.5921184794544719,0.011820827537858252,1.1984833567162222e-10,0.024005730520074715
2025-07-10,0.028972437502604278,0.0008392932489959546,1.0888584635623745e-07,0.9997405633323135,0.7243655332257286,227194224.28728,0.04573704814827119,0.021906298242960927,0.026112817672724692,0.7328147954084405,0.011708442719478265,1.293382272476496e-10,0.024707196344391617
2025-07-11,0.03356540155508815,0.0002140838557164576,0.0009125523258378563,-0.6199592038290368,0.7824489949683279,397729178.11065996,-0.0063465412939282696,0.022287840754306936,0.025992915026822595,0.9017654691567896,0.01196104456536336,1.2309204730557301e-10,0.025159525789656703
2025-07-12,0.03595606652927532,0.0003530920627924425,0.0009397466574652305,-0.45377245087141493,0.48510900114145766,232886920.79083002,-0.016152675091141877,0.022824817945458303,0.02590806921059326,1.0703075687530708,0.012321478506016925,1.1520750696575476e-10,0.025798482098754016
2025-07-13,0.02657774792593707,0.00039644130891784793,0.0003099353758968042,0.12246430959671643,0.4387678452016418,185887878.69718,0.01975188326176448,0.021642338584309324,0.025602619301179432,1.1735251014789894,0.01049760853741007,1.201255325619042e-10,0.023944581758569953
2025-07-14,0.018280672372660862,5.4780818760743206e-05,0.00027940216363582293,-0.6721507578399892,0.7570278285982346,267195488.16783,0.01041183092493289,0.020835300392954434,0.025384880117475646,1.1660928841793803,0.010042499415392802,1.075776964535957e-10,0.023025183399218805
2025-07-15,0.024932798409932243,0.0006216444365503198,0,1.0,0.5606210002544258,312690693.48047,0.008127584596658542,0.021785512380720278,0.025109298890833336,1.1311470579498895,0.009389945259252118,1.0860042551655019e-10,0.023634318250954956
2025-07-16,0.02350325175605544,0.00042741551828573936,0.00012498732482278376,0.5474776193422698,0.5481188349100077,288884784.24718,0.01135085966868948,0.022288528094944783,0.024958950501712807,1.0529432327903054,0.009172824193061518,1.0970488437208739e-10,0.024019002646672723
2025-07-17,0.03144351941325008,0.0009792975285486476,9.397384542787155e-06,0.9809903248851488,0.46809441364566196,534759439.13274,0.04160149772902146,0.023208418492335653,0.024683907340281325,1.0481214317677698,0.009070769427817095,1.1183369591642051e-10,0.02483931371979236
2025-07-18,0.04744166850552156,5.7488214240021796e-05,0.002193223696347775,-0.948915528487155,0.8515094217376467,858287662.9492,0.001180405409537456,0.024860856577515494,0.025084364531205473,1.2089955320986214,0.010163434483031067,1.0962702060160178e-10,0.026766373711503345
2025-07-19,0.10887149534744074,0.011649953921734957,0.00020304857745285392,0.9657388788255521,0.980928242342201,694480318.59258,0.10684388209040992,0.029422745602530918,0.02636153470267938,1.8758527135506988,0.020673275900530075,1.0875394631518195e-10,0.035675350876777555
2025-07-20,0.046671447868212285,0.0019921380394288908,0.00018608600668636592,0.8291397002817592,0.881147667955374,952915216.64381,0.02993870805862962,0.0309968587858977,0.025890741715290246,2.008867925777969,0.020667955153640526,1.0086218973804473e-10,0.03698146108982849
2025-07-21,0.045346868325746095,0.0008100776549376386,0.0012462608120149157,-0.212116421536232,0.3852148276150619,626642450.01622,-0.009649424402369478,0.031998992278120385,0.026128181031014733,2.134241131380563,0.020836626661012922,9.52191778912027e-11,0.03791340123374399
2025-07-22,0.02558631425067358,0.0006374003430544693,1.725913387975269e-05,0.9472729426889918,0.825295388578482,666757416.36151,0.03554796058469018,0.032182886504319365,0.025850015482305828,2.1224837582833596,0.020758309216795667,8.734526936251271e-11,0.03802796583064452
2025-07-23,0.036474460364257284,0,0.0013303862588637755,-1.0,0.3626585165257245,753712549.87203,-0.0657870720890287,0.03240878371024642,0.026161337817820547,2.0090653959072142,0.020778943032114687,7.834099304809822e-11,0.038230008136071254
2025-07-24,0.03145935264177566,0.00058649737022738,0.00040319349841221735,0.18521325963846388,0.5926066298192318,536098566.47778,0.0016942355472695314,0.03179552592577643,0.026453731942073826,1.4023719635011798,0.02059853451273699,7.552265514654108e-11,0.03761715498234402
2025-07-25,0.06700963576213284,0.0024402477614586236,0.00205004352351509,0.08689953795409912,0.45655023102295045,502223351.12878,0.013362439432567196,0.033703406084085195,0.02672392285630831,1.5179660049687824,0.02193860757617284,7.142635458172523e-11,0.03992872296067077
2025-07-26,0.013178671397702253,0.00010450368429225197,6.917369551636349e-05,0.20342308719086225,0.49494197505121024,196694019.4273,0.0014056050807608818,0.033758627658613566,0.026702098276937054,1.2840323943010359,0.021882685017552046,6.775430918771229e-11,0.039946143410489354
2025-07-27,0.013555670017994976,8.468106053683142e-05,9.907512909993651e-05,-0.0783324283745649,0.4910972849854964,232026057.71302,0.0075214627807563585,0.03382835754657598,0.026688628868188596,1.2152690343806214,0.021812409552625773,6.830935831745758e-11,0.03996852182245201
2025-07-28,0.0320395631258412,0,0.0010265336052947631,-1.0,0.7626162748332712,361968854.68154,-0.05194928329137482,0.034630491893209187,0.026766565142230483,1.1774935759373957,0.02139871555904904,7.056672859991718e-11,0.04043972051126862
2025-07-29,0.020907404068956637,0.0001631188130860843,0.00027400073181654025,-0.253664975687959,0.38772475519029775,292952216.22662,-0.004691173575880166,0.03495002751956834,0.026823888767679504,1.1114107812318794,0.02112671094662594,6.276051976198765e-11,0.040578173352089034
2025-07-30,0.029198785248959334,0.0005430036011001204,0.00030956545891472467,0.2738055521054577,0.37989640623302007,332267088.94241,0.018181488453211568,0.0352844396376199,0.02664460209907538,0.8234943453375595,0.020969399368091647,5.719762699039984e-11,0.04078931903173634
2025-07-31,0.024126785130122064,1.3080060061028148e-07,0.0005819709601144688,-0.9995505919774246,0.7053617144497254,263241677.27118,-0.04112003518803505,0.035053694286549315,0.02661455649534608,0.9002716986475884,0.021068754078692974,5.504971526965975e-11,0.04063885023354875
2025-08-01,0.016492493996790838,9.123328717001994e-05,0.00018076907106416183,-0.32917282216007704,0.6634144626722248,432700142.70471,0.005080929259619783,0.03424069868853516,0.026248461878856058,0.9279439678753651,0.021454918912478613,5.4849021830358654e-11,0.04013501338700755
2025-08-02,0.037635630150998266,0.0002980348831158755,0.0011184057737468542,-0.5791777344544852,0.6834161369720597,412997367.52154,-0.004797525781387629,0.0343206779086172,0.026426364738689104,0.9571980856263151,0.021464761416607782,5.2099398615704665e-11,0.04020827161269529
2025-08-03,0.020178204311903453,0.0003317173480128203,7.544258124009876e-05,0.6294204030415015,0.4238311271811787,280656409.45144,0.03956153613530077,0.03401593773652037,0.026532279051710916,0.9498436381060059,0.021625015664887576,5.375195912595621e-11,0.040030696835663085
2025-08-04,0.044589604041269285,0.0019882005852964652,3.220326071269727e-08,0.9999676061466264,0.5038294340331867,558214507.21235,0.09387556579092926,0.0352687440064541,0.02682505003017446,1.0579353011962194,0.02142903392437008,5.990453252113475e-11,0.04100269461428852
2025-08-05,0.07240707076489154,0.002937764350420515,0.002305019546331496,0.12068870595276962,0.5600060522878879,1129029417.61555,-0.008118676024198173,0.037529423642404545,0.02772040239839608,1.3758838682058543,0.022747713424577275,5.90092199393787e-11,0.04360361482311082
2025-08-06,0.02826219011096704,0.00047096299621862307,0.00032778839364982007,0.1792480168233376,0.3456211983104121,519006536.07985,-0.008940194066264852,0.03775603975454319,0.027900264572976608,1.4481211717543407,0.022624366276612875,5.795843874543097e-11,0.043737925291687685
2025-08-07,0.01687033542986031,0.00028460821751600005,0,1.0,0.6220641518457357,557567772.38662,0.030499492027870438,0.03706207861247701,0.027616264055658847,1.3018650893997101,0.023047223799239836,5.685873256990667e-11,0.043352948814777394
2025-08-08,0.03836619502343608,0.0012269541878490605,0.0002450107327272709,0.6670970492539459,0.7981086742726156,554320189.8014001,0.007138252244247248,0.03662991320856818,0.027809201300920676,1.4326424371563187,0.02292763967861436,5.74064557315888e-11,0.04292312874122951
2025-08-09,0.03908923944415553,0.00031551136113191504,0.0012124572791906096,-0.5870185384625215,0.6843556286860895,456169806.35668,-0.029527282492600657,0.03330694864174507,0.028208061493818787,1.382360089834857,0.01591987964227966,5.3162716017496135e-11,0.036752233972135326
2025-08-10,0.04222143092031587,0.0008725239903179465,0.0009101252386410584,-0.021092903591061227,0.48605461220598173,523196626.50794005,0.02920394565363455,0.03309504307279763,0.02857307246503039,1.160028247883465,0.015761926480987263,5.4324634121555147e-11,0.03649506550052374
2025-08-11,0.047590550140122215,0.000672674908582696,0.0015921855540567901,-0.4059899762665684,0.40616388380057095,752067744.71977,-0.030370029410620822,0.033201885063958395,0.028702806585599226,1.2785409746072576,0.015856448706312587,5.551432111335089e-11,0.03663085345347216
2025-08-12,0.05477314442453058,0.0029995285635127378,5.687866377481054e-07,0.9996208212125385,0.5317531126087593,680609881.47487,0.08365826039165254,0.034591734119856346,0.02916347924070501,1.5140452288050916,0.01642451876729661,5.882869864052403e-11,0.03812488613100315
2025-08-13,0.015982640643019443,4.0722814986661525e-05,0.00021472198693723543,-0.6811615293796912,0.8405807646898457,600343972.70733,0.003290609435677802,0.033615933180749784,0.028940151623471275,1.3593867363892036,0.016908657693229055,5.4933325897933446e-11,0.03744755337904264
2025-08-14,0.051035574730155096,0,0.002604629888037245,-1.0,0.6076010953314802,701119291.61439,-0.07675019928048882,0.034548134232577375,0.029365916781993365,1.4083675537144305,0.01731848462915126,5.999560197341034e-11,0.03846064367821738
2025-08-15,0.03372202718194468,0.00018075688973878248,0.0009564182275210339,-0.6820948911116844,0.7358216384281955,398929742.94659,-0.017979508797894908,0.03296301001447318,0.029533117893513382,1.3496907447865014,0.01564091840939258,6.087478264569322e-11,0.03632559584755955
2025-08-16,0.024132203735783026,0.00034234280263132743,0.00024002045451401288,0.17570192978671728,0.31164875825455174,225353899.9248,0.015915013246512743,0.03348460679247702,0.029704190754504683,1.1936996395231476,0.015122196156046432,6.389745696012384e-11,0.036592487561443066
2025-08-17,0.023955305420157356,0.00036960332427616867,0.00020425333349685174,0.2881381413626788,0.6439613377588126,243277207.90745,-0.002565695593258834,0.033979827525913324,0.029917086380301952,0.9842557314336204,0.014598135634817842,6.285602504548708e-11,0.03684543877744922
2025-08-18,0.015270625213689343,0.0002142931465127282,1.8898847904236502e-05,0.8379116920245215,0.8922345543299515,362201909.25105,-0.025005498195938607,0.033181306672953714,0.02966889093865476,0.977266897521636,0.015157490819498248,5.930930124509274e-11,0.03632916441037692
2025-08-19,0.0230587604187398,0.0001007820930635416,0.0004309243389852997,-0.6209107620714883,0.584896248977338,398985037.57967,-0.044301147074531665,0.03328375221341958,0.02965432243209889,0.793764599224731,0.015077445770978217,6.383411861220223e-11,0.036391102267441
2025-08-20,0.02133895432342827,0.0003860189417388802,6.93320298784779e-05,0.6954787221284806,0.7137410837278755,331350296.17203003,0.02983467858172543,0.03290947455029906,0.029748719868760994,0.713260835087689,0.015280112731777306,6.551603258724286e-11,0.03613028061298172
2025-08-21,0.013710200423021245,2.000228057744802e-05,0.00016796731506196392,-0.7871753619578026,0.7614576040801092,210852899.56328,-0.011443557910884364,0.03241344670710378,0.029791146412204674,0.6579575512104415,0.015741579462420226,6.066204718621487e-11,0.03586961079849998
2025-08-22,0.05406050466086964,0.0026304705986364674,0.00029206756555144077,0.8001274582961019,0.6596589640350142,428978622.57246,0.06970758680792472,0.03420239959586943,0.030243646346237177,0.8524199335168746,0.015974757370740875,6.784082172147684e-11,0.03758783007298463
2025-08-23,0.014361366687759449,0.00017839909956532664,2.784975357496014e-05,0.7299402818398487,0.8061995093843667,196460608.38113,-0.01252010953703606,0.033094101335715206,0.030079865729930235,0.8419346172667066,0.01652262411088831,7.032234487945925e-11,0.03681326919014294
2025-08-24,0.029954209227680106,0.00018530960486561065,0.0007119450455900253,-0.5869408873578792,0.5000596937702128,392799654.47375,-0.027211427729791196,0.03355962537932361,0.029739300566717766,0.8795194177990119,0.01627640886586445,6.690876613250728e-11,0.03712889215062474
2025-08-25,0.0483502237798133,3.891009031763702e-06,0.0023338531305262603,-0.9966711420929927,0.7624532918590999,519522426.4103,-0.08021194104676142,0.03373870250973047,0.02994758230304634,1.0369398265312306,0.016423851013306956,6.625278512841708e-11,0.037352349725277394
2025-08-26,0.02763087232030849,0.0006801571046879208,8.330800049326916e-05,0.7817634363956999,0.6490500312009949,267223614.24726,0.03901267696128578,0.03160650258379795,0.03030714620230759,1.1179465302487654,0.01385902002532117,7.286239368939136e-11,0.034378730854450174
2025-08-27,0.016411274450311573,3.604639234487614e-05,0.00023328353673857333,-0.7323253864318401,0.5012332783135,292661630.7774,-0.011437815875424737,0.03104217326662388,0.03036224703870395,0.8749852474765449,0.014238102812901656,7.390317737475661e-11,0.034010095404321615
2025-08-28,0.02095882193986677,0.0003181125512503525,0.00012115966585668818,0.44836180783468804,0.6684291912791555,194861065.6328,0.01293541559152435,0.03123686310043371,0.030502453401748793,0.9136329672391994,0.014061487179106068,7.445945365649125e-11,0.03411819956815623
2025-08-29,0.026074865667320733,7.984930162894286e-06,0.0006719136894059272,-0.976511409398189,0.9563200580264506,226282873.7921,-0.033476678372576556,0.03065156170252345,0.030714110496202374,0.8880640649659362,0.014005593784877706,8.089108386770404e-11,0.03356090134170143
2025-08-30,0.006394674805901049,2.7814660800303448e-05,1.3077205072922175e-05,0.3604006667993787,0.6510085466128815,126690676.80538,0.008067849589971556,0.029094677672130382,0.030608123972135456,0.6259243330097619,0.014814576700024281,8.084121575715939e-11,0.03248878143500824
2025-08-31,0.015994873358348753,5.053959464130712e-06,0.00025078201428548405,-0.9604906269430504,0.5941941238783881,124892054.76807,-0.01776083847106218,0.02784579397870338,0.030645898612466235,0.5558826726521053,0.014758002842804993,8.495508316833522e-11,0.03134988877215559
2025-09-01,0.02488206586954346,0.0004990198017322085,0.00012009740020409104,0.612036623022315,0.8058969508893913,256346876.49998,-0.0012873564996322066,0.026764437584866293,0.030655104975648356,0.6172221276034718,0.014054083538131548,8.327126850781921e-11,0.030074022001161983
2025-09-02,0.021838073562539154,0.0004188803846540854,5.802107226878613e-05,0.7566747954885372,0.8684224120623377,243559332.82094002,0.027319391994588233,0.025196100877152416,0.03065690716710938,0.6247165541960829,0.012526917827186795,8.275939638296713e-11,0.02800526046896518
2025-09-03,0.009096603795909467,8.255159706117641e-05,1.9660355857810686e-07,0.9952481490327132,0.8284369208133028,149578862.52418,0.011129527691955505,0.024868194360623368,0.030297637083873192,0.5141063267660427,0.012865693501342205,8.604151756704313e-11,0.027858050295263562
2025-09-04,0.014831926742452128,0.00012214312739100366,9.784292350246295e-05,0.11046247609721693,0.5552312380486084,157129662.79798,-0.017326502932356453,0.023144211123113705,0.029829290427155836,0.568716640066186,0.011541450895450448,8.607964704727802e-11,0.025739395832420315
2025-09-05,0.021950606160324473,0.00034154388141849985,0.0001402852293871749,0.41769716174848154,0.5765849211678956,275940672.09018,0.009148045859760052,0.022583667264941314,0.02975002778783323,0.6055714561127792,0.011285029636467466,8.551216411727856e-11,0.025125874017230203
2025-09-06,0.00924212300038994,5.915101593022569e-05,2.6265821624111042e-05,0.38499662651634925,0.6924983132581746,119754161.27376,0.0007139670093557612,0.021874615801351166,0.029705950084147253,0.5046536779100654,0.011644910653461519,8.243309877721667e-11,0.024650465105370823
2025-09-07,0.011427998638556154,0.0001222919381211698,8.307214761671504e-06,0.8727830222739071,0.5053166986815355,139084622.43916,0.02441187540314649,0.021278077383179682,0.029695420818556327,0.4389687842763871,0.011852021776108035,9.028889693767437e-11,0.02421854516023287
2025-09-08,0.019045003883084024,2.765346044440703e-05,0.00033505871246227847,-0.8475184319136628,0.6986412680931224,305066379.95554,-0.019073309471892546,0.021457809700769905,0.0297565360889776,0.507358513396882,0.011784793510047563,8.997862923189451e-11,0.024345544915350906
2025-09-09,0.025529800993718932,0.00025358962753015265,0.00039818111124873944,-0.22184408583527754,0.5775929924281722,296662548.45985,-0.007213817630498966,0.021575478299578434,0.029936419344188787,0.5808903287532113,0.01181387842221091,8.584919919310366e-11,0.024462683932162773
2025-09-10,0.024332510127196668,0.0005905366244054148,1.5344246847136353e-06,0.9948167548909151,0.5969327601744184,336599662.20091003,0.0497771295015656,0.02171802857594836,0.02997064758795577,0.6006342580231927,0.011828932784058884,8.86036087167792e-11,0.02459539357368673
2025-09-11,0.029763255896671222,0.0001746842253638038,0.0007111671762069304,-0.60561280356036,0.7943692320684695,343141665.96496,-0.01568491551209599,0.02248245978897931,0.029983200260877467,0.7369207879942752,0.011804240616071793,8.819584820772215e-11,0.02526194473894797
2025-09-12,0.013455474262335057,0.00017384913343481114,7.2006541895500065e-06,0.9204566403083576,0.4973671796117205,278140944.81259,0.018911272530522657,0.020548886912858614,0.029663995065754404,0.752516553092585,0.009467319300617366,8.369561220795687e-11,0.022530396943751703
2025-09-13,0.02106371344388141,0.0002822057719586739,0.00016147425208727656,0.2721139409668207,0.544597326434827,348407928.77514,0.010120690248963782,0.020868046282197756,0.02942760850884339,0.7677260892000299,0.009360670963809431,8.204418587023083e-11,0.022779926090236092
2025-09-14,0.01373303809154686,2.2759619812850123e-05,0.00016583671541102688,-0.7586419716392382,0.6346446811521107,251968915.71774,-0.03544501881710669,0.020095609561429504,0.02922372422575783,0.6921726760176313,0.00924192451392967,8.544402390615018e-11,0.022026788204773835
2025-09-15,0.01370776412635119,1.797746883911163e-05,0.000169925328504569,-0.8086513974964383,0.41529505330394445,270328846.12299,-0.011894490416632705,0.018445968625550358,0.02915113838057831,0.6265812025822766,0.006684299138774182,8.018709757652597e-11,0.01956542872951323
2025-09-16,0.021265187434660836,0.0004347191754435722,1.7489021187684916e-05,0.922650578569915,0.8751328225772289,225371775.11679,0.011372705901794067,0.01814284077385285,0.02909292233335178,0.5771291203068791,0.006384563500976541,7.563801921078325e-11,0.019182915415016166
2025-09-17,0.022854368685058534,0.0004294582010679583,9.286396692462585e-05,0.6444188180581135,0.604438670997087,252672722.02345002,0.017246266896966875,0.018449654785031275,0.029082622602066115,0.6759037050373238,0.006451652360824787,7.702722441518041e-11,0.01949439645876549
2025-09-18,0.026199594328379466,0.0002806117115357434,0.00040580703143590997,-0.18238913372057597,0.5818241744651853,306745087.78596,0.0099528702164735,0.018699215374960453,0.028999385695957055,0.7223745521060557,0.006651819738103273,7.541122217923243e-11,0.019793947950713563
2025-09-19,0.021451176001482695,1.1400022779907813e-05,0.00044875292906667935,-0.9504511587542374,0.5064744719772223,237768579.14153,-0.03619524794122364,0.018479039676587213,0.028586838195892948,0.7910456352051823,0.006469502154408419,7.561537317225312e-11,0.019527833880392705
2025-09-20,0.016606625627566558,0.00010196104635712807,0.00017381896837702238,-0.260562470740183,0.4049887799922116,114010014.82951,-0.000877963181944738,0.018965323049047474,0.027122316454307644,0.8173731112387803,0.005871955895083178,7.294962443801678e-11,0.019812153997129427
2025-09-21,0.0161147804758947,0.00010402662272660583,0.00015565952705967118,-0.19882810221322736,0.4659194852421679,134358958.36587,0.0006146551539171317,0.01897103291178776,0.02663728998776292,0.7886201783215206,0.005868980565733896,6.639558679695337e-11,0.01981678045803614
2025-09-22,0.05537453875451228,7.640902038096582e-05,0.0029899305218940167,-0.9501627139933261,0.9635756352760833,383013016.06914,-0.07574338390528264,0.020423055430119606,0.026796459359648098,1.0215116942944311,0.00983589809667691,7.557343213550473e-11,0.02256632856450043
2025-09-23,0.00803866029852929,1.3541625877709298e-05,5.10784335174417e-05,-0.5808847591766391,0.7904423795883195,201554904.52178,0.0037803655266233434,0.019765940512785803,0.02651792516993152,0.9188268459320529,0.010191175088080609,7.112527555127375e-11,0.02212705894102666
2025-09-24,0.01400528431981504,0.00010972871916671304,8.6419269712144e-05,0.11883603593287509,0.5166130325187627,233886120.02533,-0.005011593865942626,0.019999687204400356,0.026161271581924505,0.8601809076370031,0.009988503440158511,6.860250146713013e-11,0.02224874664552518
2025-09-25,0.02260002876897424,0.00010794594607274866,0.00040281535428571475,-0.577313527876956,0.558513273217645,286545187.45894,-0.0313909849247946,0.02036959682471093,0.02602064739346734,0.901681195830965,0.009931229913435641,6.856826510604065e-11,0.022557773998058455
2025-09-26,0.020097669531399416,0.00027409699892604305,0.0001298193216672974,0.3571969487313765,0.515172140604085,165829538.85044998,0.022059718064732257,0.020281361747143074,0.02527601300885252,0.9398670852542962,0.009924710101047654,7.332418174247831e-11,0.022475387313241748
2025-09-27,0.009918490760937815,8.599490766532234e-05,1.2381551309486435e-05,0.7482822325886528,0.8242379277493713,84932958.66018,-0.0008615326240060537,0.02031356973574059,0.02522426410985626,0.5884055593105488,0.00988812401398907,7.352331219142064e-11,0.022489112025817614
2025-09-28,0.020862079164249814,0.0003814933460391364,5.373300101628976e-05,0.7530802012340173,0.3132485193096903,109282335.15032999,0.02272394692921792,0.020762811665535525,0.02534023885820951,0.6932642485016747,0.00967628346693447,7.506711321992821e-11,0.02280934493963243
2025-09-29,0.009348795464313393,5.242268810591247e-05,3.497728852765421e-05,0.19960416753198773,0.4302762355764991,160059016.17288,-0.0009365927443106338,0.020301087455117876,0.024980067942947166,0.662832457701108,0.009988646461702146,7.236852810626567e-11,0.022520126820040363
2025-09-30,0.024591356959175102,0.0004867867674926603,0.00011794806960090934,0.609918058738662,0.8047271131220932,154485324.65592,0.001030203790482467,0.020256399643949125,0.025038543385649044,0.6751219403687269,0.009966158218883496,7.152814917140155e-11,0.022470342835580928
2025-10-01,0.04985317437510886,0.002485338995275011,0,1.0,0.6727414406470044,329437977.33766,0.07421494547735141,0.02147166937004018,0.025366390832095864,0.9046333007319209,0.011863444061573213,7.521363260238138e-11,0.02439409608150172
2025-10-02,0.01371899407154215,0.00010774678139077711,8.046401694423157e-05,0.14495855013580655,0.4275207249320967,627106236.09944,0.03786263993641788,0.02070765690217689,0.025201187799419992,0.9386298166554342,0.011819309732646837,7.591206202958547e-11,0.023703395168774333
2025-10-03,0.03527844121006317,0.0009425485214737004,0.000302019892738183,0.5146592356203487,0.38566265540791594,442018908.26011,0.008499342890535196,0.02174684580444966,0.0254993774377259,1.0594603693005196,0.012105695081992158,7.359000352006252e-11,0.024748629995421764
2025-10-04,0.019246331857674943,0.00026840980955078383,0.00010201148042496955,0.44921372941794513,0.5391858795328995,198724972.21726,-0.0008300133278635928,0.021660303824154112,0.025207483814022356,1.1801389432627403,0.012117313416632249,7.240563690996747e-11,0.024678050480216016
2025-10-05,0.020450072979755107,4.0908550497839315e-06,0.000414114629827526,-0.9804361482681936,0.6660017103545534,312687962.18355,-0.013795628684674464,0.021980162628354505,0.025211799189702542,1.1520906726694506,0.011985533577384381,6.780788863938199e-11,0.02489859322401982
2025-10-06,0.01652794583735453,2.6011524244400724e-05,0.00024716146935812433,-0.8095600600823062,0.6368318594728241,296135258.76528,-0.004472015215671786,0.02211445699554514,0.024766376043608658,0.8751816671470704,0.011903729791821643,6.643175437921798e-11,0.02498000060190834
2025-10-07,0.020203532027854666,7.853011059782911e-05,0.00032965259580272025,-0.615220785366798,0.7727388939393689,302701017.26338,-0.011909966387175433,0.022063901976173417,0.023937748444608074,0.9409625447081984,0.011909769860432828,6.590240505639667e-11,0.02493800268978238
2025-10-08,0.020294063837677415,0.000378120103599591,3.372892344813522e-05,0.8362073418508934,0.9150669828284523,252367852.42196,0.01444375152654751,0.021941982697726698,0.02381127024979395,0.825634057048551,0.011914377242366691,6.537752755069491e-11,0.024832304613070334
2025-10-09,0.05936200397623562,0.003402881192378808,0.00012096632369580477,0.9313441781212174,0.8997532745693987,512468990.24346,0.05976080239033022,0.023521145061910324,0.024485741179101496,1.1539973093175508,0.014437467935780088,6.93854697095114e-11,0.02741822401721818
2025-10-10,0.275172242604409,0.0008929804284576947,0.07482678267148202,-0.976413544049812,0.9607776347919912,2044744772.40675,-0.26259476071102544,0.03560310061443062,0.02824456733118043,2.8468336226453235,0.05675709342493325,6.8251913973937e-11,0.06584489325446102
2025-10-11,0.03942912939318754,0,0.0015546562447047254,-1.0,0.3719437537026731,626121434.14723,-0.03693796055881503,0.03668988650803162,0.028249962409736495,3.0416130768799636,0.056593428213915525,7.06944914872014e-11,0.06630572249651762
2025-10-12,0.045295804178650395,0.001704480955705248,0.0003472289204853948,0.6615223969871551,0.35152222775335423,439142795.65015,0.058402398679717284,0.0380794590653057,0.028298761985265614,3.168949251335528,0.05642096242579591,7.680959119243726e-11,0.06694612235930708
2025-10-13,0.03589427167405736,0.0008292466981069923,0.00045915204090404426,0.2872516450047362,0.43768633891664793,473196948.70282,0.005245119953147911,0.03715182729956975,0.028113106771518553,3.311542845304948,0.05628236169928883,6.792043640102732e-11,0.06631077929848843
2025-10-14,0.05971081315215486,0.001282643062551222,0.0022827381447403277,-0.2805015856772382,0.6183064167066276,484053763.40554,-0.021556503236717366,0.03961240600688526,0.028191482465607823,3.262670323015141,0.056075071430977855,6.914792565758577e-11,0.06755606829128996
2025-10-15,0.030859832369882354,0.00021856658376249663,0.0007337626701347422,-0.5409852572142427,0.6314570710891092,276532409.55546,-0.01920042378869437,0.04041500353307894,0.028427628366034224,1.5066597496464258,0.05581022673551417,7.143389326282217e-11,0.06782205389580129
2025-10-16,0.0507604025088288,0.0003440048998054769,0.002232613563052836,-0.7329795584683789,0.7922609302664066,327264333.04692,-0.03954351490759824,0.04175597371116725,0.028423260552997296,1.5625972442715912,0.0556989766055548,7.197106691527932e-11,0.06854345443031162
2025-10-17,0.08706268067660838,0.0015218481651021619,0.0060580622014949174,-0.5984522002242674,0.7959501358079905,432373198.82757,-0.018151315130183955,0.04494478376570101,0.029269937592595132,1.781068533586237,0.05631056595053454,6.763555250190557e-11,0.07099238795413815
2025-10-18,0.012825653707064854,0.0001402668625555058,2.4230530458040635e-05,0.7053992161924992,0.5126822701868318,132732554.75775,0.01695142406721586,0.045083220096468965,0.02909046854452024,1.635002455027531,0.05622365676940928,7.323400239952632e-11,0.0710145602206862
2025-10-19,0.020704828619454007,0.00033732810683434516,9.136182132661663e-05,0.5737626880176543,0.6453421293889439,164638599.09014,0.01784892428017596,0.04507573197528821,0.029038873674667808,1.371108167503065,0.05622705431370378,6.849470649679743e-11,0.07101236867824416
2025-10-20,0.016441237867580234,5.800467355195665e-05,0.0002123096290663976,-0.5708353350887905,0.6563003459469926,181841124.14662,0.007369859792791442,0.04541346732782473,0.02905745482790417,1.2713809398153855,0.05602265507262826,7.014601928156616e-11,0.07107367101321099
2025-10-21,0.05263311076219561,0.0012801690123615574,0.0014900753361439941,-0.0757717722249569,0.5357696698132883,303879892.49101996,-0.016525754348591683,0.046748788937492375,0.029526888960339975,1.2850941548319712,0.05583541700346774,7.241810980219679e-11,0.07179544701328613
2025-10-22,0.02605395590530418,0.00014913223940191586,0.0005296763789136187,-0.560605934049606,0.650445754009634,307455470.04838,-0.006404363816689584,0.04561549281988263,0.02960173025529039,0.8660115646690878,0.0560105093631604,6.268252751308837e-11,0.07119382666911427
2025-10-23,0.011542978647689568,0.00012985953252472575,3.3808235362915277e-06,0.9492522590566588,0.4817264634827772,154592200.61276,0.022930118165281267,0.04551187303779441,0.029567329909650202,0.8663245598085817,0.056074444845125734,6.68706100021944e-11,0.07117544039683633
2025-10-24,0.019682247966730033,0.0002968477320243816,9.054315299946701e-05,0.5325488724707966,0.4944218916366055,180310374.68003,0.0255306192215263,0.04476919716906426,0.029021643295457512,0.8735636104174986,0.05631950407352413,7.269747499120053e-11,0.07088811845509245
2025-10-25,0.010387025325268535,9.662453787131766e-05,1.1265757236452243e-05,0.7911627320103433,0.7192029597667207,80740199.52001,0.005276511129958736,0.04434732542942586,0.028958558511925907,0.840052700460277,0.05655294438740045,7.561057161314344e-11,0.07079988603209135
2025-10-26,0.018614607467762348,0.0003465036111788738,0,1.0,0.4399238860965288,146723768.84781,0.030887348199950364,0.04425992230980716,0.028778564833197056,0.6017292551731744,0.056593128580830245,8.353410119189429e-11,0.07077576906836903
2025-10-27,0.0385389603899098,0.0007475099396676439,0.000737741528267393,0.006576941084483141,0.503230210616738,319826084.12775,-0.0062224207191445,0.04530806585992883,0.02862283049367478,0.6818342937677879,0.05625666193199391,8.37414526073074e-11,0.07118235392150478
2025-10-28,0.04352350115050033,0.0005673393112878631,0.0013269558411097403,-0.4010022033052415,0.5112633765638821,550865263.53056,-0.028075959781868796,0.04641854058005482,0.028875094443360363,0.8936427803366791,0.05596574445618704,8.429485137951305e-11,0.07167771459205127
2025-10-29,0.024056269376487412,0.0005627501994864308,1.5953896827695303e-05,0.9448633699698736,0.920412155374593,318859207.35779,0.019481801430802366,0.04659769322476005,0.028996443569172678,0.9143409789319301,0.05588389747053766,8.447892349555424e-11,0.07173311821347539
2025-10-30,0.06244798378122738,0.0008747999549487055,0.003024950723391732,-0.5513559572885404,0.5963927914214313,326406584.58505,-0.05371188229854281,0.04674464464404538,0.02965500169363872,1.2342977309515637,0.0559231841558594,8.676185890941563e-11,0.0718577789749483
2025-10-31,0.01443220611252869,0.0001485089554850943,5.97796177894162e-05,0.4259923446627997,0.29390285570817154,166190913.55706,0.021200709255009963,0.03432845243014632,0.029470197573721386,1.2136878097612946,0.0202182816846197,8.672110547586953e-11,0.03959489737254979
