date,flow_imbalance_1d,quote_flow_imbalance_1d,quote_volume_1d,ret_1d,rv_1d,flow_imbalance_21d,flow_imbalance_63d,flow_z_21d,flow_acceleration,flow_return_product,flow_abs_vol_interaction
2020-07-10,-0.05525903416853606,-0.054994357051632914,1295681629.8825,0.0068447912243083725,0.01335713244639746,-0.05525903416853606,-0.05525903416853606,0.0,0.0,-0.00037823655214055214,-0.0007381022382491389
2020-07-11,-0.06888389766711123,-0.0688010270291306,692340842.13135,-0.003568650506955196,0.008892696830176862,-0.06207146591782364,-0.06207146591782364,-0.7071067811131522,0.0,0.0002458225563307863,-0.0007663274814991204
2020-07-12,-0.015126279195420422,-0.014849530455597115,1182491576.57045,0.003227544490866433,0.009560838209336349,-0.046423070343689234,-0.046423070343689234,1.11986853933496,0.0,-4.882073908448673e-05,-0.00016039234592818915
2020-07-13,-0.07156717997919715,-0.07131945943333151,1262652034.01365,-0.003421185173237447,0.007750428852479203,-0.052709097752566214,-0.052709097752566214,-0.7238450458456115,0.0,0.00024484457503524514,-0.0007078190254559764
2020-07-14,-0.04399713014862927,-0.043710772439173096,1194751477.53481,0.0038478242442610156,0.00901663379993359,-0.05096670423177883,-0.05096670423177883,0.30439896796399435,0.0,-0.00016929322406380296,-0.0004274561430441616
2020-07-15,-0.08657814270582165,-0.08641474840520202,959516024.21559,-0.004037590507952958,0.003494914351020089,-0.05690194397745263,-0.05690194397745263,-1.1816244181700382,0.0,0.0003495670871852221,-0.0007513921409446506
2020-07-16,-0.08354084642761506,-0.08337715125394929,1350809171.27347,-0.0076893709416661175,0.010586426042116164,-0.06070750147033298,-0.06070750147033298,-0.9118750019815384,0.0,0.0006423765569626949,-0.0007477988269379681
2020-07-17,-0.0347522572854182,-0.03458967643028732,739789769.33429,0.0037045310062981825,0.003972612143504101,-0.05746309594721863,-0.05746309594721863,0.9108860085830837,0.0,-0.00012874081465268363,-0.0002894501724600856
2020-07-18,0.037260003369095296,0.03732388260755792,579542001.39296,0.004449580304715687,0.003686815967224754,-0.04693830713429486,-0.04693830713429486,2.1449625012528033,0.0,0.00016579137714476657,0.0002911186107019632
2020-07-19,0.020489783948104634,0.020961977320023806,692144095.42895,0.005873568914826927,0.007410033030655207,-0.04019549802605491,-0.04019549802605491,1.420799252549875,0.0,0.00012034815806910713,0.00015926408205799768
2020-07-20,-0.0971400388826732,-0.09710464726998402,664469650.80326,-0.003633770460029275,0.0046783700232934855,-0.045372274467565664,-0.045372274467565664,-1.1763340621537044,0.0,0.000352984603777953,-0.0007277281486330365
2020-07-21,0.039882435569216446,0.03952780038447856,1671206199.52861,0.022226416134362856,0.015245156516324226,-0.03826771529783382,-0.03826771529783382,1.6065478287093986,0.0,0.0008864436094133195,0.00032455015998832245
2020-07-22,0.03226851051204216,0.033219852173422826,1189260919.42176,0.01690247937492409,0.017633975337275766,-0.032841851773997205,-0.032841851773997205,1.2889121550773914,0.0,0.0005454178333893138,0.00028616219888394936
2020-07-23,-0.024362030174151617,-0.02390806038264337,1593882469.43966,0.011602373944427527,0.007743643274561541,-0.032236150231151096,-0.032236150231151096,0.1620627936702318,0.0,-0.00028265738412593393,-0.00021408947850783493
2020-07-24,-0.04508967295317967,-0.044860575089008536,1279232338.52369,-0.002539828811989423,0.008152250339764673,-0.033093051745953,-0.033093051745953,-0.25559022107796603,0.0,0.00011452005048966594,-0.00039433001287969723
2020-07-25,-0.009499219542797421,-0.009216028094393813,1284993355.34513,0.012097841665803669,0.008959670982352676,-0.031618437233255775,-0.031618437233255775,0.4837190382834743,0.0,-0.00011492005397747112,-8.320223799195619e-05
2020-07-26,0.014442074552208028,0.01456518718317179,2598998008.67622,0.026343774952442278,0.028894218074156156,-0.02890899536352261,-0.02890899536352261,0.9493703456756996,0.0,0.0003804587618497619,0.0001436016388147553
2020-07-27,0.02107076929191498,0.02080689284814241,7891956950.28577,0.07228160401467679,0.0540971514539605,-0.026132341771553855,-0.026132341771553855,1.0297548023258336,0.0,0.0015230290022428103,0.00026119907129391136
2020-07-28,-0.02437580322337285,-0.024021457264318813,5481417615.66494,-0.006849238705821057,0.025552792016907508,-0.02603989237428117,-0.02603989237428117,0.03735371626442318,0.0,0.000166955694923003,-0.00031904816540492294
2020-07-29,-0.007156713740330556,-0.006938068692318056,3965422424.83448,0.011137074926299794,0.014263914224181723,-0.02509573344258364,-0.02509573344258364,0.4117628082758883,0.0,-7.970485715214066e-05,-9.409277721636857e-05
2020-07-30,-0.03557957533150513,-0.03541328190070603,2540930684.6047,0.010274925733362077,0.013083374158409745,-0.02559496400872276,-0.02559496400872276,-0.23479474979598844,0.0,-0.0003655774941557766,-0.00046767326799690434
2020-07-31,0.013191621823507749,0.013494092479896302,3455848822.1417,0.03180329891574652,0.019572339711166613,-0.02233540896148258,-0.02383193737998501,0.8308447216490947,0.001496528418502431,0.0004195370920365021,0.00017730058308449114
2020-08-01,-0.029252600731592637,-0.029120457608360795,4493961579.32069,0.03773769038253586,0.02851964369794722,-0.0204482043455055,-0.024067618395272296,-0.2123704242455278,0.003619414049766796,-0.0011039255892927849,-0.00042050641718655344
2020-08-02,-0.0548625185789372,-0.05395653439138359,5584559651.07942,-0.08198865459346227,0.0648356110128881,-0.022340406220911064,-0.025350739236258333,-0.7724149574394349,0.003010333015347269,0.004498104085895889,-0.0009330546256885634
2020-08-03,-0.04810741311069111,-0.04792476563232373,2689651526.95353,0.007179850829475111,0.021792891889945026,-0.021223274465267918,-0.026261006191235645,-0.6552220785989944,0.005037731725967727,-0.0003454040499266974,-0.0008503384743199987
2020-08-04,-0.08770323571403205,-0.08753694128944356,2245992628.82789,-0.006277548214543838,0.017680516872236787,-0.023304517587429956,-0.028624168865189353,-1.4876187541267543,0.005319651277759397,0.0005505612907663393,-0.0015864108794591877
2020-08-05,-0.030639492478333197,-0.03059265407592726,3037923802.72495,0.04380186067409438,0.02569449912224049,-0.020640772338501933,-0.028698810480490975,-0.2447413051237929,0.008058038141989042,-0.0013420667806609136,-0.00058660899544858
2020-08-06,-0.06852529287297482,-0.06840969085849002,2782205258.01308,0.009857646270502365,0.01647180431924991,-0.01992574597875716,-0.030121184851651113,-1.2205866313145566,0.010195438872893953,-0.0006754980977243625,-0.001331156951076501
2020-08-07,-0.07328142695624429,-0.0731500132905939,3191651680.81522,-0.020222627678332297,0.019265686413828115,-0.021760468344034594,-0.031609469062154325,-1.244753341415494,0.00984900071811973,0.0014819430130730321,-0.0014769151296804286
2020-08-08,-0.05240885751851043,-0.052255955054185566,1808155550.968,0.018936909794896623,0.017694542499161758,-0.026030414100587245,-0.032302782010699534,-0.6664061338528225,0.0062723679101122885,-0.0009924618072816218,-0.0010912075301102735
2020-08-09,-0.06006651514154371,-0.060016372270127794,1462717950.80531,-0.004594090072631967,0.012613237305980315,-0.029866428342951452,-0.0331983863052429,-0.7794796965009074,0.0033319579622914444,0.0002759509809093637,-0.0012655307936090224
2020-08-10,-0.04345401246356584,-0.043260533359743336,3447830045.74761,-0.012108569824195465,0.026800956069276908,-0.027309950894422532,-0.03351887462269049,-0.45173955346775296,0.0062089237282679545,0.0005261659440565469,-0.0009613018211001364
2020-08-11,-0.07082051889802887,-0.07096735426761092,3881574730.95979,-0.03903116662033998,0.02513042525767882,-0.03258152015476755,-0.03464922747951892,-1.1441877416458355,0.0020677073247513736,0.0027642074732479012,-0.0016000484692014455
2020-08-12,-0.0425349890098663,-0.0423470415851388,2446503849.80986,0.01584973329595331,0.011831042878475136,-0.03614359156057271,-0.034881161642176195,-0.21325221314055717,-0.001262429918396514,-0.000674168231552686,-0.0009492395999422538
2020-08-13,-0.04140056960762506,-0.041093463561919674,2865188930.5497,0.018699622598027675,0.024859032536383555,-0.036954950581214306,-0.03506743044118902,-0.14884904355119394,-0.0018875201400252867,-0.0007741750270059633,-0.000957665360495646
2020-08-14,-0.048133045990786716,-0.04799788684547346,1869288349.44223,0.0028354497634521018,0.008757163009067913,-0.03709987310681464,-0.03543036420645562,-0.3688122602770486,-0.0016695089003590166,-0.00013647883386880532,-0.001114785442624883
2020-08-15,-0.04766838214047753,-0.04751815645501878,2639621485.1746798,-0.003529463457903819,0.004373592451828193,-0.03891745227813274,-0.03576112144791568,-0.29858511813695593,-0.0031563308302170606,0.00016824381286221048,-0.0010936135502724257
2020-08-16,-0.07480689460897338,-0.07453917663343301,1962706567.3909101,-0.0017575013648665348,0.01654761435086837,-0.04316740319056995,-0.0367886417942593,-1.1461524372512029,-0.006378761396310648,0.00013147321937669775,-0.0016722469699004601
2020-08-17,-0.025769309559453002,-0.02529313499539476,4026216925.4314,0.03658468478768836,0.04492414902289194,-0.04539788313587319,-0.03650609481387965,0.8253293885179911,-0.00889178832199354,-0.0009427620674289524,-0.000564795564438431
2020-08-18,-0.08918373086863851,-0.08926135283422909,3529402332.9399,-0.029456220711958976,0.02193026609812983,-0.04848397492850488,-0.03782303571524862,-1.6223142796993097,-0.010660939213256261,0.002627015660382565,-0.0019392887735825092
2020-08-19,-0.050476228484228836,-0.050353815182608064,3688115093.97591,-0.007745429020365318,0.01463306960935957,-0.050546808963928616,-0.03813165017302863,0.003038104104823274,-0.012415158790899987,0.0003909600449403365,-0.0010984864184955215
2020-08-20,-0.05799906435315927,-0.057900673214578036,1544542409.29488,0.012738150024276081,0.010246264672869964,-0.051614403679245476,-0.03860468384398411,-0.27730749525675,-0.013009719835261363,-0.0007388007829981858,-0.0012543660611281393
2020-08-21,-0.0955838711625735,-0.09539327413696386,2282701561.5820303,-0.028364460783135467,0.016509813084481594,-0.056794189059535066,-0.0399297812234862,-1.9677359988336396,-0.016864407836048867,0.0027111849650910892,-0.0020532863947937546
2020-08-22,-0.08061706091388465,-0.08027679029743495,1462044717.32797,0.016589484143318237,0.011527303354079263,-0.05924011573488229,-0.04085449212554071,-1.1072062523787796,-0.01838562360934158,-0.00133739545371181,-0.0016665446052698785
2020-08-23,-0.05635786900876838,-0.05619281566702505,1111234523.15725,0.004162590131693431,0.013685912136717923,-0.059311322898207584,-0.04119901161183465,0.15308499213234655,-0.01811231128637293,-0.0002345947093791703,-0.001027779088670492
2020-08-24,-0.05458650110485619,-0.05445889877434773,1277174863.89318,0.0056047458874995465,0.007614596977091551,-0.05961985089792974,-0.04149004399211773,0.26275448238039556,-0.018129806905812007,-0.0003059434675804322,-0.0009586208080695534
2020-08-25,-0.0910317355371395,-0.09127395665076421,3057706453.16736,-0.030252391286886792,0.021329231373794996,-0.05977835088950628,-0.04254412253562883,-1.609991905299982,-0.017234228353877452,0.002753927682993942,-0.001614470381968313
2020-08-26,-0.028991205802595732,-0.028575880800498665,1941776559.57683,0.008339946252094277,0.009355345679804247,-0.0596998610478045,-0.04226177010369064,1.5716783194211654,-0.01743809094411386,-0.00024178509817705213,-0.0004916094667146626
2020-08-27,-0.038566269772540296,-0.038110130114418994,2880004202.0353403,-0.004684863408924265,0.013337111858505286,-0.05827324090016476,-0.042186351729585535,0.9877425358796423,-0.016086889170579224,0.00018067770607607596,-0.0006482188443247393
2020-08-28,0.0009642515304979504,0.0010999900041159805,1481017951.74894,0.012474627959431755,0.010077455753663202,-0.05473773240079608,-0.04132333966438386,2.37702061036478,-0.01341439273641222,1.2028679102274593e-05,1.5785170672763742e-05
2020-08-29,-0.06164246412083496,-0.06145270668550595,962840624.05221,-0.003251975925453036,0.012758449775577082,-0.05517742795328773,-0.04172175386941232,-0.27540982508359396,-0.013455674083875407,0.00020045980930655783,-0.0009946218036974356
2020-08-30,0.003360070471568166,0.0033914696675494405,1316261373.04529,0.008382209769440468,0.0065697282125808925,-0.05215711435266336,-0.04085479570900885,2.0811816579286133,-0.01130231864365451,2.816481553278712e-05,5.324888066771358e-05
2020-08-31,-0.05373646746822003,-0.05356859510112888,1487504145.43018,-0.001987197416845658,0.010936656317108712,-0.052646755067170696,-0.04109784611956,-0.04096304044094862,-0.011548908947610695,0.00010678496934325757,-0.0008109964590297616
2020-09-01,-0.013059699483034981,-0.013026475674980054,2514017351.0921803,0.019589325520084064,0.02554497236210158,-0.04989623985693289,-0.040578621181846575,1.3348124061105109,-0.009317618675086313,-0.00025583070436764583,-0.00019735617082386692
2020-09-02,-0.08847904221376235,-0.08866289590461918,3230818459.5786,-0.03848488872837357,0.030307267162842842,-0.05208405191426128,-0.04144953792788141,-1.2646000667355088,-0.010634513986379865,0.003405106094389712,-0.0014149273323715483
2020-09-03,-0.07799463629011394,-0.07820012770784157,5277899021.36762,-0.11316230428887632,0.07395888146463439,-0.05382662651818932,-0.042102128970064136,-0.8275201778850237,-0.011724497548125185,0.008826052764762109,-0.0014296225363613759
2020-09-04,-0.02373449656879667,-0.02351401484044402,4473051196.63027,0.01720399670919333,0.021579134473313864,-0.05266479083142788,-0.04177988980512961,0.9669301246385205,-0.010884901026298271,-0.00040832820086393834,-0.000449539068769745
2020-09-05,-0.08208307105203261,-0.08150954060099291,4069493999.69946,-0.023444799943400756,0.04137675906009984,-0.05430358554150194,-0.042474772240421045,-0.9087807556644653,-0.011828813301080897,0.0019244211795548542,-0.001699314939432609
2020-09-06,-0.09254882035399059,-0.09214988387392764,1939661678.03638,0.00890174222874316,0.013915602141148354,-0.055148439148407516,-0.04332348492031206,-1.191215532046573,-0.011824954228095458,-0.0008238457423654826,-0.0019043813539018407
2020-09-07,-0.06336525196295162,-0.06307400254559625,2616187381.74451,0.017024731095912,0.027745490154773553,-0.05693872212000269,-0.043657514371022714,-0.20931943288290952,-0.013281207748979978,-0.0010787763754939613,-0.001252034954125774
2020-09-08,-0.053709588692055,-0.05387866799109309,3206824298.7522,-0.01737019292581115,0.0349100043246164,-0.0552494772544511,-0.0438223024746462,0.05167084677105131,-0.0114271747798049,0.0009329459175469603,-0.0010944455317268855
2020-09-09,-0.046141521792407825,-0.045758774902702415,1540063640.01559,0.01887199774073513,0.017865883214518978,-0.05504306265007867,-0.0438597092378359,0.298193415788712,-0.011183353412242768,-0.0008707826950204013,-0.0009473334813347196
2020-09-10,-0.06981003615893278,-0.06949581845495267,1940858757.01846,-0.0035203363335542873,0.02168860730329562,-0.055605489878925024,-0.04427161918896442,-0.4731563526655792,-0.011333870689960605,0.0002457548067370296,-0.0014713103589281693
2020-09-11,-0.054191913277154,-0.053905648044822785,1399304758.52121,0.01612009184691354,0.00942720574156478,-0.05363444426533361,-0.04425468076211708,-0.01949910855051932,-0.00937976350321653,-0.0008735786193876958,-0.001123866990268158
2020-09-12,-0.015407819334188777,-0.014978020831792782,1010752220.53406,0.00922883435321041,0.00982768051090228,-0.05052924228534811,-0.04340585412191196,1.2090054626423048,-0.007123388163436148,-0.00014219621237942094,-0.00031829031196165404
2020-09-13,-0.001770907660779586,-0.0012463517746956754,1649859123.3059301,-0.021624120940860112,0.021503558723535685,-0.04792986317353912,-0.04319386409755259,1.4944755832370473,-0.004735999075986527,3.8294321431793443e-05,-3.72421562792292e-05
2020-09-14,0.11730272978931988,0.11765674309177943,2162656994.62463,0.030389315531549433,0.022798992315836757,-0.03974466170238787,-0.040195929021861844,3.31343031879189,0.0004512673194739733,0.003564749668279725,0.002551691967073249
2020-09-15,0.06064975369384529,0.06092172444542143,2669470467.2361298,0.0027122761683191963,0.007995442974031727,-0.03252173364376955,-0.0385348673735686,1.8399720177752692,0.006013133729799051,0.0001644988815582457,0.00128080793755944
2020-09-16,0.0766182494701193,0.07689100843031293,2756781832.2319403,0.01616551736657365,0.016315671777289036,-0.02749271196411645,-0.035944448450140956,1.8601480628618239,0.008451736486024507,0.001238573642405686,0.0016434269934333817
2020-09-17,0.029546482988994427,0.029702149205161454,2027994176.27302,0.006257115374048873,0.008377046156502302,-0.02424924754690051,-0.034149411475274144,0.9395942104706064,0.009900163928373635,0.00018487575295951053,0.0006267800817784927
2020-09-18,0.031205472747368734,0.03139045220207781,1484796957.63111,0.0007690836107414343,0.010644929693049034,-0.022809189393716185,-0.03310246337951562,0.9266377749118211,0.010293273985799434,2.399961765543977e-05,0.0006628160752491162
2020-09-19,0.0568366892472858,0.05695919565734786,1391945357.58867,0.009442347914504632,0.02350811852927832,-0.0171673249476152,-0.032791722333830056,1.2323406875301988,0.015624397386214857,0.0005366717941814569,0.0012363269092248725
2020-09-20,0.0066380609465586105,0.006737985727216955,1639131152.37363,-0.0024031323651006534,0.012278846085438952,-0.017011230163091844,-0.033011590952902216,0.3934214951340855,0.01600036078981037,-1.5952139102185675e-05,0.0001461975237104794
2020-09-21,-0.010854003867830864,-0.011153111516044367,3533611850.8010197,-0.05057482281839469,0.03422536362530886,-0.014969208086882835,-0.031641971349492024,0.06913123768167366,0.016672763262609188,0.0005489393224857166,-0.0002510869418034116
2020-09-22,0.03944081680711342,0.03960112235336033,1881975168.57792,0.007211888382902185,0.011340835057351657,-0.012469183501637674,-0.03164898117111271,0.8551544935045151,0.019179797669475033,0.00028444276854339455,0.0008857117561545002
2020-09-23,0.008265991813071416,0.008535734715604315,2106120078.85104,-0.022436584770587513,0.017293455199986926,-0.007862277119407493,-0.032029973531413826,0.27679587643620523,0.024167696412006334,-0.0001854606260269592,0.00018050466338754995
2020-09-24,0.13146359414747422,0.1318774610773492,2535999234.25082,0.04053679608030199,0.019320379777146478,0.0021119243300014657,-0.029556550923134053,2.0413221451479284,0.03166847525313552,0.005329112907939744,0.0025287273169245102
2020-09-25,0.034302676440830515,0.034480999197113116,1820637897.43936,0.002064185349557871,0.009455378510959846,0.004875599235221808,-0.028296354901006904,0.46379434066451475,0.03317195413622871,7.080708215978629e-05,0.0006400148464478123
2020-09-26,0.0793289742955332,0.07951277000996226,1171569532.33158,0.0023801201295591914,0.0015899673591741013,0.012561887108915417,-0.02688638357023975,1.0742703048673554,0.03944827067915517,0.00018881248857808227,0.0013298122185355253
2020-09-27,0.027687379907938903,0.028107416457041845,1321161006.11611,-0.0009273187925813646,0.016905389635574676,0.018287420454721585,-0.026676140628085293,0.1639464474402216,0.04496356108280688,-2.5675027705971436e-05,0.0004680726223717343
2020-09-28,0.04393198705347734,0.044534014248837295,2031385663.34365,-0.017648231261219668,0.016955719143737863,0.02339681278883725,-0.02631326415567954,0.37747728545725373,0.04971007694451679,-0.0007753218672846765,0.000720125758861611
2020-09-29,0.05509511617462248,0.05524755085157884,1575829644.66364,0.013894203520587716,0.010943054318789466,0.028577989211059987,-0.025051820990632,0.5118163194636011,0.05362981020169198,0.0007655027571206289,0.0008402307601013779
2020-09-30,0.03412596203824614,0.03433910661803319,1425790131.97503,0.0031154019923538426,0.013389679627626924,0.03240025034585303,-0.02439654042271808,0.035289895863606334,0.05679679076857111,0.00010631609012494362,0.0005131656149082218
2020-10-01,0.028848256859242527,0.029471062087737643,2711075914.6154,-0.01705401060629341,0.02112647611285309,0.03709826429909947,-0.02337387641969034,-0.19199474019102591,0.06047214071878981,-0.0004919784784505986,0.0004330304561132912
2020-10-02,0.01381594632546812,0.014157072987646346,2359977989.11924,-0.007248527056497634,0.018175544265630054,0.040336733803986245,-0.02336396650696081,-0.6974774060683784,0.06370070031094706,-0.00010014526075127474,0.00021314158386525107
2020-10-03,0.06459535024092156,0.06465240485293577,804408980.87426,-0.0009589288049684877,0.005885860729997263,0.04414640854565816,-0.021874316491524076,0.5661451137752266,0.06602072503718223,-6.194234201304782e-05,0.000984401484778387
2020-10-04,0.1086500527075025,0.10873498434673201,964435994.41114,0.011213501490019014,0.010028668447723878,0.04940454951557636,-0.019278878852056782,1.595869566650651,0.06868342836763314,0.0012183475279262236,0.001596404637371527
2020-10-05,0.0750880603491546,0.07532671478683395,1397359152.98443,0.011710395316339326,0.00839588432382402,0.04739432716128277,-0.017323395146344945,0.8074136447709253,0.06471772230762772,0.0008793108702257448,0.001051775307321505
2020-10-06,-0.023104498357853998,-0.022931256986740922,1971152604.95732,-0.015367941796166865,0.016542702882610224,0.043406029444535185,-0.016298018362913547,-1.7779115931644913,0.05970404780744873,0.00035506858599313314,-0.000333033708780827
2020-10-07,0.039760648968521384,0.03991609436288135,1132125130.95176,0.008233639385318915,0.005759263502379414,0.04165090561112576,-0.015180555800265063,-0.05160443488077308,0.056831461411390824,0.00032737484533305753,0.000553132280743261
2020-10-08,0.06378397446353246,0.0641633742808414,2236764143.48042,0.026467559161709134,0.02815022387730184,0.043281262348008526,-0.013080408699685582,0.5567538067783707,0.05636167104769411,0.0016882061176824899,0.0009473916971404246
2020-10-09,0.024067568893379576,0.02402545498390718,1697348173.83417,0.015366588733784155,0.01569366076836491,0.042941362164485235,-0.011535186543342344,-0.5104456910282589,0.05447654870782758,0.0003698364330065806,0.00036326496482591894
2020-10-10,-0.013339671611169335,-0.013802849332504197,2259937270.69761,-0.010436032247666363,0.008787526741703274,0.03959963069503499,-0.010915040735289311,-1.3649962963358793,0.0505146714303243,0.0001392132431074427,-0.00019199210026660696
2020-10-11,-0.042224495061872536,-0.04212472348360641,1662984690.97067,0.003296663685107666,0.0077915583000130705,0.03727284231368112,-0.010631834067358023,-1.8848450276890842,0.047904676381039145,-0.00013919995949248317,-0.0005986962741585301
2020-10-12,-0.028669715951520347,-0.028223509233242572,2913019650.11615,0.012908225548319573,0.029201746510958644,0.036424475071600675,-0.010397162694150952,-1.5013793136278577,0.04682163776575163,-0.0003700751599084801,-0.0003996462497895275
2020-10-13,-0.04034926730700472,-0.04007514677274693,2276664144.17067,-0.0035979248493924016,0.009781703412153776,0.03262494725664267,-0.009913492033975966,-1.5705687142807891,0.04253843929061863,0.00014517363149864872,-0.0005594595829577078
2020-10-14,-0.03289084512937046,-0.03283463126969022,2198967087.67917,0.0026451399165238086,0.009287533104726188,0.03066509787843115,-0.009760410385079207,-1.313919912675559,0.04042550826351036,-8.700088733990049e-05,-0.00044350629746835554
2020-10-15,0.06612138166667614,0.06652193462194433,2455108608.6402597,0.010814658371542938,0.014760299972585218,0.027553563950774098,-0.008053712745804584,0.8884489879904496,0.035607276696578684,0.0007150801537795049,0.0008772350203033149
2020-10-16,-0.07002319426967485,-0.06984910773356967,2406176538.70338,-0.016489443331121234,0.018543515041222054,0.022585665345511936,-0.008401175416898046,-1.91760119490885,0.030986840762409984,0.0011546434937738965,-0.0009593043506488777
2020-10-17,0.0011447972106735094,0.001380627408921642,1086838512.10945,-0.00021835810639977157,0.002214098967890043,0.018862609293851952,-0.007626363046244856,-0.3794944643404898,0.026488972340096808,-2.499757511344079e-07,1.571752654054858e-05
2020-10-18,0.10073591746085064,0.10090215965314786,1056889045.95337,0.011944701626356741,0.01068400599000558,0.022341111082085845,-0.0048399692038666965,1.5684212586828354,0.027181080285952543,0.0012032604771271612,0.0013532130467803704
2020-10-19,0.05405995355055859,0.053987997351464756,2677138464.51185,0.02871048613107062,0.030398132433076513,0.022823395200994474,-0.0035728380433903218,0.6216211525709455,0.026396233244384795,0.0015520875466596344,0.0007608066792636459
2020-10-20,0.025848078455812162,0.025958030165186496,3710691439.20796,0.013717146420970732,0.013022299611876486,0.021430679119146364,-0.001746936308081581,0.08885725601807187,0.023177615427227946,0.0003545618768791145,0.0003663292881820785
2020-10-21,0.03316478346050333,0.03225986744154885,7435850474.64387,0.049944817647873604,0.03526879737653433,0.02138490871068242,-0.0004193011978477371,0.2370119713619526,0.02180420990853016,0.0016564090622660536,0.000504577705331113
2020-10-22,-0.052755568152460186,-0.05265270156813007,4448237306.196381,0.019004526263387465,0.021924477525900897,0.017499012281553723,-0.00033607109942394213,-1.3454758734694803,0.017835083380977664,-0.001002594580493357,-0.0008046417519081143
2020-10-23,-0.054588179675405635,-0.05429587511588696,3059965867.5932603,-0.0026223109120269597,0.009152325885962756,0.01424167294817878,0.000314654162277135,-1.2620392780812584,0.013927018785901645,0.0001431471792305045,-0.0008091379342914504
2020-10-24,-0.010490288627774014,-0.010372918912449292,2296046388.61355,0.010689318553657809,0.010626992633000761,0.010666166335383753,0.0014277775318979388,-0.39526868152528183,0.009238388803485814,-0.00011213403686209028,-0.00015786156849554285
2020-10-25,-0.02505688825363983,-0.024909626292480613,2690867875.55715,-0.0210306781359273,0.02339394899025715,0.004299169146757928,0.0019246184962650587,-0.5984750068538034,0.002374550650492869,0.0005269633519501968,-0.000393012158999627
2020-10-26,-0.005446287674678696,-0.004918625746967664,4121218762.83565,-0.002982386855567184,0.016117171203777893,0.00046420019324205653,0.002704621884045654,-0.127623401233816,-0.0022404216908035973,1.6242936772599305e-05,-8.742639926463128e-05
2020-10-27,0.037676864747809624,0.0377122670138601,5533418976.94019,0.04122827673676918,0.026691952941983666,0.0033585508173212767,0.004747615539362307,0.7354452544399969,-0.00138906472204103,0.0015533522063965184,0.0006230160860359906
2020-10-28,-0.022442260773336886,-0.022508667522241232,6377260018.4143095,-0.03847573170439546,0.029290831594406583,0.0003965074962804066,0.004851567047763241,-0.494248263078519,-0.004455059551482834,0.0008634824043549886,-0.0003962478263135619
2020-10-29,0.025420314107629904,0.025747235803823543,4735209655.6130295,0.013230938287043338,0.03206925368852461,-0.0014303334730482863,0.0058672271093532435,0.6061560885052133,-0.00729756058240153,0.0003363346071953084,0.0004535732516099794
2020-10-30,0.01825936876555989,0.01850984751376772,4684549159.29936,0.009161247820710983,0.023764154225300992,-0.0017069144315158904,0.006141752779751052,0.4522650439077313,-0.007848667211266943,0.00016727860231104374,0.0003328181455456183
2020-10-31,0.021674936397807487,0.02190507763412053,4923864620.90212,0.021941359129034627,0.02838963084242553,-3.9552145374136906e-05,0.007464251200681885,0.4896522136421859,-0.007503803346056022,0.00047557756360327823,0.0004153066754204169
2020-11-01,-0.014982935754136117,-0.014792544671005214,2727415103.81043,0.0053023874103511025,0.012896956103194529,0.0012576649645180734,0.007173092371702452,-0.37386071002746735,-0.005915427407184378,-7.944532991283075e-05,-0.00029072590880314036
2020-11-02,-0.012800022468856476,-0.01241940559334842,4433952125.46344,-0.01087010736656728,0.025367709629794337,0.002013364654168734,0.00782287721296219,-0.34425972006281025,-0.005809512558793456,0.00013913761853094348,-0.0002460321522140108
2020-11-03,0.017456648688409793,0.0180686743613081,4748953992.22126,0.04599203785305618,0.02666557314670919,0.004766027320617044,0.008307263691874013,0.3020042183256011,-0.0035412363712569693,0.0008028668472648467,0.0003495732644546296
2020-11-04,0.014965511414728683,0.015101895331746995,6269163703.99695,0.0174345783058065,0.030553374941148244,0.007044901441764622,0.009949240733596092,0.1924066060316942,-0.0029043392918314693,0.00026091738064652824,0.00031484264949117787
2020-11-05,-0.008965214451016612,-0.009324137408311506,10661964053.31626,0.08678720000507081,0.04467621175402853,0.0034693492456840153,0.011044945842153193,-0.3189891232014451,-0.007575596596469178,-0.0007780658596487299,-0.00020138066620129202
2020-11-06,-0.06982241376283604,-0.0695114275063885,8719764932.89141,0.008946989832603586,0.025247212595364055,0.003478910222200149,0.010313391600977965,-1.8813423766447577,-0.006834481378777816,-0.0006247004260239347,-0.0015906713288630725
2020-11-07,-0.04943098578505856,-0.04943942536011792,6921481478.48889,-0.04817020622792599,0.0498301012557232,0.0010705396033557648,0.010831678668707712,-1.2426341335077646,-0.009761139065351946,0.0023811007793159487,-0.001238201739851064
2020-11-08,-0.03613246620950239,-0.036117363889650145,4428801810.67248,0.033074656876762996,0.021684980794639534,-0.005447002476184856,0.011727176353540857,-0.8934366801513387,-0.017174178829725713,-0.0011950689219905248,-0.0009240139912135548
2020-11-09,-0.04910383320068068,-0.048794282244752685,7271506165.70421,-0.006803855245751963,0.06600810844398172,-0.010359563750053393,0.01195354807992611,-1.183059837251416,-0.022313111829979505,0.00033409537310898063,-0.0013389962120245104
2020-11-10,-0.03655564075075013,-0.03643742456463328,3732294398.38728,-0.00250296512802136,0.011939031444554816,-0.013331169426556358,0.012225832967883331,-0.722946026001626,-0.02555700239443969,9.149749403160414e-05,-0.0009949380024615317
2020-11-11,-0.03706303563268243,-0.036779382018357065,5177231131.45298,0.018377240986674426,0.0175992290374302,-0.016675351288136634,0.012369935922799606,-0.66485829933098,-0.02904528721093624,-0.0006811163375195062,-0.0009775626770978927
2020-11-12,-0.0048481902605526095,-0.004362797209759517,7523910248.8996,0.04110655692970065,0.03139540121153737,-0.014394047578998178,0.013401076333885006,0.32238396350333065,-0.027795123912883184,-0.00019929240895142608,-0.0001300608192320641
2020-11-13,-0.06000511145441478,-0.05979024164586666,4984405298.81905,-0.006827515638140001,0.01761177719279243,-0.014651996711331947,0.01330880334694436,-1.511825253706809,-0.02796080005827631,0.00040968583682335065,-0.0016339094785748649
2020-11-14,0.014319487850160906,0.014568771337704067,4251500067.66192,-0.0069786074956241,0.017441294048527966,-0.013470578783811235,0.01378066536574356,0.9066191205845204,-0.027251244149554793,-9.993008524463112e-05,0.0003945591035034098
2020-11-15,0.03688059173771108,0.0369839055481882,3359401680.11398,0.0017862934527547248,0.0156195028889602,-0.010521174974699288,0.014394181229211666,1.4625114491853437,-0.024915356203910954,6.58795595547933e-05,0.0010025540307823447
2020-11-16,0.054521986755396545,0.05449802395654069,5627638531.0737705,0.04317576316564238,0.02807646112671711,-0.007665542858981419,0.013397661498514471,1.757406203013479,-0.02106320435749589,0.002354028387471292,0.0015131636242259451
2020-11-17,-0.0018244660849907612,-0.0028019759120425647,9050160241.00472,0.06411932986654428,0.033779232255714685,-0.009546558612924295,0.012406007216310723,0.2279737898016767,-0.021952565829235018,-0.00011698354273384524,-5.1250644848651696e-05
2020-11-18,-0.03806079555009889,-0.03780914049169182,13108477651.19909,-0.015798476381208754,0.026999758077423597,-0.010290298364198676,0.010585704914402498,-0.8087325479188971,-0.020876003278601174,0.0006013025795482526,-0.0010650044120565868
2020-11-19,-0.025520182206105635,-0.02505137772288968,7243709977.39353,-0.00693147003067644,0.025223904658791214,-0.012716036283900368,0.009711630863686625,-0.38246470141303596,-0.022427667147586993,0.00017689237813902338,-0.0007057783884089515
2020-11-20,-0.03636904446401146,-0.03631734804449116,7497709362.56215,0.037988467013533034,0.02590692274189191,-0.015317389294832336,0.008639019479379001,-0.6365657156105975,-0.02395640877421134,-0.0013816042459348155,-0.0010095221931232241
2020-11-21,-0.06328373126809717,-0.06306503506167249,6408035133.45486,0.0027829537416633756,0.01720755684177664,-0.019363040136065893,0.006732346137864987,-1.3105688941305869,-0.02609538627393088,-0.00017611569671897057,-0.001722915555956994
2020-11-22,-0.0668828026985766,-0.06687436693097626,6856294687.86623,-0.008113907638165815,0.04347555639960466,-0.02183446237151544,0.00556534830222792,-1.2851904150941333,-0.02739981067374336,0.0005426808836779179,-0.0019182908264226712
2020-11-23,-0.035363267446646196,-0.03536571236848707,6718716197.90407,-0.00045360009131837405,0.02227991911220567,-0.022908902608553043,0.005176312372405454,-0.3547557441538502,-0.0280852149809585,1.60407813431148e-05,-0.0010090674462632585
2020-11-24,-0.04790802973123609,-0.047995379671559646,9042446485.58226,0.04371467567422851,0.04162931738089347,-0.026021506342821896,0.003789822744812605,-0.6392852446849525,-0.0298113290876345,-0.0020942839818922825,-0.0014011612502698146
2020-11-25,-0.06110659644096672,-0.060452579717883426,8117262497.74923,-0.00443638665187826,0.025945530867071433,-0.029643987669283584,0.002688670550304063,-0.9335339143727388,-0.03233265821958765,0.0002710924887924164,-0.0017737703027467812
2020-11-26,-0.05647518685639463,-0.05667787416802328,14698559977.07114,-0.044165792208361934,0.05650678140093292,-0.031906367307634916,-0.0002944847037256012,-0.7260394557445508,-0.03161188260390931,0.0024942713676279382,-0.0016711480562790362
2020-11-27,-0.037975219480697375,-0.03753587160596761,6748491428.31569,0.0035088114087423504,0.03636272647457091,-0.030389834246580694,-0.0014417528929562026,-0.2316045269858785,-0.02894808135362449,-0.0001332478833633657,-0.0011438192051517377
2020-11-28,-0.03614596395038183,-0.03567519350178994,4666900540.00932,0.04153012798377219,0.028271595786567745,-0.029757214159215135,-0.0032746884206691397,-0.19662197386235783,-0.026482525738545995,-0.0015011465089561733,-0.0010516144752167726
2020-11-29,0.02155090097293466,0.02236484961240426,4609730542.10836,0.01725871377630685,0.017642047453346153,-0.027010387150527657,-0.0033720928482088896,1.4152111753548793,-0.023638294302318768,0.00037194083151341213,0.0006228432610428826
2020-11-30,0.03093320487917728,0.0305631045129231,9568806966.58092,0.05984529195216749,0.04530696775247508,-0.023199099622915373,-0.00357842272399143,1.498106668462244,-0.019620676898923942,0.0018512066770105763,0.0008635085366045577
2020-12-01,-0.029566146681121785,-0.029119282175956496,10601482195.21762,-0.034605500187628944,0.022284769922996345,-0.02286626657198069,-0.004922252293130228,-0.18591829038628477,-0.017944014278850465,0.001023151294521025,-0.0008399126347776953
2020-12-02,-0.01859842377824117,-0.018255993569759932,6352815848.933499,0.030834446959141167,0.032099740760458274,-0.02198699934081682,-0.005759147306090344,0.09439461286343388,-0.016227852034726476,-0.0005734721115138072,-0.00054118469715608
2020-12-03,-0.004411580519670388,-0.004193111093849788,4724323628.540771,0.01756065712480042,0.015873772252158875,-0.02196620840077481,-0.006287081232739755,0.4888707783020233,-0.015679127168035056,-7.747025288438055e-05,-0.00012510930085223411
2020-12-04,-0.057132776702305654,-0.05680876119006795,5260370304.1658,-0.026661577945564077,0.03257529344050013,-0.02182943055543628,-0.007413251439529815,-0.9871870808753632,-0.014416179115906466,0.0015232499792950296,-0.001660954974722793
2020-12-05,-0.005244609231024988,-0.005087938323243946,3145507861.15582,0.016801435456049976,0.00882182334620164,-0.02276105422596894,-0.008521822224798808,0.500185511156189,-0.014239232001170133,-8.811696348727023e-05,-0.00015031778830564734
2020-12-06,-0.0009835310787263962,-0.000649886988582149,3370639869.06208,0.009917392074818718,0.0149098736595222,-0.024564107693418345,-0.010262037840453235,0.7212715678153624,-0.01430206985296511,-9.754063325499067e-06,-2.815613204777992e-05
2020-12-07,-0.031142745930043625,-0.030985204637017483,3249551714.47632,-0.005950586185802079,0.023000250685005,-0.028643380678439308,-0.011948241114726223,-0.09182903953634625,-0.016695139563713084,0.00018531759371926153,-0.0008840140431059561
2020-12-08,-0.049374229581003015,-0.049067445694654266,5279747287.14345,-0.04486853188954705,0.03267353245372764,-0.030907655130630367,-0.012365220975411128,-0.6877599426777796,-0.018542434155219237,0.002215349194477051,-0.0013989309595239215
2020-12-09,0.009866845834859861,0.010370431519793666,6424799134.15169,0.013483540725457849,0.031905267919722216,-0.028625386493251376,-0.012839725787056548,1.3642866253874133,-0.01578566070619483,0.0001330400176461471,0.0002818643766584059
2020-12-10,-0.006295073871119938,-0.0060653420393704804,4271592591.3338003,-0.008553443475033645,0.019086825126207085,-0.027709905143966346,-0.013952091633638333,0.7480161899553158,-0.013757813510328013,5.384455852778563e-05,-0.0001779905373336277
2020-12-11,0.007606801191457846,0.00787646776053963,5689740183.8065405,0.0024381568161226403,0.0295096052413784,-0.025615817255610664,-0.014213373660652964,1.1240161329468839,-0.0114024435949577,1.8546574173842767e-05,0.00021638406437030598
2020-12-12,0.0776067064454502,0.0778805066734658,3641762062.74761,0.028528630922616812,0.024172084501834133,-0.018906748793060788,-0.012769780358166938,2.6890765015212414,-0.00613696843489385,0.002214013085302116,0.002233348362215702
2020-12-13,0.016198071231112943,0.016290806488364673,4594353525.456,0.021191330491132844,0.025514869959445866,-0.01495051670117081,-0.01184243803605606,0.8924192761032189,-0.00310807866511475,0.0003432586807774254,0.000452290717611265
2020-12-14,-0.006140893646798706,-0.0059079154039306525,3480597165.14886,0.00041366678822284076,0.009571336433422822,-0.013558975091654263,-0.011484837682012857,0.21420672684301267,-0.002074137409641406,-2.540283751689269e-06,-0.0001677528424625619
2020-12-15,-0.018468654531134998,-0.0180226280895317,4809598929.89016,-0.003281626086689423,0.018966834924953387,-0.01215710008212564,-0.011137526368110164,-0.18697977157624984,-0.0010195737140154763,6.060721849542743e-05,-0.0004845836623996034
2020-12-16,0.05287972916608963,0.05297302041033625,9357131523.97121,0.09852989084134195,0.0566629422638096,-0.006729179815122956,-0.009776088680880639,1.7206389234347956,0.0030469088657576826,0.005210233942454537,0.0014648161948101282
2020-12-17,-0.002484515426491307,-0.0026348015461877816,18707295908.07286,0.04704835389438491,0.04712418282807265,-0.004158195461318036,-0.010865071174422978,0.05115639279639274,0.0067068757131049424,-0.00011689236104162167,-6.771326065657974e-05
2020-12-18,-0.010467232280951921,-0.010171393763571346,7000308998.92912,0.012671871605527027,0.026925764439938698,-0.002848291308949205,-0.00991973844444325,-0.23933311213867045,0.0070714471354940455,-0.00013263942352945054,-0.00028057136063425685
2020-12-19,-0.00566707902238095,-0.005358431644406858,7938307873.868279,0.03088388950321372,0.03230243655381189,-0.0013969158361872582,-0.010027863464015543,-0.13809574487442103,0.008630947627828284,-0.00017502144233319368,-0.00015299230322813687
2020-12-20,-0.03437520794562965,-0.03386757652634975,7612660738.46881,0.004434055546571693,0.02743952956459049,-0.004060063879928416,-0.012172484502213643,-0.9699883139510377,0.008112420622285227,-0.0001524215814558745,-0.0009440540359068948
2020-12-21,-0.0290408597959384,-0.0286085676622857,11000495257.06996,-0.05281342515502851,0.061543279135455514,-0.006915971721600591,-0.01349154503152312,-0.7223385376325154,0.006575573309922529,0.0015337472752704692,-0.0008200088016977034
2020-12-22,0.004357237235483424,0.004807481035171479,7526843284.05874,0.041234794451144405,0.029768849300403747,-0.005300572487476533,-0.013832669495337862,0.3190802514820747,0.008532097007861329,0.0001796697817800317,0.00012458546650460814
2020-12-23,-0.023589473062932464,-0.023031958357011995,9276578416.54451,-0.020095989721007474,0.03130984351673145,-0.005538241501033262,-0.014733530709995573,-0.5938567205543088,0.009195289208962312,0.0004740538081966735,-0.0006736009951428132
2020-12-24,0.013986117607139192,0.014523656962522669,5517917922.31023,0.03600921863356136,0.022464350488157203,-0.004662160637851853,-0.013674138872541614,0.6075471055885695,0.009011978234689761,0.0005036291667501772,0.00040376507987065154
2020-12-25,0.014648969279440482,0.015074465620503519,6874550222.9290905,0.05133075225809196,0.05056564656096647,-0.0012439822577687038,-0.012575136508178977,0.5581237467161267,0.011331154250410274,0.0007519426129193593,0.0004354504677299991
2020-12-26,0.013646335551396938,0.014046798263434468,9382122680.48018,0.06132656827369273,0.04037961349469603,-0.000344413458605755,-0.012192015489461978,0.4884887028156493,0.011847602030856223,0.0008368829288784647,0.0004261535624263749
2020-12-27,-0.024768758114965705,-0.024376738047688806,14678578951.91622,-0.010787943539531214,0.0517152612633446,-0.0014770433174742935,-0.012187441995197308,-0.7994824328452858,0.010710398677723014,0.0002672039640885556,-0.0008168999525438911
2020-12-28,-0.03392792023461133,-0.03371430556072341,7224208281.73227,-0.006782551465247021,0.011668546597985167,-0.001609670665310851,-0.012639531400910526,-1.1037178868998847,0.011029860735599676,0.00023011786510004713,-0.0011006711743873775
2020-12-29,-0.026445871957644806,-0.026137333269927843,6956813209.79086,0.03450621518059735,0.028274576623622722,-0.0005178441118176029,-0.013657352618457422,-0.9326208522762935,0.013139508506639818,-0.000912546948409017,-0.0008524029000670421
2020-12-30,-0.008366757271830672,-0.007908825707128142,10558400366.54597,0.02793599350206325,0.03390665101694251,-0.0013861109264219139,-0.013433931927957322,-0.25159668899180937,0.012047821001535407,-0.0002337336767792021,-0.0002704745647156263
2020-12-31,-0.050017003889078815,-0.04951826222441724,9030623930.448149,-0.0037347688343516263,0.011775933482037622,-0.003468107593943765,-0.014631349673936827,-1.5671180702214054,0.011163242079993061,0.00018680194731257564,-0.0015995012417946374
2021-01-01,-0.03901259739643037,-0.03851460094848835,6157505024.08511,0.0011954447650567622,0.016046996149833286,-0.005688078955271776,-0.015540428501904926,-1.0903174316971358,0.00985234954663315,-4.663740532882976e-05,-0.001222579617883852
2021-01-02,0.002265358275127527,0.0020434836273797163,17122938614.7061,0.0921714064722735,0.08265754984358802,-0.009275762201477617,-0.015848517043534766,0.4805014357962523,0.006572754842057148,0.00020880125838210767,7.730103557099841e-05
2021-01-03,-0.020438853189577055,-0.02015852951245911,16389111411.5276,0.013800629108420136,0.06608260818401296,-0.011020377650081903,-0.015935118907589384,-0.40252208792429517,0.004914741257507481,-0.00028206903227080286,-0.0007369206450026267
2021-01-04,-0.039977286537244305,-0.03947744091729399,15879195836.25302,-0.04669466034516584,0.07031994644640335,-0.012631634454388837,-0.016366504051532046,-1.1301151441647528,0.00373486959714321,0.001866725816377994,-0.0015570226826423577
2021-01-05,-0.01126685330330901,-0.010700663273477629,13959353458.55198,0.0853650092003963,0.06059828914679864,-0.012288691538778075,-0.016822432654575205,0.04229222823908587,0.00453374111579713,-0.0009617950358964891,-0.000461153806288988
2021-01-06,-0.0034819480922733126,-0.0028265209739697372,15515216052.165459,0.07442729929128991,0.0590018062261853,-0.014972580932033453,-0.017115249472146665,0.5992021697723731,0.0021426685401132115,-0.00025915199278036177,-0.00014290439930135084
2021-01-07,-0.00818607925651793,-0.007746548700492406,19955559504.79166,0.050452425815601096,0.04463995217063134,-0.01524408397155853,-0.017102882246837158,0.37087440702170166,0.001858798275278628,-0.00041300755641010187,-0.00033500064836774807
2021-01-08,-0.018129395122605918,-0.017493137454835272,20667265854.49486,0.05728599262289718,0.06493805271451202,-0.01560894886878015,-0.016282358141436682,-0.13259931576450099,0.0006734092726565326,-0.0010385603952511907,-0.0007747292418691482
2021-01-09,-0.03324165040313787,-0.0329604745476052,10520523013.40685,-0.0034773499511430526,0.03239334542079821,-0.01692202369643524,-0.01602538456394588,-0.848306012115044,-0.0008966391324893609,0.0001155928514052659,-0.0014206699844945248
2021-01-10,-0.03050790146424176,-0.02954711948137001,17027093434.55105,-0.05526624867524405,0.07766386194645447,-0.01673786624494058,-0.01593610575846555,-0.7216871428947065,-0.000801760486475029,0.0016860572688826272,-0.0013767997432198708
2021-01-11,-0.0208352403368276,-0.020701621797520664,30742156595.35393,-0.001835728016357804,0.1272564506409591,-0.016347122461173397,-0.015487397935229788,-0.2374797657307103,-0.0008597245259436091,3.824783441386263e-05,-0.0010054770799230771
2021-01-12,-0.010034249042489174,-0.009675347919020805,15590695938.85224,-0.027886671619732496,0.07410356809181216,-0.017032431331553046,-0.015066423463670089,0.38108174495669606,-0.001966007867882957,0.00027982180799851085,-0.0005054217078599406
2021-01-13,0.001424653366325801,0.0022384924468672462,13803091615.05157,0.1005168011803979,0.06595324551771416,-0.01584128245396932,-0.014455507765273134,0.9220737278315502,-0.0013857746886961845,0.0001432015991739551,7.410953544506027e-05
2021-01-14,-0.004119850965723426,-0.0038218176395323766,13663753723.40309,0.05404251023792356,0.047666364498252,-0.016703471433629442,-0.014443946824085369,0.7121387720886253,-0.002259524609544074,-0.0002226470879938275,-0.0002192561663873945
2021-01-15,-0.01425768924129045,-0.014309153235441241,16148530126.35195,-0.05282440655731416,0.08065974753597535,-0.018079978982235678,-0.013717797265146887,0.2364144808878717,-0.004362181717088791,0.0007531539730497708,-0.0007792182709694545
2021-01-16,-0.02684705579489477,-0.02620898600214494,11103654689.8084,-0.014854840155062252,0.044626960730012995,-0.020008235713011475,-0.014371234465862057,-0.4707958455707491,-0.005637001247149418,0.00039880872246719957,-0.0014726884881583722
2021-01-17,-0.007604443799930416,-0.0069917766074760745,10206002445.01776,-0.009748306658281698,0.04522148741431295,-0.019190887412295507,-0.015077346141062715,0.7867833930151906,-0.0041135412712327915,7.413045012739065e-05,-0.000414788348764736
2021-01-18,0.0018621853254865428,0.002113874879404287,9167208119.70183,0.0428438224138805,0.03746222286278207,-0.017486596671338468,-0.01591321600502954,1.2895807338033705,-0.0015733806663089274,7.97831373868797e-05,0.00010386113564917959
2021-01-19,-0.009287193748728328,-0.008839898634534826,9530202433.37249,-0.018357654307404724,0.03589608905484361,-0.016669516756628158,-0.016031671999692042,0.4935110753550313,-0.0006378447569361165,0.00017049109232504482,-0.0005213525990802909
2021-01-20,-0.026694755081829502,-0.02614706669977762,11521126165.52288,0.011412480963988211,0.049089293488627776,-0.01754227855710429,-0.015851258658925862,-0.6107846924559835,-0.0016910198981784294,-0.00030465338420970675,-0.0015178558565001796
2021-01-21,-0.020457113519239623,-0.020261214691545182,17863845664.01804,-0.11397740450768006,0.09792742397603109,-0.016134664729969092,-0.015770892489293066,-0.3313630090635778,-0.00036377224067602604,0.0023316487026419047,-0.001247109732090495
2021-01-22,-0.004412113787310323,-0.0038290118737404066,14265924156.72767,0.0639131244482276,0.05325972982929303,-0.014487022653344329,-0.015263639621408923,0.8281295189965682,0.0007766169680645946,-0.0002819919775681055,-0.00027679038584072326
2021-01-23,-0.012805183261167974,-0.012396887817636704,8300485557.20308,-0.009260903807227019,0.047119535825492324,-0.015204667488406019,-0.014462392827648142,0.20761201910036722,-0.0007422746607578766,0.00011858757041559018,-0.0007816527659415068
2021-01-24,0.0036725230115413066,0.004011164881994489,6824806447.15319,-0.006743923860172452,0.04783393049415867,-0.014056506716924192,-0.013342467022725636,1.4541758745398796,-0.0007140396941985559,-2.4767215564565806e-05,0.00022098643057912642
2021-01-25,-0.004707271006987979,-0.004591871525098434,10588161978.70822,-0.040893921710128005,0.061749329390058935,-0.012376982167864366,-0.012855863904635821,0.7107242698670502,0.00047888173677145505,0.0001924987720281218,-0.0002813290849433884
2021-01-26,-0.006155245612050275,-0.005729950642698323,11060562208.1513,0.02980024193581813,0.017548942073945088,-0.012133572277804427,-0.012193121299569381,0.5497302629534242,5.954902176495344e-05,-0.00018342780841348115,-0.000355248927699629
2021-01-27,-0.009821639637058843,-0.009802671819648778,13269633440.998241,-0.04618452288433008,0.04118350398179578,-0.012435462351365643,-0.011379074366174018,0.2440640368416661,-0.001056387985191625,0.00045360774057938755,-0.0005585206510936221
2021-01-28,0.017637510661027145,0.018090088916070002,9909261735.25709,0.060976164524590995,0.03685450657137057,-0.011205767593387306,-0.010202682342087958,2.298844937571984,-0.0010030852512993484,0.0010754677518710189,0.0009964417406317964
2021-01-29,-0.0037853889036388866,-0.003114956971646765,25293550971.74301,0.015093189384367028,0.1644920714990411,-0.0105227196781984,-0.009659986618642584,0.5372016137777826,-0.0008627330595558161,-5.7133591616103184e-05,-0.00023180308629492616
2021-01-30,-0.002266489050744669,-0.0020092977462023986,9109013883.23461,0.02929229532601493,0.02999878616365654,-0.009047711994751104,-0.009122217175791201,0.5888787215874666,7.450518104009686e-05,-6.639066662759208e-05,-0.00013853288896750586
2021-01-31,-0.022037811779423433,-0.021884410229609297,7052326918.521931,-0.02494452931565733,0.025826376504357845,-0.008644374390712136,-0.00981410150519371,-1.2337728614890808,0.0011697271144815741,0.0005497228419847663,-0.0012926011591353917
2021-02-01,0.019486687833814464,0.019616378237098386,8121385637.13714,-0.0016167646611205642,0.04060178640267921,-0.006724282573062515,-0.0099957922519455,2.1684070152439796,0.003271509678882986,-3.1505388251999267e-05,0.0010625579599896236
2021-02-02,0.03009259338396153,0.030018662834888188,8364687573.3792305,0.05533559552971063,0.040261766914508966,-0.004813480552755338,-0.009048828123928305,2.411596651308975,0.004235347571172967,0.0016651915759349413,0.001592375516906374
2021-02-03,0.007224060108374619,0.0072303400388917805,8788925454.96376,0.032561046186792744,0.03404765898831165,-0.00453731832694349,-0.008638947427315356,0.8026356478024863,0.004101629100371866,0.00023522295484495296,0.0003712917542476097
2021-02-04,-0.021330184473325242,-0.0209049999667259,11507154016.35826,-0.015783086634714727,0.0384899664980938,-0.005356858017781672,-0.00890749669642099,-1.0576052971604368,0.0035506386786393175,0.0003366561494769392,-0.0010869771772793826
2021-02-05,-0.009532333221131561,-0.009313370134940047,7395595524.77548,0.024757423821330036,0.023748195332355372,-0.005131841064440772,-0.008151934101481718,-0.2933877295562778,0.0030200930370409464,-0.0002359960135616982,-0.0004599303408019691
2021-02-06,-0.004406837303977951,-0.004225986903018786,12369698321.04784,-0.004874019778452553,0.03974435130366454,-0.004063259231539972,-0.008138636134385733,-0.02428148838465764,0.004075376902845761,2.1479012180011057e-05,-0.00021160309729152132
2021-02-07,-0.031269873299723305,-0.030884454972093578,11466152232.53475,-0.0014095867075397265,0.03618030422072031,-0.005190184445815823,-0.008619371725195208,-1.7002885001512709,0.0034291872793793853,4.407759774974138e-05,-0.0014880227408255314
2021-02-08,0.01531594957281368,0.015570351835859864,18769855154.62719,0.1976437682894348,0.13137129420123703,-0.004549529005466912,-0.007881932114038743,1.2480109686363114,0.0033324031085718315,0.003027101988501855,0.0007973226934646912
2021-02-09,-0.02751287306840533,-0.02713739800154069,17820342806.81088,-0.004354003290974795,0.035821919872059835,-0.005417418496880102,-0.007534926455108621,-1.3256119022582964,0.0021175079582285185,0.00011979113988400861,-0.0014321769393101354
2021-02-10,-0.02278978865115,-0.022496697177173175,15286260787.69888,-0.03246589508086229,0.05486468680546616,-0.005231467714466793,-0.008053285732664332,-1.0680837966284944,0.002821818018197539,0.0007398908872632621,-0.001192585371748202
2021-02-11,-0.004077294174749557,-0.004022028318854454,15468624715.76271,0.054328293647525526,0.0542652242841243,-0.004451476317110123,-0.008018082880340994,0.023291937329055237,0.0035666065632308707,-0.0002215124352131392,-0.00020488672468478304
2021-02-12,-0.01604008465139173,-0.015593409609751308,12341281000.02568,-0.006940865362888915,0.015794544216800682,-0.005005189215399714,-0.00839343027467194,-0.6785431392859829,0.003388241059272226,0.00011133206797465097,-0.0007774084290494774
2021-02-13,-0.022940264009777556,-0.022737284311956096,9438075938.38798,-0.014819461263894506,0.023885275615251285,-0.0054878121081906464,-0.009989413932691428,-1.0481057366022353,0.004501601824500782,0.00033996235387641176,-0.0010864557333393212
2021-02-14,-0.010251452549373208,-0.01019901864565953,11797051402.90574,0.02679532135138725,0.033003954996635984,-0.00615085856347229,-0.010409247643492795,-0.24784025546279193,0.004258389080020505,-0.00027469096537895317,-0.00047827148487979013
2021-02-15,-0.041383167099937834,-0.040867174016458785,11872149326.83184,0.017161278773210914,0.02500585945338952,-0.00789732980599371,-0.010968648809415638,-1.83637461828333,0.003071319003421927,-0.0007101880671204034,-0.0018582834823514778
2021-02-16,-0.0063646619536796845,-0.005867423223624657,16865499630.28187,-0.010487128656807395,0.018612230535626658,-0.007907302012737968,-0.010776521943106824,0.08460327716811072,0.002869219930368856,6.674702876532595e-05,-0.00028612315517087886
2021-02-17,0.009382826996398252,0.009804698328522488,15897490858.65766,0.04837125280215421,0.03470797743637357,-0.0069928036016209645,-0.011466948961673353,0.8799044037438497,0.004474145360052389,0.0004538590966416571,0.0004189113853536373
2021-02-18,-0.047761093610007466,-0.04761402061822273,9627115933.97444,-0.009874813812439666,0.011643901577847476,-0.010107022852622613,-0.01218562480585615,-1.909272977472353,0.0020786019532335366,0.0004716319068773256,-0.0020750333237385195
2021-02-19,0.008021259292786631,0.008727898339101925,13784775685.92855,0.08720388142470142,0.040328128638133585,-0.009544801509935683,-0.011892156685638077,0.8749775070182596,0.0023473551757023942,0.0006994849442449498,0.0003010661992066853
2021-02-20,-0.03700615325309109,-0.036613508167293696,13529409884.87238,0.001453376124404564,0.033831046703472714,-0.011199071233856942,-0.012389602308347762,-1.237027169337368,0.0011905310744908196,-5.378385959409888e-05,-0.0013957248699656378
2021-02-21,-0.005057708067946809,-0.0048975864404019465,11254047090.53712,0.015574291274735197,0.029356015153402765,-0.010390494866643769,-0.011924245167432162,0.2570037366258839,0.0015337503007883928,-7.87702186327818e-05,-0.00019160671560379197
2021-02-22,-0.04978485767534557,-0.048849071243222575,25951996709.77277,-0.03331133655699174,0.04442524291568721,-0.013689139890889485,-0.012253514975041799,-1.6976226742006268,-0.0014356249158476858,0.00165840014946537,-0.001895118797999988
2021-02-23,-0.016716350703980254,-0.016348824038296406,36297078764.52196,-0.06017643830130652,0.13574651688434794,-0.015918137228410522,-0.012588016370906303,-0.04257555516380614,-0.0033301208575042193,0.0010059304467610695,-0.0007123348838942178
2021-02-24,-0.010157157823080576,-0.009984313191379823,16590055728.58514,-0.023770779720302386,0.029076807414281754,-0.01674581427276553,-0.01237480501789278,0.3651047717487922,-0.00437100925487275,0.00024144356119679448,-0.0004304233204099972
2021-02-25,-0.014960932953724027,-0.014164971656808079,17447887799.89135,-0.06498336071036509,0.05781637907809114,-0.01644251658135595,-0.012834282010922356,0.08222553299785054,-0.0036082345704335946,0.0009722117026954363,-0.0006477584249857017
2021-02-26,-0.011629687245558129,-0.01111092189281393,20499678357.29738,-0.022066337017932786,0.06856743535775954,-0.01654239058251912,-0.01325140354306519,0.2731693030020846,-0.00329098703945393,0.0002566245981736401,-0.0005283472671959012
2021-02-27,-0.008230231151257206,-0.008267783435961462,12038528819.38199,-0.029502175180576864,0.03821803368670956,-0.016724456956199084,-0.01359865063358351,0.47522498580950406,-0.003125806322615573,0.0002428097212010309,-0.0003733086975427692
2021-02-28,-0.008330475181737684,-0.008255756238044754,16549302262.98406,0.01151402954403331,0.05550833084321016,-0.015632104664866437,-0.013337725507659255,0.41392060769267836,-0.002294379157207182,-9.591733735836395e-05,-0.0003855228103326166
2021-03-01,0.0015742036007730942,0.0018149577338451017,15061638936.4441,0.06758114611854832,0.0536072625114105,-0.016286473520677892,-0.012774199732494423,1.071907064670166,-0.0035122737881834697,0.00010638648356419138,6.702260090490691e-05
2021-03-02,-0.018843752482488818,-0.018766022808715976,13251422043.06818,-0.011039024157216137,0.03628470826919423,-0.015873658254681868,-0.01265353116939671,-0.1802587644411102,-0.003220127085285159,0.00020801663886679562,-0.0008026985969883316
2021-03-03,0.008390567343324218,0.008475915836765102,17795826816.36179,0.03321516120486487,0.048532828319543656,-0.014388879397802142,-0.012387541889791076,1.3235426255003107,-0.002001337508011066,0.00027869404690878866,0.0003548881171444149
2021-03-04,-0.026871685277773394,-0.0264436683442848,19138827120.97486,-0.025020729216072242,0.031064572841031646,-0.015474326593184231,-0.012020155880087816,-0.6608360282174568,-0.0034541707130964147,0.0006723491609146831,-0.0011068793330140606
2021-03-05,-0.008517125005085946,-0.008306379686809251,16912469978.52838,0.03061189910113178,0.03217780677013309,-0.015116090419550622,-0.011536100762764888,0.3811666978916165,-0.003579989656785734,-0.0002607253712874175,-0.00035747603154239025
2021-03-06,-0.008919587354134562,-0.008698107528332888,10381734354.30114,0.004738842215860295,0.034305506986727304,-0.014448439150234289,-0.011713639582276985,0.32021595163880384,-0.002734799567957304,-4.226851710182649e-05,-0.0003787938698850512
2021-03-07,0.008834197438115865,0.00891103345122013,12500440245.10043,0.02809392601168671,0.02066687058172165,-0.013539598674639572,-0.011248987985012018,1.2440043884107337,-0.002290610689627553,0.00024818728919905937,0.00036997764507121336
2021-03-08,0.005984156456758649,0.006289400914992083,15655716338.592081,0.03500319162293904,0.03269343547501043,-0.011284011838606405,-0.010519441270821495,0.999606062464792,-0.0007645705677849102,0.0002094645751575709,0.0002528081092940759
2021-03-09,-0.013475242807370669,-0.013375049544247508,15409273884.4457,0.019129403578665286,0.02013343768650429,-0.011622610926877405,-0.010554495072473268,-0.10744013650295997,-0.0010681158544041374,-0.0002577733579827001,-0.0005702544659124825
2021-03-10,-0.017693379126890174,-0.01742363116312151,22279865576.81882,0.0436730223867529,0.03616320846288681,-0.012911954075605424,-0.010780073342864011,-0.28813691877386405,-0.0021318807327414136,-0.000772723342705981,-0.000749986513071054
2021-03-11,-0.0244113574252246,-0.02401500578366189,20569039537.4537,0.030922062356255206,0.033204034873536,-0.01180006187633005,-0.01103761744077999,-0.8503292555886511,-0.0007624444355500606,-0.0007548495165036286,-0.0010598104915071085
2021-03-12,-0.027946076174800827,-0.027668166721432352,19043301948.5384,0.0019996929810674625,0.012691759344883527,-0.013512792136691357,-0.011193437774941814,-0.9953490280460814,-0.0023193543617495427,-5.588357237512585e-05,-0.0011764915343547289
2021-03-13,0.018276171596775415,0.018491041465771296,18993462517.01946,0.07647504762893607,0.04838139211529516,-0.010880300477173905,-0.010375694568593984,1.939783427657051,-0.0005046059085799214,0.0013976710933380084,0.0007820648713556539
2021-03-14,-0.03949575377633552,-0.039124705722568986,14012489135.14827,-0.03977082187636075,0.02459011252997403,-0.012520207415668606,-0.01051835889100817,-1.6654494868400005,-0.0020018485246604354,0.0015707785883112425,-0.0016811192364423833
2021-03-15,-0.03363417424275961,-0.03330194654868035,25683051451.714878,-0.08342383883194535,0.05642204985125376,-0.011751127252212131,-0.01072151657205471,-1.493856991817459,-0.001029610680157422,0.002805891931273545,-0.0014508381182371183
2021-03-16,-0.015696538980269237,-0.015210133906777279,18756792660.06864,0.047167939031531596,0.02813269587166297,-0.011702564789178273,-0.01081139419011471,-0.2729413087090944,-0.0008911705990635628,-0.0007403733936273985,-0.0005966468753090035
2021-03-17,-0.0073381402170442644,-0.006894750832015184,19076274044.570652,0.05934601235691741,0.058218785783846,-0.011568325855557495,-0.010950486151755506,0.2885356306977618,-0.0006178397038019891,-0.00043548935999750154,-0.00028911596201518024
2021-03-18,-0.037334090558222455,-0.03705890823950653,17876750420.56641,-0.01843321578707661,0.04544280581488553,-0.012633714312914565,-0.011477696304017395,-1.5736625749805004,-0.0011560180088971694,0.000688187347473974,-0.0014489308526407592
2021-03-19,-0.011183519250361096,-0.010822189395944481,15107378224.028059,0.005057603568582113,0.022027305253418533,-0.012612468217905182,-0.011428899954955024,0.09102840513056502,-0.0011835682629501576,-5.656180686993303e-05,-0.00040924594571752635
2021-03-20,-0.010020844004783314,-0.009742084795300254,12000524068.54844,-0.004998355785239812,0.025031565241350445,-0.01269773549664452,-0.011161817228127858,0.1707452471555063,-0.0015359182685166627,5.008774360429436e-05,-0.0003604070392436833
2021-03-21,-0.029551189519834598,-0.02939145697849399,13576194106.985239,-0.006921886652498354,0.025626224457439364,-0.013708245703220564,-0.011510178271300941,-0.986403302139236,-0.002198067431919623,0.00020454998430279235,-0.0010207802229014505
2021-03-22,-0.04185129210483218,-0.04129474150383228,16556509289.78695,-0.062390715717832036,0.03981460980673249,-0.01577612645110653,-0.01220404299241711,-1.5544077286383382,-0.0035720834586894182,0.0026111320681365333,-0.0014181723189471156
2021-03-23,-0.025828340946339456,-0.025614191253660823,15088688822.77058,-0.005773558243254641,0.022674193712050775,-0.016108725901766083,-0.012466600884442685,-0.5748677867849191,-0.0036421250173233975,0.00014912143078032954,-0.0008584789547847589
2021-03-24,-0.03641343080314019,-0.03619890985620455,21637316948.635628,-0.0391471570350693,0.06112975134714004,-0.018242249623026292,-0.012620865578431744,-1.1024190007392796,-0.005621384044594549,0.0014254822938361586,-0.0012321474840920796
2021-03-25,-0.0171513583829751,-0.016946160781486697,21627711387.30238,-0.015532071678847225,0.03696537143442174,-0.017779376913750183,-0.012568393274681513,0.03837660732109367,-0.00521098363906867,0.0002663961277939665,-0.0005851822337197103
2021-03-26,0.005894472423413344,0.0061618677392467625,14483003307.72439,0.048559389418908354,0.03777562896580923,-0.01709311036953593,-0.012404796668162089,1.3474649502540839,-0.004688313701373842,0.000286231981827545,0.0002026830470057545
2021-03-27,-0.0013666283922902922,-0.0012490577298704952,12939134315.65276,0.01928211723084815,0.019712175841481296,-0.016733445657067157,-0.01222323230516403,0.8873082055821637,-0.004510213351903127,-2.635148887114695e-05,-4.604219305052972e-05
2021-03-28,-0.026583907436873333,-0.026410680287754618,11188756872.79973,-0.004456494317567288,0.026517763110226675,-0.01842002207968569,-0.012703493105932518,-0.49766017911836147,-0.005716528973753172,0.00011847103243116077,-0.0009030278744286452
2021-03-29,-0.0034777954582212445,-0.003406072071723054,15858571872.53349,0.040000494211113555,0.03555015573385568,-0.018870591218494256,-0.012683977621031458,0.9729791901383303,-0.0061866135974627985,-0.0001391135370940159,-0.00011861021861361021
2021-03-30,-0.004861228584768562,-0.004767426217072379,13629362092.38509,0.02701182247314801,0.030492990135492847,-0.018460400065037012,-0.012663437668217462,0.8458904563681545,-0.00579696239681955,-0.00013131064353316094,-0.00016819030968847262
2021-03-31,-0.016943374595037475,-0.016751050640029908,19776038991.85102,0.0018949284902270826,0.02661819262471135,-0.01842468556352022,-0.01277648108024887,0.09212491274450188,-0.0056482044832713504,-3.210648324072627e-05,-0.0005785110029653293
2021-04-01,-0.035504349532955115,-0.03527808198390503,11561694922.60452,-0.007219174844455102,0.01038718497330808,-0.018952923282935956,-0.01362000267062954,-1.0053403110726784,-0.005332920612306415,0.00025631210701705084,-0.001173676942989517
2021-04-02,-0.02224100772008486,-0.022010862635530648,11251166314.77901,-0.015942178478762684,0.013215393120122775,-0.018681253356520912,-0.013912949001049318,-0.21766345586570007,-0.004768304355471594,0.00035457011462113156,-0.0007357816220517377
2021-04-03,-0.05669692958388728,-0.05633135797275346,11672141257.5295,-0.037586157847152135,0.027742353816730746,-0.022251401031790564,-0.014776924247607136,-2.144277014799503,-0.007474476784183427,0.002131019744788857,-0.0018199371769482427
2021-04-04,-0.02141541309063444,-0.021368284520967618,8785593781.4487,0.01191068956255806,0.012864482713652642,-0.02139043242770956,-0.014767044903340645,-0.0016043657243027423,-0.006623387524368914,-0.00025507233717648884,-0.0006754642373450424
2021-04-05,-0.010417839312575672,-0.01018107585884609,10144751892.15272,0.029173680694863112,0.024453746455003797,-0.020284892669129372,-0.015241719937410329,0.6373414341259256,-0.005043172731719043,-0.00030392671763547485,-0.0003127303284334605
2021-04-06,-0.05006690875961661,-0.049839611743287215,9681501016.80336,-0.010646876901751237,0.01535079735289056,-0.021921576944336392,-0.016514092987308396,-1.6815175160119475,-0.005407483957027996,0.0005330562144148488,-0.0014724713096488599
2021-04-07,-0.038259817131572116,-0.038034056028205976,15106714000.51917,-0.03484207162852469,0.027442865909742258,-0.023394037749790098,-0.017236059292704376,-0.8874515018835308,-0.006157978457085721,0.0013330512889924919,-0.0010691533870721512
2021-04-08,-0.009488737514100731,-0.009402421842229391,9238696877.00206,0.02671643185702713,0.02703393762065676,-0.022068068557212873,-0.017048099817161128,0.7535039827412703,-0.005019968740051745,-0.00025350520920468917,-0.00025684055494631323
2021-04-09,-0.0358574693805096,-0.035717542408576386,8260112160.68546,0.0026170408553544454,0.010567058902283067,-0.02324301856341042,-0.01746595912127824,-0.752731145944278,-0.005777059442132179,-9.384046233841467e-05,-0.0009510193897956346
2021-04-10,-0.011270570501572208,-0.011139187611408752,14476191585.21529,0.009174462538466776,0.025622542125478286,-0.023302529348971795,-0.0175749072672718,0.7199983013586546,-0.005727622081699996,-0.00010340142685382293,-0.00029923762917044404
2021-04-11,-0.021954935111572982,-0.021828274561286554,8896497492.08689,-0.004202658488274006,0.011725525337924987,-0.022940802948578386,-0.01742705110555513,0.059207088531178655,-0.005513751843023256,9.22690944061572e-05,-0.0005683784777808334
2021-04-12,-0.03023865792549907,-0.029984918710114772,11824507197.55324,-0.008952286965479232,0.012110399558575907,-0.02238782036861014,-0.018150140113464854,-0.4852826947189039,-0.0042376802551452875,0.00027070514320003055,-0.0007429386418870634
2021-04-13,0.00879335862781816,0.008782383130317983,17408986053.32569,0.04920565692342062,0.03447014144386208,-0.02073916800793597,-0.01757385072146131,1.685810249402719,-0.003165317286474661,0.00043268298784502105,0.00022098483147972461
2021-04-14,-0.03225636292765166,-0.031858325590769176,20512671253.01205,-0.013221977471458694,0.031316441984141324,-0.02054121239481747,-0.017724113805215304,-0.6750283048131329,-0.0028170985896021662,0.0004264929039406057,-0.000764836994559587
2021-04-15,-0.0249357520700606,-0.02482513505769557,11249310339.67892,0.0014655089766083393,0.015014495591814761,-0.020911897808488206,-0.01805520043847421,-0.23176002099645707,-0.002856697370013997,-3.654356849715379e-05,-0.0005651917061285596
2021-04-16,-0.053538932964763974,-0.05348729002230723,15740427372.09463,-0.026041176551412953,0.029271618680389258,-0.023742059969829983,-0.018650420252972182,-1.691444958091979,-0.005091639716857801,0.0013942168057096815,-0.001191828307849474
2021-04-17,-0.040260741025997415,-0.040078464190920426,11862499746.34749,-0.03862390579425932,0.026253370182521968,-0.025594160571435084,-0.018925348459578842,-0.8534298128430855,-0.006668812111856243,0.0015550270685951953,-0.0009087835779083695
2021-04-18,-0.03384754707431914,-0.0340420014309758,29025717493.56943,0.023257119923034995,0.07030240316154533,-0.025940048173218218,-0.019299889642514494,-0.4576307219808157,-0.006640158530703724,-0.0007871964614080125,-0.0008345936313310556
2021-04-19,0.007688299210210969,0.0076274976767052305,15980367367.83548,-0.024578275121241003,0.0527388976117202,-0.02540832937948335,-0.018520977478861337,1.82304228378301,-0.006887351900622014,-0.00018896513320298513,0.00019586668573699456
2021-04-20,-2.7411901822538276e-05,0.00036749400160851486,17936263515.6146,0.03350199980210876,0.04365943055753605,-0.0251781476326764,-0.018420386208196936,1.3627187091124842,-0.006757761424479463,-9.18353529434102e-07,-7.155306277489528e-07
2021-04-21,-0.018500884862450828,-0.01831703239912641,13965417339.88797,-0.025792017090714926,0.04566060476616862,-0.02525231478826751,-0.018862984809131053,0.3664346557822408,-0.0063893299791364586,0.00047717513856568083,-0.00049970334270339
2021-04-22,-0.024372287952137195,-0.02389224854868499,24205456559.06127,-0.03403795127804012,0.04385208490091395,-0.024722216617752372,-0.01849173392567279,0.019148501729646557,-0.00623048269207958,0.0008295827498492101,-0.000697127042047629
2021-04-23,-0.010005559633825434,-0.009932104158704824,27531602634.09058,0.015837763193955384,0.06698045025911013,-0.0241395762326924,-0.01877787390863489,0.7619212408839938,-0.005361702324057509,-0.00015846568410352615,-0.0003118083286084636
2021-04-24,-0.0008517864681858445,-0.0006748988009541712,14965045326.887241,-0.0012969602458659541,0.031505588964647786,-0.021480283703373283,-0.01820399507077925,1.170087626042051,-0.0032762886325940314,1.1047331872036055e-06,-2.6697295202948795e-05
2021-04-25,-0.009646517202680172,-0.009483937920889973,15286993330.1604,-0.012478092194836912,0.024146348374011674,-0.020919860089661173,-0.018276833311013114,0.6326908381494266,-0.002643026778648059,0.00012037013101412345,-0.0003075303941049895
2021-04-26,0.013288654968524716,0.013047809916697739,20594394185.15647,0.029397609194978018,0.018466516248083875,-0.019790979409608774,-0.017275666443650094,1.7217239191439182,-0.00251531296595868,0.0003906546854915925,0.00041985285131570247
2021-04-27,0.0014593260875765957,0.0015935807012623648,12306057432.26168,0.028446327758711067,0.023675921494464396,-0.01733734917879005,-0.016987163637434903,1.0200401130144123,-0.0003501855413551476,4.151246819404133e-05,4.6685693056378215e-05
2021-04-28,-0.0038209403203038894,-0.003702694957108288,14420430887.67137,0.001329495278622382,0.028111359274273613,-0.015697402663967755,-0.01688658875643845,0.6598116840244631,0.001189186092470696,-5.079922115741914e-06,-0.00012235836071055697
2021-04-29,-0.01160436419759503,-0.011295494269875639,13822718178.83627,-0.013250987740610468,0.023280110471633544,-0.015798146791753197,-0.016833309887293545,0.23338749272363848,0.0010351630955403486,0.00015376928771991077,-0.00036953341287195794
2021-04-30,0.014772782636393034,0.014986898558729367,16384605220.975159,0.07206954964271294,0.053985436723587056,-0.013387182409995929,-0.016414223063770512,1.519612876314085,0.003027040653774583,0.0010646677915745353,0.0005009729781500254
2021-05-01,-0.023000552531007856,-0.022907751670757315,12008585817.99517,-0.006386606571060028,0.012931133312092377,-0.013945752982826198,-0.016648672609480837,-0.48575988267919196,0.0027029196266546394,0.00014689547993254612,-0.0007660917565269157
2021-05-02,-0.020610078865306858,-0.020499499986823322,11572672993.01727,0.0021269168071861855,0.014193943289443301,-0.013881712209194477,-0.016843586953664474,-0.36147032822392583,0.0029618747444699976,-4.383592313605394e-05,-0.0006888935514168529
2021-05-03,-0.02573390418773258,-0.025552860309836056,15734811253.15819,-0.013708325228910913,0.024315958046871353,-0.013667200126443693,-0.017277048982053456,-0.6543371381742695,0.0036098488556097624,0.00035276872801507075,-0.0008751148112504238
2021-05-04,-0.039360927128500034,-0.03919804586283371,21460954657.1204,-0.04148009212848208,0.05111417130165796,-0.015960261352935035,-0.017602718420879033,-1.2647380843999074,0.0016424570679439976,0.001632694883552651,-0.0013697158147076406
2021-05-05,-0.006153520997598361,-0.005888689597956409,17803582010.46668,0.046688475279571706,0.04363420991515787,-0.014717268880075355,-0.017833576965973038,0.4698224989343434,0.003116308085897683,-0.0002872985129786965,-0.00021774499329102077
2021-05-06,-0.036808304653142665,-0.03643251766865041,15686629190.12539,-0.007670291867393935,0.03192529657287074,-0.015282628526888786,-0.017991301083042394,-1.1488075193257552,0.002708672556153608,0.00028233043983355853,-0.0013321185813285864
2021-05-07,-0.012521807506310711,-0.01232755731868218,14595837163.97394,0.02795173881714953,0.022599688258486437,-0.01332943207648625,-0.01805486747195072,0.04876470724746606,0.00472543539546447,-0.0003500062929350195,-0.00044919475517011165
2021-05-08,-0.010967109106541417,-0.010845202412102073,15519326694.29709,0.012857360114494691,0.030092927744915947,-0.011934497223178821,-0.018087367817227022,0.06293697666798793,0.006152870594048201,-0.00014100807119775714,-0.000395428248301456
2021-05-09,-0.027087209887942887,-0.026996242589804487,14240035980.97883,-0.0061335689627685245,0.02188406972259768,-0.011612576404779952,-0.01865754888589462,-1.0348157401644478,0.007044972481114669,0.00016614126985668316,-0.0009141986838421996
2021-05-10,-0.04533876687422944,-0.044374701421955876,22695249844.91265,-0.06175309374416884,0.04764743491819653,-0.014137674789753304,-0.019472198462576973,-1.9532228060241597,0.005334523672823669,0.0027998091210293076,-0.0015191999256476824
2021-05-11,-0.01012456477680046,-0.009933532815407431,14894271373.24978,0.027038851524490638,0.022716998111425135,-0.014618491593323683,-0.019419013097012366,0.2866497592713826,0.004800521503688683,-0.0002737566037499953,-0.00032915454393319846
2021-05-12,-0.041768918806857847,-0.03999120265724976,25827757899.75109,-0.15330918253494455,0.09856656694538056,-0.015726493209724017,-0.019801164520503914,-1.5546791952082264,0.004074671310779897,0.006403558797647848,-0.0014631576971551607
2021-05-13,-0.012653422166933437,-0.012094959256704452,32261339754.84351,-0.015356686333401055,0.03822785997495882,-0.01516845198185717,-0.019614530627515163,0.15111251421025035,0.004446078645657993,0.00019431463526170068,-0.0004398582552956274
2021-05-14,-0.010725993369923192,-0.010577372866844459,16003223041.87315,0.013527542052604896,0.03226243099037914,-0.015202758350242778,-0.019341195979818693,0.2691497395492071,0.004138437629575916,-0.0001450963263675973,-0.0003551243456886123
2021-05-15,-0.014077518630367103,-0.013686847053396511,21481317002.84265,-0.05976162178613344,0.04231507050552696,-0.015832555119870455,-0.019854746618344767,0.10760704345314484,0.004022191498474312,0.000841295344075246,-0.000473335415622363
2021-05-16,-0.008656986331851746,-0.008346860509566678,28364127431.87493,-0.04231304419569015,0.061108148932730304,-0.015785434602211962,-0.019365242373194234,0.43652835360968745,0.003579807770982272,0.0003663034452611285,-0.00030631519842420825
2021-05-17,-0.008775940297260143,-0.008680745760673791,35658317191.93991,0.01329525457399127,0.07850981736815492,-0.016836129614868384,-0.01897066723120218,0.5365158455388125,0.0021345376163337954,-0.00011667836037822223,-0.00033561642674386876
2021-05-18,-0.007534732381772491,-0.0070427754550260735,25938880316.66994,-0.04418437360252452,0.05548675648264122,-0.017264418113408814,-0.018841114745511752,0.6665203372888175,0.0015766966321029384,0.00033291743055127514,-0.0002995628003862756
2021-05-19,-0.024665979104417812,-0.023942688697553116,52959873009.79825,-0.10215634851284436,0.1042486573554208,-0.01825703900789043,-0.019116159807216093,-0.4467901438007864,0.0008591207993256626,0.0025197863578014425,-0.0010700885020625216
2021-05-20,0.016642893140802473,0.01678571804401341,30672617975.08359,0.054783302196609276,0.06038317224325699,-0.016911931515585787,-0.018259382288183953,2.07085302862316,0.001347450772598166,0.0009117526443584576,0.0007514264261597608
2021-05-21,0.008981202047815051,0.009613316135106187,35509680104.40348,-0.08814342015770472,0.12214075470390079,-0.017187721067422834,-0.017939307346943063,1.669160411111026,0.0007515862795202284,-0.0007916338656218002,0.00043464957839121514
2021-05-22,0.011570653401604014,0.011887765404885675,21993863634.95327,0.013288704972643594,0.05858650212758804,-0.015541473165869887,-0.017596585165889293,1.6127502012213202,0.002055112000019406,0.0001537589993946308,0.0005851226726438443
2021-05-23,0.016669069703632022,0.016792539644697735,34118866979.40657,-0.07614095765914841,0.08846295569305741,-0.013766275614968036,-0.0168629302575803,1.6756745391811823,0.0030966546426122628,-0.0012691989305216394,0.0009018994222198759
2021-05-24,0.0183505023952637,0.01848078321054114,26315302276.99865,0.0962462887337473,0.07295185463000974,-0.01166701815863488,-0.01590734621789624,1.5612076341788808,0.004240328059261358,0.0017661677519438717,0.00103537496868006
2021-05-25,-0.001464541874692249,-0.0013178813044117943,22712004628.951588,0.000693488272357913,0.08886742039633462,-0.009862428384644033,-0.015520619248505013,0.46011877974834714,0.00565819086386098,-1.015642614476147e-06,-8.526552986163236e-05
2021-05-26,-0.021264340237429402,-0.021012734936834976,22649858073.55562,-0.006880937950953686,0.04410806378521372,-0.010581991205588368,-0.015280157493493731,-0.5807097685840984,0.004698166287905363,0.00014631860574171947,-0.0012384882830802127
2021-05-27,6.7707323393007e-05,0.00039818812113456836,21083767719.11829,0.023461260241731074,0.04659387357219505,-0.008825990635277146,-0.015006838990218046,0.5080617312879059,0.0061808483549409005,1.5884991343943834e-06,3.990737426977781e-06
2021-05-28,-0.009075436009216897,-0.008888288027540714,30299787311.85723,-0.0691585386149778,0.07200477160771201,-0.008661877706844108,-0.01524445658438678,-0.023652292000055364,0.006582578877542673,0.0006276438916911868,-0.0005562663640322343
2021-05-29,0.001347836479577591,0.0015075078668107533,25787790806.9165,-0.052292118174004594,0.040940406770251465,-0.008075451726552727,-0.015201369840388878,0.535116052478003,0.007125918113836151,-7.048122446930572e-05,8.3310003015532e-05
2021-05-30,0.006617526509230087,0.006896257830467434,18116421636.309372,0.024742457024276722,0.048109707860335915,-0.006470464279068298,-0.01467436295235549,0.7554816410918371,0.008203898673287191,0.00016373386526163738,0.0004172946750396279
2021-05-31,0.012602315094932148,0.012888028464028256,22929964892.0569,0.07655401807411044,0.04829626207724487,-0.0037113651376796514,-0.014419123102305436,1.0646850821549256,0.010707757964625784,0.0009647578575530706,0.0007950788904047625
2021-06-01,-0.012309198630099716,-0.012107379454240008,21609364827.08958,-0.00043104717337002834,0.024298003274238013,-0.0038153953211700923,-0.014537344849056725,-0.5524215325363724,0.010721949527886632,5.305845275954708e-06,-0.0007775129096640061
2021-06-02,0.01418732398881839,0.014339959624615206,16479965808.269459,0.029353986857562703,0.031039424486785216,-0.0011508123308997954,-0.014043206776297107,1.1656823218175916,0.012892394445397313,0.0004164545219117591,0.0008505246109004385
2021-06-03,0.004800594715708151,0.0049029791426455915,19590443294.67527,0.04225634483140943,0.03196161704843251,-0.00031966866982162455,-0.013403445756477055,0.39554923037143597,0.01308377708665543,0.00020285558570280553,0.00028636134338447955
2021-06-04,-0.014144524889693422,-0.01440676713074407,25922946606.60956,-0.0298974774849936,0.03662593864916104,-0.0004824558850487783,-0.013274930155994652,-1.0426964096363251,0.012792474270945873,0.0004228856144255406,-0.0008466772363214464
2021-06-05,-0.0023770275409199515,-0.0020912715748141464,22946553087.06278,-0.052553014396008686,0.051467503900938245,7.471035730584792e-05,-0.012412709488645963,-0.19245380774915968,0.012487419845951812,0.00012491996257767534,-0.00014332249219529017
2021-06-06,0.006661277981064639,0.006949591515595044,15937978040.90477,-0.005363823669994544,0.01601777404752896,0.0008041515150637711,-0.01196704772560312,0.4629169587841174,0.012771199240666891,-3.5729920507247984e-05,0.0003873378471369404
2021-06-07,-0.023714468809267197,-0.02290810274502264,22666564580.47221,-0.08151346240893872,0.06289803144007206,9.279301449200654e-05,-0.012178105336661717,-1.7502148106248172,0.012270898351153725,0.0019330484618321517,-0.0013613115244269888
2021-06-08,0.019972101244429386,0.020200182193473637,31912200461.05386,0.017369810880458157,0.058185385085109835,0.001402642234787334,-0.011066375019137178,1.312808456020001,0.012469017253924512,0.00034691162150110144,0.0011490502224355923
2021-06-09,0.04228714190206806,0.04276324717179314,36050659489.10996,0.1288521897962848,0.06746087221994826,0.0045908860922390425,-0.009787851859873048,2.4383595241160214,0.01437873795211209,0.005448790834307701,0.002358817644046592
2021-06-10,0.0074366451088916374,0.007655469277775495,29775084407.93657,-0.007574258426618363,0.034246641844967035,0.004152493328814717,-0.009519194992841422,0.215641966366559,0.013671688321656139,-5.632707188179272e-05,0.0004055676275248455
2021-06-11,0.009500720785694305,0.009724062556047297,21668792470.73891,0.015153477024948233,0.022489587628278462,0.004177232316332776,-0.008799223720361996,0.34934910088281695,0.012976456036694773,0.0001439689541464668,0.00047305111166589777
2021-06-12,-0.006462758805846014,-0.0063717326343119,22229082760.92563,-0.0010954389917169271,0.017085294062929243,0.003318498401692299,-0.008722909249001261,-0.6389308426903132,0.01204140765069356,7.07955798998565e-06,-0.0003090157013473623
2021-06-13,0.04248242314638184,0.04298375995876591,23729185499.535862,0.1119164989701863,0.06035520613117212,0.004547705708489909,-0.007700094038557535,2.1881524064210036,0.012247799747047445,0.004754484066313062,0.001974428554711014
2021-06-14,0.007459431313898701,0.007637668535080522,28043323953.58158,0.03803541768665229,0.05205702223916302,0.004029083276043957,-0.007101711669678205,0.20103292043523585,0.011130794945722163,0.00028372258572903063,0.0003392651691205027
2021-06-15,-0.005138132556878894,-0.004933363499708632,25426404028.574272,-0.00629937776801745,0.014859266165205802,0.0038541503864160213,-0.007322846450387682,-0.5245943631451511,0.011176996836803704,3.236703799792956e-05,-0.00021558152169880266
2021-06-16,-0.01457007549108802,-0.01439750706284515,26431149487.44754,-0.04228684479523105,0.02928879398481159,0.004172924898146564,-0.007042111729172387,-1.121819299410871,0.011215036627318951,0.000616122520946439,-0.0006010373887052352
2021-06-17,-0.02010657248457992,-0.019833146939905788,23274089670.0265,-0.02066892203059892,0.03713193266225592,0.00321224490729071,-0.006965458084958407,-1.3312879813105456,0.010177702992249116,0.000415581178986368,-0.0008203667733632193
2021-06-18,-0.026062439045638652,-0.026058725871576982,29108720481.11914,-0.05683230071769882,0.051284377617511236,0.0024033400007944356,-0.006529323260845307,-1.5405517735872125,0.008932663261639743,0.0014811883732784312,-0.0010376562145617174
2021-06-19,0.013057095715704126,0.013377039298373417,22933053073.80613,0.011396885726401886,0.02452514327914116,0.0029609237739433186,-0.00568300839192941,0.5422123787481822,0.008643932165872729,0.00014881022779057157,0.0005096518879316144
2021-06-20,-0.0005219819951005622,-0.00042495694690258823,28839255734.67477,0.0018565276350628536,0.06163388575773568,0.002620947178499002,-0.00515403116844975,-0.16883487396352226,0.007774978346948751,-9.690739989094367e-07,-2.0710455008332264e-05
2021-06-21,-0.004307073596585775,-0.0043084350419707595,45999742162.57469,-0.09202145422008014,0.05940225808932805,0.0018157381931886245,-0.005344433911414777,-0.330470272110128,0.007160172104603402,0.0003963431757907338,-0.00017316773155644384
2021-06-22,0.015357830237575865,0.015915715262433183,48118035155.632164,-0.015286308770589736,0.05248474197016307,0.003133215758316033,-0.005100223718725914,0.6623476539247924,0.008233439477041946,-0.0002347645350578842,0.0006380817908010086
2021-06-23,0.010405472218570688,0.010731434466946466,32385728391.32214,-0.008582930875603155,0.03210991047372163,0.0029531275787804284,-0.004641392653947795,0.4058691697559264,0.0075945202327282225,-8.930944878000122e-05,0.00043285336615011
2021-06-24,0.01803644090905676,0.018471560203279447,26142284529.30551,0.06144718317638397,0.04230167640465128,0.003583405968939886,-0.003968238227579636,0.7748416761724973,0.007551644196519523,0.0011082884883888363,0.0007591720435720249
2021-06-25,-0.009837569620183673,-0.00960190484430734,36220815800.34415,-0.10414887482049076,0.047862850754054866,0.0037884990770117788,-0.003965571719426592,-0.7377002462468283,0.007754070796438371,0.0010245718069103722,-0.0004193372525073861
2021-06-26,0.022067234329659735,0.02232914978949374,34169368151.214962,0.009358951923923338,0.05736589855920346,0.004952511547039383,-0.003601777738508409,0.9089180224569153,0.008554289285547792,0.0002065261851852361,0.0009468383509515458
2021-06-27,0.0134785903471768,0.013980782893056487,29675701648.44259,0.046277101952657,0.05747913078619391,0.0052771454692352,-0.0032347125393043298,0.43349705779545017,0.008511858008539529,0.0006237500996743993,0.0006049370466440722
2021-06-28,0.005636132322097698,0.005925743513057524,24347802821.64672,0.002803804741301906,0.04288422515786517,0.006674793142157338,-0.003356181152739679,-0.05862732815734734,0.010030974294897018,1.5802614527302447e-05,0.0002475856580417659
2021-06-29,0.014745007255430487,0.014775979614410462,28651151982.42255,0.03821420422652261,0.03196304938923363,0.006425883904585962,-0.0031452973246785063,0.47385789665167494,0.009571181229264468,0.0005634687185805782,0.0006293111276371541
2021-06-30,-0.008527523220049238,-0.008488898985853921,25089717253.91246,-0.0023551098640765874,0.02853210499775563,0.0040061379463898995,-0.0032200049897538295,-0.7943691770752815,0.007226142936143729,2.0083254051680105e-05,-0.0003481434439338479
2021-07-01,-0.011532863546322658,-0.011650565153064063,25510026886.15879,-0.01863978870233013,0.03143262899042986,0.0031028280104273146,-0.003218870058781252,-0.908405842528777,0.0063216980692085666,0.00021497013963626006,-0.0004692936276926271
2021-07-02,0.024713272074990522,0.024967582761387552,22117194903.82862,0.025934292028118096,0.031816358165774467,0.003827235214679515,-0.0030610845121368476,1.247444158753543,0.006888319726816363,0.0006409212149631403,0.0010166048725064694
2021-07-03,0.021592691209182835,0.021622205328919897,17523073397.643322,0.0338087738834423,0.029223625688848037,0.005163209024918984,-0.002353255246419535,0.9665363134173361,0.007516464271338518,0.0007300224146262548,0.0009007176108269645
2021-07-04,0.006154320230327581,0.006208630467306575,15913944818.062521,0.01877888177129597,0.028078762139833208,0.0034332993622497336,-0.001928423514742798,0.1850507186387753,0.005361722876992532,0.00011557125198801663,0.00024726231241326664
2021-07-05,-0.021401069418414576,-0.021456222876799713,25080538853.9889,-0.019786776788109015,0.03340737228985628,0.002058989803568149,-0.001859648359674258,-1.5010865681243268,0.003918638163242407,0.00042345818360899523,-0.0008408255904776104
2021-07-06,0.0019839451283818477,0.0021653682845970135,22007603921.1366,0.009079859934271375,0.037068344432434744,0.0023981363600091366,-0.0012033805460729583,-0.026650207728748408,0.0036015169060820947,1.8013943882987217e-05,8.004529612248627e-05
2021-07-07,-0.001608006563357911,-0.001341196136664058,15756590092.29847,-0.017259526243500353,0.025405205332521927,0.003015377737520094,-0.001131229523307237,-0.30649180856331776,0.004146607260827331,2.7753431479996677e-05,-6.458010743135322e-05
2021-07-08,-0.006144188019472252,-0.006070736251976516,21360817082.62111,-0.013038921717589759,0.02653593979010843,0.003680253188239507,-0.0006444975132489765,-0.6869191923773129,0.004324750701488483,8.011358660405156e-05,-0.00024366020767201552
2021-07-09,0.033164925087881825,0.03342042973178838,16088319381.030289,0.02643326235055099,0.02689121123399039,0.006500603861264291,8.068871840487335e-05,1.9073399389806012,0.006419915142859418,0.0008766571656843507,0.0012766985159838725
2021-07-10,-0.001073729190752326,-0.000773879437778624,13822726226.602291,-0.008320419772035844,0.013488089257936698,0.005827707437147318,0.00023772649484597003,-0.4933628575930853,0.005589980942301348,8.9338775885477e-06,-4.0769357770770714e-05
2021-07-11,0.029008725802026847,0.02929312163751696,11640701255.89198,0.023838094790468216,0.014591827945973392,0.007233931617962909,0.0011281381724645373,1.4732366157379575,0.006105793445498372,0.000691512755419417,0.0010364751587095627
2021-07-12,-0.02152677924025681,-0.021349547137426206,16891641370.32395,-0.040259177853354984,0.028806789030004238,0.006413945634930955,0.0015061062301466425,-1.7585351566399472,0.004907839404784313,0.0008666504340434088,-0.0007377839659856705
2021-07-13,0.0035301692639841953,0.0037295443992093613,15294563607.10545,-0.010822300201782296,0.02114746560689046,0.005850723683807542,0.0017228480403178275,-0.14719760771055126,0.004127875643489714,-3.820455153794181e-05,0.00011572104412094581
2021-07-14,0.0055679620008741715,0.005877962462465192,16871855472.037369,0.030802448998165262,0.019881372032154315,0.005620366054393422,0.002474227100758018,-0.0033314051559138022,0.003146138953635404,0.00017150686555564886,0.00017927881225648942
2021-07-15,-0.024283616551744935,-0.02410013102565245,17249306209.93983,-0.023363908881616238,0.023477702588382814,0.0036051252229266743,0.0022896208406816454,-1.6661266436359559,0.001315504382245029,0.0005673602044310766,-0.0007601233995805911
2021-07-16,0.015926905701006966,0.016111074617552124,16377889184.44778,-0.016248777216351044,0.04308103850422461,0.004832005000126228,0.0027126827306964097,0.6664372824164526,0.0021193222694298186,-0.00025879274248149354,0.0004949158090846686
2021-07-17,0.01766168370381216,0.017814861230702084,13327067038.85016,0.0062193244134789265,0.01715606148952701,0.004622216875085868,0.0032164795931436995,0.7928380076677642,0.0014057372819421682,0.00010984374064226187,0.0005150048608011987
2021-07-18,0.0031797251380560887,0.0033966349700891296,13084053080.66186,-0.012154250074806798,0.022142144423923225,0.004131794722270596,0.0034043639021898555,-0.058329161801586815,0.0007274308200807406,-3.864717449708327e-05,8.736844734943464e-05
2021-07-19,-0.013492426646340205,-0.013167021307536109,15114690213.58257,-0.02252244141502526,0.022182856664011107,0.0032209109618687912,0.0033294990395060452,-0.9970948955987772,-0.000108588077637254,0.00030388238868872303,-0.00035742719966289186
2021-07-20,-0.003327120114963611,-0.003410352983335252,17961608394.43468,0.006501497660420161,0.011055982919934728,0.0023603334680405005,0.0033962865358045987,-0.34253582494146706,-0.0010359530677640982,-2.1631263643372772e-05,-8.482617635161596e-05
2021-07-21,0.037840187481436915,0.03724995512842977,24708991011.44716,0.07434887673169321,0.04520893959954703,0.004568319691920794,0.004388447910183245,1.8382906938302825,0.00017987178173754868,0.002813375434561514,0.0009948000018380144
2021-07-22,0.011770846609728602,0.011964494876378629,12754500028.76495,0.011003317310940234,0.021364296646527517,0.005678020175542283,0.004311113838261438,0.3427890008165129,0.001366906337280845,0.00012951836026524888,0.0003038063277510057
2021-07-23,0.03460960693499637,0.035286310465799886,13173247545.9248,0.03213526219998653,0.04350697105162738,0.0061492742164949415,0.004717913915835745,1.5447816187471897,0.0014313603006591968,0.0011121887934945807,0.0009125432634776323
2021-07-24,0.01572257000411681,0.01588019424037057,12732082908.68063,0.017149725165599768,0.01273051687358662,0.005869744635301322,0.004783817353970868,0.5407424870755697,0.0010859272813304533,0.0002696377544675061,0.0004022049703594099
2021-07-25,0.026325051301505864,0.026987615445762447,13893942170.58207,0.03512007690775201,0.035945689455103944,0.006830255638690764,0.004937086903143469,1.0391497153519509,0.0018931687355472947,0.0009245378263094032,0.0006832928023888026
2021-07-26,0.00862142968741697,0.008443470333000525,44475672628.66526,-0.02804224247390611,0.06041636810219616,0.00825989845325417,0.0047826571776220924,0.02052981694714211,0.0034772412756320778,-0.00024176422176627925,0.00023486614239768517
2021-07-27,0.007676633222094109,0.0080291309051157,25492243891.00927,0.06882232960355779,0.05162256403903976,0.00853097883866904,0.0049277551950314,-0.04867417847975331,0.0036032236436376406,0.0005283237818565827,0.00021444822318743514
2021-07-28,-0.006502046300878028,-0.006096521856698178,29337785847.17598,0.004712725440180303,0.0391332218013602,0.008297929327358558,0.005162077321008406,-0.8349621260183339,0.003135852006350152,-3.064235901537812e-05,-0.00018588639764209274
2021-07-29,0.005644757742810258,0.0059198050759112775,18494873369.9317,0.01049854934545915,0.015538360045452674,0.008859307696991059,0.005250601930840425,-0.18443398507966208,0.0036087057661506336,5.92617677060561e-05,0.0001584213273938793
2021-07-30,0.013357948671521624,0.014316764718745434,22382077430.50685,0.05483827268109235,0.06787498704836958,0.00791611834383105,0.005606687401963259,0.32856169940265895,0.0023094309418677916,0.0007325268317089381,0.0004009631568246272
2021-07-31,-0.020637848104231526,-0.020473100952932866,15885174209.01891,-0.009044312480360885,0.009878466810241083,0.006984493633665373,0.0052577082815853365,-1.5685061225759342,0.0017267853520800368,0.00018665514717689343,-0.0006159352231012366
2021-08-01,-0.02469745781955912,-0.023903177834569633,20123271133.84008,-0.0625929658168239,0.0396672417060933,0.004427056318351756,0.004760645038271222,-1.605198953842994,-0.00033358871991946617,0.0015458871330621142,-0.0007665844361151456
2021-08-02,-0.015160948364578042,-0.014880764522439915,17868768676.14336,-0.016088802249356337,0.020997017610997853,0.004730191121955506,0.004319958316691695,-1.1214371147531854,0.0004102328052638113,0.00024392150015039847,-0.0004649424387269437
2021-08-03,-0.014619063572575919,-0.014411981652753592,19870811472.42814,-0.011663179492552694,0.010820291686824196,0.003865941939262168,0.004283293793795248,-1.0137773156799474,-0.00041735185453308,0.00017050476245999158,-0.0004411351797419502
2021-08-04,0.002696354417850433,0.002888695642341732,18566815767.50786,0.045070884423624676,0.032933296729578704,0.0037291987210229423,0.0041008974513989304,-0.05665269906199804,-0.00037169873037598816,0.00012152707833206665,8.303924384129419e-05
2021-08-05,-0.003380841505772114,-0.003070493545637043,29293280083.508812,0.03566560529516709,0.059770214158435274,0.004724568961307362,0.0039710333843913075,-0.47221422333982105,0.0007535355769160545,-0.00012057975871038659,-0.00010996211586973338
2021-08-06,0.013096262739173303,0.013241733639659525,27084444322.36515,0.06265283905133526,0.04665500891363896,0.004589776439315283,0.004403426838817764,0.49794334716643296,0.00018634960049751948,0.0008205180415714239,0.0004281857388438993
2021-08-07,0.012707473537714842,0.01303813354608141,25434912724.49232,0.0210905094302206,0.02827553633944896,0.004353861669501125,0.004642863363875459,0.49350253966306085,-0.00028900169437433374,0.0002680070904814536,0.00042220276613710633
2021-08-08,-0.002657443858056441,-0.0024333919431167583,24546996022.15984,-0.012388091232687488,0.01773635929682565,0.004075901241114814,0.00449494714420687,-0.39619040916094317,-0.0004190459030920567,3.2920656959348206e-05,-8.773540615581837e-05
2021-08-09,0.011772880262912677,0.011960423786151475,28215980001.728,0.06182844514678379,0.048678318601246336,0.00527901109393638,0.0050582383993208364,0.39170353418748227,0.0002207726946155432,0.00072789888155515,0.00040353489594762245
2021-08-10,-0.014509458665465047,-0.014230746759661406,20993395642.65772,-0.003030936840948928,0.0168070462384327,0.00474651878200774,0.004510912051544734,-1.1299205897458189,0.00023560673046300537,4.3977252811383674e-05,-0.0005013091986189451
2021-08-11,-0.003467514002072125,-0.0032643313892284365,18016171890.37027,-0.001455155879288571,0.029901257077573223,0.0027794853780311194,0.0037846476721139378,-0.40752911553809923,-0.0010051622940828184,5.0457733866306955e-06,-0.00011727677749265226
2021-08-12,-0.015433584330008965,-0.015162051641360863,21002449071.36338,-0.03440081394227754,0.02284839567735014,0.0014840362856626637,0.0034216281572107534,-1.0791576607181177,-0.0019375918715480898,0.0005309278629990886,-0.0005230788097755013
2021-08-13,0.027335488672279418,0.02752778398182021,20268188738.82734,0.05660492392136119,0.03534817238943857,0.001137649701723761,0.0037047197109660725,1.749704708057347,-0.002567070009242311,0.001547323256647607,0.0009158408326767281
2021-08-14,-0.015898103857993395,-0.015506323223411833,17592436753.37547,-0.010148243842987369,0.023965618400885413,-0.00036809667266243925,0.0035549523291859555,-1.033780716255155,-0.003923049001848394,0.00016133783459205522,-0.0005411513420508631
2021-08-15,-0.01701162763611408,-0.016980303551467513,17184325858.98103,0.002257789942417648,0.0288102713074739,-0.0024317480506443412,0.0026106023167653853,-1.0324277002685749,-0.005042350367409727,-3.8408681780972473e-05,-0.0005732740409575167
2021-08-16,-0.024999580341287908,-0.02471405472865751,19341043030.76062,-0.03141449246868177,0.026584195574251568,-0.004032748528201717,0.002095379909540201,-1.4263003193550667,-0.006128128437741917,0.0007853491283515937,-0.0008021839643355228
2021-08-17,-0.029796654722459515,-0.02936408428062076,21777823959.04203,-0.03778045871758551,0.03720576317581322,-0.005817190811275698,0.001703974795800826,-1.5508284754423447,-0.007521165607076524,0.0011257312836640309,-0.0009356561636388081
2021-08-18,0.001150491158516287,0.0013986483447390174,17865646754.68377,-0.008224999699637664,0.03117484561206718,-0.005452784265590255,0.001953507599762799,0.4250466778364743,-0.007406291865353054,-9.462789433232248e-06,3.5691011401211214e-05
2021-08-19,0.007455070282517129,0.008042963722620478,19883402232.55334,0.05976371332039553,0.04359600435434008,-0.005366578906556595,0.002390993992891324,0.8216404936231673,-0.007757572899447919,0.0004455426831477538,0.000241234823828001
2021-08-20,0.023659767729331316,0.023872306055718884,19242378733.46022,0.04647654115356689,0.03999447012472742,-0.004876016094279943,0.0031802353702717993,1.7435641678596312,-0.008056251464551741,0.0010996241685561007,0.000734182637856235
2021-08-21,-0.0020936381403855453,-0.0019943758045191107,17049427213.442501,-0.0004905825945667108,0.017134599589231594,-0.003992958476953944,0.0029397475312862493,0.11893912235071209,-0.0069327060082401935,1.0271024309941643e-06,-6.569078034849154e-05
2021-08-22,-0.007248857657004226,-0.007013989875840121,14395479952.62928,0.009463536368696662,0.019598457034792852,-0.00316207275492752,0.002832971727129048,-0.26751879959748,-0.005995044482056568,-6.859982806856477e-05,-0.00022051547597044994
2021-08-23,-0.010740911505280337,-0.010611418105123116,17745733776.00453,-0.015684872359474456,0.019270696574065427,-0.0029515948092466767,0.0027308473158799283,-0.5147301713408566,-0.005682442125126605,0.00016846982598473273,-0.0003258633067890818
2021-08-24,-0.027921862396988684,-0.027749384760493934,19450210328.35084,-0.03381879357900696,0.027500664639216393,-0.003585061419932999,0.0020438680677122368,-1.5301928359866483,-0.005628929487645236,0.0009442837007451968,-0.0008692862785868901
2021-08-25,0.0007140779383039142,0.0009274943652870515,18737744219.73293,0.020411985926048863,0.029052202328082373,-0.0036794555380066426,0.001890036412469907,0.2768259496862647,-0.005569491950476549,1.4575748826761485e-05,2.2099287346840515e-05
2021-08-26,-0.03151410535260113,-0.03151045377631734,22473235582.72602,-0.02304737635963369,0.021936859172989234,-0.005019134768808024,0.0011035198051420041,-1.5592254501537683,-0.006122654573950028,0.0007263174466985448,-0.0009185232341118895
2021-08-27,0.01650442518696571,0.016838946612664385,19245054649.6343,0.04667348646116935,0.02632546504577641,-0.004856841318913148,0.001521646706842788,1.2427145244480402,-0.006378488025755936,0.0007703190655132266,0.0004650673504419588
2021-08-28,-0.012997157397531489,-0.012827978521288919,10891802522.97636,0.0007993876830134946,0.009086290534986299,-0.006080871363448688,0.0009650690603794352,-0.4120171323995229,-0.0070459404238281224,-1.03897675377744e-05,-0.00035436189698951004
2021-08-29,-0.014012776717679643,-0.013651193428414587,15338512478.0667,0.011388206213471043,0.012289440842742902,-0.006621601499621221,0.0005286981545880631,-0.43855767631573694,-0.007150299654209284,-0.00015958039088426166,-0.0003784177272457873
2021-08-30,-0.03409282975870842,-0.033946217400891765,16883434689.08808,-0.020299864302007965,0.03676476936657017,-0.008805682929222226,-0.00010192029113901815,-1.4603363656003616,-0.008703762638083208,0.0006920798177732399,-0.000901342150237221
2021-08-31,-0.004706435314527857,-0.004518520216248767,17331998427.24321,-0.0005701410972683936,0.018503028216264702,-0.008338872293463312,-0.0004106733478050236,0.21012980957975955,-0.007928198945658289,2.6833321944476293e-06,-0.00012480826984904178
2021-09-01,0.004785723862748892,0.004965373372100679,16740393336.665249,0.036621172133640495,0.022936732853579403,-0.007945860966567072,-0.00019935196553838664,0.7277071646039937,-0.007746509001028685,0.00017525881736179806,0.00012532373776174253
2021-09-02,-0.008229381139779446,-0.008119930009774512,17997935761.14562,-0.006424864826052608,0.013306308814905656,-0.007602803671794238,-0.00014691573686309754,-0.0359859064669743,-0.007455887934931141,5.287266142514968e-05,-0.0002117634734188321
2021-09-03,0.0013395878541364592,0.0016664901098568663,21513177165.61612,0.010392213198183353,0.021895022312900407,-0.008840703710753427,-0.0005179265975115748,0.6510277156237723,-0.008322777113241852,1.3921282577883027e-05,3.361291967383061e-05
2021-09-04,-0.009369870490438581,-0.009226627461498604,13759937547.8914,-0.007222645056244278,0.006417194365484557,-0.00852983545515558,-0.0010093958308388987,-0.05400550325412955,-0.00752043962431668,6.767524877541537e-05,-0.00022727882765894415
2021-09-05,0.024614930057541784,0.024997464680860393,14588935796.416069,0.04149080475509265,0.024294984053141917,-0.0065476184221243475,-0.000716370278025975,1.8326083707778666,-0.005831248144098373,0.0010212932570777275,0.0005917757321440022
2021-09-06,0.021260709095899832,0.021575491523085688,15423250787.26498,0.020435167657105804,0.020118799959836012,-0.004344747496543978,-3.919919049717481e-05,1.4644884088369852,-0.0043055483060468035,0.00043446615488366747,0.0005045901271130376
2021-09-07,-0.04720022566436588,-0.04686891951958305,37281067593.00847,-0.11699484900797048,0.09329009840850494,-0.0051734889699680915,-0.0008199003141915832,-2.201539240289686,-0.004353588655776508,0.005522183274744619,-0.0012462813534467104
2021-09-08,-0.014303418844437532,-0.014096473885224725,20085515480.72311,-0.008629832206109227,0.04296546551755178,-0.005909389446299225,-0.0010214147948436408,-0.4387531212978184,-0.004887974651455585,0.00012343610460119664,-0.00038570023993497813
2021-09-09,-0.014405777051817004,-0.014138274448239674,14346157049.465511,0.008662634099743313,0.018517095670759435,-0.006950382176505613,-0.0011525511286903827,-0.39317550691369213,-0.00579783104781523,-0.00012479197552236966,-0.0003712565250835191
2021-09-10,-0.02578203905022025,-0.025275559190684027,15708080883.28685,-0.04086754770003612,0.02992044552906975,-0.00930475392791283,-0.0020882172261205744,-0.9145303964007445,-0.007216536701792256,0.0010536487106890702,-0.0006520702721325782
2021-09-11,0.008361196011529959,0.008506186148063977,8807681962.10374,-0.0006578387337930712,0.01310124674710222,-0.00880690468258352,-0.0019384565086240303,0.9347015906800296,-0.00686844817395949,-5.5003185972205455e-06,0.00020986254321982067
2021-09-12,0.01325515424612278,0.013467911427346602,10201271595.70855,0.015698715738901723,0.0167507435517578,-0.007830523163386996,-0.002188513199987587,1.1104213945346835,-0.005642009963399409,0.0002080888985851777,0.00033090138940491736
2021-09-13,-0.017449302612469686,-0.01708404953604603,20131171676.0145,0.007811475988253197,0.01756668300728463,-0.008149970358967442,-0.0021237913487528706,-0.48696708915098846,-0.006026179010214572,-0.00013630480836907073,-0.00043418812270557146
2021-09-14,0.01804766749170361,0.018316668301617822,12831694974.04345,0.040813650104060656,0.02542464037660681,-0.00596094512617257,-0.0018933548689478005,1.2407732538988308,-0.0040675902572247695,0.0007365911862008212,0.0004472929757394921
2021-09-15,0.025168985642295638,0.025265868222997367,11624351579.75172,0.02182262558096831,0.01758479539578022,-0.0047964257116967736,-0.0015822275095601582,1.4635333004137876,-0.0032141982021366153,0.000549253349924585,0.0006100436084819468
2021-09-16,-0.003132588033596173,-0.0029593150677781344,12433719043.280079,0.002747272048811331,0.022107974303738502,-0.0034449248869822522,-0.0012464968981609715,0.015985936119196034,-0.0021984279888212807,-8.606071545139618e-06,-7.595291217813063e-05
2021-09-17,-0.01152126760230876,-0.011307111782340673,10742174762.67011,-0.01252234140746821,0.008880269394719621,-0.004779481686471513,-0.0016821821886897925,-0.3537376213316413,-0.0030972994977817203,0.00014427324636291297,-0.00026977433736341837
2021-09-18,0.0037956875054403483,0.003877334892983475,10031215317.91942,0.007638477901411939,0.01571112958625862,-0.003979822405377616,-0.001902277366441726,0.4081851792622052,-0.00207754503893589,2.899327513097151e-05,9.007471339452736e-05
2021-09-19,-0.030587282484987766,-0.03045342983320476,10122579342.97277,-0.012483725452304882,0.02030916939929234,-0.004769084584773241,-0.0024382616144265493,-1.3030617978035126,-0.0023308229703466916,0.0003818432368746811,-0.0007375418161064313
2021-09-20,-0.032829530980926,-0.03308690872865894,26601166549.81395,-0.05705619794227137,0.035168168672923376,-0.004708927500116935,-0.0027451997784675936,-1.4258705395999165,-0.001963727721649341,0.0018731282179996443,-0.0007891124869731776
2021-09-21,-0.014775842191270816,-0.014187288851681856,28674205460.24377,-0.046602793610219864,0.04245973249053672,-0.0051884230656761236,-0.002926925525710565,-0.48314730495343355,-0.0022614975399655587,0.0006885955240569727,-0.00037201820417119596
2021-09-22,0.024836737331946912,0.024974610453475155,17055828172.61599,0.034464669755734166,0.03551983495561886,-0.004233612900476217,-0.0031333294963373903,1.397168036882991,-0.001100283404138827,0.0008559899499554645,0.0006402080657258412
2021-09-23,0.011040720912819824,0.011205685288570244,14552188970.80982,0.017424394149306396,0.026647512461091014,-0.003315988993209586,-0.00314491879311372,0.6821860826686378,-0.00017107020009586582,0.0001923778728774625,0.0002916069982393725
2021-09-24,0.008529671726798194,0.008625943619775756,25937929795.8751,-0.033811201727684356,0.07881779602071376,-0.0029736040468923606,-0.0035588860186406756,0.5430499982167895,0.0005852819717483151,-0.0002883984514256995,0.0002484058847137736
2021-09-25,0.004149181119808665,0.004282963298750886,11773712808.98387,0.001474889492292659,0.0072911838431510105,-0.0023298396844996343,-0.0037425906041058843,0.30584444063569344,0.00141275091960625,6.119583635224888e-06,0.00012100746292557281
2021-09-26,0.03056689607504448,0.03082099209952327,15063801544.28196,0.022335895885669317,0.050122094305055126,-0.0020464127312852204,-0.003675259734684636,1.5099920446487505,0.0016288470033994158,0.0006827390082802677,0.000929051519617324
2021-09-27,-0.010190794692032323,-0.009775616216091243,12386098075.29085,-0.044259458992167745,0.02542891209152783,-0.003544103387853418,-0.0039738664708663714,-0.3167648710594985,0.0004297630830129534,0.00045103905976960536,-0.00031231631036114345
2021-09-28,0.00040783271646871455,0.0006821101871563595,15049002596.376171,-0.03641296716769272,0.02882977609656717,-0.0012770529887660565,-0.004089244256669949,0.09132477805592858,0.002812191267903892,-1.4850399314686236e-05,1.1246951766782137e-05
2021-09-29,0.009091905903600761,0.009243630046579687,12246762409.51776,-0.0164173810211944,0.022190431635435905,-0.00016298990552613782,-0.003841721205805206,0.5049200389020959,0.0036787313002790683,-0.00014926528342826045,0.0002417363022663769
2021-09-30,0.026045374756703987,0.026002355486257844,16818655330.04175,0.005256209366297398,0.01399010200467984,0.0017632554186891474,-0.003517901888124353,1.2864564374045218,0.005281157306813501,0.0001368999427449133,0.0006868818217249358
2021-10-01,0.05540960207306855,0.055258334698109035,20816747005.41754,0.09851002395675719,0.06621926849311077,0.005629524043607662,-0.002850415326195037,2.355737218128074,0.0084799393698027,0.0054584012276523665,0.001557066454341438
2021-10-02,0.003927829098155922,0.004044832629855666,8730132627.52512,0.0024419518055968357,0.016266182256146195,0.005418411333446994,-0.002460483942030157,-0.0705604003835145,0.00787889527547715,9.591569358317644e-06,0.00011096798032397503
2021-10-03,0.021465509865043142,0.02174002131569619,10220431021.74645,0.006187742447703614,0.022573586589365622,0.005809380648633677,-0.0017277384232269463,0.7332408904785805,0.0075371190718606235,0.00013282304655352813,0.0006123897797144486
2021-10-04,0.009168518130441505,0.009513895838538788,15638433546.819311,0.03601907743933371,0.035271345931024836,0.007076895922105639,-0.0013415564153694932,0.10113367876280974,0.008418452337475133,0.00033024156454430773,0.0002692985468119362
2021-10-05,0.03831356804981856,0.03886015182363067,15777204363.850769,0.043237107773490144,0.029581778155425092,0.008041938805825398,-0.0005013559134267237,1.397031057558138,0.008543294719252121,0.0016565678709569535,0.0011329341121147053
2021-10-06,0.03949959390229929,0.039963052077164773,22242398945.29027,0.07187603360765275,0.0701715725480924,0.00872434872296843,8.282249108833757e-05,1.3710434239130465,0.008641526231880092,0.0028390741388102997,0.0012669171623085355
2021-10-07,-0.011414530634514364,-0.011246142661772929,14289443599.2762,-0.01911631212921122,0.011775865629349066,0.008329970503877087,-4.469638397106321e-05,-0.868416489147166,0.00837466688784815,0.00021820373041782,-0.00036049572445784333
2021-10-08,-0.025829050961887035,-0.025712886132342128,13956986828.05278,0.002161482073800706,0.03049819185525072,0.007648647486754312,-0.0006625585062101162,-1.4209387309717638,0.008311205992964428,-5.582903063740371e-05,-0.0008423267214224505
2021-10-09,-0.011104824835391214,-0.010916699105519512,9179243466.66163,0.00681913581411184,0.011127050778361338,0.006939099280048047,-0.0010405314962594187,-0.7548503693432363,0.007979630776307466,-7.572530874445485e-05,-0.00035972205782586707
2021-10-10,-0.01813939489807037,-0.017745273423969032,15966267341.69028,-0.006857602819370817,0.02067352412377592,0.007531855831806019,-0.0012862767508628145,-1.112920678194606,0.008818132582668833,0.00012439276559468799,-0.0005879098046456664
2021-10-11,0.007351911380020892,0.00741226568643949,17849826167.23144,0.01686789834005717,0.02044219683919254,0.009445257848993966,-0.001356450860115065,-0.09903720319427406,0.01080170870910903,0.0001240112937633018,0.00023312488744891776
2021-10-12,-0.030910473366184354,-0.0303781276468168,19709191747.56351,-0.012973785829679275,0.028420895386805013,0.008676942078759988,-0.0016167844267931492,-1.7735131810359672,0.010293726505553137,0.0004010258613468812,-0.0009594892100413246
2021-10-13,-0.0006180260943007276,-0.0002361464881805997,18304667791.64031,0.019674398334831148,0.0406187564215297,0.007464810487033909,-0.001571554460003127,-0.3659048085259674,0.009036364947037037,-1.2159291560592433e-05,-1.9334152445809616e-05
2021-10-14,-0.0013251308493936742,-0.0011047714412290022,14692446487.46952,-0.012807547239121942,0.018336410796239894,0.006875960403118981,-0.0013476107539616144,-0.37017500878973886,0.008223571157080596,1.6971675951627266e-05,-4.093057364011838e-05
2021-10-15,0.013835975527589195,0.013989597282409783,29726367096.88279,0.037269505368285466,0.025702474044502422,0.007128641536489981,-0.0015618887403852687,0.3020690227331667,0.00869053027687525,0.0005156599642009518,0.00039236955433709743
2021-10-16,-0.03469226316244911,-0.03450330445642458,13067491173.4585,-0.012495474209155985,0.011735287140160148,0.005279048951620563,-0.0018602087293448832,-1.664807350944683,0.007139257680965447,0.0004334962796036351,-0.0009911673801795192
2021-10-17,-0.025260685856143494,-0.024796341852745485,14569391373.15171,0.006456410443466587,0.024013985893022914,0.0026205926691830407,-0.001991146161408842,-1.1540331488388562,0.004611738830591882,-0.00016309335597073358,-0.0006902994777609051
2021-10-18,-0.03727274849167339,-0.037177283490511415,20556521574.84721,-0.002207339536431552,0.02670653698525591,0.001330975821581085,-0.002185958354272104,-1.5103105864539652,0.003516934175853189,8.227361137714017e-05,-0.001020821100783896
2021-10-19,-0.016776884356987543,-0.01646873900837853,23836964137.71631,0.026495249943367823,0.029169901092951252,0.0005126559609403109,-0.0019792953325979456,-0.668467796871988,0.0024919512935382563,-0.0004445077443093627,-0.0004597548131185673
2021-10-20,0.0067281035422699365,0.006826692639723575,21256679160.97886,0.033755132298037144,0.047796004615953784,0.00040009394373408114,-0.001890761802697094,0.24498350099782876,0.002290855746431175,0.00022710802518421404,0.00019258104437131426
2021-10-21,-0.044759469087906956,-0.04451132653522982,30800550148.00219,-0.0449937083783835,0.03088010373672899,-0.002971565286961678,-0.0027195640149260476,-1.5526537657609347,-0.00025200127203563053,0.0020138944993125566,-0.001317166564517749
2021-10-22,-0.035876635374039734,-0.0357324846512842,21694368337.15083,-0.041060256640736904,0.04391544207598691,-0.007318528974919215,-0.0036645862864081277,-1.177482156853342,-0.0036539426885110874,0.0014731038558642114,-0.001017661422022202
2021-10-23,-0.021735971252716202,-0.02143572556389506,13592218440.15612,0.0008621718928194749,0.014888077789394624,-0.008540614705913127,-0.003976369351683218,-0.5429061870777553,-0.004564245354229909,-1.8740143477224022e-05,-0.0006151269394284452
2021-10-24,-0.015642554420635002,-0.015580299213068693,14885043274.31098,-0.006171761771918128,0.018604093716620862,-0.010307665386183515,-0.004109602633645611,-0.2285299512534757,-0.006198062752537903,9.654211938842403e-05,-0.00043972672668261245
2021-10-25,0.00829270229729917,0.008342520294014388,14692569106.66627,0.015923297938078677,0.022483880644452857,-0.010349370902047435,-0.0038074817796364124,0.7997939133518652,-0.006541889122411023,0.00013204716939168418,0.0002280659105332856
2021-10-26,-0.04973775070689446,-0.04929904715875355,15638312967.084549,-0.04007071604682509,0.030486765371105763,-0.014542290842843293,-0.004153765721063488,-1.5997949817606958,-0.010388525121779804,0.001993027285383742,-0.001370031121562013
2021-10-27,-0.04096582250885494,-0.04074187674617291,19537339454.97683,-0.03863630229101862,0.02938274176506538,-0.01837397733861254,-0.004815351442446962,-1.1949056940691303,-0.013558625896165579,0.0015827679020523346,-0.0010488385641359466
2021-10-28,-0.009547732657101404,-0.009164176801722768,20097525760.43563,0.029220574833187754,0.03523952459532221,-0.018285082196830973,-0.004466678859978712,0.4611831628114113,-0.013818403336852261,-0.0002789902365941021,-0.00025511625573782453
2021-10-29,-0.016129085810797528,-0.01607615463303691,13443682100.82851,0.010007989434495424,0.029550795611876166,-0.01782317909439814,-0.004984671098038447,0.08977477255710017,-0.012838507996359693,-0.00016141972038253172,-0.0004302429411324223
2021-10-30,-0.02456105866128966,-0.02443439810405612,9612679322.81911,0.0024246114429079786,0.007515182977199635,-0.018463952133726636,-0.005168225086352068,-0.3232926357457378,-0.013295727047374568,-5.955102388009702e-05,-0.0006509412483773726
2021-10-31,-0.022096211970571322,-0.022031797311456325,11207623543.6644,-0.006821173661394296,0.018893212308056892,-0.01865237199432192,-0.005296533582429714,-0.18244776800423762,-0.013355838411892206,0.00015072209911024646,-0.0005837422205323585
2021-11-01,-0.039584521770519854,-0.03926690439088654,15074399515.22613,0.01667639314074747,0.039812869917325584,-0.020887440239585765,-0.005383703296902911,-1.015268141488197,-0.015503736942682853,-0.0006601270473336662,-0.0010822652222505415
2021-11-02,0.005168092942655189,0.005208596973074631,13660618219.95169,0.03451344058896315,0.030321005297458677,-0.019169413272498166,-0.005226964753138101,1.2739394278863925,-0.013942448519360065,0.0001783686687345696,0.00014176646270243204
2021-11-03,-0.037554676487969174,-0.03729832136538169,13219637045.22856,-0.005134820830355198,0.019248685631652267,-0.020928301386482377,-0.005899034599974895,-0.8745726518428655,-0.015029266786507482,0.0001928365351076747,-0.0009919495210776127
2021-11-04,-0.046300347862876845,-0.04624621107813076,11399249536.47138,-0.016838523893838643,0.01361734803082989,-0.023069978387124435,-0.00650333565907168,-1.208392819084193,-0.016566642728052756,0.0007796295137820927,-0.0012125486082326595
2021-11-05,-0.02542093182584393,-0.025272761738079907,9697454173.43093,-0.020075626496150956,0.01718613394714908,-0.024939354927764106,-0.0069281058127221625,-0.027893540194598183,-0.01801124911504194,0.0005103411325197595,-0.0006554334284131867
2021-11-06,-0.03302465225757367,-0.03273462468793997,9432009426.667969,0.0055777568332657885,0.0143305601239186,-0.0248599448846748,-0.007303578539184624,-0.4740997430460441,-0.017556366345490175,-0.000184203479795908,-0.0008555631430820757
2021-11-07,0.013964452857639253,0.014205879091546691,8884101795.93602,0.018026063532872283,0.01811316904752239,-0.02299208113639943,-0.00747263373283387,1.9257723966908948,-0.015519447403565562,0.0002517241144136051,0.00035785043249557727
2021-11-08,0.004780765069210879,0.0049499316938597104,18088392666.76962,0.035101974941757146,0.029743560161708534,-0.02098953287159542,-0.0077342201459559175,1.3008762861059158,-0.013255312725639502,0.00016781429566186816,0.00012320237804122757
2021-11-09,-0.024965391143419446,-0.024815834351352817,15654216547.796259,-0.02292576042438197,0.01593706066178541,-0.021379461766187415,-0.007381286264671053,-0.18107576074926413,-0.013998175501516361,0.0005723505762550217,-0.0006276373255112342
2021-11-10,-0.03687638066851762,-0.03629292910976012,23147498978.96334,-0.025212842735100507,0.0455398061269891,-0.023455865776224917,-0.007739587246005658,-0.7071694716312019,-0.015716278530219258,0.0009297583864350352,-0.0009231212035299656
2021-11-11,-0.040749789901265876,-0.04064463748141667,11575850111.67905,0.0007508451989976155,0.012370168609670383,-0.02326492867209915,-0.008157746180123894,-0.9314434560798933,-0.015107182491975258,-3.0596784107527e-05,-0.0009841658038980123
2021-11-12,-0.030312012989068493,-0.02998814340832978,16915954847.285511,-0.011381444881010238,0.01939380467145456,-0.022999946653767186,-0.00822965052835958,-0.3926246856567807,-0.014770296125407607,0.00034499450506754947,-0.0006966832911879257
2021-11-13,-0.020475478488817034,-0.020486950459683406,7984348166.02606,0.009344594470187272,0.024054273938303176,-0.022939923188819607,-0.00868737552042858,0.13228466099613603,-0.014252547668391027,-0.0001913350430610381,-0.00047954023339047083
2021-11-14,-0.018095423667622845,-0.018031202506630484,9450438558.31633,0.01351120530715112,0.02191628851986405,-0.02305672648629522,-0.009185003741281686,0.26688786589233254,-0.013871722745013533,-0.0002444909842931338,-0.0004266528979195233
2021-11-15,-0.04237227053742443,-0.04213282590706535,13656636971.019539,-0.032544927563677724,0.024782482894597804,-0.025469344240329678,-0.009580606406757158,-0.9616179935859621,-0.01588873783357252,0.0013790024753490338,-0.0010036890022586877
2021-11-16,-0.05473854924390131,-0.05456232620781398,28862014876.13343,-0.013840153799531123,0.009198931048053196,-0.02570747750399667,-0.010735943180338188,-1.6170886422604862,-0.014971534323658482,0.0007575899402988022,-0.0012411251986736067
2021-11-17,-0.01615309232936113,-0.015871055107945398,17181720172.69431,0.021566404085099026,0.029019404242908223,-0.024525918924020774,-0.011391849179888296,0.4726894645857586,-0.013134069744132478,-0.0003483641163989156,-0.00036597081979692877
2021-11-18,-0.04352670070228737,-0.0431261240743217,24129304002.967148,-0.05068485455866303,0.027817643442441597,-0.02614396502141058,-0.012033025571454822,-0.9750185415246121,-0.014110939449955758,0.002206144494513891,-0.0009707747356348477
2021-11-19,-0.021068498225890853,-0.020970965188783164,14001797579.95711,0.03736105348258575,0.023474532985885824,-0.026379175136415026,-0.012184568914686285,0.2996718927684593,-0.014194606221728742,-0.0007871412890152711,-0.000463794018841347
2021-11-20,-0.006584671859860669,-0.0063465967295465164,10188245162.44803,0.02001842084765374,0.036391026701576165,-0.02552315671729936,-0.012349336523659316,1.0382702509884898,-0.013173820193640044,-0.00013181473243439374,-0.00015400668530281177
2021-11-21,-0.01422653293632914,-0.014117944101835866,8509909811.762751,-0.0008884351687668737,0.015788969992123272,-0.02514841009662116,-0.01208964208637902,0.5937566201805264,-0.013058768010242139,1.2639352190255065e-05,-0.0003306366339844007
2021-11-22,-0.03188867297623155,-0.031743212046993374,18717910073.27998,-0.020500958626470528,0.04254504764807229,-0.024781941106416953,-0.01207470783233625,-0.39117157856557805,-0.012707233274080703,0.0006537483653387717,-0.0007452685114233175
2021-11-23,-0.007904389376277798,-0.007576635790041086,15216816647.77958,0.010483032158750138,0.026457411784897897,-0.025404440264461384,-0.011965637152733187,1.0119611927934076,-0.013438803111728197,-8.28619680268031e-05,-0.0001832788168316746
2021-11-24,-0.012120800606904125,-0.012066223761763695,11043276126.5089,0.012901355634942591,0.006465209193815981,-0.024193303317744,-0.012552264739064156,0.6982221928274961,-0.011641038578679845,-0.0001563747592098981,-0.00027366622606485227
2021-11-25,-0.010214443755305669,-0.010185118321604403,11190941838.07731,0.020707186454800686,0.019090182637130856,-0.022474926931669182,-0.012889648305224878,0.7311520503542521,-0.009585278626444304,-0.000211512391373189,-0.00023328606042045247
2021-11-26,-0.05219240204722708,-0.052078192996449335,20945137179.717873,-0.0753731779002748,0.06291906625359683,-0.02374975884697314,-0.013853490746082423,-1.5820867123010383,-0.009896268100890717,0.0039339072045483136,-0.0013056764467603986
2021-11-27,-0.028482878741502904,-0.028429319180393486,8478100940.1226,0.006784164663440506,0.007720514297489012,-0.02353348391763644,-0.014371459950230226,-0.2766900572143834,-0.009162023967406214,-0.00019323253947116478,-0.0007035793979341238
2021-11-28,-0.011445973598905756,-0.010621267525503741,11739217936.70817,0.056322702750484,0.04865324501370643,-0.024743504225090963,-0.015038330897435784,0.8320077229514496,-0.009705173327655178,-0.0006446681687010564,-0.0002993823193751574
2021-11-29,-0.0030152925460514846,-0.00283397041587663,12407120858.33198,0.007302139623196077,0.01792754731611873,-0.02511474506391298,-0.01492443403797577,1.4406411424403247,-0.01019031102593721,-2.201808717605033e-05,-7.717176313227906e-05
2021-11-30,-0.03397511128262076,-0.03366992888105891,19388577718.16696,-0.0025417428995808296,0.02649274587387996,-0.0255437793562559,-0.015470195053834334,-0.5453240382202252,-0.010073584302421565,8.635599786506985e-05,-0.000886618230280036
2021-12-01,-0.01832175652027246,-0.018336526112407214,15768296334.55757,-0.003777904320217209,0.03291175314832455,-0.024660225825387082,-0.015905332552625974,0.413992926846993,-0.008754893272761109,6.921784311190515e-05,-0.0004671090384641439
2021-12-02,-0.03289815233302462,-0.03281244240036618,14156805566.29961,0.003282115380381994,0.013169393281973805,-0.0242863383221375,-0.016840944093732775,-0.5744831512683735,-0.007445394228404723,-0.00010797553175836989,-0.0008399830011510073
2021-12-03,-0.06521779734562994,-0.06383188341818813,20620928587.23005,-0.050018700448594536,0.043855014267621374,-0.025948518529592807,-0.018755664719426402,-2.253103227252617,-0.007192853810166405,0.0032621094693482075,-0.0017411620343933635
2021-12-04,-0.05388104979782338,-0.05416241702502589,28876836071.52302,-0.05673347937142534,0.10604183863728621,-0.02753926002049787,-0.019673265971743535,-1.4314799540717942,-0.007865994048754335,0.003056859427215554,-0.0016488582621965286
2021-12-05,0.009882584556486718,0.01011045372324948,14016018237.14839,0.004396343061710264,0.03385987917300201,-0.02620697391458789,-0.01985712192902221,1.7992620815305453,-0.006349851985565681,4.344723204667539e-05,0.00030804573244310054
2021-12-06,0.016185872200210838,0.016495136124714094,17416560141.64795,0.02862490704222222,0.030776807113873622,-0.02341849092708145,-0.019745735356486188,1.8249698385150999,-0.0036727555705952618,0.0004633190871283241,0.0005091429223752361
2021-12-07,0.0031759026006683566,0.0033764592857024045,11455372238.68916,-0.006794953869823187,0.021184609168982668,-0.020660659886863848,-0.02030347607790127,1.1245666624145163,-0.000357183808962578,-2.158011166659297e-05,0.00010171385255585493
2021-12-08,-0.005595007551613462,-0.0053288423789661366,11927549317.95012,0.006652261744755484,0.04001545297682361,-0.020157893945066337,-0.02101926340256655,0.679480445345656,0.000861369457500212,-3.7219454697216284e-05,-0.0001821195981713674
2021-12-09,-0.009286544170544087,-0.009139046188687994,13331462595.9486,-0.04055250796657862,0.02978666600718867,-0.01852741030069761,-0.020985485839646385,0.44298417027654047,0.002458075538948775,0.0003765926564579733,-0.00030315123628891436
2021-12-10,-0.009990074112822267,-0.00963155558068518,14624324088.15633,-0.025396523327443767,0.035696156181392755,-0.01799986629531339,-0.02073407350870885,0.3826400376302688,0.00273420721339546,0.0002537131502491828,-0.00033193140921120777
2021-12-11,0.012027180964246487,0.012129536489439374,10208756470.20068,0.022207607620680785,0.024701397578687355,-0.01711358758940353,-0.020366898813476506,1.3357627557607585,0.0032533112240729772,0.00026709491563690717,0.00039292164919946883
2021-12-12,0.014527485960435405,0.014809528922527848,9106252724.30474,0.015662905673981025,0.016556830739215107,-0.0157443485943195,-0.019848376895087526,1.3229326621462245,0.004104028300768024,0.00022754264227838338,0.00047513648731566365
2021-12-13,-0.015376604998215915,-0.014956557021519656,16649825351.91293,-0.045500867157300125,0.0351114104175816,-0.014958059642985425,-0.02020914699632938,-0.018534799294312277,0.005251087353343956,0.0006996488613540995,-0.0004974647530881221
2021-12-14,0.020827547644659328,0.021134364042052933,12568719899.92738,0.029117343074164567,0.03745828951781009,-0.013589872165797942,-0.01938790856758583,1.4422125172677616,0.005798036401787889,0.0006064428501630538,0.0006847244815131264
2021-12-15,0.003432526283586368,0.0036364578296432803,16608174001.39206,0.012774389368828108,0.053568528577426874,-0.012849237551965062,-0.019323614085397147,0.6741425763310155,0.006474376533432085,4.384842726526875e-05,0.00012054661728807255
2021-12-16,-0.0054840044400491506,-0.005298318112666012,10475553466.87223,-0.024822225933875283,0.022414436816370134,-0.012623978536952846,-0.019389627951915487,0.29504481044135616,0.006765649414962641,0.00013612519723327522,-0.00019346042128273505
2021-12-17,-0.025226563890037634,-0.024846685188993356,15254949355.93811,-0.034872484238965794,0.025484296979966122,-0.01133989100565811,-0.02000966826013179,-0.6127838817755542,0.008669777254473678,0.000879712951658601,-0.0008449539228424604
2021-12-18,0.004344320058569551,0.004479696908580522,8888783519.25989,0.011786337273191939,0.017591837563354477,-0.009776691062797518,-0.01939003995503625,0.626155862334475,0.009613348892238732,5.1203621432993684e-05,0.00014755341088979937
2021-12-19,-0.0057353800906890795,-0.005466550928250213,11424734107.719849,-0.02156481046045709,0.015043347869140813,-0.009504758038596723,-0.019080114466695705,0.16704384186049548,0.009575356428098982,0.0001236823845743892,-0.00018562099903876662
2021-12-20,-0.0057467367591240714,-0.005539797322605677,12694248816.63036,0.00473633282549892,0.017525720615521358,-0.009634826810647798,-0.018579701582052067,0.1725449902852919,0.008944874771404269,-2.7218457951740622e-05,-0.00018587858701181272
2021-12-21,0.017647824997994777,0.01766604704538155,12591846630.47555,0.019579426294003527,0.018382207103030547,-0.0071765917496661065,-0.018033277624036472,1.1003006092858574,0.010856685874370366,0.00034553428879771165,0.0005640042118830513
2021-12-22,-0.011702340161504177,-0.011562716654264782,10204294033.10858,-0.013641637593046438,0.008597981777257024,-0.006861381446867616,-0.018325824349493206,-0.21569128430444975,0.01146444290262559,0.00015963908347379252,-0.0003604443936112869
2021-12-23,0.00589001767509445,0.005875228891324413,12639718706.134981,0.04649351614762988,0.048059691823624344,-0.00501432573219528,-0.017521864242143977,0.5006515139348635,0.012507538509948696,0.00027384763188682923,0.00019120467098392605
2021-12-24,-0.002658382405147708,-0.0024891369290923615,11239397651.056839,-0.004348655640483662,0.007539640789393321,-0.002035305973124698,-0.016994590385494897,-0.03696509983206926,0.014959284412370199,1.1560389640708102e-05,-8.170057628792285e-05
2021-12-25,-0.012144158150768192,-0.011952265829769826,7493948259.92037,-0.008488060228331009,0.011863501625086589,-4.783494231254602e-05,-0.01684233938387667,-0.9854264961783362,0.016794504441564124,0.00010308034580609734,-0.00031876604533599045
2021-12-26,-0.03118945231221537,-0.030868555871950476,9267956168.277481,0.021766638179925198,0.01357683239180382,-0.00200364622177455,-0.017089115540885887,-2.116114845826337,0.015085469319111337,-0.0006788895235100233,-0.0007885519970458755
2021-12-27,-0.017117606650800865,-0.0169049822322751,11061080417.43167,-0.005885103060581332,0.018381136362775226,-0.0035895261670608218,-0.017492453778157318,-1.0014984751780454,0.013902927611096495,0.00010073887929045553,-0.0004226744423104013
2021-12-28,-0.04544986371535098,-0.04530851412524384,16407080716.16083,-0.047353176624394124,0.029405769150927328,-0.005905038848776028,-0.01742439207987885,-2.4423516476589957,0.011519353231102822,0.002152195424067657,-0.0011400581761538016
2021-12-29,-0.01947544401565582,-0.019181349803636727,13014511681.309921,-0.03268572807422254,0.024935323549451695,-0.006566012013730426,-0.017083274960939178,-0.7843337667803089,0.010517262947208752,0.0006365690672204707,-0.0004745340350624757
2021-12-30,0.005826070960816665,0.006010545967731984,10818483277.72078,0.012803556430851973,0.020957335998442964,-0.005846363674141819,-0.01683924633208334,0.7004864276123068,0.01099288265794152,7.459442831696414e-05,0.0001395071205789737
2021-12-31,-0.0012719387302451146,-0.0010314109812709082,13567843473.42067,-0.020871516839868286,0.053042604825697455,-0.005431214370209573,-0.016603418600646,0.24960349998511694,0.011172204230436427,2.6547290627591595e-05,-3.150762566023193e-05
2022-01-01,0.0030030833023988457,0.0031178376260778684,8461832661.65729,0.019362487589674317,0.017735466621913637,-0.0058609333064880325,-0.016165892537730306,0.5436957814284028,0.010304959231242274,5.814716317345582e-05,7.339423920920971e-05
2022-01-02,-0.00450481117482926,-0.004484824118351272,8730148323.6079,-0.0010728168811153995,0.012635786633912629,-0.006767233170072064,-0.015886663953670912,0.144765078316469,0.009119430783598847,4.832837474594125e-06,-0.00010925478792942641
2022-01-03,-0.02727031662849211,-0.027071213026685248,11434725784.02273,-0.007658055497319561,0.01816836576498054,-0.007333600390561407,-0.01569120037998793,-1.2335378123232865,0.008357599989426522,0.00020883759817046901,-0.000639382573765209
2022-01-04,-0.019090661552850885,-0.018970322101224846,13573606756.16807,-0.010429692262203891,0.020720587515993295,-0.00923446749520475,-0.016076259975154692,-0.657543726474976,0.006841792479949942,0.0001991097250781222,-0.00043238566654498585
2022-01-05,-0.04186904668297864,-0.0409663448291645,21959888820.897648,-0.06655069609203725,0.05169495832795205,-0.01139168525551737,-0.016144742041742145,-1.8721233628172647,0.004753056786224775,0.0027864142014622315,-0.0009445593731482392
2022-01-06,-0.005667730107481561,-0.005522510572065764,12890924257.87606,0.006114989486375814,0.018250618708402944,-0.011400434096823675,-0.015499779855148568,0.3522120800513839,0.004099345758324893,-3.465811001886541e-05,-0.00012673935487464644
2022-01-07,-0.014102323741747136,-0.013829038037221686,19783906992.59905,-0.005665941477631326,0.029232016028825858,-0.010870708375476509,-0.015320119409369254,-0.20220130674932194,0.004449411033892745,7.99029410193501e-05,-0.0003178668680660445
2022-01-08,0.008423159874151542,0.008705710660565247,11779922567.4038,-0.0025868419515339674,0.028845963353517967,-0.010676477908067842,-0.0146622176295006,1.1790171373638367,0.003985739721432758,-2.178938332693278e-05,0.00019437237873024365
2022-01-09,0.009836612239932707,0.010052176528728474,9347759287.48888,0.0003732965401575055,0.032616635319145194,-0.009934954463752518,-0.014727738909146734,1.1780708672089455,0.004792784445394216,3.67197331603785e-06,0.00023522063402877375
2022-01-10,-0.00695891754936806,-0.006385293555800642,18676770270.33546,-0.0034508485830382434,0.023435822973117915,-0.009992677358526042,-0.014914083077695607,0.18090444473447231,0.004921405719169564,2.4014170764716736e-05,-0.0001683654584300857
2022-01-11,0.00849424614058547,0.008753865846543807,13657150777.60344,0.010572858935155843,0.030941133639138408,-0.010428562066021723,-0.014382977723981243,1.1737223846041382,0.0039544156579595195,8.980846620490212e-05,0.00021059144280671896
2022-01-12,0.027623620893852063,0.027951059127735878,12189347664.02133,0.029787001378978252,0.01790879283646947,-0.008555897253861902,-0.0133591681753722,1.9959901865604301,0.004803270921510299,0.0008228248336575438,0.0006970991528629842
2022-01-13,-0.03483614561733683,-0.034622556456989306,12536916955.57177,-0.022477014576614968,0.01595873865638345,-0.010495238363025298,-0.013265300805786025,-1.3034903551384802,0.0027700624427607276,0.0007830125528339616,-0.000825860555696638
2022-01-14,0.00129590044003014,0.0016363176374765143,11620761638.67808,0.010055170186880711,0.03011521004679335,-0.010306939179921589,-0.012763587894213032,0.6179523642641994,0.0024566487142914425,1.3030499469756658e-05,3.2115041750963086e-05
2022-01-15,0.009063496563918694,0.009323348199480108,7962625061.63067,0.003540930783476907,0.01404784835787508,-0.009297050860174596,-0.012294715274328337,0.9544300092897336,0.0029976644141537414,3.209321398911687e-05,0.0002255545842376312
2022-01-16,-0.005612185597136388,-0.005413476183710575,7638792723.4354,0.00218884423583142,0.013974612766618287,-0.008079085778504167,-0.01209656863828887,0.1327698159092681,0.004017482859784703,-1.2284200094708099e-05,-0.00013977140945541257
2022-01-17,-0.026847043745896526,-0.02659732598455089,9870740739.62078,-0.010837455628157577,0.007408328565288114,-0.008542392306842056,-0.011850136466994775,-0.9667176717788045,0.003307744160152719,0.000290953645343359,-0.000654597302185391
2022-01-18,0.006858773294664111,0.0071026893841446,11189671439.34784,0.007358555886034195,0.017737021379886534,-0.006051504830174671,-0.010872401188604849,0.7506921991404576,0.004820896358430178,5.0470666598424743e-05,0.00016342274099305048
2022-01-19,-0.0026107906285179894,-0.002468566252254556,13989826398.11288,-0.0007846574209331091,0.021464123940892216,-0.0052484260974538215,-0.010657444018750196,0.1557842727176926,0.005409017921296375,2.0485762411692565e-06,-6.177528116978502e-05
2022-01-20,-0.004695886017672679,-0.0041086473302458515,16867468374.30662,-0.03036597533634064,0.060966044629489125,-0.005749471667858076,-0.010041081880899168,0.0629312613879854,0.004291610213041092,0.00014259515899491543,-0.00012005830477528866
2022-01-21,-0.046046623068655146,-0.04588944274329487,30302616543.91132,-0.05402208184956704,0.050479723855441784,-0.00788159949349665,-0.010437560053006539,-2.0235755873318437,0.0025559605595098893,0.0024875344403110502,-0.0011716405363973593
2022-01-22,-0.008590395926908134,-0.008354420668700513,23906967843.02501,-0.035771568228152924,0.035674296200497925,-0.008433669932987458,-0.010469396942959673,-0.008383489542198629,0.002035727009972215,0.0003072919340062413,-0.000225917852789938
2022-01-23,0.03605754209858758,0.03642152160238843,13097400243.75661,0.033623282345804806,0.04767096684481758,-0.006502129300919989,-0.009671237021770519,2.0203106770961705,0.0031691077208505294,0.0012123729186765534,0.0010084295382700498
2022-01-24,0.023164607215608424,0.024201144490513027,28523818659.37716,0.03705894620813174,0.06772994058883916,-0.004100466260724726,-0.008797375431423853,1.2710253477365236,0.004696909170699127,0.000858455932735733,0.0007025200856589216
2022-01-25,0.0217808972109248,0.022047807427402866,14967474932.81879,0.014433173048846528,0.020455330846490673,-0.0021542015576877884,-0.00832618040623016,1.0942676427021774,0.006171978848542372,0.00031436745860441634,0.0006602807712707652
2022-01-26,0.012558765021334795,0.012809987872533846,20858872853.19313,-0.015546378151482895,0.03024395438258909,0.00043759899966047016,-0.007934441269273987,0.6035420598996266,0.008372040268934457,-0.00019524331013728687,0.0003678863700246639
2022-01-27,0.014209202947623734,0.014450239761997219,15328505621.72229,0.03844977343188839,0.03368462123824983,0.001384119621332151,-0.007546764337481457,0.6333697641914879,0.008930883958813607,0.0005463406339838532,0.0004266760615573298
2022-01-28,0.017208009978679772,0.01750722264295068,13594591900.12492,0.00944514508211064,0.029833140790494986,0.002875087893733432,-0.006445170495800396,0.709398665458676,0.009320258389533827,0.00016253215082303807,0.0005172172646343842
2022-01-29,0.02108836484364285,0.021441488247683882,9034176250.23326,0.011468126548035742,0.012894595716772393,0.003478192892280637,-0.005658325359528241,0.85635734355433,0.009136518251808879,0.00024184403671804417,0.0006178297247409962
2022-01-30,0.00685187404701737,0.0070793250062863855,7393111440.65068,-0.0007913422611723398,0.018394001014398267,0.0033360625021418115,-0.005367883333402477,0.17126752700900438,0.008703945835544288,-5.422177501634797e-06,0.0001961000639981264
2022-01-31,0.03819249789141077,0.0386784991790361,11976940218.20276,0.03819164375259721,0.022618494944522657,0.0054861299040836605,-0.004713791421696726,1.5054299162261378,0.010199921325780386,0.0014586342734905803,0.0010915796389979007
2022-02-01,0.023711417249892452,0.023989746423782377,13632595784.2999,0.0028582314332046095,0.012476012017578324,0.006210757099764945,-0.0037981322386409612,0.7925376908034922,0.010008889338405907,6.77727181094726e-05,0.0006568466797142311
2022-02-02,-0.027924613912405305,-0.027820340467637594,12748099870.64242,-0.04370864905005294,0.0341037005000349,0.0035656030613717376,-0.003950558546452594,-1.3868239570590575,0.007516161607824331,0.0012205471493555494,-0.0007950944832036113
2022-02-03,0.018157856309025222,0.018399350322775954,11697089175.17526,0.013193160331579815,0.024081447613886465,0.006089126962627074,-0.003140145710864501,0.5715860447278789,0.009229272673491575,0.00023955950956275782,0.000524030040366963
2022-02-04,0.06056712656735175,0.061095878145832394,20278655698.32346,0.10836515878817898,0.05902493146131478,0.008911566302023341,-0.0011435596170076491,2.1362429022366025,0.01005512591903099,0.006563366287814806,0.0018313282249529722
2022-02-05,0.0017139029829664754,0.001884513101337193,10047968021.9499,-0.001303570631926907,0.00974767850088378,0.00856158565531133,-0.00026110004905860375,-0.28259553391469483,0.008822685704369934,-2.2341935945670195e-06,5.147119722653209e-05
2022-02-06,0.04984485005035433,0.050388454698715224,8973046762.87637,0.022253822954646594,0.017144817491062357,0.011202396876620412,0.00037322162544723136,1.5098760167623455,0.01082917525117318,0.0011092384682214926,0.0015044437829224181
2022-02-07,0.03447169454329568,0.03480038984929834,18066735189.2121,0.024138191691160073,0.029193459131969444,0.014122336795153375,0.0006634727737501654,0.8302465560841656,0.01345886402140321,0.000832084370805188,0.0010762035181483903
2022-02-08,0.018903986071860723,0.01942282674738438,20510408716.12763,-0.003189931375533254,0.038020379740393254,0.014695918355972261,0.0009131248923405205,0.17195123029403353,0.01378279346363174,-6.030241829327215e-05,0.0006084397901909535
2022-02-09,0.0008785890882454517,0.001040545830706785,13182555302.946259,0.02364398508068975,0.018189071297235425,0.014862079294865757,0.0010158803945605032,-0.5740194289721741,0.013846198900305254,2.077334729453227e-05,2.814106661720662e-05
2022-02-10,0.004366218506342445,0.0047014489504704216,25056911387.52332,-0.006363006501764983,0.03030735398058816,0.015293608081723621,0.0012325909132412417,-0.45388053092961567,0.01406101716848238,-2.778227674398357e-05,0.00013347486689237423
2022-02-11,-0.006457006105926033,-0.006308069349875267,17859967569.9422,-0.022057489002066732,0.024117030193403007,0.017178827937091672,0.0012886713577951502,-1.165274437052314,0.015890156579296523,0.0001424253411677412,-0.00018928412825765635
2022-02-12,0.00331977695730834,0.0036783555826063186,10831014104.341589,-0.0018965474965272604,0.019378141552673478,0.017745979026816266,0.0011504585957802591,-0.7328675898113891,0.016595520431036008,-6.296114677412018e-06,9.47415447803782e-05
2022-02-13,0.005215860723335908,0.005431106450618062,8127109308.94153,-0.004118892385016313,0.013532702357890437,0.016277327532756663,0.0010026550205882035,-0.570221851184113,0.01527467251216846,-2.148356901465395e-05,0.00014037391455523694
2022-02-14,0.02044446174320602,0.020672995433833607,12843945742.38583,0.014977875442971848,0.021067638593849244,0.016147796795975597,0.001571243381563155,0.2219433610764915,0.014576553414412443,0.0003062146014883429,0.0005047917743142353
2022-02-15,0.025967478156690538,0.02578840418351125,12150999143.33453,0.0225866273046268,0.018297367609528353,0.016347157793393012,0.001652829580166825,0.4948322969912473,0.014694328213226186,0.0005865177511662065,0.0006384914939049258
2022-02-16,-0.037777661979792154,-0.037620798766322294,11231548897.34829,-0.002509348749786966,0.021099098975165577,0.013950185079053636,0.0009986996077322452,-2.273450894464194,0.01295148547132139,9.479732885886604e-05,-0.0009124307100787039
2022-02-17,-0.05129326692312475,-0.05100844379701419,18306714686.34452,-0.07337051218185373,0.04247528870306067,0.010831019847113231,0.00027156845720723575,-2.3147279229709024,0.010559451389905996,0.003763413265630199,-0.00126033993447959
2022-02-18,0.006081739371476269,0.00632775573311628,15188089909.73473,-0.017613712675059966,0.018615699227138845,0.010301197437246399,0.0007685256518344405,-0.15734659343629367,0.009532671785411957,-0.0001071220098537828,0.00014618732260137748
2022-02-19,0.015250768789224711,0.01542777975329157,7424908673.12969,-0.001372252280577417,0.01179759076024099,0.010023216672750296,0.0009416438856543637,0.1955758121819165,0.009081572787095933,-2.0927902251572504e-05,0.00036578744222098765
2022-02-20,-0.016547281655264645,-0.016837815600385886,12741245042.82211,-0.036090124410008,0.0282996052998604,0.00890897116311782,0.0007700264005023706,-0.9308137129839495,0.008138944762615449,0.0005971934535859442,-0.00040468938960982955
2022-02-21,0.0009719414531879078,0.0012251958530289375,24685541251.61848,-0.050446543808043295,0.0662567223277028,0.007136563713678636,0.0008766720864120846,-0.23218804270160112,0.006259891627266551,-4.903108709709705e-05,2.579003775712053e-05
2022-02-22,0.028987818077411243,0.02952005707518901,17408326520.91108,0.043647959445042364,0.023614224503825405,0.0073878208959414346,0.0010566719765615522,0.8078050592576881,0.006331148919379882,0.0012652591078431117,0.0007845538466281218
2022-02-23,-0.004146249393971457,-0.0038013174822553175,15594144071.8888,-0.013410341554662586,0.03293859215704483,0.00852012396824781,0.0011766099252525479,-0.4938100178193107,0.007343514042995262,5.5602620543969997e-05,-0.00011198799298773552
2022-02-24,0.03537423508465665,0.0362215446226577,33179251056.85041,0.09313377442390441,0.04986605017124397,0.009339951528992162,0.0016446133761979795,0.9920829290098784,0.007695338152794182,0.0032945360307925775,0.0009988731309829267
2022-02-25,0.030842501156920665,0.031160350526329372,16181393771.15972,0.007835666070172245,0.03150155692769213,0.007924493176114492,0.0021763734327387473,0.9528942731269947,0.005748119743375745,0.00024167153983453146,0.0008304858498962778
2022-02-26,0.005558349938750151,0.005948383815971958,9879223598.44196,-0.00715350919321566,0.011581846380228288,0.008107562078770857,0.002457365624635864,-0.10614678724636417,0.005650196454134993,-3.9761707385958906e-05,0.0001501533280764012
2022-02-27,-0.013819213242660777,-0.013152201235653527,16317550913.22295,-0.023923161569933384,0.049375035679196794,0.005075940017198709,0.0027330837051049842,-0.8416127861377625,0.0023428563120937245,0.0003305992711735368,-0.00039452172836719
2022-02-28,0.05645958408557661,0.05762979101017063,24659800737.31436,0.13323814069352868,0.07887153027682867,0.006122982376354944,0.0039009756215554205,2.0693279805787075,0.002222006754799523,0.007522570007892169,0.0017454145069344057
2022-03-01,0.003174028780527749,0.003503943853715663,19622069856.81384,0.028637392662060862,0.017964323225008308,0.005373936791053373,0.004672783438950321,-0.0910805552219765,0.0007011533521030519,9.089590850865534e-05,9.509185731335037e-05
2022-03-02,-0.009329495301638846,-0.009126357261173834,17988671380.99431,-0.009824952310263152,0.013740920023853864,0.004887837534392216,0.004833830243934718,-0.5838657591178976,5.4007290457498344e-05,9.16618464174258e-05,-0.00027752952530295374
2022-03-03,-0.024680145709022328,-0.024486907221983878,15701873990.90735,-0.020130760419105283,0.02185876475698942,0.0035046773336605604,0.004349604582508702,-1.1188064039278252,-0.0008449272488481414,0.0004968301003769377,-0.000724244434390547
2022-03-04,-0.041935482344490516,-0.04155522316934801,19124060705.42543,-0.05744248593654569,0.0366274213953154,0.001815226084205109,0.003704151509266711,-1.6193840933991666,-0.001888925425061602,0.0024088783548156566,-0.001255588521385885
2022-03-05,0.001264541707619804,0.0015033746638271062,7774650477.29027,0.008826115083697454,0.007792511244824866,0.0017173577389818454,0.003676555610936885,-0.01676172568262236,-0.0019591978719550396,1.1160990639587688e-05,3.716394686848891e-05
2022-03-06,-0.005153926500951589,-0.004982145323314757,12109833925.17119,-0.02267774797180929,0.031054754075315827,0.0012235583473491074,0.0036662521930619276,-0.2358319687854546,-0.00244269384571282,0.00011687944625380906,-0.0001557704442616203
2022-03-07,0.0014260796732772363,0.0018551370943256096,18764725860.735878,0.003033798819836438,0.05465093678519931,0.00031792110592392716,0.004121750547058266,0.04153101177338185,-0.003803829441134339,4.3264388297812125e-06,4.538191888597674e-05
2022-03-08,0.0020341104381451647,0.002262683227423956,16295438564.50412,0.0008114911724010458,0.014698869459773554,-0.000821763071149662,0.004457064388185187,0.10969099686144725,-0.0052788274593348495,1.6506626642436247e-06,6.438263126312774e-05
2022-03-09,0.037999273215302276,0.037288653491335255,19171096064.11704,0.01777856680618895,0.020898988504267774,0.0027866624143310253,0.00572481549768171,1.3591159688295351,-0.002938153083350685,0.0006755726174448779,0.0012023716131820954
2022-03-10,-0.026820138504075164,-0.027098588434979143,20592964929.86937,-0.03388514168023437,0.0394774044160421,0.003952049481904815,0.005389062983450065,-1.291833413292411,-0.0014370135015452506,0.000908804193094096,-0.0008448130952717502
2022-03-11,-0.004421604220128272,-0.003985162967563571,18251508270.53395,0.00025576075400245884,0.03108393461111832,0.0034518902632569796,0.005542725198078936,-0.32965855011357126,-0.0020908349348219566,-1.1308728292404609e-06,-0.00014190224587968823
2022-03-12,-0.020319050151214713,-0.020060269286844457,6738409306.12123,-0.007214981064725807,0.005696265625699741,0.0017580893613312926,0.005086499642120742,-0.9098928019580912,-0.00332841028078945,0.0001466015620942282,-0.0006461944229855007
2022-03-13,-0.04166365520436843,-0.041216976163327534,9151745126.66911,-0.03711554983115209,0.030612101948171714,0.0005620715732787314,0.004269035079512787,-1.6377745578683522,-0.0037069635062340557,0.0015463694708856756,-0.0013295919016239899
2022-03-14,0.034278998739420974,0.03454351994968219,13971397117.54385,0.03940048509761959,0.033317419179499354,0.002148121920242211,0.004923605179334835,1.1983437019434233,-0.0027754832590926246,0.0013506091789938768,0.0010401610421646706
2022-03-15,0.008400635787146449,0.008662835307932104,13464944694.45397,0.013445903857663536,0.025807199577791203,0.0011677799064200775,0.004922119300708819,0.27658547018926555,-0.003754339394288741,0.00011295414113721879,0.000255785929270592
2022-03-16,0.014601312577575687,0.014932287633979469,26187353348.45998,0.04905792379004681,0.027200983607382812,0.0020605209526842272,0.004715415994101258,0.47720394888235595,-0.0026548950414170304,0.00071631007966536,0.00044059726159664765
2022-03-17,-0.02094833093031312,-0.020715494383078403,9978203719.84016,-0.0024640689609847807,0.007202943838169238,-0.000621506000409571,0.004935857497069888,-0.7948104358437558,-0.005557363497479459,5.161813202982199e-05,-0.0005895615576342964
2022-03-18,0.022034864771490303,0.02253801508907527,12263436409.42434,0.03041858997760688,0.030905470399335295,-0.0010409172568586359,0.005265047407093065,0.9193369332016657,-0.006305964663951701,0.0006702695166959778,0.0006195150759776012
2022-03-19,-0.005502157315774081,-0.005337722339591622,7807076596.94564,0.009603137634286142,0.008403936580188853,-0.001567608078502647,0.005033846551859847,-0.1569357074854226,-0.006601454630362494,-5.28379739888729e-05,-0.00015386172854620327
2022-03-20,-0.023950095898774504,-0.023961346213982826,9789547363.381731,-0.015897775653621236,0.009296017646242024,-0.00205003106212711,0.0047427686105640035,-0.8617406568672369,-0.006792799672691113,0.0003807532514814311,-0.0006240285271248421
2022-03-21,-0.004063736658974748,-0.003954110571148806,12653661229.586,0.004173942066768926,0.008670296192452792,-0.004932093954724793,0.005104408405594508,0.040218484602645925,-0.010036502360319301,-1.696180138916571e-05,-9.229741821370474e-05
2022-03-22,0.020077640129818164,0.020164328238585272,15892694388.65686,0.0028328295908828568,0.0219197803634305,-0.0041271600809490595,0.005314231688692192,1.0895992480891334,-0.00944139176964125,5.687653307484602e-05,0.00045979413603522716
2022-03-23,-0.007280074063868214,-0.007007650142997868,11938814869.123579,0.019057032535116848,0.022747559486114215,-0.0040295685934361725,0.005240116078607267,-0.14645279772134226,-0.009269684672043439,-0.00013873660829319688,-0.00016984189524768385
2022-03-24,0.019894369617490026,0.020301263814301862,14365660202.82174,0.029470298105555487,0.02517441560281275,-0.0019069726255070128,0.005630437596625723,0.9797209232557699,-0.007537410222132735,0.0005862930032495369,0.00046727062687165646
2022-03-25,0.027242202617323574,0.027468476581063328,15463641455.42722,0.007451389907460496,0.016208472387866747,0.0013872028488650869,0.006793752290053957,1.2240585797419654,-0.00540654944118887,0.00020299227363971878,0.0006133650174391652
2022-03-26,-0.0036200244118885783,-0.003504610049485657,6243407332.87603,0.0025927507569978225,0.007049845818225139,0.0011546044622218305,0.006872647076006648,-0.2257438518429923,-0.005718042613784818,-9.385821034274709e-06,-8.137773439076838e-05
2022-03-27,0.05683093821504026,0.057497410751081945,12238392163.90325,0.04655540956630193,0.04441883960824123,0.004106264686792871,0.007202383522299548,2.1684274936168517,-0.003096118835506677,0.0026457876046383994,0.00131371934362742
2022-03-28,-0.0029458652443857813,-0.002699740652020499,15043239939.14575,0.0016800354826192877,0.021081956187757836,0.0038980768335708225,0.006787931578490116,-0.28097907799419,-0.002889854744919293,-4.949158137583052e-06,-6.338838499438956e-05
2022-03-29,-0.0049882598625811125,-0.004840250219468878,12315667516.20554,0.001910361385870114,0.017024330209540365,0.003563678247821952,0.0063630243233551015,-0.35002393919236985,-0.0027993460755331495,-9.529379024160718e-06,-0.00010788849810080596
2022-03-30,-0.023436170933604727,-0.02322261418930338,11089386781.04892,-0.007514223706600661,0.004227053641367713,0.0006381809073978091,0.0057916761335941565,-1.0127110693378103,-0.005153495226196347,0.000176104631221238,-0.0004882828305812785
2022-03-31,-0.03517587403394784,-0.034734363542545554,13933431988.827219,-0.034182500793367286,0.02417244727759823,0.00024028873930863402,0.00500778602277556,-1.4563522777031346,-0.004767497283466926,0.0012023993420728098,-0.000707238200026266
2022-04-01,-0.01883415642748254,-0.018394508191934444,16398107293.59809,0.03701419331155165,0.033832108102155325,-0.00044602327056537873,0.0044356881433126666,-0.7457401868792347,-0.004881711413878045,-0.0006971311068668418,-0.00038114004626840477
2022-04-02,-0.02307127578166701,-0.022848361290266572,10506397608.90616,-0.017166084566583382,0.009485536771646584,-0.0005770816339202501,0.0037347414667204463,-0.9079208539506106,-0.0043118231006406965,0.00039604347112706304,-0.0004710481211578582
2022-04-03,-0.003808263600151296,-0.003606765885159291,9869048181.66671,0.010012799932557107,0.010384142419194138,0.0012255560615186613,0.0035655329326384037,-0.21937443656538835,-0.0023399768711197424,-3.813138151875458e-05,-7.408537159126776e-05
2022-04-04,-0.014296255317988171,-0.014019216683544777,12550005434.18833,0.012762255552938731,0.01983714804437942,-0.001087551274548441,0.0027323781197908016,-0.6039423482909241,-0.0038199293943392424,-0.0001824524638182244,-0.0002689401228264168
2022-04-05,-0.0355118369858195,-0.03519827073267989,11905271460.909811,-0.025028611557973555,0.024251259733488663,-0.0031786214065944386,0.0017923264652556913,-1.4064686549024275,-0.00497094787185013,0.0008888119736281548,-0.0006654149570671831
2022-04-06,-0.03690554185129469,-0.03670071252211904,17045609346.28906,-0.04618989735285394,0.024146008993990487,-0.0056313287603501705,0.0016497720535272884,-1.3177660003822877,-0.007281100813877459,0.0017046631898627567,-0.0006861611364455969
2022-04-07,-0.005305487289647304,-0.005103924646472913,9962663417.59556,0.0028855122888005926,0.012904986652452597,-0.004886431444127989,0.001277338028151534,-0.01785342160025523,-0.006163769472279523,-1.5309048772352644e-05,-0.00010008210895214251
2022-04-08,-0.02049409377899103,-0.019994198761351667,13392061160.35177,-0.031536885227069905,0.02771681046129508,-0.006911619946531862,-9.348009092002136e-06,-0.5941636502166411,-0.00690227193743986,0.0006463198833408474,-0.0003834864120341585
2022-04-09,0.0127638500229037,0.01292620107955278,5079062857.24372,0.008692477422234184,0.009614384517974766,-0.006041810073261491,0.00016604797566890619,0.8084932001272077,-0.006207858048930397,0.00011094947814487368,0.00023957345350603937
2022-04-10,-0.00519521043105764,-0.004719991611113139,7757900433.72425,-0.01462424887396666,0.028020267130482203,-0.0051487202890844975,-0.0007076037780042997,-0.0020305499289647684,-0.004441116511080197,7.597605029641454e-05,-0.00010214467733664795
2022-04-11,-0.040071033145813395,-0.03970584557405843,17947558294.57257,-0.06372643948372578,0.037253873359397456,-0.006863353455124434,-0.001890821677831428,-1.376467828052876,-0.004972531777293006,0.002553584268817047,-0.0008423908647999995
2022-04-12,0.008234031960186128,0.00842569230981649,13983036683.031519,0.008545999956755266,0.032339793634017004,-0.007427334796535482,-0.0020601860288103897,0.6637119025233468,-0.005367148767725092,7.036803677567212e-05,0.0001771850910960707
2022-04-13,0.014981641230162213,0.015303691872650793,13171291934.155,0.026372063304139166,0.037193341209709754,-0.006367253115867368,-0.0018363280583037745,0.8859086298704193,-0.004530925057563593,0.00039509679092173923,0.00033269018820973834
2022-04-14,-0.03276635971215103,-0.03242362845922331,10618983519.56311,-0.03418218574351783,0.026132770139228947,-0.008874906893469323,-0.002425734061771925,-0.9967868194913416,-0.006449172831697398,0.0011200257938196658,-0.00072912230436529
2022-04-15,0.029668302304135752,0.029889110349540893,7834169294.24891,0.008660744636499133,0.007955994276877485,-0.008759378336954457,-0.0018523164679614204,1.5907888542795652,-0.006907061868993037,0.00025694959005457857,0.0006485249273351652
2022-04-16,-0.015667453169062928,-0.015527684363072058,5151896754.87278,-0.0013914647533059873,0.010734627864992961,-0.009333065420629425,-0.0021537010731419166,-0.26206275304792337,-0.007179364347487508,2.1800708858823254e-05,-0.00034522686952968276
2022-04-17,-0.02334510314408411,-0.02296171537457181,6844928574.60225,-0.014191704022514118,0.01843664462835262,-0.013150972152016301,-0.0026070497059581072,-0.5373690762277573,-0.010543922446058195,0.0003313067941959055,-0.00048551754290533536
2022-04-18,0.01271423274286354,0.013200706090247927,14385834912.738491,0.024753665413219265,0.0429875172252387,-0.012405253200242524,-0.002729751753582591,1.2760100020006264,-0.009675501446659933,0.0003147238633026411,0.0002776855309681867
2022-04-19,0.02571070517527141,0.02584174416938234,8812710770.66012,0.01922497106308816,0.01890589526599566,-0.010943397722249545,-0.0027338275151924185,1.7180235041104595,-0.008209570207057128,0.0004942875630061838,0.0005638389616196895
2022-04-20,-0.001439993414935059,-0.0012772087913587304,10680662830.57433,-0.0010858486465389124,0.02697684581208947,-0.00989596069755099,-0.002157039125274052,0.39828887860666906,-0.007738921572276938,1.5636149006321803e-06,-3.313921326779004e-05
2022-04-21,-0.005560071841900549,-0.0046388593974449055,16394716249.55895,-0.02981333445095035,0.0329705210669388,-0.008485684402691596,-0.001431115393826049,0.1431576613297742,-0.0070545690088655464,0.0001657642813938926,-0.0001302858478971308
2022-04-22,-0.026824077353961195,-0.026718576406429384,12603399105.64393,-0.019869740325468337,0.029711930437420618,-0.008866156827762008,-0.0019534299450234692,-0.8670665484199575,-0.0069127268827385395,0.0005329874514934848,-0.0006232897534925689
2022-04-23,-0.034205788700723216,-0.0340328891499474,4956239492.1091,-0.0005985761169313064,0.009900434669250004,-0.009396371728669447,-0.0027384546670861346,-1.1686562343205529,-0.006657917061583312,2.047476817705166e-05,-0.0007954885149438972
2022-04-24,-0.012686841746326283,-0.01247167562548357,7132438711.67396,-0.007999183888569404,0.007197385588054545,-0.009819161164201588,-0.002677177843134732,-0.13526445109289378,-0.0071419833210668564,0.00010148438009404292,-0.00029311947449786797
2022-04-25,0.004958130116690773,0.005500299355276184,17582505297.76194,0.029757134248736154,0.03905084151779787,-0.008902285667312115,-0.002613905007206115,0.6473037430909276,-0.006288380660105999,0.0001475397435050692,0.00011909006725837979
2022-04-26,-0.03149361281980667,-0.030950937536918688,17745663524.02774,-0.06174676525107068,0.04913915160723408,-0.008710941659406743,-0.0035739277198603677,-1.075691960505944,-0.005137013939546375,0.0019446287176927127,-0.0007937740547657595
2022-04-27,0.010164636621524004,0.010351777754547209,14987444127.37106,0.022806496789388644,0.021797130610026517,-0.006469504589272519,-0.0033467707989794874,0.8103465858430401,-0.0031227337902930315,0.0002318197524740894,0.0002550554898592112
2022-04-28,0.027644449842131102,0.02786838266143632,16383567774.30766,0.010108173801122201,0.01789587737957985,-0.004900459963949737,-0.003469465802829099,1.4902836735486575,-0.0014309941611206382,0.00027943490364066637,0.0007002365978583516
2022-04-29,-0.02636980588908977,-0.026104170772935475,12006054616.68173,-0.02448253149209788,0.02931731534010338,-0.005180255778716344,-0.004377597660702281,-0.9594935618167224,-0.0008026581180140633,0.0006455996031201485,-0.0006699595048488619
2022-04-30,-0.03953467299793689,-0.039107452094070516,6968090176.2822,-0.02693721411223749,0.022224196449825633,-0.00767066163685161,-0.005093359929538583,-1.3918438046257595,-0.0025773017073130273,0.00106495395140272,-0.0010281694963644654
2022-05-01,0.010279896557109813,0.010594302531368616,9004710658.66057,0.010967692403760968,0.028633972483735455,-0.006933751780272208,-0.004710834377161272,0.7412095735612558,-0.0022229174031109357,0.00011274674338086183,0.0002676474164090466
2022-05-02,0.017239278325827723,0.01757963307236876,13024319963.6059,-0.0033195459827161005,0.012206255722322385,-0.004204689329241678,-0.005333378913030302,0.9534569613600815,0.0011286895837886238,-5.7226577111426157e-05,0.00042827985964684036
2022-05-03,-0.03287980328485818,-0.03257643538665522,9498898382.60297,-0.02124546693969592,0.01743298880972305,-0.006162491007577121,-0.005905661961687222,-1.1548888834683257,-0.0002568290458898996,0.0006985467736721597,-0.0007935018173961796
2022-05-04,0.03138451141694354,0.0315395582749769,16546422734.7687,0.04346192906160375,0.030029375352079765,-0.005381401951063725,-0.005259407886789088,1.523105273379511,-0.0001219940642746371,0.001364031408836293,0.0007467087728079484
2022-05-05,-0.05930422197003338,-0.05922845987839198,20498697692.95448,-0.08387931315595437,0.070851026929024,-0.006645109677629551,-0.0058089963988686285,-2.006311182858052,-0.0008361132787609226,0.004974397406094659,-0.001537266897442571
2022-05-06,-0.016285666876028615,-0.016127229160767587,15553837185.83251,-0.01231711659574751,0.017738859761570594,-0.008833393924304045,-0.005401856470797805,-0.2986704816386761,-0.0034315374535062396,0.00020059245775154756,-0.0004297390386028035
2022-05-07,-0.03768930813729021,-0.037166554340961055,7130599918.44936,-0.009244720836317454,0.012561399315169646,-0.009882053684695821,-0.006020171547701138,-1.081805951450101,-0.0038618821369946826,0.0003484271322431958,-0.0009978075014106687
2022-05-08,-0.01927233162390196,-0.01899979602394186,14710577345.50726,-0.012953469583876791,0.022177500768809456,-0.009688112183734766,-0.006244273216319398,-0.3741932742496172,-0.0034438389674153677,0.00024964356150060087,-0.0005136594180461864
2022-05-09,-0.018059942899630643,-0.01802567893477669,34585085018.41368,-0.11046117068505316,0.05927221026996166,-0.011153549119091631,-0.006553575161921111,-0.27468183192307716,-0.00459997395717052,0.0019949224351984143,-0.0004953507928773716
2022-05-10,0.022030155806820995,0.022254835340119072,27002792322.99196,0.011719226317100838,0.033992721383611174,-0.011328813374732127,-0.006236177616386574,1.3405286913067003,-0.005092635758345554,0.00025817638170112843,0.0006200732923927827
2022-05-11,-0.0020628710106768144,-0.0012199498042947399,33432659604.67081,-0.07022915041095043,0.06703593717408739,-0.011358474212624592,-0.006872084667592591,0.3737237332631167,-0.004486389545032001,0.00014487367848721133,-6.199782325666967e-05
2022-05-12,0.009779813100069923,0.010604174197096361,27412613954.5816,0.02229298475814641,0.03054593109192232,-0.010628003501102188,-0.006291133054828383,0.8074708034745625,-0.004336870446273805,0.00021802122437737938,0.00029279477061504923
2022-05-13,0.014299065242894704,0.014685091010199436,15321440645.11955,-0.04312266319544361,0.03640649595523508,-0.008669758615537622,-0.005993979571288336,0.8990540923844648,-0.002675779044249286,-0.0006166137744790224,0.00043265363170218196
2022-05-14,0.014613625460181856,0.015036204395402875,9273623685.28461,0.017316740359991235,0.03464691228762655,-0.006345024607875475,-0.0054394926568217235,0.8274844865578022,-0.0009055319510537516,0.00025306035781212665,0.0004593921803656264
2022-05-15,0.03340235219887866,0.033967325598476705,10189057495.681759,0.052715090474936374,0.035659785759792006,-0.00415030108667524,-0.004247968729786056,1.405924940603964,9.766764311081554e-05,0.0017608080182395785,0.001095304302518445
2022-05-16,-0.020762807083338775,-0.020761989414216475,15148324200.34817,-0.014898492140113042,0.031050576335732404,-0.0053751076200099805,-0.0051216481872901785,-0.5728634518345428,-0.000253459432719802,0.00030933451813780613,-0.0006729281348719486
2022-05-17,0.005109818646153119,0.0053568144939544204,12050567026.40218,0.0031392654107575196,0.013614998173502986,-0.003632087074011895,-0.0051738833800043585,0.33286801734696125,0.0015417963059924634,1.6041076931112303e-05,0.00015696668611223287
2022-05-18,-0.020015692179115696,-0.019813796914201043,12571901286.27471,-0.03810030211504539,0.0361648723157106,-0.005069245588328071,-0.005723359645983587,-0.5684056209707415,0.0006541140576555157,0.0007626039190660593,-0.0006285491682481219
2022-05-19,0.03856367315999032,0.038671852305056875,13313042275.77401,0.03833442763420495,0.03689269175125264,-0.004549282573191918,-0.004778724660423215,1.5925808120194385,0.00022944208723129668,0.0014783163380607807,0.0012458931590958113
2022-05-20,-0.02306898509432398,-0.022610778326924486,14409462581.90292,-0.03314572776311345,0.04340215549229414,-0.004392100630584024,-0.005494658785277409,-0.6930868123596726,0.0011025581546933857,0.0007646382997077846,-0.0007607721361526776
2022-05-21,0.011076221446402856,0.011320825762549891,5951830742.03713,0.006156047133091736,0.011819299756242694,-0.0019820580379964164,-0.005231509916036506,0.50438115809283,0.0032494518780400894,6.818574128061751e-05,0.00035978519170586613
2022-05-22,0.022345145223199303,0.022383287687584907,8892178256.394749,0.031534832024502954,0.02001529269707067,-0.0014075223872302503,-0.004496664818862318,0.9029389142466059,0.003089142431632068,0.0007046504011767146,0.0007166591233640938
2022-05-23,-0.026824072735948556,-0.026113368505120027,14259460842.85488,-0.0360331238910081,0.044669470270249895,-0.003505777199695787,-0.0048579399946873,-0.8799073705019642,0.0013521627949915128,0.0009665551361558469,-0.0009017748726875708
2022-05-24,0.0007592997536780555,0.0011035324519481637,11175809569.67527,0.012044678823025456,0.01072819172217308,-0.001903915150241681,-0.0051645803181180954,0.10387275914351538,0.0032606651678764144,9.14552166345452e-06,2.528380334418213e-05
2022-05-25,-0.0026910689996409998,-0.0024772574948522808,12302779677.741621,-0.021840749217753447,0.0206105835605911,-0.0035265618367457067,-0.0050917389678922665,0.03413078306801202,0.0015651771311465598,5.877496314882972e-05,-8.840250248322758e-05
2022-05-26,-0.011200681965634729,-0.010673514269869733,17570547237.68192,-0.021427345919981813,0.028780473290393363,-0.0012359170746314852,-0.005585311215243453,-0.4744550501480486,0.004349394140611968,0.0002400008870173572,-0.000345507094777389
2022-05-27,-0.007997767498635233,-0.007638654377705167,14627232915.19134,-0.01324030801906332,0.009384711362370735,-0.0008412551995175147,-0.006144675820258672,-0.34435578252485066,0.005303420620741158,0.00010589290514678407,-0.000243525245361298
2022-05-28,0.025019241079273336,0.02520170670361499,5593154078.34822,0.007387969409254144,0.006315540754285584,0.002144866191747416,-0.005690084304525943,1.1611336885517678,0.00783495049627336,0.00018484138773642604,0.000754373428243802
2022-05-29,0.02940468504559468,0.029576549871930702,6278945105.68035,0.016531622050236804,0.013764533498429248,0.004462819366485351,-0.0061254216564219045,1.252317082506708,0.010588241022907256,0.0004861071396800214,0.0008748221241871024
2022-05-30,0.05226681042235182,0.05222752085832072,15459298501.15428,0.04450076209933067,0.036411805421258714,0.007811712381817849,-0.005249029979172102,2.042339701208392,0.01306074236098995,0.002325912896295895,0.0014980986485345945
2022-05-31,0.004229780131534744,0.004417831137302652,12177347048.90632,0.0010855697396073612,0.01912653818449488,0.006964075444899457,-0.005102711884027405,-0.12699528983990804,0.012066787328926862,4.591721315986562e-06,0.00011824185131510433
2022-06-01,-0.0416673713436948,-0.041460256564396114,17126731271.828579,-0.05951196473983064,0.03640889376000902,0.005078146857612886,-0.005392096017520899,-1.9510992677038288,0.010470242875133784,0.002479707134207395,-0.0011040261185513405
2022-06-02,0.02504115073904467,0.025355611353064633,11143387488.16196,0.02389587647312552,0.012076889498463084,0.005804877221373588,-0.004436270227473399,0.7904200147906074,0.010241147448846986,0.0005983802448051273,0.0006414716602638848
2022-06-03,-0.018918808959729527,-0.01887747131666795,10664927716.29938,-0.027503133191661856,0.024863328633841535,0.0042230736879152915,-0.004437613918461446,-0.9319540823425166,0.008660687606376737,0.0005203265226470468,-0.00047423827475445913
2022-06-04,0.02225780777693398,0.0224434044202817,5568229841.96672,0.010277638134495518,0.01224026682633566,0.004587082369665392,-0.0037181046556265095,0.7055139649981543,0.008305187025291903,0.00022875769399848756,0.0005341883395609245
2022-06-05,0.014467254072653146,0.014636231901789198,6129273442.52063,0.005152015632824521,0.011072408880148876,0.0036854110303213205,-0.0034280170735185027,0.4439403873719935,0.007113428103839824,7.453551914635323e-05,0.0003302760586339892
2022-06-06,0.04788787311063114,0.047666897479494486,13627289855.03024,0.004032199110698208,0.007045347767041363,0.006954491039557983,-0.0024409674159213707,1.609967576479759,0.009395458455479355,0.0001930934393699155,0.0010385016465818912
2022-06-07,-0.00291249292510265,-0.002239863712851009,20938600076.18326,0.05179050555748593,0.040662317906272935,0.006572476202831518,-0.0019235175101957065,-0.37175274602690006,0.008495993713027224,-0.00015083948102366724,-6.691183621689609e-05
2022-06-08,0.00041864075992203986,0.0005618210387039468,13872254798.76627,0.006196187502571573,0.021713988193384413,0.007545539676119029,-0.0013310701671605204,-0.2870283041337386,0.00887660984327955,2.5939766446960096e-06,9.329802642406374e-06
2022-06-09,-0.010644495292124412,-0.010435742388365865,9291136221.99843,-0.006283943343271278,0.013290884437435407,0.005202293559351661,-0.0014158163259299981,-0.6584570414972856,0.006618109885281659,6.688940533342766e-05,-0.00022525927667176133
2022-06-10,-0.02403503516467187,-0.02359363387419433,13179453292.83278,-0.034620057352362066,0.025297015935629885,0.005156291175049381,-0.0014720217447503291,-1.2100460375075177,0.006628312919799709,0.0008320942958669792,-0.00048790867569290625
2022-06-11,-0.027748291023236726,-0.027522092387719188,11234144827.430191,-0.029189711421552706,0.024931147948696664,0.0033075048669713052,-0.002115071602625574,-1.236538299938628,0.005422576469596879,0.0008099646074095415,-0.0005806126812797534
2022-06-12,-0.017456100581011325,-0.01713086933143404,15462378090.80452,-0.03599086490299265,0.04624543737460202,0.0014122074477231799,-0.0023096889065930925,-0.7514739082046248,0.003721896354316272,0.0006282601577442301,-0.0003870597500412589
2022-06-13,-0.002882185429942785,-0.002922756980465402,39289035377.13508,-0.12643061252097135,0.0646608284243579,0.0025522973194377404,-0.0017193897364999084,-0.22371047279649267,0.004271687055937648,0.0003643964693066855,-6.665137985500278e-05
2022-06-14,0.02037928371636477,0.020746316669320475,27599590726.80712,0.0007325477614085231,0.06428869230473935,0.0034865822700418697,-0.001526607962592311,0.6868214522232163,0.005013190232634181,1.492879866553218e-05,0.0005232542517151348
2022-06-15,0.01516316257487782,0.015567508834711363,32006546659.5817,0.051145211621840166,0.06138266106979151,0.004336783773590385,-0.001523726671406349,0.43867550346088446,0.005860510444996733,0.0007755231587484929,0.00041876590688472365
2022-06-16,-0.005599986821267833,-0.005113236366585339,18813838459.83841,-0.08506260695552015,0.04670776118315205,0.004603483542369761,-0.0010925144032970918,-0.4159041640882718,0.005695997945666853,0.00047634947793359834,-0.00015943722461891444
2022-06-17,0.006893454291077017,0.007190871797061238,16088733040.234589,0.004325649773971193,0.038906575354744295,0.0053125893418798685,-0.001454019927313897,0.06488149375079937,0.006766609269193766,2.9818668996078046e-05,0.00020595437596123897
2022-06-18,-0.010340877388961167,-0.010588304264813386,24038549203.46261,-0.07566720857192667,0.09266739822684554,0.0036287741767258444,-0.0013694711054075199,-0.5783006919945454,0.0049982452821333645,0.0007824653262072451,-0.0003514739744126552
2022-06-19,0.04152966698859717,0.04208418542737924,21080192131.228592,0.11666156905435163,0.07814221864511355,0.004206154269249772,-0.00033971284933321394,1.4967956052200355,0.004545867118582986,0.004844916113194456,0.0015388569042811408
2022-06-20,0.019451789103058115,0.01963301149141894,19052030813.46172,0.029772679200778543,0.056782461868324384,0.0026435342064262627,-0.00023276751028250642,0.7404079678783301,0.002876301716708769,0.000579131876846549,0.0007396432231570252
2022-06-21,0.018995595911092344,0.01930439856307853,16577758368.34692,0.0052617051266286305,0.04098368469096496,0.0033466682911671005,-0.0003393565462218566,0.6809834588099634,0.003686024837388957,9.994922438876044e-05,0.0007420676660157465
2022-06-22,-0.0016558866961352559,-0.0013389569957351632,16485504375.38122,-0.016462502928355285,0.03146430067141344,0.005251977083908031,-0.00034278342370122486,-0.33539567637887485,0.005594760507609256,2.7260039584151207e-05,-6.429773471235736e-05
2022-06-23,0.03981621031659488,0.040174891039082894,14372398242.68264,0.043285731598011266,0.035344935806183336,0.00595555134950566,0.00037747502325902004,1.5722197158446969,0.00557807632624664,0.001723473793014093,0.0015901715830152626
2022-06-24,0.010001763449729806,0.01019316883989263,13621335706.924679,0.007797190634908702,0.02658861057234159,0.007332721464241819,0.000962012178873163,0.12845503390372318,0.006370709285368656,7.798565630280539e-05,0.0004002700703540508
2022-06-25,0.021561305735772418,0.021826241742711305,9228742005.28791,0.008738416729793301,0.0275850580420115,0.007299554700376983,0.0018472041540556333,0.6871956734724883,0.005452350546321349,0.00018841167475766194,0.000878637311164705
2022-06-26,-0.0069897464368797735,-0.0066051049083372115,9467563440.88587,-0.01818908788739981,0.025803819145044125,0.006277792771351606,0.001937634238332562,-0.6344880119291785,0.004340158533019044,0.00012713711225104587,-0.00028974001628836657
2022-06-27,-0.005499129391765556,-0.005153102518587471,11319059806.09479,-0.02057321271918998,0.028991217298740175,0.0037355545569517632,0.0017716459921665885,-0.49302836427637053,0.0019639085647851747,0.0001131347587471426,-0.00023369755316915894
2022-06-28,-0.007909412583945952,-0.007446388867433096,12074564681.68627,-0.02215200165341373,0.027038177353183986,0.0034976060017687487,0.0021459983768627906,-0.6051286993789261,0.001351607624905958,0.00017520932063710208,-0.00033099644031065335
2022-06-29,-0.002545319023713355,-0.0024305537748859907,12250941435.49509,-0.008220757536928058,0.012995766710318964,0.003356465059690873,0.0019442530491606102,-0.3124979118002377,0.0014122120105302626,2.092445054807793e-05,-0.00010546088829286838
2022-06-30,-0.002858932713098339,-0.0028415338659846245,16548226768.84932,-0.006957445767722179,0.0643739578766531,0.0037272061348825906,0.0014600723736807777,-0.352719446528105,0.0022671337612018127,1.9890869304948525e-05,-0.00012540936060035293
2022-07-01,0.0003737505331866675,0.0007030221898147726,17973277787.04804,-0.022985154842976398,0.02332021087710719,0.004889529263352045,0.0018845732692724672,-0.2567826346100421,0.003004955994079578,-8.590713877940542e-06,1.635968235702986e-05
2022-07-02,0.009650312872594657,0.009812812616842859,7361597905.72379,0.006214405885605588,0.004698686675063545,0.006670415163153539,0.002665287330709476,0.18704572989857346,0.004005127832444063,5.997096111338761e-05,0.0004131126430711124
2022-07-03,0.017828748539924,0.018089891007686987,8622450486.1063,0.002660755450026534,0.02608121017427235,0.00835064607367427,0.002785110378055733,0.6277498837934211,0.005565535695618537,4.743793984475539e-05,0.0007460976666877914
2022-07-04,0.040790894462589655,0.04120317455548306,12445691915.01023,0.05762442025204315,0.04033064327781503,0.010430316544747242,0.003158945554829732,1.8485964702255924,0.00727137098991751,0.0023505516449690064,0.0016597582794943449
2022-07-05,0.015048407999913804,0.01541019409809019,17057063374.95285,-0.006562455604493478,0.057741866685924424,0.01017646532015434,0.003919710813318176,0.29883951877152287,0.006256754506836164,-9.875450941773884e-05,0.0006076197613145975
2022-07-06,0.02678991157909172,0.027096626029397886,13764942073.2418,0.030312609911059173,0.01820935104559402,0.010730120034640715,0.003846780657161798,0.9631697640013489,0.006883339377478917,0.0008120721392487746,0.0010266377766618285
2022-07-07,0.0457742741609124,0.0461983737840459,14673528816.01675,0.054157704212760595,0.047582509418190914,0.013176513414744536,0.005514693294160937,1.8228236757894498,0.007661820120583599,0.002479029600560504,0.001756059536707637
2022-07-08,0.015791588672635415,0.016182895233727068,18441993286.35933,-0.024335641632592157,0.027419853791480476,0.01360023409958065,0.0060238560806476675,0.12288790597202119,0.007576378018932983,-0.0003842984427465571,0.0005971821910668534
2022-07-09,0.0037631011426968453,0.0039817116476397185,8503827622.59832,-0.0011994657101153823,0.01150601545291663,0.014271852124897698,0.006681830831123653,-0.6132048438771623,0.007590021293774045,-4.513710784360878e-06,0.00012776347608118094
2022-07-10,-0.03513544919430489,-0.03494804352034686,9870330890.15699,-0.02063553233592411,0.01952958782506275,0.010621132306664267,0.00643003531413313,-2.396316493887279,0.004191096992531137,0.0007250386979862972,-0.0010948405492430123
2022-07-11,-0.012457819141609261,-0.012151525622132064,11469156941.09009,-0.02892954554258204,0.0278239358070535,0.009101627152156297,0.006518957913466803,-1.0988991237348513,0.0025826692386894945,0.0003603990462184354,-0.0003710136674256898
2022-07-12,-0.004181388124229302,-0.003927066499744392,12632186362.87899,-0.031150945056275657,0.028132721650000823,0.007997961245712408,0.006102901660592988,-0.6186646872480729,0.00189505958511942,0.0001302541917168305,-0.0001219695855187249
2022-07-13,0.029563919144406148,0.029968862982261202,19099701219.32481,0.038177345899070146,0.03898410090081935,0.009484618666690571,0.006604914202737163,0.9991893724536736,0.002879704463953408,0.0011286719673081354,0.0008729552904472225
2022-07-14,0.031135396850659136,0.031576533516596506,15457229421.45097,0.01781195743344666,0.03838993504578018,0.009071246596884106,0.006943891722587785,1.1302458765140577,0.002127354874296321,0.0005545823633774097,0.0009238720842690583
2022-07-15,0.026736488111694934,0.027053060463778422,13043523984.48886,0.01070391274467777,0.02627959039660991,0.009868138247453875,0.007141311133203662,0.8476837798340375,0.0027268271142502137,0.0002861850358466971,0.0007929510387198303
2022-07-16,0.017454109959689657,0.017874139105906295,11321826058.55016,0.021770904812337656,0.02200637045653331,0.009672557496211839,0.007186398188751404,0.39303551789471936,0.0024861593074604347,0.00037999176651647815,0.0005130174567051458
2022-07-17,-0.0031897912575807874,-0.0028717373985164274,10308826275.78109,-0.02468510585072673,0.019877561605553824,0.009853507742845123,0.00660557051483935,-0.6635938094836984,0.0032479372280057733,7.874033483510448e-05,-9.285532025356034e-05
2022-07-18,0.021984370075984305,0.022127539422777343,21581852762.64478,0.05264168451540002,0.07900588809730283,0.011162245812737974,0.007284097136415907,0.5550794268098954,0.0038781486763220666,0.0011572942738097666,0.0006923275332972384
2022-07-19,0.020646974683881103,0.02161930201376605,25470793400.12995,0.06574253483266584,0.05353758516030783,0.012522073777872596,0.007530718660824287,0.4255772090741279,0.004991355117048309,0.0013573844523442232,0.000676264469535534
2022-07-20,0.010991163593400355,0.01143505391774391,22329424219.08293,-0.009100850935216249,0.03638866846343877,0.013166668188211344,0.00802289097467375,-0.1158208797493027,0.005143777213537594,-0.00010002894146811241,0.00037224467267625463
2022-07-21,-0.001941290421382913,-0.0017410004478672914,16553246183.50506,0.016120073189072336,0.02907632943522393,0.013210365440197793,0.007379955044810682,-0.8082936384069688,0.005830410395387111,-3.129374367393763e-05,-6.248391010259599e-05
2022-07-22,-0.007633729979470538,-0.007218954152621748,14697003018.10593,-0.01002233117473384,0.040906827592402835,0.012829056844356973,0.0076249590942528,-1.0714879610275965,0.005204097750104174,7.650776995274789e-05,-0.0002520982032604047
2022-07-23,-0.004536028692677885,-0.004315418188362785,11353416591.58139,-0.01574863548611718,0.025301595897308727,0.012153516769820186,0.007377145599981676,-0.8575004149461345,0.00477637116983851,7.143626243555266e-05,-0.00015424919971107013
2022-07-24,0.016265690405602884,0.016444786710282377,10486872827.38728,0.010873860681921017,0.02015137259848417,0.012079085430090609,0.007280646317162686,0.21532481199377018,0.004798439112927923,0.00017687085136578511,0.0005485273435717133
2022-07-25,-0.02402106050304753,-0.0236373161709017,15241930778.39496,-0.025859914539102365,0.027279955512704627,0.008992801860298362,0.007325138574827782,-1.6674953751616404,0.0016676632854705801,0.0006211825717474164,-0.000795133274751899
2022-07-26,0.007562909133957074,0.007773275129620227,11607460262.676739,0.005229979446243716,0.024449669878901667,0.00863634953334804,0.00743313237451475,-0.054347766592265714,0.0012032171588332906,3.955385932440436e-05,0.00023835387811180155
2022-07-27,0.04326971858353179,0.0438078191637723,16528529868.307129,0.0853124190978615,0.060595639104412805,0.009421102247845188,0.008162668685358762,1.6267280705014981,0.0012584335624864253,0.0036914443660447903,0.0014510308794277245
2022-07-28,0.03072930409519481,0.03082619826436006,17665500374.48079,0.03021763930909001,0.029837080650385046,0.008704675101858636,0.008828224019657644,1.1166219498082282,-0.00012354891779900803,0.0009285670273679393,0.0010045267353827074
2022-07-29,0.0017080798909108186,0.001935429345452766,15337312726.27532,-0.005650550199348814,0.016682971054967112,0.008034031826538416,0.008982285089332978,-0.3209391788996716,-0.0009482532627945617,-9.651591168089827e-06,5.4963034160623415e-05
2022-07-30,0.006547836186507006,0.006871716147406115,11889274245.47064,-0.0072021327283460215,0.036625820869882905,0.008166638257196043,0.008689088186273196,-0.08221469221325604,-0.0005224499290771532,-4.715838529869051e-05,0.00021853035595972983
2022-07-31,-0.009972701235601678,-0.00971888624878603,9142633001.95407,-0.018817039198506573,0.023529708044468897,0.009364864350467624,0.008064050308793888,-1.1002816634101031,0.0013008140416737365,0.0001876567100653117,-0.0003347329230616793
2022-08-01,-0.003620053338920348,-0.0035259640293038297,11554380879.334711,-0.004662853040951507,0.0219105115684522,0.00978571034107186,0.0071769572332181395,-0.7827493954077929,0.00260875310785372,1.6879776719791402e-05,-0.00012048742541214881
2022-08-02,0.007549515799607942,0.007850994863528804,14363033396.88062,0.005665613884032082,0.004677295143264757,0.010344324813635538,0.007229651450171682,-0.1659917834750622,0.0031146733634638555,4.277264153197832e-05,0.00024284077286962266
2022-08-03,0.003906339973985373,0.0044225057576363636,13201647982.58276,-0.0022517006780143644,0.0339532287658334,0.009122535329329787,0.007953043693309464,-0.3201138164024871,0.0011694916360203231,-8.795908367977479e-06,0.00012471708488812696
2022-08-04,-0.028131299008623434,-0.027929523670104484,12515146172.92225,-0.020783106682700298,0.023422615826828752,0.006300311716982997,0.007109036554457588,-1.9802614571083001,-0.0008087248374745917,0.000584655788419162,-0.0008780934297131351
2022-08-05,0.021217412425986293,0.021269563763217203,13716626797.397871,0.00600992841434345,0.02598764201133665,0.006037498589092109,0.007746119433595934,0.8875875301041536,-0.0017086208445038255,0.00012751512981777882,0.0006619876503372503
2022-08-06,-0.015985968933924122,-0.015846538286250045,5272174727.75062,-0.009478415005741845,0.010564022819931126,0.0044451138798724055,0.007139075358820409,-1.1649905613479197,-0.0026939614789480036,0.00015152164782462936,-0.0004900551987905731
2022-08-07,0.0169996499087397,0.017216465668195235,6267656688.48691,0.008152166064252175,0.006404360409872703,0.005406515840173381,0.00717927211812337,0.6567937227355433,-0.0017727562779499889,0.00013858396909019536,0.0005102232739428875
2022-08-08,0.028915422605351404,0.028859314706830785,13485945119.50385,0.02165315633495823,0.02770068548712552,0.005736565960619434,0.006878122110103057,1.2850611004498562,-0.0011415561494836236,0.0006261101661650592,0.0007972169085379677
2022-08-09,-0.06051075073022727,-0.06042679392259276,11634879431.41769,-0.02891221674724681,0.027542659574450554,0.0018719123694714158,0.005963864049704253,-2.7409996643074956,-0.004091951680232837,0.0017494999406509541,-0.0015934170954688331
2022-08-10,0.01652330057029716,0.01698055628791617,17921041663.21249,0.04662842337101488,0.04299403700908884,0.002135347463609359,0.006219493570503858,0.6282538555257533,-0.004084146106894499,0.0007704554544783477,0.00044030192108235404
2022-08-11,0.000413498364391085,0.0007105901246711177,18562187367.96329,-0.01644211211255525,0.01724707081637774,0.00224748026293193,0.006395017279337438,-0.08013449611068046,-0.004147537016405508,-6.798786465676444e-06,1.078570651091632e-05
2022-08-12,-0.0029695204159042587,-0.0026891635696598692,11446334088.8081,0.01611271352692443,0.021517501771843136,0.0024695854802446104,0.006729390529317876,-0.23847248268135945,-0.004259805049073266,-4.78470317738188e-05,-7.471531764968441e-05
2022-08-13,0.011460068819987068,0.011617529728523701,10577167655.58233,-0.014524164501860193,0.012078477893586218,0.003231304409419132,0.007351745447464286,0.3604436792757965,-0.0041204410380451546,-0.000166447924744131,0.00028112767228782225
2022-08-14,-0.011098337689925186,-0.010690470366012339,10730828908.19903,-0.010653469140267359,0.020485820266594963,0.0019282554524892239,0.007452662318751367,-0.570608289980153,-0.005524406866262143,0.0001182357980878841,-0.00027243077608918027
2022-08-15,-0.015558592599649423,-0.014890082513233649,17992336053.679333,-0.031505651284822064,0.03703764795059234,0.0023312301145558003,0.007251449506533801,-0.7979628972675108,-0.004920219391978,0.0004901835929271679,-0.0003891459369523939
2022-08-16,-0.021032613308590853,-0.020903398079801128,11027935215.312271,-0.009587745127057302,0.006973551054016419,0.0009695385696725657,0.006594117807724982,-0.9587872466463727,-0.0056245792380524165,0.00020165533575872252,-0.0005085569197994566
2022-08-17,-0.01930330560273985,-0.018964328981175727,15186136927.96825,-0.028051702007297834,0.018570252963939982,-0.002010129248721322,0.00604703101125486,-0.8166905855063998,-0.008057160259976182,0.000541490576523861,-0.00042811327270956645
2022-08-18,-0.002045982265477031,-0.0019619900970785364,8134736996.02001,-0.010242768523469836,0.010051529779544316,-0.0035708571706580764,0.006103443781981698,0.07699653397671194,-0.009674300952639775,2.095652274840564e-05,-4.3448616868181855e-05
2022-08-19,-0.040527296293088266,-0.04111030342421096,19700159303.89833,-0.08881128544116756,0.04995323995792286,-0.005582065560372319,0.005350733455248916,-1.6385006780667029,-0.010932799015621233,0.0035992812792442343,-0.0009248477227904537
2022-08-20,0.012132437438074462,0.012248058959768215,10362322320.64405,-3.31311544107581e-05,0.01867471938543669,-0.005316132167440535,0.005707452738217735,0.810795010594568,-0.01102358490565827,-4.0196165813970735e-07,0.0002664956776336408
2022-08-21,0.018742732553069352,0.018924399813384563,9076418907.61454,0.014392376551309198,0.014477269119276336,-0.0039487305584562,0.0053457553662252305,1.0261242907951171,-0.00929448592468143,0.00026975246450425494,0.0004036150524810497
2022-08-22,0.007864251729116978,0.008052157743078991,12492356305.43505,-0.0009113534228172336,0.028930957511119418,-0.0034018588885496607,0.005161826201559498,0.5060285269206,-0.008563685090109158,-7.167112731227106e-06,0.00017198166789273358
2022-08-23,0.022578959899106632,0.022840528682508632,13030512975.03382,0.013554470187491821,0.00802019371289457,-0.0026861710742878183,0.005218704995020042,1.1048812903012761,-0.00790487606930786,0.0003060458388170142,0.0004973687739544205
2022-08-24,0.014837763287747885,0.0151524946813415,10795887952.94642,0.0047737492699278326,0.019381830348900505,-0.002165627106965794,0.005480508963018187,0.7345794208100834,-0.007646136069983982,7.083176166224846e-05,0.0003165503156326153
2022-08-25,0.017133919580793133,0.01720420540241041,8976368825.999,0.004068911961474562,0.014774908559511617,-1.0140507469767018e-05,0.0051204726021324455,0.7548545843826744,-0.005130613109602213,6.971641032923239e-05,0.00035848106961460473
2022-08-26,-0.03243335384375445,-0.031793292113369453,18923645109.31387,-0.06290212981226775,0.03147542277037007,-0.0025649389012669453,0.0044468993117596795,-1.2865207010190995,-0.007011838213026625,0.002040127033727056,-0.0006870560580803588
2022-08-27,-0.010892281778425716,-0.010800958440454256,9430185077.10662,-0.00825591925566522,0.012533496032815976,-0.0023223823700527354,0.0039317630020105025,-0.3710637222400246,-0.006254145372063238,8.992579887263629e-05,-0.00023175955684070565
2022-08-28,-0.011390894990425782,-0.01098031421908463,7703477819.25788,-0.021819305021987232,0.021429753751065376,-0.003674313079536806,0.003861903501160566,-0.3393986759232233,-0.007536216580697372,0.0002485414122695265,-0.0002505188826265136
2022-08-29,0.04098860609458077,0.04103365849029306,11969489778.36106,0.02097754228850234,0.02526060825446198,-0.0030993995800496937,0.004599804064435904,1.8577336465132517,-0.0076992036444855985,0.0008598402176958328,0.0008966959239495535
2022-08-30,-0.004535572486859096,-0.004311088223081572,15387324341.7651,-0.022874171504093363,0.03551343863589361,-0.0004339149017940662,0.004653357081849982,-0.20741524248147075,-0.005087271983644048,0.00010374746293366221,-0.00010094493830071065
2022-08-31,0.02461952289571223,0.024781186016103796,14364997156.93659,-0.01736696622929194,0.015240198464039274,-4.838050534572953e-05,0.005084545048824991,1.2213854435568425,-0.005132925554170721,-0.00042756642271111404,0.0005154013751825782
2022-09-01,-0.011229491440840511,-0.011048295294325272,13771147297.87754,0.005261675243271203,0.022757469705146895,-0.0006028085913091388,0.004951679037273528,-0.5223850242968483,-0.005554487628582666,-5.9085937108796385e-05,-0.00023803221875426747
2022-09-02,0.006296488680265,0.006610138935756904,13442087838.13621,-0.01018316891435607,0.025861967901923796,-0.00016157006292012656,0.005045690753893819,0.31673978169598505,-0.0052072608168139455,-6.411820779846942e-05,0.00013476967012644313
2022-09-03,-0.026001918679366298,-0.02590255804052044,5652779448.41072,-0.0035053295694659203,0.008053348475110049,-0.0019454742295560011,0.004479782316561105,-1.1481389536770328,-0.006425256546117106,9.114529440963093e-05,-0.0005515596633318041
2022-09-04,0.005691064352250086,0.005918341874291855,7853749068.4689,0.011403916971285358,0.015891183446962144,-0.0011459788942143215,0.004287120662788504,0.32703562654935403,-0.005433099557002825,6.490042535130186e-05,0.00011947522066602842
2022-09-05,-0.016173737018906897,-0.015985972219366817,8837636837.41192,-0.004387653041764517,0.013608709182141365,-0.0011752714856075345,0.003382920163082209,-0.7166788684745168,-0.004558191648689744,7.096474642770622e-05,-0.00032149850149835996
2022-09-06,-0.0470043071102767,-0.04620590761230381,18444352721.94751,-0.05180909457193098,0.05226718739062033,-0.002412018809497337,0.0023979564311744236,-1.9523810114309308,-0.0048099752406717605,0.0024352505923644135,-0.0010357235347893546
2022-09-07,0.019073641925548834,0.019512082218201554,11283513643.93365,0.028968475144894243,0.01906786775113707,-0.000584545117674066,0.0022754759604832666,0.8563462908059624,-0.0028600210781573325,0.0005525343220428742,0.0004207330240787888
2022-09-08,0.016228507092999278,0.016357946058481065,10329897060.9389,0.005202720051724372,0.009939834649448944,0.00028566866130099627,0.001806495530833852,0.6859405502370974,-0.0015208268695328557,8.443237926229855e-05,0.0003578877344622649
2022-09-09,0.06590869635790386,0.06535402120868672,20595406252.57019,0.06861826949718038,0.040275792533076664,0.005354049263729193,0.0026020051766317636,2.383845496091317,0.002752044087097429,0.004522540688894478,0.0014231136203678107
2022-09-10,0.027313188008949885,0.02755356837687506,10528881955.93716,0.01607152494144792,0.01726581290630331,0.006076942148056594,0.0029758160792707007,0.8225605169365117,0.0031011260687858933,0.0004389645823162943,0.0005879192997392245
2022-09-11,0.011387324041655988,0.011606725486311253,9093590170.7937,0.013049770385825811,0.010252356453306874,0.005726684599894053,0.003714272797301826,0.22037512266443363,0.002012411802592227,0.00014860196405260461,0.00024282239687547044
2022-09-12,0.02819914673741586,0.02837633124180594,18100462871.90017,0.03346726120245514,0.029822036674337662,0.006695012933622571,0.004359621462048257,0.8223346486093244,0.0023353914715743143,0.0009437482095474573,0.0006025129296666671
2022-09-13,-0.01607628689052809,-0.014890979656514536,26055120562.0565,-0.0974248335156425,0.0835652057989868,0.004854286896020917,0.004170813545122879,-0.7947532700856657,0.0006834733508980385,0.0015662295738594055,-0.00040132416165071456
2022-09-14,-0.0042893591123215336,-0.004091571017094009,13338081191.69107,-0.004747086402443104,0.018758749201042303,0.00394347154363666,0.003633459922000217,-0.3129861920887877,0.00031001162163644264,2.0361958317296974e-05,-0.00010695115555245754
2022-09-15,-0.012755321891613325,-0.012566023314830588,13275371720.988281,-0.01637543612190988,0.023189805514437358,0.0025201743306649234,0.002936781846726051,-0.579422812253602,-0.0004166075160611277,0.00020887395885051273,-0.00032315319225392986
2022-09-16,-0.004628724290692721,-0.004462995172924256,10699906720.22641,0.002737101041219719,0.015530945878086342,0.0038442043093821487,0.0024389213324024378,-0.3363304451126596,0.001405282976979711,-1.266928607557405e-05,-0.00011375327300958264
2022-09-17,0.028051764224465092,0.028187076306874115,6678646550.85602,0.01135665206215246,0.009801509600299824,0.005698682690472187,0.0026071380667639526,0.8771097568562605,0.0030915446237082347,0.0003185741260267861,0.0006857371076718726
2022-09-18,-0.03478435079536912,-0.0345651324192211,9879306624.60703,-0.029772172076186876,0.018718404244361896,0.004584708604522504,0.002105637121719693,-1.4717844172492207,0.002479071482802811,0.0010356056774381774,-0.0008458269289850101
2022-09-19,-0.006403388435630597,-0.006038804222291527,18855643585.82462,0.03982267834803953,0.03682132266724353,0.002327946960226725,0.0016550377802654883,-0.34248512987523233,0.0006729091799612366,-0.0002550000780096733,-0.0001592318853820454
2022-09-20,-0.006669096898027971,-0.006473296732474987,15185745305.0411,-0.025479852013053653,0.015847926068066634,0.0022263505596948736,0.0012214493424574078,-0.3484720217194808,0.0010049012172374657,0.00016992760202246788,-0.00015959391330603836
2022-09-21,0.004181332684805472,0.004817202810802224,22278202291.21906,-0.030130979074260062,0.03299550483929447,0.0012531034067945518,0.001113356788352727,0.11705878243477782,0.00013974661844182472,-0.00012598764762839334,0.00010359608949431829
2022-09-22,0.02337058577004636,0.02359932413142074,16203598692.71296,0.037561448493798846,0.029877785430563762,0.002900726131122498,0.0015151326009150965,0.8094142929074924,0.0013855935302074015,0.0008778330536715046,0.0005869503214184546
2022-09-23,-0.00021470881668328445,-1.2188695963200047e-05,15886090825.79674,-0.0053433879369682805,0.03416143615889807,0.002590669107458294,0.0016328948415942593,-0.1109462549666398,0.0009577742658640346,1.147272501026196e-06,-5.477249773222305e-06
2022-09-24,-0.005787780600244874,-0.0056444825089251305,7188116884.43088,-0.010640664457199819,0.012701977401986198,0.003553247111225981,0.0016130257636963706,-0.38101645735230866,0.0019402213475296103,6.158583131909626e-05,-0.00014892823621863338
2022-09-25,-0.01524105288844757,-0.014969054824806372,7774394534.94385,-0.012937433714290118,0.009965504796791941,0.0025564796235737117,0.0011129187272828714,-0.7162536225834385,0.0014435608962908404,0.0001971801114802804,-0.00038787439953754754
2022-09-26,0.01958465513314822,0.01980411939826965,14803230763.46802,0.018572450119638602,0.013767807251716318,0.004259260202243003,0.0018050729437304228,0.6198267378402855,0.00245418725851258,0.0003637350305707194,0.0004985644890143599
2022-09-27,0.006553982623312304,0.00714252237285562,25574742142.98837,-0.052195085333028454,0.045396773252425034,0.006809654951461527,0.0017890582372122518,-0.011751159248002315,0.005020596714249275,-0.0003420856822949714,0.00016469982282167964
2022-09-28,0.008414483338052392,0.008987064538537703,21809407277.4523,0.035202477094891854,0.030078554167145912,0.006302075971104553,0.0012358005349030552,0.09788544914254514,0.005066275436201498,0.0002962106569731385,0.00021586557447057892
2022-09-29,0.005879645089393426,0.006094058380652134,19151664008.3373,0.004360315814700787,0.016988423880854298,0.005809273018551894,0.0008413615030649379,0.003279187038753247,0.004967911515486955,2.5637109468109977e-05,0.00015281019370229465
2022-09-30,-0.0015438928846792654,-0.0012753071815846395,20985538466.488792,0.0009122371830664979,0.024474741712153802,0.0025972449593812687,0.000789742887579381,-0.25117906463307355,0.0018075020718018877,-1.4083964960762227e-06,-3.896363525164385e-05
2022-10-01,-0.020668365207771267,-0.020588568828616483,5685550297.42183,-0.005373023878963558,0.006822794854499138,0.0003124090919183568,0.0003577396908448053,-1.2940905356251133,-4.533059892644848e-05,0.00011105161980049462,-0.0005113349279429692
2022-10-02,-0.023442804123901317,-0.02329540450135359,7957458596.471169,-0.013131665130078872,0.013481803606927759,-0.0013461684397748483,0.00014392853388766816,-1.315723862412602,-0.0014900969736625165,0.0003078430534651041,-0.0005835795987527148
2022-10-03,0.033850955689521456,0.03393906153819781,12026295294.53641,0.023857928928900218,0.012799083602652049,-0.0010770346801507722,0.000738706454974046,2.015670347944968,-0.001815741135124818,0.0008076136950159533,0.0008152374983232126
2022-10-04,0.04597455053031774,0.04615086898767573,15931560832.404379,0.03732294293473658,0.02205939137386197,0.0018777671017942673,0.0013486276411757887,2.231372562621887,0.0005291394606184786,0.0017159055258932122,0.000972559314975839
2022-10-05,-0.0026826574505355305,-0.0025512775903697715,14444920350.12968,-0.0017305117260485575,0.011625376880939979,0.001954276704736458,0.0012440403804691077,-0.23489795255705834,0.0007102363242673503,4.642370175123264e-06,-5.58384766678675e-05
2022-10-06,-0.005151696158370744,-0.004982386213303713,15747127411.817959,-0.019484197271434814,0.013607570574537478,0.0023163541206051522,0.0016087959812667695,-0.3824772337657087,0.0007075581393383827,0.00010037666423218847,-0.00010487985887842304
2022-10-07,-0.037768140437580366,-0.03755006579969877,13256159671.11093,-0.023045866498023124,0.022709235389721447,0.0007382866850390738,0.000672517364384759,-1.802130225067636,6.576932065431476e-05,0.0008703995224030658,-0.0007818057725750468
2022-10-08,-0.02269914923366778,-0.02251119225778042,4925720956.06823,-0.004539771862806067,0.00423464444122528,-0.00167842347963392,0.0005659589469285105,-1.0014549528037906,-0.002244382426562431,0.00010304895900064088,-0.0004638582631624849
2022-10-09,0.010866899074082781,0.010941399881502667,5194156496.34906,0.0037176584987104458,0.006224991067167286,0.0004954455617685514,0.00046861369558474984,0.5260598041099572,2.6831866183801606e-05,4.0399419697392526e-05,0.00021560064862815082
2022-10-10,-0.03154571682712681,-0.03139814498495053,10812283652.889019,-0.01645043475837895,0.007562687121362228,-0.0007018081711598398,-0.0004910869303276028,-1.4769147106380052,-0.00021072124083223705,0.0005189407565709467,-0.0005819193526184204
2022-10-11,-0.00048049059483934453,-0.00036134700030565625,11498533040.996479,0.0008032613892569745,0.009448986116672078,-0.00040711263291276235,0.00046177434166268174,-0.0035211479748967194,-0.0008688869745754441,-3.8595954273556196e-07,-8.717130704447783e-06
2022-10-12,0.007166398544821817,0.007246765880780437,7770793558.69373,0.005577463757538735,0.0035692957306072103,-0.0002649666395786507,0.0003132520872900572,0.35587054218375125,-0.0005782187268687079,3.997032815582201e-05,0.00011997194939109571
2022-10-13,-0.007224469152397495,-0.006642824812941428,20803755671.58129,0.014815779433147568,0.02796471048739435,-0.0017218740168378818,0.00019201450765849245,-0.27230962910224454,-0.0019138885244963742,-0.00010703614148349984,-0.0001202859630084832
2022-10-14,-0.003759185017140898,-0.0033719109209390252,16828184593.54722,-0.032935241674983524,0.01813495724119126,-0.001890658597812054,0.00017948014890870452,-0.09246143448729457,-0.0020701387467207586,0.00012380966704051257,-5.972079595995243e-05
2022-10-15,-0.02273220766206341,-0.02264027076238928,4616795782.81949,-0.0068129023215583425,0.0034944896725642898,-0.00269753607694627,-0.00036325439842543,-0.9676580917117462,-0.00233428167852084,0.00015487231035501812,-0.0003511712825485931
2022-10-16,0.0009328713347918072,0.000987150853414498,5145257703.0476,0.007324741519788456,0.013062808628963894,-0.0019273492091729661,-0.00017228282660452536,0.1394256652581505,-0.0017550663825684407,6.833041398570028e-06,1.4548756024376595e-05
2022-10-17,0.03413462578922766,0.03416934484168621,9769309074.28858,0.01870970664058667,0.010980673594964213,-0.001234493463645374,0.0006164984176633648,1.645132933628863,-0.0018509918813087388,0.0006386488348026537,0.0005278220823889054
2022-10-18,-0.021969963594814734,-0.02174940385405144,12327590621.928131,-0.011271117343964384,0.01598692134356885,-0.002592776616889519,0.0006016198416915571,-0.8856016537100085,-0.003194396458581076,0.00024762603771978246,-0.00030895223798188353
2022-10-19,-0.029271455829248505,-0.02913707531804166,7760139097.5399,-0.008298500193173549,0.007691803427681577,-0.0043873451486657515,0.0004433952349215785,-1.107445154833247,-0.00483074038358733,0.0002429091818534897,-0.00038042492952403254
2022-10-20,-0.02601741495714327,-0.02595259453985599,10277064463.57478,7.880655359364863e-05,0.011998035181226253,-0.005906252769929404,6.28963033078287e-05,-0.8814299186843998,-0.005969149073237232,-2.0503428061883066e-06,-0.00033195124427975347
2022-10-21,-0.006144183900256839,-0.005805115219121859,11058978810.26926,0.00559762057907402,0.012798871332943261,-0.00612531424686167,0.0006086599920829308,-0.000827811905177456,-0.0067339742389446,-3.439281024169296e-05,-7.497634433832093e-05
2022-10-22,0.019107921044884346,0.01917793508176402,3337193018.901,0.0027701643554993655,0.0040779839831165095,-0.004231205377687593,0.000719381954095786,1.0070749269759116,-0.004950587331783379,5.293208178623481e-05,0.00023067293455144284
2022-10-23,0.05292444825995024,0.05314297567795756,6943907525.50088,0.019190464432342305,0.016736074778231327,-0.0005946695498851375,0.0012619488700780224,2.0705823670425167,-0.0018566184199631597,0.0010156447419339158,0.0006471112409775197
2022-10-24,-0.024440175087619642,-0.02436474046300985,9216319528.28483,-0.0034055032512103067,0.008959299048153319,-0.0033704376821299515,0.0007491801904472824,-0.8400373476682458,-0.0041196178725772335,8.323109572103783e-05,-0.00029436306371200807
2022-10-25,0.03879573203227449,0.038904516565205105,15400549183.34802,0.03734349296203664,0.0363776092897595,-0.003712286182036773,0.0010065892719261372,1.7410032184397761,-0.004718875453962911,0.0014487681461043016,0.000493716380057258
2022-10-26,0.010221382506678589,0.01030741061684659,17352691191.05276,0.025354494631595538,0.018315429586373857,-0.003097808088836101,0.0009333133865123389,0.541327620969281,-0.00403112147534844,0.0002591579878930668,0.00013333407892297087
2022-10-27,-0.03552005562049332,-0.03521702288451822,12645404154.35179,-0.022365165035028903,0.017580118526313238,-0.004543920444175271,9.753600236493489e-05,-1.2098359617019143,-0.004641456446540206,0.000794411906005739,-0.0004700650177431868
2022-10-28,0.0007470813635304108,0.0011258537089480214,12129765185.26634,0.014608587767454818,0.020100312934061924,-0.0027098622631699957,0.0006242095770837423,0.14133908427392625,-0.003334071840253738,1.0913803668563824e-05,9.793905951272366e-06
2022-10-29,-0.0011502037557062916,-0.001007584017035379,10032159490.877699,0.002479425658587512,0.012264422091470448,-0.0016837220023146868,0.0007788457361745267,0.022205725426859113,-0.0024625677384892135,-2.851844704501902e-06,-1.5518465883983928e-05
2022-10-30,-0.014768897316626117,-0.014509840261759166,6114966321.62948,-0.007350824360946579,0.007198877055547257,-0.0029044742113960628,0.0007252266516316644,-0.4941894075405683,-0.003629700863027727,0.00010856357017937382,-0.00019994580978257624
2022-10-31,-0.016971362572483883,-0.016747293319772538,9815305143.42379,-0.0012637261104254565,0.019533695636922383,-0.002210457342127352,-0.00019477285102015562,-0.6324335078297926,-0.0020156844911071964,2.144715401234523e-05,-0.00023943794390929958
2022-11-01,-0.007961819494145428,-0.007824381507766986,6448795091.82572,3.907833741698393e-05,0.008040508778089503,-0.0025667110992371655,-0.0002491577241516847,-0.23086400834638562,-0.002317553375085481,-3.1113466864533534e-07,-0.00011179414378354365
2022-11-02,-0.004796904770358212,-0.004529026769076405,13312093111.48019,-0.018248475078380393,0.010494599665782742,-0.0031363922094838335,-0.0007160851474226441,-0.07137181795462412,-0.0024203070620611895,8.753619715524586e-05,-6.893659308545548e-05
2022-11-03,-0.0006937554120323153,-0.0005534133965124921,7526916784.08875,-0.004923576148962849,0.010553633451847347,-0.0028254058408950155,-0.0005488512422034664,0.09167628644832117,-0.002276554598691549,3.415757599896201e-06,-9.394806891484569e-06
2022-11-04,0.02314824111523528,0.023227568594382353,17139316861.70927,0.03997945978876275,0.023821878824748437,-0.001544099834591388,-0.00028136310831504923,1.0318829347408167,-0.0012627367262763387,0.0009254541748471334,0.0003197411946619113
2022-11-05,0.012299639863196488,0.012317908981480885,6482077789.53821,-0.006862294754329154,0.006196111231561873,0.00012408338089717858,0.00032659813839229653,0.5159736603791332,-0.00020251475749511795,-8.440375411335101e-05,0.0001714743563847996
2022-11-06,-0.04252053246545551,-0.042283229664099586,5867597250.95476,-0.01552008629914752,0.014257190383658356,-0.001945126323876503,-0.0004386653031585859,-1.5998521063166933,-0.0015064610207179171,0.0006599223333495734,-0.0005952146637100346
2022-11-07,-0.02979885316150266,-0.029566231862251935,11501587222.14423,-0.015861028353659386,0.019366039292221537,-0.0049895777024827085,-0.0006549369879616932,-1.0068102130981278,-0.004334640714521015,0.0004726404549011263,-0.000429031706960952
2022-11-08,-0.026155299555622125,-0.0258292668481499,39317019209.93521,-0.08313079514194122,0.072463903170509,-0.005188879414902108,-0.0003240003601100333,-0.8453496264026301,-0.004864879054792074,0.002174310849234529,-0.0004469148533109231
2022-11-09,-0.037518178463129215,-0.03716673374505142,35439309964.8887,-0.14044784625800463,0.07315504246535295,-0.005581580492705952,-0.0012222832234223832,-1.2641429086504996,-0.004359297269283568,0.005269347360669953,-0.0007580273480982341
2022-11-10,0.01855255273477563,0.018925812729536418,25510406114.43922,0.07288498384521432,0.07572086100185309,-0.0034592010788050513,-0.001185393610060854,0.8689015810439323,-0.002273807468744197,0.0013522025063616085,0.00043113699744228777
2022-11-11,0.0017122072983670744,0.00200230282752889,16277121145.55291,0.00035179680579528394,0.03670981157526155,-0.0030850872122039127,-0.002204385499894771,0.18924819309711727,-0.0008807017123091416,6.023490584249094e-07,4.173899935376824e-05
2022-11-12,0.013404901836676641,0.013553438721717992,5128002410.89517,-0.0054649322057844715,0.008819811046687465,-0.0033566595554518986,-0.0024251519470737115,0.667016142302047,-0.0009315076083781871,-7.32568797626336e-05,0.000329802223254962
2022-11-13,-0.02469326919965842,-0.024554471020271862,5801587266.16716,-0.03520962730441286,0.018237964043321786,-0.007052741339242787,-0.0029978597763009244,-0.8039082037558464,-0.004054881562941863,0.0008694408054475102,-0.000609297150587398
2022-11-14,0.0067068240673049395,0.007104978966407938,15414723480.12307,0.0290350071839475,0.052275469755999206,-0.005569550903293997,-0.003339007755191574,0.5641370050907274,-0.0022305431481024233,0.00019473268497567092,0.00017932236387949738
2022-11-15,0.011103900852104776,0.011200372889172083,10938869739.93734,0.004718515688384656,0.015041372699740953,-0.006888209530921127,-0.0029075762037212107,0.9143349731398736,-0.0039806333271999155,5.239393037292413e-05,0.00028560663449913036
2022-11-16,-0.008927444558025743,-0.008678544795857501,8944296635.42915,-0.01839958602818882,0.022080194627525876,-0.00780005843876419,-0.0029811966076212777,-0.058458989121742834,-0.004818861831142912,0.00016426128415728076,-0.00023122583818845364
2022-11-17,0.005852062848052286,0.005944103098967757,6784537154.32738,0.009921917567905046,0.009215923125344796,-0.005829957559309638,-0.002685841294293252,0.6347256272248011,-0.0031441162650163858,5.806368518057442e-05,0.00014924087367081633
2022-11-18,0.014618734601673289,0.014761563129307653,6506820289.13927,-0.00929773242522026,0.007946397980791779,-0.005169402643207596,-0.002380326073779506,1.0472635251638338,-0.00278907656942809,-0.0001359210827216671,0.0003643501765732272
2022-11-19,0.0023596096015481294,0.002361925177749802,2861333541.4962,0.004244328015484928,0.006973243373982652,-0.005002268673814528,-0.002788138051921045,0.3885333585442648,-0.0022141306218934832,1.0014957137457954e-05,5.821522392644889e-05
2022-11-20,-0.025324071748230592,-0.02523478899176601,5406658335.48391,-0.024295937281895552,0.02247216250805442,-0.005504896027700455,-0.0026379748924426558,-1.023955162568514,-0.0028669211352577995,0.0006152720589172335,-0.0006432022570807382
2022-11-21,-0.018349098544301,-0.018081155306430285,12615525683.34995,-0.018480309352912522,0.026427547593244807,-0.005570502502548889,-0.002827589338612027,-0.6587377923991511,-0.0027429131639368624,0.00033909701744575936,-0.00047206958823137847
2022-11-22,0.03192223374480929,0.032157142408591355,9247607752.32879,0.02368052366507008,0.031709097093075886,-0.0036712618721224744,-0.0022150285347574674,1.6920190268461885,-0.001456233337365007,0.0007559352116358551,0.0008572461328997595
2022-11-23,0.024863865519965334,0.024984252855319022,9010060479.37584,0.0010791682409377569,0.012881920893521828,-0.002258844239249925,-0.001886734362770803,1.2365959154757826,-0.00037210987647912194,2.6832294016093935e-05,0.0006705258555057008
2022-11-24,0.005008061860813262,0.005176187772807372,5829469816.57378,-0.006655558632593175,0.006431934888491588,-0.001987329131019183,-0.0021782029962506932,0.3181324031839349,0.0001908738652315104,-3.333144935029634e-05,0.0001340738951087826
2022-11-25,-0.0030524257760914386,-0.0028621545857187014,5053312513.959499,0.0021699345411844164,0.004698091683685353,-0.0032349799353680745,-0.0022232461225905054,0.008602384499064133,-0.0010117338127775691,-6.623564125942462e-06,-7.893865078678406e-05
2022-11-26,-0.000560797433453275,-0.00037963220167314127,4194530429.9317,-0.010029057996606326,0.005247555575244584,-0.003847381711399015,-0.0021402781358160357,0.15699552921708645,-0.0017071035755829795,5.624269984450872e-06,-1.4477427299873613e-05
2022-11-27,0.006466445419423872,0.00651493050647689,3128892691.8766003,-0.005913333119999423,0.00803002914389838,-0.0015146684787857116,-0.0017957146706117269,0.4188609101202683,0.0002810461918260152,-3.8238245867347744e-05,0.00016501887531013276
2022-11-28,-0.004621468496498693,-0.004527406445261506,8055102077.13727,0.002199337378836769,0.007091330089194828,-0.00031574539949980843,-0.002179938855209297,-0.23993327382595758,0.0018641934557094885,-1.0164168409466138e-05,-0.00011523514274073257
2022-11-29,0.02346234373970635,0.023614268364229085,6420893173.50274,0.009421602266380742,0.012840742552241784,0.002046999519325357,-0.00191155217082209,1.2142256726780791,0.003958551690147447,0.00022105287095262134,0.000518413337507439
2022-11-30,0.046329408481796674,0.04626352856336635,10484678949.19782,0.01862954731083089,0.013153431144728877,0.006039741754798019,-0.0013097279621912283,2.2733066448176302,0.007349469716989247,0.000863095907194441,0.0008913003661168365
2022-12-01,-0.011298757352941613,-0.011067814050282343,7012379504.74513,-0.010160049642625464,0.009274717689120075,0.004618250798240055,-0.001582401016831467,-0.8909252616421898,0.006200651815071522,0.00011479593560586627,-0.0001816187808691957
2022-12-02,0.01331830663464273,0.013517592502948927,5677269598.4332,0.01113120693841049,0.008551806800208991,0.0051709221952055615,-0.0013464930879533402,0.45387743531482444,0.006517415283158901,0.0001482488272194136,0.00019622352312771647
2022-12-03,-0.015959991458795453,-0.01587316051969867,3142125597.7286,-0.007836743970737574,0.005349770443343327,0.003772593943040224,-0.0012717569966997557,-1.0715566158081753,0.00504435093973998,0.00012507436683773844,-0.00023250721038625143
2022-12-04,0.0500525473463278,0.05021239637882169,4972708169.3658,0.008675200436574097,0.0070424830751975274,0.00733191854046814,-0.00010516411621992848,2.1566671001133737,0.007437082656688068,0.0004342158805905086,0.0007024880328883818
2022-12-05,-0.016047164578893103,-0.015795595775546345,8927523671.51991,-0.013576247222745466,0.017539676086910618,0.006248395271601566,-0.0008971977712741279,-1.08991350914394,0.007145593042875694,0.0002178602735471369,-0.00019867874422215242
2022-12-06,0.018412254421585228,0.01853685236274849,5459567210.6866,0.004883498582493147,0.006849733921213205,0.006596412108243492,-0.0013346945349048025,0.5734556791141604,0.007931106643148294,8.991621836831463e-05,0.00022077852857803028
2022-12-07,-0.03786466251557885,-0.03790786310169825,5692590254.44704,-0.011192184290624584,0.01592766751590434,0.005218449348360011,-0.0018931390597467601,-1.908974909947976,0.007111588408106771,0.0004237882809766632,-0.0004429358873994258
2022-12-08,0.05792060711760971,0.05817707503294156,6833210695.12541,0.022937647866003608,0.02007668639199479,0.007697903837386555,-0.0008919913886994512,1.9825216737269662,0.008589895226086006,0.0013285624902488738,0.000707503047001723
2022-12-09,0.000811315302394533,0.001000704565865984,4985683348.1939,-0.004196299431958426,0.004542507543049719,0.0070404076802780425,-0.0002796190753665163,-0.2459825392056262,0.0073200267556445585,-3.4045219425773575e-06,9.778749960175408e-06
2022-12-10,0.018559802375847534,0.01861893524725411,2433765605.0113,-0.001167542456037667,0.004196057758923507,0.007811845431435157,0.0003752849184353141,0.4228123213334671,0.007436560512999843,-2.1669357249470758e-05,0.0002212460574775794
2022-12-11,-0.015325321623408272,-0.015220766727580992,2932155202.0391,-0.004113957591891151,0.005875900926188109,0.008287976389760029,-4.0464616445496256e-05,-0.9500095191404323,0.008328441006205525,6.304772324079408e-05,-0.00017057717056369147
2022-12-12,0.010702501187278779,0.010954068909694081,5711628347.72763,0.01706335926311514,0.010565860987620624,0.009671385900787638,0.0006301420187037988,0.04279191145881924,0.00904124388208384,0.00018262062277245414,0.00011103947022697431
2022-12-13,0.04779438602236352,0.04778253646526953,10490862496.70048,0.03630951864409586,0.02414423590891677,0.010427202675909268,0.0013964099015165428,1.4911935606738103,0.009030792774392725,0.001735391150362123,0.00047865426919430765
2022-12-14,0.022947165802561287,0.023214825077086276,11268618570.91463,0.001208330319024327,0.019708113072674553,0.01033593126079479,0.0016468982706870105,0.5043122403992134,0.00868903299010778,2.7727756174913007e-05,0.0002372718730477881
2022-12-15,-0.051073936183954616,-0.050930786303858944,7667339751.05844,-0.021274183244056978,0.017299871607357152,0.007665359925329652,0.0009508749844718182,-2.0703001154483913,0.006714484940857834,0.0010865562773727227,-0.0005545322704435194
2022-12-16,-0.033012905106225565,-0.03279709629714733,10567832471.04395,-0.04670237388296011,0.03209010746562537,0.006238670433418504,0.0004865302211530139,-1.323286133342078,0.00575214021226549,0.0015417810372336295,-0.00040149711286153165
2022-12-17,0.0259107315974898,0.025985297062349977,4146359913.8303,0.006011592628553492,0.006957283678770389,0.007499219434891983,0.001258640368130049,0.6153549234725859,0.006240579066761934,0.00015576476307189774,0.00031723127320073267
2022-12-18,0.03174880976397554,0.03189056202819196,3110497440.0705,-0.0003705164563643574,0.005049540349814579,0.0087031415465373,0.0017477822479583622,0.7585400155441174,0.006955359298578939,-1.1763456487534327e-05,0.00038420221177622144
2022-12-19,-0.03930377081153413,-0.03905420861200337,5726008366.05374,-0.014766390810452213,0.010920829528624592,0.007051603341059423,0.0005820934130256353,-1.4468161894084803,0.006469509928033788,0.0005803748401275575,-0.00048279446514982647
2022-12-20,0.02879581322258251,0.028730390049896082,7997345166.422569,0.010069955232759354,0.007906514182505344,0.0073055780783392405,0.0013878993942541631,0.6674625091366755,0.005917678684085078,0.00028997255004230575,0.0003469522465208386
2022-12-21,-0.00966597773849387,-0.009559872048212514,3830411850.7723403,-0.0006062515416268134,0.008756916996398757,0.004639131115468262,0.0016990974591867764,-0.45991791120586645,0.0029400336562814856,5.8600139052923676e-06,-0.00011443886220682778
2022-12-22,-0.001997733538299684,-0.0019471193732225611,5129865155.451799,-0.0017231139141637576,0.015183447582276568,0.005082037011403592,0.002080362243612865,-0.22888872643209957,0.003001674767790727,3.4423224566357814e-06,-2.4213958561492866e-05
2022-12-23,0.016557472589090017,0.016700493859689303,4451798691.0348,-0.0028035816089195865,0.003995146133726878,0.005236283009234415,0.0024407059974120215,0.3654092615544968,0.0027955770118223934,-4.642022564096294e-05,0.00019709569986421687
2022-12-24,0.008413704079283768,0.00841704216192185,1386327837.9178,-0.0002614208236570134,0.0015346545187537655,0.006396935177714378,0.0022709565217675677,0.0659017062695959,0.0041259786559468105,-2.1995174504127366e-06,9.862593411642525e-05
2022-12-25,-0.005297688940123058,-0.0052486128328945725,2419698734.4932,2.3775276091674773e-05,0.002934915509614526,0.003761209640264337,0.0013467956138298964,-0.31241718466094387,0.0024144140264344407,-1.259540171992376e-07,-6.106360159489755e-05
2022-12-26,0.03685178521685395,0.03695276220514376,2495552248.1392,0.0015266275154306788,0.006727908110233004,0.006280207249585625,0.0023196838726310645,1.0369233601467787,0.00396052337695456,5.6258949304790764e-05,0.00040579764400430833
2022-12-27,-0.029211140079888676,-0.029185465680242384,4408009231.4954,-0.010123335069435824,0.007239370075991594,0.004012426559039249,0.001240209712120538,-1.0956654660846818,0.0027722168469187115,0.0002957141587889394,-0.0003222037934651041
2022-12-28,-0.015808658769271844,-0.015710727046143735,5727799258.57904,-0.006286504762820928,0.007158644174546424,0.005062712451720535,0.0008270344537721186,-0.7157689348226314,0.004235677997948416,9.938120864683828e-05,-0.0001677709061880782
2022-12-29,0.019330588258638315,0.01931704923740929,3460146192.0415,0.004646896122416694,0.0029704079191372372,0.0032250925060552304,0.001697679594710716,0.6013852420146799,0.0015274129113445145,8.982723562310006e-05,0.00018940131918442668
2022-12-30,-0.01851269129919575,-0.018405064853458275,4881195596.8533,0.00043982395701053115,0.009943824406874023,0.0023049017155033122,0.0013919689175245864,-0.7654509322841232,0.0009129327979787258,-8.142325142126706e-06,-0.00018614912288514562
2022-12-31,-0.020944450719650676,-0.02086149837504503,2227238361.6692,-0.0006951433937557091,0.0025865494375120184,0.00042374680619387356,0.0010777745212715009,-0.780386359921006,-0.0006540277150776273,1.4559396553607174e-05,-0.00020899573999877614
2023-01-01,-0.0025397106138201897,-0.0024532259497974662,1746449849.7392,0.004888421182054179,0.003343997890840014,0.0010325854256980679,0.001271888595919214,-0.13155168501751582,-0.00023930317022114616,-1.2415175160886435e-05,-2.5036484106547413e-05
2023-01-02,0.008287154927987483,0.00837946729131378,3591354304.35244,0.0006842614145486678,0.005280917164925132,0.0009175689371603872,0.0016728174451330453,0.2717683585805405,-0.0007552485079726581,5.6705803536086785e-06,7.960924985758139e-05
2023-01-03,-0.012653599281095995,-0.0125710179154086,3387368709.5144,-0.001037428470009174,0.0044126649147450325,-0.0019609065534805423,0.0015983447501020838,-0.42737363988752314,-0.0035592513035826263,1.3127204142296602e-05,-0.00010966550608225129
2023-01-04,0.01646446775176358,0.016466501215993468,5888326801.78923,-0.0008190397514067876,0.0025584669600002157,-0.0022696064606613853,0.0019358268536278265,0.7573843139738715,-0.004205433314289212,-1.3485053574449512e-05,0.00012924762312430113
2023-01-05,-0.004005622360216621,-0.003945373678616582,2966302291.7523,0.0002853508050800059,0.0024297780522183365,-2.8258183340528526e-05,0.0018832575369899804,-0.18011801564523613,-0.001911515720330509,-1.1430075653342861e-06,-2.8608132971251036e-05
2023-01-06,0.011501098723894154,0.01164877099003303,5333655035.26937,0.007030166151563949,0.009376018817103104,0.0020914562847604103,0.0016983822609369468,0.4510834886052758,0.0003930740238234636,8.0854634954516e-05,6.970092813437613e-05
2023-01-07,0.009350980700332467,0.009335362103373823,1320072681.1707,-0.00046633945043773704,0.0021127670121696964,0.001302896718229109,0.0016515781472406924,0.398070118121117,-0.0003486814290115834,-4.360731200846928e-06,5.451322505245439e-05
2023-01-08,0.05755214528819219,0.05786020943632075,2677202628.9964,0.010903210142422877,0.013508475509943444,0.0025316269812870446,0.0032400333496795447,2.4150779007710574,-0.0007084063683925001,0.0006275031342244121,0.0003586929641646728
2023-01-09,0.0011204293366160467,0.0012004534299063785,6899176604.98138,-0.001071081487118671,0.007500911779536803,0.00445658889310372,0.003730815611554445,-0.16131169004694035,0.0007257732815492755,-1.2000711200741012e-06,6.8005950970604596e-06
2023-01-10,0.026365623632294,0.02639516797281538,5146868921.9222,0.01322044049702601,0.008003007473976947,0.004340865579280458,0.0045644810589816846,1.0720358049443837,-0.00022361547970122658,0.0003485651583977256,0.00016015081236883357
2023-01-11,0.04555850120716198,0.04603573434151276,6776699165.64645,0.029880502983391358,0.026214330568697434,0.006970602671930736,0.005883158514065672,1.7432903004846065,0.0010874441578650638,0.0013613109312394425,0.00031460575740839086
2023-01-12,0.028416014860447536,0.02873475508393164,19148363107.05267,0.03350990365609258,0.04421387560558723,0.008418876405204414,0.006039721404949353,0.8883372990147737,0.0023791550002550607,0.0009522179202636919,0.00023551008011188547
2023-01-13,0.03058150779081692,0.03095991526930919,15537710427.37066,0.05427692684664731,0.034960531531879495,0.009086687605286647,0.006497964269908875,0.935873812549264,0.002588723335377772,0.0016598702612223447,0.0002985512670656046
2023-01-14,0.01146088536887091,0.011378099667031405,20998726724.36468,-0.001596793406819911,0.012759213047911456,0.009231791476219367,0.00646710686565799,0.09703184003432591,0.0027646846105613774,-1.8300666193331854e-05,0.00011801250522257948
2023-01-15,-0.006222876643372177,-0.006102659991906845,8913057374.281519,0.007025632465923802,0.009337891550902314,0.00918773491892179,0.006760287699884755,-0.6699411447879091,0.002427447219037035,-4.37196441771145e-05,-6.59742127648136e-05
2023-01-16,0.0025256076612898415,0.002815392470685074,14032617401.17082,0.004920454849122487,0.02297031367276478,0.0075531550353235,0.0066939191855035635,-0.22705571474616829,0.0008592358498199365,1.2427138463974505e-05,2.8729623913133027e-05
2023-01-17,0.0064965365599551905,0.006806377514216644,11615613152.772411,6.15231717755856e-05,0.013117180027400128,0.00925352058960178,0.006620786418961507,-0.1345714195161473,0.002632734170640273,3.996875347244952e-07,7.571860848053241e-05
2023-01-18,-0.003150654498561223,-0.0028479402071959203,17129538788.44014,-0.02738276829591306,0.01577958852208534,0.009856282697730857,0.006712481499270467,-0.6539294901782216,0.0031438011984603895,8.627364211457811e-05,-3.80150037947581e-05
2023-01-19,0.012579621326047175,0.012741912017719681,7822342459.57356,0.015276307901522714,0.013183833398443692,0.009534808081893184,0.0068192681417783224,0.1539034717450038,0.0027155399401148613,0.00019217016866125808,0.00015790068721774613
2023-01-20,0.04634629511810484,0.046907975569091986,15661806602.12429,0.07203100003486955,0.05644254636435614,0.012623331244621783,0.007322880213467713,1.6658474615390912,0.00530045103115407,0.0033383699852682844,0.0006843645319654163
2023-01-21,-0.0015763486242826863,-0.0014590756213980205,17543885761.9696,0.010599433797323815,0.027744063507585147,0.013545621820591687,0.007260404686073573,-0.7940727038681669,0.006285217134518115,-1.6708402884586806e-05,-2.5165307850328516e-05
2023-01-22,-0.01668179005006598,-0.016491153364060263,10978562431.79006,-0.002705040278723021,0.008003700303413913,0.012872189466484744,0.0073975837606476144,-1.4871559761807727,0.00547460570583713,4.51249140066294e-05,-0.0002700146914361029
2023-01-23,-0.0023107520682088545,-0.002189581754286407,12012842979.87915,0.011213462915681913,0.011528194835840626,0.012367527228570633,0.007652160688839553,-0.7292467517813169,0.00471536653973108,-2.591153262419527e-05,-3.8089705734545355e-05
2023-01-24,-0.03141840404770879,-0.031241014178540194,11572452898.669441,-0.019726887688913283,0.01851961151603779,0.011473965096827167,0.006646753739751965,-1.980890563838297,0.004827211357075202,0.0006197873280140498,-0.0005389966353896503
2023-01-25,0.006280105527501911,0.006657986703425323,15838682593.16114,0.018363111612240447,0.016722133240826536,0.01098899546710042,0.006351773422411275,-0.21750308136362503,0.0046372220446891455,0.00011532227873816577,0.0001119736733835641
2023-01-26,-0.014442020405301959,-0.0143590062819694,9860266068.50203,-0.005527714356775708,0.009468814460759138,0.010492024131620167,0.006043041957869763,-1.126925471442721,0.004448982173750404,7.983136353523536e-05,-0.0002623406779821308
2023-01-27,-0.0051205942657230885,-0.004847630900918665,11736116589.73221,0.013345110357954982,0.021214024892817235,0.009700514941638393,0.006010213886605769,-0.6621406600717854,0.0036903010550326234,-6.833489557438607e-05,-9.590263680280434e-05
2023-01-28,0.001620158112612291,0.0016955742953235209,4287806004.0492,-0.004036870602745271,0.005782343462471779,0.009332380532699337,0.00604483222860681,-0.34348098810033656,0.0032875483040925276,-6.54036865660382e-06,3.062674261101597e-05
2023-01-29,0.029230412448800758,0.029323193689670513,13203229115.48447,0.023452874733984067,0.020113040873852454,0.007983726587966412,0.006406165038596919,1.0547509695171053,0.0015775615493694925,0.0006855372015844126,0.0005617516680409753
2023-01-30,-0.04868499884759492,-0.04847536304492228,13260710938.80389,-0.037875840542268904,0.03040066250707782,0.005612039531575413,0.005706743921912852,-2.298415757675598,-9.470439033743873e-05,0.0018439852531520506,-0.000988720229593493
2023-01-31,0.010018706553279744,0.010239664906208867,9282622250.26382,0.012741188465650994,0.0138467808298988,0.004833614908765211,0.005493352855461636,0.22377876894009563,-0.0006597379466964258,0.0001276502283773899,0.00020625304830260927
2023-02-01,0.0052441602918333885,0.005531730747260211,13276728610.62969,0.025726332535487857,0.023453353740851786,0.0029138843889876583,0.0048412060587955524,0.10983923178847337,-0.0019273216698078941,0.0001349130115371068,0.00010727097138008385
2023-02-02,-0.011272940185380609,-0.010949161713819988,14672020690.5787,-0.015169695251872492,0.013682723492325584,0.0010239341487101278,0.004841615855106045,-0.5972698558886761,-0.003817681706395917,0.00017100706720481082,-0.0002142022607005764
2023-02-03,-0.014348527848303982,-0.014208646074516218,11047679446.957201,-0.0046934046410457035,0.014510604777880656,-0.0011155913579146773,0.004402459752202128,-0.6724838861428455,-0.005518051110116805,6.734344719540344e-05,-0.0002586702169007425
2023-02-04,-0.0064344528214574925,-0.00626666690130373,4613381157.5632,-0.0007800546433764321,0.00548128092514318,-0.001967750319358887,0.00455365877819162,-0.229150409721141,-0.0065214090975505064,5.0192248009645015e-06,-0.00011376807720743096
2023-02-05,-0.055257387524003776,-0.055137485834853006,8235110913.12042,-0.01790308144492099,0.014509971829325312,-0.004302727027960392,0.002882072510408579,-2.244644721962587,-0.007184799538368971,0.0009892775092758006,-0.0009906196239589684
2023-02-06,-0.014053137861734788,-0.0138254895570884,9551236526.98696,-0.00587958652879508,0.013781747443523716,-0.005092191100485374,0.0029137237281412504,-0.3940705150443174,-0.008005914828626625,8.262664005915595e-05,-0.0002457868388900054
2023-02-07,0.018789434457298748,0.018933514626649828,10297159070.8913,0.01575566699480725,0.01127928505927177,-0.0045068150101356804,0.002919710712835116,1.003883444488288,-0.007426525722970796,0.00029604007232995595,0.00032697938061015475
2023-02-08,-0.018459974497678444,-0.018232645406712877,8824616946.18832,-0.012755954074979155,0.01362231228883561,-0.005235830248188881,0.00322772163375417,-0.5651090870251902,-0.008463551881943051,0.00023547458691767261,-0.0003193496735442993
2023-02-09,-0.03759057598822657,-0.037440737987167405,16381601662.80056,-0.03242356025008678,0.028991602988492845,-0.007624887263154298,0.001711671108264705,-1.2463134791487576,-0.009336558371419003,0.0012188203053897298,-0.0006785972487456107
2023-02-10,-0.00723354244209895,-0.007102192620218717,9560010537.24584,-0.00915834479756774,0.012856483549148978,-0.010176308099354478,0.0015839749535902054,0.14264176884664148,-0.011760283052944683,6.624727579258237e-05,-0.00011556883902481447
2023-02-11,0.026585616132154044,0.026707476703715427,4107550899.473,0.008386978420284472,0.009935935778345624,-0.008835262158571777,0.0017113688227379277,1.6040826611713703,-0.010546630981309705,0.0002229729887903427,0.0004022082272795419
2023-02-12,-0.004278627977786442,-0.004103031765300358,6050172252.9127,-4.59313968736336e-05,0.011081386149824199,-0.008244635393225133,0.0018867131663192266,0.18005090750407968,-0.01013134855954436,1.9652335972234144e-07,-6.535752860172164e-05
2023-02-13,-0.003364619803396307,-0.003227917308599171,11064385171.50844,-0.0015929454720434943,0.014824815341488691,-0.008294819571091202,0.0016634255315466063,0.22395598119141052,-0.009958245102637809,5.3596558809680195e-06,-5.1923920750991595e-05
2023-02-14,0.007745629205306637,0.007814081858809274,13138446771.27616,0.022590251235850577,0.013497864853035703,-0.006429865606661896,0.0010277309788949097,0.6558931129349402,-0.007457596585556806,0.00017497570972761856,0.00011768088201816121
2023-02-15,0.062467414569901125,0.0625604246781033,19105717014.29069,0.09674179513561533,0.05313408417842659,-0.0037542794617857426,0.0016550365148844308,2.523123263556942,-0.005409315976670173,0.006043209822972927,0.00105739223094198
2023-02-16,-0.007724850016883278,-0.00711044020943119,23594991207.78344,-0.05033009060825606,0.06034626294804177,-0.003434414205194377,0.002343117247695087,-0.1640707640039254,-0.0057775314528894645,0.0003887924012849237,-0.00014947458533241164
2023-02-17,0.011481763423345281,0.011713523882065147,22269729549.78749,0.03066703769300065,0.02420179386011156,-0.0026438257438101687,0.0030493818275295448,0.5361444117750306,-0.005693207571339714,0.00035211167168584594,0.00022380381033704444
2023-02-18,-0.001722892095628148,-0.0015883302185049075,6441713215.92101,0.0006902600524185149,0.007562151494592867,-0.002803018610869237,0.0026107528800197364,0.041023193260599305,-0.005413771490888973,-1.1892435882397304e-06,-3.3728824317404516e-05
2023-02-19,-0.029577585942521467,-0.029174349392633192,13409130913.30667,-0.01720471666283058,0.02310171819860991,-0.005603399486646486,0.0016373180275356567,-0.9265125272262388,-0.007240717514182143,0.0005088739857116026,-0.0005832458006511575
2023-02-20,0.007907508544478192,0.008141526304536129,15954258831.2622,0.017660126727155667,0.016767484306236532,-0.0029085181822620524,0.002386703414139027,0.44978864898146903,-0.005295221596401079,0.00013964760299155113,0.000150796053904683
2023-02-21,-0.01883047645309288,-0.018345246194442,17996162952.26349,-0.01955921829171683,0.019073935090374233,-0.00428228880161313,0.0016307305621441795,-0.6037725550580157,-0.005913019363757309,0.00036830939948307736,-0.0003637840003508673
2023-02-22,-0.03573630761545232,-0.03559722484468819,17500937832.07492,-0.0011370662025897648,0.025971587656047106,-0.006233739654341021,0.0012169158021924581,-1.1833985363747368,-0.007450655456533479,4.063454759488207e-05,-0.000694671331632169
2023-02-23,-0.01565534268644131,-0.015494978701012574,18066676937.66089,-0.021314305504782752,0.0261223886541841,-0.006442425487724864,0.0010001283553965593,-0.3686209582498303,-0.007442553843121423,0.0003336827568008764,-0.00031359492571444487
2023-02-24,-0.04152111518966495,-0.041238280715168996,17176351552.41237,-0.032663708938645605,0.024579176661686256,-0.007736358218265862,7.824600970203598e-05,-1.294360182848483,-0.007814604227967897,0.0013562336213631928,-0.000851624308456924
2023-02-25,-0.02422030053651203,-0.023992719853585975,7149097149.93959,0.0035186387634152955,0.009705652813332933,-0.008583303347554173,-0.000439754063564564,-0.5935564818069216,-0.00814354928398961,-8.522248832933951e-05,-0.0005016458374347097
2023-02-26,0.01831896760628937,0.018506549462996347,8663022665.24848,0.014696363303555574,0.012112066069581836,-0.0050796673889687855,-6.488649933579526e-05,0.9486195027144357,-0.0050147808896329905,0.0002692222032880944,0.000377326885266369
2023-02-27,-0.005845133893480847,-0.00562623881915103,13533218116.93548,-0.0025945868535502234,0.017135818564434455,-0.004688810057147169,-0.0007426153741030143,-0.04704027625464473,-0.003946194683044154,1.5165707557266237e-05,-0.00012132933874735489
2023-02-28,-0.03233101907910596,-0.03217941854541417,10669916658.504711,-0.013940664416545238,0.018053315885871824,-0.007123117368404536,-0.0007921372629794791,-1.021748715633579,-0.006330980105425057,0.00045071588722673763,-0.0006815345526017306
2023-03-01,0.020535220111051578,0.020701020373077084,14566071875.52603,0.007999804625717376,0.02270773733814465,-0.005266203339417392,-0.00021525029662513908,1.0223882919395266,-0.005050953042792254,0.0001642777488345149,0.00044176466814572894
2023-03-02,-0.013727065921616766,-0.013610924567544203,9812612221.27088,-0.0012781133381306038,0.0068851202444872575,-0.0041298457171978775,-0.0007399749661529975,-0.3961678511179937,-0.00338987075104488,1.7544746047816457e-05,-0.0002808536637015732
2023-03-03,-0.06835128892797482,-0.06869353774539189,13631210171.56995,0.001634971729812119,0.0023014096906374872,-0.0070402145974776805,-0.001531063817403459,-2.1900981767138528,-0.005509150780074221,-0.00011175242509345892,-0.0013641019896097472
2023-03-04,0.005117717402766564,0.005217812866612048,3909987751.0262,-0.0001656403682794597,0.005516560139375809,-0.008062495489353274,-0.0011173786091111218,0.48666954086324127,-0.006945116880242153,-8.477005953444537e-07,0.00010105842750332015
2023-03-05,0.019434652754662052,0.019529941397662176,6328721520.6235,0.00201814613432755,0.0027642710811102383,-0.006933291644950966,-0.0007685791905637846,0.950722552407246,-0.006164712454387182,3.922196932881949e-05,0.0003760746117359693
2023-03-06,-0.016273548844727093,-0.01620331943537512,6702364485.6129,0.0008531528085264555,0.010567138740106573,-0.007548002551681003,-0.001158431631400524,-0.31392980301612883,-0.006389570920280479,-1.3883823901571373e-05,-0.0003116055556237604
2023-03-07,-0.013017377968181365,-0.012809825183562773,12196490218.23626,-0.011739485393703647,0.009831965328449472,-0.008536717178989956,-0.0011642058962748948,-0.1623904282734191,-0.007372511282715061,0.0001528173185217848,-0.00024698406725684105
2023-03-08,-0.038028054668142075,-0.03769007022344506,12052988553.6567,-0.02036696828044123,0.017902136626540086,-0.01332221571413487,-0.0020291665696067305,-1.0744974102245615,-0.011293049144528139,0.0007745161831929346,-0.0006577218095358262
2023-03-09,-0.05134161308139518,-0.05067326810952777,20058296300.05462,-0.06719552982849449,0.04459951094550905,-0.01539920443149258,-0.00278053150168893,-1.4736780753215695,-0.012618672929803648,0.003449926893253912,-0.0008494908473455278
2023-03-10,-0.009079217204914891,-0.008935872015121249,24701622102.438602,0.004887721763673493,0.017631821030364706,-0.016378298747124015,-0.0031072031830985973,0.3085214258930557,-0.013271095564025417,-4.437668752958133e-05,-0.00014738291842967142
2023-03-11,0.023493478770661103,0.023669458606901284,15236396244.003319,0.0032379371150375803,0.03238073919171311,-0.015177519182062624,-0.0028827190867441745,1.5444344434202752,-0.01229480009531845,7.607040687287106e-05,0.00040913507791035957
2023-03-12,0.050019611413119947,0.05051527697848668,18488877763.69799,0.07647940040533119,0.06084809605921267,-0.011387176450841604,-0.003002283116507226,2.1522690325278706,-0.008384893334334379,0.0038254698893830743,0.0009609909040977758
2023-03-13,0.032855968485200115,0.032791376895302315,35400848297.96145,0.08195135302352491,0.0866635245064268,-0.010199154548902464,-0.0024985443998630343,1.441749620886645,-0.007700610149039429,0.0026925910722604435,0.0007405953903243355
2023-03-14,0.0012937487860380514,0.0015004291143614346,39411234190.48011,0.012335468181477804,0.06235102455888906,-0.009240858108943848,-0.0028965106672639226,0.3523850967694708,-0.0063443474416799255,1.5958996984997918e-05,3.1828133762634454e-05
2023-03-15,-0.0017420841160938894,-0.0015518734467147022,27097556193.83353,-0.018503636254927982,0.015428775551255453,-0.007622085561355352,-0.0036473136089029048,0.20066044501337815,-0.003974771952452447,3.223489080968906e-05,-4.198325243388453e-05
2023-03-16,0.0015852591493392687,0.0017706547694547048,18170050595.51308,0.029172448497263893,0.016800176053259723,-0.006801104521556277,-0.0040731986201903376,0.2861416440374514,-0.0027279059013659394,4.624589088891619e-05,3.750013835060465e-05
2023-03-17,0.03305041824628785,0.03305386444227598,35443530287.65108,0.06075175705231908,0.046950259739943476,-0.0032500791198442386,-0.004034009565341593,1.2343414824784975,0.0007839304454973542,0.002007870979776013,0.0008170332832579363
2023-03-18,-0.021597706090961788,-0.021325018968792464,20184491452.70674,-0.014254775020794636,0.018171743549753417,-0.0031251936700561317,-0.004558749112323064,-0.6300154392785567,0.0014335554422669323,0.00030787044129190625,-0.0005426199562647328
2023-03-19,0.01643822646733195,0.01666173743290611,20977139675.99659,0.027599013033880734,0.03275850150452485,-0.003214752771911247,-0.004199049062946808,0.6717875773842449,0.000984296291035561,0.0004536788265257778,0.0004291548498574931
2023-03-20,-0.010051378910869824,-0.009782801783176698,26103780621.31453,0.0160022625731756,0.03738225039476977,-0.0034150501536916746,-0.004398683770441406,-0.22658833312271462,0.000983633616749731,-0.0001608448045542187,-0.00027210330909205235
2023-03-21,-0.004462734980542615,-0.0042479638512267215,19152913743.53478,0.011388474460455591,0.022026752156000688,-0.0020879890061410392,-0.004572640461560419,-0.08322516685441171,0.0024846514554193793,-5.0823743349691356e-05,-0.00012165617749252968
2023-03-22,-0.006771695273518397,-0.006237184650876082,30186741704.76973,-0.03265146524566718,0.07511475402506737,-0.0033883183101681806,-0.004630117299258152,-0.12053397143169492,0.001241798989089971,0.00022110577287753463,-0.00020149873582382138
2023-03-23,0.018210331121904844,0.018325993368709437,22583147907.22827,0.03381365431876905,0.037893093147422605,-0.0018674898795242947,-0.004540740953292157,0.7083229830166651,0.0026732510737678622,0.0006157578415864122,0.0005687559045684087
2023-03-24,-0.02823488209329983,-0.0278808752529629,19369885616.52528,-0.027760892310823383,0.03361130618404317,4.2815207841181056e-05,-0.005724569162996993,-1.1417557893652988,0.005767384370838174,0.000783825521200892,-0.0009239453749372025
2023-03-25,-0.006774348407713515,-0.0066048513494938454,9219228887.09329,-0.004409641451138793,0.02065288283452835,-0.000523473640276918,-0.005807077096067323,-0.2522450107789054,0.005283603455790405,2.9872447543109595e-05,-0.00022656347697421096
2023-03-26,0.01357119250836858,0.013725940726565078,11110815846.83666,0.015756136134968443,0.014169658195922797,-0.0008026860329575595,-0.005326871023711219,0.5848498120272635,0.004524184990753659,0.0002138295566757192,0.00046125000730367477
2023-03-27,-0.035261886847098634,-0.03521565779033331,17542947640.15402,-0.027875761131590092,0.037044852047539246,-0.0017068926044990615,-0.005849904909090422,-1.315551401283953,0.0041430123045913606,0.00098295193479888,-0.001242920766263778
2023-03-28,0.000753844633267331,0.0009671574736700439,15806950765.76132,0.0108551537085039,0.017347362792670896,-0.001051120099668171,-0.005339234295106674,0.07112381564067591,0.004288114195438503,8.18309936644763e-06,2.6841507640947462e-05
2023-03-29,0.026822189999654578,0.026661844657472455,18472646921.019268,0.03535487791396501,0.028054138966438633,0.0020369867892745266,-0.005013169462215362,1.0080784405157812,0.007050156251489888,0.0009482952528229607,0.0009680016272452903
2023-03-30,-0.011066764154740394,-0.010743749372216671,21882841599.42791,-0.01612838246481187,0.018691467440626892,0.003954836738162849,-0.004959593966174702,-0.6952957548289781,0.008914430704337551,0.00017848900493552353,-0.0003857416452326096
2023-03-31,0.006492402371656603,0.006800603050703513,17241323711.94637,0.010691321329062146,0.026099320293697163,0.004696342432285301,-0.004775260686216295,0.08392345907269885,0.009471603118501596,6.94123599529459e-05,0.00022891613436515446
2023-04-01,-0.00290673349801418,-0.0026873562265342654,7298340524.07105,-0.003096053779105316,0.005276096355445221,0.003439189467110288,-0.00484711610860719,-0.30199026889677694,0.008286305575717478,8.999403231378817e-06,-9.873703582003937e-05
2023-04-02,-0.029737382526112355,-0.02962907931728287,8922911429.0644,-0.01065985419137899,0.013537345122473033,-0.0003587626252341071,-0.005783112854240732,-1.5212162136839962,0.005424350229006625,0.0003169961617616191,-0.0009431356516484988
2023-04-03,-0.022557057836592564,-0.022210356652045404,20745208330.25454,0.0017289762646714932,0.01817942875907173,-0.002997478164367092,-0.00536838363184387,-1.0684270374796496,0.0023709054674767777,-3.9000617600290644e-05,-0.0006418462464384733
2023-04-04,0.00790302093889772,0.008005775215168764,12148930975.14344,0.0111253332810185,0.015584741422266592,-0.0026827509189928218,-0.005401965943183267,0.5740445784557712,0.002719215024190445,8.792374187210488e-05,0.00020727550566567343
2023-04-05,0.00038944454719680444,0.0006692367776637287,15395006484.55794,-0.013480511990064906,0.020412778005321135,-0.0025812495540742174,-0.005479024923256863,0.16099596735139832,0.002897775369182646,-5.24991188795192e-06,1.0306536983928905e-05
2023-04-06,-0.026006534302729256,-0.025891334397193377,9953310708.793621,-0.003370137247017328,0.009894977106218466,-0.0038951444803631947,-0.005712891496548112,-1.1569952731646376,0.0018177470161849173,8.764558991946169e-05,-0.0006797039446396611
2023-04-07,-0.018448377268820315,-0.01839717369065974,6118045792.5145,-0.004703753246791455,0.008178918340191585,-0.006347468076320727,-0.005777968471476942,-0.697185397128233,-0.0005694996048437847,8.677661447624724e-05,-0.0004481043797579941
2023-04-08,-0.006333015688599786,-0.006268191003839796,4453733138.91332,-0.0028964383355195166,0.005020317556857273,-0.0056205780571606315,-0.0057763583582569784,-0.041902635540839166,0.00015578030109634697,1.834318941990695e-05,-0.00014986054552190858
2023-04-09,0.02608991352567358,0.026456915522891533,8589117716.66099,0.010560915181534378,0.012177675428381466,-0.005160973911525315,-0.00448513135746845,1.7613423870045697,-0.0006758425540568658,0.00027553336383820523,0.0005918063499707182
2023-04-10,0.05888230123016602,0.05918106953883151,16759574206.415989,0.04676036533441103,0.03034792630525381,-0.0018784177143331322,-0.0033274259750573254,2.6974966338041524,0.0014490082607241932,0.0027533579172534036,0.001315923517390555
2023-04-11,0.020539791399639462,0.02072663944930775,18933421282.50967,0.0026305809244636584,0.00555616268479029,-0.0006878212200387477,-0.0032996425315281078,0.9214814950415346,0.00261182131148936,5.403158344835428e-05,0.0004429212383923629
2023-04-12,-0.0274601293529958,-0.02718970361998574,16925990333.74135,-0.001331330958745725,0.006718347919293068,-0.0016729847476329098,-0.0034425021324061608,-1.086177895384973,0.001769517384773251,3.655852033880552e-05,-0.0005027149377480829
2023-04-13,0.013843086513233738,0.014004071283330477,13196552183.52759,0.010109321448008912,0.010190194750170918,-0.001880948776617248,-0.00262609479111314,0.6669266175551257,0.000745146014495892,0.00013994421139487673,0.00023516496839675566
2023-04-14,-0.008064583395404168,-0.007770707442663949,18803216668.181,-0.00757310485716709,0.01940186074212866,-0.0009204583624317404,-0.00263928591735608,-0.31266439634843035,0.0017188275549243396,6.107393568276436e-05,-0.00013154351389253394
2023-04-15,-0.020874897567930484,-0.020758126774080288,5470537724.74858,-0.0028591470072912785,0.003057255217655247,-0.0015919130843468341,-0.003392627404659009,-0.8299557005068045,0.001800714320312175,5.968440090886043e-05,-0.00032300506890275824
2023-04-16,-0.0021088588468204383,-0.0020158180345345444,6372172002.43268,0.0012422443928949182,0.005778597991529143,-0.002338582196498692,-0.003358186624802406,0.009999895625308316,0.001019604428303714,-2.6197180778695326e-06,-3.178851299534386e-05
2023-04-17,-0.04983085782052499,-0.04994184986468586,13503235174.14893,-0.01840537588544562,0.013162613190080526,-0.003032342719042804,-0.004095745958407623,-1.9335383061658356,0.0010634032393648189,0.00091715566888096,-0.0006944701855358489
2023-04-18,0.007592947247419213,0.007773941657374994,16000595786.75336,0.031244650361366085,0.024679460420368976,-0.0027066711659879525,-0.004098169481548693,0.42380267841901487,0.0013914983155607404,0.00023723898195791032,0.00010847053901982116
2023-04-19,-0.05285587092012023,-0.052803717668564065,18890822746.77531,-0.0476333793393148,0.0299044204352127,-0.0065008645431200865,-0.005928697822660143,-1.80756939951612,-0.0005721667204599433,0.002517703749847945,-0.0007597399829368168
2023-04-20,-0.022754141629051317,-0.022501786209360275,18268559026.79414,-0.021731759224336948,0.01787324126962743,-0.007057406327611083,-0.006167258006980271,-0.6066425011537223,-0.0008901483206308122,0.0004944875272390053,-0.0003261770221899145
2023-04-21,-0.024759770372869028,-0.024383152216016613,19154822175.12687,-0.03803804771147829,0.02827930310204975,-0.00854560502973135,-0.006742520448190022,-0.6247006173877008,-0.001803084581541329,0.0009418133267684387,-0.00035749767278932243
2023-04-22,0.02379668440733318,0.023955090395069822,9486931563.8422,0.018045706152984748,0.011453586744065398,-0.007274013700905286,-0.006337447805285874,1.1557869983090452,-0.0009365658956194123,0.0004294279742300486,0.00035059219149544314
2023-04-23,-0.02202201017274763,-0.021965193481294665,9148054894.69136,0.0011175374703555842,0.009961869091098257,-0.006906615017411728,-0.00621751803116248,-0.5679975658266092,-0.0006890969862492482,-2.4610421540597326e-05,-0.00032069675687827916
2023-04-24,-0.012744769339447237,-0.012454609808181027,15953818918.34071,-0.010221245877063181,0.017616187208149302,-0.006439363184214331,-0.0065453319658279625,-0.23876372107396276,0.00010596878161363114,0.00013026742106494633,-0.0001852545897122784
2023-04-25,0.032683607345819654,0.033036927923661086,14045812538.45073,0.03412868554171356,0.027225451480551867,-0.005259335260075192,-0.005727648096003954,1.3743518391484255,0.0004683128359287622,0.0011154485574743184,0.0004931974168660727
2023-04-26,0.006223443443145182,0.006402133669572763,36973550164.94095,0.0035172485331354526,0.07814234714383352,-0.004981525788839554,-0.005061620301423041,0.4045586234348152,8.009451258348711e-05,2.1889397321453844e-05,0.0001110205155715811
2023-04-27,0.012615034136086445,0.012851957737786135,27782772896.56456,0.01996788756484376,0.020496274824586495,-0.0031424034822292828,-0.004612884161382918,0.5727367890037346,0.001470480679153635,0.00025189558325604006,0.00023140899187655325
2023-04-28,-0.009022251601359388,-0.00885046197596151,14879300727.03726,-0.0038424377234484034,0.011201749163303448,-0.002693540355207334,-0.004097029183790767,-0.23159532503431382,0.0014034888285834328,3.466743990350608e-05,-0.00016680203111856174
2023-04-29,-0.018674498508907122,-0.01857222276856285,6381226955.68392,-0.003966422186378836,0.0025988625997762746,-0.003281230013317207,-0.00400900058017799,-0.5589290523360236,0.0007277705668607831,7.40709452052277e-05,-0.00034309801326321395
2023-04-30,0.003054144386028357,0.003233043403048086,12308569143.22655,0.0018838525206210611,0.019431933925224305,-0.00437817140091936,-0.004251299361451974,0.2777397697178767,-0.00012687203946738605,5.753557599960183e-06,5.7167423163890115e-05
2023-05-01,-0.040083962595286016,-0.04014417911581525,17715530181.15137,-0.017357326226172462,0.019191764520424308,-0.009090850630702791,-0.004794772832909199,-1.3138945144394798,-0.004296077797793592,0.0006957504152040739,-0.0007289964998087864
2023-05-02,0.017420784727772975,0.01764530279084675,14563151413.11936,0.022037146122990944,0.016694543317194707,-0.00923937475793453,-0.004005061661371438,1.1392294988299314,-0.005234313096563091,0.00038390437862310207,0.0003260672044892248
2023-05-03,0.01251417679785738,0.012790102360056954,19317326412.84522,0.01783656853506579,0.02684586620780054,-0.007335836369798663,-0.004132379809199917,0.8457108561168678,-0.0032034565605987457,0.00022320997211491332,0.00024622380789625223
2023-05-04,-0.012129455159519686,-0.01191970987212565,12351553435.64055,-0.008934505053465706,0.011012226822906257,-0.008572624068501207,-0.00410702090821425,-0.15478800408831433,-0.004465603160286958,0.00010837067841851433,-0.00023912898285363517
2023-05-05,0.02124195655924299,0.021466627937764216,16927223730.860859,0.010378681572118006,0.011340234756627824,-0.007177074546851342,-0.0026849059004806337,1.189914918535778,-0.004492168646370708,0.00022046350309714644,0.00041062501468746063
2023-05-06,-0.03132745922014535,-0.031012879011629746,13798897391.83881,-0.017949583168368585,0.02640599592371497,-0.0076748155779091925,-0.0032634007675109815,-0.9738218167080964,-0.004411414810398211,0.0005623148347256742,-0.0006404175972024781
2023-05-07,-0.02155251496946542,-0.02132745327354224,8896354660.35729,-0.012983881111148331,0.017526406886755108,-0.008600703964701811,-0.003913990731386021,-0.5300333936327138,-0.00468671323331579,0.0002798352920097837,-0.0004526483199625857
2023-05-08,-0.035293578091502575,-0.03525198720449252,18339478036.73547,-0.018916259912295032,0.024625416039075983,-0.007908452549034077,-0.004215895957525314,-1.1706506054952455,-0.0036925565915087626,0.0006676224964137444,-0.0007605045785232031
2023-05-09,0.0030302502318648727,0.0031755926104115595,10141376746.46744,-8.329907814434994e-05,0.015806601110332223,-0.008125723835489046,-0.003961171700381723,0.47956417875313817,-0.004164552135107322,-2.5241705086104655e-07,6.401537560133099e-05
2023-05-10,-0.00944308474782729,-0.00906279217056638,20001892800.24953,-0.0031094090936495487,0.02499393205168653,-0.006058448303475096,-0.0035074420191068853,-0.16196194688828808,-0.0025510062843682106,2.9362413586997533e-05,-0.00019728123663871573
2023-05-11,-0.023555323371016068,-0.023396551455858172,14649119359.74357,-0.017602469512579603,0.015724905888337776,-0.006096599814997227,-0.0030663898014818202,-0.8341308970749743,-0.003030210013515407,0.00041463186149726415,-0.0004896988622885831
2023-05-12,-0.023631602620253433,-0.023337542646229004,16266529977.65859,0.007882364429332352,0.01749699777998757,-0.006042877541063151,-0.0032973800461697333,-0.8423102132038823,-0.002745497494893418,-0.00018627290390200286,-0.0004791511715043963
2023-05-13,0.012618949281795633,0.012758899610676444,6509153676.52752,-0.0011912476458806878,0.003428243894962178,-0.006575150642279225,-0.0034699916253580743,0.9495121130292826,-0.0031051590169211504,-1.5032293625426844e-05,0.0002510376578088878
2023-05-14,0.020873491237218156,0.02100592706286264,6656688171.93944,0.001797025904249564,0.013000815608466849,-0.00453250771799514,-0.003932628453546991,1.2251944692071577,-0.0005998792644481485,3.7510204465407304e-05,0.00041827172180999546
2023-05-15,0.0031493321917428485,0.00333138006531275,12295451723.86526,-0.002346935348389512,0.012127610286065252,-0.0037756457403194214,-0.004404162362966948,0.33435235159498583,0.0006285166226475264,-7.391279044622308e-06,6.228451975330859e-05
2023-05-16,-0.014046117184951079,-0.013888862090726595,10093411170.41688,-0.003468563877180109,0.010136450302742768,-0.006000870717975171,-0.004647652299014394,-0.4225091718017253,-0.0013532184189607764,4.8719854682360074e-05,-0.0002663606531169814
2023-05-17,0.008157783603406132,0.008570702936916863,13216351846.61259,0.012625080682978464,0.025220487462274878,-0.005908759281772268,-0.004490511541562013,0.736150536711608,-0.0014182477402102552,0.00010299267618728121,0.00013414011371957308
2023-05-18,-0.02616923722604836,-0.025809836080197268,14727436133.81543,-0.020234561427785864,0.01795637298919573,-0.00775562934663583,-0.004931059103076103,-0.9639294789009297,-0.0028245702435597273,0.000529523038168776,-0.00042714104108961616
2023-05-19,-0.006575968655600062,-0.00640090467736576,8708772764.369669,0.0016798557263400932,0.0025730388961200663,-0.007639139682552053,-0.005560049371360038,0.05565757922792153,-0.0020790903111920144,-1.1046678602342727e-05,-0.00010463265074419468
2023-05-20,0.041114259866574576,0.0412540220114026,3707697281.1092997,0.00891017357876774,0.005314479303225506,-0.0047920559503862575,-0.004564621340288032,2.1194608883031845,-0.00022743461009822573,0.0003663351919737437,0.0006595007720481053
2023-05-21,-0.04388099453285632,-0.04366837859954187,6431869877.90651,-0.016093320709898773,0.011453851461236583,-0.007027062565571242,-0.005522069292671973,-1.590061039530884,-0.0015049932728992696,0.0007061909180865715,-0.000687210312173744
2023-05-22,0.013348294542836925,0.0134678858708972,8796130693.48035,0.007573258031890916,0.007438197544326583,-0.004482669368517769,-0.005150645904517898,0.8002087402657004,0.0006679765360001286,0.00010109007885858543,0.00020157366027996062
2023-05-23,0.020867757123231412,0.020880898842281725,10055521160.75082,-0.0053038271846268,0.005859757269173453,-0.004318527825876891,-0.004748574601283389,1.1211712573400705,0.0004300467754064976,-0.0001106789775123843,0.00030435910793774634
2023-05-24,-0.04969455270508627,-0.04994488977439249,14198721097.42495,-0.017188341134333995,0.017099824842284714,-0.007280848278398018,-0.005429889798609863,-1.7547743864278325,-0.0018509584797881543,0.000854166924413163,-0.0007017387833782652
2023-05-25,0.008598393210644373,0.008957410428367396,10368530938.48118,0.011050256079163889,0.011530819937020364,-0.006293807879818776,-0.005582460241645744,0.6107156430552413,-0.000711347638173032,9.501444684696448e-05,0.00012163059392646313
2023-05-26,0.011591042981094146,0.011756804414607691,8633310426.323679,0.009948195216124396,0.011406126532620804,-0.00675337519306396,-0.004950302700782347,0.7666963857277314,-0.0018030724922816124,0.00011530995833441305,0.00016400019453039004
2023-05-27,0.018941925387184533,0.019106521947254373,4371514145.40532,0.003811049925285916,0.004919069833143376,-0.004359594973667298,-0.004542107878641109,0.9766082158002368,0.00018251290497381042,7.218862333160101e-05,0.0002486257647945818
2023-05-28,0.06438808636627691,0.06453676791984786,12079775165.95981,0.031916466234102416,0.02210941412970834,-0.00026718538625099725,-0.003735490515817167,2.3251432505775385,0.0034683051295661695,0.002055040184387747,0.0008591897590685993
2023-05-29,-0.010433171903495464,-0.010332157940291409,11464529935.57118,-0.008115740819076425,0.011066266224034744,0.0009166434798445795,-0.0033413839294107674,-0.42428608609034796,0.004258027409255347,8.467291908963942e-05,-0.00013248303175456057
2023-05-30,-0.022318076238167173,-0.022211729862323115,9289854388.3587,-0.004861700067550797,0.018326356333215273,-0.00029041968539504176,-0.0037076048956240135,-0.8093031783567619,0.003417185210228972,0.00010850379275470117,-0.0002860784347838772
2023-05-31,-0.038379709496264236,-0.03849894226446826,12797264657.29916,-0.016241724016950274,0.021225764002764304,-0.0016683541972253725,-0.004742555681273518,-1.2921569009513059,0.0030742014840481457,0.0006233526494890493,-0.0004850735647136577
2023-06-01,-0.021051817272690343,-0.02097829439532084,10888995134.74279,0.0013700703417437793,0.004090866504202511,-0.0015491396211146237,-0.004901048587907644,-0.6886639491555938,0.0033519089667930204,-2.8842470485122452e-05,-0.00025440701254126
2023-06-02,-0.005106447099538225,-0.004930303685162896,10565372872.49042,0.00895364835277112,0.0067221120691837504,-0.0006669893582234232,-0.005085157309672642,-0.1592203222498265,0.004418167951449219,-4.572133166129329e-05,-5.9090328717239835e-05
2023-06-03,-0.0174905748582872,-0.01735773327396406,4951602182.2861,-0.002805164815751527,0.01014537581346137,-0.0021007762220368914,-0.005316646855073801,-0.5508313314460666,0.00321587063303691,4.90639451997355e-05,-0.0002079904680154167
2023-06-04,0.019941426721203692,0.020039354473446513,5933883455.85455,0.0019944310296393917,0.005663499223364867,-0.002145160246609009,-0.004528094327338626,0.7915881185972529,0.0023829340807296167,3.977180022804876e-05,0.0002301674996002782
2023-06-05,-0.06409003097587584,-0.06404873100558806,18357609610.21765,-0.042677730539717997,0.03281878191235702,-0.00534703468316228,-0.005187347869232011,-1.8977096172744041,-0.0001596868139302687,0.002735217072270609,-0.0008028860703167876
2023-06-06,0.03737272213919485,0.03799032127059032,19197033011.63045,0.0567459789549017,0.041505634598616545,-0.0028985185248696166,-0.00471957483430666,1.249141083962394,0.0018210563094370434,0.00212075170399814,0.000524012007796376
2023-06-07,-0.0194198092423572,-0.01928303586842739,17580869410.88071,-0.021461510755112913,0.02282569086936641,-0.004211737231810728,-0.00503400743414085,-0.4704331112397799,0.0008222702023301222,0.0004167784449170902,-0.00027007526383749644
2023-06-08,-0.0004436411084378644,-0.00033718718672226533,8818214857.61013,0.005827586312463388,0.013301723099291814,-0.002986708845257847,-0.004628247224707654,0.07962205600144191,0.0016415383794498068,-2.5853568511785843e-06,-6.071474692581755e-06
2023-06-09,0.0003293820110124024,0.00047350038143179063,7524310651.84534,-5.289246208111753e-05,0.007628307979755452,-0.002657882623038206,-0.004330187553599198,0.09353914704887384,0.0016723049305609919,-1.742182552767573e-08,4.587066731596898e-06
2023-06-10,-0.03395755033634129,-0.034070760581137005,15698931318.506489,-0.018642943354390006,0.02709212340541794,-0.006232730727938961,-0.004768672230547476,-0.8949676329026124,-0.0014640584973914855,0.000633068687374258,-0.0005081174391708945
2023-06-11,0.0006947993085317794,0.0008106700002048495,7227089796.30363,0.007562322236643665,0.011967134976339727,-0.004110073878349052,-0.0051717692816132185,0.16137998807124848,0.0010616954032641665,5.254296260914518e-06,1.0413481549055234e-05
2023-06-12,-0.001081370003074067,-0.0009552149731278936,7727691958.70051,0.004458694860416671,0.010021212305206492,-0.00479720076148767,-0.006123573586902744,0.12589209495450643,0.0013263728254150732,-4.8214988749151025e-06,-1.634031753407626e-05
2023-06-13,0.005629346602980423,0.005743470012250951,11308944583.661331,-0.005256628090405381,0.01793702584242758,-0.005522839357690099,-0.006360247313833839,0.3840692571790057,0.0008374079561437407,-2.9591381483855002e-05,8.830116158659695e-05
2023-06-14,-0.04700142615071734,-0.04644336966802309,11881929860.74104,-0.03346786777108141,0.029918275847004544,-0.005394595236053483,-0.0066704266280833875,-1.4428113591768545,0.001275831392029905,0.001573037515464456,-0.0007659477327220719
2023-06-15,0.0030694912746578318,0.0032143969716644794,11936022995.763899,0.020983809333411742,0.020839748417108814,-0.00565787628062427,-0.006841436076314752,0.3037907167829229,0.0011835597956904812,6.440961965799092e-05,5.138189680814931e-05
2023-06-16,0.03022616235724085,0.030694668487345922,13781333096.97194,0.03046781946452038,0.025344555302016746,-0.004770489643664904,-0.006233646461193402,1.1837855492378977,0.0014631568175284982,0.000920925257805696,0.0005260344513005531
2023-06-17,0.023589369520993886,0.023798319591136208,8106952525.28539,0.009685021204437764,0.013929772783563615,-0.0045491827801501725,-0.005527864443908888,0.9453119942900468,0.0009786816637587159,0.0002284635440101437,0.0004206542211760843
2023-06-18,-0.010381817177667618,-0.010198901156506235,6411604568.41224,-0.007895161130569647,0.012948302283875654,-0.008109654377480865,-0.005659181242811224,-0.09003962160636748,-0.0024504731346696408,8.196611944580165e-05,-0.0001806033422819446
2023-06-19,0.017616302893500357,0.017827624814460208,10651201162.61209,0.016346987592611148,0.010875710325055082,-0.006773965101433445,-0.004588591390207648,0.9438570030922168,-0.002185373711225797,0.0002879734848277302,0.00030629547538093665
2023-06-20,0.0440114062283854,0.04447930067397654,20786331287.82493,0.0511210370137744,0.03593972143052852,-0.0036154183173118934,-0.004010520612731994,1.7117317199280986,0.0003951022954201003,0.002249908726829551,0.0008021421214630975
2023-06-21,0.03467364816128571,0.03455180042543926,33165677031.81134,0.04375658616986416,0.03341574809369115,-0.00013668700028570573,-0.0026211631669953916,1.250964852339365,0.0024844761667096858,0.00151720047359285,0.0006520814164005058
2023-06-22,-0.01170133431294118,-0.011533946986072463,16856175550.40033,-0.013587603719211739,0.01890702077717877,0.00030857409303568293,-0.0024457217810253894,-0.4359501670992098,0.002754295874061072,0.0001589930936302595,-0.00022831391506728332
2023-06-23,0.018710580542445232,0.01896432642940149,21421175144.69206,0.02211845103508147,0.03911276902674801,0.0014427182664634667,-0.001755716210941036,0.6210609824560253,0.0031984344774045026,0.00041384905956602295,0.0003939362463303896
2023-06-24,-0.01754423156433027,-0.017426649660665428,8546756825.90515,-0.006377820478224478,0.013910193787172684,0.0014401631852233204,-0.0024119212263642655,-0.6827533704605611,0.0038520844115875856,0.00011189395934569786,-0.00037252498333931574
2023-06-25,-0.005823691281390486,-0.005561993185673519,9236905464.93146,-0.009281112373241402,0.006899868919713507,0.00021325280414740715,-0.0021548050534855806,-0.21940249415104157,0.002368057857632988,5.405033320965132e-05,-0.00012400006528552222
2023-06-26,-0.0199425845411334,-0.019725442052747955,12562149789.70421,-0.0008225273854976351,0.0076930294515751355,0.0023155121581827616,-0.00226905608843298,-0.9355584022332651,0.0045845682466157415,1.640332192268401e-05,-0.00040076387084243175
2023-06-27,0.0014156358766987953,0.00146191923718475,12421440922.16078,0.010589321009685067,0.013897608471718852,0.0006032699552067591,-0.002765373095879343,0.0362744719252537,0.003368643051086102,1.4990622731190492e-05,2.6587363676119094e-05
2023-06-28,-0.03405487313319644,-0.033992010476516565,12598592811.65844,-0.012411720761163737,0.014699793848423043,-9.363784911891895e-05,-0.0034047114542339716,-1.4600560875353155,0.0033110736051150526,0.00042267957588609144,-0.0006264144929141042
2023-06-29,0.014439623380092304,0.014466029121644963,11648327668.804491,0.009161447657909149,0.014716369115490551,0.0006150890312872795,-0.0033757497202021327,0.5889100221441995,0.003990838751489412,0.00013228785379663683,0.0002665790270820551
2023-06-30,-0.013443959146001494,-0.013211350279530687,24662962533.50455,-0.00895838132840668,0.030100386662889108,-4.078435714195363e-05,-0.003445935554244071,-0.5661386310918263,0.0034051511971021175,0.00012043611259340199,-0.0002625838064652884
2023-07-01,-0.003953254335149148,-0.003925679253333314,4133098990.12844,0.005983798659178676,0.003583100117303361,0.001387991642914815,-0.003212265011803468,-0.23848721703035813,0.0046002566547182835,-2.365547799005776e-05,-7.278832554040217e-05
2023-07-02,-0.009019529833301898,-0.008901844425157623,7079342099.35315,0.0035177946512646844,0.0033570716998101604,0.0009254045409227352,-0.0034039106343325197,-0.4417728149782134,0.004329315175255255,-3.172885380451167e-05,-0.00016237184576300948
2023-07-03,0.029731242511813027,0.029828423732312315,11455001608.3097,0.012960442751877865,0.016371828562478947,0.0023926718035364065,-0.0022957327754896777,1.1702067303978032,0.004688404579026084,0.0003853300665165502,0.0005442203432713839
2023-07-04,-0.02427625946765144,-0.024160902261644024,9313935624.33744,-0.014002769724764687,0.014307249515849782,0.0009685953239825082,-0.002957590619861494,-1.049412745295686,0.0039261859438440025,0.0003399348711041617,-0.0004401726564712817
2023-07-05,-0.035782002190612006,-0.03580183112753377,8991870910.78812,-0.012027067806950498,0.013029058425177237,0.001502853607797048,-0.003724196635551484,-1.6182170190202194,0.005227050243348532,0.00043035256661494187,-0.000620015040381571
2023-07-06,-0.022605243341857872,-0.022057407247565886,22070224345.63387,-0.01999334228567626,0.022834112945750804,0.0002802471974867763,-0.0038904789876520905,-0.9686102824387502,0.0041707261851388665,0.00045195436758476874,-0.0003938406826466294
2023-07-07,-0.007701993075498681,-0.007595249340781374,10184988283.5844,0.006808959308732385,0.012136758257362395,-0.001525855442167487,-0.0043499067596321165,-0.27263941718253576,0.0028240513174646294,-5.244255744720912e-05,-0.00012934414488461444
2023-07-08,0.0051786904933586175,0.005279451431414284,4191064151.51028,0.00030728919955057336,0.0070682682952862294,-0.002402554443483452,-0.0037704440657669747,0.3449349039851926,0.0013678896222835226,1.5913556564243334e-06,8.527674914630479e-05
2023-07-09,-0.027052348087645117,-0.026957399027517148,4910685209.23742,-0.004296213170222813,0.005268850638285234,-0.003196389248720476,-0.0038577430041507794,-1.0567722125247814,0.0006613537554303033,0.00011622265413959289,-0.00043557438894498363
2023-07-10,0.004746998941685954,0.0049328760896196755,13041797875.98727,0.008324874892147284,0.022741518027506975,-0.0038092132464259236,-0.003222178289338263,0.3862529075240996,-0.0005870349570876606,3.951817230269113e-05,7.911446225972997e-05
2023-07-11,0.0026410052296694797,0.00278758919644706,9119181979.08487,0.0048273042223031136,0.008255651074778965,-0.005779232341602872,-0.0032283567814366024,0.4351857055222071,-0.00255087556016627,1.2748935696308083e-05,4.053392889982699e-05
2023-07-12,-0.009943599331138309,-0.0098232475460589,13009902129.34863,-0.006969652594922373,0.01299583312477516,-0.007903863174575445,-0.003236301457362174,-0.12005217081782175,-0.00466756171721327,6.930343288113649e-05,-0.00014294461028164322
2023-07-13,0.027959285455745553,0.028065940430305636,21574885298.97106,0.037525423375141635,0.026488242096164575,-0.00601526223320941,-0.0024186092537627833,1.8198775062371484,-0.0035966529794466263,0.0010491840239932916,0.0004120234241451581
2023-07-14,-0.05318734437473238,-0.05289961751176342,16570590022.18309,-0.03732614258585748,0.03941070447863342,-0.009438972943551201,-0.0028877480117703858,-2.1426231629975945,-0.006551224931780815,0.0019852783998943655,-0.0007845525805619797
2023-07-15,-0.03760255304859139,-0.03752604967856921,3381748954.15686,1.3211697637485927e-05,0.0019905128274657798,-0.010394131109468397,-0.0036849147154273225,-1.2793280636295807,-0.0067092163940410746,-4.967935612755141e-07,-0.0005333220532078345
2023-07-16,-0.028981886349799146,-0.028894293788846892,5260328370.6608,0.0014141205749785089,0.0056839278207714596,-0.011496902303202142,-0.004476269915221248,-0.8088740649610938,-0.007020632387980894,-4.098388178893977e-05,-0.00040937587326020277
2023-07-17,-0.035055909050593415,-0.03487699493863794,10348549509.48323,-0.00562048416126699,0.01362661228846649,-0.012216584422700238,-0.005082702315893252,-1.0308168372603013,-0.007133882106806986,0.0001970311815776764,-0.0005050779560000523
2023-07-18,-0.03205537597632524,-0.03185975442034161,10078127136.72446,-0.007284364885732997,0.009075145015946098,-0.013810442129987097,-0.005368563566549985,-0.8170571959861472,-0.008441878563437113,0.00023350305516091268,-0.0004544856920531877
2023-07-19,-0.00907064002062008,-0.008968965084524605,8941549015.88861,-0.005088135627965536,0.0063341779674804055,-0.012620716743673937,-0.005642030608201194,0.16241467599951764,-0.006978686135472743,4.615264665736707e-05,-0.00012499142349312246
2023-07-20,-0.021854262517807865,-0.02161942950264173,12295839232.23674,-0.0048888390969835625,0.018506129638105523,-0.014348997024526326,-0.005573538946165631,-0.3568719453089666,-0.008775458078360695,0.00010684197303280152,-0.0003050908532986655
2023-07-21,-0.016939188073436307,-0.016837936044048374,6601525560.44956,0.00023755472653222428,0.0052511597342739975,-0.014515436497261317,-0.0057380344924804925,-0.11521371617515679,-0.008777402004780825,-4.023984190463077e-06,-0.00021643112884802275
2023-07-22,-0.012075302221524642,-0.01203950097625961,4278958894.21528,-0.003455670515006095,0.00352701051625618,-0.014902200682326817,-0.006582313255783655,0.13521059826723353,-0.008319887426543163,4.1728265846710305e-05,-0.00015425325885816665
2023-07-23,0.04449179335393505,0.04455507013833593,6742455119.06672,0.007956197974159737,0.00700469557391152,-0.012354042435315534,-0.00517957059091395,2.311202546227694,-0.007174471844401584,0.0003539855161493117,0.000576078568358183
2023-07-24,-0.041718891163665006,-0.04193829209945821,12739148029.69294,-0.018407366072660327,0.020224954282736404,-0.01575642975319544,-0.006053652903715568,-1.1097160323163242,-0.009702776849479872,0.0007679349017950559,-0.0005478297768206744
2023-07-25,0.021168821295617146,0.021292098976413154,5733864849.27923,0.004002344327444207,0.002414953555440049,-0.013592378288277888,-0.006048874107328493,1.4109360049702075,-0.007543504180949395,8.47249118311934e-05,0.00026598954250482595
2023-07-26,0.005065432606712328,0.005239635314267854,9342519728.594631,0.0036882768400535023,0.006170768063005935,-0.011647262345548158,-0.0051796679912681975,0.6846965557165591,-0.0064675943542799605,1.868271776818892e-05,6.199365545055474e-05
2023-07-27,-0.0013028584282716027,-0.0012323453582677724,6549775823.23634,-0.006088984610078487,0.009336687296127202,-0.010632863063948813,-0.005336830715695436,0.38279514305856366,-0.005296032348253377,7.933084918856835e-06,-1.5107732949154553e-05
2023-07-28,0.014374427979208848,0.014401474283375792,6485251844.3234005,0.0020533081350093936,0.008152560687175315,-0.00958160491848655,-0.0052926500014396465,0.9592093704084738,-0.004288954917046903,2.9515129905816167e-05,0.0001639563429980269
2023-07-29,0.011977294929103932,0.011972674465201782,2552974723.6625,-0.0005656378569344359,0.003266004560705343,-0.009257861850117724,-0.00540319969125045,0.8420452531824041,-0.0038546621588672735,-6.7748114355700345e-06,0.00013444576254381956
2023-07-30,-0.019680484640098528,-0.019694453768945297,4971420690.30703,-0.0009936607995505286,0.006080827090206104,-0.008906820733567886,-0.006737621453256409,-0.4307932118832862,-0.0021691992803114773,1.95557261030222e-05,-0.00022167542695260007
2023-07-31,0.003363148748406486,0.0034491601837705055,6752624719.92772,-0.006515169909615311,0.007094519564402014,-0.00897271836181929,-0.006518632236559553,0.4939697516663991,-0.0024540861252597378,-2.191148552717833e-05,3.537569285764102e-05
2023-08-01,0.003247280099832661,0.003800847959745113,12851250046.85139,0.03011438865485054,0.019216127068945158,-0.008943848129906758,-0.0061128329296071746,0.4878917331719688,-0.0028310152002995834,9.778985499752262e-05,3.585175880891647e-05
2023-08-02,-0.029341671796019098,-0.029146781539505895,14482383687.34577,-0.015389995655367604,0.010257880251700328,-0.009867565866329652,-0.0059693720137302675,-0.7672526514198152,-0.0038981938525993846,0.00045156820146195607,-0.00032012266982348503
2023-08-03,-0.019934885208531927,-0.01984033905261806,7357451848.69498,0.0003461850273562166,0.007555399623820831,-0.012148240659866675,-0.005951642933346801,-0.3254938962043309,-0.006196597726519874,-6.901158781258663e-06,-0.00019952044199475656
2023-08-04,-0.030019009992398704,-0.029852287068263594,6681106341.509911,-0.0017681284937073295,0.009561870334417471,-0.01104498664166031,-0.006347080439582682,-0.8462048316917727,-0.004697906202077628,5.307746692044519e-05,-0.0002577802772067017
2023-08-05,-0.01181731015172427,-0.011754933858068028,2396889615.43942,-0.0008565487801878337,0.0017795238440458205,-0.009817117932285685,-0.006257028618843587,-0.09266210336840822,-0.0035600893134420976,1.0122102595560727e-05,-0.00010135928338521006
2023-08-06,-0.0014498357040398924,-0.0013938869007079635,2997426571.5375,0.0007706943855861027,0.003628608747779702,-0.008506067901535245,-0.006596572466863327,0.3328999619576481,-0.001909495434671918,-1.1173802371258194e-06,-1.2293613681470479e-05
2023-08-07,-0.00010716620863693294,-1.6607981183525133e-05,8642375892.18842,0.0018439945175368153,0.013207581925373532,-0.006841842051918269,-0.005580971438811915,0.3307295625371309,-0.0012608706131063538,-1.9761390119171084e-07,-9.065576680182828e-07
2023-08-08,0.04601959665969857,0.04619427855198244,13599577748.60257,0.01955211262430591,0.015287068019161637,-0.003123986212107611,-0.005443719462295983,2.180238700872653,0.0023197332501883722,0.0008997803368155584,0.0004029092569759032
2023-08-09,-0.013530308680871572,-0.013292768606695593,10756925627.79187,-0.0046286695282373854,0.014263903575596934,-0.0033363513864053014,-0.005350235326399386,-0.45065815117654295,0.0020138839399940845,6.262732749879602e-05,-0.00012356923841646829
2023-08-10,-0.01741965899249165,-0.01729868454104555,6922645509.59273,-0.00424316799621204,0.0026588318897512024,-0.003125179789961672,-0.005619695927733573,-0.6364767649320656,0.002494516137771901,7.391453954186783e-05,-0.00014594433864323394
2023-08-11,-0.012274244888441088,-0.0121482291329148,5265186188.14472,0.0005032627171550337,0.0022377643485266634,-0.002903039638295233,-0.005819753497566168,-0.4195177912330574,0.0029167138592709353,-6.177169833583145e-06,-0.00010107404685568314
2023-08-12,0.024737119637981753,0.02475638110177547,1654106361.1419,0.0011120804700689838,0.0011471107915650884,-0.0011500671687949284,-0.00488809206940231,1.1247287205708045,0.003738024900607382,2.7509667635159438e-05,0.00020089797151083826
2023-08-13,-0.047383787518556875,-0.04738483450132813,2472829612.6647,-0.003697076027976095,0.005069819126694376,-0.005525094829389782,-0.00565124424126086,-1.8492335417844454,0.00012614941187107792,0.00017518146494956952,-0.00038045292442658474
2023-08-14,0.0018912884086179638,0.0020418999231062163,8677120731.75313,0.0010032393567123861,0.010690504786164325,-0.0034484196116620217,-0.005604059187107018,0.25309878885632764,0.0021556395754449963,1.8974149664194786e-06,1.4326808262229271e-05
2023-08-15,-0.02979884061766158,-0.02970983444952413,5604668799.70402,-0.006763922762047037,0.005305817121497229,-0.005875451131341961,-0.006166411365212447,-1.1362126700196498,0.0002909602338704862,0.00020155705633641296,-0.0002298330353119696
2023-08-16,-0.0469780042807848,-0.04662071968099868,8152270842.20355,-0.01734172450445081,0.013753045387377478,-0.008353710030746586,-0.006166039589499232,-1.7013852683670034,-0.002187670441247354,0.0008146796080062809,-0.0003792947156051895
2023-08-17,-0.06774932769202802,-0.068287106383353,23892373364.35867,-0.07365073036083711,0.05192467092135093,-0.011517827614734986,-0.007290147827065674,-2.1583483330637327,-0.004227679787669312,0.00498978746597355,-0.0006843954483024993
2023-08-18,-0.027022570875075536,-0.02687914411536807,13701338877.41335,-0.013115317315813441,0.018882992374125787,-0.013489113274462814,-0.008198857878372283,-0.529532474898445,-0.005290255396090531,0.00035440959171567415,-0.00028678651878862044
2023-08-19,-0.038243078784926055,-0.038119989917734465,5259138403.39374,0.004980124420527391,0.012807593455306807,-0.015880559641797576,-0.009180325311799584,-0.8802604808874067,-0.006700234329997992,-0.00019045529057296325,-0.0004232442754655565
2023-08-20,-0.01917559626011378,-0.019058267160093734,3684280536.48474,0.0032525455905062827,0.004965516502298246,-0.01585651733798878,-0.009319909106759047,-0.13066778652400673,-0.006536608231229733,-6.236950106116184e-05,-0.00021120198011414883
2023-08-21,-0.024337724137128536,-0.024170395510739406,6052756159.68538,0.001482983328608742,0.007710946104074319,-0.017175606523014256,-0.009985846043753157,-0.28568469342953967,-0.0071897604792610995,-3.60924391516402e-05,-0.00026877258587981094
2023-08-22,-0.012504427466920154,-0.012196184087707396,8099008037.070271,8.447470179681268e-05,0.013358023729475713,-0.01792568783571677,-0.010882922769075466,0.21983387248031874,-0.007042765066641303,-1.0563077814079538e-06,-0.00013460389330724028
2023-08-23,0.012332706945761496,0.012399332704513322,10844866911.05113,0.016298372847847267,0.021780153771407216,-0.015941193609917696,-0.011237540883607598,1.1147728336851737,-0.004703652726310098,0.00020100305602525656,0.00013952211382046268
2023-08-24,-0.009224991163747198,-0.009054459768616852,7517625485.57741,-0.010092376506819533,0.01797346821407212,-0.015431198655404136,-0.011198233849493406,0.2444710103758125,-0.004232964805910729,9.310208409662e-05,-0.00010894047508352138
2023-08-25,-0.008655058488524214,-0.008554137113236382,7151164304.37309,-0.0016683641823374098,0.010091700337290184,-0.014413867631410112,-0.011632609072207208,0.22852567080284597,-0.0027812585592029045,1.443978957828916e-05,-0.00010242834943240336
2023-08-26,-0.01168369071034192,-0.011602183374197161,1664151835.8984,-0.0027687817583402622,0.001727850361093074,-0.014407504800868096,-0.011539584614207392,0.10808554453588262,-0.0028679201866607038,3.234958970888429e-05,-0.00013824196898897916
2023-08-27,0.013023233532779122,0.013033760672004124,2255661579.44877,0.0029982382390724713,0.0027638975931770435,-0.013718311027686239,-0.011240427077474541,1.0379328890167399,-0.0024778839502116977,3.904675677434923e-05,0.00015355524757108678
2023-08-28,-0.006699828440619449,-0.006687969063915333,5728245334.03454,0.004010867328417226,0.008531375308601806,-0.01403224732444731,-0.011030224599688606,0.2860884213582365,-0.0030020227247587045,-2.687212299848108e-05,-7.750490869723918e-05
2023-08-29,0.02569282181015553,0.0253968172645731,19063888802.78101,0.060716006528422926,0.05654967211361123,-0.01500018898394936,-0.01064487244201469,1.728098995625538,-0.0043553165419346705,0.0015599655367590102,0.0003477029858375723
2023-08-30,-0.025356337269935136,-0.025287067693250398,8611722669.037941,-0.0032522614303513507,0.007870445809667802,-0.015563333202476196,-0.010506800444185145,-0.4140434713799929,-0.0050565327582910505,8.24654377179905e-05,-0.00033542956773274834
2023-08-31,-0.035545304995268534,-0.03516190329457225,13374373720.159,-0.048180231059448304,0.03313815146983253,-0.016426459202608427,-0.01130021200569881,-0.7949421303709048,-0.0051262471969096175,0.0017125810077506,-0.0005218059568690022
2023-09-01,-0.0005745090290646404,-0.000333000786485238,9314832822.37795,-0.010638828941643344,0.013364220280774759,-0.015869328923590505,-0.011095935019715685,0.629780112714052,-0.0047733939038748195,6.112103285648313e-06,-8.738199590720838e-06
2023-09-02,-0.0027856932532006606,-0.002710559547703606,2780278800.436,0.0026993601057544755,0.004101025324102931,-0.017179939061265855,-0.011077402304129201,0.6348291313076715,-0.006102536757136654,-7.519589234559264e-06,-4.2761836029763463e-05
2023-09-03,0.005693880906741278,0.005934904677560748,3448807040.90302,0.004327181292322193,0.007154402621289774,-0.014652431041013563,-0.010843856101906293,0.9210731330504462,-0.0038085749391072697,2.463845494036138e-05,8.796923273015828e-05
2023-09-04,-0.02853226501950734,-0.028362105345686506,4476150022.96639,-0.00618290727134129,0.005745348477557768,-0.0161011716804481,-0.01176867368176852,-0.5663954432137536,-0.004332497998679581,0.00017641234885694868,-0.0004340984631615305
2023-09-05,-0.0008748341626441114,-0.0007990364925644089,4801841760.65064,0.003804790692207987,0.005831358153373034,-0.014723838039732984,-0.011397222486450944,0.6308561223734921,-0.0033266155532820398,-3.328560879253883e-06,-1.3331883513284282e-05
2023-09-06,-0.009963441769850645,-0.00981835832518152,6451012388.43805,-0.0008812539998673556,0.007755511531960525,-0.012961239824926595,-0.01098740406707378,0.1449419622277195,-0.0019738357578528154,8.780322912126365e-06,-0.00014899061546598164
2023-09-07,0.033100513867691195,0.03337751063124439,6683838708.836061,0.015980242261640028,0.015531817994026939,-0.008158866417320918,-0.010103185698668238,2.175897482296769,0.0019443192813473203,0.0005289542305904806,0.0004376131797831622
2023-09-08,-0.02241240565075997,-0.02234284348459592,6476749865.05496,-0.012882020420750151,0.0160981619257762,-0.007939334739972558,-0.010336684310973974,-0.7715561915770568,0.0023973495710014163,0.000288717067271226,-0.0002933363838680393
2023-09-09,0.007719149854785501,0.007779219273358784,1756326250.4234002,0.001020116474470098,0.0021752513595560173,-0.005750657185700579,-0.010296359559205293,0.7611311857556571,0.004545702373504714,7.874431935770154e-06,9.712098305840214e-05
2023-09-10,0.0059113378900514935,0.006159874965368628,4203882568.6830997,-0.0008784915279706997,0.0030709656000392827,-0.004556041273787947,-0.009773126448448204,0.5950091388556393,0.0052170851746602565,-5.193060255382428e-06,7.384211007095813e-05
2023-09-11,-0.024049654051883307,-0.023959404228329984,10833054059.776619,-0.02268277083726068,0.022219101961647718,-0.004542323650681032,-0.010230216178504859,-1.1098925888594677,0.005687892527823827,0.0005455127915742668,-0.00031703388191624363
2023-09-12,0.030606637708533446,0.030501450073038283,15363954424.527441,0.0014569692971407237,0.015356291280837176,-0.0024894157851832414,-0.009786317250268923,1.7368797475158033,0.0072969014650856815,4.459293143004274e-05,0.0004063835257615881
2023-09-13,0.021945134535792166,0.021995416923141775,8752833623.09691,0.01311505540512785,0.013305672512450923,-0.0020316811380389236,-0.009280146871428757,1.2271840089282637,0.007248465733389833,0.0002878116553098989,0.00028252342831573885
2023-09-14,0.006702226737484329,0.006869432155370392,10081082095.72619,0.009722596255847421,0.011981588342867796,-0.001273242190361232,-0.009617560501877348,0.4078687004003953,0.008344318311516115,6.516304458370562e-05,8.437267610547185e-05
2023-09-15,0.019821195352702103,0.020022269814660598,6669561598.24096,-0.00043238203693902045,0.010686350359192565,8.27698973162118e-05,-0.00845869479191807,0.9869794679985361,0.008541464689234283,-8.570328821167581e-06,0.00025008540017007816
2023-09-16,-0.05982558036691632,-0.05964888943043989,3729905321.7588,-0.0020884572392353123,0.004751734516604913,-0.0022097010387111407,-0.008811441257288307,-2.4197191335365105,0.006601740218577166,0.00012494316640874036,-0.0007634380614290423
2023-09-17,-0.06644142387520025,-0.06634599069251546,3027518454.4446,0.00011692531691599153,0.003536785506624632,-0.005993732343853015,-0.009406037091024833,-2.212240815505353,0.003412304747171817,-7.768684542957515e-06,-0.0008503085865673693
2023-09-18,0.017697987750565414,0.01765989952405289,12722651442.18257,0.0038841836904111218,0.024923415769245724,-0.004831931572844212,-0.008568673649736597,0.8102221878991324,0.0037367420768923843,6.8742235373842e-05,0.0002403110925279392
2023-09-19,-0.0012971344003741558,-0.0011750868038336026,11764014197.82195,0.014477735744403954,0.018288142662392152,-0.006117167582869436,-0.008080447592975468,0.1789453523578811,0.0019632800101060327,-1.8779569073592907e-05,-1.524971384779442e-05
2023-09-20,-0.006088972226462097,-0.005944036780851092,9453380064.9792,4.7958003554386864e-05,0.012116036691924105,-0.005199674009370719,-0.00803311953275074,-0.0334657368264799,0.0028334455233800203,-2.9201495167923217e-07,-7.281579619063222e-05
2023-09-21,-0.01704210228689118,-0.01703352966244631,8489071729.18165,-0.01770869500722976,0.011415118664398127,-0.004318569118495607,-0.007956736037021902,-0.49291611092827214,0.003638166918526295,0.0003017933916805687,-0.0001861714162023546
2023-09-22,-0.017344697642167617,-0.017272799922425364,4616219481.9717,-0.0018840435405591102,0.004406010031779428,-0.005117149528643368,-0.007963172696843034,-0.4711928238537321,0.0028460231681996656,3.2678165555676726e-05,-0.0001820781037415476
2023-09-23,-0.039978847953482055,-0.039973910708056004,1536234764.7418,0.0016578065746023153,0.002558421195333153,-0.006888252133418672,-0.008406086121159818,-1.2242228586294015,0.0015178339877411464,-6.627719698230887e-05,-0.00041674614976207656
2023-09-24,-0.03707830718034655,-0.03656737211199268,3882520896.4162397,-0.012407271563427531,0.009253157575520922,-0.008925022994708568,-0.00970084962170397,-1.0186067577485902,0.0007758266269954021,0.0004600406262987446,-0.0003902160635163762
2023-09-25,0.013818747126431719,0.013974702822429741,7028826209.263201,0.005412005406337827,0.008505578139092097,-0.006908308130616232,-0.008819299807575452,0.7487590651543902,0.0019109916769592195,7.478713415706378e-05,0.00014724629946798182
2023-09-26,0.020002158665169967,0.020031073999418725,4732077914.06044,-0.004947904955468935,0.00800564722535835,-0.005914165615006038,-0.008837818262026995,0.9164883729309775,0.0029236526470209565,-9.896877997947038e-05,0.00021520490225635666
2023-09-27,0.009810306342011188,0.010105094786623248,9328178302.68859,0.0035229436073449106,0.0266614910479978,-0.004972558562060237,-0.00876250280591114,0.5193370504528547,0.003789944243850903,3.456115601368355e-05,0.00011438197760955376
2023-09-28,0.024501632911608118,0.024454953204371632,11511420032.6491,0.024281950509057744,0.02111901604738351,-0.005382029083778479,-0.008352907705278127,1.0692998740741206,0.0029708786214996483,0.0005949474377507688,0.00029219240131798377
2023-09-29,-0.009188747865460534,-0.009090179463457582,7472678754.10716,-0.0019949668085190633,0.011852560545917332,-0.004752331094002315,-0.00872692636947923,-0.16020663310643107,0.003974595275476915,1.8331247003444155e-05,-0.0001077220264972537
2023-09-30,0.014262224764857834,0.01428985231751767,2489538716.4701,0.001738000623174082,0.0033786550984918956,-0.004440756098284585,-0.00869065764192758,0.670949745464316,0.004249901543642995,2.478775552917174e-05,0.00016801698151923405
2023-10-01,0.06693208593924127,0.0676649950451671,6597423569.0926,0.03448166180439361,0.03262174101802786,-0.0015350061911803099,-0.007315854934319012,2.1464016578962384,0.005780848743138702,0.0023079295512195264,0.000882682871145976
2023-10-02,-0.005373298023057416,-0.004948513995104209,16636546184.94729,-0.022925000782882385,0.01992448891443127,-0.0006456559040933626,-0.007454528692596217,-0.15009689370407983,0.006808872788502854,0.00012318286138525162,-7.027452547669415e-05
2023-10-03,-0.010280339829708773,-0.01017474554985065,7764002370.30097,-0.006320273849093554,0.010158259380393476,-0.002592654834485849,-0.007669252818461954,-0.2502256079037728,0.005076597983976105,6.497456298550323e-05,-0.00013190648778448925
2023-10-04,0.018035700725484105,0.018048480741863493,7725687370.0740795,0.012451203973941007,0.012321442991866594,-0.0027788183492624234,-0.006917231032406347,0.6806935367536473,0.0041384126831439235,0.00022456618854595838,0.00023056980805830096
2023-10-05,-0.010956087541047599,-0.010688442732881276,10248367834.29458,-0.008710638053128734,0.008465661574052312,-0.003619690457763944,-0.006774710434509771,-0.240164197647848,0.003155019976745827,9.543451304845883e-05,-0.00013822915576351682
2023-10-06,0.023758219440453532,0.02410774069742172,12148383610.73177,0.013396977570020648,0.008348810772874091,-0.003432213120251971,-0.00592110361811529,0.8853898149861524,0.0024888904978633193,0.00031828833294738446,0.0002971046519127824
2023-10-07,-0.018795122339424264,-0.018700873039078858,3267342158.1076,0.0018662502573362253,0.0047260620133311995,-0.0014783817856094924,-0.006031862541729576,-0.6153648213294624,0.004553480756120084,-3.507640190261637e-05,-0.00023501644981220216
2023-10-08,-0.004507678081303035,-0.004372152149518249,4975001729.5113,-0.005315368244889621,0.007255693821779951,0.0014708442045760892,-0.006080399722321055,-0.24992869839264434,0.007551243926897144,2.3959968931543125e-05,-5.7162812615031016e-05
2023-10-09,-0.016489715507563507,-0.016451007558903163,8665868960.69567,-0.012023889592948664,0.01470323415998705,-0.00015714166485862138,-0.0063404401873833815,-0.682666394243347,0.00618329852252476,0.00019827051868207704,-0.00020108440863508833
2023-10-10,-0.018216353244816186,-0.018156784580507623,6587799296.3111,-0.00874142882895772,0.006275143322741169,-0.0009628187526891942,-0.007360058439835997,-0.7115537604674966,0.006397239687146802,0.0001592369554127137,-0.00021171933157945877
2023-10-11,-0.03775990231254034,-0.037831856059955093,10465119996.4274,-0.005057079162997334,0.017195358338381234,-0.002470958280597682,-0.007744655164148199,-1.3820751044919077,0.005273696883550517,0.0001909548151815626,-0.000447997059998767
2023-10-12,-0.016874124746503405,-0.016797534388774737,5889875524.20162,-0.003437846913656539,0.00663584977301748,-0.002462959350103026,-0.007735995890402354,-0.564511996012174,0.005273036540299328,5.8010657680422155e-05,-0.0001963603994153935
2023-10-13,-0.006654434940988274,-0.006591580671906905,6531230809.70284,0.0029951924039334117,0.007091885784596859,-0.001953899221475438,-0.007646792557903103,-0.18562536409876904,0.005692893336427665,-1.993131298771716e-05,-7.82872592371197e-05
2023-10-14,-0.010903442924043105,-0.010809159971080118,2208107023.81852,-0.003047189105008238,0.00439926882978885,-0.0005693561248354882,-0.00821251577317334,-0.43249220011090406,0.007643159648337851,3.3224852485223315e-05,-0.00012923124332672357
2023-10-15,0.05960319039578765,0.05992818880098727,4324470125.81482,0.009938761195927815,0.007029679704587277,0.004034524712123283,-0.006514309774532949,2.1579903553407136,0.010548834486656233,0.0005923818758591517,0.0007001261186386323
2023-10-16,0.030072877599485848,0.030099715913326275,23288253085.66756,0.04541984127536852,0.02911841153699934,0.0048085309251258606,-0.006066982961979491,0.9607142059275348,0.01087551388710535,0.0013659053272622327,0.0003827681043450509
2023-10-17,-0.015446353283100955,-0.015405399752339233,8911627202.91139,0.004307779366559587,0.007037988152910348,0.003120506546636769,-0.005839165702700751,-0.7030000194681774,0.008959672249337521,-6.653948196153223e-05,-0.0001958896982147181
2023-10-18,0.005687264208408704,0.005914460945192879,8454733708.39205,-0.006721252798154433,0.0069618006933459,0.002924171206941413,-0.005003209060015139,0.10476588439428199,0.007927380266956552,-3.822554047461056e-05,6.679042177571638e-05
2023-10-19,-0.0011629372447636843,-0.0010158348776295734,9523779728.80222,0.01579476535838624,0.009686305174452707,0.0017020488185427558,-0.00394628222751888,-0.11055426200126586,0.005648331046061636,-1.836832090757058e-05,-1.3024249307888108e-05
2023-10-20,0.03933524766086327,0.03935977047330219,16251872830.69389,0.014614074254585482,0.022877574799125375,0.004012715272177223,-0.002892983520599217,1.3065846323837667,0.00690569879277644,0.0005748482301383657,0.000461183893169807
2023-10-21,0.031395154771517886,0.0315512577725785,7714008513.63393,0.010234361365106547,0.012282923125193865,0.004828569082018177,-0.0017876147339889958,0.962160348172006,0.006616183816007173,0.0003213093590451631,0.0003814026681384501
2023-10-22,-0.0059445095923591484,-0.0058203275371515595,5938982672.49338,0.0028190390521409896,0.007340573249198719,0.001358255009084824,-0.0015775974852944776,-0.3078556881272672,0.0029358524943793015,-1.6757804686687156e-05,-6.506022763130975e-05
2023-10-23,0.04150901071350699,0.042050523692335195,31143119218.83396,0.07370336709156906,0.05705397304287413,0.0035907459013021768,-0.0005324112178240726,1.5037821616090754,0.004123157119126249,0.003059353854225479,0.0005276900196793036
2023-10-24,0.0049798498321240725,0.004934699613230675,31438800457.07022,-0.0045331540045847,0.030345022324595742,0.004317421599484693,-0.00025488300672813245,0.026481642537624812,0.004572304606212826,-2.2574426208723687e-05,6.80941495980614e-05
2023-10-25,0.004247295980139176,0.004506398344338081,16013137764.07121,0.014136337365236803,0.023034344209798458,0.003660830897325411,-0.00038322286332531213,0.023631859747231216,0.004044053760650723,6.004120886526151e-05,6.024396258635397e-05
2023-10-26,-0.02582183909312008,-0.025722489047632413,11632500642.20401,-0.01825767707622524,0.016655003723829775,0.00295293796627434,-0.0006466648939502785,-1.1302738176238896,0.0035996028602246185,0.00047144679967643524,-0.0003763285976515258
2023-10-27,-0.03666909116866213,-0.03650693857700571,9431378767.25107,-0.006789495200093728,0.012152676696212126,7.544698488788042e-05,-0.001091332079349293,-1.3925179714069784,0.0011667790642371735,0.0002489646184814308,-0.0005410590274933138
2023-10-28,0.005837229490160745,0.005918854942633889,4721192040.5172,0.0005311414824575053,0.004519485940161637,0.0012484161196300238,-0.0008132222348968697,0.17614265459056858,0.0020616383545268933,3.100394724848646e-06,8.607194916857202e-05
2023-10-29,0.011407151492445644,0.011296777885773324,6052162692.45699,0.015986421239168266,0.009020532027025562,0.0020062651469513896,-0.0008388743307751789,0.3600866044137626,0.0028451394777265684,0.00018235952889724303,0.0001691610138624304
2023-10-30,-0.024130859606873667,-0.023924033892524288,9712557953.95943,0.006029660372727251,0.014552827372256119,0.001642401142222334,-0.0011155573651601665,-0.9751802220897491,0.0027579585073825006,-0.00014550088793141084,-0.00035767291886932304
2023-10-31,0.00886512010819196,0.00899442832101105,9367740893.9104,0.012530782667997184,0.014639457420367792,0.0029319951114131983,-0.0013826637413818104,0.22758390555520455,0.004314658852795009,0.00011108689340144514,0.00013493174716209402
2023-11-01,0.003521958484228316,0.004003401274201179,16310840373.519041,0.02883948226406874,0.02649574456700048,0.00489779800649742,-0.0009242780944903271,-0.05650772213253647,0.005822076100987747,0.00010157145924068893,5.516583247128606e-05
2023-11-02,-0.04585810492675335,-0.0456647800037282,14411069440.58643,-0.01809230255203601,0.024919173006984218,0.0035176084741045653,-0.0010879733314980227,-1.8716849318212503,0.004605581805602588,0.0008296787087978349,-0.0007582193292928564
2023-11-03,-0.02497776828936682,-0.025006689231954593,10557775671.82227,0.0005880623515543181,0.01880156546229909,0.002645068790848444,-0.0014753266530901207,-1.0219824606554624,0.0041203954439385645,-1.468848515682393e-05,-0.0004269108940289465
2023-11-04,0.04405373862868167,0.04444390943894705,4903087436.09509,0.01060070469128587,0.010251113196772568,0.005262077436216291,-0.0007318436073459567,1.3715659122186057,0.005993921043562248,0.0004670006737497473,0.0007652263947707977
2023-11-05,-0.012751108333546424,-0.012443251181753823,8104514852.65571,-0.007582775220523435,0.007806734295422703,0.0018166346395813344,-0.0010246212143346504,-0.5687637706688704,0.002841255853915985,9.668878830582569e-05,-0.00022196232560106532
2023-11-06,-0.003664852922985684,-0.0035894434527052876,7084946768.0661,0.0018415343896589585,0.010787513372670388,0.0002100760432731663,-0.0006299003874057352,-0.15626531002211136,0.0008399764306789015,-6.748952690720292e-06,-6.0596132276930065e-05
2023-11-07,-0.0022423749937959814,-0.001778057949217815,12064060090.68823,0.013492104552130213,0.02330771877300937,0.0008388369141924508,-0.0006516073847256061,-0.1255259556749913,0.001490444298918057,-3.0254357861377716e-05,-3.8813595777708454e-05
2023-11-08,0.002801871509144016,0.0030962166619217246,11899393604.89829,0.009558061611012202,0.012065573851193171,0.0007014372618465133,-0.00044898336442410355,0.08564118337119374,0.0011504206262706168,2.6780460510538246e-05,4.917896048771771e-05
2023-11-09,0.020966904086281657,0.021355113807653314,28650466494.87653,0.007215610397806319,0.024907440586446467,0.0017552392299915295,-0.0006415803450813978,0.7711123446310225,0.0023968195750729273,0.00015128901113478172,0.0003832120770730446
2023-11-10,-0.02604689353335854,-0.025905250920049694,10630062333.49894,0.015536458007437115,0.01889022083613636,-0.0013581960649714138,-0.0006992706289321688,-1.0264036437867112,-0.000658925436039245,-0.0004046764676052103,-0.0004711134093754639
2023-11-11,-0.02380534441488702,-0.023619200730767065,5903428289.9594,0.002637880556327267,0.0034379598933361195,-0.003986791264324029,-0.0011996594268634786,-0.850593381175878,-0.00278713183746055,-6.279565516870436e-05,-0.00042054368845140683
2023-11-12,-0.004118200140306061,-0.004045673126080174,4409373212.1171,0.0018622984519147312,0.005103827430120621,-0.0038998241475595957,-0.0013588584432183603,-0.009374204932034422,-0.0025409657043412356,-7.669317745967007e-06,-7.23132231705042e-05
2023-11-13,-0.028039427522905558,-0.02777439425478223,9473874020.94803,-0.012396059449863642,0.011454502414740834,-0.007211654539769717,-0.0014221881808536342,-0.9740715305101213,-0.005789466358916083,0.0003475784105140801,-0.0004314712947441966
2023-11-14,-0.052916113091033834,-0.052460769642660665,14314693961.9118,-0.025378972063278063,0.028560187398938442,-0.009968605155158189,-0.002747946130053115,-1.8375965789081636,-0.007220659025105073,0.0013429565558346103,-0.0008097767967568784
2023-11-15,0.029586957456819274,0.029776929564369947,15581195427.046669,0.06762201253364711,0.037176894166202,-0.008761954608649612,-0.002626647353528875,1.5491143298069674,-0.006135307255120737,0.0020007296079775166,0.0004726955361181354
2023-11-16,-0.03525580994644539,-0.03502772127856901,15963485688.09104,-0.035408873741400254,0.027958574782657883,-0.009211191315950818,-0.0032926479358134737,-1.0350489425444171,-0.005918543380137344,0.0012483685230444883,-0.0005822408428067188
2023-11-17,-0.007319105674215676,-0.007096773004457213,11629773626.22051,0.0034437565746684696,0.01607988238850092,-0.007813572959072415,-0.003723446364812169,0.020295204688761934,-0.004090126594260246,-2.5205218286273534e-05,-0.00012224193564451115
2023-11-18,-0.015038630745830228,-0.014939585142497824,4446623778.62677,0.005372392858635938,0.007683796054696211,-0.008807661541738652,-0.003012542402572707,-0.2574324592186933,-0.005795119139165945,-8.079343242256116e-05,-0.00025343762182266364
2023-11-19,0.0484330512689215,0.048616974002918534,5695092295.31787,0.02295523481256275,0.016496126833858774,-0.007044523457144564,-0.001189138035205695,2.05899929098054,-0.005855385421938869,0.0011117920645669834,0.0008334563206447958
2023-11-20,-0.02386829192819806,-0.023623067402798847,11585755433.13282,0.00886399420362653,0.01045052956845485,-0.007032020234350488,-0.0018489202523289249,-0.6250545270940788,-0.005183099982021563,-0.00021156840130201352,-0.00040607299671025914
2023-11-21,-0.04703113048585339,-0.046450533805462935,16617512774.69305,-0.04776495718848673,0.03541760673493315,-0.009693746453114552,-0.0025748566981301825,-1.3322443985082466,-0.00711888975498437,0.00224643993418292,-0.0008466783422693791
2023-11-22,0.028541307852921527,0.028790784258634572,12443659325.49277,0.028042741631170993,0.02242307472002255,-0.00850234886412916,-0.002025169712743141,1.2718403975334178,-0.00647717915138602,0.0008003765219351902,0.0005082799409932246
2023-11-23,-0.0063915598048100986,-0.006285808300723339,6912924978.37547,-0.00044768938075240836,0.014552146569517373,-0.006622989572608053,-0.001856113482868838,0.00831284358211054,-0.004766876089739215,2.861433451057417e-06,-0.000110669246052763
2023-11-24,0.005006553211146514,0.005218593890778722,13275238103.95441,0.010458597896361202,0.01915000753484797,-0.005195164739250276,-0.0015013317232924232,0.36936480759042023,-0.0036938330159578528,5.236152688211735e-05,8.677106062483626e-05
2023-11-25,-0.011872054318300518,-0.011827673568490238,3116830221.06905,-0.0006432187628707919,0.005202997721935385,-0.007858297736725618,-0.0010551921417816053,-0.15911162825340458,-0.006803105594944013,7.636328091352102e-06,-0.00020290658963115785
2023-11-26,-0.03716028078580069,-0.03719795219278821,6511523445.8511095,-0.007533408255806313,0.007736591052565132,-0.00902063928207106,-0.001056493310122147,-1.0817596172826922,-0.007964145971948913,0.00027994356605983166,-0.0006349863359540066
2023-11-27,-0.026690364746554285,-0.026564077924186025,9864595980.225359,-0.0016503403043486675,0.014558941133734503,-0.010117092226050516,-0.0016994950858838296,-0.631124740902875,-0.008417597140166686,4.404818467900535e-05,-0.00046087218801551107
2023-11-28,0.012373439838095024,0.012424362514338094,11989725382.60476,0.018475943273856658,0.019475465160861002,-0.009421101043579516,-0.0018205858609167654,0.8172072300838295,-0.007600515182662751,0.00022861097255112177,0.0002113986563579679
2023-11-29,0.003003246381888758,0.003163538952748679,9929131546.05138,-0.0026657814116523575,0.008585935782724135,-0.009411511763925004,-0.0019286344317123595,0.46542211646979403,-0.007482877332212644,-8.005998379451249e-06,5.081245593211686e-05
2023-11-30,-0.010246543063691216,-0.010122916397012682,7217490282.26007,-0.008388024040536379,0.010322451119826501,-0.010897866390114188,-0.0024801927805266346,0.025293677246609587,-0.008417673609587555,8.59482495506332e-05,-0.00016624660873123192
2023-12-01,0.024645913237670847,0.024828026344871468,13165741479.13575,0.016424892847797024,0.014721906860894645,-0.008483923210541361,-0.0019431346677785174,1.2445155092337221,-0.006540788542762844,0.0004048064840648459,0.000394979402085213
2023-12-02,0.043545722326721936,0.04394364635957082,8343797522.28991,0.01707148009378711,0.016362926056907028,-0.00527672955617903,-0.001478317246161627,1.7034209953943282,-0.003798412310017403,0.0007433899318702145,0.0007246720924321882
2023-12-03,0.019437210350377043,0.01968548048642127,8809720241.44514,0.015215331643524716,0.014107750766190535,-0.004155043342336977,-0.002232204160270583,0.8089091876968573,-0.001922839182066394,0.00029574360170593795,0.0003318008582152057
2023-12-04,0.02790755234494835,0.027726353102037082,24973172580.45416,0.030768756408450885,0.026556880080894584,-0.0014909014438677435,-0.0017039366941117612,0.9989700837210784,0.00021303525024401766,0.000858680680057808,0.0004964629605977304
2023-12-05,0.021197486306823388,0.021406178758947236,24684026724.285023,0.05238313345836527,0.03991968462153779,0.002038317575077838,-0.0012042886601985523,0.701239346982091,0.0032426062352763907,0.0011103907541921997,0.00038856018935292216
2023-12-06,-0.013881324615992008,-0.013681131093750909,16855439556.37356,0.00039071202621981786,0.008275088826580713,-3.160061886555604e-05,-0.0017109081100632525,-0.5173316757567495,0.0016793074911976963,-5.423600467329272e-06,-0.0002353468624569782
2023-12-07,-0.030837023327487723,-0.030735033518515253,15052072255.7809,-0.014794400329251998,0.02184851061947552,0.00017881779156099972,-0.002026478519371826,-1.1705541161287865,0.0022052963109328257,0.00045621526806933593,-0.0005138451026900858
2023-12-08,0.007428021126661966,0.00744520763879275,12354864659.75649,0.018415742961433522,0.014575821931621848,0.0008810619249361255,-0.0022856880164161364,0.24720915620833586,0.0031667499413522617,0.00013679252778070458,0.00012324298161521836
2023-12-09,-0.02833986346737638,-0.028159284850515,8331208461.23936,-0.010026326949626655,0.011965133386016314,0.0002476698905767849,-0.002437191843843948,-1.0573662988670358,0.0026848617344207328,0.0002841447368316957,-0.0004759822808917029
2023-12-10,-0.008028605865117888,-0.007869781875877502,6336935031.6078005,-0.0013845694593448731,0.007943366182600688,-0.0024409804491393764,-0.0024930795864441836,-0.22610333697318025,5.2099137304807176e-05,1.1116162481959351e-05,-0.0001315746343097113
2023-12-11,-0.03805720841121274,-0.03852747983734783,25927086771.59747,-0.02492956660378823,0.030786855263480028,-0.0031166431388067422,-0.002835420743644965,-1.369736137704452,-0.00028122239516177724,0.0009487497118415777,-0.0006605447259789405
2023-12-12,0.001177255522040399,0.0012172939898407176,14804780111.22747,-0.005891319742631308,0.014217087846622612,-0.0008210057098594189,-0.0025275856838535907,0.08523155271896965,0.0017065799739941717,-6.9355886991183296e-06,1.9244687017218584e-05
2023-12-13,-0.001672600904716659,-0.0015731463922239453,16618328876.25431,0.04817402749001311,0.03012244700161612,-0.0022597632697469515,-0.0019547713757928973,0.02614320265202315,-0.00030499189395405413,-8.057592196364113e-05,-2.795537327867581e-05
2023-12-14,-0.009759277014597889,-0.00936127491561789,15456710755.29236,0.007124621872378655,0.02616611179907391,-0.0024201307559273224,-0.0018418372848102702,-0.32614912129248236,-0.0005782934711170522,-6.953115847680638e-05,-0.0001685110943331271
2023-12-15,-0.022767668586305523,-0.022805274577498258,10899991321.40501,-0.019946050289373563,0.02154562232940688,-0.0037427127462821815,-0.002097602898228004,-0.8323284228114008,-0.0016451098480541773,0.00045412506259424066,-0.0003957211349906519
2023-12-16,-0.004616851433924873,-0.004519909965861824,6792519091.8989,-0.0015855034931033202,0.009972015591176338,-0.003397226894645246,-0.0019978157317181913,-0.053531740478412734,-0.0013994111629270548,7.32003407562696e-06,-8.129321081047855e-05
2023-12-17,-0.03091774142719461,-0.030609697391182245,9421985303.21506,-0.013215348364582595,0.019658652690537518,-0.0030999631156640043,-0.0034346559193845763,-1.244231376526974,0.000334692803720572,0.00040858872360646385,-0.0005619500544087899
2023-12-18,0.006397503048031883,0.006779163476085648,15562426218.22632,0.0373575137420244,0.02520145214709458,-0.0015243503635408533,-0.003810455515439401,0.3638891177491327,0.0022861051518985476,0.00023899480803149406,0.00011952094432093482
2023-12-19,-0.0023327763101723686,-0.002172112816642646,13457649560.469841,-0.01877842117329296,0.012169378850539609,-0.0022246463706012054,-0.0036023034999960904,-0.0050209335748688496,0.001377657129394885,4.380585605549703e-05,-4.2770351660679335e-05
2023-12-20,0.019063821998716923,0.01894182773743469,16393157759.03438,0.0291847836228788,0.030628284696479893,-0.0014598570555141497,-0.0033899771858642135,0.9324409631975841,0.0019301201303500639,0.0005563735200576303,0.00036953623817205175
2023-12-21,-0.006796043458494827,-0.00661052199091039,12123140366.35172,0.004971754428078226,0.00985867936824691,-0.001295547550504798,-0.0034793915702091525,-0.2505391498821897,0.0021838440197043544,-3.378825915818372e-05,-0.00013158552965670536
2023-12-22,-0.012992262674986321,-0.012772270477753311,10452147024.44062,-0.0010244936638072592,0.013157737812552745,-0.0030878416415837107,-0.0043099869723654954,-0.465954571465377,0.0012221453307817848,1.3310490789043039e-05,-0.0002505894961967364
2023-12-23,-0.024526277562013865,-0.02445709299862886,5275597701.970301,0.004171046194588833,0.00479760337484363,-0.006329365445809225,-0.005197628755437428,-0.9657390154951241,-0.0011317366903717966,-0.00010230023669246742,-0.0004595455518499033
2023-12-24,-0.04543330497391429,-0.04525856592092092,7820621575.19171,-0.019785120302956025,0.015417622417849802,-0.009418437604108812,-0.005824435031335128,-1.8277198776086732,-0.0035940025727736833,0.0008989034046697846,-0.0008541115973573875
2023-12-25,0.026655397081706722,0.02669690467094754,7998973036.5610695,0.009894728309308877,0.01142125504916613,-0.009478064045215557,-0.006060206676284339,1.844696064181636,-0.003417857368931218,0.00026374791210023274,0.00048188948419724257
2023-12-26,-0.06109281176208925,-0.061187339025383536,12579682837.18391,-0.022073190261652748,0.02082512854724697,-0.01339664966754473,-0.007108979082541694,-2.2392025256836496,-0.006287670585003036,0.0013485132576439328,-0.0010489166113497397
2023-12-27,0.008984444726174656,0.009089829365846791,10800417570.90282,0.027509506367427387,0.016037840795608296,-0.012307803508393935,-0.007033786245303035,0.9743935967465157,-0.0052740172630909,0.0002471576394025011,0.0001575771525535282
2023-12-28,-0.014834682640186947,-0.014766796116468694,11056852869.47034,-0.019634566068469316,0.017334196635623102,-0.011545787285189138,-0.006859386936526319,-0.15333822669831632,-0.004686400348662819,0.00029127255640352544,-0.0002569948367176078
2023-12-29,-0.03673752736800262,-0.03636971648614584,14290101442.75712,-0.015159449693764423,0.022611681390295745,-0.013648908642077927,-0.006860473225404739,-1.0659850567545504,-0.006788435416673188,0.0005569206980085295,-0.0006504959204177956
2023-12-30,-0.006695249954769444,-0.006633228306461403,7750535197.76647,0.0037891026211858835,0.012539195313220402,-0.012618212760525216,-0.0070594014705623615,0.2762672362973241,-0.005558811289962854,-2.536898915311157e-05,-0.00011873299363456367
2023-12-31,-0.015149172498611807,-0.014976952927945653,7373114617.21853,0.002475055508827603,0.012504068232759229,-0.012957287362120165,-0.007480930422801368,-0.10233208790544136,-0.005476356939318797,-3.749504284686878e-05,-0.0002719441785363032
2024-01-01,0.039215277065651755,0.03985698515449121,8897557996.51846,0.0429719693814373,0.023839326313657695,-0.009277645196555188,-0.0064754361899041395,2.0693078401003695,-0.0028022090066510486,0.0016851576853497675,0.0006909832437966778
2024-01-02,-0.013599023674984667,-0.013570064511111868,20799115632.46685,-0.010069233046657302,0.0072038771700927645,-0.009981277539270668,-0.006832009900748213,-0.15509273231083015,-0.0031492676385224553,0.00013693173859043064,-0.00023507672364279095
2024-01-03,-0.04091435969198731,-0.04081074574837973,25726152649.43654,-0.055564489823977076,0.03597605130550027,-0.01184993271961689,-0.007537348284497667,-1.2018276032258937,-0.004312584435119222,0.002273385522759967,-0.0007186622512332629
2024-01-04,0.0021838680952821488,0.0024269628566182533,14582787988.83859,0.023474836717760843,0.02391872998443077,-0.011281211523908315,-0.006774777284147897,0.5524175023959957,-0.004506434239760418,5.126594694987582e-05,3.812601080662143e-05
2024-01-05,-0.00586182880971764,-0.005619338616182912,16383172715.24129,0.015438390508687382,0.015744657620808022,-0.010476171534546988,-0.006471349673359815,0.1902400229487921,-0.004004821861187172,-9.049720225949507e-05,-0.00010071666844453737
2024-01-06,3.18241012560172e-05,0.00010363037752858517,6067670136.35873,0.0007032117036577747,0.007959954923264677,-0.010254806032871707,-0.00717011022141419,0.42275076412984613,-0.0030846958114575168,2.2379080461621383e-08,5.437456463686086e-07
2024-01-07,-0.014656817746843687,-0.014525400654173404,7960341657.87697,-0.00046212983483450245,0.009182233296329171,-0.009480476333807377,-0.0072003595771808135,-0.21661035085985608,-0.002280116756626564,6.773352764548277e-06,-0.00024311400061825635
2024-01-08,0.019490820483113902,0.019855555497999555,22401426143.93918,0.07676196658520248,0.048576937676575775,-0.0088569850273749,-0.006832809205655424,1.1572744740583611,-0.0020241758217194768,0.0014961537106429694,0.00034499164418683593
2024-01-09,-0.005161961753701205,-0.004543643032605127,23864636393.45204,-0.017600199820480757,0.01787514999099299,-0.008991708143733417,-0.006879151852638046,0.15653723343353085,-0.0021125562910953707,9.085155833082049e-05,-9.27703371125862e-05
2024-01-10,-0.018207654103033488,-0.017754024623303555,30628280360.85305,0.011407881552332945,0.022623814835810763,-0.010766540339054866,-0.007212636386164673,-0.3144053116060065,-0.0035539039528901927,-0.000207710761353255,-0.00032028628452426627
2024-01-11,-0.011379516417288515,-0.011056130691614485,28052864785.47425,-0.0035458814708153167,0.024667342049692686,-0.01098480095614028,-0.007726071632253089,-0.016689909579720726,-0.0032587293238871906,4.035041641090204e-05,-0.00020819876792646218
2024-01-12,-0.04603632672439417,-0.0454572336000193,25506347481.11302,-0.07229745381362179,0.04279439215837199,-0.012558327815635891,-0.008043364222586988,-1.3467380320670228,-0.004514963593048904,0.0033283092051056905,-0.0009072467891019997
2024-01-13,-0.01473406854192394,-0.014778196788031828,8903288166.33136,0.005166615761135486,0.021691708281351144,-0.012092032148012561,-0.00789937571666694,-0.10690320497365759,-0.004192656431345622,-7.612527075435476e-05,-0.00030222041763385774
2024-01-14,-0.04773769597291089,-0.04744677988751911,7710193172.30398,-0.022655100772964832,0.024386772431148267,-0.012201765052726684,-0.008591748666390824,-1.428619026189432,-0.0036100163863358598,0.0010815023129354536,-0.000999568963655334
2024-01-15,0.010810206973122627,0.010889304434148928,10237828482.80086,-0.0013351074064890157,0.022597210982293305,-0.012956297915040212,-0.007975087801374504,0.9962406447638781,-0.004981210113665709,-1.4432787395495224e-05,0.0002321055781031086
2024-01-16,-0.007707197959043177,-0.007649599379902727,12326619430.2348,0.0049620972795334384,0.009424570251934751,-0.010414125829180877,-0.007257485973882589,0.1279112470292424,-0.003156639855298287,-3.824386602539382e-05,-0.00016129686707478316
2024-01-17,-0.003031962188442261,-0.0029422121438307247,8935030009.19649,-0.0013710870989540602,0.008259715596664496,-0.010986335682257872,-0.007775246603172455,0.38296248631452534,-0.0032110890790854165,4.157084241089704e-06,-6.23301526857611e-05
2024-01-18,-0.04504606644733722,-0.045047381146225085,14029461752.96119,-0.030291732646685273,0.04084889620759665,-0.012424973006407885,-0.007930647500012008,-1.4789488326996614,-0.004494325506395877,0.001364523401607559,-0.0009764835013479403
2024-01-19,0.0034155867810454765,0.003664325517566569,14252164353.07918,0.014808279108478595,0.027533253562352044,-0.01051291995169131,-0.007760255556277703,0.6454602659292678,-0.0027526643954136065,5.057896237295138e-05,7.484166389250262e-05
2024-01-20,-0.011219006784695229,-0.011208548303091037,3989874076.29828,0.0012912549286147538,0.002697522858441883,-0.010728336943592537,-0.007699626604513656,-0.02275650283429019,-0.003028710339078881,-1.4486597804900076e-05,-0.00024057086442361324
2024-01-21,-0.007476241860438493,-0.007443699999924225,2795034232.08641,-0.0023397330311413535,0.00450997798033626,-0.010362959294155713,-0.008587075701805084,0.1339662827699519,-0.0017758835923506293,1.7492410029669626e-05,-0.00015746820017086894
2024-01-22,-0.03465075099999215,-0.03438086194882928,18601094756.09346,-0.04043311005862918,0.025618837362389412,-0.013880389202043517,-0.008758225845801815,-1.0978642829206275,-0.005122163356241702,0.0014010376287968379,-0.000732767032330096
2024-01-23,-0.001514904241461057,-0.0013501239578533886,16262676717.26893,-0.0027562881934960256,0.032030287161711565,-0.013304954943304298,-0.008035746064144795,0.6169355768829756,-0.005269208879159503,4.1755126750161635e-06,-3.382694724383902e-05
2024-01-24,0.008428340404737611,0.008589724557048761,10898797410.02247,0.011733114565954546,0.014727273614840308,-0.01095530255774597,-0.00835499951570327,1.0436959032746358,-0.002600303042042699,9.88906835696501e-05,0.0001796718444555512
2024-01-25,-0.001402978713664682,-0.001288253402065176,8134002285.16447,-0.0012381796091600846,0.010927570420599655,-0.011126104786743437,-0.008275815688859692,0.5266732163314849,-0.002850289097883745,1.7371396353452544e-06,-2.9040194881111817e-05
2024-01-26,0.032067117230747844,0.03175787200540614,14627005545.1065,0.04274599809345687,0.03658674218142109,-0.009319964499102223,-0.007846282926643798,1.9974999725798517,-0.0014736815724584254,0.0013707409320082053,0.0006955818330627373
2024-01-27,-0.014508256254876284,-0.014342428640615634,4949330917.72336,0.007079262147767274,0.006233110461048761,-0.010012349277965666,-0.00788812740182754,-0.21788751957550842,-0.0021242218761381264,-0.00010270774933525348,-0.00031351189352635234
2024-01-28,-0.0013191391026848853,-0.0011575465392648088,8694654832.16972,-0.004482906955715243,0.014373799869089245,-0.009377221723481913,-0.007319220390984432,0.3894832649199824,-0.002058001332497481,5.913577858982037e-06,-2.8831662408465515e-05
2024-01-29,0.016537054536332585,0.016732171795810213,10615111402.26071,0.022930155145395478,0.016315696197877046,-0.009517877244757214,-0.006633070878557656,1.2714564943026054,-0.002884806366199558,0.00037919722616597224,0.0003360358181100418
2024-01-30,-0.012044058037667615,-0.011743385371654091,11174336066.699749,-0.013529294135215362,0.01591450798692612,-0.009845596115422281,-0.007020650209918968,-0.1073778599629447,-0.0028249459055033127,0.0001629476037732099,-0.00024361286922783832
2024-01-31,-0.0010753919478035945,-0.000896525141396709,13443352429.15163,-0.008364725269620787,0.026060377194847068,-0.009029774108030382,-0.007085390500866466,0.3886719748331229,-0.0019443836071639164,8.995358200539445e-06,-2.1927731621461028e-05
2024-02-01,0.001665045045184943,0.0018642054504780514,11658501786.30592,0.025265065986759504,0.020182613916909214,-0.008408604514579265,-0.006896317673741447,0.4892911593014104,-0.0015122868408378176,4.206747293752455e-05,3.359544235153817e-05
2024-02-02,-0.00025256651954308484,-7.951450432519547e-05,8854896870.13836,0.003802784393879593,0.005932005157664601,-0.006228425457205404,-0.007291531638141668,0.31877752248325564,0.0010631061809362645,-9.604560189349284e-07,-4.652665561511816e-06
2024-02-03,-0.028771512456313153,-0.028632488423137814,3867372627.98708,-0.0037818814468204825,0.004481825073355849,-0.006896875167414414,-0.0084394242537454,-1.1330175224534993,0.0015425490863309865,0.00010881044915549512,-0.0005064369383599654
2024-02-04,-0.02985432259856069,-0.029627263409073512,5453304864.80739,-0.01040833830232457,0.010245409682064988,-0.006045285959112023,-0.009221829538649173,-1.3416272871636836,0.0031765435795371496,0.0003107338893925532,-0.0005053927438116381
2024-02-05,0.0027218611942332327,0.0027751456150335585,10308099591.89269,-0.0003536262535257268,0.015848871290152167,-0.00643044528191628,-0.009621602414057349,0.5245617843597151,0.003191157132141069,-9.625215767337586e-07,4.520270890362475e-05
2024-02-06,-0.004732729175380701,-0.004622670274400331,8429315912.62482,0.005803838712775823,0.010732836620140547,-0.006288803911265686,-0.010033193135997097,0.08917988631277997,0.0037443892247314104,-2.746799680515811e-05,-7.889259642828224e-05
2024-02-07,0.03610635862800127,0.036270563492643015,10954644814.287819,0.035435096929108865,0.021190368968291646,-0.004425074348577899,-0.009239737846409902,2.052000214015745,0.0048146634978320025,0.0012794323177403911,0.0006241100725593964
2024-02-08,0.003629693114147514,0.003674852628905212,13472865468.768011,0.016605294862699054,0.01697079445136106,-0.0021071810361262453,-0.00869264710924109,0.3283594140468802,0.006585466073114844,6.027212442152785e-05,5.861326650054832e-05
2024-02-09,0.024985454524829143,0.024907935487803456,24408544252.73436,0.02296301304580963,0.023614485972620204,-0.0010800444768984516,-0.008413957690222563,1.415026420307284,0.007333913213324111,0.0005737413182091348,0.00039880939482129016
2024-02-10,0.01542055540948728,0.015520125452033628,8517076446.276999,0.007690930080743511,0.00854888650284516,0.00018850610377690603,-0.007719347866780283,0.8187631224947839,0.007907853970557188,0.0001185984134605978,0.00025043442991065456
2024-02-11,0.00183378432134651,0.0018946328498001819,10111698916.38982,-0.004414361566476695,0.010660730823098027,0.0006318406838619062,-0.007562801990804657,0.06489030730122046,0.008194642674666564,-8.094987029359582e-06,3.0318308176164245e-05
2024-02-12,0.017805299245566175,0.017975243748045155,22160439674.1704,0.0368100186699034,0.04324492690171889,0.0031297478384123027,-0.006676095520062135,0.8632047310058844,0.009805843358474437,0.0006554133976525078,0.0003093230872042027
2024-02-13,-0.01990313878517258,-0.01974540403381353,18877386934.6482,-0.0023595582054671753,0.0294741141763457,0.0022541176220450872,-0.00701070495350996,-1.2510356309166049,0.009264822575555047,4.6962614435105946e-05,-0.0003433452063162495
2024-02-14,0.02400530885521346,0.02394226324171478,20230765100.11763,0.04537244802875515,0.03533893534064288,0.002995878024448699,-0.00660311908430472,1.1481144067592994,0.00959899710875342,0.0010891796284473883,0.00043767234607795206
2024-02-15,-0.01097792439553369,-0.010811939639446377,20470765163.492058,-0.009233041932047223,0.01731711002941785,0.0025399282300739845,-0.006622462693525922,-0.7294344247631691,0.009162390923599908,0.00010135963627080672,-0.00020349315748057262
2024-02-16,1.74698006936147e-05,9.478273284613259e-05,13526420001.52013,-0.003088310251478474,0.016572440906075906,0.001013754542928545,-0.006260793830240222,-0.05774099584888253,0.007274548373168767,-5.3952164573376036e-08,3.0718052959849256e-07
2024-02-17,-0.006897180764381394,-0.006800162127085452,11434408252.82568,-0.006061384583934185,0.017273544411971247,0.0013761867091425875,-0.006296989533898263,-0.48695688708597906,0.00767317624304085,4.1806465157828785e-05,-0.00012490278109441355
2024-02-18,-0.009119950760345885,-0.008921367305465888,8636668534.04451,0.01268944128831281,0.008831398930264533,0.0010047194873492064,-0.005950992856646695,-0.5908261793986327,0.006955712343995901,-0.00011572707972571289,-0.0001627485094201186
2024-02-19,-0.010935384242308444,-0.010878133057752648,10243057368.09604,-0.005585198192900925,0.009533977961484377,-0.0003034918830622711,-0.006226118051731462,-0.6276606282185383,0.005922626168669191,6.107628830881837e-05,-0.00019161405306835215
2024-02-20,-0.014640521306838905,-0.01448310325423463,20209071433.34851,0.013252518407418732,0.017780801409362782,-0.0004271329911180468,-0.006421479083424582,-0.8342127102290596,0.005994346092306535,-0.00019402377811308873,-0.00025783802428684454
2024-02-21,-0.018104371089142757,-0.017987208797985987,15814919137.63912,-0.0031697394618462184,0.021744006106918297,-0.001238036759753245,-0.007011450402279498,-0.9654324967250378,0.0057734136425262525,5.73861394731636e-05,-0.00031511958346311305
2024-02-22,-0.013468970302674688,-0.013407654949627701,12596855772.34223,-0.005736008498745239,0.007818878781996295,-0.0019587041572703703,-0.007117369875996638,-0.6519307614567857,0.0051586657187262675,7.725812812548923e-05,-0.00022650725636127507
2024-02-23,-0.03945687101570727,-0.03928645386117968,11000943935.5279,-0.007022489743409148,0.012213306712579199,-0.0038255757999448555,-0.00753744302426205,-1.8321360901206585,0.003711867224317195,0.000277085472014822,-0.0006753469064654992
2024-02-24,0.021801847047529188,0.02192542683770271,5375932540.327681,0.014127828286225082,0.010118674019960604,-0.0014173205854761724,-0.006802075966967715,1.2008651033517028,0.005384755381491543,0.0003080127514100357,0.0003790142099970573
2024-02-25,0.0019585313993781828,0.002096832452308517,6314690489.48664,0.002140804595642195,0.004823348860741761,9.757722394948807e-05,-0.006049824595963074,0.10219726477833602,0.006147401819912562,4.1928330204983525e-06,3.3542409285383036e-05
2024-02-26,0.03977331157549835,0.04019077595866305,20859521852.00051,0.054967434822066716,0.046095797535924944,0.0018619320040097317,-0.005841603730982254,1.879939551737097,0.007703535734991986,0.0021862369116839573,0.0007384566163851605
2024-02-27,0.021669116588342696,0.021463719274644744,28943003745.31963,0.02304424216048728,0.016292465706763588,0.003119162754663227,-0.004527922328594445,0.9025050473291909,0.007647085083257672,0.000499348370065601,0.00040805938371210983
2024-02-28,0.014480986973208765,0.01469347010997879,61121395260.18302,0.0925657371806681,0.0484674793679946,0.00208938315205406,-0.00444067562626057,0.6412742388046012,0.00653005877831463,0.001340443234278721,0.000291506477538476
2024-02-29,-0.013766040509765154,-0.013650304904424204,36342923573.76713,-0.007087188036454639,0.027252054739001056,0.0012610148842486949,-0.0044237130527618115,-0.7657256677363554,0.005684727937010506,9.756251761015752e-05,-0.0002838540281306521
2024-03-01,-0.002833030859381136,-0.002774967374182702,18555341528.19973,0.02017962889602869,0.02008887484312224,-6.367489595179457e-05,-0.0038855464415138517,-0.14678015786666007,0.003821871545562057,-5.716951139330857e-05,-5.794111395833471e-05
2024-03-02,-0.0186429767995806,-0.01851230319584285,9880073062.421791,-0.005375605120095749,0.008361466243046015,-0.0016857478582883603,-0.004075192899367997,-0.8956090222783796,0.0023894450410796367,0.00010021728153765173,-0.0003811195588166658
2024-03-03,0.005323427065359043,0.005633837637352368,12480586261.48198,0.0188764436440959,0.014160359402112896,-0.0015195743942877636,-0.00375023100152719,0.3605103596193039,0.0022306566072394264,0.00010048737099270481,0.00010971430130323644
2024-03-04,-0.0015376575389681735,-0.0016415840218890754,41606992664.57328,0.07244084351024725,0.033327953156547206,-0.0024406675745036847,-0.0043971029793783,0.04892001581360653,0.001956435404874615,-0.00011138920915274538,-3.09645412484448e-05
2024-03-05,-0.0387215734562355,-0.038071465951336925,68785497181.28033,-0.06757188287916598,0.09548377455388367,-0.003336783511220967,-0.004795873610826726,-1.790731001187532,0.001459090099605759,0.0026164896264817676,-0.0009014689289299065
2024-03-06,-0.007637960248643272,-0.007688619440458955,35282709655.61008,0.04333568251573877,0.05617394145617412,-0.0048436058494998584,-0.004267676794265709,-0.14902050201600203,-0.000575929055234149,-0.000330996220403038,-0.00018539571997137582
2024-03-07,-0.002645413977458988,-0.0026168654782091627,19831473590.1586,0.01438591996246754,0.016471473918470723,-0.0044468196391153495,-0.0043443320652616,0.09631496320324254,-0.0001024875738537493,-3.805671374731791e-05,-6.410543750764751e-05
2024-03-08,0.008163655719737983,0.008575187834124032,31244040068.19154,0.014184865473643607,0.02254353678163874,-0.004058906023922761,-0.004121705326698813,0.6472407703191028,6.279930277605216e-05,0.00011580035815762447,0.00020014839194765931
2024-03-09,-0.03937287856706195,-0.03929993398711562,6480692325.8141,0.0009220151512410032,0.0021219138005886956,-0.005605367824050406,-0.004747176797624495,-1.6554903538001617,-0.0008581910264259113,-3.630239058680328e-05,-0.0009368973024851906
2024-03-10,-0.005452611124695639,-0.005329938383978883,16185393841.67323,-0.0029853165831694953,0.010197140793736001,-0.0054307326033051564,-0.004601078279812621,-0.0010734561134689794,-0.0008296543234925357,1.6277770412128363e-05,-0.00013010221628483525
2024-03-11,0.00404033207662402,0.004135851218339814,33718116318.4871,0.049671032327241287,0.03768663929948415,-0.004717603254784562,-0.004846324127534682,0.4284482509338708,0.00012872087275012014,0.00020068746519078163,0.00010182096420674766
2024-03-12,-0.018203318507985178,-0.017887789118940955,33679961862.9098,-0.002377484591341441,0.009957589527688358,-0.004887260264362957,-0.005053329790301095,-0.648233530730461,0.00016606952593813812,4.327810926401523e-05,-0.0004519629794465654
2024-03-13,0.0037722371777868524,0.003824686512521547,20996680531.98601,0.013655406822486641,0.017138234592316753,-0.0038455170135567847,-0.00470444262711347,0.37355764072787034,0.0008589256135566855,5.151143329358834e-05,9.283204526253886e-05
2024-03-14,-0.016771695375389806,-0.016510915956591043,36716558419.97936,-0.025939924818459956,0.04463869581193751,-0.0040027896360670286,-0.004790032769305555,-0.6233931022713392,0.0007872431332385261,0.00043505651711572406,-0.00044214559323896627
2024-03-15,-0.027215837629321338,-0.026953487982075197,48272589072.43203,0.01866571096409684,0.0183950619947218,-0.003419883284334365,-0.004491294847161541,-1.215463402436731,0.0010714115628271763,-0.0005080029588347026,-0.0007254919051108558
2024-03-16,-0.04739838190665613,-0.04675292661052333,22541723738.08737,-0.057915745255192774,0.03714034024801414,-0.006715132282152713,-0.0050097760116811,-1.9466279916201865,-0.0017053562704716129,0.0027451126120142345,-0.0013244871635388871
2024-03-17,0.0019167087164946306,0.00235376961087308,21028336103.89335,0.027752752668516033,0.029594345900582027,-0.006717123838480501,-0.0042216108578810125,0.41313210332273037,-0.002495512980599489,5.31939429464643e-05,5.5820868329815573e-05
2024-03-18,-0.008964863985984173,-0.008873159330182734,21525969323.10516,-0.005572679035048809,0.017620959305521572,-0.00903798934140824,-0.00453550087310493,0.004067070938027495,-0.00450248846830331,4.99583095867581e-05,-0.00024893049527246526
2024-03-19,-0.02525797814584485,-0.025169639849997982,45022413705.43772,-0.06188460106631441,0.05223804814004117,-0.011272612900179077,-0.004814084685593845,-0.8298201132130625,-0.006458528214585231,0.0015630799012972963,-0.0007445810008535717
2024-03-20,0.01275315294884849,0.01346174855137261,40691118766.89385,0.09225223449262152,0.04941118138812537,-0.0113548907108629,-0.004563527302462246,1.4414198650664933,-0.0067913634084006535,0.0011765068563574384,0.0003765238361798013
2024-03-21,-0.016748689733120048,-0.016328014364973664,23114287433.973022,-0.01766277012996138,0.02227597782655664,-0.01149692162626075,-0.004114362592712767,-0.31336376157378953,-0.007382559033547983,0.0002958282567341436,-0.0004905192821577099
2024-03-22,-0.03655401067312758,-0.03626418557347788,25742798562.87778,-0.033763771787869365,0.030645197572931254,-0.013102682569772487,-0.004748800647540911,-1.34104477728366,-0.008353881922231576,0.0012342012742988205,-0.0010889332410197118
2024-03-23,-0.005528462220438013,-0.005257899759688822,15454464441.79797,0.00671254429553996,0.02260427851497815,-0.012478181875527601,-0.0046584745433463515,0.39681479878741255,-0.00781970733218125,-3.711004754090936e-05,-0.00016844082994792978
2024-03-24,0.043930001721889544,0.044210514197898565,15988550837.61994,0.04957726082305292,0.026168360267287083,-0.010639773558549958,-0.0038425024229919386,2.5827020905664404,-0.006797271135558019,0.002177929153323282,0.0013635760509857894
2024-03-25,0.014762595482149532,0.014878098083983549,27232095366.19894,0.03659814412608392,0.04999195291532009,-0.009863571033734829,-0.0030581635899420705,1.131211115920794,-0.006805407443792759,0.000540283597130784,0.0004699416700353639
2024-03-26,-0.0005633774159383709,-0.00034983682479416967,21669886112.75456,-0.006115965857890634,0.015058800259218656,-0.008046514079434967,-0.0030430599895369483,0.3595584519195645,-0.005003454089898019,3.445597040985727e-06,-1.5776544036364084e-05
2024-03-27,-0.011185728719913524,-0.010869006819686944,28488910521.65316,-0.013037975708928755,0.025936952237737242,-0.00821545543520974,-0.0033543944200869666,-0.14264433819348987,-0.004861061015122773,0.00014583925933689924,-0.00029713379927460916
2024-03-28,0.005712640079670095,0.0058559854405606515,17098709141.38956,0.021249408549814493,0.019768105007118595,-0.007817452861060736,-0.0032414480900340337,0.6438694448984394,-0.004576004771026702,0.00012139022295095467,0.0001526453642490081
2024-03-29,-0.03907852388658528,-0.03893162924620852,13153542392.49107,-0.008379240937216231,0.018483921107354848,-0.010067080461361844,-0.004370743980785353,-1.334857260091933,-0.005696336480576491,0.0003274483671164577,-0.001036648464557316
2024-03-30,-0.015401558817800587,-0.01527528767336983,6381178971.247931,-0.0027918219381139224,0.007191981585306132,-0.00892558904473035,-0.004384923386546056,-0.3124920954298931,-0.0045406656581842945,4.2998409788687606e-05,-0.0004122804880887775
2024-03-31,0.036548106773434785,0.036689816247003515,9355678962.74715,0.019558609034960293,0.011675454737243771,-0.006925554859105091,-0.003783855991687014,1.8918437213714057,-0.0031416988674180775,0.0007148301313495951,0.0009809199950172344
2024-04-01,-0.02929684139498312,-0.029381958851343648,19638685563.105072,-0.013539206791223633,0.030784022347427095,-0.008513039310134004,-0.004511378149326946,-0.8907515570270581,-0.004001661160807058,0.0003966559939763571,-0.0007766724647065824
2024-04-02,-0.0495315568619602,-0.04973889593687775,33033080048.77764,-0.018585011260291377,0.024227134017480386,-0.010004860184132814,-0.0051064178132046055,-1.5854912181093888,-0.0048984423709282085,0.000920544542019293,-0.001346760686057548
2024-04-03,-0.008244792971584647,-0.008076434377610964,18154927438.74836,-0.004239778071965529,0.004715526717819402,-0.010577099715055266,-0.0052202178294550984,0.09429038205889463,-0.005356881885600168,3.495609244882009e-05,-0.0002192982612910679
2024-04-04,0.012695705099351029,0.012995814468778066,21993168904.27893,0.042543680746040896,0.024119399738030997,-0.009173890168639036,-0.005045127987325478,0.8679140583509309,-0.004128762181313557,0.0005401220245926736,0.00032528028880041127
2024-04-05,-0.010785642470847345,-0.010607804765569329,21110165189.20931,-0.0008798101828218635,0.0324925638595879,-0.008391499922997417,-0.005212319669092212,-0.09629525925943927,-0.0031791802539052044,9.489318074127458e-06,-0.0002835825337658815
2024-04-06,0.019615760261326054,0.01996632634500517,8691055181.73954,0.01621602980661397,0.012925162501098866,-0.005200350295950647,-0.004444267721193177,1.0388898140226899,-0.0007560825747574699,0.0003180897530770571,0.0004931302425092974
2024-04-07,0.018881028785569187,0.019166147646620724,11941226271.931751,-0.0005678673706702072,0.008470854874617361,-0.0043925255307566205,-0.003670690715095878,0.9530233960727854,-0.0007218348156607427,-1.072192017200967e-05,0.00045566740751590946
2024-04-08,0.02783388509030038,0.027742205334986947,21244762968.03559,0.03107998421099787,0.031483032896270254,-0.0026402041461716414,-0.00327208716119005,1.2008183916075823,0.0006318830150184086,0.0008650767091372649,0.0006901052731294072
2024-04-09,-0.03874098104641588,-0.038553238710429816,23375265337.43875,-0.030596936060346747,0.02633271677509216,-0.0032822519033416904,-0.003811900682952513,-1.3566085001057362,0.0005296487796108227,0.001185355319992292,-0.0009127422677958282
2024-04-10,-0.009745204286373599,-0.009325227042060402,23325641513.82547,0.021285552558403094,0.02343637446725349,-0.004353602247876075,-0.004539703268894971,-0.20810793588323057,0.00018610102101889597,-0.00020743205802998036,-0.00021754440894301475
2024-04-11,-0.007362787081249267,-0.007225716760547174,18046895525.55698,-0.011986845777093616,0.013902813413420815,-0.003906654502548896,-0.004714187081520317,-0.13414708697323488,0.0008075325789714217,8.82565932325122e-05,-0.00016142546246168785
2024-04-12,-0.03929686361633222,-0.03848176813443838,28466614548.62947,-0.05643648816693572,0.04344228007449537,-0.004037266547463402,-0.0057345413377292275,-1.3590728005102377,0.0016972747902658254,0.0022177769784808205,-0.0008855111989207527
2024-04-13,-0.04539642874248784,-0.044741475160370525,33367903479.68061,-0.049560161859068766,0.04618101588591675,-0.0059357411437514895,-0.006699890292522484,-1.4363903242495228,0.0007641491487709942,0.002249854356301379,-0.0010739247793669635
2024-04-14,-0.009374161137116532,-0.009087836514390268,25338078893.58177,0.033901604228126186,0.028111275167196005,-0.008474034613227968,-0.0068777941886885635,-0.03602772730022636,-0.001596240424539405,-0.000317799100841206,-0.00022262799765590448
2024-04-15,-0.0202540506244262,-0.019896336938070913,24677843958.38368,-0.026697180760506197,0.033518409808623584,-0.010141493951636337,-0.0074819108532916175,-0.4124189015392358,-0.0026595830983447196,0.0005407260506527497,-0.00046512732591190295
2024-04-16,-0.002772549479716502,-0.002585088469791108,25471361626.3662,0.013060691123489388,0.03290158311533859,-0.010246692621340057,-0.0072099967373319964,0.3052954674937881,-0.003036695884008061,-3.6211412379168434e-05,-6.602636208629254e-05
2024-04-17,-0.019599174288382537,-0.019451237522947196,27402345105.77818,-0.040809913702194056,0.041963664586164434,-0.010647332886505248,-0.00790213139040495,-0.3643921861939164,-0.002745201496100299,0.0007998406113431519,-0.00048169851258487317
2024-04-18,0.006626980828538187,0.006769804952929226,22708533755.014862,0.023789285194490504,0.02993464785596623,-0.010603792850844864,-0.007622688450340316,0.7005023784205496,-0.002981104400504548,0.0001576511369085159,0.00016608281705935405
2024-04-19,0.002116113629385463,0.0023784678064562303,36332133260.93782,0.032346730028083824,0.04528715876008585,-0.008642143445322447,-0.007589376643535684,0.451185068136313,-0.001052766801786763,6.844935627848021e-05,5.5734107378037755e-05
2024-04-20,0.00854132433562138,0.00864809430328406,12657413510.99301,0.014987589304295107,0.017352349370975437,-0.007502006152302353,-0.007344321007027703,0.6663516593037282,-0.00015768514527465024,0.0001280138612570745,0.00022909354703703713
2024-04-21,0.0015939432324929559,0.0017503841690695854,10421155519.373,-0.003361947373074195,0.01055566348858502,-0.009166490130442441,-0.007174259197617563,0.48917183211980997,-0.0019922309328248783,-5.358753263309084e-06,4.2667404881094976e-05
2024-04-22,0.017286719732804157,0.01747552887806414,16249055489.46204,0.016615761307828956,0.010130901717469706,-0.006948225314833523,-0.006726289293250696,1.0910011868211145,-0.0002219360215828265,0.00028723200887561065,0.0004457376806692382
2024-04-23,-0.018782668158705884,-0.018711385977057016,11872124257.8761,-0.0003584434556182912,0.007664834890577729,-0.00548399251944046,-0.0067920376559787434,-0.6587671845342071,0.0013080451365382832,6.732524480538184e-06,-0.0004694971454548913
2024-04-24,-0.034549861492660594,-0.03449006444516567,18306883252.6262,-0.03570811600179521,0.03175311820777222,-0.006736614829967886,-0.007053077186193312,-1.3144392647176641,0.0003164623562254259,0.0012337104620258818,-0.0009081016847984757
2024-04-25,-0.013049039431416665,-0.012817861102272121,17615966077.8484,0.0033991339156483813,0.012280873668075074,-0.007962555045718729,-0.007046411616808264,-0.24550058614009931,-0.0009161434289104648,-4.4355432497961454e-05,-0.00033562209910577474
2024-04-26,0.0024354561238204564,0.002516773842172748,12953589145.918499,-0.009537300501061188,0.012248100694565965,-0.007332978922163119,-0.006381454043164967,0.46897494842162113,-0.0009515248789981516,-2.3227676910025377e-05,6.029224831721474e-05
2024-04-27,-0.029251574921740464,-0.02920246094032264,10551185173.9539,0.005911384656689647,0.007102580313313228,-0.009659994883261525,-0.0071918258204549616,-0.960689213726427,-0.002468169062806563,-0.00017291731117638422,-0.0007160426861258848
2024-04-28,-0.021643933900536094,-0.021509376658827906,8016661482.1786995,-0.014188363271671296,0.012064430384525864,-0.0115897550111713,-0.007566468126802807,-0.5168400683409702,-0.004023286884368493,0.00030709199680884755,-0.0005335207295133545
2024-04-29,-0.006020209266217047,-0.005683493542516405,14315434994.6138,0.025099987575391298,0.019080713610881903,-0.013201854742434035,-0.008293349410004638,0.41495287582664253,-0.004908505332429397,-0.00015110717778330345,-0.00014484207992755585
2024-04-30,-0.028985427717498458,-0.028610662600073167,25092892151.668,-0.04790005937018859,0.04719090797948689,-0.012737304583914158,-0.009097389795811641,-0.9724812677612233,-0.0036399147881025166,0.001388403708538486,-0.0007261590806978815
2024-05-01,-0.027149427308651997,-0.027225945730920853,32693924650.626842,-0.03217243835073243,0.05540704496372321,-0.013566077108784557,-0.009758190022507844,-0.7998920136435359,-0.0038078870862767126,0.0008734632763452978,-0.0007214952136035628
2024-05-02,0.0009063149838179907,0.0010531432005775887,17487969119.06051,0.027982585679083335,0.02044303051611246,-0.013172310343781354,-0.009525295490863667,0.8172600325489833,-0.0036470148529176866,2.5361036686923952e-05,2.4367555167710515e-05
2024-05-03,0.027536666121814157,0.02798986003292714,21564253109.5137,0.05168048384046599,0.04310918799997444,-0.009989761308631526,-0.009043236808622472,2.0507233545064127,-0.0009465245000090539,0.0014231082285287237,0.0007399252890978984
2024-05-04,0.020707462679832034,0.02094475890483194,13034701951.8815,0.018427809843934422,0.01618752146410255,-0.006841956955187724,-0.008418626658155605,1.567515920738084,0.0015766697029678811,0.0003815931846143134,0.0005268451805017223
2024-05-05,0.017688926651019843,0.01792238062457896,11834485753.500801,0.012236213356467511,0.014804935835817691,-0.005553238489085992,-0.008222348886954639,1.2662472364372912,0.0026691103978686475,0.00021644548054878312,0.00043883839793732886
2024-05-06,-0.007302731836770215,-0.00687658977354233,19505860305.1004,-0.010826037883583158,0.01616147620593821,-0.004936509023007135,-0.008313858002792766,-0.13108116860540533,0.0033773489797856316,7.905965151852318e-05,-0.00017513506274470804
2024-05-07,-0.023916302819839808,-0.023612354437857253,15159034876.2773,-0.01447195419165915,0.017982387357012596,-0.005943354420155864,-0.008078853706976962,-0.9710529305323913,0.002135499286821098,0.0003461156388425703,-0.0005565728305775302
2024-05-08,-0.01788310681801919,-0.017619133739829484,15009452763.9564,-0.027514618512171674,0.019466050683140397,-0.005861636921567133,-0.008241475081094041,-0.6516016936274818,0.0023798381595269077,0.0004920468619102143,-0.0003970117124125569
2024-05-09,0.014712117322430496,0.015032325472022379,14981786317.7292,0.02249859329189199,0.022228593523322637,-0.005476630421857975,-0.007965958711254524,1.0736575066742187,0.002489328289396549,0.0003310019440999627,0.00032121586575874607
2024-05-10,-0.047258694693774195,-0.04706779144608286,18938234544.3996,-0.03399862140390463,0.038831065772924486,-0.007827811770579864,-0.008845678559088051,-1.8967247278725592,0.0010178667885081868,0.0016067304689363455,-0.001017290141341066
2024-05-11,-0.005329539125220273,-0.005272351585093316,6901847057.2759,0.0016985533466055073,0.011921422369942336,-0.008488329078238991,-0.008305308091757231,0.1543840121326129,-0.00018302098648175988,-9.052506517007882e-06,-0.00011334529868872159
2024-05-12,0.0013583401244572357,0.0013609198748520956,6368574511.4435005,0.0090439924610041,0.007130893352961597,-0.00849954827385974,-0.008197197754469091,0.48193375822832424,-0.0003023505193906484,1.228481784507061e-05,2.8666802709301616e-05
2024-05-13,0.016546090292850257,0.01663280542389156,16330380829.2882,0.028735770004675795,0.02094091480710424,-0.008534816342428971,-0.007998693655798833,1.2289281988462613,-0.0005361226866301382,0.0004754646451319438,0.000357710780608303
2024-05-14,-0.022717042605865934,-0.022668963621720883,15109206760.3044,-0.014745222011347337,0.008865841569202447,-0.008722167506579451,-0.008070340070050908,-0.6818363682260857,-0.0006518274365285431,0.0003349678366647296,-0.0004924201230877222
2024-05-15,0.04374469087176225,0.044367644850736854,23386517394.0322,0.06641388514097403,0.04082845682590545,-0.004993855489225982,-0.007435856678083045,2.1561160834281656,0.002442001188857063,0.002905254875084633,0.00096712518594928
2024-05-16,-0.02413465665946768,-0.023834424357688233,15938380818.0105,-0.011118968268205836,0.015642095504117905,-0.005521742023895078,-0.007552729079417614,-0.8117483646229523,0.002030987055522536,0.00026835248156066376,-0.000537441626935317
2024-05-17,0.014371288112930092,0.014558030114844023,15063429110.742,0.021654086382166395,0.019515985387949592,-0.004953369072032714,-0.00689261597239775,0.8300347593438683,0.0019392469003650364,0.0003111971142203893,0.0003250002043059356
2024-05-18,-0.024014699527959538,-0.023874668748211425,6486954858.0565,-0.0005082068032711215,0.007328446441941037,-0.004703994053281242,-0.0065214464108311375,-0.8383125390753258,0.0018174523575498957,1.2204433678620827e-05,-0.0005433398985086876
2024-05-19,-0.017309697925394718,-0.01703782501893847,9905372922.9644,-0.013400274295762411,0.01514344847108452,-0.004497601863988795,-0.006826627468638905,-0.5596064914735692,0.0023290256046501097,0.0002319547001770788,-0.0003941751393381026
2024-05-20,0.04562448894972482,0.04607919417044837,25053653945.1351,0.06987729305219238,0.04393467100867079,-0.002038330520372516,-0.00596012980299273,1.8791732676815909,0.003921799282620214,0.003188115784696434,0.001092955007471716
2024-05-21,-0.02880801133134203,-0.028636247898504386,18645631790.235,-0.016326304770043428,0.024269315077349744,-0.0020298821210317335,-0.00601647953609586,-1.056156453803526,0.003986597415064127,0.00047032837281435453,-0.0006586647045202963
2024-05-22,-0.003080214659940128,-0.002913032824043982,13560983941.3547,-0.011246976969640613,0.017148516205565883,-0.0008837291377597399,-0.006267802831473457,-0.08893544664644619,0.005384073693713717,3.4643103341896015e-05,-6.481420783327868e-05
2024-05-23,-0.015884796112061284,-0.015872223892714588,20496503158.062702,-0.021578762144663283,0.03300854309105403,-0.001683305856611134,-0.006254090234313794,-0.5701672411836967,0.00457078437770266,0.0003427742370186425,-0.0003437543772868973
2024-05-24,-0.014158938718814573,-0.01411258835037088,12680535679.1618,0.009939278789916246,0.0226341238276134,-0.0036688108490220256,-0.005898612901705651,-0.4350764446440854,0.0022298020526836256,-0.0001407296392956376,-0.0002926010119302
2024-05-25,0.03174288058883179,0.03170876133060241,5877646397.3043995,0.007848721085923093,0.00663748158618756,-0.0031433147581172755,-0.005307004285685496,1.4078468716333714,0.0021636895275682203,0.0002491410162055029,0.0006415457836680105
2024-05-26,-0.042972065696247896,-0.04282909888092101,5799029948.6581,-0.00826789094026745,0.00872997662889534,-0.006031933441320502,-0.006686402181211487,-1.4347487960853818,0.0006544687398909853,0.0003552883526545857,-0.0008560643351074026
2024-05-27,0.017977588950551127,0.018069508783501442,11819516715.6954,0.008109195636270623,0.03286798632891598,-0.004828108641924247,-0.006635370538855907,0.8681250463861009,0.0018072618969316601,0.00014578378586847617,0.00037244103897189114
2024-05-28,-0.03737946941701331,-0.03746747731697475,15550387849.887001,0.0054281672066457615,0.01159739503102652,-0.0054692118132182235,-0.007219752951571382,-1.1855701754416432,0.0017505411383531583,-0.0002029020100912498,-0.0007630239470752568
2024-05-29,-0.01578281520067293,-0.015684548378540608,10750681624.4071,-0.017216248435126855,0.015321772575632477,-0.005369197926677925,-0.007292722578250102,-0.38754158231759106,0.0019235246515721767,0.00027172086750048164,-0.0003190585869883332
2024-05-30,0.011002971164184805,0.01113364836930364,13292940496.7956,0.003610178315190125,0.014281337265924114,-0.005545823934213434,-0.007208749068972091,0.6187792662770079,0.0016629251347586565,3.972268789960223e-05,0.00021826734795629162
2024-05-31,-0.024888002024114675,-0.02474338284131372,13295783600.0905,-0.014632447622519626,0.019077300076400808,-0.004480552854705838,-0.006983502690202716,-0.8030621742916509,0.0025029498354968783,0.0003641723860470204,-0.00047029544693489396
2024-06-01,-0.018811041928421313,-0.01871591678508977,3450680244.5259,0.0007274117227457944,0.0014378765827672024,-0.005122529178667792,-0.007037621469736378,-0.5346213864434999,0.001915092291068586,-1.3683372415796317e-05,-0.00034607155545857035
2024-06-02,0.009483405981902227,0.00964805534004376,6940423185.8599,-0.00029786481286665496,0.010298689524371329,-0.004735621280694221,-0.0074672198949988005,0.551813330132618,0.0027315986143045794,-2.824772948137823e-06,0.00017589919582830315
2024-06-03,0.025968718042710837,0.025985079629485375,15744535070.2934,0.006053018285386134,0.013642478981685982,-0.0042869247211770505,-0.006589988792813182,1.1532664348341186,0.0023030640716361316,0.00015718912516056552,0.0004726451836445488
2024-06-04,0.015841803547113065,0.016067996261617257,15102623849.3892,0.019758961488422593,0.02168998531848315,-0.002450789190082813,-0.005552316405367574,0.6974004163179424,0.0031015272152847616,0.00031301758619456345,0.00029800384917191
2024-06-05,-0.006331904117393261,-0.006275119482349489,14506723806.5747,0.001960215167731529,0.011111692908579161,-0.0048353889514711704,-0.0055219530902216795,-0.06235059117315027,0.0006865641387505091,-1.2411894491535992e-05,-0.00011015074411017286
2024-06-06,-0.02756742648720356,-0.02737833188098482,11260906834.1424,-0.003633093009704016,0.012447019429034024,-0.004998854181363355,-0.006161050416992387,-0.9344833072748658,0.0011621962356290318,0.00010015502446618859,-0.0004753727571508689
2024-06-07,-0.024692480140349526,-0.02420337290150354,21108000027.7301,-0.023587749515632268,0.029149207887649527,-0.006859033621995718,-0.00638179387206385,-0.7403261037058101,-0.00047723974993186744,0.000582440036470289,-0.00043712423164261763
2024-06-08,-0.03490298130706315,-0.0349023868197047,4564091530.088901,-0.0015576248582464152,0.004358594634388586,-0.007377523230524462,-0.007247170722355743,-1.1194507496748705,-0.00013035250816871916,5.436575131079152e-05,-0.0006129419125103899
2024-06-09,0.005881474359822336,0.005945678003685728,4729738225.2734,0.005270290248536247,0.00389121403176109,-0.006273181693133173,-0.007453512856097756,0.4932754161439957,0.0011803311629645825,3.0997076965587625e-05,0.00010013495153109635
2024-06-10,-0.003610489941703099,-0.0035637978965309403,8872795631.3345,-0.0011293429172385978,0.01277482251512003,-0.008617704497486884,-0.007952629920097811,0.23168665932951266,-0.0006650745773890722,4.077481243423593e-06,-5.611308782905401e-05
2024-06-11,-0.05563039641829903,-0.05559090125823407,21038478955.2817,-0.016961516555493578,0.02579176615152438,-0.009894960930199122,-0.008220715878381671,-1.9404989445916148,-0.001674245051817451,0.0009435758898376496,-0.0008686230246899711
2024-06-12,0.0020570234233028284,0.002156489749792767,22649278512.31,0.01263694807931285,0.04462125241546915,-0.00965033054528279,-0.00803337893060903,0.4946152062857707,-0.00161695161467376,2.599449819820822e-05,3.480978461873192e-05
2024-06-13,-0.013141796789400861,-0.01311980290888981,16734408853.5457,-0.010192404522225149,0.019745560813765703,-0.009519711529918009,-0.008125109243436832,-0.15321171354189958,-0.0013946022864811773,0.00013394650902645328,-0.00021409084279626865
2024-06-14,-0.035470620841509315,-0.03529447516018003,15866317033.6273,-0.010693726548020437,0.018467825680812854,-0.010534553535760615,-0.008064375231138055,-1.0262416116975472,-0.0024701783046225598,0.0003793131197676152,-0.0005708088315206769
2024-06-15,-0.0068723169628528424,-0.006809661260664512,4794362622.7179,-0.0007895549690552018,0.005149247283566772,-0.012373372466793217,-0.007452881393366072,0.24646730078057252,-0.004920491073427145,5.4260720069428145e-06,-0.00011010531777616106
2024-06-16,0.01314834005630372,0.013222272038517113,5344491611.4602995,0.007892605693109709,0.005744443635074333,-0.009700972192862187,-0.007095381374422893,1.0468344025140006,-0.0026055908184392934,0.00010377466358332517,0.00020878779433680878
2024-06-17,-0.005201146875039919,-0.005110035962041293,16425433493.3037,0.004101847811413182,0.022012451633316426,-0.010804721517890333,-0.006856446394273905,0.26779548792902486,-0.003948275123616428,-2.1334312926221003e-05,-7.990247877772166e-05
2024-06-18,-0.030077649979305843,-0.03003015481866611,21816313661.798798,-0.004974559521258746,0.016885886928166595,-0.010457015830380454,-0.00728986068791818,-0.9562705859612722,-0.0031671551424622734,0.0001496230600816438,-0.0004696416309294916
2024-06-19,-0.02516680550420647,-0.025117866885575935,9773747644.9673,-0.006806834932038573,0.0051093843716848745,-0.010903872511501097,-0.007378235786582052,-0.6876806227981989,-0.0035256367249190453,0.00017130629083385323,-0.0003807234792909146
2024-06-20,-0.0032942140586335045,-0.0032179168257850943,14443082252.526,-0.004645804833237668,0.02407221549805695,-0.011584690855444826,-0.007535715070505412,0.4101447654442118,-0.004048975784939414,1.530427559531901e-05,-5.137074523747883e-05
2024-06-21,-0.03974494720971833,-0.039657240305406516,13452781556.5892,-0.005434026811978472,0.0112975293968585,-0.012292164435711668,-0.00820017635366579,-1.3104548207764006,-0.004091988082045878,0.00021597510877827835,-0.0006050678888449464
2024-06-22,-0.03190367652085857,-0.03182667252777305,3462300794.0067,-0.0008900147782243892,0.004909124189259048,-0.012915623225827727,-0.008842160494244836,-0.8896260651629053,-0.004073462731582891,2.8394743583254594e-05,-0.0004909677946040393
2024-06-23,-0.05012283231569059,-0.04985730320584525,4609994525.5694,-0.018719209373470967,0.015209200513760396,-0.0157540155257131,-0.009663061693422353,-1.5506734966329911,-0.006090953832290748,0.0009382597925087887,-0.0007830640070523733
2024-06-24,-0.057866534543516535,-0.057379046014741975,27225661676.1708,-0.041699207808575715,0.03701844484724169,-0.019746170410771546,-0.010855970491459189,-1.7469986188744395,-0.008890199919312357,0.002412988649092221,-0.0009684567196784425
2024-06-25,-0.005663616835382412,-0.005508483871662695,16245823572.755,0.00823579672875989,0.01686280303549879,-0.020770238048033234,-0.010647731581565166,0.7357072445601317,-0.010122506466468067,-4.6644397005791905e-05,-9.348465407003641e-05
2024-06-26,0.002886498205932675,0.0029682404333137846,10474223643.7333,-0.01711039091920922,0.009654389737649748,-0.020331266508827238,-0.010053503649841464,1.1081489910159654,-0.010277762858985774,-4.938911269110414e-05,4.744473661766739e-05
2024-06-27,0.007575358668663101,0.00745130959689666,9845346127.8742,0.010674126337793959,0.010799643858457674,-0.018657800549024064,-0.009726132251427499,1.2070186346144582,-0.008931668297596566,8.086033548341258e-05,0.00012392024548944265
2024-06-28,-0.009915122453350689,-0.00986170268553832,11963155606.5777,-0.022469546221198122,0.021212519205642908,-0.017954116849643167,-0.009922173181223867,0.36930516345500475,-0.0080319436684193,0.00022278830225440263,-0.00015844758525966645
2024-06-29,-0.006335130134881961,-0.006356121348074062,4854467389.0233,0.0036519744060841746,0.00508080090110635,-0.016593742984301205,-0.00955842008936897,0.47609807791099445,-0.007035322894932234,-2.3135733111801508e-05,-0.00010145575961995827
2024-06-30,0.04003381019416863,0.04006147697539175,9131797044.0735,0.03020990796088001,0.01679372967696252,-0.014967441277903762,-0.00857940827834191,2.251834414502922,-0.006388032999561852,0.0012094177212891742,0.0006657299358250399
2024-07-01,0.0194666502022931,0.01952261234880881,12249759638.5501,-0.008437104680894685,0.013457808931061313,-0.013868529842475372,-0.008174854953444924,1.3093747722883333,-0.0056936748890304475,-0.00016424216554310658,0.00032434779037954827
2024-07-02,-0.004529573082407312,-0.0043892026086986835,10187608652.3055,-0.01584360105759807,0.016734082046956103,-0.011435157302671004,-0.0077866667846339535,0.2920505464477512,-0.0036484905180370506,7.176474887889625e-05,-7.351677100733799e-05
2024-07-03,-0.04303990001600566,-0.043065048349151036,17865344372.0136,-0.012798101929445043,0.015316313091595741,-0.01358262984739998,-0.008038896510147504,-1.2075361868736896,-0.005543733337252476,0.0005508290274379638,-0.0006384936483212442
2024-07-04,-0.046756695855985964,-0.046831250658589174,25874210041.42714,-0.03524611360023203,0.028060976695162086,-0.015183339326761176,-0.00879545223776344,-1.2408753600832438,-0.006387887088997736,0.0016479918137115796,-0.000712146383370247
2024-07-05,-0.025089136687318936,-0.024983302352602044,32076653813.40088,0.024868142835491568,0.032672537861591015,-0.014688982938466396,-0.009630782441083013,-0.41386306607458073,-0.005058200497383383,-0.0006239202347594191,-0.00039910070280074956
2024-07-06,0.04702184435837964,0.0476452576255888,10197761341.39678,0.031898540869347874,0.015868538418714086,-0.012122594304121992,-0.009213093843010828,2.0756521257339555,-0.0029095004611111638,0.0014999282240178878,0.0007719930519717509
2024-07-07,-0.03421112962422612,-0.03390340099631628,12037823231.0966,-0.037147821529578566,0.028248783244562495,-0.014377807146051984,-0.010036904260078224,-0.7016287701322959,-0.00434090288597376,0.0012708689376060302,-0.0005983317461177201
2024-07-08,0.010965414164218146,0.011184729612505384,26076935449.40952,0.02772058058788383,0.03861776282971528,-0.013607970906087315,-0.009746933688633965,0.8548439942057316,-0.00386103721745335,0.0003039676470187319,0.0002004490634203424
2024-07-09,0.014548417613624576,0.014821516528935597,14760474094.36112,0.015347284240926266,0.009260815636001273,-0.011482920068328724,-0.009136382570642466,0.8940937172078899,-0.0023465374976862578,0.00022327870037199457,0.00026066427825852226
2024-07-10,-0.005663272448608092,-0.00539513989177165,14799666738.9434,-0.0077798030500822795,0.022401680553131513,-0.010554180399014516,-0.008942416945731179,0.16884329157123545,-0.0016117634532833366,4.405914426912817e-05,-0.00010613234162499956
2024-07-11,-0.008432870404827209,-0.00801157567589117,17033276319.7474,-0.003917954444161358,0.027867472185617265,-0.010798878320261834,-0.009309797703306697,0.08179966015032872,-0.0014890806169551365,3.3039602079629554e-05,-0.0001595599298658528
2024-07-12,-0.005018021456945632,-0.004822503357388985,13680239863.68945,0.01712172438911567,0.02168132680657602,-0.00914521518917742,-0.008639310826531642,0.14651217491101237,-0.0005059043626457777,-8.591718036449177e-05,-9.742817321532486e-05
2024-07-13,0.044508928505263334,0.04472200848023977,9257369124.831,0.02362497708518356,0.01454145337302104,-0.0055065197117430435,-0.007848224038746188,1.669346750714299,0.002341704327003144,0.0010515224160229197,0.0008845854582931629
2024-07-14,0.032041068478979806,0.03237085330117351,12501022268.2122,0.022147143596695888,0.01791310067484104,-0.0015939530072349294,-0.007361196604547417,1.151942644902174,0.005767243597312488,0.0007096181445955321,0.0006409205193097608
2024-07-15,0.049806752516815544,0.05014121610921207,22163838850.2314,0.032419713349989554,0.024714980133042172,0.003533346376590408,-0.006833249585119396,1.6373208868798228,0.010366595961709805,0.0016147206394890308,0.0009671084313132869
2024-07-16,-0.0019782250649241773,-0.0018417125077767604,24015350736.2496,0.004392033581900855,0.0365198339829304,0.0037088412228027047,-0.006504062005104448,-0.20157541087690495,0.010212903227907152,-8.688430917704985e-06,-4.0263337548362536e-05
2024-07-17,-0.00906253773069321,-0.008792043461507748,17971882430.538,-0.024779537730119098,0.013206217501102901,0.003139839511534805,-0.007342271982921201,-0.43040880455029185,0.010482111494456006,0.0002245654956283403,-0.0001859850146610337
2024-07-18,-0.007991698255042312,-0.007892170962614409,13840486905.3186,-0.013478199217065355,0.02053393181157698,0.0023985510865964523,-0.007086034547930322,-0.3654383211332686,0.009484585634526775,0.00010771370116413385,-0.00016771327175010161
2024-07-19,0.025137118905079747,0.025420046889222503,20380653025.9215,0.035594882182469034,0.035565030323426346,0.004067705436997902,-0.006915148344880328,0.7341033174051628,0.01098285378187823,0.0008947527858330286,0.0005447060170848672
2024-07-20,0.007774860342872447,0.007928226795374194,8257377670.6534,0.007883970951216856,0.008192995482862855,0.004739609745462397,-0.006410552156454423,0.10608985131585065,0.011150161901916821,6.12967730929743e-05,0.00016962870833007996
2024-07-21,0.015593144745643217,0.015942929997834643,13911463550.0015,0.014668685991047668,0.014561131442919605,0.0035757685336278537,-0.005888284812469694,0.43570783866432605,0.009464053346097547,0.0002287309438867952,0.0003385470522220119
2024-07-22,-0.01577582805235067,-0.015663117863570664,13023877366.2714,-0.0051438458702001465,0.023243900896470267,0.001897555283406722,-0.006862893018851845,-0.6394560091320907,0.008760448302258566,8.114842797607162e-05,-0.0003498649446742392
2024-07-23,-0.013585085834195931,-0.013717970780392497,17980471984.6793,-0.02281100484550579,0.021508823510656347,0.0014663403904644067,-0.006621259280801907,-0.5411548191404802,0.008087599671266314,0.00030988945879045543,-0.0003043690651658063
2024-07-24,-0.008492179268048239,-0.008236306771052138,14220076011.1729,-0.01030164014128323,0.010490154282795577,0.0031114699498909506,-0.0067071634809306065,-0.44607350988678013,0.009818633430821557,8.748337483469898e-05,-0.00018831263873464083
2024-07-25,-0.02192399184046656,-0.021475020255205313,20623007320.1934,0.026170754357129,0.02011092422404112,0.004293979664915684,-0.006803023730587833,-1.0865852275984962,0.011097003395503516,-0.0005737674049845509,-0.0004778609587160347
2024-07-26,0.006707450259495706,0.006789711534826548,15831346144.9649,0.012876716600554035,0.009849584808362562,0.005808102852859239,-0.006471811207122591,0.03881283142036711,0.01227991405998183,8.636993610383884e-05,0.00013890760326037857
2024-07-27,0.01124974687872382,0.011541228947042903,22565690615.4286,0.0015865529721387057,0.014506446136240537,0.004104669639542295,-0.006797099043790971,0.33666559150143216,0.010901768683333266,1.7848319346247406e-05,0.00023224639040117436
2024-07-28,-0.009575513817065562,-0.009583260323053344,7921123857.983,0.004475259881639355,0.010409222762912404,0.005277794201788036,-0.006266995045708712,-0.757067438987419,0.011544789247496749,-4.285291283159683e-05,-0.0001895481119147454
2024-07-29,-0.017161071147949958,-0.016446898671489407,25468669202.3054,-0.03782388670561918,0.025888583951408153,0.003938437758351459,-0.006824751555208729,-1.0463780074071445,0.010763189313560188,0.0006490984108471293,-0.00032930265875074163
2024-07-30,-0.029794957996608584,-0.02959224968736318,16326143659.4329,-0.006422867703692937,0.010873511978820461,0.0018268484435784518,-0.006704362485043575,-1.4854157192417692,0.008531210928622027,0.0001913690734493049,-0.0005740215832399532
2024-07-31,-0.019679868917762078,-0.01945677687707914,16232585005.416,-0.021850250795906436,0.02039077798670863,0.0011593914688568334,-0.006766220480552926,-0.9581487408005742,0.00792561194940976,0.00043001007148366516,-0.0003772625288602952
2024-08-01,-0.0365860299748354,-0.03644327056114327,23809052629.4734,0.02191485680458375,0.04220637664402826,-0.00018123517733403287,-0.007521601451013564,-1.5698299160246936,0.007340366273679531,-0.0008017776079467266,-0.0007263342799712163
2024-08-02,-0.03349793166219672,-0.03301316219083905,26819683037.2612,-0.04944385974238903,0.03120557892527118,-0.0015374213775840848,-0.007658267000824391,-1.315583514726711,0.006120845623240306,0.0016562670347657874,-0.0006802194657778134
2024-08-03,-0.028763587515398648,-0.02862911889835551,17722256113.6817,-0.019219371679788603,0.021949483925847783,-0.005026588807139417,-0.007816243914903397,-1.0526875443740946,0.0027896551077639794,0.0005528180793025738,-0.0005942291341938645
2024-08-04,-0.039439897948945424,-0.0389218504591462,20115489532.05642,-0.043099717399665824,0.03709763188954457,-0.008430444351326333,-0.008592804294758121,-1.4054570132120685,0.00016235994343178836,0.0016998484558712074,-0.0008508221239852719
2024-08-05,-0.020190853299990708,-0.020304482578592187,67990070656.18278,0.002577244555132436,0.06853816870782616,-0.011763663675936155,-0.00932549590337243,-0.4767338449102745,-0.0024381677725637246,-5.203676673087883e-05,-0.0004777043506332269
2024-08-06,0.005652027899245571,0.0058363623601978,24315240364.00699,0.006326317152487046,0.03010300097870311,-0.011400318296689976,-0.009487238373973502,0.9492401483019731,-0.0019130799227164742,3.575652104533258e-05,0.00013199678082350996
2024-08-07,-0.004257999111599742,-0.003795923577577631,21227975938.72287,-0.030805699082959718,0.029280911028203467,-0.011171530743399811,-0.009454319246897415,0.38353201053605285,-0.0017172114965023962,0.00013117063932745145,-0.00010270013471964464
2024-08-08,0.05721062828402457,0.05798071711743091,27555756968.19537,0.07802492526214672,0.052085857217773736,-0.008066658051063293,-0.008108635837830301,2.78821923740444,4.197778676700778e-05,0.0044638549960614735,0.0014658400851749348
2024-08-09,-0.002129833669134329,-0.002049574311370872,18694923855.7121,-0.008488976401733532,0.022017746449434217,-0.009365084364121106,-0.007750498592255457,0.3258656306012333,-0.0016145857718656486,1.8080107756898863e-05,-5.319622808781198e-05
2024-08-10,-0.00818098936726075,-0.007994861692520061,7020704932.1334,0.007912661162687101,0.012811988765862852,-0.010124886731270306,-0.007326339990036371,0.08893450614406033,-0.002798546741233935,-6.473339683868025e-05,-0.00020613358671382805
2024-08-11,-0.027052251388764104,-0.026761299250835258,12164186045.4941,-0.03944964846813008,0.02200891878966997,-0.012155619880527798,-0.007849097541601235,-0.6986092104861676,-0.004306522338926562,0.0010672018075582276,-0.0006912205694616483
2024-08-12,-0.0016828977298246617,-0.001450866608807777,21694704705.3928,0.014175339770348147,0.028764976060996945,-0.011484527960407512,-0.007818500839825387,0.4574822419689566,-0.0036660271205821247,-2.3855647119012138e-05,-4.344269616396786e-05
2024-08-13,0.006426798964881408,0.006794491055838403,15331334134.775,0.025703023710386845,0.026395385021396905,-0.010531581065213352,-0.006833465992473317,0.7790029738749215,-0.0036981150727400354,0.00016518816617623646,0.00016739829111491478
2024-08-14,-0.03283496516071793,-0.032532296270120886,17731755290.8926,-0.038006349019146714,0.032998167924014714,-0.011690761345816671,-0.007387307081108567,-0.9482970721501116,-0.004303454264708104,0.0012479371459297684,-0.0008904424205627738
2024-08-15,-0.027703986231251476,-0.0275443981489496,20998288458.33781,-0.01568206310480745,0.0505826895854149,-0.011965999173949285,-0.007618452945264926,-0.7005650157834203,-0.0043475462286843595,0.0004344556603332024,-0.0007914963030231258
2024-08-16,0.00727232565204039,0.007366755163797922,15694579210.80159,0.0170816316477492,0.032558590982401055,-0.011939100345732872,-0.006939993477113343,0.8542774556591234,-0.004999106868619529,0.00012422318801063147,0.0002156327722535652
2024-08-17,0.01904972258607507,0.01914743452275114,4568442725.3616,0.005738792629904531,0.005163735281563422,-0.011567672931097098,-0.0065285325318922656,1.3340724469112775,-0.0050391403992048325,0.00010932240757869349,0.0005563710100426943
2024-08-18,-0.007517372814469958,-0.007251031629257221,8919704463.3393,-0.015607992390655733,0.02360959765280558,-0.011469666216687784,-0.006856559720317244,0.17211087022817506,-0.00461310649637054,0.00011733109768596937,-0.00022427962936854897
2024-08-19,-0.0027086642566945818,-0.002441178271618605,12535025781.4683,0.011887170003402754,0.011798456108985157,-0.010781456364723243,-0.006816996504153032,0.35097438886142257,-0.003964459860570211,-3.219835250146905e-05,-7.89951686171606e-05
2024-08-20,0.005490063669588485,0.0057782118015368145,17203146261.2117,-0.026859185178558526,0.0332408430858463,-0.009101217237761477,-0.00625242962083725,0.6391035011371778,-0.002848787616924227,-0.00014745863674355369,0.00016595910408370804
2024-08-21,0.0016443231226817012,0.0019874367624530542,16243166180.369501,0.030393427276599938,0.03583756820606684,-0.008085779521549869,-0.005826856150569183,0.42655243970622775,-0.0022589233709806858,4.9976615248458006e-05,5.091573519760811e-05
2024-08-22,-0.016479877572489587,-0.016477043463164476,12796969148.4752,-0.002730325165007077,0.01787227799687622,-0.007128343692866735,-0.006036152396820867,-0.42582233639905465,-0.0010921912960458677,4.499542445240406e-05,-0.0004911957580539311
2024-08-23,0.03252452597482569,0.032936923159181175,23801149141.436302,0.05547515294259041,0.03757436704667026,-0.003984417138722811,-0.004889017901828105,1.6075875601799878,0.0009046007631052944,0.0018043030528387097,0.0009792830631171494
2024-08-24,0.004591752798600135,0.004746271398533786,8499031623.6786995,0.00494698335105522,0.010219150111389021,-0.0023960675999609637,-0.004309725372947808,0.31694460444792044,0.0019136577729868447,2.271532464683608e-05,0.00013568848806484165
2024-08-25,0.017246228215163972,0.017481210066051744,7418612747.515,0.0019523581074099928,0.005387255836807963,0.0003032717411871029,-0.0032403752057913863,0.8179011418580201,0.0035436469469784892,3.367081347811835e-05,0.0004835921665369738
2024-08-26,-0.022408532763057543,-0.022260664696862942,12456922931.3165,-0.020204458696392095,0.012887818718157872,0.00019766795723153932,-0.0026775497807047357,-1.0852609425690802,0.002875217737936275,0.00045275227465794516,-0.0005689625736729602
2024-08-27,-0.05023717038420206,-0.049597020760966615,20779523749.7268,-0.058263030199102527,0.04687074208146302,-0.0024637224372183477,-0.003385066503701873,-2.0330854212479976,0.0009213440664835254,0.0029269697752122236,-0.001315656575842978
2024-08-28,-0.01775724671319845,-0.017657415891556782,18562796937.106,-0.009903349962636759,0.03241621432126048,-0.003106543751580191,-0.0037127449944817322,-0.6173132343424453,0.0006062012429015411,0.00017585622857368556,-0.0004676940398893377
2024-08-29,-0.006707162181456283,-0.00647216106102344,13998969371.3328,0.0035495941393472548,0.029982252373093356,-0.0061502480594602315,-0.003939451674642358,-0.0288642287614026,-0.002210796384817874,-2.3807703570948773e-05,-0.00016959498492511024
2024-08-30,-0.014112281312305353,-0.013889920159366742,15800867331.904501,0.001613923784642962,0.025753708985113404,-0.006720840804373137,-0.004006073243832114,-0.38205502426535437,-0.002714767560541023,-2.2776146465502e-05,-0.00035934888492892387
2024-08-31,-0.011929717993931277,-0.011870037242507459,4066497717.5845,-0.004367639736991119,0.00436485430747543,-0.0068993516913574485,-0.004094876225721786,-0.2595922877223728,-0.0028044754656356627,5.210471036139222e-05,-0.00029897439521463974
2024-09-01,-0.031783799441060245,-0.03165926763412119,12933895810.7382,-0.021310354618713646,0.02196574683197713,-0.00712466350337155,-0.005234838283423831,-1.2549439405099128,-0.0018898252199477193,0.0006773240372190665,-0.0007964784009301877
2024-09-02,0.045486052606406036,0.04579419183775468,11712610829.437,0.024027699144878192,0.01955326616934845,-0.004878523011170088,-0.004821831896056959,2.2134847915417417,-5.6691115113129305e-05,0.0010929251873148269,0.0011198940987700266
2024-09-03,-0.022261498618721398,-0.022232200084838727,13447232675.7519,-0.02807808973314744,0.025674724975868788,-0.006244632419913079,-0.005103291031554008,-0.6993790704208322,-0.0011413413883590712,0.0006250603558107971,-0.0005473275957676561
2024-09-04,-0.005866473717369591,-0.005517165304058547,18654996691.650238,0.022900744810752757,0.02750878051939729,-0.004960418541658396,-0.0045132366458613725,-0.04104024789194009,-0.00044718189579702385,-0.0001343466175404691,-0.00014270131422418803
2024-09-05,-0.03496372721510632,-0.034817126218202654,16706483191.85918,-0.016925820272783283,0.01534389992954382,-0.005306120493270531,-0.004326046667434711,-1.317887791805655,-0.0009800738258358204,0.0005917897629095112,-0.0007918182882156529
2024-09-06,-0.04385106769846414,-0.04350436284531456,26315512592.25967,-0.047546368682995194,0.040191400575411096,-0.007740567795675509,-0.004623855096183048,-1.5170642431447636,-0.003116712699492461,0.0020849590319341575,-0.001009026977123094
2024-09-07,-0.03698643570992266,-0.03695948908389923,6925003321.31154,0.006406376005745077,0.014467086188974533,-0.010408956285961116,-0.005957319859171973,-1.1171536383021676,-0.004451636426789143,-0.00023694901427008142,-0.0008674552266915102
2024-09-08,-0.011663740595485028,-0.011517565597668922,8813184978.46583,0.008572441200428283,0.022309510691264387,-0.010606402370771357,-0.0055994247952237015,-0.04445892866301759,-0.005006977575547656,-9.998673043184378e-05,-0.0002728315133926187
2024-09-09,0.033613614012039106,0.03406342259944273,17488710008.5658,0.03435105962934677,0.030928768788113865,-0.008876770072260228,-0.005239929559544004,1.657567505061756,-0.003636840512716224,0.0011546632592854015,0.0008168912334451797
2024-09-10,-0.00039437156849819743,-0.00027177338596029443,13034447010.34392,0.019438133272131883,0.02937885710862711,-0.00915698127407388,-0.005477116689418969,0.34361695512944,-0.003679864584654911,-7.66584710720765e-06,-9.51164601303071e-06
2024-09-11,-0.015252328180190289,-0.01518632419767163,19189527027.300102,0.008983447721637783,0.01641439591794686,-0.009961583717067785,-0.005629323923253607,-0.20821788836891833,-0.004332259793814178,-0.0001370184928400022,-0.0003537560208218959
2024-09-12,0.017873626225172634,0.017985147749915997,15152600210.5249,-0.0017352441993260942,0.018916462781274825,-0.008325702583845775,-0.005211760484682181,1.0051004187878967,-0.0031139420991635938,-3.1015106228153566e-05,0.0004154420260196467
2024-09-13,0.031433572318259495,0.03189383889506181,16347290879.8579,0.044463341268346064,0.03320253784937146,-0.008377652757967974,-0.004633163758091623,1.5322709385911364,-0.003744488999876351,0.0013976416532700078,0.0007240759832412841
2024-09-14,-0.028741922557132815,-0.028698159420350366,6149247444.5159,-0.0054301635661523255,0.00885657761391088,-0.009964970632050495,-0.005795875679716959,-0.7175689640747919,-0.004169094952333537,0.0001560733406909143,-0.0006602086163492204
2024-09-15,-0.020898805544160903,-0.020518203967342274,7800793636.4292,-0.017272826559519453,0.015990987737920643,-0.011781400811065965,-0.006636191140401732,-0.35755183777149097,-0.005145209670664233,0.00036098144346541485,-0.0004906030372937403
2024-09-16,-0.007857975521859184,-0.007730665485725874,14603341245.0131,-0.006159348199885246,0.01567801546533422,-0.011088517132913664,-0.007551504283872759,0.12721774481925055,-0.0035370128490409044,4.840000738530569e-05,-0.00018551138218338297
2024-09-17,0.021542109954782118,0.02196599584866421,19038330615.6744,0.037967239859951894,0.04146700961169555,-0.007670456164390607,-0.00717816563276631,1.183573473469294,-0.0004922905316242969,0.0008178944557426702,0.0005030237149249167
2024-09-18,0.003892701425740386,0.004154547857954771,21417510491.0941,0.020377828369112335,0.032320600125608535,-0.006639506253012567,-0.006972526915997523,0.4265531241946432,0.00033302066298495584,7.932480154593646e-05,9.087964598981482e-05
2024-09-19,0.021675989541349194,0.02163869282755604,18960165410.2846,0.01344516123956087,0.012978330544245976,-0.00528792759954564,-0.006501611236689722,1.0593760551428142,0.0012136836371440815,0.00029143717441047496,0.0004884999295583679
2024-09-20,-0.00925664252213887,-0.009179636454039297,16250975201.0995,-0.008630539232771383,0.010397740820679761,-0.005056706704775807,-0.007047543957756684,-0.16541401496112665,0.0019908372529808763,7.988981645105936e-05,-0.00020184309780848277
2024-09-21,0.006770365365603492,0.006855239655617185,4936698095.0651,0.007219549892876307,0.004135623527768163,-0.004166226544797961,-0.007063488322475238,0.42947276758988945,0.0028972617776772767,4.887899054997615e-05,0.00014755538155236195
2024-09-22,0.006634458322250181,0.006869110741833051,9395420389.8272,0.007414325465859999,0.011362122224740827,-0.002336785698926036,-0.007205689694275128,0.36244675622660666,0.004868903995349092,4.919003329084632e-05,0.00014124341559395027
2024-09-23,-0.007513976359939667,-0.007275410996601783,14896908173.8234,-0.015955255368250293,0.013948328856995564,-0.0048605966020853555,-0.007074549191220985,-0.11950740530598422,0.002213952589135629,0.00011988741165383317,-0.0001579623039122422
2024-09-24,-0.0002694739828359438,-2.7046269239106024e-05,15055312109.7638,0.017991591053649152,0.01985296743983216,-0.0038133573337098573,-0.006863190272945429,0.16214095151205316,0.003049832939235572,-4.848265698782372e-06,-5.590301989821179e-06
2024-09-25,-0.03131582494827323,-0.031150458400411307,11776674397.8463,-0.020449071045914213,0.011982281057741106,-0.005025231201848126,-0.007225470363107731,-1.159869371770166,0.002200239161259605,0.0006403795292286521,-0.0006265006730836606
2024-09-26,0.02192701485738069,0.022290218137030804,20718992185.678,0.025755940237626798,0.019500791487211167,-0.0023161482460154112,-0.006529422637745076,1.0868141292261861,0.0042132743917296656,0.0005647508842562519,0.00044300964551808615
2024-09-27,0.01848808595144158,0.018665147921829384,14875897055.113401,0.006279790806241204,0.010548173510101292,0.0006523828801705756,-0.006342428420412602,0.866468149327168,0.006994811300583177,0.00011610131218286,0.00034743266221735973
2024-09-28,-0.022191076372810814,-0.021984780898487988,6095989647.148,-0.0033125168690123037,0.005226494584719132,0.0013569238009854255,-0.0068732351386909295,-1.210454399862695,0.008230158939676355,7.350831482647618e-05,-0.0004072554709791196
2024-09-29,0.0008901554364049158,0.0009860741456864108,5789646713.0538,-0.0032508667781455964,0.0089647021266788,0.0019547283739325657,-0.0067071134045088585,-0.0553736197260135,0.008661841778441424,-2.893776735594436e-06,1.577066214095738e-05
2024-09-30,-0.041410552046381,-0.041471452908856676,18997631918.3586,-0.019254558504615448,0.012604229715987474,-0.0016178509621826774,-0.00709202579972205,-1.9893298523188034,0.005474174837539373,0.0007973418970854659,-0.0006975257082202731
2024-10-01,-0.05987301341276352,-0.059562821302103774,26755501281.814102,-0.04708944881306189,0.0280832355993157,-0.004450167240481026,-0.007569455250772128,-2.3393123625279237,0.0031192880102911017,0.0028193872003840956,-0.0010048163061302164
2024-10-02,0.01108289601031398,0.011269820931518959,19999405207.7472,-0.01790786171775632,0.032069681450667846,-0.0031961089456951086,-0.007081157394770921,0.6002517158817968,0.0038850484490758124,-0.000198470969184976,0.0001942604176391525
2024-10-03,-0.004373943505118105,-0.0042594589514523,17336091836.27,-0.011576607965427685,0.012236158257756738,-0.004255517028089906,-0.006569854434934138,-0.00508413145960254,0.0023143374068442324,5.063542922168094e-05,-7.527485739638257e-05
2024-10-04,0.004483324823528756,0.00446967219534633,14447838961.2182,0.01830709161909415,0.013814344167004469,-0.005538862146886607,-0.0059669773478591304,0.4569800589068331,0.0004281152009725231,8.207663830250004e-05,7.301807450276883e-05
2024-10-05,-0.021814314045751848,-0.021800863557672523,4609154133.5222,0.003029263102573997,0.007041737381095471,-0.005208976027297038,-0.005856671419769499,-0.7682430202356402,0.000647695392472461,-6.608129664675777e-05,-0.0003533955811128917
2024-10-06,0.03275220315986416,0.03289573980957705,6017121071.2754,0.015033775149206842,0.010847288063611495,-0.00265416608901013,-0.004710765052962997,1.552544191428791,0.0020565989639528674,0.0004923892579465395,0.000522568975002014
2024-10-07,0.006249262103324327,0.006510567946336865,18940835036.916,-0.020749392031151892,0.021489964844762906,-0.001982392868763296,-0.004291080681481807,0.3602133862368809,0.002308687812718511,-0.0001296683892872973,0.000101437964550802
2024-10-08,0.0021914220389236405,0.002267376186346981,14122241997.2083,-0.007547290345083097,0.008952998972869837,-0.0029038541980898904,-0.004346010933232948,0.2291242694464874,0.001442156735143058,-1.6539298396370708e-05,3.217819368141093e-05
2024-10-09,-0.056676842343403644,-0.056297928805836284,13394677570.444199,-0.02860372251775017,0.021870630611613977,-0.005788118187096749,-0.005178056063896502,-2.030579552044325,-0.0006100621232002466,0.001621168671572991,-0.0008040226116333225
2024-10-10,-0.036547970253227424,-0.0361832623784899,15860406266.3172,-0.009006771753156333,0.022594311662600865,-0.008560687701124206,-0.006666287786710026,-1.1154066490461898,-0.0018943999144141804,0.0003291792261119667,-0.0005352081393877038
2024-10-11,0.036652380230504766,0.03701961274963628,16300232843.3846,0.03146790076307325,0.024876676290750768,-0.0063745437605221295,-0.006050697089890358,1.596049687208118,-0.0003238466706317715,0.0011533734638239518,0.0005620079489980212
2024-10-12,0.023436259387440428,0.023465725351467848,6470178939.6978,0.010166100615796451,0.006853515904139652,-0.005580929759482275,-0.005548835998545895,1.0512590837073408,-3.209376093638028e-05,0.0002382553709906235,0.00036239223865734975
2024-10-13,0.0031402010095040733,0.0031480621524921926,8122753016.4411,0.002447302975685398,0.011165102743466522,-0.005747322964851137,-0.0050695907223829075,0.3227665959501048,-0.0006777322424682299,7.685023274809609e-06,4.852711345617499e-05
2024-10-14,0.0544887561374765,0.0543442742291218,21963988365.448997,0.027364160543281214,0.016259729905636417,-0.0027948118935456055,-0.004177977168933683,1.8780880807142337,0.0013831652753880778,0.0014910390707496065,0.0008480396891377124
2024-10-15,0.007216846511750807,0.007384479444793257,27957041428.0807,0.02510209112710456,0.017885838679768715,-0.0024383204414224267,-0.004165436731681788,0.31577959717463866,0.0017271162902593611,0.00018115793878829543,0.00011164388939057634
2024-10-16,0.021409624414341577,0.02159280789446405,17177776071.0405,0.007834789977946455,0.014063179281170967,7.24152425116116e-05,-0.003304411500331637,0.7053893833808726,0.0033768267428432486,0.00016773991079308112,0.00033332622355874
2024-10-17,-0.010923058116330542,-0.010817303633408382,14795216327.4512,-0.0024968247005867777,0.019141438429822,-0.0014918739467127326,-0.0030380475619995583,-0.31532253444213776,0.0015461736152868257,2.7272961310798978e-05,-0.0001698740641866767
2024-10-18,0.01675839987141381,0.01682331941023696,16730949885.2185,0.012880851271190798,0.01692160750530345,-0.001574239950523579,-0.0028874749553428375,0.6140723865911576,0.0013132350048192585,0.00021586245628682426,0.00026571070732168685
2024-10-19,-0.028108156025165365,-0.028037364472355053,4686325947.3462,-0.0010425082550053718,0.005370762643615726,-0.001856005648254748,-0.0036360127110768125,-0.8725836934286366,0.0017800070628220645,2.930298468921387e-05,-0.0004458584429641563
2024-10-20,0.041031214308635766,0.04129557198647382,7272050313.902,0.012523745635723414,0.008993812744835288,5.547334566100676e-05,-0.0028654002170592613,1.300396682095876,0.002920873562720268,0.0005138644911262093,0.0006509040312691588
2024-10-21,-0.03003651794268203,-0.029962175183820827,17221797609.5618,-0.023025547202526,0.017186761880691355,0.0005970940172657197,-0.0032991756723923958,-0.9928991524710251,0.0038962696896581153,0.0006916072616887441,-0.00048304267169318495
2024-10-22,-0.02524237059740575,-0.02507949736383086,14691178661.737,0.00023887825260613895,0.00348873276053055,0.0022461722465684708,-0.003786992089328812,-0.9721186930475977,0.006033164335897283,-6.029853379944865e-06,-0.00037638090342564473
2024-10-23,-0.03686236473211868,-0.036720187481220856,16468539329.4864,-0.006141898818320969,0.009251417929292422,-3.693540783308461e-05,-0.004398209356865326,-1.2508868047083896,0.004361273949032241,0.00022640491438871628,-0.0005095888594708462
2024-10-24,0.006575158956085625,0.0068537427298411835,14354067671.953701,0.014495716140609769,0.01117748889693917,0.0004844504236528073,-0.004032256396094291,0.20677479384464723,0.004516706819747098,9.531163780680528e-05,9.056415460330989e-05
2024-10-25,-0.041127422600764074,-0.0410215732094118,23454022803.9878,-0.019612068677927908,0.017926593034421255,-0.0016874899298849465,-0.005201334944913176,-1.2806344725353365,0.0035138450150282293,0.0008065938365923494,-0.0005745297066086974
2024-10-26,0.0052340664954075855,0.005394756927602495,6303068381.5835,0.0027784949663117705,0.006283499696263661,-0.00039947180887735446,-0.005191139489408296,0.18484378633196205,0.004791667680530942,1.4542827410831066e-05,7.292833026369244e-05
2024-10-27,0.035717040518958854,0.03575203529333981,5981933235.9308,0.010806407951149016,0.010283164578826928,-0.0002582890774918927,-0.004897951992522663,1.173939922424503,0.004639662915030771,0.00038597291065558853,0.0004967002638638968
2024-10-28,0.06083333396452639,0.06116229427669628,17649920563.6978,0.03257961710344405,0.02075377778516759,0.0023409524397082055,-0.0035766525206562512,1.7505229357814247,0.005917604960364456,0.0019819267276902077,0.0008438482651624886
2024-10-29,0.04064955362593348,0.04071149548621977,27502269768.0091,0.025226337162492903,0.014851371037775382,0.004172292039089627,-0.002134006107796957,1.0590413475459786,0.006306298146886584,0.0010254393452726338,0.0005752868341474296
2024-10-30,-0.003023378996379611,-0.0029069894712586697,16394681792.4545,0.0013706883733647392,0.008710063185869138,0.00672721886513839,-0.0019001351916569755,-0.3088092091714433,0.008627354056795366,-4.144110438612687e-06,-4.0893194423640635e-05
2024-10-31,-0.042966699444110135,-0.04286092735235347,18260860195.9338,-0.028569006195080453,0.023556560936183444,0.006421565094143975,-0.0024756834021752907,-1.5413458791601078,0.008897248496319267,0.0012275159026009423,-0.0005831217346023422
2024-11-01,-0.03341182009682553,-0.0332234315804697,24669697590.1823,0.0014082765198502555,0.014393173332751976,0.003085174602366342,-0.002782025287643865,-1.1270407611871502,0.005867199890010207,-4.705308172782028e-05,-0.0004367682108160406
2024-11-02,-0.027476109072907096,-0.027353241589769484,5511280357.915,-0.003357646903120759,0.0058107178866815415,0.0006607761042545553,-0.0030287934000085602,-0.8607811694984291,0.0036895695042631154,9.22550725384547e-05,-0.0003578106329846079
2024-11-03,-0.024409634629465216,-0.02428771755535397,15481140255.261,0.0057609726896267486,0.009674442136990225,-0.0006511208309344585,-0.0029117431649038775,-0.7170661549947047,0.002260622333969419,-0.00014062323846411644,-0.00031614444488125724
2024-11-04,-0.015116145761415511,-0.015007666965503041,16709405013.0392,-0.017531170129996155,0.013376815770228354,-0.003965639968976935,-0.0038736828215359654,-0.3627838998680347,-9.195714744096974e-05,0.0002650037230531956,-0.00019370348895748297
2024-11-05,0.003417318002465697,0.003386058583957574,18923323986.0867,0.01638072554324872,0.018915527769322073,-0.004146569897990512,-0.003466082557707599,0.24655776257877274,-0.000680487340282913,5.597814829239353e-05,4.395824852900476e-05
2024-11-06,0.020711564236674196,0.020538797658899988,50043233600.5665,0.016176735082302152,0.026787037150551758,-0.0041798108588318155,-0.0030442089393894435,0.812136682157523,-0.001135601919442372,0.00033504548779676204,0.0002789697465846089
2024-11-07,-0.002915132818386512,-0.0026351572785831,21221666454.4856,0.010555198204263535,0.02061234557264478,-0.0037984810827392432,-0.0025355010918224623,0.028857270150102438,-0.001262979990916781,-3.076980468982301e-05,-3.946890971771375e-05
2024-11-08,-0.007835540483938419,-0.007716594077085692,17566203957.7434,0.007636079539873901,0.011220690847382229,-0.0049696210996607775,-0.0019638260566712602,-0.09473012061349698,-0.0030057950429895172,-5.983281037325581e-05,-0.00010396074132484933
2024-11-09,0.012006807342158643,0.012183213786309377,8994277678.533,0.0045109683951505275,0.007309596316043464,-0.003059384748835825,-0.0011861555320350492,0.5024620960594247,-0.0018732292168007758,5.416232844713895e-05,0.00016041299939788584
2024-11-10,0.03195133574753162,0.03182675376174515,33139797917.8655,0.04068727740009587,0.02638421829350279,-0.003491759918412213,-0.0004938527329395469,1.206513480794341,-0.002997907185472666,0.0013000128608634184,0.0004533346756673227
2024-11-11,0.029807005667692232,0.030317686335405325,51921309639.7137,0.08299197799663185,0.046711573232001355,-0.0006420683179182006,-0.0005542750876117194,1.0295673122159483,-8.77932303064812e-05,0.0024737423585185947,0.0004648172709789225
2024-11-12,-0.01683922144034722,-0.016586424952321654,56145246108.6286,-0.001965738201912576,0.035508111075308,-0.00024191835805827057,-0.0008153044506569421,-0.5668375498674606,0.0005733860925986715,3.3101500875755836e-05,-0.0002882699794891912
2024-11-13,-0.0018391689605515849,-0.0015723739027200256,49968681554.163895,0.03620769197023162,0.060479529077873,0.0014258528691592101,-0.0006023971614563276,-0.11634824472507464,0.0020282500306155376,-6.659206320486285e-05,-3.597119323102866e-05
2024-11-14,-0.03981504336220498,-0.03948320925293325,32638189823.3326,-0.029379005542002422,0.05060026187911604,-0.0007832043840927236,-0.0015180903295099408,-1.3262835931510566,0.0007348859454172172,0.001169726379593287,-0.0008534621316758292
2024-11-15,0.0025231726800447607,0.0026531895191448385,28084223845.576202,0.03147012822515049,0.03641203525294803,0.0012953953911838875,-0.0019769855618625553,0.043941157816581596,0.003272380953046443,7.940456777520523e-05,5.6306942840806546e-05
2024-11-16,-0.016644439828056967,-0.016504589692037608,11746506687.2478,-0.007074175011223542,0.01153303448487252,0.0002535617567331947,-0.0017849620264803992,-0.5993487503930301,0.002038523783213594,0.00011774568030745447,-0.00037559688170420234
2024-11-17,-0.04147125534175777,-0.041340082096381736,15122853835.9462,-0.004384151292755159,0.006887445486124475,-0.0034220713794914067,-0.0021115088486644766,-1.341159608212461,-0.00131056253082693,0.00018181625771874663,-0.000929130552710837
2024-11-18,-0.009487652654143641,-0.00922292841018546,30393971318.505,-0.0024410173457395552,0.035692470316360726,-0.006770689789904265,-0.0021373767396531186,-0.11199755179557809,-0.004633313050251147,2.3159524699116556e-05,-0.00021931252212229705
2024-11-19,0.016011605048694033,0.016169414563084183,27998124860.4433,0.009095135582107646,0.015738462012753796,-0.007943925436439478,-0.002225162531813247,1.0707056051806851,-0.00571876290462623,0.00014562771880503154,0.00037079378529517574
2024-11-20,0.006044771234146928,0.006240903604930015,27169810860.1057,0.023781962323432066,0.01910734248498507,-0.007512108758795356,-0.0021910026935845718,0.600924452408743,-0.005321106065210785,0.0001437565217442482,0.00014297651094722608
2024-11-21,0.02267177900784212,0.022604532536835142,40626855808.8208,0.026542965459349897,0.025062953195905742,-0.004386466927750011,-0.0021751965115767474,1.2332380876583537,-0.0022112704161732634,0.0006017762471071675,0.0005378801660464061
2024-11-22,-0.01851016939135741,-0.018375441890219224,26216909526.3785,0.0003285976543428142,0.0071477308788815514,-0.0036768645132039097,-0.0023220778904532325,-0.7002445754700857,-0.0013547866227506772,-6.082398243488203e-06,-0.00043276100955292154
2024-11-23,-0.03897384098305978,-0.038827172950659405,11819741402.0844,-0.009948760480368394,0.009136044551822119,-0.004224375556544514,-0.003048176403924078,-1.5821715323415748,-0.0011761991526204364,0.00038774140894042724,-0.0009173656525035234
2024-11-24,-0.02357043288876015,-0.02356419043994229,16831814834.729,-0.003061852997393512,0.024829232933156954,-0.004184413568891892,-0.0035276191215591625,-0.8841843382251092,-0.0006567944473327291,7.216920059031288e-05,-0.0005718102373817057
2024-11-25,-0.0487670587503356,-0.04828853589044613,31634790118.779198,-0.051025754518739655,0.0321644020688542,-0.005786837996935705,-0.004182429953152749,-1.7979913990413148,-0.0016044080437829563,0.002488375968395579,-0.0012267006334744238
2024-11-26,-0.019006945114449003,-0.018890350278452095,32058954666.3463,-0.02697859582553968,0.021603313172318134,-0.00685466005012212,-0.00447985012984502,-0.5069024938582881,-0.0023748099202771005,0.0005127806901209357,-0.00048053886333000983
2024-11-27,0.009327228514273811,0.009655409384459857,22446169054.8116,0.03458198067215206,0.02902406540773117,-0.007396771274998329,-0.003834722297106178,0.7134228808707292,-0.003562048977892151,0.0003225540362053625,0.00023680716530421515
2024-11-28,0.010585880672742798,0.010676836719305305,14702795800.160599,0.0017916774962990485,0.0074342074443946105,-0.006753865870658838,-0.004014740300036938,0.7299706874102913,-0.0027391255706219,1.8966484179860302e-05,0.00026211987493789807
2024-11-29,0.018092335872209153,0.018252511811569727,18512741566.7861,0.008960586358769547,0.02221322219190459,-0.0055192050917946675,-0.004021022047326342,0.9692326300620625,-0.0014981830444683259,0.00016211793801479426,0.000457459760188542
2024-11-30,-0.03183210198983344,-0.03181876877273471,9004708395.7383,-0.0024122192093485257,0.009973658009611818,-0.007606772202841909,-0.004174054199977495,-0.982348820108106,-0.003432718002864415,7.678600789381765e-05,-0.0008089042085688875
2024-12-01,-0.0041495282892634044,-0.003926705046940815,10975143904.8559,0.00889254583671779,0.006966467517999814,-0.009325860966498815,-0.004254049179750008,0.22539938462749845,-0.0050718117867488074,-3.689987051303198e-05,-0.00010160921520866608
2024-12-02,-0.02827571295247333,-0.028283461258992504,24755123881.9079,-0.006852021946759502,0.025843481001685265,-0.012091704710316223,-0.004045559670322901,-0.7539673078573946,-0.008046145039993322,0.00019374580571061918,-0.0006642873436785748
2024-12-03,-0.013542348432478812,-0.013361757018823361,19688305230.3451,-0.002327518714106695,0.011920036552290271,-0.011934710757560585,-0.0033101522896834615,-0.07498059581951319,-0.008624558467877123,3.15200694095479e-05,-0.0003029419448802506
2024-12-04,0.0053230122550995684,0.005528246341335086,26698552379.624,0.02897358669815055,0.023229792087748863,-0.011593654509196244,-0.003401579015956706,0.7808248054208701,-0.008192075493239538,0.00015422675706844522,0.00010963368786017514
2024-12-05,-0.008042269218791809,-0.007482833592323823,58190879933.223,-0.06082550817282493,0.03466933814384526,-0.010080665264271807,-0.003459806408237241,0.09855465832187586,-0.006620858856034566,0.0004891751120956795,-0.00015953898866494148
2024-12-06,-0.01829076449332323,-0.018087126748720372,27983159150.5382,0.020241049082211422,0.030615239105013698,-0.011071805129670284,-0.003821299889457114,-0.35133923492170904,-0.00725050524021317,-0.00037022426186052545,-0.00035779517204225365
2024-12-07,-0.025841004367075593,-0.025784601326620304,9559737335.7918,0.0051806047354897656,0.004909757020258866,-0.011509736774385456,-0.003885215608843205,-0.6900482192696823,-0.007624521165542251,-0.00013387202959388352,-0.000497339245191339
2024-12-08,-0.0005741662053087015,-0.00026243882458842904,10964662734.3106,0.011961571409786051,0.01085520526115799,-0.009562256339316452,-0.004414205598766584,0.456040842759958,-0.0051480507405498675,-6.867930065885913e-06,-1.1158959061894614e-05
2024-12-09,-0.05433821734654476,-0.054132562455881494,32095240187.1553,-0.018632894277810244,0.01776632977094786,-0.011697997515145078,-0.005375911621780379,-1.9383967768799462,-0.006322085893364699,0.0010124782590628433,-0.001009682430937505
2024-12-10,-0.004665980062818154,-0.004605008184245252,28129042004.1955,-0.0036743094152128465,0.023487525320166278,-0.012682644425217085,-0.0054847592741889785,0.37919175430815466,-0.007197885151028107,1.714425447600817e-05,-8.84223983561563e-05
2024-12-11,0.030187765569279934,0.030536359911486066,21990321141.771698,0.03736542648137146,0.02410144560248203,-0.01153297802830599,-0.004105955973987652,1.8296970679679423,-0.007427022054318338,0.001127978735015806,0.0005792506762171096
2024-12-12,0.006533691309657419,0.006791957229729251,21703839602.3259,-0.010126346342985666,0.02810496698615032,-0.012301458394886213,-0.003422120076164083,0.8622821945003916,-0.00887933831872213,-6.616242109974663e-05,0.0001263166197848455
2024-12-13,-0.0025060136521164456,-0.002653132376867151,15327839534.2343,0.01672454276223092,0.01718810030201288,-0.011539355740636645,-0.004043681883824738,0.4125746593525338,-0.0074956738568119075,-4.1911932487555975e-05,-4.964721289910451e-05
2024-12-14,-0.013496281487197836,-0.013291427550153445,10931716374.3351,-0.006486056430928444,0.004608490072285641,-0.010326138621786076,-0.004629912691358678,-0.15106085417936618,-0.005696225930427398,8.753764333366004e-05,-0.00026446816794427737
2024-12-15,0.07101671145982325,0.0713044366959017,16239310087.6506,0.026779765879546547,0.016043981398889167,-0.005821988890901152,-0.003552507763575834,2.822421701438871,-0.0022694811273253177,0.0019018109064293767,0.0013619078487963308
2024-12-16,0.012729555481900467,0.012876879420698373,28967203114.5623,0.013896868772539013,0.027924493341808163,-0.002893578689366101,-0.004215352218426247,0.6094437416489129,0.001321773529060146,0.00017690096206472543,0.00024154823476380734
2024-12-17,0.011228214973064699,0.011388262538371663,21115019475.699898,-0.00704374468707449,0.004828248118230494,-0.0014538091613892582,-0.004151679703167297,0.4966779927502618,0.002697870541778039,-7.908867956185472e-05,0.00020409047855818782
2024-12-18,-0.0528699942070765,-0.05259854279616716,33924249957.0183,-0.04428001535236828,0.03178669516018114,-0.004415581671929749,-0.005330721268586631,-1.7471648137414575,0.0009151395966568825,0.0023410841551689695,-0.0009679506021913346
2024-12-19,-0.03769924375616707,-0.03735634413693789,37081222303.6621,-0.0375567118135705,0.040289518838017485,-0.006714873311401647,-0.005755740088266576,-1.0902183985058818,-0.0009591332231350712,0.0014158596333399137,-0.000749184490035891
2024-12-20,-0.030310632586163844,-0.030282851978539194,37958727658.2742,0.006992159773453967,0.07066619264132121,-0.00901977657132417,-0.006502867587593206,-0.7531196110004258,-0.0025169089837309647,-0.00021193678587691782,-0.0006722883329137246
2024-12-21,-0.0034971804273488116,-0.0032486395486310826,15758501543.9687,-0.0018807781547701423,0.019237066674294253,-0.007670494592158236,-0.006112217181278657,0.15012324410408842,-0.0015582774108795798,6.5774205510473555e-06,-7.910994674912199e-05
2024-12-22,-0.04793516998832037,-0.047883173878783714,14215963268.6506,-0.01885974285675992,0.02254635264865389,-0.009755525149256187,-0.007524382011389072,-1.3105720113283426,-0.002231143137867115,0.0009040449797747975,-0.001119907678270825
2024-12-23,-0.014375487777477436,-0.014218618280925965,23352438472.944,-0.011829261181251865,0.035758433683736185,-0.009093609664732574,-0.007275794230988999,-0.1831014947025207,-0.0018178154337435744,0.00017005139952767448,-0.00034264126315540396
2024-12-24,0.03374820977804194,0.03393563317173154,20467193731.4279,0.044546752865280044,0.04232901600580671,-0.006841678321374442,-0.006339435812331099,1.3399650577738298,-0.000502242509043343,0.0015033731606280618,0.0008532611114119953
2024-12-25,-0.0015230852746515033,-0.0013583983367124741,12284101310.0662,0.013980388783006847,0.009018814640660096,-0.0071676829656483025,-0.005778494868561779,0.186963181991824,-0.0013891880970865233,-2.129332428930078e-05,-3.7477704303134314e-05
2024-12-26,-0.023175343522949587,-0.023221471724588216,18828963496.91,-0.032941414229867405,0.025017893143288953,-0.007888305551560578,-0.006250725066641703,-0.5029820977649512,-0.0016375804849188755,0.000763428590908957,-0.0005596114507537114
2024-12-27,-0.009300428818278084,-0.00922047252485525,19664748484.4432,-0.022230633061010877,0.034393244643243795,-0.007460194328939381,-0.005745534689141925,-0.060729530627055904,-0.0017146596397974558,0.00020675442036919108,-0.0002262492161766436
2024-12-28,0.039306897705471355,0.03945576394765804,6441586533.2291,0.007465406567994812,0.008802848417740962,-0.004357913277865716,-0.005204696098505992,1.380402704443661,0.0008467828206402761,0.00029344197229792606,0.0009634960347812343
2024-12-29,-0.054545741099433,-0.05426506871449366,8949366966.5803,-0.015201899656585702,0.011548592885236726,-0.006927988272824016,-0.0066374386638772915,-1.423571510796936,-0.00029054960894672483,0.0008291988828876832,-0.0013388336576550105
2024-12-30,-0.0009965971900076642,-0.0006404933541964697,20718759693.374,-0.009888495318623663,0.03624013604203036,-0.004387911122512726,-0.007618866142520689,0.10716419082781764,0.003230955020007963,9.854846647944285e-06,-2.5338343869382127e-05
2024-12-31,0.02608607414589259,0.026192283892052526,16839152825.5285,0.011475669717297172,0.024495825616497626,-0.0029235275887645952,-0.00785003248347372,0.897118299800542,0.0049265048947091244,0.0002993551711191883,0.0006644872834288445
2025-01-01,0.0020638852847090217,0.002429080767559988,8572615379.775101,0.008184092786454761,0.011176678994609977,-0.004262759983267972,-0.007769282256789773,0.2010549766381339,0.0035065222735218013,1.6891028670657236e-05,5.1302840774405444e-05
2025-01-02,0.009328835818361414,0.009598801976065774,17520373569.6746,0.020498979214140022,0.016127410958645463,-0.004129657863805877,-0.0069391943954807,0.4269683531752045,0.0028095365316748236,0.00019123161153271554,0.00022656989495557537
2025-01-03,0.00040429426214405595,0.0008535166287291229,12191508268.3213,0.011545242932424475,0.016649182175467424,-0.003991071772650615,-0.0064024306754970565,0.1393807970784476,0.0024113589028464414,4.66767547263843e-06,9.808739345920849e-06
2025-01-04,-0.0375107519840816,-0.03742476910203307,7047067115.1575,0.0002424580778433472,0.0070151161604748,-0.005134617986787937,-0.006561710721706176,-1.001660880881975,0.0014270927349182387,-9.094784824518948e-06,-0.0009143616298548935
2025-01-05,-0.018334997147204546,-0.018232105553235622,7346604757.8706,0.0018330765951047419,0.008000801269944222,-0.00938946125378926,-0.006465287904527435,-0.3278506165312167,-0.0029241733492618256,-3.360945414185286e-05,-0.00043991120418951347
2025-01-06,0.02387404464458709,0.023875979032321082,20828553113.3948,0.031569524645635026,0.029264790658783273,-0.008858771293661326,-0.005846395993321044,1.1757535019190164,-0.0030123753003402816,0.000753692240798283,0.0005743331847090421
2025-01-07,-0.039839707973492566,-0.039719940879368254,25560001123.228,-0.04775770838088487,0.03414904217666364,-0.011290577148259292,-0.00653301545325689,-1.011474595165617,-0.0047575616950024015,0.0019026531553776717,-0.0010140413267003283
2025-01-08,-0.04015093378526369,-0.040048518292586266,24890488875.3657,-0.015560192849165584,0.019194162117078833,-0.010684907604363443,-0.007499086850430507,-1.0748845462108365,-0.0031858207539329367,0.0006247562727727809,-0.0009978866831427474
2025-01-09,-0.04865340671410279,-0.0483149080520906,23994411572.6975,-0.015862768800494458,0.02882578495159386,-0.011206534411884192,-0.008225091197981559,-1.3350153709690966,-0.0029814432139026337,0.0007717777420622373,-0.0011826424207563478
2025-01-10,0.0043772584163497275,0.004732249888838913,24636484066.7169,0.010838505000523592,0.02497372372502113,-0.009554730078431165,-0.008031237247183335,0.49954408560127694,-0.0015234928312478305,4.7442937234190496e-05,9.68760070067907e-05
2025-01-11,-0.036100546779091136,-0.03600323484384094,6101597708.5398,0.004177384647870402,0.006043591002315464,-0.011107271333276037,-0.008794846042758727,-0.878886554135888,-0.0023124252905173098,-0.0001508058698947026,-0.0007762845696687669
2025-01-12,-0.010499800816664018,-0.01037918247965508,7302019629.8369,-0.0009106972645844207,0.010358888880957142,-0.009324634706054305,-0.00946867360726977,-0.04327152418325451,0.0001440389012154642,9.562139882417187e-06,-0.00021968782155268188
2025-01-13,-0.03310223945701973,-0.03274118933565884,33357739608.829903,0.002860616670231426,0.04101481501658222,-0.01021638478603251,-0.01046723305369377,-0.8281368791452631,0.00025084826766125917,-9.469281801274312e-05,-0.0007008853167547511
2025-01-14,0.027809840111557182,0.027926096747104,20204491556.2972,0.01770438761913408,0.017660956668856073,-0.010499164293960356,-0.009758517790965128,1.408948646927797,-0.0007406465029952281,0.0004923561889611513,0.0005561601199206951
2025-01-15,0.025496637257508725,0.02582518288438651,21890262973.6529,0.03207679153710597,0.025727086237063546,-0.009212510840047964,-0.00932461610496417,1.2284578639327715,0.00011210526491620652,0.0008178503182063167,0.000530185054052844
2025-01-16,-0.013554325844551962,-0.013667612826923747,21512694586.0727,0.005001610417078724,0.014198133654792264,-0.00875436714107665,-0.008907779318969678,-0.1708531267602541,0.00015341217789302877,-6.779345734059047e-05,-0.00027486934351004025
2025-01-17,0.03832663134145342,0.03832523619822603,25723721360.3901,0.02962845889535226,0.030677758208784125,-0.006486411895375148,-0.008339470451328271,1.498192854090753,0.0018530585559531233,0.0011355590212975724,0.0007704480131041848
2025-01-18,-0.013474126237825401,-0.013235614424277786,17403566499.7749,0.009547529596546247,0.014153317797103498,-0.008999793987913089,-0.008289148013388087,-0.15962980744129113,-0.0007106459745250017,-0.00012864461904323835,-0.0002742920147925793
2025-01-19,-0.00818640587017494,-0.0077979296921013574,29174848452.0504,-0.03536319942142801,0.050101265942254426,-0.006792206596043658,-0.0077608170693947084,-0.05358963904892319,0.0009686104733510502,0.00028949750333174526,-0.00018167913887204873
2025-01-20,-0.002197383648259388,-0.0022822617640039233,55636481995.3162,0.0036556591912791214,0.06299198072143038,-0.006849386903579454,-0.007645098513745752,0.1788946385819523,0.0007957116101662979,-8.032885730525879e-06,-5.156530235715719e-05
2025-01-21,0.004444003279833186,0.004904264674521874,28422391304.195,0.030540478769735424,0.03586100031116571,-0.00787996170672514,-0.007828711240235608,0.49207738837705645,-5.125046648953198e-05,0.00013572198782038002,0.00010669109907640878
2025-01-22,-0.010667180416473743,-0.0105864281004302,15829573488.171,-0.018383041039000524,0.01438125080998799,-0.008486202930590986,-0.008093980314054982,-0.08742821736880374,-0.0003922226165360039,0.00019609521536645953,-0.00025772418866745023
2025-01-23,-0.010227143123548332,-0.009852020374650605,43515004634.5494,0.014030599403654854,0.03614846451657669,-0.009417440023062879,-0.008616185427251656,-0.03290086625215754,-0.0008012545958112228,-0.00014349294821035008,-0.00025684306641752744
2025-01-24,0.00627717131446448,0.006598144945483053,17435123504.2742,0.009254767813431099,0.015179772362478663,-0.00913777921104762,-0.008222735574778293,0.6225624411188706,-0.000915043636269328,5.8093763040498856e-05,0.00015720479185323775
2025-01-25,0.0007696004046189309,0.000893446623485783,6869072101.7618,-0.004306771441709458,0.009011264315258928,-0.007314905287776167,-0.007591887298783393,0.33736748244494824,0.00027698201100722665,-3.314493044140855e-06,1.9346942476211028e-05
2025-01-26,-0.053418057881021386,-0.05296102822346349,7903655326.0526,-0.02385894058875356,0.024136569029343476,-0.00898552722748173,-0.008065659124057382,-1.7146323619143842,-0.000919868103424348,0.001274498269349888,-0.0013839184626515007
2025-01-27,-0.03615977326946318,-0.03613813954860656,32694557659.0746,0.006609635584808097,0.04324136533991175,-0.011844280461484124,-0.00786554348150385,-0.9567728123845888,-0.003978736979980274,-0.00023900292414043644,-0.0009608688230851499
2025-01-28,-0.021398702984036344,-0.021261979572993916,17380446310.6614,-0.012784293594000632,0.011391795885023348,-0.010966137366748114,-0.007903507892132221,-0.422249111883792,-0.0030626294746158925,0.00027356730147873803,-0.000545435562800228
2025-01-29,0.00828324252953494,0.008342489286552901,17464739221.2713,0.016570769297368906,0.01853533046725827,-0.00865974801842437,-0.007920079098239188,0.7030368796265275,-0.0007396689201851821,0.00013725970099107794,0.00021087325624984492
2025-01-30,0.01646863414213895,0.01654371601871696,14403072504.9993,-0.004563645791850647,0.009926022341630718,-0.00555869845384143,-0.007826702059042423,0.9638367229959444,0.0022680036052009937,-7.51570129003003e-05,0.0004044338573931998
2025-01-31,-0.01344358074394325,-0.013389017044148188,17878626999.905098,-0.018455386331920016,0.031371363931310015,-0.00640730984242681,-0.008327272164060715,-0.30864623308499145,0.0019199623216339052,0.00024810647631383337,-0.0003342407019615689
2025-02-01,-0.08421387513660528,-0.08401465972388156,9240331525.5912,-0.015781795197548066,0.010967451212849515,-0.008698420716594149,-0.009158728880676141,-2.7164368711796745,0.00046030816408199234,0.0013290461301977896,-0.0021135110272308276
2025-02-02,-0.05298683008975391,-0.05303047318427645,22949597609.4826,-0.015204639101166248,0.0159269717136662,-0.010721612586741288,-0.009933924147350594,-1.43588039019877,-0.0007876884393906939,0.0008056456286295246,-0.0013438568708369607
2025-02-03,-0.017124915220249393,-0.016508938244209292,43861859909.718704,0.07471241440856079,0.051057800166737076,-0.009960787623085558,-0.009756927357950213,-0.24677199009064696,-0.0002038602651353444,-0.0012794437626467427,-0.000442513453690605
2025-02-04,-0.017117488087924793,-0.017205684409724586,26009379200.5607,-0.029120545693331057,0.02606415681418532,-0.01210018420401327,-0.009813675606449355,-0.1808998897210938,-0.0022865085975639146,0.000498470594019464,-0.0004491711378761104
2025-02-05,-0.002578496903276273,-0.0024398789353859973,14787603373.439499,-0.01476617829894155,0.011714640577341813,-0.013437095354526842,-0.009939096386741036,0.4100579353187079,-0.003497998967785805,3.807454501704609e-05,-6.594047546741714e-05
2025-02-06,0.013825897686761124,0.014025789998027394,15732382004.6025,-0.00815706870494979,0.024422731920026728,-0.012133275186369075,-0.009591982626335434,0.9564764294430711,-0.0025412925600336415,-0.00011277879733851685,0.0003603043911172317
2025-02-07,-0.01546097905764876,-0.01536029565718644,21837468262.4659,-0.009859533396081165,0.020424518005908266,-0.014694589967278703,-0.009547065397197744,-0.031210871982801605,-0.005147524570080959,0.00015243803935499945,-0.00039536597291655077
2025-02-08,-0.024097691380120634,-0.0239992809872982,6644122527.120399,-0.0025700284356172188,0.009988262671486904,-0.015200474021673713,-0.009519393762484172,-0.3611163846431427,-0.005681080259189541,6.193175207963797e-05,-0.0006114433219544241
2025-02-09,-0.03554481585916425,-0.035379657798049746,9736102711.9428,-0.008825985781548676,0.008561876552488313,-0.016503255449720824,-0.0100744834395295,-0.7625853697797842,-0.0064287720101913245,0.0003137180393807495,-0.0008315871985925033
2025-02-10,-0.006963825149063463,-0.006917193848788417,12909986839.929901,0.006275606588689405,0.008334761216166806,-0.016730228854521016,-0.009322508960204399,0.3929415116330497,-0.007407719894316617,-4.370222698794364e-05,-0.00014479694940943902
2025-02-11,0.008975417783289696,0.009132312503352669,14974331187.2319,-0.018977594006467348,0.025850260654784595,-0.016514447211499278,-0.009105978835663005,1.0168942145655813,-0.007408468375836273,-0.00017033183472969898,0.0001823448571634371
2025-02-12,0.0011971810312905173,0.0014329632427587669,19439638352.879402,0.026571517758569647,0.018174571607789344,-0.0159494776187486,-0.00956614684420252,0.676743494687003,-0.006383330774546081,3.181091703315871e-05,2.4538217761824866e-05
2025-02-13,-0.007185701773909314,-0.007184971927841621,13680787136.6768,-0.00930613239089705,0.018487171616316234,-0.0158046470782896,-0.009783914988386119,0.3395957611437266,-0.00602073208990348,6.687109202950387e-05,-0.00014123964194729278
2025-02-14,0.0025118004334103716,0.0026963172422127535,14050947379.4366,0.003600291747478525,0.011590261954115152,-0.01598395045357789,-0.009704267145758708,0.733112856454739,-0.006279683307819183,9.043214371720343e-06,4.894173148918134e-05
2025-02-15,-0.005033911486998388,-0.004979373877501803,4625304231.2128,-0.0008341984953727767,0.004257074198209825,-0.016260308162702526,-0.009569943812422209,0.4478441878577946,-0.006690364350280318,4.199281388293792e-06,-9.694473528969535e-05
2025-02-16,-0.007114861137644257,-0.007232930834085938,5495964821.8901005,-0.014856768447324305,0.011482228167858122,-0.01405539403206552,-0.010810127504445504,0.29370334124836317,-0.0032452665276200155,0.00010570384445684711,-0.0001327330256129235
2025-02-17,0.0009259214882304523,0.0009714207975177747,10136667892.9053,-0.004463448720317155,0.00541558255120792,-0.01228940856741344,-0.010997486774186297,0.5676752913781109,-0.0012919217932271434,-4.1328030817563675e-06,1.560595845992154e-05
2025-02-18,-0.008418193324965295,-0.008390360652721363,17034410558.3045,-0.005642789098486842,0.023842087732725198,-0.011671289059838628,-0.011309334524948677,0.14023199178425655,-0.0003619545348899512,4.750208952306887e-05,-0.00014687547641030902
2025-02-19,0.009412643466689019,0.009483640802221638,11992996490.3516,0.00963131716653928,0.0107849070237595,-0.01161750806283129,-0.0103207212285397,0.9046087312228228,-0.00129678683429159,9.065615460323574e-05,0.0001607521293846762
2025-02-20,0.004300272955202411,0.004367708937700332,12598925800.6449,0.012654422993451823,0.016207173908872993,-0.012196953833637794,-0.009654062233121138,0.7281331514226338,-0.0025428916005166557,5.441747296243241e-05,7.472765626004584e-05
2025-02-21,-0.006223213420675,-0.006259613632707439,24420588679.3015,-0.02036994966418738,0.03129297045680251,-0.011853126818244067,-0.009271722246367346,0.24810368102878969,-0.0025814045718767203,0.0001267665441286451,-0.0001081201720986869
2025-02-22,0.002254493887188902,0.00240093289336607,6345520284.0928,0.0026292704451166935,0.0031540558551096188,-0.007735585436158631,-0.009180425828676272,0.6379014513850227,0.0014448403925176418,5.927674146282029e-06,3.833005323261211e-05
2025-02-23,-0.048775192593464745,-0.04870162498115216,6647362791.999,-0.0016127352436591546,0.010289092510025034,-0.0075350312696686695,-0.009193759520821422,-2.736911961387011,0.0016587282511527522,7.866147211174356e-05,-0.000816162697936024
2025-02-24,-0.04014861458351293,-0.03951996513692868,20543195679.4306,-0.04145640305652837,0.030848869184928712,-0.008631397906014552,-0.009602856771710874,-1.902738364060162,0.0009714588656963216,0.001664417148335325,-0.0006331766411046541
2025-02-25,-0.0240509678811891,-0.024067392265854637,41894200562.9206,-0.03857653743142158,0.04041856650594378,-0.00896156361045571,-0.010520304036143112,-0.897696128978173,0.0015587404256874014,0.0009278030627306095,-0.0003957434039736138
2025-02-26,-0.03637013204863526,-0.03608457769961304,34536661991.6454,-0.05367394698677953,0.04508673685300795,-0.010570689093568043,-0.011073431762714282,-1.4528289627391735,0.0005027426691462389,0.0019521285394806204,-0.0006562449299038493
2025-02-27,-2.7912998895596175e-06,0.0001662060044216318,22931080203.5431,-0.005957315602926253,0.0260914880318784,-0.01122919809293236,-0.010705613473459361,0.6584225060453511,-0.0005235846194729995,1.6628654384519836e-08,-5.0586663733068724e-08
2025-02-28,-0.020651001746305298,-0.02059028603610802,43686395142.1932,0.046999825708922124,0.04836769552619526,-0.011476342030487434,-0.010885781297713762,-0.5348976756494995,-0.000590560732773672,-0.0009705934827909954,-0.0004017364207764569
2025-03-01,0.012341374724057497,0.012352210538332464,12515888419.9825,0.008505075000533092,0.01261333939977902,-0.009741148406478953,-0.011313805472021918,1.251310201471828,0.001572657065542965,0.0001049643176377924,0.0002416269399650062
2025-03-02,0.025452745616180827,0.025056786463152125,32943383217.4127,0.09350449899695541,0.06961902025956439,-0.00683650262193871,-0.01004398822256773,1.774200856510084,0.00320748560062902,0.0023799462269379415,0.0005723327592340717
2025-03-03,-0.026174219960836798,-0.02625191352745826,39107649568.9303,-0.07235139267992437,0.059444062342486365,-0.0077512833272612505,-0.010443633028453907,-0.9861103985477184,0.002692349701192656,0.0018937412664772177,-0.0006522580918957892
2025-03-04,-0.006816865834187502,-0.00663766956105305,36591012063.2103,0.03875936524145239,0.06422624524256176,-0.008503296832855403,-0.010965901917026608,0.09220925386668313,0.0024626050841712044,-0.0002642173926692514,-0.00018233272336710716
2025-03-05,-0.003399262705389594,-0.0032881919685294747,24826777816.659203,0.04231667942301674,0.036072390198599716,-0.008722175106030646,-0.011052618551790077,0.2925555446834691,0.002330443445759431,-0.00014384551017858807,-9.381819700156619e-05
2025-03-06,0.0004226508882281266,0.000467186550028309,27350634937.0079,-0.018467218305099717,0.0306849311188936,-0.008359872598309816,-0.011193986566554098,0.47986438909910023,0.0028341139682442826,-7.805186219753114e-06,1.1910478718919458e-05
2025-03-07,-0.010971363792359523,-0.010600158778866997,39785179157.3045,-0.0023567714519731452,0.022611419458675557,-0.009001928037632192,-0.011374552567419234,-0.1085842584596808,0.0023726245297870426,2.5856996975044748e-05,-0.00031493557672799074
2025-03-08,-0.015720496745958656,-0.01563587882903439,8274279764.8036,0.0035416947055714673,0.006892597541873627,-0.009510813049963632,-0.01102867550014744,-0.34174747630866487,0.0015178624501838087,-5.567720009411526e-05,-0.0004532334943692168
2025-03-09,-0.04234265424579464,-0.04209094835216398,18439154205.8068,-0.0646436262363767,0.035412643593288794,-0.011188327007494604,-0.011409749422347284,-1.5964666287230924,0.00022142241485268062,0.002737182714921278,-0.0012690211942052618
2025-03-10,0.0029809086381766825,0.003415385168732854,33576468153.0327,-0.04275852048909626,0.047884333500957596,-0.011090470476544783,-0.011741386501814116,0.7185373288128905,0.0006509160252693331,-0.0001274592430816017,9.53670214232893e-05
2025-03-11,0.002275323432094245,0.0026232481417141074,31496850047.138397,0.0419983560779965,0.030696798943807918,-0.01058125539287528,-0.011072893939820675,0.6495117994534347,0.0004916385469453943,9.55598436937032e-05,7.353621456489424e-05
2025-03-12,-0.009406386736849903,-0.009250613846523592,25257040236.9463,0.018614151991051497,0.024438695623169554,-0.011477399688281896,-0.010584885256512518,0.10751452150089337,-0.0008925144317693777,-0.00017509191240633502,-0.0003101210124835095
2025-03-13,-0.015309183755131683,-0.015361893083003175,20339091216.6417,-0.029787924302912952,0.028553246696161445,-0.012411183341154949,-0.01005561187621139,-0.15307411744230223,-0.0023555714649435584,0.0004560288068372472,-0.0005137318822472593
2025-03-14,0.0020519925461124355,0.0022966198377498692,19480400183.0068,0.02507108038420456,0.02335618842419376,-0.01201712591416507,-0.010092520858278648,0.7345996882315019,-0.0019246050558864216,5.1445670071373455e-05,6.808339455750795e-05
2025-03-15,0.01850481323957487,0.01851103764865414,6452002481.0053005,-0.001623773341459867,0.00874409037892759,-0.011243301183099071,-0.009225769111950617,1.4826517283609215,-0.002017532071148454,-3.004762242711527e-05,0.0006189000447766804
2025-03-16,-0.0014465841344049046,-0.001606983743444368,14560229989.6632,-0.021030819323226275,0.02596946813458228,-0.008989557923143841,-0.009082067259851266,0.41422247982790644,9.250933670742513e-05,3.0422849566515222e-05,-4.9461661688642e-05
2025-03-17,-0.01563833045546914,-0.015589304917250857,15243760952.7371,0.003841204122323126,0.01259133712670483,-0.007822401536094137,-0.008804862355064749,-0.463922260828708,0.000982460818970611,-6.007001941179935e-05,-0.0005211103479161508
2025-03-18,-0.007862777655439412,-0.00782647123579161,15546964609.497301,-0.005326551121897847,0.01698014748981607,-0.007051535334867962,-0.009371094383112314,-0.04936643270641789,0.0023195590482443526,4.1881487141814125e-05,-0.00025323268929806014
2025-03-19,0.03550481499490821,0.036250203396385405,21278400806.1707,0.044777711024008765,0.022660895038747988,-0.0036289188089849394,-0.009212234419026608,2.2396198201933113,0.005583315610041668,0.001589824345802893,0.0011055709660864378
2025-03-20,0.007657064548985737,0.0074972272561506514,20712134490.6818,-0.019595635284200177,0.01199089610132294,-0.0032641637685623063,-0.008875545682621248,0.6193949651236678,0.005611381914058942,-0.00015004504424950322,0.00023328904069445038
2025-03-21,0.0029952513348858734,0.003125736217633568,12128213315.5817,-0.004269264148929797,0.009896979118448319,-0.0021381517170770124,-0.00943636123828105,0.2981699639489454,0.007298209521204038,-1.2787519141062378e-05,8.576969601049355e-05
2025-03-22,-0.055610167799812205,-0.05539255266800269,4391946161.3191,-0.004870887328703679,0.004269997032056597,-0.005373939456308903,-0.010105187294820524,-2.457459410049562,0.0047312478385116204,0.0002708708616831906,-0.0015703156373143123
2025-03-23,0.06399264166188656,0.06414663816535482,7717260188.0899,0.021724392932469007,0.014921321417633703,-0.0035387063112752963,-0.008959488127644943,2.7400542146321993,0.005420781816369647,0.0013902012922495102,0.001640340705987595
2025-03-24,0.01079909520896849,0.010814707758303621,18432550277.6387,0.011045948853835736,0.014823280417484425,-0.0017780722555702827,-0.00875319481245085,0.5183078338113616,0.006975122556880568,0.00011928625334596848,0.0002538702225104134
2025-03-25,-0.0011020701507260533,-0.0010132009536407693,15155815871.099,0.010266577067984117,0.014416300057944616,-0.0015059391277864043,-0.008841227724047029,0.016662277992873183,0.007335288596260625,-1.1314488136753898e-05,-2.329398222518719e-05
2025-03-26,-0.03257102919371935,-0.032498949368306995,16368183043.4019,-0.0028368748134148048,0.01860503265948655,-0.0028950708653259164,-0.009188907863368387,-1.1789990380760695,0.00629383699804247,9.239993236666073e-05,-0.0006613479231772041
2025-03-27,-0.02713639135292123,-0.02704977858159696,14210148345.9687,-0.00503254937646792,0.0065162564258137295,-0.004207406210142552,-0.00945730862891399,-0.8921204173539329,0.0052499024187714375,0.0001365652293827332,-0.0005197677588739621
2025-03-28,-0.019265494643442627,-0.01938252785918715,18906017105.6124,-0.027653642967636536,0.024494085478087117,-0.004602364822098891,-0.00986274777110299,-0.5667137766711349,0.005260382949004099,0.0005327611104646766,-0.0003707365472433535
2025-03-29,-0.034660339336157864,-0.034649308604554396,11234711035.3115,-0.018245529246699074,0.018696797187021583,-0.005504262088298853,-0.010425127766988337,-1.0960612297354138,0.004920865678689484,0.0006323962350583827,-0.000686470782237855
2025-03-30,-0.01693792116481474,-0.01690187839250845,9064725716.8179,-0.008343680278954109,0.0054964713851257925,-0.004294512893966477,-0.0098460779778422,-0.49793115264331556,0.005551565083875723,0.00014132459878934416,-0.00031133723447113946
2025-03-31,0.01085040247363156,0.010886816357421836,17489658395.7987,0.012511671728990984,0.01944849462387858,-0.003919775092278149,-0.00909988471207879,0.5778150485487041,0.005180109619800642,0.00013575667387750982,0.00018474968912385152
2025-04-01,0.013722084653042588,0.013913665919329299,16592830383.7936,0.026076926219569887,0.018630906482397198,-0.0033746912246139424,-0.008542411892442618,0.6621125107315201,0.005167720667828675,0.0003578297890760838,0.00022576154396277472
2025-04-02,0.0032537819662499246,0.003160746950754856,29832752692.170403,-0.024246283110507406,0.05762311147406827,-0.0027718260482758553,-0.008622244599796347,0.23335639471647057,0.005850418551520492,-7.889211873355912e-05,5.867425763204959e-05
2025-04-03,0.012353476869521929,0.012446646356351954,19745607618.6561,-0.003210699479334725,0.019897380975601186,-0.0014545564947209214,-0.008687564556504554,0.534046438484818,0.007233008061783633,-3.9663301752947624e-05,0.00021767381411074297
2025-04-04,-0.007716315388276773,-0.0078390539723604,29383845902.268,0.012882328202934746,0.025575342309698008,-0.0019197140154061218,-0.008596655582605087,-0.22400495199079942,0.006676941567198965,-9.940410734913724e-05,-0.0001367803587346242
2025-04-05,-0.012499020328598398,-0.012304388574597924,8287351555.4536,-0.0009527697471871344,0.013569542446750805,-0.0033960870424619917,-0.007458324553906564,-0.3564780653142182,0.004062237511444572,1.190868843856555e-05,-0.00022443124445841876
2025-04-06,-0.03373038824506369,-0.03411106103354078,22582931441.791,-0.060772588927187676,0.0394998355923528,-0.004933411047731458,-0.00715266674684799,-1.0920085712625043,0.002219255699116532,0.002049883019171699,-0.0006273923060896402
2025-04-07,-0.0024727377176292364,-0.002098070649717898,53937100469.048996,0.018754503532545763,0.04804225266943543,-0.004306478060215272,-0.006920092500774654,0.06983098660530188,0.0026136144405593817,-4.637496826033666e-05,-5.016776549259541e-05
2025-04-08,-0.00029507060534961216,-0.0004817043569463886,25796580911.5206,-0.04574488162681667,0.03016978888653256,-0.003946111057830043,-0.006653070001051239,0.13903229596638775,0.0027069589432211954,1.3497969913271146e-05,-6.171822787599167e-06
2025-04-09,-0.004511050784847925,-0.0042935495887459485,44072322884.097496,0.09584308682466378,0.07573408686562635,-0.005851628475913669,-0.006683745459488884,0.05436796166924483,0.0008321169835752151,-0.00043235303204264736,-0.00010575582001376145
2025-04-10,-0.01474868564925469,-0.014597695377547626,23687469484.8299,-0.026929187213558425,0.04047444410341853,-0.006918568961544165,-0.0071373102743462775,-0.3192297494146441,0.00021874131280211206,0.000397170117002702,-0.00036576860338657913
2025-04-11,0.01814385566390131,0.01833600986664563,24267636755.0135,0.03144948520799792,0.021108948126085155,-0.006197206850638668,-0.0066039001994010384,0.9716421546551846,0.0004066933487623702,0.0005706149203179135,0.0004596561599881536
2025-04-12,0.05058089558227352,0.05072798983252724,13313650656.686201,0.027323925533952142,0.020402553372146585,-0.001140489546729824,-0.005418525803172559,2.0447344363108773,0.004278036256442736,0.0013820686243306505,0.0013202727320473237
2025-04-13,0.011263061467154056,0.01142369585083891,17457667797.3317,-0.01981230074275741,0.014740158826004175,-0.003651421936955181,-0.0046755436233897295,0.720255273241219,0.0010241216864345483,-0.00022314716107141866,0.0002938935366368541
2025-04-14,0.009099402245116073,0.009151570832889533,17726843976.2684,0.00020698999365983926,0.01493355735418849,-0.00373235969713863,-0.004420571759990054,0.6213579850085313,0.0006882120628514243,1.883485213024903e-06,0.00023748371646331086
2025-04-15,0.005230493101366029,0.0054498829983837815,15709860552.1604,-0.02063512860805666,0.014725264530916826,-0.0034308090660866257,-0.004480015008909478,0.4176629523298652,0.001049205942822852,-0.00010793189783024115,0.00013658668379212336
2025-04-16,-0.003892935828003208,-0.0038957196937087213,17600465000.7882,0.004008499557464661,0.014949181259748655,-0.0020651855724810953,-0.0045608105146125524,-0.09307339690913555,0.002495624942131457,-1.560483154378918e-05,-0.00010098061618697454
2025-04-17,0.021185771193795944,0.02147033995237191,11925437240.4436,0.011390064293199192,0.008967316211678499,0.00023586978688638904,-0.004110469673855326,1.0808644984961395,0.004346339460741715,0.0002413072959983432,0.0005520200055265223
2025-04-18,-0.0073432905383998825,-0.007177527438213538,4669701038.4181,-0.0043649636443081775,0.004832162712978416,0.0008035937918884244,-0.004266899689280886,-0.42985547580809014,0.005070493481169311,3.205319622970771e-05,-0.0001844626181807116
2025-04-19,0.011285249557764665,0.011292057403900602,6243873371.14,0.0023732707519772446,0.004040525033458604,0.0029914789773133068,-0.0040078653869830595,0.48142842013108744,0.006999344364296367,2.6782952704207014e-05,0.0002756080020896622
2025-04-20,-0.007983050047600804,-0.008086177656667637,7672458746.815,0.00026078468143524375,0.011767516682754518,0.0034179014114663515,-0.004021646163331576,-0.6780084389847062,0.0074395475747979275,-2.081857163545183e-06,-0.000197345699778487
2025-04-21,0.03848834226656028,0.03807954756571186,23894438019.9122,0.0034289164033375844,0.015338474384584662,0.004733993782558195,-0.0034254172620882457,1.831469950748321,0.008159411044646441,0.0001319733081350798,0.0009439217377757664
2025-04-22,0.06349010900226393,0.06389260281612064,30146810687.623302,0.05834642312166762,0.03459542366886385,0.007103899703949688,-0.0022840156378465116,2.5157638816080965,0.009387915341796199,0.00370442076388689,0.0016053530521673081
2025-04-23,-0.007456986991980941,-0.007246158692389759,21736791484.5585,0.005419858510922554,0.013592884895178061,0.006593863086891075,-0.002551787549888892,-0.6210043819105955,0.009145650636779967,-4.041581441432667e-05,-0.00017291568270998603
2025-04-24,0.02235668095343013,0.0226013505797662,14589477688.5148,0.013922487695107632,0.010887090519080309,0.007070206138505751,-0.0022651778991233727,0.6687745226744746,0.009335384037629124,0.00031126061547757814,0.0005088235271380987
2025-04-25,-0.016506443863974818,-0.01637933991403706,18114328489.7902,0.014148404781996889,0.013375768409036511,0.00665162859204394,-0.002428403779175751,-0.9973596976019966,0.00908003237121969,-0.00023353984929882452,-0.0003660868105696824
2025-04-26,-0.010956694560793623,-0.010917521414542608,6848477987.1194,-0.0011550206899919812,0.006387356381944959,0.00672507267622512,-0.0026381051831119813,-0.7635229731508296,0.009363177859337102,1.2655208911639237e-05,-0.00023925486449288878
2025-04-27,0.003458198519968425,0.0037125976999352606,7891352346.555,-0.004521386818988006,0.009474236882426526,0.008495957760274267,-0.0018090037368670106,-0.23703290749223555,0.010304961497141277,-1.5635853205629068e-05,7.057013843375369e-05
2025-04-28,0.005419885399454927,0.005466575596975831,18333704018.2604,0.012386732644955153,0.022105867955274434,0.008871796956325895,-0.0010856942133278381,-0.16344964990904823,0.009957491169653733,6.713467140934414e-05,0.00010390761865702026
2025-04-29,0.007498725206568357,0.0076843335020955195,14010734428.514801,-0.004235175821942265,0.013021892114158079,0.00924293009022675,-0.0005849054341570848,-0.08298543109058976,0.009827835524383835,-3.175841969024732e-05,0.00013763899771613184
2025-04-30,0.005310522812032481,0.0053415752517944615,16099511642.4903,-0.009139505141688693,0.014523086635906393,0.00971062407103058,7.669226204399046e-05,-0.21149203221094803,0.00963393180898659,-4.8535550545625956e-05,8.199541042527546e-05
2025-05-01,0.046194303910020995,0.046040841598532056,17724494702.1216,0.01763796451812581,0.014531366759595498,0.01261267119290085,0.0008099794875981262,1.5646517585715323,0.011802691705302725,0.0008147734933044706,0.000656180480201661
2025-05-02,-0.012419200611367254,-0.012248326996665226,13503167893.5523,-0.002307541378801011,0.01142960389500161,0.011157287560745204,0.0009406429976765079,-1.0670137458448696,0.010216644563068696,2.8657819302360754e-05,-0.0001706878896383616
2025-05-03,-0.037796824780134575,-0.037671382573666534,6871382895.5311,-0.005089148985035408,0.008270662252733095,0.006948824686344819,0.00014479856110203058,-1.9779984160511501,0.006804026125242788,0.00019235367246738303,-0.0004976391097994888
2025-05-04,-0.022722438705933157,-0.022357284066066074,8988011491.011,-0.015268565519603447,0.014732634860553049,0.005330467535245427,-0.0006198869043283501,-1.193925566153539,0.005950354439573777,0.00034693904414671373,-0.0002991591629349742
2025-05-05,0.01508608889954055,0.01518093019048683,14600852881.6568,0.007372668370771863,0.01316852042811363,0.005615547852122783,3.5038633137956985e-05,0.4016252292713223,0.005580509218984826,0.00011122473046829511,0.0001973525055831952
2025-05-06,0.004520694032428052,0.00500080454489793,16444015298.9578,0.024900720285575925,0.022503776153750297,0.00558174789645907,0.0002149999008620134,-0.04499493050447623,0.005366747995597057,0.00011256853759816322,6.0813096872856086e-05
2025-05-07,-0.0020932691885535704,-0.001966704107387862,17927424779.6889,0.005527246495562988,0.013028679378731669,0.005667446307861434,0.00023572995668480744,-0.3295599047952627,0.0054317163511766265,-1.1570014786702701e-05,-2.7967556222223616e-05
2025-05-08,0.0525687707381548,0.05271107795788166,31823810370.5613,0.040832852410871055,0.024259382566611178,0.007161874857592808,0.0010634461447788816,1.7808087685134422,0.006098428712813926,0.002146532856971992,0.0007406361855207941
2025-05-09,-0.01710333711656542,-0.016981598134420017,17811570329.7221,0.005087627244595792,0.013668768164902319,0.006697110734823021,0.0009661132348708515,-0.9202909562953797,0.00573099749995217,-8.701540388774468e-05,-0.00024816414234976234
2025-05-10,0.020766418689005528,0.021065040567399773,10820371034.8627,0.015477675227750207,0.017168172924498418,0.0071485949791678235,0.001545270622727426,0.5231949961455045,0.005603324356440398,0.0003214158841119098,0.00031429595541803134
2025-05-11,-0.035254212841941523,-0.03518940783208102,14486322662.4281,0.0012008433304321344,0.015189433422072168,0.005849968179437314,0.0016577855656457294,-1.4967791060089373,0.004192182613791584,-4.233478636088038e-05,-0.0005393106929513945
2025-05-12,-0.022645076327040492,-0.022248988149585314,26551603069.140602,-0.0128113827845442,0.018051574359982756,0.002938853008313467,0.001251023899531171,-0.9452316928784228,0.001687829108782296,0.00029011474101093594,-0.0003493447110952568
2025-05-13,-0.005428213807806337,-0.005338207621635838,16783134050.1225,0.02333563799936107,0.018585675958084143,-0.0003429718874041648,0.0011287455306438602,-0.21854002148020904,-0.001471717418048025,-0.000126670832402102,-7.960254153441525e-05
2025-05-14,-0.023128593712589574,-0.023079167842101622,13068576865.3795,-0.0008801622539990124,0.005558800211474286,-0.001089238874099814,0.0009109327215051353,-0.927779471941494,-0.0020001715956049493,2.0356915173900227e-05,-0.00033032296113740916
2025-05-15,-0.00746634537362989,-0.007363010232352973,18109801387.1545,0.009770420412526142,0.015276331716610097,-0.0025093829849121957,0.0010354222196242114,-0.21396294878544464,-0.003544805204536407,-7.29493332454836e-05,-0.00010819502108696376
2025-05-16,-0.005652426333236149,-0.005613767467606667,11990203384.412,-0.005466012166410777,0.00826892704602077,-0.0019925250072579735,0.0009131298564599481,-0.15940582311650883,-0.0029056548637179215,3.0896231107209443e-05,-8.053489563410578e-05
2025-05-17,-0.01604853564743125,-0.01602964721317479,9316018419.6171,-0.003728986432890438,0.004884979825166663,-0.002234993630431194,0.0003646640011106446,-0.5983621410326019,-0.002599657631541839,5.9844771697029695e-05,-0.00022750891207747053
2025-05-18,0.0378458484492854,0.038382970009138706,18124062039.3125,0.030179946998909055,0.03402196169681458,-0.0005974864909399093,0.000988353407200967,1.558017513815041,-0.0015858398981408763,0.0011421857003281778,0.0005807537325721524
2025-05-19,-0.019361808612305298,-0.019164332525906325,26840364600.388,0.018768514732842526,0.01945500963695599,-0.0017775671581665867,0.0009292505793146788,-0.7044048862181874,-0.0027068177374812655,-0.0003633923901945293,-0.0002946675865556202
2025-05-20,0.02625003887266031,0.02630317487023137,23924084086.0768,0.010164773119155684,0.017503269549586132,-0.0008846474597812557,0.0014707238575384838,1.0583817384780871,-0.0023553713173197393,0.0002668256895096093,0.0004051013717028014
2025-05-21,0.013110340951449029,0.013380805999316348,44576303267.8202,0.026050396277353453,0.025154044384126734,-0.0005132275483804678,0.0011152560155788143,0.5282869733378445,-0.001628483563959282,0.0003415295771164623,0.0002089610891026489
2025-05-22,0.01285400551808169,0.012943706691896928,27295716075.3018,-0.0008343083826156759,0.008756774467073942,-0.0021008608051394824,0.0011977471420724008,0.6306988887670647,-0.003298607947211883,-1.0724204553923709e-05,0.00020134084729919686
2025-05-23,-0.023568644703307218,-0.023584843839857816,30543709259.443798,-0.03456351524650612,0.020202018225741906,-0.0026317867142794807,0.0007760979986090185,-0.8696084815406526,-0.003407884712888499,0.0008146152105422446,-0.00037901679982250356
2025-05-24,-0.04169259979540407,-0.041679016288656556,17895241893.069702,-0.005628570032139966,0.019976536530803533,-0.002817299810244695,0.0009970117764567666,-1.5949586417930406,-0.0038143115867014616,0.00023466971777041625,-0.000693715765589139
2025-05-25,-0.0359907948414494,-0.03599625238910209,17159184232.0091,0.008391704041995048,0.015068647933967078,-0.0034491262928883254,-0.0005900268981993598,-1.2976458693583253,-0.0028590993946889655,-0.00030202409854560545,-0.0005994203204233969
2025-05-26,0.002715504262742474,0.0028017679112823934,16103265896.3352,-0.0018285297673152545,0.010208010204473225,-0.004038201751783472,-0.0007183378655997727,0.2727268335398993,-0.0033198638861836995,-4.9653803776960775e-06,4.484342028797206e-05
2025-05-27,-0.020534252910348938,-0.020339287424733565,24452829099.8677,0.00040783671665229617,0.011782028492282277,-0.005231294463344281,-0.0010267852109906122,-0.6137477138441809,-0.00420450925235367,-8.374622285864568e-06,-0.0003286155423576219
2025-05-28,-0.02169944216923303,-0.0215328890694233,17119395349.8769,-0.01001713907995733,0.018091295340485983,-0.006164921748138541,-0.0008542203375860674,-0.6170333125964431,-0.005310701410552473,0.00021736633016669824,-0.0003524936358069985
2025-05-29,-0.03153486355582469,-0.03139821530246467,22850297579.7762,-0.023008812766299316,0.022034277119772402,-0.010169856714518517,-0.0009240373566797731,-0.9785481443732849,-0.009245819357838744,0.0007255797711667661,-0.0005089224480534576
2025-05-30,-0.02665581836196851,-0.026597845930681263,23083176001.5792,-0.01932905980537821,0.016459212348120863,-0.010624736773823426,-0.0010413440823706602,-0.7259424671499076,-0.009583392691452766,0.000515231907279788,-0.0004337244128987826
2025-05-31,-0.023630045757155105,-0.023628783870462855,10771231013.7278,0.008690410569706026,0.010408948096368088,-0.012738854128402503,-0.0008662600573071243,-0.5179484049854947,-0.011872594071095378,-0.00020535479941061777,-0.00037688545302157477
2025-06-01,0.0014444226374314972,0.0014606376298413881,10189734693.2765,0.011879920415371352,0.00889323332902622,-0.010991300057956168,-0.0005744768223508349,0.6041723218651182,-0.010416823235605334,1.7159625978846977e-05,2.260463351286824e-05
2025-06-02,-0.011194422336022858,-0.011212048049762835,16568774033.5745,0.009805578287901632,0.01996882213244095,-0.010446030820288662,-0.0009243946764723335,-0.03666814267275652,-0.009521636143816329,-0.0001097677846037068,-0.0001762102315054127
2025-06-03,0.0017546186337609182,0.001698239626249931,14728115908.785099,-0.0011262988140469964,0.015516640322081193,-0.01010399118021403,-0.0011143544545561695,0.5768422803340805,-0.00898963672565786,-1.9762248863096834e-06,2.736284049371868e-05
2025-06-04,-0.010888366535797167,-0.010740849253493612,12459563151.840302,-0.007929920522186898,0.005525273841751873,-0.009521123219414392,-0.0013388330022077106,-0.06721133896093064,-0.008182290217206682,8.634388124531101e-05,-0.00016978398047334854
2025-06-05,-0.04835144620702436,-0.048180344308772605,25426533952.9847,-0.03422760853919425,0.026461936037076184,-0.011468032782909369,-0.0023024032097719374,-1.6747655408405273,-0.009165629573137431,0.0016549543730779385,-0.0007797058584476114
2025-06-06,-0.008087737650657845,-0.008069791512386404,18075103218.603798,0.017370839751438685,0.016987013911355823,-0.011583999988500878,-0.002308298801238304,0.15894071513351288,-0.009275701187262574,-0.00014049079468125462,-0.00013377885770929473
2025-06-07,0.05729128416328888,0.05742033559394133,8393331490.526,0.006514550931017244,0.005368511206479119,-0.008091627616561823,-0.001200516190255966,2.4585130008126828,-0.006891111426305857,0.00037322698858512706,0.0009489713707899257
2025-06-08,0.03177738759272608,0.03200294262639658,7939013396.4349,0.0022746132853124663,0.00716209992395727,-0.008380601943064649,-0.00016071022457676324,1.538695035734073,-0.008219891718487886,7.228126799093827e-05,0.0004857152554532771
2025-06-09,0.07426217700807225,0.07449233371272035,20800388814.9273,0.04273069755474928,0.027346739034395405,-0.00392231691352286,0.0010573042948788158,2.477699133840519,-0.004979621208401676,0.003173274625489191,0.0011629999119336532
2025-06-10,-0.005787304640545443,-0.0057747371978432716,16647654303.542099,0.006457941312245518,0.010541131128815474,-0.0054479046998659915,0.0009701259768598344,-0.011023503649835075,-0.006418030676725826,-3.737407372472861e-05,-8.871474864525357e-05
2025-06-11,-0.033624244592533103,-0.03347787483765241,14691641846.5674,-0.009750650068224061,0.010763005845927204,-0.007673361154341331,0.0005080117894362602,-0.8352924392792369,-0.00818137294377759,0.0003278582428301654,-0.0004923904844393732
2025-06-12,-0.0437684357823197,-0.04337233524006856,19916220925.2797,-0.020719478024306386,0.013019196151660115,-0.010369667882931874,4.7380834943164734e-05,-1.055284952567373,-0.010417048717875039,0.0009068591433500384,-0.00064982491634348
2025-06-13,0.005331200513201351,0.005503459154610368,25704797377.6442,0.017059195820764546,0.012077604851961726,-0.008993484777383846,-0.00015599464363937429,0.4522431954436955,-0.008837490133744472,9.094599351446229e-05,7.708920099999109e-05
2025-06-14,-0.011801019551987313,-0.011782989522847731,8391666383.1509,0.0016195735371120935,0.008158703014923892,-0.007570076194364001,-0.0011461837727546255,-0.1374078241533982,-0.0064238924216093755,-1.9112618977341065e-05,-0.00016400176407534332
2025-06-15,0.0017935812984313237,0.0018899553662516944,8299752647.8676,0.0010333703674880925,0.008071376596903419,-0.005770820187703014,-0.0012964929817819706,0.2509378671617645,-0.004474327205921043,1.853433765479747e-06,2.4328227173708588e-05
2025-06-16,0.020943945695334865,0.020972662288313293,17887208567.0373,0.00832022378908374,0.023808039581772612,-0.0049027991671033765,-0.0011084843555880216,0.8430350443713943,-0.003794314811515355,0.00017425831521160313,0.00029764846297871024
2025-06-17,-0.006786933669288175,-0.0067190251824390534,23808393905.4278,-0.02872291514747851,0.019176749839053705,-0.004248164917529054,-0.0012992371614714217,-0.08336187944807551,-0.0029489277560576324,0.00019494051989452923,-9.884354769293598e-05
2025-06-18,-0.0028363106569085916,-0.002746724963222591,18052952724.8775,-0.002851905821708158,0.013986389187038236,-0.003349920559799319,-0.0012824653333588087,0.017011805223965303,-0.0020674552264405106,8.088890874610503e-06,-4.0753043921944594e-05
2025-06-19,-0.017045795089430715,-0.01706131879145656,9170655647.4608,-0.0042668842743150345,0.008880999398991504,-0.002659964918542463,-0.0018893155918227238,-0.4847592599492286,-0.0007706493267197391,7.273243501028835e-05,-0.0002342430123629703
2025-06-20,-0.021445912671905765,-0.021354485815470836,20795551830.7014,-0.012598746442065286,0.022165983925267977,-0.0024118741713966183,-0.0021131667367990077,-0.6455110316168559,-0.00029870743459761056,0.0002701916159720156,-0.0003005372985751735
2025-06-21,-0.0319957672080341,-0.03191641459770045,12390156115.4865,-0.013183701782726721,0.013765727737914213,-0.002810241859533713,-0.0028001670029227975,-0.9779972082206851,-1.0074856610915554e-05,0.0004218226531802683,-0.0004534945616117868
2025-06-22,0.001977111283331112,0.0019754416592607793,29530840749.9246,-0.014124096329190159,0.04353917700833471,-0.0027848757335384934,-0.002642069204019116,0.15955108328186646,-0.00014280652951937723,-2.7924910219297404e-05,3.128459638301986e-05
2025-06-23,0.012475457699989256,0.012935141898446245,30424122122.1681,0.040573349306965406,0.028714639261186614,-0.001657738588966488,-0.003054972133647228,0.4717445848612523,0.0013972335446807399,0.0005061711030259354,0.00020259961389253346
2025-06-24,-0.005866982782755548,-0.005806375871492686,15211187542.8234,0.011046797359437902,0.006178085677921381,-0.002020671989752986,-0.004155878352457061,-0.1283721757916617,0.002135206362704075,-6.481136991241161e-05,-9.266993824206408e-05
2025-06-25,0.0189602478431663,0.018957136768935623,17055576325.5144,0.010334726125504217,0.010205253123812924,-0.0005993094002785355,-0.003736557164597581,0.6470826232654675,0.0031372477643190457,0.00019594896873080574,0.00030370557719194634
2025-06-26,-0.00812033998539552,-0.007999775613669269,12286992617.7236,-0.008341958649970891,0.007279375140283132,0.0013164575626561713,-0.0042203194017217975,-0.3339229077804527,0.005536776964377968,6.773954038187466e-05,-0.00012265417859568821
2025-06-27,0.013459291311470167,0.013510214625990669,12685404247.2056,-0.003892026269204241,0.00847251713658598,0.0023425065608527434,-0.0037446728116353693,0.3929159802434547,0.006087179372488113,-5.238391534911429e-05,0.00019783960015938215
2025-06-28,0.04242554594046122,0.0424317175802138,3824571878.0348,-6.527141254300355e-05,0.003238619377401311,0.0016346142645276166,-0.0028973356608218,1.5104296520844296,0.004531949925349416,-2.7691753114419937e-06,0.0006193148120463612
2025-06-29,0.046013317461381265,0.04603831988528451,8563401844.1215,0.010705256592200696,0.015611257234954126,0.0023125156868445303,-0.002221857582386676,1.5628421719774288,0.004534373269231206,0.0004925843700824752,0.0006902010114125861
2025-06-30,-0.025124617869546895,-0.02505083819332632,12341253790.3646,-0.01279788995693416,0.010227241045519909,-0.002420188831137334,-0.002706690967608927,-0.9796052274207431,0.0002865021364715928,0.0003215420947044827,-0.00035638800529809125
2025-07-01,-0.026657441506268587,-0.02663141556853743,12798966761.0981,-0.014206913879646873,0.010171861762843397,-0.0034140048723622454,-0.003248852344003164,-0.9779043895049364,-0.00016515252835908132,0.0003787199757312818,-0.00037766207063038757
2025-07-02,0.040889243653986496,0.04105890041514826,19179636772.5586,0.024752357022093156,0.01864651532859412,0.00013425647271011635,-0.0026841107433372272,1.6579764160628179,0.0028183672160473437,0.0010121051572868306,0.0005946373018481304
2025-07-03,0.035110971286136605,0.035204431316867346,15492329480.493101,0.00871372525506389,0.009985742847834564,0.0038904187140651786,-0.002860036658002059,1.326176205207789,0.006750455372067237,0.00030594735722583164,0.0005055342167690069
2025-07-04,-0.028770073933316098,-0.028672379524538605,14316422935.260601,-0.011607869444624764,0.013998852412836592,0.0022665485023262524,-0.003119574329779025,-1.262153700436059,0.005386122832105277,0.00033395926213013535,-0.0004168689273662461
2025-07-05,0.007176846599820541,0.007261491047155566,3960654262.1664,0.0005539963951576956,0.0014389606850433608,0.0031702564143171025,-0.0024057065300971976,0.16423602879064933,0.0055759629444143005,3.975947144900345e-06,0.0001016936485419075
2025-07-06,0.025217353621259875,0.025331737764712203,7864421489.3231,0.010587635820389185,0.010346620034895749,0.0042856741439756055,-0.001644757445538578,0.8419723689748192,0.005930431589514184,0.000266992156495872,0.00036005410480427236
2025-07-07,-0.019920453452427433,-0.019805369537587603,11536683412.6303,-0.010526277504931209,0.006577839073176329,0.002339750375034543,-0.0022004168479507684,-0.8872338932803229,0.004540167222985312,0.00020968822106431613,-0.0002680803629370911
2025-07-08,-0.0027309988467677515,-0.002722399283688115,10320330229.2738,0.009417503713507094,0.008971447090774404,0.002532890128487897,-0.0023155230841284792,-0.21029297985593165,0.004848413212616376,-2.571919178101889e-05,-3.542536020102149e-05
2025-07-09,0.04775814250269805,0.047957336189978106,18458201635.8988,0.026314454601852433,0.025303030085605617,0.00494214980275488,-0.0015242308350609933,1.5942283594727047,0.006466380637815873,0.001256729472756047,0.000645234668150201
2025-07-10,0.05695474073963824,0.05758782055149725,25573716456.3733,0.04362664158339327,0.029514146302384175,0.008465984842234354,-0.0014546122636088753,1.6939770065523334,0.00992059710584323,0.0024847440607232846,0.0008254447654245988
2025-07-11,0.008758065416054839,0.008698691038582895,23468288934.0047,0.005637135430214668,0.014727190703699685,0.009904269513089621,-0.0010441138107101409,-0.04124099538036247,0.010948383323799762,4.93704008569805e-05,0.00012382824298181333
2025-07-12,-0.014663680969564385,-0.014564606456185514,7488784312.8489,-0.00289810524667256,0.007213290463173972,0.01072960695301675,-0.0016064963449731555,-0.9502368205022091,0.012336103297989905,4.249689075342712e-05,-0.00020275098925627317
2025-07-13,0.017404103951454752,0.017472460373252785,10670541370.9112,0.011208574543237025,0.006005142374189564,0.011464225651498829,-0.0007706500466652781,0.22261332797728464,0.012234875698164107,0.00019507519649812667,0.00020953515737807477
2025-07-14,0.02759222358651181,0.027617373818626945,26804448428.887703,-0.0076217466716085305,0.023548825380835154,0.01218407164609514,2.676741227999659e-05,0.5724948617893487,0.012157304233815143,-0.0002103009382827748,0.00032540667266323656
2025-07-15,-0.026233472850913597,-0.026254510136301756,31656599892.9497,0.00450569122791293,0.0135914223018048,0.011214238785706663,-0.000303474794753452,-1.3400861257722683,0.011517713580460115,-0.0001181999285020534,-0.00031864319142896645
2025-07-16,0.0011381328875696983,0.0011578137775754005,18903224038.525402,0.009430391536671781,0.009584559633990743,0.010365566644963967,8.171134175701264e-05,-0.32992982635309687,0.010283855303206954,1.07330387505451e-05,1.3790618344581222e-05
2025-07-17,0.004809799915203916,0.005115430833092072,19529125659.9034,0.009151759745405769,0.008550440023422968,0.010981287592611558,0.0002765707907861207,-0.22294701450666707,0.010704716801825437,4.401813324741928e-05,5.857088526962534e-05
2025-07-18,-0.028985736097796644,-0.028749168954979365,19250655213.598602,-0.019457232890231404,0.014793699051742227,0.008960095811217901,-9.379920547674432e-05,-1.3080632250560742,0.009053895016694645,0.0005639822177496165,-0.00036169602784188543
2025-07-19,-0.0662035411988453,-0.06615926447574794,6197160791.5471,-0.004072690518114776,0.003357167237734546,0.0037872821379175904,-0.0008899104047055389,-2.170408870958906,0.004677192542623129,0.0002696265345061582,-0.0008264889524025283
2025-07-20,-0.04049580518865481,-0.04016453193105185,9710161747.2649,-0.006107607287977755,0.011315671430250966,-0.00033219989303650844,-0.0021334287164188758,-1.2508463927626123,0.0018012288233823673,0.0002473324749027555,-0.0004972685585167539
2025-07-21,-0.019341731671505435,-0.019079428859632985,16757943321.4359,-0.008863679930920246,0.02002793089134463,-5.682435979643896e-05,-0.002133110034818878,-0.6043518395509626,0.002076285675022439,0.00017143891884596724,-0.0002465337230987466
2025-07-22,0.012577772223187234,0.013204290108005168,22133221784.4276,0.02375362925346243,0.013908958357452135,0.0018115191511300286,-0.002350130140366069,0.34266078681607975,0.004161649291496098,0.00029876773822408746,0.00016255719558542657
2025-07-23,-0.02746096949695853,-0.027293623298354164,16199890830.6418,0.0007811766332476695,0.00450079359794202,-0.0014432529036768774,-0.0029941191951026974,-0.8474527794745992,0.00155086629142582,-2.1451867697351014e-05,-0.0003364122152247261
2025-07-24,-0.01738286863377092,-0.017129904961737275,16275419265.9469,-0.0013280068588602148,0.007091200070037393,-0.003942959566529617,-0.003474069578465437,-0.452573903845189,-0.00046888998806417963,2.3084568772313872e-05,-0.00021055387618476384
2025-07-25,-0.054049869218769864,-0.053906666128481606,30217394710.2149,0.018877823202830366,0.01710206001771569,-0.005146759342027415,-0.003957898539028336,-1.566086541297801,-0.0011888608029990786,-0.0010203438752480404,-0.000662678150811194
2025-07-26,-0.005283386501355403,-0.005136990181594303,6739341628.4194,0.0036831076923890833,0.005917605080597561,-0.0057401037754167454,-0.003379974518487881,0.014686123252203797,-0.0023601292569288643,-1.945928146500673e-05,-6.590371513175877e-05
2025-07-27,0.033690314182904135,0.03371775375103647,9021870261.9343,0.010618597374809217,0.006765277299572329,-0.005336629462957495,-0.002273925168894968,1.2361388312039976,-0.0030627042940625272,0.0003577438817390836,0.00041449946993816654
2025-07-28,-0.07483258096634737,-0.07464921604410235,12646588023.95,-0.010351904895282885,0.006571318623618302,-0.007951492677906064,-0.003504847156658299,-1.9144550061739647,-0.0044466455212477645,0.0007746597612321842,-0.0009206587439485426
2025-07-29,-0.04474381443840536,-0.04449529346599579,13605158270.3445,-0.0071720276697386405,0.011258048093701192,-0.00995210294417452,-0.003889125911071893,-0.9714875685277021,-0.006062977033102627,0.00032090387520189456,-0.0005553512270858206
2025-07-30,-0.02561898736383217,-0.025577563393190617,14671863277.403,-0.002844698847897893,0.013425976685504508,-0.013446251985437866,-0.003951340914160768,-0.36446497569773195,-0.009494911071277097,7.287830383820406e-05,-0.000303488286901451
2025-07-31,-0.03945707156962597,-0.038882200428176805,15883505625.6346,-0.0233363271782969,0.016074462211163588,-0.0180372906668314,-0.00407709024771317,-0.7223195707386499,-0.01396020041911823,0.0009207831316462683,-0.00044216541282236766
2025-08-01,-0.03817953209129665,-0.03796992403416666,25374879723.7736,-0.020546911120432734,0.01855371905635267,-0.02027241435765766,-0.004260006338654886,-0.6111574363571263,-0.016012408019002774,0.0007844714524995817,-0.0004348059065634708
2025-08-02,-0.07926062611619766,-0.07925849124916562,11582327925.5756,-0.01193730444348992,0.010509934875433108,-0.0233484593646402,-0.005143031423719054,-1.7498356879634662,-0.018205427940921143,0.0009461582243306795,-0.0009150986986173398
2025-08-03,-0.015663444098366397,-0.015606700570335641,7180260356.7661,0.005269186729694565,0.0037442468286041797,-0.024923104509869776,-0.005414584863969814,0.3022914258118901,-0.01950851964589996,-8.253361178442487e-05,-0.00017915498046173174
2025-08-04,-0.02956631055960124,-0.02946509681152565,9566449201.050701,0.004199162417859122,0.00400846648435839,-0.027644939469208492,-0.005706202137359947,-0.06819983049110694,-0.021938737331848545,-0.00012415374013662883,-0.00031066161322652403
2025-08-05,-0.05073913208330372,-0.05057817102901563,13578532103.2508,-0.0012738486929172494,0.02004273467930767,-0.02881187562313183,-0.006539436275726052,-0.7662767020923298,-0.02227243934740578,6.463397708407211e-05,-0.0005487177887559284
2025-08-06,-0.016015794127851812,-0.0158957666913061,11289146520.5982,0.012879587140434575,0.012312656107103066,-0.029628729290532858,-0.006620824015282475,0.48696167502913323,-0.023007905275250384,-0.00020627681609292778,-0.00017528323185864465
2025-08-07,0.046370231529415884,0.04626670919879272,15603976236.9276,0.02517458912255528,0.016470180085251467,-0.027649661118427524,-0.005117305321053265,2.3327362675908034,-0.02253235579737426,0.001167351526270803,0.0005249819160614099
2025-08-08,-0.02364065275372007,-0.023619584636587976,10476168967.7768,-0.0005486018505467986,0.006539693204487318,-0.027395133340138163,-0.0053641769893558395,0.11828446364015582,-0.022030956350782324,1.2969305848825101e-05,-0.00025835642435379034
2025-08-09,0.030370948384497387,0.03048002897185431,9109077804.5382,0.0007785057208638349,0.005685300154254611,-0.02279634812188375,-0.005791483906479514,1.620206305409465,-0.017004864215404238,2.364395706539146e-05,0.0003352753610450686
2025-08-10,0.010343793435060977,0.01011710267134247,15402998283.6403,0.006521559241774893,0.010063178092335827,-0.02037541485408776,-0.006131699686759913,0.9220667272801221,-0.014243715167327847,6.745766167143238e-05,0.00011357176872578104
2025-08-11,-0.0006585248043866621,-0.00022111695726023672,26140833129.3272,-0.025450109149596035,0.013839757368863545,-0.019485738336605912,-0.007320917175846562,0.5604522439930943,-0.01216482116075935,1.6759528149356928e-05,-7.036355314215116e-06
2025-08-12,-0.0011255001698172729,-0.0008964115341451029,14984075258.1463,0.0106148448624148,0.013459126832347847,-0.020138275117225175,-0.007246920279485798,0.5749614081579587,-0.012891354837739377,-1.1947009695231864e-05,-1.2001890870261974e-05
2025-08-13,-0.007819932543208785,-0.007540251183646762,22796282824.224102,0.03203356450650655,0.018076654070946413,-0.019202987643237093,-0.006837328024734618,0.34360669886270834,-0.012365659618502476,-0.00025050031355940844,-8.844403134935411e-05
2025-08-14,-0.06437573106274919,-0.06438452587177768,31188419054.0993,-0.042738186716139416,0.027853043177399776,-0.021440742996997962,-0.0071644279498208,-1.2424950843117972,-0.014276315047177163,0.002751302014147751,-0.0007917400691227162
2025-08-15,-0.016422915971354257,-0.016325145918161477,14214818128.9724,-0.013877604042105581,0.015276997213141014,-0.0196489833185496,-0.007509731386083587,0.09559819653923607,-0.012139251932466014,0.00022791072506722615,-0.00020055381589155477
2025-08-16,-0.0417069135513628,-0.04169063080334312,5485340879.1925,-0.00047121037602864806,0.004159904740838535,-0.021383436987597572,-0.007984428116232406,-0.5993977554415625,-0.013399008871365166,1.9652730417531984e-05,-0.0005058267619741221
2025-08-17,-0.04135698063817106,-0.04131946370835515,6411151083.0242,-0.002328697986397078,0.006951306483781117,-0.024957117693363055,-0.00866935767078165,-0.517438059612489,-0.016287760022581407,9.630791753557189e-05,-0.0005019490931738549
2025-08-18,-0.061417066792363584,-0.06153821999128384,17039158070.2288,0.007938740799591648,0.01079183659451949,-0.024318283685078115,-0.009976675329316545,-1.2060633450900704,-0.01434160835576157,-0.0004875741739357821,-0.0007577614977688044
2025-08-19,-0.03565867345955809,-0.035666126083756744,16131720046.5887,-0.016982508565673616,0.017025357597561314,-0.023885657924180625,-0.010434956913289084,-0.38572793382859466,-0.013450701010891542,0.0006055737274675036,-0.00044974847033281624
2025-08-20,-0.005844086343206989,-0.005772421799448035,14819274146.3868,0.006632846112659356,0.008756847531945604,-0.022943995970817522,-0.01048269938450017,0.5557431713414099,-0.012461296586317352,-3.876292538358611e-05,-7.240973350079582e-05
2025-08-21,-0.024859667966290577,-0.024818933275398525,10907840294.1414,-0.012809933165117833,0.009378029565022029,-0.022248881513515836,-0.010606729112704294,-0.08548243325920786,-0.011642152400811541,0.00031845068515520304,-0.0003000904877375545
2025-08-22,-0.0008131694411722679,-0.0008144918693083758,22883791440.7028,0.03488447499450435,0.03625158872268027,-0.02046953091112896,-0.010279225251899,0.6412011015987312,-0.01019030565922996,-2.8366989036869055e-05,-1.0501380150668233e-05
2025-08-23,-0.03432110530281296,-0.034505137286230614,9054235281.6278,-0.0012594220104216068,0.007446934064429889,-0.018329553729539212,-0.010316135380387554,-0.5756503707249337,-0.008013418349151659,4.3224755440360364e-05,-0.0004382214163871902
2025-08-24,-0.060037483731107955,-0.05959163629303954,15148067971.3495,-0.013659051297184937,0.018166761866302415,-0.02044260323586024,-0.011300494031410396,-1.3551780603688808,-0.009142109204449845,0.0008200550700371097,-0.0008078082164110814
2025-08-25,-0.05069882786686197,-0.05061526809937911,22818722034.3374,-0.02515432155089732,0.021052425028063204,-0.021448913583825037,-0.012303260468979463,-0.9781500302421335,-0.009145653114845574,0.0012752946184166397,-0.0007233040336571566
2025-08-26,-0.015285755785184652,-0.015151027583953147,15983443440.8915,0.01701714254550639,0.015304619203424063,-0.01976065756962889,-0.012452764802351354,0.15346818233464538,-0.0073078927672775365,-0.00026011988511228615,-0.00021462816878080286
2025-08-27,-0.0016264594507415797,-0.001479774725954508,12739237648.6494,-0.001606695989137067,0.012693837748259877,-0.019075451156433165,-0.012779537934000685,0.5931236636640728,-0.006295913222432481,2.613225876000573e-06,-2.286673260028325e-05
2025-08-28,-0.011710742150204068,-0.0117153150476359,10988621821.8074,0.004929142561399926,0.013694523224308218,-0.02184121180784364,-0.012836528444553201,0.3985812399327058,-0.009004683363290437,-5.772391755815095e-05,-0.00016309590882277377
2025-08-29,-0.047366186412663436,-0.0474054636028064,19688668760.0572,-0.03015216078269802,0.02195266795155039,-0.022970999124936182,-0.013802012217952148,-0.9375391975199875,-0.009168986906984034,0.0014281928683778742,-0.0006944349760928829
2025-08-30,-0.024598115270776377,-0.024616085698269563,6572709736.3117,0.0035923913180410053,0.0024429302457500096,-0.025588573584711123,-0.01486587985622576,0.04311504788160322,-0.010722693728485362,-8.836605573890893e-05,-0.00035683469959044004
2025-08-31,0.022099843668268226,0.022081550833199293,7626942442.611,-0.008896765797259688,0.009163247213913763,-0.02502876166884411,-0.015245458805322793,1.9627432179732898,-0.009783302863521316,-0.00019661713327263485,0.0003196462417850503
2025-09-01,-0.007761812224551079,-0.007902519656803775,16311045147.8882,0.01447211004212205,0.01790051067238814,-0.0253670134507567,-0.014969858715719684,0.7428627652858516,-0.010397154735037016,-0.00011232980063999136,-0.00011376567634404309
2025-09-02,-0.014001256048515542,-0.01388328675989281,19401297224.9434,0.008145470684636273,0.011619018624517722,-0.025980144683075666,-0.014768966883056938,0.5162879997748558,-0.011211177800018728,-0.00011404682069126966,-0.00020399099433192144
2025-09-03,-0.016860421422529748,-0.0168103378811425,11770759661.8071,0.0060013249871134775,0.00876942921341493,-0.02641064415351952,-0.01568562823347783,0.4164868198765286,-0.01072501592004169,-0.00010118486837629113,-0.0002381749830970472
2025-09-04,0.0204337650036035,0.02045239417005429,13516026898.7113,-0.003856867123876231,0.016423903794172048,-0.022372096721788443,-0.015918599761772005,1.8313652326770453,-0.006453496960016437,-7.8810316459411e-05,0.00027753205531650033
2025-09-05,-0.012075817046515391,-0.011953067816238838,21608268964.6591,-0.005877019896518212,0.02421564911457676,-0.022165092011081827,-0.015653611557219616,0.43027935251330424,-0.006511480453862212,7.096981704908474e-05,-0.00016915420921886337
2025-09-06,-0.06937881250881017,-0.06930202620320502,5113475710.4939,-0.008126850754307751,0.005505767463891285,-0.02348280148524599,-0.016868780749420102,-1.813692796136641,-0.006614020735825888,0.0005638312547702,-0.0009762827649301412
2025-09-07,0.04414298329304889,0.04407225597414843,5973071292.8472,0.004477219444570287,0.0051878214932454285,-0.019411374631378372,-0.016568373929232976,2.1985467576751088,-0.0028430007021453957,0.0001976378231409798,0.0006174630260772869
2025-09-08,0.0010974712438049927,0.001101287697405029,11088708293.003601,0.00903702048528979,0.009988211168609165,-0.016434491867751297,-0.016234756076911824,0.6363104752511405,-0.00019973579083947327,9.917870112282186e-06,1.5309205505378565e-05
2025-09-09,-0.009164667864499543,-0.00918439083496958,15364017571.642101,-0.001413351791907545,0.01930910453840277,-0.015172872553700891,-0.01633687780735201,0.22062245228173075,0.0011640052536511201,1.2952899748527921e-05,-0.00012883944444856506
2025-09-10,0.003996674451073323,0.004255796546543067,17159405921.2062,0.021278049857794898,0.016888308900978432,-0.0147042648968304,-0.01703150428436193,0.6804047761040828,0.0023272393875315295,8.504143823531322e-05,5.7733920781578464e-05
2025-09-11,0.0004335164079893872,0.0007508347419089567,12912039322.4644,0.009335897427284526,0.009966649740989805,-0.013499827545674211,-0.017928666575340483,0.5053476312091488,0.0044288390296662716,4.047264718033749e-06,6.274508194799596e-06
2025-09-12,0.014158132594429107,0.014104712616921367,13753804629.9552,0.007269952366849158,0.014082915848174693,-0.012786908401121764,-0.017842951223302796,0.9587397701606337,0.005056042822181032,0.00010292894956503411,0.00018997196042679258
2025-09-13,-0.038327083839793885,-0.03824347472641443,6078193412.4006,-0.00043921661376314716,0.0030917773873711508,-0.012977669283835142,-0.018218560792671517,-0.8966509265542408,0.005240891508836375,1.683389197953051e-05,-0.0005063191753311695
2025-09-14,-0.03307642918175091,-0.03299252752043613,6368498171.5133,-0.0036042943938762546,0.007245189734782004,-0.011693809543389569,-0.019019839096373194,-0.8041774265967104,0.007326029552983625,0.00011921718826922976,-0.00041975328748494755
2025-09-15,-0.0275891418326486,-0.02747892463373569,13585379833.8268,-0.0007542648832896021,0.0086103527875163,-0.010593348303665122,-0.01989573378556622,-0.6706191525118322,0.009302385481901097,2.0809520844462974e-05,-0.00033377138324947573
2025-09-16,0.007837887474898109,0.008025525642906928,11513690825.0447,0.012900278986363261,0.011703481361346519,-0.009492222434137372,-0.019354918542299364,0.6761628083290637,0.009862696108161992,0.00010111093508990788,9.347811642877911e-05
2025-09-17,0.014704322344331722,0.014992268939569842,18348171466.3525,0.0007081392476996672,0.013163871306195198,-0.008714566158181499,-0.01913958220171584,0.8964622667252263,0.010425016043534342,1.0412707762848472e-05,0.00017569937918767255
2025-09-18,-0.04136198613492459,-0.041312804501124734,12568414009.019,-0.004383752287270591,0.007024817642326944,-0.010126530157453906,-0.01987246769457502,-1.153552969412832,0.009745937537121115,0.00018132070132503015,-0.0004810903725919935
2025-09-19,-0.049232828304777376,-0.04921899381500561,10241717036.8935,-0.011568251848292738,0.009919892403508454,-0.010215417866602189,-0.020193850110558843,-1.4340042009897436,0.009978432243956654,0.00056953775703342,-0.0005444279873712537
2025-09-20,-0.0863366238222546,-0.08628483875023452,3744545955.4796,0.0019972381217635785,0.005226097578029968,-0.013155346845244009,-0.02051342285061296,-2.302006564433386,0.00735807600536895,-0.0001724347964021684,-0.0009661726748107761
2025-09-21,0.021298808288769955,0.021372845354119097,3786613657.9565,-0.003725344725585837,0.003305067942765269,-0.013193491387124879,-0.019532555970018916,1.0865001388267508,0.006339064582894037,-7.934540311983305e-05,0.00023240837555350873
2025-09-22,-0.06959202859462654,-0.06979938318772427,18039188972.427002,-0.01758965386115702,0.020718218365475084,-0.01613778740474752,-0.02033017973070338,-1.5719888823118864,0.004192392325955859,0.0012240996944752225,-0.000768712044702527
2025-09-23,0.016266010539744746,0.016416694192897596,11494032424.4655,-0.0030948869918810563,0.013162417945200035,-0.014696488995782745,-0.020271636265361197,0.8914447912934246,0.005575147269578452,-5.034146442925617e-05,0.00018086947487546087
2025-09-24,0.01435965419102092,0.014511896729062723,11879548716.1957,0.014356362372078756,0.009465716173527195,-0.013209818728470808,-0.019607816841742474,0.7810220253304381,0.006397998113271667,0.00020615239910403576,0.00016014791196055056
2025-09-25,-0.057601284638946426,-0.057363279543106716,19825920968.7404,-0.032080207280849454,0.02191720999214553,-0.01692577347335414,-0.02024620439738018,-1.1398252844801429,0.0033204309240260424,0.001847861150860611,-0.0006574735126708666
2025-09-26,0.00030405870859850914,0.00032542131200563595,12272701459.1791,0.00046457269047800367,0.0055138377182096816,-0.016336255580253475,-0.0193834436366283,0.46388496393145034,0.0030471880563748242,1.412573723168767e-07,3.1998085507582975e-06
2025-09-27,-0.0015851393975968575,-0.0015264603625756434,3923401762.5556,0.0006709844231891963,0.0025816450093705096,-0.01310798543210046,-0.019324741301648008,0.3403773536481217,0.006216755869547548,-1.0636038443709975e-06,-1.6460737037265832e-05
2025-09-28,0.030990137565180875,0.031022797325671814,8521046102.0886,0.024579949073890585,0.017883872785132485,-0.013734311419141795,-0.019367601247961073,1.361569486916147,0.0056332898288192785,0.0007617360031450095,0.0003405501145428772
2025-09-29,0.005417640117165501,0.005453895092129457,14160916303.240301,0.02157951702384754,0.01572317343310472,-0.013528589091838914,-0.018093788214889443,0.5748494583121664,0.004565199123050529,0.00011691005713745231,6.101388056917418e-05
2025-09-30,0.01120951082682975,0.011183326481926104,13560972134.9725,-0.00291445664516874,0.014032687655913093,-0.012558390106537518,-0.017205640194806346,0.7118157885307678,0.004647250088268828,-3.2669633318344906e-05,0.00012342589624042463
2025-10-01,0.056592307729971036,0.05677798418458524,20130425143.6828,0.03796521326464098,0.022773663317308956,-0.010053836140875723,-0.015900699002841214,1.82490975911579,0.005846862861965492,0.0021485390321065406,0.0006389879401456229
2025-10-02,0.04319261828541987,0.04324103260275258,17369682490.3087,0.01492052666927263,0.01296981928856923,-0.008017688432426652,-0.014588799163872233,1.3376561504037945,0.006571110731445581,0.0006444566130433198,0.0004938679468308998
2025-10-03,0.028617038970311093,0.028932738137375402,20406510432.5745,0.016481915023143483,0.018165332737832527,-0.007329169081194176,-0.013528536131148301,0.9257682052197987,0.006199367049954125,0.0004716636045226529,0.0003327727505846782
2025-10-04,-0.021690538245249913,-0.021573242732981557,8601963052.1653,0.0011940768670328228,0.004971588368988274,-0.00653695262431113,-0.012614725212561828,-0.39533523190864245,0.006077772588250698,-2.590016995214364e-05,-0.0002541696791775911
2025-10-05,0.029686524656919122,0.029878920313730628,20109937991.3764,-0.0025003816194261734,0.0157455420506226,-0.0035482405367554142,-0.011894884438668407,0.8609133976707397,0.008346643901912993,-7.422764059680246e-05,0.00035988310257720364
2025-10-06,-0.010945295675478306,-0.01070949905186247,17465215135.0039,0.006727304099944411,0.01196968176050017,-0.002755676434033019,-0.01159931277384106,-0.21407915430909857,0.008843636339808041,-7.363233247274904e-05,-0.00013443827043401743
2025-10-07,-0.05159913520745085,-0.05127794439629041,22319390759.2149,-0.024363062310883803,0.022897852707861172,-0.005586010847478208,-0.01161296361708149,-1.1617422962738282,0.0060269527696032825,0.0012571129462468434,-0.0006612847036032291
2025-10-08,0.04070124870233838,0.040684963056247136,15572092969.2554,0.015573732011300988,0.01572103520485765,-0.0043480619732874145,-0.01071269309596736,1.1078141542580422,0.006364631122679945,0.00063387033981553,0.0005265756419623261
2025-10-09,-0.06713341701081643,-0.06708496377401585,19890276384.5902,-0.003359233467373729,0.015864751130425122,-0.005575272967377502,-0.012514338310891682,-1.4587963237887784,0.00693906534351418,0.00022551682120189136,-0.0008968036806472158
2025-10-10,-0.07279744769790275,-0.07248101176702293,45076825982.4017,-0.07060490445362708,0.04495030736651811,-0.0066973977003834725,-0.01329460489730728,-1.5124710410445739,0.006597207196923808,0.005139856839178338,-0.0010939013117111742
2025-10-11,-0.09837560690893266,-0.09830678448386321,18268163074.1344,-0.015103432393668292,0.025677342744750364,-0.0072706826092729035,-0.015338201013076012,-2.030699382084098,0.008067518403803108,0.0014858093281351517,-0.0015740601336586063
2025-10-12,-0.003907845047032676,-0.004092415732309118,24571794294.0169,0.03770193225799022,0.01837324246852829,-0.008470999434787315,-0.015564417496918767,0.10278303188493933,0.007093418062131452,-0.00014733330923794857,-6.533152808854453e-05
2025-10-13,-0.023512044072682592,-0.023485465909612535,22509504374.6067,0.0029432064589479173,0.01811729941555849,-0.006276714457551889,-0.015927171771018704,-0.40732021325123463,0.009650457313466816,-6.920079997778749e-05,-0.00039016335940729295
2025-10-14,-0.03451317246094965,-0.034635587805618706,29101159307.8663,-0.004038432374636515,0.022001293478971923,-0.008694770790918288,-0.0164571348232589,-0.6087505965564954,0.007762364032340612,0.00013937911301771248,-0.0005872447435115968
2025-10-15,-0.01687716734373168,-0.016901409651949972,14722103584.389,-0.011493868387306379,0.013863601773171778,-0.010182238483049364,-0.01660090045501323,-0.15898736232094368,0.006418661971963866,0.00019398394019939713,-0.00029070099426917726
2025-10-16,-0.032359296066799326,-0.032099238953746334,21245415629.6721,-0.028697524790554117,0.02837606894499528,-0.008980239027232837,-0.016092703074125136,-0.5697326355263034,0.0071124640468923,0.000928631701081854,-0.000567325704765703
2025-10-17,-0.018081690222664037,-0.01811058504718044,25744733284.1127,-0.025460260701191124,0.0348567856648064,-0.00985575088110248,-0.016119032824145927,-0.20051880699129646,0.006263281943043446,0.000460364546987205,-0.00034227484714619
2025-10-18,-0.05677174874995827,-0.05662435166154234,7319254840.618,0.0008639107673912835,0.006526908922826831,-0.012483684659786358,-0.016358157192377605,-1.049052129309093,0.0038744725325912475,-4.904572502872159e-05,-0.0010853186357250267
2025-10-19,0.01020745596425332,0.010142291600780506,12227415542.337101,0.012643808785418747,0.013040102049789847,-0.013473336164592432,-0.0155396740717042,0.572241753932077,0.0020663379071117673,0.00012906112139760112,0.00019278388529459577
2025-10-20,-0.019087556291688124,-0.019182432339374,15403876134.7218,0.0033504088777479707,0.010214720367336493,-0.014640250279299747,-0.014867777079629985,-0.10802792310020888,0.0002275268003302383,-6.395111805418603e-05,-0.0003554917633144262
2025-10-21,-0.018613179240755562,-0.018983543404858083,26588100130.4652,-0.00691620629966916,0.056649301627613974,-0.01606037837775619,-0.014597213679331533,-0.06265462075048969,-0.0014631646984246578,0.00012873258752178486,-0.0003844297272593053
2025-10-22,0.02625122694103088,0.02650831456191094,19528248919.2056,-0.005953488534164024,0.012286815461761967,-0.017505191748658104,-0.014087764262121409,1.1360606506476956,-0.0034174274865366953,-0.00015628637860116507,0.000529073970005016
2025-10-23,-0.016076762364713004,-0.016061260299977453,14194391374.774,0.015605673473060222,0.010512169924410002,-0.02032754320818824,-0.013948353062096368,0.11830555147849972,-0.006379190146091873,-0.00025088870396769463,-0.0003221337194507024
2025-10-24,-0.010517830645943915,-0.01041783170016064,12266995720.638401,0.005109212962945494,0.012276094487926138,-0.022191108428009906,-0.014102395303441949,0.3409234840657109,-0.008088713124567957,-5.3737836678322034e-05,-0.0002077985292172001
2025-10-25,-0.023137419086495914,-0.023046268026832295,5042907497.6125,0.005635559375185045,0.005141972026112404,-0.02226000751568829,-0.01392487647461152,-0.025624913362165876,-0.00833513104107677,-0.00013039229905048745,-0.00045730876302139446
2025-10-26,0.030426662812775396,0.030624789852816248,11025832161.824501,0.029134403805845626,0.017145497760462623,-0.022224762841599893,-0.012488937640581626,1.535159242781998,-0.009735825201018266,0.0008864626808517051,0.0006034083127458609
2025-10-27,-0.022793232082538473,-0.022566138152011916,13655124505.5205,-0.007542663923405205,0.009712851863621535,-0.02278895028955514,-0.012045991675751093,-0.00012520034259227988,-0.010742958613804046,0.00017192168932676503,-0.000449575897086683
2025-10-28,-0.013446148428805982,-0.013295479287026013,14968353132.7899,-0.009090594739226809,0.01144964737069444,-0.020972141395333956,-0.012016791558983178,0.22398340830217475,-0.008955349836350778,0.00012223348616976647,-0.0002578829188029645
2025-10-29,-0.039576389256020694,-0.03930293829141995,18302671178.4635,-0.022244597905363327,0.020027028653312958,-0.024794886060017722,-0.012619171397162211,-0.4819178697328339,-0.01217571466285551,0.0008803608655463216,-0.0007671483590235521
2025-10-30,-0.027121279076836147,-0.027029448581630477,22369109428.5478,-0.022206084226950418,0.03134279083985836,-0.022889546158399613,-0.01286378309441034,-0.1453510597699648,-0.010025763063989272,0.0006022574075228515,-0.0005457083453057752
2025-10-31,0.027289931298299708,0.027418409163874946,16683797487.539999,0.0033930183619286327,0.010101487430004826,-0.01812348049191378,-0.011678765352966481,1.5809715547067307,-0.0064447151389473,9.25952379909018e-05,0.0005038150461926763
