date,flow_imbalance_1d,quote_flow_imbalance_1d,quote_volume_1d,ret_1d,rv_1d,flow_imbalance_21d,flow_imbalance_63d,flow_z_21d,flow_acceleration,flow_return_product,flow_abs_vol_interaction
2020-07-10,0.015232547687283438,0.016865084892712545,27852027.907311,-0.05610489664644057,0.0849212205898712,0.015232547687283438,0.015232547687283438,0.0,0.0,-0.0008546205136570145,0.0012935665422975293
2020-07-11,-0.045344822621324554,-0.04401163906582617,22740437.240251,0.08225308860566041,0.11108576310423664,-0.015056137467020558,-0.015056137467020558,-0.7071067811700397,0.0,-0.0037297517128797634,-0.0044439509540750875
2020-07-12,-0.07229601646105976,-0.0712108505401351,10502299.177602,-0.04266240518827519,0.032622040820106474,-0.034136097131700294,-0.034136097131700294,-0.8512541163524231,0.0,0.0030843219477599444,-0.005509655906585225
2020-07-13,-0.12522459020642396,-0.12560019550727608,25473364.711217,-0.10536051565782636,0.10911147003880536,-0.05690822040038121,-0.05690822040038121,-1.1692163016874184,0.0,0.01319372739718882,-0.010573353756629213
2020-07-14,-0.03952466193105941,-0.03778998826049729,15959890.23422,0.0546072327586424,0.05380129997623222,-0.05343150870651685,-0.05343150870651685,0.2716452556189294,0.0,-0.0021583324137760137,-0.003095111412129802
2020-07-15,-0.1647225186020974,-0.1640783316970187,9759906.154239,-0.03187012876543885,0.026444691018233785,-0.07198001035578028,-0.07198001035578028,-1.437736297045553,0.0,0.005249727878416241,-0.011475297773503505
2020-07-16,-0.10045445138870557,-0.10004494792800789,9535187.348905,-0.025141913118710137,0.03798032864434424,-0.07604778764619817,-0.07604778764619817,-0.40772227325990057,0.0,0.0025256170892025264,-0.0065434137387280185
2020-07-17,-0.09837362849932274,-0.09735765251351569,9744076.336817,0.01383421272954876,0.02878560919327807,-0.07883851775283875,-0.07883851775283875,-0.3489670695558063,0.0,-0.0013609217036372313,-0.005960856851529128
2020-07-18,-0.03261437665106459,-0.032271463164118885,46528269.762695,0.006423379749759962,0.048826580363922754,-0.07370250207486384,-0.07370250207486384,0.7527482419999789,0.0,-0.00020949452653149243,-0.0019335940668189662
2020-07-19,-0.06325285949169068,-0.0620709534138717,25311733.439749,-0.0450552667655283,0.03870096798561256,-0.07265753781654652,-0.07265753781654652,0.18237283666642767,0.0,0.002849874458080602,-0.003619834464204011
2020-07-20,-0.12929028890380723,-0.12935036926656673,10948310.95846,-0.03633432805086702,0.03505016825000604,-0.07780596973357022,-0.07780596973357022,-0.9935908435126676,0.0,0.004697675770822304,-0.00713835356896409
2020-07-21,-0.06357342796591536,-0.062875571694198,8529437.698051,0.015873349156290142,0.01749208429958657,-0.07661992458626565,-0.07661992458626565,0.2631638796804079,0.0,-0.0010091232191652348,-0.003310174222253074
2020-07-22,-0.09634351125119489,-0.095397368495029,4615803.028801,0.01932279103868511,0.016375273718092043,-0.07813712356049098,-0.07813712356049098,-0.38105280023690513,0.0,-0.0018616255358400466,-0.004751939874078869
2020-07-23,-0.06334386793302882,-0.06234579596391343,5526691.788143,0.010945685443408792,0.01646590516322594,-0.07708046244424369,-0.07708046244424369,0.298137536585588,0.0,-0.0006933420531637626,-0.00297563883960751
2020-07-24,-0.11010759334979381,-0.10973908833541746,6290572.085254,-0.0021762794225956544,0.014976980716479973,-0.07928227117128035,-0.07928227117128035,-0.6818222575573017,0.0,0.00023962488967868638,-0.004937520923942145
2020-07-25,-0.049888566349079566,-0.04888647675768354,5930589.909477,0.0006134969517573776,0.015848181723007317,-0.07744516461989281,-0.07744516461989281,0.6221707284912217,0.0,-3.0606483382706e-05,-0.0021467317178606076
2020-07-26,-0.11483726742365397,-0.11387505132263231,5516807.064219,-0.0027747821102391077,0.01957458889284867,-0.07964470007893759,-0.07964470007893759,-0.8028773478485915,0.0,0.0003186483952358993,-0.004783061048582952
2020-07-27,-0.10419149915738857,-0.10316381727268364,8648116.894403,-0.008816178009472977,0.03565870932849648,-0.08100841113885153,-0.08100841113885153,-0.5401955844376625,0.0,0.0009185708036453913,-0.004304971997122133
2020-07-28,-0.014662720330425927,-0.014273480248006232,4132661.652034,0.0059758001387314455,0.010084898938106466,-0.07751653267525017,-0.07751653267525017,1.415705036885712,0.0,-8.762148618473964e-05,-0.0005817293550315517
2020-07-29,-0.012282902450591604,-0.011656740642465802,6155296.82016,-0.026435997578794907,0.015197658692137402,-0.07425485116401724,-0.07425485116401724,1.3587699674494798,0.0,0.00032471077944441366,-0.0004722803146412711
2020-07-30,0.008108005393219653,0.008362488527335898,4435378.988175,0.019077982851199566,0.01948762896911843,-0.0703328103755774,-0.0703328103755774,1.6358921030659874,0.0,0.00015468438784927812,0.00030443322844584726
2020-07-31,-0.1026509388800878,-0.10228682006896594,3529025.017237,0.009018876246839384,0.010648295959781123,-0.0759463097359284,-0.07180181621669152,-0.6043914418739317,-0.004144493519236889,-0.0009257961143813853,-0.00349120303947809
2020-08-01,-0.02568894894905871,-0.0267504587257541,37170612.133866,0.12973166055853888,0.09287884152762609,-0.07501031575153479,-0.06979690894418573,1.0944634574236878,-0.0052134068073490525,-0.0033326700051649187,-0.0008514200943859499
2020-08-02,-0.09547780679641449,-0.09537899630854318,18146307.064724002,-0.07773696535618047,0.06698226348789987,-0.07611421052940884,-0.07086694635469526,-0.42765981863799185,-0.005247264174713578,0.007422154959216965,-0.003320683688749058
2020-08-03,-0.08117264099651456,-0.08086960108323937,7491071.282724,-0.0035398267051242626,0.012582456527184423,-0.0740164986622703,-0.07127917414036804,-0.16305416343945714,-0.002737324521902257,0.00028733708232492675,-0.002450035421043435
2020-08-04,-0.009807471892396058,-0.008773739635866695,16678623.016552001,0.04668090373756483,0.0345967740836927,-0.07260139437471488,-0.06891487790006143,1.3799292672674772,-0.0036865164746534562,-0.0004578216513178132,-0.00028705017204571314
2020-08-05,-0.11593241916072561,-0.11507656343369665,8150926.455789,-0.0228404120511027,0.026048403880641686,-0.07027805630607814,-0.07065626831712306,-1.0961765164214232,0.00037821201104491775,0.0026479442237121267,-0.0033909824099800424
2020-08-06,-0.08481368024687475,-0.08445200824221188,9935964.144303,0.023577288697665056,0.02126854956379144,-0.06953325768027667,-0.07116189017175704,-0.3707063190942309,0.0016286324914803751,-0.001999676624692018,-0.0024132756196372776
2020-08-07,-0.11917797352856874,-0.11850630936378503,7669864.353271,-0.02959212687344914,0.032703729524869364,-0.07052394077690743,-0.07281761718406089,-1.1533151794161456,0.0022936764071534582,0.003526729713177969,-0.003413307906682331
2020-08-08,-0.1051457741014149,-0.10418206895152304,3748655.406265,0.015153971194283687,0.017262806737094124,-0.07397781684597174,-0.07389522241463936,-0.7439458313058666,-8.259443133237787e-05,-0.001593376031933501,-0.0028533817683355604
2020-08-09,-0.13615877455293868,-0.1355340969739539,3671236.819017,-0.005172425324987797,0.01988148328475,-0.07744952708698354,-0.07590372409651999,-1.3363226232739627,-0.0015458029904635434,0.000704271093716924,-0.0035729727681908627
2020-08-10,-0.13753176900228348,-0.13645710413946632,6881578.28453,0.004288784272217631,0.02387119658380386,-0.07784197852024433,-0.0778296004998251,-1.3427493591984792,-1.2378020419229196e-05,-0.0005898440878272617,-0.0035357892622609947
2020-08-11,-0.13657387011982258,-0.13613338573650569,7571935.439534,-0.04574362847321137,0.029511824821560676,-0.08131819005138276,-0.07960972988224926,-1.19846386570745,-0.0017084601691334939,0.006247384373909788,-0.0035893333386049367
2020-08-12,-0.05413061308593181,-0.053248333871056985,5266088.796788,0.02511080844190708,0.021622261763995843,-0.07930805204351309,-0.07886034409412228,0.5433524693444307,-0.0004477079493908076,-0.0013592634560438224,-0.0014361455856830565
2020-08-13,-0.09472227324666016,-0.09344006426555318,6505751.243293,0.00028649190856313775,0.030675237074625623,-0.08080226182035266,-0.07931354206990908,-0.3006313568393868,-0.0014887197504435817,-2.713716484587471e-05,-0.0025771800295273403
2020-08-14,-0.02409558222240371,-0.023606305665095584,6961788.878596,0.035550452059401855,0.028877572719751395,-0.07670645176666743,-0.07777970985192281,1.1105772420065252,0.0010732580852553797,-0.0008566088406409387,-0.0006715362624316898
2020-08-15,-0.07477023954289541,-0.07423812515119665,8752214.289325,0.006800819637921054,0.021993742447974057,-0.07789129334732532,-0.0776983728165437,0.06643681532306778,-0.0001929205307816262,-0.0005084989134153845,-0.0021057041417062478
2020-08-16,-0.11628553478131776,-0.11570574001344058,4490847.829102,0.0011321824022867146,0.02743596866386384,-0.07796025845959502,-0.07871382444719564,-0.8148115843184002,0.000753565987600624,-0.00013165643611990764,-0.00331840323079702
2020-08-17,-0.08051965509516701,-0.08053066298188816,10284808.371257,0.022542515564392317,0.05961889682564522,-0.07683302778996544,-0.07876012779714363,-0.07901414758882083,0.0019271000071781896,-0.0018151155782223033,-0.002389633536519277
2020-08-18,-0.14566824975152615,-0.1447464440819698,7417696.260614,-0.06218030544717125,0.03883054822139092,-0.08307138633382734,-0.0804328308460032,-1.340755762235279,-0.002638555487824143,0.009057696263504724,-0.0045224868281828244
2020-08-19,-0.10958916771079508,-0.10925334553285226,6830507.292352,-0.014234082009487248,0.024518664969222212,-0.08770501801288466,-0.08114396101343714,-0.49662232394898387,-0.00656105699944752,0.001559901200546909,-0.0034510001913905805
2020-08-20,-0.00489584884229477,-0.0047561485097527,3268076.569335,0.01608456960507179,0.021843814322054685,-0.08832424916695676,-0.07932852977126707,1.952767129395554,-0.008995719395689689,-7.874762147980037e-05,-0.00015472125723857744
2020-08-21,-0.1359860823420893,-0.13511114234689736,7389939.087735999,-0.024555457688131874,0.025789988068946886,-0.0899116369508616,-0.08064614727291411,-1.049876895296135,-0.009265489677947492,0.003339200491125991,-0.004395556008414358
2020-08-22,-0.04865377957409389,-0.04795730436029355,4172044.430038,0.016738021071852967,0.019960670145322004,-0.09100520031395852,-0.07991904800703184,0.9972440090016175,-0.01108615230692668,-0.000814367987736473,-0.0014037237566592875
2020-08-23,-0.02647638611448977,-0.0262011813423092,3993826.621551,-0.001176470723929679,0.019367435925877047,-0.087719418376724,-0.07873143329830867,1.3696302010262527,-0.008987985078415334,3.114869313915548e-05,-0.0007038457598840561
2020-08-24,-0.03616609581467756,-0.03563498171303259,5284956.011752999,0.005587428151923628,0.016404474610876463,-0.08557624955854129,-0.07780609987475148,1.0717675104277695,-0.0077701496837898065,-0.0002020754619000967,-0.00096801835237506
2020-08-25,-0.10033442615872301,-0.10000541599510882,6862073.940921,-0.034073828311848985,0.028627689529761118,-0.08988705690455687,-0.07828542596589981,-0.24424102626323768,-0.011601630938657057,0.0034187780107002175,-0.0026570226361122846
2020-08-26,-0.05833509565799122,-0.05716107330787856,5488422.561386,0.002743485945751015,0.008582449311750524,-0.08714432721395046,-0.07786979408448505,0.6720487101867003,-0.009274533129465412,-0.00016004151508174,-0.0014962924399798932
2020-08-27,-0.10192273070590308,-0.10136217214246479,4106217.837548,-0.029604382131704854,0.02861969362263427,-0.08795904390247562,-0.07836067034206501,-0.3248601340701808,-0.009598373560410614,0.0030173594677244025,-0.0026499917223726153
2020-08-28,-0.03134403192996127,-0.03130777104015625,1331728.764067,0.012676008345211813,0.01141240777707384,-0.08377647525492289,-0.07742033757382293,1.1901839519355941,-0.006356137681099966,-0.0003973172103167746,-0.0007831662019445226
2020-08-29,-0.05582790222206213,-0.05548976249537596,1384218.135812,0.005207547378749254,0.006921699942114693,-0.08142800516542989,-0.07699695648849429,0.5795508402492398,-0.004431048676935598,-0.0002907264458775693,-0.0013674319435087537
2020-08-30,-0.054301765623984366,-0.05390986143014498,2406666.798432,-0.006648558790989977,0.012299795225854414,-0.07753005235928921,-0.07656051051033064,0.5441419121433326,-0.0009695418489585744,0.0003610284812056186,-0.0013104464934451268
2020-08-31,-0.10612515737340722,-0.10617477268290021,2595412.06276,-0.02187731683704003,0.013388270369875738,-0.07603449942458082,-0.07711833403604906,-0.7339656973677811,0.001083834611468243,0.0023217336922387644,-0.002508106917494479
2020-09-01,-0.06655444426608592,-0.06577631283804564,3261128.408051,0.003708286078919316,0.016895462580090136,-0.07270024105059336,-0.07692270644771641,0.15919651735266832,0.004222465397123051,-0.0002468029191621379,-0.0015329286882710782
2020-09-02,-0.15927224964536746,-0.15988932795278754,3764441.427565,-0.032510358771116916,0.03345160994653354,-0.07770698564866173,-0.07841997086949189,-1.9111179176669242,0.000712985220830159,0.005177997978253795,-0.003758188702680944
2020-09-03,-0.11503148446125122,-0.11398197083908079,5177014.206844,-0.1093741892133046,0.06895065717080302,-0.07867409094459463,-0.07907374789791617,-0.8394758710529321,0.00039965695332154494,0.0125814753469522,-0.0029239442887567216
2020-09-04,-0.0021646689931180685,-0.0018515129031198008,5335815.619947,0.029989899669284736,0.03214088836714238,-0.07762976174320009,-0.07772446581186707,1.6797735992218195,9.47040686669759e-05,-6.491820592082248e-05,-5.535933018442618e-05
2020-09-05,-0.021582130625960483,-0.021899504456179497,5404317.69581,-0.05016947473293745,0.050679592659832975,-0.07509699465191746,-0.07675649451555834,1.1492650293014384,0.0016594998636408759,0.00108276415712208,-0.0005814232961216593
2020-09-06,-0.006157520039666076,-0.006459726294774315,4199283.874449,0.021826985110032605,0.028513215269957506,-0.06985280347374358,-0.07555990172783135,1.3304030304889538,0.005707098254087772,-0.0001344000982205188,-0.00016619965386592295
2020-09-07,0.004636519064782352,0.004593341494119274,3757856.832787,0.015027116403156099,0.04744649426201711,-0.06579774756136503,-0.07422329471462112,1.3957220661992498,0.008425547153256094,6.967351169193685e-05,0.00012245831134933752
2020-09-08,-0.011811031149141837,-0.0116849432642806,3245126.23933,-0.01014869167214676,0.033870892389016076,-0.059423594294584825,-0.07320014285289195,0.986218304687986,0.013776548558307122,0.00011986651346276174,-0.00030915985195628014
2020-09-09,0.017313743401399684,0.017445021667816585,1684097.244098,0.027739004794144782,0.02157621594697288,-0.05338059852733747,-0.07174024146169371,1.4250415253681206,0.01835964293435624,0.00048026601121601843,0.00045077024933516907
2020-09-10,-0.07319024372720662,-0.07286723234025638,2386721.985829,0.003217160951775654,0.0177477974291149,-0.05663271256947612,-0.0717632573706701,-0.3414110779269509,0.015130544801193982,-0.00023546479417011214,-0.0018912616906811592
2020-09-11,-0.02987814840534453,-0.02945431763537898,2607465.663158,0.015135424065100798,0.014311833113294212,-0.05157995381058351,-0.07247930016579117,0.47976598135774895,0.02089934635520766,-0.0004522184463949046,-0.0007557311213461733
2020-09-12,0.005268286408456557,0.005648379449078478,1820208.0167750001,0.013951218947095482,0.013984297443671204,-0.049012236382843015,-0.07167591748277877,1.1571690903676717,0.022663681099935752,7.349901716038472e-05,0.00013175554638510017
2020-09-13,-0.05819042768074112,-0.057990693561042694,2338698.201932,-0.008218734845843205,0.01754492866239268,-0.0505224288383788,-0.07145201924817055,-0.16435163863149874,0.020929590409791747,0.00047825169567422603,-0.0014502450195943296
2020-09-14,-0.03247541394067066,-0.03219924208682268,2426181.035608,0.008645586992854108,0.01620825790383724,-0.0503466820824737,-0.0699798101010951,0.38252068318994614,0.019633128018621396,-0.00028076901635301524,-0.0008090617642550739
2020-09-15,-0.06566787452508527,-0.06479593416132834,3772620.815426,0.01066108178611363,0.02453785655826522,-0.04869589390944333,-0.0703947817295717,-0.3733333823064122,0.021698887820128368,-0.0007000905810321818,-0.0016231982727567484
2020-09-16,-0.06443133657921196,-0.06422247290932337,3325788.774742,-0.002133713469547018,0.013748525644536522,-0.04898619109616812,-0.06880285820539891,-0.33912078557106984,0.019816667109230794,0.00013747801071998207,-0.0016084834989095577
2020-09-17,-0.008130564049239064,-0.008064898130969778,2519033.456602,0.0017841217935015655,0.008624289302180298,-0.044519897445850797,-0.06733739967620102,0.8143588143338751,0.02281750223035022,-1.4505916513707749e-05,-0.0001952322607997268
2020-09-18,-0.06577715197164336,-0.0656584873707905,1693374.05524,-0.006079046076382148,0.010638856694210413,-0.046159569828788036,-0.06681999528687278,-0.4378087244373219,0.020660425458084747,0.0003998623376088108,-0.001577027380412848
2020-09-19,-0.054139898809993925,-0.053800838417801256,1679540.8517109999,0.0007163324088543879,0.010882433877994537,-0.046079188713927646,-0.06716167024177642,-0.1799592294570371,0.02108248152784878,-3.878216412969576e-05,-0.0013082317990470542
2020-09-20,-0.11565149719110146,-0.11510002817620602,2104026.2284319997,-0.005390848634876414,0.020023399163087364,-0.04900060450283798,-0.06799339464970358,-1.4095209805585862,0.0189927901468656,0.0006234597157540627,-0.0028371282453337793
2020-09-21,-0.04403986894851719,-0.04228621414578759,5172212.161887,-0.07644670397678904,0.045086469919860594,-0.04604416219689084,-0.066640213380572,0.04410767581796855,0.020596051183681158,0.0033667028246838777,-0.001146848464811864
2020-09-22,-0.01419348010845023,-0.0141271498495541,1858994.678097,0.015646188287559013,0.014572842124603493,-0.04355078295128914,-0.06585640468442176,0.6424611360104772,0.022305621733132622,-0.00022207386223253582,-0.0003680446130518542
2020-09-23,-0.044903392757608906,-0.04455152759043857,2522142.505078,-0.032154619854291355,0.021371715587820857,-0.038104646909014925,-0.06503989486706326,-0.1825264307366943,0.02693524795804833,0.001443851524288854,-0.0011385393354188854
2020-09-24,0.049004091700057595,0.04972014950401449,3182983.816636,0.016871565840007444,0.013298449718159841,-0.030293428996571645,-0.06325659392050632,2.1141436632949384,0.03296316492393468,0.000826775759547284,0.001112647824300213
2020-09-25,-0.037398601116562125,-0.03644709337298557,3575821.8460460003,0.005593898606976077,0.0072165695643333656,-0.03197123528816422,-0.06210248293267724,-0.14680008231606165,0.03013124764451302,-0.00020920398268879084,-0.0008047554461260014
2020-09-26,0.018036219368370077,0.018741770450993123,1645586.226213,-0.0025930742442500324,0.007424948083199688,-0.030084647193196097,-0.06102431173081296,1.249674155570353,0.030939664537616866,-4.6769255907764034e-05,0.0003509593108002649
2020-09-27,0.007187074142191108,0.007042740925116808,1370946.561241,-0.0073910166463890675,0.017510056897575035,-0.029449190327393376,-0.059087417420243996,0.9387195276664104,0.02963822709285062,-5.31197846237669e-05,0.00013608455553872366
2020-09-28,-0.048051242068553046,-0.047144561682270436,1743503.474016,-0.02316994532190145,0.019570487004550743,-0.03195813133374268,-0.05819630222835771,-0.4189183691697014,0.026238170894615033,0.0011133446513778248,-0.0008460476532271574
2020-09-29,0.02353979179319521,0.023779499657271996,1879309.140482,-0.0011217051092001374,0.01633845218641335,-0.03027475881267901,-0.0575899131470304,1.342635615388618,0.02731515433435139,-2.640470472393453e-05,0.0003948168790190121
2020-09-30,-0.00895015932706067,-0.008446817523017236,1534666.3003759999,-0.00907378626350404,0.01462411167770982,-0.0315254208473676,-0.05753701246252991,0.5801185844945344,0.02601159161516231,8.121183275805566e-05,-0.0001471519470663129
2020-10-01,-0.03192073849601851,-0.030788362948755643,2293031.209373,-0.007206554989361196,0.016928432471126055,-0.029560206312549117,-0.05817238934966067,-0.06256441648837274,0.028612183037111556,0.00023003855727257618,-0.0005235718776652497
2020-10-02,-0.06216404049558655,-0.06180090339747213,3045221.483683,-0.01113896671830756,0.021301863113084175,-0.031097629745417785,-0.0575297401689543,-0.8091230588606948,0.026432110423536513,0.000692443178155862,-0.0010403218591772125
2020-10-03,0.0016604243951381381,0.0021446668571867278,984845.171138,-0.002700098072442816,0.00906111101933967,-0.03126943269843295,-0.05709562313174482,0.8613159899866614,0.02582619043331187,-4.483308708749515e-06,2.739811399002227e-05
2020-10-04,0.03952178129532391,0.03978198052326376,1403714.5379010001,0.014526249312714182,0.010199748299650887,-0.026616470366239375,-0.05495277252711406,1.6265912292603757,0.028336302160874682,0.0005741032483784392,0.0006383122938822052
2020-10-05,-0.03540263942130295,-0.03446901886688791,999541.465832,-0.006870256030752326,0.004619003537487477,-0.026755862055793295,-0.05422626456560276,-0.21252074096603624,0.027470402509809467,0.00024322519698875662,-0.0005522468216758857
2020-10-06,-0.04931559798441765,-0.048872408989426686,2204898.942557,-0.006139696953622246,0.01949020058223194,-0.025977182220523407,-0.05485337767817453,-0.5826390017960472,0.028876195457651126,0.00030278282671098843,-0.0007574217521674559
2020-10-07,-0.03848059157583972,-0.03831905719160178,2958570.495149,0.005808341595746787,0.004696237159855803,-0.024741432458458064,-0.053623983589525547,-0.3504714532824656,0.028882551131067483,-0.00022350842067889323,-0.0005744230217069691
2020-10-08,-0.0015883458995457067,-0.0011769119617836,4032500.339964,0.008875227078902209,0.01905165906833277,-0.024429898260853615,-0.05230294653639334,0.5802327219002167,0.027873048275539727,-1.4096930538311343e-05,-2.449887767279358e-05
2020-10-09,0.031520389156348694,0.031962875732109985,2763702.643228,0.009856031263301559,0.015342744693388735,-0.01979668201666352,-0.04991090903345814,1.2836494535169773,0.03011422701679462,0.00031066594095640416,0.000493235455993609
2020-10-10,-0.020845365497136892,-0.020382575968184824,2856512.894537,-0.007857851470567227,0.012321041303811502,-0.018211228049384614,-0.04857280730958072,-0.06719734515984105,0.030361579260196104,0.00016379978592618845,-0.0003276192076028061
2020-10-11,-0.013786321371491161,-0.013610942048274288,2524918.020157,0.005255267350147382,0.011869052679767898,-0.013360505391307932,-0.046630387417811704,-0.01321553323783893,0.03326988202650377,-7.245080458223657e-05,-0.00021132145854949798
2020-10-12,-0.05810133334179912,-0.057542188164226404,2484460.122041,-0.004866189651172895,0.01520056566310707,-0.014030098933845167,-0.045369586851772274,-1.334426541759852,0.03133948791792711,0.0002827321070272096,-0.0008079109161286096
2020-10-13,-0.07959522324644142,-0.07929763396627587,2511650.16145,-0.005665737535677364,0.00635230465247664,-0.01714446765470189,-0.044465163885528125,-1.7350824284622828,0.027320696230826235,0.00045096564400798263,-0.0010756299669592065
2020-10-14,-0.04217290235297366,-0.0416100278010878,1767818.75796,0.0011387361260884192,0.004886475609024271,-0.017014444302100213,-0.04427535895325895,-0.7009398944459129,0.02726091465115874,-4.8023807451330405e-05,-0.0005368078588596807
2020-10-15,-0.15542288236742352,-0.1554051367724153,1796442.886266,-0.012265389487059842,0.01910932326934222,-0.026749062114837407,-0.04523886068533456,-2.9299414938566986,0.01848979857049715,0.001906322187437935,-0.002021344070583422
2020-10-16,0.01634697255322881,0.01677808370678635,2867154.4558180002,0.002307693331816979,0.018626641009712182,-0.0241897490829426,-0.04459691537143563,0.9043948118451914,0.020407166288493032,3.7723799556481304e-05,0.00022148159704927278
2020-10-17,-0.015570816043877667,-0.015719014503037032,1668072.183974,-0.00038647343476203304,0.0033066546928013575,-0.025790084102573448,-0.043657241982562336,0.23316844871505824,0.01786715787998889,6.0177067585251724e-06,-0.0002079120398835286
2020-10-18,0.00047516545505366103,0.00026628805727391125,4928388.627095,-0.0011585249413187796,0.0027547142173627395,-0.026109698801960943,-0.04180389753436596,0.609755773601671,0.015694198732405018,-5.504910309327539e-07,6.010861648992831e-06
2020-10-19,-0.000288018424476455,-0.0004287768451515239,6259756.522185,0.004638585820050409,0.009959927434821254,-0.02383525958081444,-0.04053037949197405,0.5395403084288332,0.01669511991115961,-1.3359981796897439e-06,-3.5116339779993357e-06
2020-10-20,-0.01745421904293165,-0.016899553841471016,2055338.5125330002,0.0011571843142791655,0.01015844535661799,-0.025787355334915718,-0.03849523614739319,0.19693208967653344,0.012707880812477472,-2.0197748494473216e-05,-0.0002076721745105342
2020-10-21,-0.10681539368081072,-0.10613311564571837,2920249.065123,0.002668192930397271,0.009475747825457941,-0.030447604589856198,-0.03845120798818708,-1.6737349574332607,0.008003603398330884,-0.0002850040782767405,-0.0012447141552162605
2020-10-22,-0.012377997228498527,-0.011932808308459775,2069459.886613,0.0003775722151707693,0.009707739654549491,-0.029516997862831434,-0.03856997224828556,0.3742580308863104,0.009052974385454125,-4.6735878329418315e-06,-0.00013998406789608741
2020-10-23,-0.06795762302340902,-0.06757178381798579,2066895.903225,-0.00527904695062005,0.011746619298637464,-0.029792882745108697,-0.03749015543370333,-0.8293432136330022,0.007697272688594631,0.00035875148259311427,-0.0007376183733892213
2020-10-24,-0.07095584949544598,-0.0705746911863655,1084445.045036,0.0045592784145186025,0.004984657378892851,-0.03325080054942223,-0.03784415654356606,-0.8149975554871148,0.00459335599414383,-0.00032350747298841753,-0.0007563876776417476
2020-10-25,0.15867887638223865,0.15885688397591902,1750783.397345,-0.0030109168399495723,0.016043152708778208,-0.02757665316433105,-0.034905184122983074,3.068826710433857,0.007328530958652026,-0.0004777689010435588,0.0017356666338511852
2020-10-26,-0.02909985822514849,-0.027983652211654886,12416824.452288,-0.07016615569359107,0.04135920421403703,-0.02727652072641893,-0.034793021621561976,-0.030054505511868636,0.007516500895143045,0.0020418251828871956,-0.00036921222293487493
2020-10-27,-0.057129481414791905,-0.05601114490200054,3019599.593633,-0.006344488533079142,0.006554391039154945,-0.02764861041357961,-0.03410722884784878,-0.48461686029194906,0.006458618434269172,0.0003624573397369052,-0.0006896543106062644
2020-10-28,-0.07426535872631013,-0.07388026506567014,3965411.9755200003,-0.03613247211376481,0.020816373654274377,-0.02935264694455439,-0.03436009016639353,-0.7285384075974216,0.005007443221839138,0.0026833910031971407,-0.000953522772106871
2020-10-29,-0.049313922644201535,-0.04803658637048813,2095501.097073,-0.012729197912484327,0.011856453368958669,-0.03162529345620467,-0.03352502972096969,-0.28784288020992566,0.0018997362647650215,0.0006277266811789838,-0.0006162648893334636
2020-10-30,0.01940179245406415,0.019938333670837194,3664705.959449,0.009725810957052487,0.011198037758049789,-0.03220236948964679,-0.03271954044503278,0.8475813393564654,0.0005171709553859899,0.00018869816563619535,0.00023863051955423236
2020-10-31,0.021518004731683638,0.0215910494563325,1849467.329773,0.0019489384457807072,0.006158621554360469,-0.03018506614541724,-0.03149182763624316,0.8343073395047526,0.0013067614908259216,4.193726669806941e-05,0.0002583442457235678
2020-11-01,-0.003708242653348237,-0.003861226347487201,2102483.02208,0.0027221482879848163,0.0023014023744934954,-0.029705157635029483,-0.030688755843058465,0.4183376511091703,0.0009835982080289817,-1.0094386390244177e-05,-4.28315186723378e-05
2020-11-02,-0.03562796965410964,-0.035673116751203104,3286865.467062,-0.024362698074051482,0.015360158723925174,-0.028634997459425222,-0.029569752863387075,-0.11311352537040442,0.0009347554039618525,0.0008679934676745415,-0.0004117864543878741
2020-11-03,-0.08597490619655523,-0.08535179297700801,1886737.8846790001,0.025735236123989244,0.023673608931691303,-0.028938791885621117,-0.029878014163870717,-0.9184472602970143,0.0009392222782496004,-0.002212584511706175,-0.0010646082264381064
2020-11-04,0.002368074383307439,0.00236013894374576,3354781.4246199997,0.009489988184848211,0.01718211766902454,-0.026817792993417255,-0.027312294734844127,0.4678274776414816,0.0004945017414268726,2.2472997918429312e-05,3.0709864308505205e-05
2020-11-05,0.056309367873902394,0.05700841649590083,2858953.376625,0.02342207281939087,0.019919241022335665,-0.01673530488668745,-0.02459259866603217,1.2708108236463163,0.007857293779344722,0.0013188821147564107,0.0007324076621140897
2020-11-06,0.004508915461560514,0.004722902604438639,7763395.893352,0.03654217244154143,0.0387275582052458,-0.017299021891052608,-0.024486668754053146,0.3812878292886166,0.007187646863000538,0.0001647655663206767,6.296267308853808e-05
2020-11-07,-0.04921149184123996,-0.048786979908870154,8154176.89767,-0.05473821653927917,0.047566193040174946,-0.018900958833784145,-0.024925230043184563,-0.5260946432235613,0.006024271209400418,0.002693749296626763,-0.0007909092059896598
2020-11-08,-0.03436175128941987,-0.03476029406687209,2688183.9431,0.009285117775679638,0.01724906490787652,-0.020559859631140025,-0.025372916253498117,-0.23990816044707963,0.004813056622358092,-0.0003190529077008752,-0.0005759663017884386
2020-11-09,-0.0644800260986369,-0.06344231866735073,3226300.024834,-0.01668868697058222,0.045588761661247264,-0.023616621901338144,-0.026470004271965084,-0.7033111386373146,0.0028533823706269404,0.0010760869714151232,-0.0011902016458559903
2020-11-10,0.06055877980849167,0.060978812282597605,5179570.510217,0.027167603314663207,0.03804320041563349,-0.01990171719412751,-0.02532127711390741,1.3203264730802409,0.005419559919779902,0.0016452369070571375,0.0011982342005166244
2020-11-11,-0.027533284084209853,-0.027283604036598574,3662919.449056,-0.010822616458151546,0.018287058667756925,-0.01612637864190842,-0.02603313469304407,-0.1978531976507511,0.00990675605113565,0.0002979821734767316,-0.0005563344128488415
2020-11-12,-0.0003392287341102973,0.00021514509161124629,1702549.252957,0.0014404035619687843,0.004921469632307775,-0.015553103951699458,-0.024876769375693338,0.2634333101941271,0.00932366542399388,-4.886262769346338e-07,-6.7771010891680995e-06
2020-11-13,-0.09340175101492043,-0.09327408780687496,2645397.836577,0.005695992616264009,0.010848931630448633,-0.01676472909415238,-0.025885080528226287,-1.2954958029612882,0.009120351434073908,-0.0005320156841271162,-0.0018619846263651428
2020-11-14,-0.03491447961993499,-0.03418587606823986,2487763.720293,-0.008608374536600363,0.016189909978527237,-0.015048473385794715,-0.02652290221121663,-0.34241365766713333,0.011474428825421913,0.0003005569173189007,-0.0007146576852556815
2020-11-15,0.003162401859822861,0.0033309858382968294,2888270.826729,0.0007207207519181774,0.020525175264142884,-0.02245401979162404,-0.02554904777406482,0.6011231434671092,0.0030950279824407817,2.279208646278975e-06,6.540553823558384e-05
2020-11-16,-0.018669843320552104,-0.01867120890105889,12114992.977834,0.03835122588893593,0.06840705478202116,-0.02195735241521469,-0.025329911732475636,0.07718296741781629,0.0033725593172609473,-0.0007160113784975354,-0.00041018071117104535
2020-11-17,-0.021918009656707094,-0.021584243377237744,7977737.487782,0.011947573421118282,0.019815200558141188,-0.020280615664829697,-0.02463546943297757,-0.0391477082219739,0.004354853768147874,-0.0002618670296182875,-0.0004953841680161559
2020-11-18,-0.04212729318256836,-0.0416688537880312,8739287.411011,-0.03178090322368475,0.032363785797168185,-0.018750231591318185,-0.024281436998110213,-0.5798947019029111,0.005531205406792028,0.0013388434277109994,-0.000975313049131691
2020-11-19,-0.04760071328121385,-0.047452566067830215,5599892.520863,-0.0030816665374081807,0.021744617822104424,-0.018668650193080675,-0.024907947303379654,-0.7188208751272512,0.00623929711029898,0.00014668952527547788,-0.0011244448356727808
2020-11-20,-0.018274379908020055,-0.018202018323061453,6964886.745355,0.02157871995961602,0.01662237816870313,-0.02046275363889421,-0.024153935048401506,0.05568959447914027,0.003691181409507298,-0.0003943377264707983,-0.00043640568984093953
2020-11-21,-0.04393777563703982,-0.045178812218015674,31959342.403124,0.0769951132668322,0.07758252932318971,-0.02357969556121437,-0.023991996585338744,-0.5303665042295574,0.00041230102412437297,-0.0033829940118665414,-0.001198704993881076
2020-11-22,-0.05645747953927438,-0.05541154825628103,22335524.450911,-0.01748970029631355,0.07664678043753008,-0.02609156398435371,-0.023052409003563708,-0.7837620880708562,-0.0030391549807900035,0.0009874243966271634,-0.0017401399529880953
2020-11-23,-0.08474427827122,-0.08350376810148519,17204919.834132,0.11049260239370429,0.09793747670655313,-0.02843043582326373,-0.023698510738844707,-1.3810057294121578,-0.004731925084419022,-0.009363615844163346,-0.0029452353931222618
2020-11-24,-0.06391833748294196,-0.06200727280051255,52907033.496414,0.14101477458342748,0.1303914868240308,-0.027380123027377384,-0.024487794189233462,-0.9253768499645375,-0.002892328838143922,-0.009013429951904503,-0.0025462630441070336
2020-11-25,-0.07198131468178093,-0.07173919032647669,28263384.300752,-0.040800500468732945,0.08272896087275675,-0.030920570125714926,-0.02491760247374413,-1.0261676970476596,-0.006002967651970795,0.0029368736634140164,-0.003092135048495024
2020-11-26,-0.046487562397503845,-0.0467461197720872,27073613.464549,-0.024887475699654344,0.087774769483432,-0.035815662043400934,-0.026433343014975266,-0.3071005419203815,-0.009382319028425668,0.001156958079504042,-0.002147199329904821
2020-11-27,-0.02340845345568998,-0.022352549160248203,7469171.137264,0.002749352579564471,0.06494708827105412,-0.03714506056327001,-0.026211277179088405,0.40825381262871047,-0.010933783384181602,-6.435809189201611e-05,-0.0011104322621347852
2020-11-28,-0.1131295571324108,-0.11326554905751385,6539402.283124,0.03812558401290307,0.04445150870892996,-0.04018877795808767,-0.028293273631481753,-1.9467768083637098,-0.011895504326605914,-0.004313130434794246,-0.005349773983820921
2020-11-29,-0.06443643855003645,-0.063676111127562,3463836.115402,0.012567752734270885,0.02805522477368894,-0.04162090592287893,-0.029430154785326634,-0.6034764260137515,-0.012190751137552299,-0.0008098212267738984,-0.0030802868906574404
2020-11-30,-0.05421032930196579,-0.05289693681540042,6420175.655032,0.024972920931380083,0.024459240744852888,-0.04113187274208507,-0.029527918074745883,-0.3481832530366204,-0.011603954667339184,-0.0013537902673220685,-0.0025368984603020514
2020-12-01,-0.06893876488284822,-0.06874011882092357,7285052.449714,-0.056991315502188195,0.04260090122439914,-0.04729842248929173,-0.030995831672778317,-0.7243338369866541,-0.016302590816513415,0.0039289108997695756,-0.003241111876251987
2020-12-02,-0.012416543609386932,-0.01237647532427677,3980273.6922500003,-0.004746374974020394,0.027153145428595565,-0.04657857770477635,-0.031050853645513656,1.1182065858337988,-0.015527724059262695,5.893357185142699e-05,-0.0005889980428583337
2020-12-03,-0.08632919590070143,-0.08598463222775954,5336228.951839,0.0032177883549257694,0.044316945182951775,-0.0506733380460426,-0.0319144799535245,-1.1966375202647934,-0.0187588580925181,-0.00027778908125938254,-0.004257110988663788
2020-12-04,-0.035402839641700434,-0.034949480566898505,4319028.344529,-0.0255307454575266,0.05495771785671609,-0.04791148512350831,-0.0314896989875898,0.4421898988259587,-0.016421786135918513,0.000903860887365886,-0.001820164337045755
2020-12-05,-0.030285356221571802,-0.030346888672993733,2679607.1863,0.022319033877282998,0.013335787715380345,-0.047691050675967205,-0.03199677487039472,0.6126164872807025,-0.015694275805572484,-0.0006759398914948445,-0.0015529433300121745
2020-12-06,-0.12782239558281194,-0.12725972224070903,1919014.114325,0.001475579432558018,0.022213733123930473,-0.053928421982759336,-0.03465303164623814,-2.387227915769992,-0.019275390336521196,-0.00018861209794229214,-0.006564631582777874
2020-12-07,0.0171854581846842,0.017251415659597535,1438975.392329,-0.007454932393995013,0.01490086360094714,-0.05222102667298619,-0.0338182999382066,2.0504487146447126,-0.018402726734779593,-0.00012811642892664898,0.0008388141471608686
2020-12-08,-0.06132314523660154,-0.06154252412953809,3501697.643574,-0.04704941520799857,0.028805812621267846,-0.0540974617006002,-0.034008895926336505,-0.21783142099206132,-0.020088565774263697,0.002885218122097265,-0.003019407867764126
2020-12-09,-0.06044002176717855,-0.06030252821924176,3176526.591631,0.007968169649176926,0.037347107274270444,-0.054969496395105455,-0.03435745831032601,-0.1653667930072893,-0.020612038084779447,-0.00048159634704082494,-0.002990267418045907
2020-12-10,-0.11679412887746721,-0.11666250626661634,1634447.012618,-0.0121991882063484,0.012226801354774604,-0.05826442094730799,-0.03618612153219778,-1.6415025164390493,-0.022078299415110213,0.0014247935595727331,-0.005725449860422775
2020-12-11,-0.0942762643560795,-0.09426683655853907,2907182.277914,-0.002278276005798281,0.034692063502557054,-0.06188355830197749,-0.038182893810172834,-0.9189678907025549,-0.023700664491804656,0.00021478735099875166,-0.004702706329222419
2020-12-12,0.0688926346701626,0.06756430399121882,2388628.09662,-0.0022176470358967974,0.01696470786285218,-0.05651068162068214,-0.03675848110910458,2.768886029102231,-0.019752200511577556,-0.00015277954707140702,0.0032376524195345266
2020-12-13,-0.011463075618269314,-0.011211649032458526,3217500.368997,0.0333728148156924,0.018229086116129712,-0.054368090957777136,-0.03672160419238678,0.9257777882598137,-0.017646486765390358,-0.0003825550998267805,-0.0005068264762539476
2020-12-14,-0.034421349197811146,-0.034442015497473166,2181331.909351,-0.01386130309769179,0.01306086849192855,-0.05197176100190052,-0.03634573142819649,0.38156929651140126,-0.01562602957370403,0.0004771247542623505,-0.001382777424855279
2020-12-15,-0.06191250427545136,-0.062166044313157975,2195315.964283,-0.01178308206580536,0.018432162740408136,-0.05187624513487716,-0.03606505334929189,-0.2183154088659315,-0.015811191785585273,0.0007295201187771687,-0.002157074389080143
2020-12-16,-0.004365261473106563,-0.004349450389411147,6334887.345785,0.06926426173735718,0.037054463645845505,-0.048656433077321246,-0.03546493206548447,0.945336643719463,-0.013191501011836776,-0.00030235661322525437,-0.0001425943840057529
2020-12-17,-0.0025748704622436946,-0.002107678498621479,29957454.10379,0.08467560950431409,0.09091411683623471,-0.04656535250897552,-0.03303877314635464,0.9179667400980017,-0.013526579362620882,-0.0002180287257851398,-8.449490722624139e-05
2020-12-18,-0.06238964739074304,-0.06085527684841108,12882877.233833,0.018272500038457748,0.02710883797541636,-0.04842159983921614,-0.034288560764512914,-0.29262002053165376,-0.014133039074703223,-0.0011400148343467175,-0.0019349141895471525
2020-12-19,-0.04771256864218021,-0.04738512977083842,10044054.478287,-0.01113371824845504,0.020179709531147363,-0.04530650514920516,-0.03479874731369232,-0.053024073654254565,-0.010507757835512839,0.0005312182961721055,-0.0014245821024395293
2020-12-20,-0.017794092505051484,-0.017176695957488053,72395805.817818,0.17391237732772621,0.11763850928952298,-0.04308544105182492,-0.035088735535281294,0.5554281559288937,-0.007996705516543627,-0.0030946129299429786,-0.0006071959378418702
2020-12-21,-0.015866004885320972,-0.014874606543765823,91885962.574239,-0.04881009659849832,0.13020012802884665,-0.0412595208415085,-0.0353360051616439,0.5540290165361204,-0.005923515679864599,0.0007744212310847628,-0.0006212927068061312
2020-12-22,-0.01271530529769005,-0.01205816570248519,29287562.23919,-0.02877896455004327,0.06605334192439423,-0.03858221324221526,-0.03526078430854483,0.5650429417541982,-0.003321428933670427,0.0003659333204051993,-0.0005121155268313566
2020-12-23,-0.05002605534262483,-0.04828111793173129,24571234.957638,-0.2075228466720313,0.11288473181022163,-0.04037314237236944,-0.03435936623968474,-0.2124402869715257,-0.006013776132684702,0.010381549412474085,-0.0022190545634199594
2020-12-24,-0.010332558292480809,-0.011728768547729418,18715860.688418,0.194593268492524,0.0880111926236054,-0.03675425486721608,-0.03432689895498604,0.5922291945428766,-0.0024273559122300337,-0.0020106462900233734,-0.00047983010436339856
2020-12-25,-0.02759345259936974,-0.027080454889624073,17227654.256493,0.021253844095617272,0.05049328056924425,-0.03638237929377176,-0.033686197837144154,0.19680377040897,-0.0026961814566276096,-0.0005864669396068096,-0.001275536656747954
2020-12-26,-0.02411351206760437,-0.023561045740701392,13973177.724547,-0.027715903919075077,0.041272905543916695,-0.03608848195310664,-0.032942668671622856,0.2677722929331307,-0.003145813281483785,0.0006683277836171801,-0.0011467518533868888
2020-12-27,-0.023391261801895435,-0.023482578196637904,18691269.214077998,-0.012655634765264708,0.06257873665941736,-0.03111557082068205,-0.03583267086502181,0.19548749097074228,0.004717100044339759,0.00029603126606347625,-0.0011573655807393655
2020-12-28,-0.04485646770210516,-0.044625296055852304,10710222.327888,-0.006487912031235123,0.031127595701448452,-0.034069948243862495,-0.03608277577735445,-0.28376654100673576,0.0020128275334919538,0.0002910248164831978,-0.0022540933805943793
2020-12-29,-0.017300686938921617,-0.0168738734097853,10814294.452048,0.005349990469185939,0.04629028479590283,-0.031973640705877736,-0.03545057269043588,0.38976180035393304,0.003476931984558146,-9.25585102336003e-05,-0.000883785517116322
2020-12-30,-0.003060157395273988,-0.0030826522016923485,9464873.506321,0.031115568929795816,0.027059293860559247,-0.029241266211977517,-0.03432033139946705,0.6970704487252779,0.005079065187489535,-9.52185383686722e-05,-0.00015482543113930545
2020-12-31,-0.015257385762968534,-0.01457840282647016,8319117.943345,0.012043156309798212,0.01926421747504696,-0.0244061832065252,-0.033779751448971294,0.28750241815368965,0.009373568242446093,-0.0001837470816223199,-0.0007770442967906605
2021-01-01,0.02372088828175123,0.02483423485644165,23460125.460313,0.12931494224558784,0.10629344018492386,-0.01878727117615231,-0.03371119437234133,1.4570024864011617,0.014923923196189022,0.0030674652981687017,0.0012889610027315384
2021-01-02,0.01732229683256281,0.017254411236992784,909020979.933275,0.4618036097499112,0.3745748297797107,-0.021243001549371348,-0.03377779291042262,1.6820710956914264,0.012534791361051272,0.00799949920643696,0.001236252511359664
2021-01-03,-0.004475585538022853,-0.0035594205894580178,676762352.617866,-0.09248051530971685,0.28481213730229277,-0.020910263926502467,-0.033789972956211105,0.7106537097065404,0.012879709029708638,0.00041390445686906974,-0.0003762272649961577
2021-01-04,-0.010708215607164728,-0.01017815108377651,253660279.31706202,-0.12641137279033582,0.22109780231896906,-0.01978106708885264,-0.033394421304672295,0.3942645865276213,0.013613354215819655,0.0013536402350365928,-0.0010062365994928796
2021-01-05,-0.02423962104786115,-0.023929986415043736,94740845.877904,0.09156719352549068,0.1132996535202927,-0.0179871202684912,-0.03241449614358192,-0.2986135590197303,0.014427375875090718,-0.002219554071474059,-0.002387267022999715
2021-01-06,-0.0708461802143493,-0.06943558483602752,95398129.02656001,0.03915957631373112,0.06371735007287829,-0.021152878303788474,-0.033576627168941546,-2.1030799723371336,0.012423748865153073,-0.002774306400640159,-0.007067318382159107
2021-01-07,-0.09298338083958968,-0.09331566461882279,50633857.364843,-0.046217467009530284,0.04542663185477843,-0.02545804546461447,-0.03594635333899697,-2.4184399041157056,0.0104883078743825,0.004297456336388327,-0.00907422427404315
2021-01-08,-0.04613589240376792,-0.04526520030978032,45219640.528681,0.037815243062696215,0.06986515891198035,-0.02468405713190137,-0.036750239178129175,-0.7928087498380998,0.012066182046227805,-0.0017446399851628839,-0.0045963232819598385
2021-01-09,-0.06846711729057409,-0.06783194988179897,50242413.630711004,-0.001762805274823349,0.0343969679884945,-0.02567236897230108,-0.037055884026531295,-1.5126040294699183,0.011383515054230214,0.00012069419551177293,-0.006867441584071945
2021-01-10,-0.07139171035338532,-0.0701325359503816,52015339.310729,-0.04897886121688303,0.10384154409222698,-0.028224636488888406,-0.03764366115453075,-1.4429057942598946,0.009419024665642345,0.003496684673434371,-0.007113882136823448
2021-01-11,-0.01624936777793229,-0.016727894229569884,66322227.675188,-0.03153918312840209,0.229007596284287,-0.02824289186472704,-0.0368780951494402,0.4010010033765356,0.008635203284713164,0.0005124917860689626,-0.0016956359920983683
2021-01-12,-0.018343203201676483,-0.01866620209558112,31968969.199271,-0.062118339373560136,0.07859987750853734,-0.028510887003012107,-0.03813050757817303,0.34133670264616084,0.009619620575160925,0.0011394493216799145,-0.0019250888039154812
2021-01-13,-0.08111685390419299,-0.0806936984206309,21193161.204937,0.09143297964362605,0.07123979702962363,-0.029991401220229637,-0.03898104043245847,-1.6165361840082875,0.008989639212228836,-0.007416755651777066,-0.00835221731171965
2021-01-14,-0.03048479962748729,-0.029501521458457858,49897142.597267,0.10749796251880285,0.12450675472155115,-0.03095103175999185,-0.03945954155775017,0.01489354300980085,0.008508509797758322,-0.003277053847748844,-0.0031918541215851626
2021-01-15,-0.08989227241803488,-0.0883284386134956,44669938.881464,-0.005958732251208055,0.10853527217620972,-0.03391764222754733,-0.039403835548275805,-1.6550266133330023,0.005486193320728472,0.0005356439827917247,-0.009660456468955846
2021-01-16,-0.07073656907631365,-0.07012546945577958,21711887.217541,-0.009152150020164304,0.013820134581288604,-0.036137787799390635,-0.039972440142821496,-0.9980910318049878,0.003834652343430861,0.0006473916920981377,-0.0075093775898637215
2021-01-17,-0.0657291252104033,-0.06506092296363675,22637381.905682,-0.01577405565108331,0.028232489539255667,-0.03815387653312911,-0.041065956445523494,-0.785288250801463,0.002912079912394387,0.0010368148789659248,-0.006870286200252815
2021-01-18,-0.07578778178368062,-0.07488642946852397,17191208.909995,0.014897854680637188,0.015371137230458605,-0.03962679625129936,-0.041972590389382676,-1.0031794706751782,0.002345794138083314,-0.0011290753595811162,-0.007864795388680587
2021-01-19,-0.10392790067176527,-0.10303157297203136,24904262.297903,-0.012848142477848906,0.035320943121958916,-0.04375190166714906,-0.043274334691209,-1.5731102860046962,-0.0004775669759400636,0.0013352804752545693,-0.010730719205900003
2021-01-20,-0.07582720577837043,-0.07555763503800328,19136029.462089,0.011532618393797637,0.06501913991037157,-0.04721699920920127,-0.043809253938761415,-0.7594163163949313,-0.0034077452704398548,-0.0008744862281099133,-0.007966344405979736
2021-01-21,-0.06927607167993244,-0.06898856962535616,19075129.597807,-0.084789552029756,0.08478073579445289,-0.04978931758619956,-0.044153307246677584,-0.5234975828172438,-0.005636010339521977,0.005873887084122737,-0.007494217457765547
2021-01-22,-0.03927015672656742,-0.03867334699491043,19755979.054788,0.03791639982061161,0.038321538901517384,-0.05278889115802426,-0.04448657354538468,0.4054846269275462,-0.008302317612639575,-0.0014889829634626107,-0.004121099058479355
2021-01-23,-0.07591814305582323,-0.07526458956020343,13323707.053632,-0.0004657661937953004,0.04557966135523406,-0.057228912105090256,-0.04499419842504791,-0.632967971058241,-0.012234713680042343,3.53601045311179e-05,-0.006777654850944747
2021-01-24,-0.08129088515544203,-0.0808453394615466,14922214.09151,0.009328103568881621,0.04358475641842192,-0.06088678351544355,-0.04538837946657438,-0.7462677138268399,-0.015498404048869166,-0.0007582897959360248,-0.00632352096202009
2021-01-25,-0.09467785757516456,-0.09334357813925809,15395659.113946,-0.05223241043141205,0.02990737609803294,-0.06488533789487211,-0.04554605532854175,-1.1579464079587753,-0.019339282566330357,0.00494525271563277,-0.006502901385769654
2021-01-26,-0.045097208075167594,-0.04479680007617182,11139475.448659,-0.0012137396804996585,0.030344642031150896,-0.06587855632474385,-0.045247307242704066,0.8498780268024634,-0.020631249082039782,5.473627092058054e-05,-0.0029193344907861357
2021-01-27,-0.04776249936923371,-0.04883333295192893,17499197.098183,-0.08723609104194492,0.05112044845511024,-0.0647793334273574,-0.04486288160282237,0.6879688312987555,-0.019916451824535025,0.004166613743365309,-0.0030632197035359897
2021-01-28,0.00015189127076231657,0.0036553697110335293,3118898156.708398,1.5304376528279133,0.7398031625276775,-0.06034432046972158,-0.04412257281443719,2.191270749546905,-0.01622174765528439,0.00023246011991052883,1.4763825259293254e-05
2021-01-29,-0.0061564670589111525,-0.004605327113926472,6087730361.178434,-0.5789768709993721,0.4949889641820241,-0.05844053831044268,-0.04384873176052006,1.7475579271379584,-0.01459180654992262,0.0035644520341790863,-0.0007230398064964794
2021-01-30,-0.007990387213465011,-0.007460021438227993,1999784448.62402,-0.14005703529274013,0.28880693938271046,-0.05556069402105654,-0.042179856047520926,1.497852481181086,-0.013380837973535613,0.0011191099439589285,-0.001035224260287684
2021-01-31,-0.0031730532517462162,-0.0022948786630329066,1447946010.292546,0.27953676269686806,0.36530456570770403,-0.052312186540026104,-0.04120742136024648,1.4668422507079075,-0.011104765179779624,-0.0008869850338579075,-0.00045060316678168503
2021-02-01,-0.02942076344569533,-0.02869993582347974,876013760.296476,-0.06984414294568222,0.10215663015367266,-0.05293939585753864,-0.04081393618792472,0.714654760275421,-0.012125459669613918,0.002054868007672247,-0.004000306134517757
2021-02-02,-0.013203513498062702,-0.012467105793342759,368152255.670911,-0.041356341637961994,0.08950311100213303,-0.05269464872879511,-0.039929249658007496,1.1895961775702302,-0.012765399070787616,0.0005460490150473238,-0.0018021212762728781
2021-02-03,-0.015765855901385573,-0.014699587991680474,429107676.919648,0.1152534486817169,0.13950554559641104,-0.04958269644294715,-0.03998241334518208,1.010618365710546,-0.009600283097765068,-0.0018170692640536855,-0.002203101145655422
2021-02-04,-0.008649607582967955,-0.00760706773162978,2583071107.453231,0.3149147579813459,0.3351493860277146,-0.048542925393208126,-0.038749404006805356,1.1593375845214025,-0.00979352138640277,-0.0027238890786239678,-0.0012954462002696834
2021-02-05,-0.01763713457965632,-0.01687305721878707,751309780.722023,0.014172127825120971,0.023521255342584247,-0.045102204543761536,-0.03846740868836021,0.8156238093102331,-0.006634795855401325,-0.00024995572573175063,-0.0025701022010910846
2021-02-06,-0.022725788233520672,-0.021119310516591994,878181604.71627,0.22216509883612565,0.11166582699313157,-0.042815976884580914,-0.03834741554569274,0.6001460804304141,-0.004468561338888177,-0.005048876989028981,-0.0034175129687911243
2021-02-07,-0.0030583771887953137,-0.0020635387822117712,2663381745.746014,0.3124468821034217,0.17129327123819466,-0.03983165555021863,-0.03636703430134326,1.0778252781929551,-0.003464621248875366,-0.0009555804169353237,-0.0004807549083473817
2021-02-08,-0.014298981822836954,-0.013220842711521241,2136033168.372039,0.17559441823369681,0.12403326753252795,-0.036903617456845124,-0.036866787317335656,0.6745423407606383,-3.683013950946806e-05,-0.0025108213945152606,-0.002321685619481263
2021-02-09,-0.031021573227474675,-0.031033434111341185,1250812955.478011,-0.16097041403756232,0.10998943252606887,-0.03343188757854557,-0.03638580998385745,0.0809097564184306,0.002953922405311879,0.004993555486523157,-0.005147187556544508
2021-02-10,-0.02308290505769206,-0.022249401511886924,1043057988.4744,0.031817528544844625,0.0863809657526336,-0.03092025421089422,-0.03579283987735767,0.2777322378664554,0.004872585666463453,-0.0007344409905710555,-0.0038534618004448878
2021-02-11,-0.04542785955505613,-0.04500268933027807,436430616.197035,-0.052712094475580284,0.036735818954874634,-0.029784625062090585,-0.03466004195160511,-0.5782191721648934,0.004875416889514525,0.002394597624689511,-0.007479797809162073
2021-02-12,-0.04299645297139998,-0.042299953694654335,487344613.771201,0.10261859688297935,0.06344719710430942,-0.029962067740415946,-0.033846076691530835,-0.48041353737358417,0.0038840089511148895,-0.004412235674870074,-0.007130904856114342
2021-02-13,-0.05144581825463368,-0.051096590223215554,262484823.758558,-0.05396175113705967,0.03896492969262794,-0.0287967189403593,-0.035756210864940303,-0.886886806257169,0.006959491924581004,0.0027761064416989443,-0.008516016137421636
2021-02-14,-0.030183952619034615,-0.030295460595889723,565821919.357306,-0.030265602292295222,0.08752742674136975,-0.026363055486244662,-0.036053367642730226,-0.16947944726267872,0.009690312156485564,0.0009135355055771844,-0.005059621225388893
2021-02-15,-0.03609607339668053,-0.03616921089042091,722909754.747756,0.05782378415243302,0.10685838874639085,-0.02357344671584066,-0.03607995056652181,-0.7600051709590694,0.01250650385068115,-0.002087211556840035,-0.006182915621572807
2021-02-16,-0.02252284952657113,-0.02256214163803072,365936735.225089,-0.10336752501819621,0.07795244680991156,-0.02249847726114559,-0.03545471795146021,-0.0015502345410379763,0.012956240690314622,0.00232813121191891,-0.0039090110445363525
2021-02-17,-0.041960801469194564,-0.04084957711624304,284474001.281136,-0.08377727438889229,0.04856721865641185,-0.0222222059325723,-0.03605147255457272,-1.290032324933089,0.013829266622000423,0.003515361578262548,-0.007277513065418794
2021-02-18,-0.02536740974795937,-0.02453482603254875,716000516.862115,0.10072950832528378,0.14724326904725368,-0.023437410742987615,-0.03641325889244122,-0.13381165197047568,0.012975848149453607,-0.002555246711397958,-0.0036838260797635645
2021-02-19,-0.06550231286949071,-0.06488354490749582,311776289.04704,-0.037134828390278395,0.05420837445247617,-0.02626340340063426,-0.036462666280992775,-2.3740388275232265,0.010199262880358516,0.0024324171475748613,-0.0081373063746639
2021-02-20,-0.06382392925640135,-0.062432937969340574,428385094.087772,-0.02072442594357562,0.04878590707576973,-0.028922143497916945,-0.03671840216375819,-1.952265208067504,0.007796258665841247,0.0013227142953022991,-0.007199321699402439
2021-02-21,-0.02907652974293251,-0.02853829047308254,296092279.062476,0.0006780387098681085,0.03034183245952068,-0.030155642378449626,-0.03689748846912138,0.06393672810004528,0.006741846090671754,-1.9715012714339642e-05,-0.002816036293203932
2021-02-22,-0.04660803140048109,-0.04537901916216314,436078635.494503,-0.0527254457736338,0.08203055191835346,-0.0309740837096299,-0.03738545714396519,-0.9061604403736383,0.006411373434335291,0.002457429232221887,-0.004469278362750553
2021-02-23,-0.032362961980384464,-0.031995247389201564,303359536.733159,-0.07399710790687831,0.17781100951115708,-0.03188643839926427,-0.037697324710357166,-0.02842209184970023,0.005810886311092896,0.0023947655898487095,-0.0032393989156172887
2021-02-24,-0.002041530088255139,-0.0014310954691491018,541928941.113274,0.11504138485692954,0.12087339316294805,-0.031232899074829484,-0.03693566557933542,1.6521298768099406,0.005702766504505935,-0.00023486044857996079,-0.00020253739730195796
2021-02-25,-0.00916177955246944,-0.008803902851167278,255428776.518794,-0.10701715506267563,0.0656764981150538,-0.031257288216234316,-0.03691708178981143,1.2528267556268757,0.005659793573577113,0.000980467583016673,-0.0007913632288837033
2021-02-26,-0.020060866688240697,-0.01941386382611554,175892509.36542,-0.01917016713350571,0.05779368279706295,-0.03137270403092881,-0.036797516934079226,0.6445250280384847,0.005424812903150417,0.0003845701672565513,-0.0017655288964193178
2021-02-27,-0.04313932375083418,-0.04270618404907178,114484144.46987501,-0.020187941170388232,0.0205828071550139,-0.032344777150800884,-0.03709951394492414,-0.6128740083307541,0.004754736794123256,0.0008708941300121722,-0.0036095240993820597
2021-02-28,-0.019572813891191587,-0.01877274827998987,124145328.164719,0.023546314204268486,0.09861968747180938,-0.03313117889853404,-0.03703890366062726,0.8178385391927729,0.003907724762093216,-0.000460867625743668,-0.0015699485492562315
2021-03-01,0.0006052592774541399,0.0011716791036864294,133204545.016582,0.039125090119753354,0.05701655714041636,-0.03242145313185351,-0.036317288946666,1.8653337273969974,0.0038958358148124886,2.3680823776210024e-05,4.661670625824169e-05
2021-03-02,-0.04302308615376549,-0.043293372500942784,97645582.473921,-0.022462679777205116,0.037765386161328414,-0.03299295374739117,-0.03672558099769527,-0.5618752279641255,0.003732627250304099,0.0009664138072991414,-0.003165645540201762
2021-03-03,-0.07152495818664906,-0.07175656105757933,90175011.14302,0.00469120465963122,0.02831574660153276,-0.03529971818210341,-0.03781232386739963,-1.8524688228074306,0.0025126056852962236,-0.00033553821712513626,-0.005065050573847952
2021-03-04,-0.06460150280598853,-0.06430236767984776,89877033.20722699,0.00016001600194177272,0.03701953826561184,-0.03621274881310019,-0.03859556382046345,-1.3863389274566482,0.0023828150073632592,-1.0337274198444496e-05,-0.004575637844161098
2021-03-05,-0.03507670036461652,-0.03488747897657529,84446200.255058,0.007335541212017196,0.021569189224393413,-0.03583561773658669,-0.0395288588783423,0.037166918455161534,0.003693241141755614,-0.0002573065811062231,-0.0024144860308527084
2021-03-06,-0.03701608364996156,-0.03649149285748665,151468602.06548202,0.01862915547103455,0.04355870572522941,-0.03514848751731659,-0.040391372854255383,-0.09287819949719676,0.005242885336938792,-0.000689578377243954,-0.0025560797629524917
2021-03-07,-0.011179649387559887,-0.010391482688753784,73649430.148238,0.013771977825181666,0.018394153269711618,-0.034243520696770176,-0.0404977865661528,1.1109923883276343,0.006254265869382623,-0.00015396588345878055,-0.0007351867034775489
2021-03-08,-0.017382311886244728,-0.01673389351502741,390142653.199995,0.1389545127109864,0.095991005231718,-0.03335238919627323,-0.04060372460232867,0.7577571456332467,0.007251335406055437,-0.002415350677943523,-0.0011340857297021773
2021-03-09,-0.06739788410148095,-0.0672310137253167,197699354.946717,-0.01687032054341879,0.02608168178387528,-0.03548929560460227,-0.04128877639683057,-1.4393242667622042,0.0057994807922282995,0.0011370239087401728,-0.00423080972776685
2021-03-10,-0.07970769970632696,-0.07965548352148011,128241033.63055201,0.008111305127151136,0.026497103767550257,-0.037286766949227626,-0.04142943543638577,-1.755769708364012,0.004142668487158142,-0.000646533473301353,-0.004919772084670866
2021-03-11,-0.027534398117773917,-0.027330016706625937,98449847.574981,0.002429093142678203,0.023170595230120515,-0.037389956871599746,-0.04039056269476965,0.408740808177354,0.0030006058231699037,-6.688361765565624e-05,-0.001536817230016127
2021-03-12,-0.0318971580093399,-0.031740393867258576,90907640.162885,-0.026836963415039283,0.026895804249608052,-0.035789711402068755,-0.04016455103771523,0.16740143369464255,0.004374839635646478,0.0008560228625403821,-0.0017388368663653693
2021-03-13,-0.02439917712183315,-0.02399133158861,211896317.954252,0.12498061588749429,0.07117500453286633,-0.0339123422528036,-0.0394650599239257,0.42367285766702767,0.005552717671122094,-0.003049424183834767,-0.001356106187486801
2021-03-14,-0.06789814979061859,-0.06720096720010493,275728162.962155,-0.08246246846326087,0.059381688265388595,-0.035760990826502935,-0.039409606581659554,-1.3614778361026119,0.0036486157551566187,0.005599049035822648,-0.003867671926450284
2021-03-15,-0.035320874889994136,-0.034835037158484905,146618592.54807702,-0.03970574455509979,0.05882754536828158,-0.035223507183146416,-0.03971232891677165,-0.004147999081273875,0.004488821733625234,0.0014024416358447455,-0.0019729513827280933
2021-03-16,-0.03611651709462982,-0.0357614089403715,104895859.546104,0.03578986569094267,0.024539579496152344,-0.035402247902872386,-0.03999444501031059,-0.030439984786923127,0.004592197107438203,-0.0012926052960414362,-0.0017537928797314222
2021-03-17,-0.042779802945084544,-0.042314069140290234,66114243.263247,-0.005674505812053538,0.03243249322280594,-0.0373421656579595,-0.03938592039191205,-0.24471985140651312,0.0020437547339525464,0.0002427542404503873,-0.001897191475450045
2021-03-18,-0.047015588770571326,-0.04665711946875928,82914281.21756,-0.013164571905965917,0.02191068955382254,-0.03914472800167864,-0.039648313870373694,-0.36887739551847076,0.0005035858686950542,0.0006189400990715099,-0.0019870548537368853
2021-03-19,-0.03842215560964457,-0.03795530125880742,104619691.65102,0.013394521481302756,0.018988788789077657,-0.04001907509317406,-0.038831327889288135,0.07645266054115304,-0.001187747203885925,-0.0005146463886713414,-0.0015528657253862312
2021-03-20,-0.04105885402118925,-0.0407185618896686,105486325.370465,0.005049957597041613,0.015325205328157614,-0.03992000510604811,-0.0383602530471433,-0.05455019599110761,-0.0015597520589048092,-0.00020734547179012723,-0.0016491506694754658
2021-03-21,-0.05743696536293097,-0.057107727344815395,73785063.528457,-0.018753237753738557,0.020027324855450532,-0.0417230599380357,-0.03822863146226279,-0.7603772607216582,-0.003494428475772908,0.0010771290673042909,-0.002092028739370177
2021-03-22,-0.07647437398890244,-0.07581746545946033,78488931.184226,-0.049386611855766795,0.03265683760427605,-0.04539351866500506,-0.03823952975123456,-1.5866394166369617,-0.007153988913770497,0.0037768102251026733,-0.002696719733874549
2021-03-23,-0.012014657666007067,-0.01130165758357693,86095705.967145,-0.035538461162809065,0.034510264724233124,-0.04391692683225466,-0.0367805893860638,1.5263188524070863,-0.007136337446190862,0.0004269824448478384,-0.0004218111420491843
2021-03-24,-0.06686222998109859,-0.06589329122760923,113099932.27896899,-0.042177901688570434,0.06262475394465965,-0.04369489215579988,-0.0366382881829325,-1.123737582645645,-0.0070566039728673785,0.002820108562821363,-0.002456639166853321
2021-03-25,0.0032788523883449106,0.003944558617668292,89315912.706158,0.004610013438561293,0.042208950358044846,-0.040462494289403045,-0.035486622721531275,1.9512337208601247,-0.00497587156787177,1.5115553573328829e-05,0.00012128121563631267
2021-03-26,-0.05038743414543467,-0.05061702162009274,48077386.78192,0.03350438141276593,0.02670989146383611,-0.04119157685039439,-0.03566308744246568,-0.409027654965597,-0.005528489407928709,-0.001688199812019269,-0.0018761114867570869
2021-03-27,-0.02878547670829268,-0.028779329901755246,63742836.782524,0.0117439860736995,0.011923457882861917,-0.04079964318650539,-0.03491494988139376,0.5308972765400586,-0.005884693305111634,-0.00033805623758699054,-0.0010284267025694605
2021-03-28,-0.038712633544483066,-0.03878662207082817,42377280.960546,-0.015110659731683011,0.018482206307564485,-0.0421107376701684,-0.03423910461772774,0.1573029056733427,-0.007871633052440659,0.0005849734328080212,-0.0013832593077295172
2021-03-29,-0.0790968061062084,-0.07912160456929951,50939339.290913,0.00912046362948207,0.010997879561351273,-0.04504952310921429,-0.033991786340442726,-1.5296709794127485,-0.011057736768771566,-0.0007213995432998689,-0.0025061173151249417
2021-03-30,-0.06584543741014626,-0.06574107263314932,80859712.059285,-0.0043347204656927,0.01962765365582948,-0.04497559707629359,-0.03432112331401382,-0.940827722129592,-0.010654473762279772,0.0002854215651142487,-0.0020660219994247
2021-03-31,-0.08315548409870144,-0.08275984698255279,70200828.499584,0.0006505999690419888,0.01677195033067806,-0.04513977728545428,-0.03488291672241806,-1.6923455856039873,-0.010256860563036214,-5.4100955380286744e-05,-0.0025706471129073377
2021-04-01,-1.1578489981345363e-05,0.00036616282424573043,1253014151.6479728,0.13703361185644558,0.24147549196239793,-0.04382916682698797,-0.03488551148052511,1.8052767730278552,-0.00894365534646286,-1.5866423019874244e-06,-4.782983024936414e-07
2021-04-02,-0.057124600048002905,-0.05689977808028723,183305889.66492802,-0.04408968550920214,0.03748713166803115,-0.045030473590733824,-0.035694529464478944,-0.4981893836501217,-0.00933594412625488,0.0025186056509554017,-0.0023885829701315846
2021-04-03,-0.08403657944083298,-0.08379664220754968,123132778.624182,-0.05404259756313752,0.03681298337452375,-0.047870349891638575,-0.036901611880786375,-1.434473155420158,-0.0109687380108522,0.0045415550433035735,-0.003376360733110706
2021-04-04,-0.03377587380033131,-0.03368621022783436,84780240.06732,0.010268880636228063,0.010517284685062809,-0.0462454796063868,-0.037387370937113126,0.4996804306676284,-0.008858108669273675,-0.000346840416439905,-0.001278430276011069
2021-04-05,-0.031579158430810605,-0.031067017273003206,173429655.346187,0.0322701387370604,0.04919808742311041,-0.04606730263213997,-0.03742163117497209,0.57836352449234,-0.00864567145716788,-0.001019063823761869,-0.0011808032396708097
2021-04-06,-0.044196354445758756,-0.043331561991515,332834261.38774097,0.07635672416031755,0.057425029722896835,-0.04645205679171754,-0.037913581031284734,0.0904030574787641,-0.008538475760432804,-0.003374688845306426,-0.0017217939082592117
2021-04-07,-0.04334891667485796,-0.04290919637184498,316018061.665039,-0.1064221905708002,0.08154670485572273,-0.04647915744551627,-0.03835140739276842,0.12547193506506402,-0.00812775005274785,0.004613286671409473,-0.001790162806405939
2021-04-08,-0.030391850743608284,-0.030531720346254065,112451126.384309,0.01304528983289882,0.02814530231040004,-0.045687550872803746,-0.03869652236357223,0.6071552189525069,-0.006991028509231514,-0.00039647050150857155,-0.0012641029819599587
2021-04-09,-0.025026567469913163,-0.024753207080025152,169318509.74996,0.0042228420719254475,0.034115069609435625,-0.04504966572329273,-0.038813814949131865,0.7836036636698083,-0.0062358507741608615,-0.00010568324202783011,-0.0010589687673571466
2021-04-10,-0.04291273860291411,-0.04250946493819541,196669406.628926,0.0277526274913594,0.03198152035766925,-0.0451379459414701,-0.039134242732773036,0.08712190667308758,-0.006003703208697066,-0.001190941249080754,-0.00184983692310087
2021-04-11,-0.022058993520313264,-0.021608739936360033,1230172057.725391,0.11920091271985837,0.13736663483980807,-0.04345328061563116,-0.0394358398174003,0.8274930313106335,-0.0040174407982308605,-0.0026294521613027828,-0.0010741522762006447
2021-04-12,-0.05403006377796704,-0.05370627498823366,322202553.320709,-0.038988728436067564,0.03909981990915754,-0.04238450393891995,-0.040066491911926176,-0.46833137388145035,-0.0023180120269937765,0.002106563484022568,-0.0026475453425971207
2021-04-13,-0.007664713398908951,-0.006842976757475694,1354160243.203189,0.2525364077679363,0.134273299744956,-0.0421773637357248,-0.039695748105123545,1.3723693614752006,-0.0024816156306012582,-0.0019356191883312358,-0.0004119933475787019
2021-04-14,-0.0030850834984804676,-0.002552995532853042,5750949447.761896,0.08461514416355086,0.23832786311076232,-0.03914035676036204,-0.039378322366088445,1.3942986970880153,0.00023796560572640624,-0.0002610447849805166,-0.0001916415986096798
2021-04-15,-0.002574985973029964,-0.0021114520843897866,4565072775.667006,0.34234563947014723,0.2575070724346024,-0.03941911096804655,-0.038698118023516595,1.450183046926387,-0.0007209929445299579,-0.0008815352195636023,-0.00018635447357551893
2021-04-16,0.0036122981599764348,0.00300846530065102,20377998780.374283,0.3205498513942725,0.31358101042544245,-0.036847695143979356,-0.03795829657698681,1.502523030952313,0.001110601433007452,0.0011579216383722502,0.0003107717652953877
2021-04-17,-0.005717898138489552,-0.005295525599474771,8672532454.70059,-0.11603495813535832,0.25605693914564753,-0.03574923902160778,-0.037232456575143257,1.0829188454006182,0.0014832175535354764,0.0006634760711218784,-0.0005583927609306738
2021-04-18,-0.004993672646123937,-0.004746970996666766,6762260375.867345,0.1740444836061133,0.12261556278383176,-0.03414357421692401,-0.036832610861287536,1.0222031370549558,0.0026890366443635266,-0.0008691211769926139,-0.0005124293549057817
2021-04-19,-0.010734994245502172,-0.010590585300014665,9610968278.746075,0.17424529772179245,0.15169185142411254,-0.03088824984260467,-0.036430054049364065,0.7467058192041537,0.005541804206759395,-0.0018705222683492546,-0.001173500631497614
2021-04-20,-0.008141982872485576,-0.008168885330237963,9674298082.762375,-0.24732136559349088,0.14454915942085142,-0.028140466293192255,-0.03620178632469604,0.763948061942843,0.008061320031503786,0.002013686322661946,-0.0009384781998883226
2021-04-21,-0.0033404298251602516,-0.0029244771737255704,4133646016.61698,-0.024588743622694677,0.08083200343719699,-0.024339749423023627,-0.035588764552568514,0.8957974499861423,0.011249015129544886,8.213697256046822e-05,-0.0003952214949396309
2021-04-22,-0.00507485737421276,-0.004912232340797185,4498168779.233939,-0.049239392524208,0.1432359069766413,-0.02458085794132036,-0.035266660546636026,0.8406259629641624,0.010685802605315667,0.00024988289425323363,-0.0005766889666076436
2021-04-23,-0.0015572149074688513,-0.0007193783245074137,5482138734.807901,0.14528858116745655,0.14296967356561913,-0.02193479198224731,-0.034251658991683295,0.9071227361468324,0.012316867009435985,-0.00022624554447896154,-0.0001847782888897584
2021-04-24,0.006917020838770105,0.007229523543763161,3552876481.119627,0.10663237160437046,0.13348753906442437,-0.01760366815940907,-0.03312878676795041,1.3422689300483976,0.015525118608541343,0.0007375783364749081,0.0008526128500737441
2021-04-25,0.0019990482454246283,0.0025345072263025514,2305520047.387858,-0.08592726862053363,0.06224509791228555,-0.0159001004429445,-0.03263552362527808,0.9753006098025129,0.016735423182333578,-0.00017177275557000846,0.0002513328298018313
2021-04-26,-0.024299136682526368,-0.024073847596442155,1557431345.517375,0.0265216737259838,0.019388133753882618,-0.01555343274064525,-0.032281414185310546,-0.4829584996261697,0.016727981444665294,-0.0006444537749170487,-0.003020546066393931
2021-04-27,-0.036915152629207415,-0.036575554043270175,971353069.813687,0.022573601570617316,0.04137499095013256,-0.015206708844618996,-0.03235367117973631,-1.2337717206654,0.017146962335117314,-0.0008333079473702544,-0.0045605878811813645
2021-04-28,-0.01460608377142203,-0.01440951891188369,4944430240.100573,0.19203209001069727,0.1428688248432143,-0.013838002515883952,-0.032553108539786574,-0.046914317806672795,0.01871510602390262,-0.0028048367934974997,-0.0018471224086869919
2021-04-29,-0.02596979260862764,-0.025768642809596565,1415468892.97694,-0.0553035138225255,0.04805004491655878,-0.013627428318980112,-0.03281990239782083,-0.7630187098096152,0.01919247407884072,0.0014362207844993591,-0.003308821192553832
2021-04-30,-0.019850028469893144,-0.019696714203832455,1421155780.572201,0.08106295433684613,0.051236596060177796,-0.013380926461836301,-0.03281655575943436,-0.40350904789046077,0.01943562929759806,-0.0016091019514400434,-0.002545283649132622
2021-05-01,-0.026489413649633975,-0.026004472980872606,2779728711.355317,0.11104025417781382,0.07305544765333134,-0.012598863368822962,-0.032552271472113724,-0.9335949235605763,0.019953408103290764,-0.0029413912246766074,-0.003448434090981951
2021-05-02,-0.033311503138614196,-0.03301601575085178,2217560388.178645,-0.0006538450993737448,0.042095185419926434,-0.013134697160170624,-0.0327703459046125,-1.3077413935625757,0.01963564874444188,2.1780563079956012e-05,-0.004185419089474103
2021-05-03,-0.02444445570238918,-0.024097981890878417,3040257077.307983,0.14652852954989667,0.0892723594174684,-0.011725858680381203,-0.03316796042810207,-1.0094886811750399,0.02144210174772087,-0.003581810149718673,-0.0031297220961165827
2021-05-04,-0.01743517170443798,-0.017052073719987626,14069837385.905642,0.2487455437232503,0.16700515554731893,-0.01219111859969211,-0.03276180305589053,-0.4154705450395889,0.020570684456198418,-0.004336921265528654,-0.002259470742230982
2021-05-05,-0.015600738816701543,-0.015837579051557027,13668906630.549911,0.035425630616356125,0.1532431138979698,-0.012787102186274065,-0.031874117034145326,-0.22572295082147467,0.01908701484787126,-0.0005526660106627176,-0.001958532848820111
2021-05-06,-0.024632109461386387,-0.024047795008748762,5691607071.733271,-0.08565970331030502,0.04879380781489517,-0.013837441400005323,-0.03123968221915164,-0.864213334485384,0.017402240819146316,0.002109979188369315,-0.0028475286300810787
2021-05-07,-0.01868717826520494,-0.018000472036481363,8640365197.426977,0.18723119203247002,0.14815425531711085,-0.014899321229775865,-0.030979531074716536,-0.31923739021642344,0.01608020984494067,-0.003498822662317586,-0.0020130732969665392
2021-05-08,-0.027996754833383264,-0.02784536637262347,9343617562.49304,-0.11310105505314773,0.11378576805933978,-0.015960219167627947,-0.03083636712524704,-1.003161360355014,0.014876147957619091,0.0031664625097199603,-0.0028262730380045242
2021-05-09,-0.010865285523062984,-0.011320054002492919,16363755549.655674,0.05650204792983984,0.20087721501963585,-0.01623981978081552,-0.03083137722263598,0.4555850638653352,0.01459155744182046,-0.0006139108833954996,-0.0011373429732304706
2021-05-10,-0.024612955262344194,-0.02378127824057774,6014334709.032963,-0.15937100938409343,0.16430205202292106,-0.016900675067331807,-0.030946149339716924,-0.6501813264315692,0.014045474272385117,0.0039225915240853285,-0.0025911843394114107
2021-05-11,-0.01335295670662684,-0.012932867364773504,4481450956.171495,0.0467264305082994,0.06710640552702606,-0.01714881667848139,-0.030088293349322413,0.32379475924719137,0.012939476670841023,-0.0006239360036325295,-0.0013565202444213039
2021-05-12,-0.04102552606889376,-0.03927761673453356,2925496372.305523,-0.23052140085502665,0.19387288290151095,-0.01894334507104013,-0.029474290593172678,-1.7851237201489534,0.010530945522132549,0.009457261740215803,-0.004388599095506552
2021-05-13,0.002552453143519262,0.003466386344631811,5411855203.4901,0.10968411645741771,0.2667620046839692,-0.018580139808290985,-0.028996721525533103,1.6383928334494,0.010416581717242118,0.0002799635678458687,0.00028805607298190624
2021-05-14,-0.018452706359424198,-0.017740050732177548,5752059644.115889,0.11940285273667292,0.09918299476036058,-0.01938468702028886,-0.02878331753109,0.07579332346171129,0.009398630510801143,-0.0022033057800273956,-0.002043997387070391
2021-05-15,-0.02198309036451762,-0.021781136139222723,2737610625.742402,-0.030866408879342187,0.034543721953865236,-0.020760882791873988,-0.028744966947640543,-0.11399126002682389,0.007984084155766555,0.0006785390556227284,-0.002331480565420725
2021-05-16,-0.030623993300835317,-0.029995147337643302,2533424623.104004,-0.039126335584512145,0.034271896278863415,-0.02231436096074351,-0.028153313670024938,-0.8692284452384335,0.005838952709281427,0.0011982046388263345,-0.003207123738739866
2021-05-17,-0.019872745137622383,-0.0198077068266731,2050463145.919175,0.03311098502291086,0.10299043904066152,-0.022103580410986177,-0.02790810526125713,0.23328685441080343,0.005804524850270953,-0.0006580061666159394,-0.0021603047664187844
2021-05-18,-0.03119863805110734,-0.030967008020696518,1395269932.657902,-0.03326340632430706,0.07037209254161116,-0.02183136543107665,-0.02783004368913773,-1.018826556517899,0.00599867825806108,0.001037772974258971,-0.0034345871436063983
2021-05-19,-0.015823674680796818,-0.014430489072234987,3735859561.515171,-0.27305314580334505,0.18315477560431417,-0.02188934595057069,-0.027402168637323636,0.6629099035298703,0.005512822686752947,0.0043207041497603125,-0.0017723481748954115
2021-05-20,0.004930063021583164,0.0038032326338850453,3793726845.7134333,0.1529015442090897,0.119497008274799,-0.020417924253893983,-0.026577634481892615,2.347620048894349,0.006159710227998633,0.0007538142490481965,0.0005689703982897242
2021-05-21,-0.007034043606874207,-0.0069762657735231715,2228862785.052471,-0.10589148664854516,0.1351196845857067,-0.01980763926041689,-0.02607941048184864,1.1419061286274461,0.00627177122143175,0.0007448453346826045,-0.0008398843232252575
2021-05-22,-0.004302734417384602,-0.004066808741892691,1712216237.93194,0.01007987140692626,0.06659160304194126,-0.018751130725547873,-0.02549598001194698,1.2493315241491887,0.0067448492863991065,-4.337100962539257e-05,-0.000512434036951607
2021-05-23,0.006465133652936217,0.005934601141198259,2286649558.521353,-0.1203488680236387,0.12662009354690748,-0.016857005164045473,-0.02448166097994909,1.896844757802756,0.0076246558159036165,-0.0007780715167524059,0.0007959870490311437
2021-05-24,-0.004344857306946892,-0.004220478099327463,2144390178.062058,0.1794626393213652,0.12453412058289086,-0.015899881430929172,-0.02333674801674344,0.9276433201529649,0.007436866585814269,-0.0007797395597794082,-0.0005422342796740629
2021-05-25,-0.010081492802370473,-0.010065139059304617,1672045387.138726,0.00687766607813519,0.13041455900720716,-0.015549706245116434,-0.023306062860177782,0.4369595232682442,0.007756356615061348,-6.933714106382748e-05,-0.0012405951366613354
2021-05-26,-0.028120449172434614,-0.02797636971065598,1054030897.714808,-0.004472507243099565,0.050603243383082995,-0.016145882928722773,-0.022691113958452955,-0.9346750787340812,0.006545231029730182,0.000125768912602927,-0.003322967532836694
2021-05-27,-0.03798934053730496,-0.03795859463719298,781571177.613251,0.0006290721393703144,0.035476111292673446,-0.01678194155138556,-0.02334616463981248,-1.5635784106431034,0.0065642230884269195,-2.3898035725069842e-05,-0.004465073390732885
2021-05-28,-0.004267740727515568,-0.004225472326901847,1329706213.286395,-0.08030956015017676,0.08792684174148953,-0.016095301668638446,-0.022614106014131222,0.8555461668583053,0.006518804345492776,0.0003427403806617706,-0.0004893687239782388
2021-05-29,-0.0027394363359624085,-0.0025636977465857136,929586897.01855,-0.04352235108567377,0.07546619737199459,-0.014892572216380311,-0.022200676801872016,0.8783665341884206,0.007308104585491705,0.0001192267099906077,-0.0003091239894057742
2021-05-30,0.006952705596316555,0.007050328805899175,741269290.389995,0.015459664482787343,0.04990685955513752,-0.014044096448790809,-0.021475830148843446,1.436216047382204,0.007431733700052637,0.00010748649576665185,0.0007345750611061502
2021-05-31,-0.0017481292388134007,-0.0018212182773730268,900021432.611778,0.09174729985604145,0.04573856252196573,-0.012955295209575057,-0.02024807337317051,0.7652833826104946,0.007292778163595453,-0.00016038613746052657,-0.00017482558518167613
2021-06-01,-0.017457550788282594,-0.017652017205809112,2395342275.6131268,0.12093602930120145,0.1257544684927141,-0.013150752070606283,-0.019480011680759978,-0.29343077276322316,0.006329259610153695,-0.002111246873658956,-0.0017946363550127315
2021-06-02,-0.01214389915203229,-0.01204091575879851,7437878004.683828,0.11552011127652796,0.10315266058284513,-0.01177543650313669,-0.018352843665733483,-0.02788182517265816,0.006577407162596792,-0.0014028645813737037,-0.0011959311531273711
2021-06-03,-0.029455292569385616,-0.029205448511479215,4733519825.017202,-0.05972755074451642,0.05547468065884855,-0.013299614870417874,-0.01882020420667641,-1.21239989245264,0.005520589336258534,0.0017592924816325567,-0.0026043985576282907
2021-06-04,-0.014005461355541149,-0.013850461231426747,3809069413.577403,-0.05386434646362268,0.09781908913567046,-0.013087841298804396,-0.018135773433780186,-0.06912588753054831,0.005047932134975791,0.000754395022837747,-0.001237435004028325
2021-06-05,-0.016976350401191276,-0.01687986916956341,2280062958.24431,-0.024250226762903906,0.06297191735139243,-0.01284942511007457,-0.017071325353785877,-0.31380452872420683,0.004221900243711307,0.00041168034683540316,-0.0015229054722890251
2021-06-06,-0.013371769115563481,-0.013229368012994125,964584295.281003,-0.003493594158258882,0.006153407293818723,-0.012027890625061625,-0.01674745067624988,-0.10743677223015025,0.004719560051188254,4.6715534467719115e-05,-0.0011816431253517802
2021-06-07,-0.04522051824344231,-0.04522586229909098,1563370162.641917,-0.1256228596239914,0.0823229737671191,-0.01323492743962448,-0.016963980197085303,-2.2234501361832364,0.0037290527574608233,0.005680730815420095,-0.003951564732742645
2021-06-08,0.007824327777915308,0.008129821093848966,2231760455.701343,0.002489895696391818,0.08416592217286448,-0.011376690971575782,-0.016138255082423808,1.3270239366679937,0.004761564110848026,1.9481760061390283e-05,0.0006888630502615439
2021-06-09,-0.0005747073656987567,-0.0007201757647176121,1777714111.92899,0.07635401699789213,0.03655961455346181,-0.010650549670856827,-0.015459299379103822,0.6893336576747922,0.004808749708246995,-4.3881215969376675e-05,-4.658604230454269e-05
2021-06-10,-0.014380417896532438,-0.014252701724818517,1112403681.831693,-0.036689490652882746,0.02620609344855742,-0.011570096381243284,-0.015205149651372459,-0.1980669969500958,0.003635053270129175,0.0005276102079993746,-0.0011017993405433718
2021-06-11,-0.012792893729534072,-0.012736924160432816,920951189.001529,-0.018623554317201477,0.02349741813469971,-0.011844327339465182,-0.015010964353906125,-0.06702563050277748,0.003166637014440943,0.00023824915124616398,-0.0009121677039013079
2021-06-12,-0.0030299758168209623,-0.0029113492250563144,907759062.7118601,0.02091571049736756,0.018475566395710435,-0.01178371978705739,-0.014377904627142741,0.6169438251764932,0.0025941848400853514,-6.337409699865205e-05,-0.0002091030175125143
2021-06-13,-0.020599718248063725,-0.020613560598692238,674793919.805075,0.0497659186037782,0.031356718343249226,-0.013072522258533578,-0.014354741527583224,-0.5507149657667726,0.0012822192690496465,-0.0010251639015939039,-0.0013281688212176959
2021-06-14,-0.053298083177044875,-0.05312623349757961,779923467.841451,0.019723897446632048,0.043482419687850535,-0.015403628252347767,-0.014343122787886048,-2.358265200858485,-0.0010605054644617189,-0.001051245926686098,-0.003230689516394262
2021-06-15,-0.05492478720219274,-0.054803645022304726,603391312.977677,-0.02003467846113495,0.022292423345707784,-0.017539023223767873,-0.015093282689525473,-2.057713783931789,-0.0024457405342424004,0.0011004004511421914,-0.0030465032048066706
2021-06-16,-0.04353248540788379,-0.04341092452754702,582716205.712939,-0.025935512586105547,0.029712481707107125,-0.018272929711170217,-0.015735304942055686,-1.3355371797674702,-0.0025376247691145312,0.0011290373232006263,-0.0023713024314490306
2021-06-17,-0.03731556409765324,-0.037093373958555054,436573718.064196,-0.023968502769667697,0.014499171266523867,-0.01824084511880585,-0.016286742690065574,-1.0103763417635425,-0.001954102428740275,0.0008943982014263142,-0.001995379579162274
2021-06-18,-0.03777611925892943,-0.037935804898385994,787658575.317046,-0.039031791814841586,0.05562810588395631,-0.019836482191730318,-0.01694370169671488,-0.9415145624136412,-0.0028927804950154394,0.0014744696224871614,-0.001961905904728689
2021-06-19,-0.005946582675796175,-0.005850015907680972,469185182.80560297,-0.007881745482369699,0.02944422498722116,-0.019989203446008116,-0.01694733161000546,0.7421111087327249,-0.0030418718360026575,4.6869451140494416e-05,-0.0002958041975897752
2021-06-20,-0.013558146706332486,-0.013642036197738738,954050068.6274589,-0.009978244464429607,0.09202284287712385,-0.020965910698515215,-0.01708327564270718,0.4122842420709053,-0.003882635055808034,0.00013528650232038663,-0.0007016216718918751
2021-06-21,0.0007998861974312099,0.000888678373284213,3463143901.677572,-0.39526467589535064,0.20084415353724086,-0.020844576630122614,-0.016900182302343157,1.1950408006013096,-0.003944394327779457,-0.00031616675858081166,4.730132184437558e-05
2021-06-22,0.014406820332514059,0.014402269700788617,4477694605.740888,-0.09086000265092399,0.12891760708602873,-0.019327225624370392,-0.01654226479115269,1.7143926256913338,-0.0027849608332177027,-0.001309003733603613,0.0008541182856400725
2021-06-23,0.005549625938227276,0.005800600277397816,3387858669.01177,0.11648977718371352,0.11522683025998545,-0.01848467681054851,-0.01640115279490844,1.1800812022173206,-0.002083524015640069,0.0006464746889970525,0.00033220421906238353
2021-06-24,0.011549261154666146,0.012060632744331778,2526868662.319539,0.1406600149971242,0.08426476283645769,-0.01653207901416509,-0.01613727789762465,1.3239415778178776,-0.00039480111654044067,0.001624519247221044,0.0007071798185524476
2021-06-25,0.008704077644404284,0.008793677144080636,4674146178.976711,-0.18289736311424065,0.09898465327239903,-0.01545067239512007,-0.015974400238071108,1.1023047113282296,0.000523727842951037,-0.0015919528495031549,0.0005334477632985955
2021-06-26,0.016734714773114945,0.016926991329149876,2276347635.064803,0.004853091640145252,0.06377900841296404,-0.013845383577295964,-0.01581856382641484,1.3293807414572696,0.0019731802491188763,8.121510436561939e-05,0.0010262654674390293
2021-06-27,0.007152239969062002,0.007488154912304701,1505755939.715704,0.05105067199629128,0.09116987682816204,-0.012868049811361418,-0.015736767132388852,0.8535275264351234,0.0028687173210274336,0.0003651266566993487,0.0004675701504716284
2021-06-28,-0.03196165910378024,-0.03177018320937286,1232334560.599471,0.00468366649885781,0.0465178777181561,-0.012236675566615604,-0.015858394472408752,-0.8686329809972934,0.0036217189057931483,-0.00014969775199228923,-0.002034965005632267
2021-06-29,-0.038815323162736726,-0.03871079784384823,1347841886.8018599,0.032999926268068136,0.047677054395996475,-0.014457611325694272,-0.0158885559094489,-1.062373391586782,0.001430944583754628,-0.0012809028024415492,-0.002403886389948467
2021-06-30,-0.01917932518839005,-0.01936791754900402,1212835493.175515,-0.0059321708466257995,0.06861918754873245,-0.015343545507727192,-0.015961147043051568,-0.16880674775771154,0.0006176015353243757,0.00011377503374052333,-0.0012170820543389285
2021-07-01,0.0007698810101559594,0.001272398076990644,1726488343.125217,0.0029589468019639038,0.0775337130923254,-0.014622102702646791,-0.015536707779261352,0.669394083658777,0.0009146050766145608,2.2780369528937157e-06,5.0736848554058796e-05
2021-07-02,-0.0007860685866929451,-0.0005737639101437431,796866291.1080279,0.015548190810126525,0.02451060650640461,-0.014050349124416262,-0.015234105241432778,0.5719802248492015,0.0011837561170165156,-1.2221944375748394e-05,-5.1841570884042e-05
2021-07-03,-0.029009459052175557,-0.028970553552669198,505808091.873927,0.0128749249498257,0.02077226488561542,-0.015287467373718862,-0.01527410596210804,-0.5897963204406911,-1.3361411610821744e-05,-0.00037349460813180206,-0.001916359317935004
2021-07-04,-0.05284538282926865,-0.05279676052092708,515621447.634813,0.006638859532739449,0.03261570020348786,-0.016822975210919095,-0.015584167544499383,-1.4609815549410206,-0.0012388076664197126,-0.0003508330735573558,-0.0034941240457322443
2021-07-05,-0.02705060611259602,-0.02708111997585294,769412106.263222,-0.04621088718759347,0.06842511158446486,-0.015573095350707247,-0.015625535011328063,-0.4916418044592672,5.243966062081634e-05,0.001250032507425201,-0.0018207088747512407
2021-07-06,-0.013396813295423526,-0.013153742314448547,626736004.368093,-0.002900778418319521,0.03605516186460343,-0.013595572783718236,-0.015561434084200848,0.00923011675907568,0.001965861300482612,3.886118688162059e-05,-0.0009104859612736404
2021-07-07,-0.0679937791426013,-0.06739708370090658,476024939.818968,-0.04905829662847251,0.03799637151834846,-0.01476039629489526,-0.016393069644929415,-2.2386990731074152,0.0016326733500341556,0.003335658986068582,-0.004647874353287595
2021-07-08,-0.0133146927676413,-0.013029980753661019,775769125.812173,-0.05801175924703772,0.0378066221371639,-0.013617497660132786,-0.016213428110108067,0.01304607804719272,0.0025959304499752808,0.0007724087512846815,-0.0009249347661809766
2021-07-09,0.013582647775949086,0.013978201025281134,1733536510.142257,0.07468271301048704,0.06047065230751697,-0.011171842087043334,-0.015701208649137367,1.0650136387324387,0.004529366562094033,0.0010143889857737356,0.0009466809811159428
2021-07-10,-0.022309563013462097,-0.02205790202307978,636529668.526315,-0.02499725878952778,0.024893734498105755,-0.011951031626932188,-0.015610935763106872,-0.44393343954479714,0.0036599041361746847,0.0005576779201287893,-0.0015500937153046775
2021-07-11,-0.004718712159326288,-0.004641967469014019,372370739.542734,0.019777627608674606,0.013419575282850078,-0.011530106172312845,-0.015513371106539622,0.2912998293836808,0.003983264934226778,-9.332493187968017e-05,-0.00031019926747334804
2021-07-12,-0.04094148739604253,-0.04096406277688858,517145875.958889,-0.04278828350553707,0.03501021565298576,-0.013517790629144927,-0.015772554156280864,-1.1404238080781877,0.0022547635271359372,0.0017518159698402403,-0.0023681074666002475
2021-07-13,-0.028949134642393792,-0.028566566392081882,482234916.244305,-0.028502915722420596,0.025122864866426498,-0.015582359913664348,-0.016020112536213674,-0.571680573118232,0.0004377526225493259,0.0008251347449491568,-0.0015313704109922183
2021-07-14,-0.005035365911074563,-0.004885108887771605,706199130.171608,0.0416468534075172,0.04120195519161853,-0.016086407144583485,-0.015448840152756228,0.48017889406108377,-0.0006375669918272566,-0.0002097071459517316,-0.0002486144709897269
2021-07-15,-0.017748647556507735,-0.018047007524820358,581905492.714175,-0.05178691309466263,0.02520935019037415,-0.017481545654639382,-0.015771079846407448,-0.012071711207711328,-0.001710465808231934,0.0009191476685566623,-0.000826403702187505
2021-07-16,-0.012379264037507998,-0.01183952977142777,706867989.866615,-0.08145105470836432,0.07376796588156927,-0.018485514306159016,-0.015674676000027827,0.2860986438450426,-0.0028108383061311894,0.001008304112368351,-0.0005615321827740331
2021-07-17,0.011813334285656785,0.01160873125104489,1709053465.693762,0.09287438468842668,0.1541685166074375,-0.01871986575794274,-0.015138224815104424,1.456688289743016,-0.003581640942838315,0.0010971561528990684,0.0005867088978262831
2021-07-18,-0.0014894613171857474,-0.0013116788763445353,1023138762.764085,-0.045993782922649364,0.049940072361873755,-0.019131375343002154,-0.014675771926475066,0.86027518308666,-0.004455603416527088,6.850596049432466e-05,-7.104975707150045e-05
2021-07-19,0.0002149960847950272,0.00031032609773284925,756831953.579986,-0.029407205341326736,0.025027629717855306,-0.01759915366735571,-0.014356918891198599,0.8605094148681586,-0.0032422347761571126,-6.32243401314866e-06,1.0035652014101274e-05
2021-07-20,0.0065086700322642965,0.006794094221531433,1311753808.967204,0.03737467498346545,0.030887359414261274,-0.015440868277117568,-0.01375839019146254,1.0582187702852894,-0.0016824780856550276,0.00024325942703049968,0.00029860991839427694
2021-07-21,-0.016927452591671388,-0.017322584289409138,3377497429.769981,0.08308934547058903,0.11048076762660691,-0.015333636248702395,-0.013775910475762137,-0.07689384623958433,-0.001557725772940258,-0.0014064909563264016,-0.000810354405141667
2021-07-22,-0.015125386113030048,-0.014910771171128268,1048737946.347801,0.006085743561046221,0.02763552867338163,-0.01609055373075887,-0.014094250938216316,0.047317639844583044,-0.0019963027925425543,-9.204922114571055e-05,-0.0006881460265388218
2021-07-23,-0.03889809397542687,-0.03866422073503173,851747376.941725,0.014157516616213403,0.05125358966217056,-0.017905412082603343,-0.014600029515494928,-1.016022889049562,-0.003305382567108415,-0.0005507004117961365,-0.001819247203380336
2021-07-24,-0.031392927418701144,-0.031035732682422768,813036913.387705,0.012985867555383857,0.014059116464552452,-0.01801891057624742,-0.01503003257900789,-0.6450875454472647,-0.0029888779972395297,-0.0004076643976350315,-0.0014581982820626497
2021-07-25,-0.02493106037524473,-0.02459433611698736,675865836.742385,0.024395819531887537,0.03949970487510972,-0.016689657126055805,-0.015528384865169493,-0.42861858055945684,-0.0011612722608863122,-0.0006082136496530628,-0.0011662178604394564
2021-07-26,-0.030873354823453103,-0.030664749255130075,2400344561.980268,-0.09624244355526815,0.07242209377465116,-0.01687169277895376,-0.01594947212733626,-0.7236548247344685,-0.0009222206516175009,0.002971327108957951,-0.0014500609768806178
2021-07-27,-0.03149317323109102,-0.03135867231451184,915784989.501176,0.0353708378268107,0.041451979952096825,-0.017733424204461737,-0.01628934007064928,-0.7024745021908849,-0.001444084133812456,-0.0011139399230085765,-0.0014872661056069885
2021-07-28,-0.030994955640700872,-0.030761698488564804,829739163.2957209,-3.350184712980209e-17,0.026233464068750108,-0.015971575466276002,-0.01633496715744716,-0.9265561650804938,0.00036339169117115613,1.0383882656697575e-18,-0.0014463762976748046
2021-07-29,-0.045162214431467396,-0.04498596693869206,432533769.08205104,0.009853745440124382,0.01897735742224067,-0.017488124116934387,-0.016448822298624342,-1.590523939705674,-0.0010393018183100441,-0.0004450169645199914,-0.002066996046453949
2021-07-30,-0.041551948405914474,-0.041278842052965725,632835926.475732,0.003695265152703695,0.04576481820175348,-0.02011358107797551,-0.017040635118916386,-1.2900090495260426,-0.0030729459590591243,-0.0001535454669713176,-0.001872662538777015
2021-07-31,-0.03459913571455886,-0.03430421267511774,583785595.997337,-0.005186086053267085,0.01020524326737814,-0.020698798825646784,-0.01754634463286236,-0.8218371841315033,-0.003152454192784423,0.00017943409518436879,-0.0015351128554379435
2021-08-01,-0.05776051168802376,-0.05726179604073334,793558894.241138,-0.060137405469769936,0.038969707932557426,-0.023224598803203805,-0.01857353855801062,-1.8860930604417916,-0.004651060245193184,0.0034735673115240707,-0.002633024757417401
2021-08-02,-0.048976451097507034,-0.048742449940698984,423211433.855026,-0.006714559498299908,0.022441858813629173,-0.023607216122321164,-0.01932319446052957,-1.3510415739922108,-0.004284021661791593,0.0003288552949097868,-0.002203289483901541
2021-08-03,-0.06208068855870086,-0.061919411083182885,480387027.882032,-0.020520521411174948,0.01609854145922655,-0.02518490916595483,-0.020031498234663193,-1.7948552368820592,-0.005153410931291638,0.0012739280987893046,-0.0027661281213542254
2021-08-04,-0.02556023658065998,-0.025493890362159433,415733813.915377,0.030519036940096632,0.019233754889631707,-0.026162283959744615,-0.020244455971625535,0.030054702828893602,-0.00591782798811908,-0.0007800738044027711,-0.001112148315133553
2021-08-05,-0.06811133443868056,-0.06805368852790872,448783585.56421304,0.0036370017422209244,0.021977457360644798,-0.028560507144609986,-0.02085804393780482,-1.8058469290627701,-0.007702463206805166,-0.00024772104201847324,-0.0029531015977607043
2021-08-06,-0.04189190843653534,-0.04153179370553495,549103835.084777,0.026896365966053746,0.04002322548114756,-0.02996587116361129,-0.02130068595496346,-0.5481290444477331,-0.00866518520864783,-0.0011267401003254688,-0.0017489907440759007
2021-08-07,-0.019684597717589236,-0.019177927119318983,3200013738.801741,0.19636178528003806,0.10695888066745589,-0.03146577268757539,-0.021343674007604695,0.597293784295806,-0.010122098679970694,-0.003865302750345185,-0.0007775811216007302
2021-08-08,-0.03576212474557339,-0.03549279595798516,4216986594.281042,-0.09660436485662234,0.0570227335992941,-0.03309780427940337,-0.021699076477922314,-0.14401868892639394,-0.011398727801481056,0.0034547773469694137,-0.0014247371875880511
2021-08-09,-0.031147516431273226,-0.03115935004731807,2892579160.668514,0.05989042977883023,0.06864139118461161,-0.034591257256359,-0.021475695496776772,0.20413124180849287,-0.013115561759582225,-0.0018654381456121299,-0.001305583117702282
2021-08-10,-0.04938392847653905,-0.04900205582840045,1869367182.057394,0.02343995343486379,0.043563096723406455,-0.03725280956630202,-0.022383763056371287,-0.8500829064957305,-0.01486904650993073,-0.0011575569839207193,-0.0020997912630685302
2021-08-11,-0.058924596553536324,-0.05859277625021575,2637230854.742983,0.008045889547006649,0.0719939957109397,-0.039252673564486064,-0.023309951773638548,-1.3831690597840036,-0.015942721790847516,-0.00047410079547168194,-0.0023974665756957025
2021-08-12,-0.04027157207334198,-0.039549734096599565,2876650726.180649,-0.08299859390973392,0.0593053742027041,-0.04045011099116758,-0.02372092247485775,0.013624738723660407,-0.016729188516309834,0.003342483856621892,-0.0016992635587037776
2021-08-13,-0.0408743436099277,-0.040719547146681356,1752321201.212677,0.05845505301844369,0.05068907327427852,-0.04054421811662,-0.024166659774546535,-0.025201540225839453,-0.016377558342073464,-0.002389311922812409,-0.0017235987989865993
2021-08-14,-0.05265330522616818,-0.05228387730186157,2373896854.066785,0.017851804363476567,0.05573105145248069,-0.04155661705983272,-0.024954331669933,-0.8420542476149971,-0.016602285389899718,-0.0009399565039879726,-0.002324780836605427
2021-08-15,-0.0383378134270409,-0.037399614914196966,4215560234.570191,0.12399056317379586,0.08720071134227407,-0.04219503387182301,-0.025235888736265973,0.30500453541372535,-0.016959145135557036,-0.004753527077670714,-0.0017797979563174224
2021-08-16,-0.0484324581379636,-0.048058977076753995,3930631064.954798,-0.040392817214018564,0.06875303188582191,-0.04303118164870447,-0.02515865659278849,-0.43421300327420614,-0.017872525055915977,0.0019563234287923695,-0.002239970627751396
2021-08-17,-0.04695453219250778,-0.046005101183120733,3146601433.407352,-0.09246760619894333,0.06882055683744985,-0.043767436837343354,-0.025032144608507778,-0.2617313227273343,-0.018735292228835576,0.004341773192032416,-0.0022328117103256016
2021-08-18,-0.030820769074736742,-0.030174923633149886,3408932393.113732,0.015613897699546684,0.1249579754887261,-0.04375914223896411,-0.024830371333378457,1.0617264482614823,-0.018928770905585656,-0.0004812323353542916,-0.0016105023576708246
2021-08-19,-0.033652660502416665,-0.0332827770806543,1980661185.836724,0.06748733876351427,0.04564492706899216,-0.04321106824234265,-0.024772230006469942,0.7722574309337306,-0.01843883823587271,-0.00227112849962013,-0.0018012144351491157
2021-08-20,-0.05436274472832803,-0.05413538774066351,1810991983.744965,0.03332037300374041,0.041492659478387886,-0.04382110616245758,-0.025035509775825474,-0.8363076900401617,-0.018785596386632106,-0.0018113869318550125,-0.002898635134736561
2021-08-21,-0.07180096738402286,-0.07144491142497078,1439012725.004692,-0.02815072126830718,0.028097380964158356,-0.04559262195624158,-0.02608081746960685,-1.8989478768986314,-0.01951180448663473,0.0020212490196224423,-0.0038896204197429785
2021-08-22,-0.061128268561012056,-0.06092381232560318,1084350940.543357,-0.0002540005093666595,0.031699797087950864,-0.045752991331145784,-0.02683589876888748,-1.1007090467168188,-0.018917092562258306,1.552661135119902e-05,-0.0032902944770202077
2021-08-23,-0.06078173999733261,-0.06046764340428479,1387974382.8417299,-0.010564909320216604,0.02952895771645267,-0.04631514794542319,-0.027813384898963095,-1.0090099990982393,-0.018501763046460097,0.0006421535713968016,-0.0032921548825385716
2021-08-24,-0.08010362744408295,-0.08020068702525529,1657261561.646301,-0.08100099050416834,0.07071754294441852,-0.047173383130441386,-0.029313550736686855,-2.0850136816631557,-0.01785983239375453,0.006488473165947601,-0.004547038833053468
2021-08-25,-0.0450336423546982,-0.044799795702816114,1150732781.835334,0.010920063186700005,0.03523352401493374,-0.04810068816730035,-0.030116459757209484,0.20428228924342662,-0.017984228410090865,-0.0004917702200405539,-0.0025906210600477805
2021-08-26,-0.048373422369110575,-0.04817056207392845,1275524939.0698102,-0.050006784845624874,0.028049867124789643,-0.04716078759255892,-0.031067613463936095,-0.08480421587359672,-0.016093174128622826,0.00241899932465865,-0.0027967341866468013
2021-08-27,-0.021709752802945292,-0.021920351793912052,1048350508.218639,0.08959730966712383,0.047653005792025575,-0.04619973256238797,-0.03155037267738609,1.5992598588061633,-0.014649359885001878,-0.0019451354446821988,-0.0012630481257600757
2021-08-28,-0.06466296037785868,-0.06425464403381798,738357982.826443,-0.016561947410358994,0.01655366132253941,-0.04834155935573413,-0.032842399267084085,-1.1220892062576762,-0.015499160088650044,0.0010709445491762228,-0.0034836409812538695
2021-08-29,-0.03832942986279686,-0.03825542637916035,722330581.090637,0.0037044994990160125,0.01763013766494891,-0.04846381198036382,-0.03356433053425645,0.7015853621235473,-0.014899481446107372,-0.00014199135372430037,-0.0019930531816366756
2021-08-30,-0.05794567308580578,-0.05759549045202028,867241866.777245,-0.03218968024146763,0.035050975094111175,-0.0497399146781987,-0.033976775200637806,-0.5854539300247428,-0.015763139477560896,0.0018652526880087049,-0.0029203717026408276
2021-08-31,-0.04080325926513151,-0.04058365573701628,852089213.884268,0.01272015127331661,0.013738318900400047,-0.049331311382417385,-0.03400832974194566,0.6026304540241542,-0.015322981640471724,-0.0005190236302968303,-0.001998470825135028
2021-09-01,-0.024952411885758585,-0.024733606691614174,858963265.765084,0.06403644156776829,0.03903543009443501,-0.047713588302999405,-0.034099966038729286,1.5254718264551281,-0.013613622264270119,-0.0015978636656972666,-0.0011829629062187319
2021-09-02,-0.06321855299325319,-0.06276962432676403,1844123416.383469,-0.023131332023418952,0.05089996605583287,-0.04880630168013803,-0.03511565546735483,-0.9490252324260843,-0.013690646212783202,0.0014623293393270455,-0.0029718095037366385
2021-09-03,-0.08145533433222385,-0.08111342653940834,1153815472.674785,0.0004048583051251501,0.027851385441395867,-0.05073872980977119,-0.036396120002998175,-1.8460581152702489,-0.014342609806773016,-3.2977868601146595e-05,-0.0037405098794674563
2021-09-04,-0.06743280217504455,-0.06726580623221246,1251699575.0932791,0.012688992004622793,0.031473439378698405,-0.05144251537876529,-0.037006014338281816,-0.9388389741122919,-0.014436501040483475,-0.0008556542876484508,-0.0030186879971368552
2021-09-05,-0.06374157847164796,-0.06325695033811263,1276324669.548918,0.05347611658430802,0.02801973072222,-0.052652218476127534,-0.03717896982466879,-0.6539823751079759,-0.015473248651458743,-0.0034086520816176647,-0.002673814344657865
2021-09-06,-0.09762043136012222,-0.09719639554920712,1427760002.728589,-0.005385112089877539,0.015386162012853942,-0.05499450291527795,-0.03829912578097873,-2.1809762944135493,-0.016695377134299222,0.0005256969651364546,-0.0038468744205463947
2021-09-07,-0.06033777002374607,-0.06309690191372508,2700863985.687059,-0.1770756345457193,0.13940707861014584,-0.05563179995486073,-0.03904422033222194,-0.24148948415373614,-0.016587579622638786,0.010684348914028518,-0.002580508287712205
2021-09-08,-0.02734059256397725,-0.027234437435831205,1234486395.063956,0.0073509617428440446,0.06867376447601838,-0.055466077263872184,-0.03839893165637076,1.4260828413401148,-0.017067145607501423,-0.00020097964996448314,-0.0010960162803735852
2021-09-09,-0.03654541319955984,-0.03634320804101532,691198427.941067,0.00011872489477106731,0.025182705188605884,-0.05560382739230756,-0.0387676732505282,0.9737716000096482,-0.016836154141779365,-4.338850336482916e-06,-0.0014294050798647187
2021-09-10,-0.03664213519945392,-0.03629041304667069,790809947.555582,-0.06776584162135196,0.03581145300332876,-0.05475998884331356,-0.03956489202791555,0.9056595039713248,-0.015195096815398011,0.0024830851305943603,-0.0014232752486413808
2021-09-11,-0.02274136754041567,-0.022612167117897264,402833126.23182297,0.0017858260036078648,0.020499558447852406,-0.05242381742218941,-0.03957174606802593,1.4293963667238303,-0.012852071354163483,-4.061212551127813e-05,-0.000875105649040329
2021-09-12,-0.023676741843244087,-0.023699007223954682,531893427.36107,0.03391256771227668,0.03230284786637086,-0.05064041138800998,-0.03987266717411986,1.2498632934006062,-0.010767744213890124,-0.0008029391109651096,-0.0009117795033980856
2021-09-13,-0.04931460688203204,-0.04922425102548744,781753774.616764,-0.012639197578456848,0.02686795727296722,-0.05009435743013852,-0.04000557383262762,0.03635449457297625,-0.010088783597510899,0.0006232970598859308,-0.0018928320153759105
2021-09-14,-0.030875481048436515,-0.030716820788684984,344235821.24798,0.018199093365775697,0.025614611464839527,-0.04775015998272679,-0.04003615075970767,0.8159449123853973,-0.007714009223019118,-0.0005619057623137343,-0.0011187739084669562
2021-09-15,-0.035215800538423214,-0.03518993811599691,339459028.198537,0.029855408523095622,0.01780904258599911,-0.04728264370576132,-0.04051520527760209,0.5785827992926482,-0.006767438428159224,-0.0010513821115424758,-0.0012468256449332188
2021-09-16,-0.08289858261289595,-0.08262592810514813,413323852.838516,-0.000660611089259887,0.02623350123272411,-0.048926698955465385,-0.041549331230878096,-1.5261609739651238,-0.007377367724587289,5.4763722958005924e-05,-0.0029278781936351436
2021-09-17,-0.06293451812236173,-0.06229407649342322,903221342.936825,-0.04664489855731554,0.048539595644757925,-0.050889783018294735,-0.04235179558143133,-0.5590298850046975,-0.008537987436863403,0.002935574213571099,-0.0022254284617624145
2021-09-18,-0.045652471774321746,-0.045344912315122055,332779468.612484,-0.004256644509621441,0.011757750568973225,-0.049984521656221546,-0.04326395123317703,0.20303461199874281,-0.006720570423044518,0.00019432634332881447,-0.001603891794495005
2021-09-19,-0.0804476258108725,-0.08013556618505535,290340456.55522,-0.026169084467884643,0.03156685317629767,-0.051990150034701345,-0.04451725543148951,-1.2847508446416034,-0.007472894603211835,0.0021052407150854995,-0.0028797266859934448
2021-09-20,-0.030342311873508998,-0.03090531140845809,889475094.69964,-0.06157720951666594,0.06322200633239335,-0.05067570426268721,-0.0450022920657483,0.8999589160476662,-0.005673412196938905,0.0018683948954550842,-0.0011268457829775459
2021-09-21,-0.01242686440037144,-0.012093164606456597,709884680.9565899,-0.038705051105602975,0.04638252463751815,-0.04932444736436531,-0.04530285610436157,1.5362887518589574,-0.004021591260003739,0.0004809824216987749,-0.00048082341168216374
2021-09-22,-0.00020930290671350438,0.0004031016256047515,781832753.13582,0.10232546194471141,0.06803711682751769,-0.04814620407964886,-0.045037488649044784,1.8571122900443324,-0.003108715430604078,-2.1417016615830174e-05,-8.387455689342669e-06
2021-09-23,-0.01879721669958201,-0.01854045194611753,403712316.1794,-0.002536660535572009,0.027067033173385047,-0.046030902351378813,-0.04509577167422814,1.0342971401312067,-0.0009351306771506751,4.768215778042481e-05,-0.0007319332903732965
2021-09-24,-0.03958914501774213,-0.03939689956302439,623418426.9696,-0.06240726875935168,0.08362767176080012,-0.04403727428878444,-0.04510674073839188,0.17743490749400478,0.0010694664496074396,0.0024706504130751817,-0.0016466867417911832
2021-09-25,-0.02533051689161281,-0.02506903287442963,337161720.61992,-0.012074501816282258,0.021060985577911206,-0.042032403561001984,-0.045010511999866665,0.6738315458625622,0.002978108438864681,0.0003058533722151473,-0.0010410479981856325
2021-09-26,-0.027079399227604717,-0.026845539976920185,409384356.10677,-0.0028771385024161664,0.05607345847789019,-0.040286585501761826,-0.04504461261657079,0.5397289342571736,0.004758027114808966,7.791118214004013e-05,-0.00114909970699607
2021-09-27,-0.04154318025993142,-0.04153441540913183,278589518.94616,-0.03621908461656671,0.019690541242155926,-0.037616240211276554,-0.045213974925086324,-0.19003442780945556,0.00759773471380977,0.0015046559610757402,-0.0017713775812079275
2021-09-28,-0.033728946031668317,-0.03360040372667983,313595576.42289,-0.025586356443309408,0.02489245953055126,-0.036349153354510944,-0.04524946338223834,0.13096581351096762,0.008900310027727398,0.0008630008356234119,-0.0012542565343902489
2021-09-29,-0.031769276721602346,-0.0315453963088701,316790274.81801,-0.005325040212918234,0.02069959065907435,-0.03656004307630262,-0.0452617541930463,0.24037612099839972,0.008701711116743685,0.00016917267607785964,-0.0011088071580709416
2021-09-30,-0.022692046140773137,-0.022540325271308892,298160633.92149,0.003924651819364271,0.018187913979976197,-0.0359003589306461,-0.044905084855098774,0.6552144976078346,0.009004725924452672,-8.905838017148328e-05,-0.0007844364517841956
2021-10-01,-0.008570685593584426,-0.007990367395553588,510508408.9963,0.09490625726219956,0.061257761316327645,-0.03456362323512851,-0.04438157274696655,1.2366132846322626,0.009817949511838044,-0.0008134116918581511,-0.0003066635308820062
2021-10-02,-0.05251348928561883,-0.05228278884688098,411189514.74511003,0.008314432702013397,0.036002995406645144,-0.035981343318233425,-0.044665927565554805,-0.7803491019304061,0.00868458424732138,-0.0004366198726131794,-0.001917728158987973
2021-10-03,-0.050791877476768055,-0.05052980197403967,397076388.59278,0.012196655467312148,0.021010619376125295,-0.037272540253163136,-0.044555314324106296,-0.6369711832125113,0.00728277407094316,-0.0006194910301220718,-0.0018275449385579767
2021-10-04,-0.039808353054299306,-0.03934091086139757,1518058809.528908,0.11197778845838395,0.06816120249331392,-0.03681986149946158,-0.0444097889583411,-0.1419344485171371,0.007589927458879521,-0.00445765133719099,-0.0015106231847946071
2021-10-05,-0.05021697522992685,-0.04989159705313284,1988762907.573879,0.038267086164931956,0.09086496722018966,-0.037740885031913494,-0.04422147604836056,-0.5883586944881535,0.006480591016447067,-0.0019216573180658647,-0.0020616354189958025
2021-10-06,-0.05228067478382026,-0.05197458166793223,2026793763.860286,0.0010623021477818104,0.06665401478503588,-0.03855349809121812,-0.04464560998809326,-0.6405859297761324,0.006092111896875141,-5.5537873110334595e-05,-0.0022679619703460667
2021-10-07,-0.05985914725491748,-0.059456824003579434,1111236424.585082,0.012791762608000442,0.04818419350700647,-0.037456382121790574,-0.04451462288993829,-1.1457536715697643,0.007058240768147719,-0.0007657040016022457,-0.002659288952607884
2021-10-08,-0.05255720540081954,-0.052447951427867956,726773490.31574,0.001761754015030854,0.028842342432530005,-0.036962224373145704,-0.0446839133179428,-0.8207850173277862,0.007721688944797099,-9.259286763369511e-05,-0.0022855977437853795
2021-10-09,-0.06017779937507528,-0.06002741592174354,508256681.781244,0.003650823461131753,0.012834810108582851,-0.03765390663984826,-0.04532666255060131,-1.1499075676256607,0.007672755910753053,-0.00021969852179780459,-0.0026200871159390107
2021-10-10,-0.12632105733526444,-0.1253524673487958,524393659.999549,-0.07028277533067163,0.05500948199484055,-0.0398383557600574,-0.04676410592504085,-3.3159958251904014,0.006925750164983452,0.00887819449222728,-0.005640919093214281
2021-10-11,-0.053510295985397915,-0.05306300112048634,474759993.68803,-0.019778888705538518,0.03862026281032279,-0.040941593098718775,-0.04711907067986822,-0.480664271138942,0.006177477581149449,0.0010583741888956098,-0.0023268364801701186
2021-10-12,-0.03835352156139238,-0.03797048306410722,561079235.8641,0.009325940226845936,0.021530426678578286,-0.04217619582067215,-0.046943984855818285,0.15088892097772447,0.0047677890351461374,-0.00035768264957059215,-0.0016223719505037348
2021-10-13,-0.03292758394062234,-0.03250772593797413,469547658.53613,0.014761214284049674,0.04582944582558728,-0.04373420920323924,-0.0465313338619625,0.458510501479735,0.0027971246587232615,-0.00048605112240355917,-0.0013580310561428755
2021-10-14,-0.06401899983888049,-0.06378641843175892,505207908.3593,-0.014704580348950265,0.021779891785138995,-0.04588762744796774,-0.0469082771598282,-0.7801714833369126,0.001020649711860458,0.0009413725269902521,-0.002624215129190366
2021-10-15,-0.06548963408655573,-0.06517546100171889,637135228.431032,0.002563337157836472,0.04728402779161624,-0.04712098407029219,-0.047298996056282606,-0.7791865480567176,0.00017801198599041307,-0.00016787201250718228,-0.002571158563922076
2021-10-16,-0.06726720341139425,-0.06705915201588852,607195581.330414,0.0010954749557657106,0.023151069986253988,-0.04911796914266274,-0.047530962694143336,-0.7752227064506744,-0.001587006448519404,-7.368953668158018e-05,-0.0026476418587051995
2021-10-17,-0.06650165832236488,-0.065823927180654,548202881.592022,0.0033667231531641292,0.026343503459015975,-0.050995219575746556,-0.04797800785121197,-0.6702582005648142,-0.003017211724534584,-0.00022389267279771585,-0.0025233627448759226
2021-10-18,-0.037987514412049395,-0.03744187557205203,2764060389.0724587,0.03842746044455472,0.07803149367102975,-0.050825902154418845,-0.04781221509365778,0.552889967654644,-0.003013687060761064,-0.0014597637074559805,-0.001546946510091759
2021-10-19,-0.06439667118641723,-0.06391870133075539,816799548.564904,-0.03468555798788994,0.03262147753286454,-0.0522862700189307,-0.04808907444276746,-0.5252767422771142,-0.004197195576163243,0.0022336344726635563,-0.0026460944618762715
2021-10-20,-0.06701716850129769,-0.06690310190799742,862257446.967301,0.048405939338292285,0.04140474523552272,-0.05396474105605904,-0.04866362046541128,-0.5732747930452825,-0.005301120590647766,-0.0032440289930979285,-0.002819848360830393
2021-10-21,-0.09828478593415846,-0.09777952457583305,821117127.055503,-0.043278990121014556,0.024516168714988663,-0.05756439533193453,-0.049689527218296066,-1.7298887787485049,-0.007874868113638467,0.004253666279490474,-0.004165098159587256
2021-10-22,-0.06976701322418977,-0.06932541260934355,850385655.336416,-0.003789658372962389,0.0533844491454468,-0.060478506171487166,-0.04993403941664308,-0.44657907087003745,-0.010544466754844085,0.00026439314582162845,-0.002930419171968263
2021-10-23,-0.05122368110999931,-0.05080594776859293,685596522.769734,0.01980183187810582,0.020098506529751214,-0.06041708673455291,-0.04960741582499191,0.44144250633029625,-0.010809670909561003,-0.0010143227215179112,-0.002112750244622621
2021-10-24,-0.044932619501764304,-0.044045466713110604,2656809278.428506,0.09597337108320493,0.09318944803623896,-0.06013807445002892,-0.04935034203040068,0.7240778480193252,-0.010787732419628236,-0.004312334965183276,-0.0020077091093340434
2021-10-25,-0.07192110927468254,-0.07148366111072268,1641037380.653279,-0.01239089729829211,0.033015732312342214,-0.06166725331766621,-0.04952715741575544,-0.4974954840245208,-0.012140095901910772,0.0008911670786018354,-0.0030932599875272814
2021-10-26,-0.10157795025822902,-0.10088310820763113,1309189144.726266,-0.034171015035176694,0.05410465609008208,-0.06411301403329965,-0.04986801968264665,-1.6897053649224145,-0.014244994350653004,0.003471021665516374,-0.004190961834273073
2021-10-27,-0.06043811050185033,-0.05946954092451928,2522123063.7165833,-0.08477536079141293,0.0729912300211146,-0.06450146335320583,-0.05011253505006177,0.18448169725171795,-0.014388928303144068,0.005123662623345644,-0.002511829065134612
2021-10-28,-0.03955312222759366,-0.03934622828877887,10852734149.47199,0.24054406599437717,0.357115627975496,-0.06353450978047614,-0.0499725302859107,1.0575714594881476,-0.013561979494565446,-0.009514268843397957,-0.0022257084285203298
2021-10-29,-0.06500478936973375,-0.06453757201446009,2993836860.6693277,-0.019260744761283102,0.028428923571238288,-0.06412725187423396,-0.050659753088558135,-0.03893785374870868,-0.013467498785675824,0.0012520406563114109,-0.0036566289173993265
2021-10-30,-0.10256478632614974,-0.10127533334918593,1662316397.000281,-0.05998194124807931,0.04391293922648104,-0.06614567982428513,-0.05126136937345164,-1.516508381606988,-0.014884310450833486,0.006152034987536922,-0.005921228770859373
2021-10-31,-0.05127818062826439,-0.05061154871885254,1847925323.638299,0.04451502881223182,0.06887483670254624,-0.06257220950490418,-0.05146690509988763,0.5694799460026793,-0.011105304405016544,-0.002282649688106017,-0.002994227863510383
2021-11-01,-0.06497388323917597,-0.06470784698355736,1226411839.24802,0.020364123879584282,0.02917672204680365,-0.06311809461222694,-0.05157846399121097,-0.09406985628734646,-0.011539630621015963,-0.0013231362072202242,-0.003764727021940059
2021-11-02,-0.07147396305690024,-0.07113562190999245,950264270.715843,0.013132984060801184,0.019683704232413595,-0.0646952584929654,-0.05206530055933428,-0.35756721103524935,-0.012629957933631114,-0.0009386664175885634,-0.004135070314527665
2021-11-03,-0.08276805090706807,-0.08244864143644337,924547612.447661,-0.009832993613853471,0.03212438557693202,-0.06706861406279616,-0.05298300911522808,-0.8785075157046992,-0.014085604947568074,0.0008138577160002994,-0.004734464702879794
2021-11-04,-0.07477622863269373,-0.07447472239695785,761712542.560604,-0.024330090676309448,0.04062729080387833,-0.06758086305297774,-0.053166464284108095,-0.4012392039373091,-0.014414398768869643,0.0018193124230658853,-0.004344431010465978
2021-11-05,-0.061096846982066855,-0.06070889464458218,636748101.040063,-0.003556069133107326,0.005285429634878372,-0.06737168271466874,-0.05284331369124846,0.3489117790840154,-0.014528369023420286,0.00021726461168310944,-0.0034274817376251745
2021-11-06,-0.06758650904202745,-0.06696650916114766,570167645.929234,-0.00665540877219508,0.03203133424413183,-0.06738688774469889,-0.05284575348278787,-0.011099901480470445,-0.014541134261911025,0.00044981584516035164,-0.0038201266104464886
2021-11-07,-0.06851573754794771,-0.06838051840469561,557807736.214965,0.015525270756886454,0.019393503228749026,-0.06748279627925045,-0.05292153378558628,-0.05743516756977774,-0.01456126249366417,-0.0010637253765396597,-0.0038499730435927826
2021-11-08,-0.05101247820390786,-0.05069773373172626,2266121283.868992,0.04535110842991082,0.0431235375221594,-0.06810303265029133,-0.0521817250053289,0.9982664976304844,-0.015921307644962426,-0.002313472430303888,-0.0027816488531850203
2021-11-09,-0.08829346371909075,-0.08793467173344938,1128190387.769228,-0.03599212783150171,0.02198245239381431,-0.06924097515184721,-0.05262546617509629,-1.0796066407247127,-0.016615508976750924,0.003177869632863573,-0.0047698047307875675
2021-11-10,-0.11656344449015899,-0.11564831181540924,1413532851.010433,-0.05805014278735765,0.04661169448898372,-0.07160032162750728,-0.05404170191995631,-2.2010165904088494,-0.017558619707550967,0.006766524596439966,-0.006325912411494388
2021-11-11,-0.027269376835989845,-0.026981915597315442,829214296.502878,-0.001954285679372214,0.024776428772652535,-0.06821863547997545,-0.0538944632475187,1.8929444091645782,-0.014324172232456751,5.3292152635979326e-05,-0.0014802503799376447
2021-11-12,-0.06847246571050847,-0.06808935645205216,770665744.485377,-0.023954381349413058,0.032914870494448065,-0.06815699036027632,-0.054399706588964,-0.01458522843490064,-0.013757283771312322,0.0016402155555641292,-0.0036501147270092205
2021-11-13,-0.04713011966486402,-0.047060878086016,373514953.771958,0.0181103511408404,0.01192703988283558,-0.06796205886288893,-0.05478682963855842,0.9552546043355562,-0.013175229224330516,-0.0008535430164405146,-0.0024940626150505006
2021-11-14,-0.06152262538883213,-0.06104360204232129,575460494.15727,0.0062543106776933,0.01637723899425922,-0.0687520591432255,-0.05538755794880585,0.34061808445082636,-0.013364501194419655,-0.0003847816128890977,-0.0030306618839521337
2021-11-15,-0.08694053386081213,-0.08681024866383835,478391886.52447,-0.02170985957552455,0.018456628205146233,-0.06946726983780309,-0.055984794884976964,-0.8094512668182282,-0.013482474952826125,0.0018874667815393686,-0.004222496691172043
2021-11-16,-0.09585207905219906,-0.09529589417811746,1001251053.625224,-0.04155023129865679,0.029755958392289478,-0.06919460930418261,-0.05701616945646526,-1.2578275304131914,-0.012178439847717354,0.0039826760550760055,-0.004544172600700454
2021-11-17,-0.030249238745684526,-0.02997101436751204,476320895.20516,0.02200322835558505,0.026999729200807048,-0.06775704398246044,-0.056937335142294807,1.6464293368013971,-0.010819708840165629,-0.0006655809077039077,-0.001367813355454446
2021-11-18,-0.06786551374383731,-0.06720062169549268,674706562.7483801,-0.07149482603175845,0.04423817434674887,-0.06910525310228158,-0.056698715001516097,0.05674552371328787,-0.012406538100765481,0.004852033098671561,-0.002057626862600737
2021-11-19,-0.030380003030229696,-0.03033805545761925,481587114.48003,0.06490488860823812,0.050319719084383374,-0.06745645375278138,-0.05618197666672035,1.5829700386079377,-0.011274477086061031,-0.001971810712594995,-0.000952765528313849
2021-11-20,-0.05823949596942579,-0.05801129635126767,334376653.29515,0.0010293803182178517,0.04021505741238899,-0.06534572564055642,-0.05638177070156327,0.3221682583912046,-0.00896395493899315,-5.9950590893854815e-05,-0.0018162284551160716
2021-11-21,-0.08107066948431774,-0.08092618192942702,283432351.43878,-0.014376717692880509,0.012486823853537707,-0.06676441558608277,-0.05639166028368145,-0.648351906825793,-0.010372755302401324,0.0011655301283488588,-0.002310543894282041
2021-11-22,-0.08915137349593372,-0.08884191091216154,375237913.72498,-0.01195179241206198,0.02381076975791049,-0.06791572464592839,-0.05732513745229136,-0.9399654313882942,-0.010590587193637029,0.0010655187092736041,-0.002518066834284115
2021-11-23,-0.04111516887558653,-0.040805295246409634,862632273.76396,0.020031829409368682,0.04651131214367351,-0.06647006778015155,-0.05778050736459636,1.0876001865618294,-0.008689560415555186,-0.0008236120490531341,-0.0012138164615253012
2021-11-24,-0.08264167337017436,-0.08266089877954097,472787457.94598997,-0.025274072565153696,0.019353558616887086,-0.06646404980220423,-0.059088957689413205,-0.694071357186009,-0.007375092112791026,0.0020886916496635167,-0.002389519255323993
2021-11-25,-0.060848094713537026,-0.060525601712652866,486388815.14772004,0.008890156978342794,0.019920908140494582,-0.06580080532986343,-0.059756431943602965,0.21294600040140335,-0.006044373386260467,-0.0005409491138364145,-0.0016993776684081138
2021-11-26,-0.07224461157588047,-0.07224159670976171,946963362.64597,-0.07666935394380606,0.08981641871852718,-0.06633165126290216,-0.06027477268262104,-0.25407454190194034,-0.006056878580281123,0.005538947695443968,-0.00230846701907298
2021-11-27,-0.030736022694418996,-0.0305615634380082,296423698.20071,0.0011716462968905284,0.010163248520753506,-0.06457686619873033,-0.060360574362030656,1.3796490327028041,-0.004216291836699679,-3.6011747171059254e-05,-0.0009501164300218517
2021-11-28,-0.04135770770886993,-0.04085724261438206,394914651.78172,0.03840857619509123,0.04666264500832382,-0.06328362668258378,-0.06058721417919359,0.8762825716764204,-0.002696412503390186,-0.0015884906677904424,-0.0013321597584661227
2021-11-29,-0.018059915938223092,-0.018178434406425747,944461584.76392,0.046644031261020735,0.057973749525239086,-0.0617144570508845,-0.06021446395186489,1.6289222938203716,-0.00149999309901961,-0.0008423872835938845,-0.0005944932391892642
2021-11-30,-0.04987214391857575,-0.04957339518906556,882320812.56294,-0.032989659498493806,0.041342514562891945,-0.059884870393717114,-0.06047070518816501,0.38217734872113734,0.0005858347944478967,0.0016452650463336927,-0.0016876602602467973
2021-12-01,-0.04590362844490414,-0.045557760618955,408475594.86555,-0.03303794285271294,0.02785801880041786,-0.05652011724870499,-0.06069505997742377,0.4639343613048803,0.004174942728718781,0.0015165614532949114,-0.0015123733210550968
2021-12-02,-0.030222920170234535,-0.029727412520722973,903754552.96089,0.02731815877378868,0.051238483881612173,-0.0566607621693833,-0.0608145976604311,1.1644985170838829,0.004153835491047794,-0.0008256345318180075,-0.001033829482886993
2021-12-03,-0.08009083471304002,-0.07921004933468068,513439051.33428,-0.03698577397279963,0.0355842279832689,-0.05721401783617052,-0.06194983812264468,-0.9885093918203106,0.004735820286474159,0.0029622215099893525,-0.002749831949578614
2021-12-04,-0.06545756195460228,-0.06571062274980377,1586571483.635445,-0.06244551508480523,0.19170831028629254,-0.05808675318330092,-0.06215529959358092,-0.31923514351664883,0.004068546410279997,0.00408753117245069,-0.0028077974302759593
2021-12-05,-0.041277129525769674,-0.04146627515037549,507851273.46866,-0.039337508294736256,0.056891885807458735,-0.057122681951726505,-0.06200427184832698,0.6783368680813121,0.004881589896600473,0.0016237394251028673,-0.0018502141957750379
2021-12-06,-0.021286541389865632,-0.02125151729991792,620611139.70488,0.038371257193357766,0.0580468825377441,-0.05399630135787191,-0.06171027483778041,1.388257472625866,0.007713973479908501,-0.0008167913544275895,-0.000994282586575626
2021-12-07,-0.032033698059630744,-0.031835785578107956,353775260.68604,-0.016936682804922415,0.02353960500974022,-0.05095733083441629,-0.06142165139063285,0.8619649164965167,0.010464320556216565,0.0005425445831046245,-0.0014867938226659045
2021-12-08,-0.012722762815855937,-0.012514419004950428,322692129.75149,0.013947698129734887,0.04682069771225608,-0.05012273674251969,-0.06079374802606199,1.6201210393767513,0.010671011283542295,-0.00017745325513177443,-0.0006025155208403684
2021-12-09,-0.009384648452749556,-0.009071052018348347,403497779.80288,-0.04521361638323502,0.03308536146011422,-0.047337933633420266,-0.059992565505392656,1.5598719945429005,0.01265463187197239,0.0004243138950341385,-0.00043944742485256343
2021-12-10,-0.03658891596564606,-0.03627325869913167,321855414.32343,-0.04192910378600756,0.049716065524897005,-0.047633596154154384,-0.05973910059372324,0.45730411078848926,0.012105504439568857,0.0015341404549410829,-0.0017122681314385335
2021-12-11,-0.005043263626992256,-0.0050201621677832264,224762600.41182,0.02433735176598271,0.022512816705368376,-0.04510044223308612,-0.05886394923264256,1.557289520114254,0.01376350699955644,-0.00012273968093869634,-0.0002317606114100199
2021-12-12,-0.02555178630878996,-0.025366066683648825,237786221.83699,0.01019691073833614,0.022246339008094917,-0.04245668589139432,-0.05726443699412709,0.685180837637647,0.014807751102732768,-0.0002605492841957707,-0.0011860942330605892
2021-12-13,-0.04181745235718071,-0.04193955582570419,369952551.16223,-0.0472137374802652,0.05133223894399966,-0.04020268964669179,-0.057078836301615705,-0.07262351380327836,0.016876146654923915,0.0019743582176854273,-0.0019959376197567534
2021-12-14,0.00959911867445018,0.009496813649584324,5037917503.82341,0.19198275513802884,0.3087756250481631,-0.03778772357288052,-0.05631768328199916,1.9151428522961842,0.018529959709118637,0.0018428652500178488,0.0005780450315323013
2021-12-15,-0.016735397649968564,-0.01666161692191115,1554638836.5751,-0.01328740792398729,0.08286503083781102,-0.03464932949096596,-0.05606066445198878,0.7829831327179565,0.02141133496102282,0.00022237005534527058,-0.0010583952187206234
2021-12-16,-0.03257383417074344,-0.032153051090949125,571233403.92353,-0.044187979594862196,0.04008577237841022,-0.03330293613178531,-0.055561534838208824,0.03302366574127471,0.022258598706423514,0.0014393719196632362,-0.002091342432904198
2021-12-17,-0.043969551768952675,-0.04363662906762078,531828962.82563996,-0.0394719149267166,0.026015461304966767,-0.031956504712407796,-0.0552199462299929,-0.5894076219024756,0.023263441517585103,0.0017355624067899615,-0.002689397593847391
2021-12-18,-0.021736991504120784,-0.02179118108079159,281062404.21125,0.01591514488663033,0.012864100601341777,-0.03152797941763169,-0.05449724445368698,0.47754517626079124,0.022969265036055286,-0.00034594736918753486,-0.0013323387035599741
2021-12-19,-0.035939610007812095,-0.03566612414758019,240410964.56010002,-0.01912506752773079,0.01792196751082302,-0.03126997476520037,-0.0540121325756782,-0.22882818226299897,0.02274215781047783,0.0006873474683197156,-0.0021536813957241563
2021-12-20,-0.039022017326075575,-0.03907125360943897,351670162.62285,-0.016319384220533258,0.04022985442001196,-0.03226817006938382,-0.054028553256853226,-0.3336839120610017,0.02176038318746941,0.0006368152938045331,-0.0023054231255507686
2021-12-21,-0.020193352967951883,-0.02003846749995264,290315227.35777,0.006051189042961547,0.013983074265834262,-0.0308548943098303,-0.053326913285131554,0.5335002028635358,0.022472018975301253,-0.00012219379622032547,-0.0011667159893121834
2021-12-22,-0.03312216205786889,-0.03268106074218058,412370899.74702,0.004403506739023914,0.02306561506497139,-0.030246253053304813,-0.052788897309839024,-0.14601898497816226,0.02254264425653421,-0.00014585366383286784,-0.001906147960864972
2021-12-23,-0.010039540632558852,-0.009966748505655598,476766955.48238,0.05824621058649569,0.0371256697214797,-0.029285139741986925,-0.051388179130448554,0.9535517622573221,0.02210303938846163,-0.000584765197875703,-0.0005710187623484579
2021-12-24,-0.0438928403873724,-0.043364990810551673,654814449.93413,0.018699225099358795,0.035929443943959784,-0.027561425726478943,-0.0509774779743086,-0.9659589921735188,0.023416052247829656,-0.0008207621026537034,-0.002497213799167397
2021-12-25,-0.03536455192487431,-0.03532155727300945,480218618.49,0.01899377259865183,0.024966739316076573,-0.02612842524887285,-0.050725745765020896,-0.6300053182155253,0.024597320516148047,-0.0006717062573142774,-0.0017312131147248545
2021-12-26,-0.05748137702413614,-0.05733973381422819,302794605.45092,0.02087402734720694,0.015542965940414445,-0.026900056082128393,-0.05092493239236014,-1.9265254459578602,0.024024876310231744,-0.0011998678359569305,-0.0027007250743302123
2021-12-27,-0.0765433611966213,-0.07620704565751513,327156661.28295,-0.015634396522272623,0.018490898896990647,-0.029531333215783426,-0.05099830147048615,-2.456164779971869,0.021466968254702727,0.0011967092600955133,-0.00345216151624955
2021-12-28,-0.06801473363693433,-0.06790684210886022,496158602.4514,-0.04237492382897608,0.027012075670596318,-0.031244715862321693,-0.05046555200030686,-1.7589308464067384,0.01922083613798517,0.0028821191571131895,-0.0030787608088827276
2021-12-29,-0.04528697160109574,-0.04496425786153402,344819346.46994,-0.051200967771657446,0.028411751016069763,-0.03279539247114264,-0.050225057732040924,-0.6043754011454081,0.017429665260898286,0.002318736773423669,-0.0020102646620597585
2021-12-30,-0.02258539959415906,-0.02271309146085365,255123489.0947,0.013481498154443177,0.03266099637419872,-0.03342399966835261,-0.04995572880135148,0.5388510519895343,0.01653172913299887,-0.00030448502294601706,-0.0010020975124997475
2021-12-31,-0.03396989691347141,-0.03349665029414517,286939201.2138,-0.006439172281021309,0.05031945205934393,-0.03329928447539191,-0.049463111460775894,-0.033360833267283764,0.016163826985383982,0.0002187380185943764,-0.0015081953036559259
2022-01-01,-0.04041411244416515,-0.04030856116457482,162661661.97672,0.009982671408458326,0.011323144595068406,-0.034983610609543005,-0.04847659282772852,-0.2847475117201713,0.013492982218185512,-0.0004034408047945873,-0.0017727712332638325
2022-01-02,-0.04249521478158036,-0.042344046308375405,185714764.91217,0.009738185228735817,0.01617170658226893,-0.035790440536818735,-0.048337180671431945,-0.3526856839220958,0.01254674013461321,-0.00041382627287794176,-0.0018517665913460862
2022-01-03,-0.08221327298978665,-0.08195292230372708,257123860.04302,-0.009297497025060334,0.01973396512316089,-0.03771405104313331,-0.048610821778584494,-2.067036170629937,0.010896770735451186,0.0007643776610430145,-0.00345881148387954
2022-01-04,-0.05100051590217869,-0.05075822247198192,264158799.8394,-0.008576128270163425,0.018511214037357327,-0.04059974792773468,-0.04828584642692225,-0.5546683553683963,0.007686098499187569,0.000437386966221594,-0.0014407181872301213
2022-01-05,-0.09017063761121669,-0.08946646237705314,458662668.49839,-0.06653501614531471,0.06292913428194163,-0.04409666411636554,-0.04840334780317858,-2.2137630189625908,0.004306683686813036,0.005999504829295624,-0.0024616369509203873
2022-01-06,-0.025813800949707866,-0.025620742158252052,308576520.98433,0.033065067104026485,0.03149920885606691,-0.04377475777250671,-0.04762616641138515,0.8532291898705823,0.003851408638878444,-0.0008535350606120732,-0.0006941557740006774
2022-01-07,-0.032617133231426676,-0.03264362191959669,420587541.94852,0.014551380571392263,0.032731013381155846,-0.0432341664135769,-0.047174107462962286,0.5010252397696209,0.003939941049385387,-0.00047462431879829504,-0.0008875339270275983
2022-01-08,-0.0342744638819652,-0.034570673361867144,266468886.16787,-0.03572621871695674,0.04987462418931453,-0.043831188907759965,-0.046645344841374,0.46109395981424844,0.002814155933614032,0.001224496993053523,-0.0009930365151132336
2022-01-09,-0.04317368100049124,-0.04302816904315421,193977996.14943,-0.006560007622023656,0.03374170131269813,-0.04417566847883993,-0.04624308997554136,0.048526038993924325,0.00206742149670143,0.0002832196764340404,-0.001283397800554375
2022-01-10,-0.04789807677767688,-0.0479182750843028,359382663.96929,-0.055049783628869704,0.04982878404670571,-0.04459833797653522,-0.04619365503226785,-0.15996006070126348,0.0015953170557326257,0.002636778762850101,-0.0014457308675229507
2022-01-11,-0.02587322777845924,-0.02478037191077065,1171840237.72171,0.054826563933003024,0.12152056053468889,-0.044868808205607,-0.045202857636384805,0.9344736133841961,0.00033404943077780525,-0.0014185401769488454,-0.0009134366450920543
2022-01-12,-0.03980859101066536,-0.03975747526133233,472508628.42241,0.060624621816434826,0.045916716834372956,-0.0451872095843116,-0.0439845266287738,0.26644955630144135,-0.0012026829555377982,-0.0024133807750667145,-0.0014487327583039605
2022-01-13,-0.017905089482840753,-0.01774236815391339,1386472799.8784099,0.03093731486135449,0.06612977004338175,-0.045561759529563116,-0.04383588714697778,1.413586008611562,-0.0017258723825853348,-0.0005539353909513712,-0.0006763399157700082
2022-01-14,-0.019347946832436347,-0.018967148635652742,3983124491.48578,0.04100853155180896,0.12777685257209195,-0.044392955074566164,-0.043056132879071875,1.2285678699530138,-0.0013368221954942888,-0.0007934308881406882,-0.0008154636971092051
2022-01-15,-0.029407863455378158,-0.029107571824504408,1191295001.73106,-0.03275134049599487,0.022787854569037872,-0.044109303242685395,-0.04277482722495305,0.715115002965282,-0.0013344760177323445,0.0009631469492868142,-0.0012364107548034915
2022-01-16,-0.03721639506612184,-0.036738454868955994,735381601.04194,-0.019515002756381336,0.02329344793035695,-0.04314430410182757,-0.0423890140452275,0.290956435851333,-0.0007552900566000706,0.0007262780522979445,-0.001578444561029486
2022-01-17,-0.037978806599493375,-0.03781914339786607,831316285.3105199,0.0069887232037550324,0.020969625407021842,-0.04130789674005957,-0.041611843771238305,0.17616628170585236,0.00030394703117873206,-0.0002654233669328041,-0.0016152632394204668
2022-01-18,-0.033047078793289386,-0.032747294695047335,650280720.04924,-0.02111149535983094,0.03654200627871818,-0.03964277031893362,-0.040614939005223866,0.367591536218673,0.0009721686862902423,0.0006976732506004963,-0.0014205106319692166
2022-01-19,-0.015619225526620317,-0.015208064346210803,606657882.95528,-0.027659973818173506,0.048625664401003126,-0.03823002050586336,-0.04038271657317523,1.2136030882980335,0.002152696067311867,0.00043202736912646526,-0.0006864184340145773
2022-01-20,-0.055926186116309284,-0.05523173276659277,471391155.4013,-0.06092017376184032,0.06637559175191651,-0.039817677006918135,-0.04019320343623034,-0.8636404204168111,0.00037552642931220487,0.0034070329760425835,-0.002547576364784775
2022-01-21,-0.03418612382209141,-0.033642625771529655,788525250.70857,-0.05404867448508233,0.061739233021365886,-0.03982797352637623,-0.04025361805197418,0.302535730821295,0.0004256445255979499,0.0018477146783669371,-0.0015758530377356808
2022-01-22,-0.01111286941545564,-0.011482580434308165,911974289.51265,-0.06618486683388275,0.09897674752327151,-0.038432676239294826,-0.03950557636064131,1.3888613070695548,0.001072900121346483,0.00073550378240426,-0.0005586468151107338
2022-01-23,0.002244064192973738,0.002326618277267878,555514657.99013,0.037316957951121076,0.052510225127872706,-0.03630223438336368,-0.03818312027052558,1.7893253500668942,0.0018808858871619052,8.374164912881744e-05,0.00011669282779656128
2022-01-24,-0.00591749527729124,-0.005815251100789953,639756613.81064,-0.014330418212565903,0.06328845677348456,-0.03266910211134009,-0.0368619476003884,1.3529141176543018,0.004192845489048309,8.480018209446711e-05,-0.0003199867065986606
2022-01-25,-0.015040771604052039,-0.014907208811448025,730602498.48289,0.04494897056700198,0.04625070707881886,-0.03095673333523882,-0.036448068278618004,0.8094289870882744,0.005491334943379184,-0.0006760672001355343,-0.0008331928008988243
2022-01-26,-0.02941649451792372,-0.028981243449414884,587824146.9295499,-0.01663355280865392,0.06054664535917584,-0.02806367890222487,-0.03560322416985212,-0.09502927464521534,0.007539545267627252,0.0004893008150093628,-0.0016262074644289846
2022-01-27,-0.0315886382355155,-0.03136378139433227,356373736.14681,0.011665257822869897,0.02995245298226947,-0.028338671153929993,-0.035138788352740674,-0.22813324323112083,0.006800117198810681,-0.00036848960929065434,-0.0017439616064680202
2022-01-28,-0.04200481745363338,-0.042041031514229776,290135193.1822,0.0027629219517299446,0.016500628563982316,-0.028785703735939836,-0.034658791620641505,-0.9096981635717115,0.005873087884701669,-0.00011605603222105279,-0.002286558833741838
2022-01-29,-0.03217068724791816,-0.03217829251487869,222379247.88897,0.005966395405991515,0.010550935390244983,-0.028685523896223312,-0.03468156407387166,-0.24037595311385368,0.005996040177648345,-0.00019194304060356874,-0.0016909902964056334
2022-01-30,-0.04968188200021284,-0.04969835145988266,222718201.7982,-0.01739670282019794,0.02126573303718768,-0.028995438229543386,-0.03481369382452789,-1.389443122321559,0.005818255594984504,0.000864300936705844,-0.002581916872150817
2022-01-31,-0.01729987928642851,-0.017048396879086658,257990976.2727,0.026137322630932484,0.017020011819192743,-0.027538381206150608,-0.03480162975068988,0.7092204071361168,0.007263248544539271,-0.00045217252638556803,-0.0008720291389982233
2022-02-01,-0.04714879504824432,-0.04711094486960521,228531659.05777,-0.00888956961753917,0.00932880244155523,-0.028551503457092755,-0.03475840199084335,-1.235930666421632,0.006206898533750598,0.000419132495964454,-0.0021247225252913247
2022-02-02,-0.024921034254874908,-0.024477344818410796,293214238.85779,-0.04185010405773905,0.04330721429128707,-0.027842572183007494,-0.03442534494020797,0.19687461990409388,0.0065827727572004766,0.0010429478767929941,-0.0011199496255631493
2022-02-03,-0.03655601298271127,-0.036870388514964825,228944000.50067002,0.001960713746770003,0.02831971317075346,-0.028730711397287043,-0.03452587022294569,-0.5297004090320445,0.005795158825658647,-7.167587718230468e-05,-0.0015770064674565467
2022-02-04,0.006566458096320504,0.007177753508718743,312299850.29678,0.06884302580355615,0.03970283493832236,-0.027496692114965287,-0.03315035763867013,2.055815215701853,0.005653665523704842,0.0004520548441629627,0.00025573369106303607
2022-02-05,-0.05032884625586587,-0.050401136981080064,288370526.20035,-0.006921382044966959,0.012876778097429167,-0.02849292939117899,-0.03291021929424574,-1.2620062274122095,0.004417289903066755,0.0003483451728192526,-0.0019363267595007756
2022-02-06,-0.04861116259635079,-0.04840388389393935,350462235.92099,0.04036466980768488,0.037455981572525256,-0.02903553736880894,-0.0330266325175883,-1.1020853387079645,0.00399109514877936,-0.0019621735271693813,-0.0019030251382878408
2022-02-07,-0.037371342092079374,-0.03756405174471311,780210666.29307,0.03753329177519677,0.05017763221187137,-0.02900661048750351,-0.033281946814448835,-0.4713176615074282,0.004275336326945326,-0.0014026694867727077,-0.0015149879317153327
2022-02-08,-0.0698291628007881,-0.06972237641190537,543350335.18954,-0.042412026946595925,0.04816148205965496,-0.030758138297384403,-0.03388187482621324,-1.9677159059932003,0.0031237365288288403,0.002961596334365259,-0.0028694248512155405
2022-02-09,-0.03608989674725582,-0.036109501445852565,334100501.14568,0.021648202965622733,0.01410602062923348,-0.031732932165033714,-0.03425278171401323,-0.2225647735418553,0.002519849548979519,-0.0007812814097929617,-0.00142368426241884
2022-02-10,-0.060682984414896946,-0.06082229647363091,433077597.25054,-0.039822684436856465,0.03238949867293017,-0.03195944636972836,-0.0350670410149997,-1.4437549641370757,0.0031075946452713415,0.00241655933904112,-0.002295630754635732
2022-02-11,-0.05828315129890049,-0.057525442146897476,319585258.82589,-0.050732583585407685,0.04098615844965741,-0.03310692386862403,-0.03541139395679739,-1.2157629438098156,0.0023044700881733604,0.0029568548448924317,-0.0021472474893343427
2022-02-12,-0.03328976030830355,-0.0331843915460075,242938421.05024,-0.004357305368955844,0.015868189866450985,-0.03416296629209298,-0.03585975104697694,0.04347203139844286,0.0016967847548839607,0.00014505365132262422,-0.0010947038109710909
2022-02-13,-0.017401480298450567,-0.01722880258423065,1017337660.70967,0.025943479062907907,0.05329284702151036,-0.035098468410732234,-0.03573038111030488,0.9455022486280719,0.0006319126995726482,-0.0004514549397864567,-0.0005728805336897489
2022-02-14,-0.010621252157518302,-0.010195615282684756,499337703.98008,0.005229129845693865,0.0227171533231071,-0.03532245683360019,-0.03523520332935786,1.3442555328754449,-8.725350424233086e-05,-5.55399066555193e-05,-0.00032914624221989805
2022-02-15,-0.05445847662107384,-0.05440941529690013,313877308.74022,0.02153631924556882,0.017597028329214063,-0.03719949040583932,-0.03625199055627094,-0.9476422360620519,-0.0009474998495683853,-0.0011728351381387922,-0.0016133291081673476
2022-02-16,-0.0602035116903763,-0.060155823851591905,259753964.99497,-0.009040744652149034,0.026093213740537937,-0.038665538842622776,-0.03694196062040439,-1.1465603222856473,-0.001723578222218386,0.0005442845763553614,-0.001684753162611002
2022-02-17,-0.055084564777638234,-0.05435224246859349,322809142.53682,-0.06622713872388492,0.039530059719809885,-0.03978439248748576,-0.03729927380464082,-0.8035694391965436,-0.0024851186828449418,0.0036480931130734723,-0.0015666257900657378
2022-02-18,-0.03286853716485405,-0.03284464335171122,239828030.87888,-0.016476017402828703,0.021767938059337567,-0.03934933152135341,-0.03712306722362338,0.33946322017653263,-0.0022262642977300337,0.0005415425903336574,-0.0009430378155162193
2022-02-19,-0.03765444693211384,-0.03782052630166377,397193914.48021996,-0.0019870846081315578,0.029326594103535834,-0.03961046293488654,-0.03737572524628994,0.10280973264944979,-0.002234737688596604,7.482257192650996e-05,-0.0011140173656924131
2022-02-20,-0.023810024315892853,-0.023775615640002523,255208576.73191,-0.014969034046986731,0.014470238094590443,-0.03837846971182369,-0.037183192140069,0.7596490142152541,-0.0011952775717546868,0.0003564130646441821,-0.0006967214377375173
2022-02-21,-0.023410548709796974,-0.022931639745803922,437703998.09358,-0.0806308335494226,0.0755865313160915,-0.03866945397007933,-0.036935391050921716,0.807939871211013,-0.0017340629191576126,0.00188761205632029,-0.0007503213633964397
2022-02-22,-0.03397907270817546,-0.03356131710875454,292526431.41139,0.04346139948375395,0.023172624536461454,-0.03804232433483795,-0.03715421199917924,0.21602646108484694,-0.0008881123356587126,-0.001476778053057535,-0.001111448562772991
2022-02-23,-0.026718496280978665,-0.026705523239101914,248423191.23431998,-0.02406948494887847,0.0353342774687392,-0.03812791776465242,-0.03705256651065717,0.6084911792971416,-0.0010753512539952506,0.0006431004440916814,-0.0008638125413543863
2022-02-24,-0.025774157525071728,-0.02609426881646204,685377139.97172,0.07000770193592702,0.0728235281795883,-0.037614496076193396,-0.037302322334347854,0.6250780828955105,-0.00031217374184554225,-0.001804389537664852,-0.0008879032931243447
2022-02-25,-0.027369096414359473,-0.027536971071857708,334535574.2896,0.03147293988227762,0.03569482550276106,-0.03923047486241625,-0.03704004068398257,0.7304122694200024,-0.0021904341784336825,-0.0008613859260813956,-0.0009376243210850556
2022-02-26,-0.02512352427872422,-0.025247079874621048,196128330.20018,-0.008816816760853769,0.013538969764271177,-0.038030221434933315,-0.03687748468959923,0.7913699109888056,-0.0011527367453340875,0.0002215095099523723,-0.0008614865957772169
2022-02-27,-0.03424251057881922,-0.0340954207586891,253924334.90247,-0.015752173521677126,0.04893713536266797,-0.03734599991028895,-0.03650861379364182,0.19224059359738452,-0.0008373861166471319,0.000539393968455425,-0.0011928981006752875
2022-02-28,-0.01229357806038811,-0.011005556607063038,298278360.90664,0.08114876768225184,0.05699293913879015,-0.036151820670684606,-0.03548877596608256,1.399785182328698,-0.0006630447046020449,-0.000997608710006063,-0.0004322581589389449
2022-03-01,-0.05607878897667096,-0.05590562188658488,305833224.16261,0.011931256233641458,0.01583793225520718,-0.03549704096477427,-0.035299316527030764,-1.2934492020992772,-0.00019772443774350446,-0.0006690904005529693,-0.0018854855921236955
2022-03-02,-0.04887537046407098,-0.04874593681558359,267041525.45938,-0.012921716932831645,0.019031510400951388,-0.03610587304652737,-0.035356275239141484,-0.7892887896910353,-0.000749597807385885,0.0006315537021240056,-0.0016547552485139067
2022-03-03,-0.06241844156733811,-0.062287830430396096,190463780.87092,-0.01782551119541132,0.02563035265598204,-0.03618851386331028,-0.035988545746652265,-1.6078005301594036,-0.00019996811665801834,0.0011126406289587128,-0.002093187716985172
2022-03-04,-0.031102329811912632,-0.031116001432116125,238549750.26832,-0.028331874882007755,0.028515406489391874,-0.03489418903059657,-0.03594302880853228,0.24411444695905157,0.0010488397779357048,0.0008811873167700485,-0.0010245393216085123
2022-03-05,-0.09994781043910406,-0.09957104426978469,121996655.87575,0.018584891733521933,0.013137193051441946,-0.03806838189396803,-0.03688800814178528,-2.94274325608067,-0.001180373752182752,-0.0018575192360133221,-0.0032793747508121193
2022-03-06,-0.05109645641194893,-0.05128089526061419,149863140.32143,-0.025713830759738064,0.023114432479355695,-0.03967290456603938,-0.03702453578671176,-0.5530862463593151,-0.0026483687793276145,0.0013138856325991878,-0.001603090208494496
2022-03-07,-0.0551460595320894,-0.054872304912595204,208395324.23314,-0.019358729869549,0.05379640216546801,-0.041793133488638,-0.03659489747785943,-0.6747287531597297,-0.005198236010778574,0.0010675576698517865,-0.0018117558586235422
2022-03-08,-0.04213679640246393,-0.04207167974503023,179629493.85739,-0.01645499384030583,0.02205307597994026,-0.04120638681156134,-0.03645420351754649,-0.04752492608030468,-0.004752183294014847,0.0006933607252527648,-0.0013932936654351689
2022-03-09,-0.03602510464261233,-0.03573714719608845,198674893.15899,0.0032163649846403803,0.02179187904294042,-0.04005503409500115,-0.035594750613282926,0.21088519259021632,-0.004460283481718223,-0.00011586988514050389,-0.001183825845521151
2022-03-10,-0.060299286909006655,-0.06024368259207369,201147987.56234,-0.017066854500090465,0.01991317327430562,-0.04030335419649488,-0.03614213927930355,-1.0335384568824582,-0.004161214917191333,0.0010291191561352263,-0.001925175216340746
2022-03-11,-0.04394138464415254,-0.04390133318276501,154880047.75489,-0.003200556341361297,0.019897893925401564,-0.04083063264789005,-0.03632188930172777,-0.16130344489205026,-0.004508743346162282,0.00014063687727103834,-0.0013990035343887906
2022-03-12,-0.0642896356369298,-0.0640755721843339,95235956.60285,-0.013505529493900187,0.013228561792796077,-0.042098974967167004,-0.03679832059942562,-1.1133843038238664,-0.005300654367741381,0.0008682655702466519,-0.0019975674016035846
2022-03-13,-0.057825349719503594,-0.05749313644119858,160704559.54755,-0.039970109268354925,0.02348657584803426,-0.043718752367338944,-0.03703088676956867,-0.714201493232548,-0.006687865597770272,0.0023112855467693955,-0.0018215404275113466
2022-03-14,-0.025001046316009412,-0.024902055457526218,370319612.90942,0.022484839721770164,0.03878790087786347,-0.04379449034858715,-0.0366674418416057,0.9553062147974694,-0.007127048506981454,-0.0005621445192920241,-0.0007437413526561259
2022-03-15,-0.043655798502455045,-0.04346352188865388,160098787.80616,0.0012445552322045866,0.015531769412701313,-0.04425528681498142,-0.03694970486897071,0.0306734674615443,-0.007305581946010713,-5.433205244229958e-05,-0.0012828063786147186
2022-03-16,-0.024072861578749327,-0.02404925711675887,225024118.33831,0.03718807061688502,0.017811484783294855,-0.04412930421011335,-0.03669993138592442,1.019594037204475,-0.007429372824188929,-0.0008952232763410282,-0.0006872835710057881
2022-03-17,-0.025564768602768018,-0.0254364741225217,146807156.22625,-0.0038605118078587014,0.005489031386147754,-0.044119333309051274,-0.036821513594177235,0.9427735870091545,-0.007297819714874039,9.869309105616133e-05,-0.0006479067336964725
2022-03-18,-0.052716177662218144,-0.052410270601724096,154897570.28545,0.03486042867541456,0.026037280491186785,-0.045326337177996924,-0.03735116805179282,-0.38136976301603487,-0.007975169126204107,-0.001837708551434238,-0.0013117815844859969
2022-03-19,-0.042241315280467706,-0.042127650681539675,234209896.84914002,0.03947011677222213,0.029797474125667994,-0.04614147008284185,-0.03755487363631805,0.2070446371512072,-0.008586596446523799,-0.0016672696467323115,-0.0010838304934897604
2022-03-20,-0.08043041128916129,-0.080494235312636,146291644.16351,-0.026016380344828973,0.022030009730793453,-0.04834089392619147,-0.03824081040176312,-1.6015346559958337,-0.010100083524428344,0.002092508171389846,-0.001960634055651775
2022-03-21,-0.030487568557052036,-0.030448261780944952,175391894.93149,-0.002179563273764692,0.011985556092995708,-0.04920727442603261,-0.03812190186140691,0.9982614947325409,-0.011085372564625696,6.644958473333383e-05,-0.0006778473825908076
2022-03-22,-0.03482742090302493,-0.03454145625530569,235315001.16303,0.005079896216924217,0.01614806921746946,-0.04819530451776376,-0.03815016125997414,0.7059706932299881,-0.010045143257789615,-0.00017691968369050372,-0.0007748521244913118
2022-03-23,-0.024726210934487458,-0.024518492121344715,396524138.53323,0.06401994879152748,0.034701272102857145,-0.04704534454016454,-0.038294716583908546,1.1379612249401192,-0.008750627956255995,-0.0015829707578343937,-0.0005685672045903751
2022-03-24,-0.02549666834060116,-0.02517132705453673,869161676.78203,0.0019033680709678448,0.01977585652518227,-0.045287164862700874,-0.037811708365246506,0.9985080930972114,-0.007475456497454368,-4.852954443555695e-05,-0.0005791753960380955
2022-03-25,-0.07482912908216355,-0.07434218164290962,419611092.63686997,-0.03558666933263639,0.02855987578831949,-0.04736939339937949,-0.038456835432866696,-1.3369432277145636,-0.008912557966512795,0.0026629194730961197,-0.0016999566382648289
2022-03-26,-0.03149115340651076,-0.03159725753008058,284400601.68972,0.03570070435176106,0.023881251554028034,-0.04410955258830362,-0.03878030025812154,0.7473419434533246,-0.005329252330182076,-0.0011242563574617938,-0.0007315227382353484
2022-03-27,-0.03966262949635346,-0.03930207003754094,705136251.70808,0.025121147491420116,0.03418746961168169,-0.04356508463994193,-0.03944548587223785,0.2318463874676935,-0.004119598767704083,-0.0009963707654754453,-0.0009422553880872184
2022-03-28,-0.04154649691276813,-0.04122370200009462,706407651.53438,-0.044225828377785964,0.05763210992006496,-0.04291748641997425,-0.04001102558073748,0.08246770283510801,-0.00290646083923677,0.0018374282421622975,-0.0009945985474576105
2022-03-29,-0.05597163623954826,-0.05580903034619733,419391182.93577,-0.0009690593961091364,0.036969855430632304,-0.04357628831697827,-0.040660721844792976,-0.7349976617098813,-0.0029155664721852922,5.423984001353689e-05,-0.0013796857767597772
2022-03-30,-0.06408269520428811,-0.06369310322827104,369970555.54738003,0.005393114104921912,0.01670367313489758,-0.04491236405801045,-0.04121097899854479,-1.1054909054101403,-0.003701385059465656,-0.000345605287387658,-0.0015640942484193652
2022-03-31,-0.06186827613075441,-0.06161505074801421,444681984.4832,-0.04569717890838267,0.04333704396343217,-0.04498707783047463,-0.04169160817148509,-0.9694122686397427,-0.003295469658989539,0.0028272056831003057,-0.0015790552196594976
2022-04-01,-0.05289949155798079,-0.052043345455394574,349377277.63935,0.04662106554352859,0.029449384107093846,-0.04541365435018073,-0.041864539506474736,-0.4278482691432451,-0.003549114843705993,-0.00246623066314396,-0.0013742066328961114
2022-04-02,-0.08239116146225556,-0.08214646590087293,303128661.19765,-0.029045180405664048,0.02211068132782184,-0.04627563177043434,-0.042661689890829295,-1.9143929681915761,-0.003613941879605044,0.002393066148503408,-0.0021751801204693377
2022-04-03,-0.053400966894983526,-0.05296039602523783,478214068.76812,0.052439129904145516,0.03916987416604199,-0.04606494687402862,-0.04272072298439708,-0.39116661289065796,-0.0033442238896315424,-0.0028003002400130155,-0.0014497012834340474
2022-04-04,-0.05206185047566059,-0.05105289284680137,1166809904.54711,0.026539061397574865,0.1073281393382683,-0.04735355659591677,-0.043272500304861086,-0.25934399943329234,-0.004081056291055686,-0.0013816726462449185,-0.001583268211771779
2022-04-05,-0.029167552355879978,-0.0290041635126308,2933105642.9099197,0.13782648309764436,0.07916088418569062,-0.046663640112746534,-0.04298708375418864,0.9420346951531443,-0.003676556358557896,-0.004020061161777349,-0.0009753994476993874
2022-04-06,-0.05901372137233529,-0.05894485687316586,2064239418.64217,-0.11165177043667854,0.061517696995145206,-0.04832749057910777,-0.04352823751795785,-0.593545909589644,-0.004799253061149922,0.00658898647127809,-0.002096314887085992
2022-04-07,-0.03246843583427372,-0.03215251413315079,699554741.21693,0.02176862388759375,0.041446156614597725,-0.0486562366377509,-0.043463355340998516,0.9183678703394753,-0.005192881296752383,-0.0007067931678947758,-0.0012089538815637985
2022-04-08,-0.05128496031706842,-0.050934825328071254,913055064.78314,-0.05295717076000295,0.053801578101189816,-0.048588083430839014,-0.044381631823750725,-0.15311866938409582,-0.004206451607088289,0.002715906400930967,-0.0019773866736966187
2022-04-09,-0.04121600880497478,-0.04115864784712675,265247091.46834,0.013551478686728357,0.013418302772433959,-0.04853925931295839,-0.044236983610244515,0.4153181599907704,-0.0043022757027138744,-0.000558537864872624,-0.001557012730333783
2022-04-10,-0.01579456572698379,-0.015707224738588432,1401590874.01639,-0.010537363852397095,0.06518535775074134,-0.045461361905235656,-0.0437160852472387,1.7022652533861764,-0.0017452766579969595,0.00016643308595582903,-0.0006291277045065408
2022-04-11,-0.05697158775701339,-0.05617713394460011,912333252.59354,-0.0870983989129933,0.050587564398836014,-0.04672250567666238,-0.044027200257793206,-0.5942391301575898,-0.0026953054188691775,0.004962134077166957,-0.002374011750872158
2022-04-12,-0.029133364057400635,-0.029226247212691514,639347874.29211,0.01512247104302598,0.052059992715373885,-0.046451360112585036,-0.04338123519837435,0.9903438610375279,-0.003070124914210687,-0.000440568454343975,-0.0012638109104679608
2022-04-13,-0.04882152613731405,-0.04886963585583748,478868230.27503,-0.0038521948050582572,0.026105198559819826,-0.047598756074624396,-0.043583324553772104,-0.07293274404013238,-0.004015431520852292,0.00018807002936117712,-0.002097902701836568
2022-04-14,-0.039979757692764184,-0.03941588919300543,1103439580.69397,0.020756652918926963,0.06294925960814977,-0.04828842699615597,-0.043254701907389045,0.516208501019108,-0.005033725088766927,-0.0008298459542115064,-0.0018001577932577383
2022-04-15,-0.036360387910293945,-0.03594044430428012,777012290.58524,0.013255285552867726,0.023991874958491664,-0.04645658217844789,-0.04290672153614132,0.66946334754134,-0.003549860642306571,-0.00048196732456398563,-0.0016292801523068315
2022-04-16,-0.08182776620720289,-0.08155216431646928,335003824.8881,-0.023019624316985666,0.021878947797984195,-0.04885356374038562,-0.043677166074219086,-1.996558600008618,-0.005176397666166531,0.0018836444367879455,-0.003658835225639336
2022-04-17,-0.05807758334503654,-0.05776214389663803,366261712.15853,-0.02583169461352408,0.02664939256901221,-0.04973046630460862,-0.044322818503529975,-0.5061318576922749,-0.0054076478010786425,0.0015002423968604763,-0.0025760255907212202
2022-04-18,-0.05284150335477189,-0.05222623620191014,492947574.30764997,0.0020716512749012128,0.04368183626037752,-0.05026832375422785,-0.0449929812209467,-0.15694299640407627,-0.005275342533281151,-0.0001094691677926099,-0.002308677224903005
2022-04-19,-0.016982995844546767,-0.016570195833467638,368137288.64745003,0.020769841073167993,0.02359487892198779,-0.04841172183065634,-0.04439813231973198,1.7597627086761929,-0.004013589510924363,-0.00035273412463750876,-0.0007311808229492823
2022-04-20,-0.03597744207844966,-0.03586074445574783,608386375.76173,-0.01663650381942232,0.03343097660877206,-0.04707337644371166,-0.04401359153224108,0.6276431177611915,-0.0030597849114705755,0.000598538852551173,-0.0015776194384107714
2022-04-21,-0.07352630141660943,-0.07307362489027325,412344349.36867,-0.03357110060696975,0.02402920150172979,-0.04762852050494285,-0.044306317510637454,-1.4122989749733452,-0.0033222029943053982,0.0024683588621153777,-0.0031565442687396367
2022-04-22,-0.06108782184885242,-0.06096318384313815,272433044.28644,-0.0019794002284049027,0.01737057588959297,-0.04801844099498436,-0.04475424266435171,-0.7048933547246216,-0.003264198330632649,0.00012091724852037649,-0.0025874135900193444
2022-04-23,-0.042559750792571016,-0.042356962063470394,164229724.66501,-0.006405503802440669,0.013245959215097395,-0.04612170715357081,-0.044832104630390716,0.21195948684684984,-0.0012896025231800903,0.0002726166455327409,-0.0017846796116886266
2022-04-24,-0.059785090087723036,-0.059663980219595514,223865446.58552998,-0.018356040860677873,0.015063007470894743,-0.046425713019891734,-0.045403137420419765,-0.7858560603922681,-0.0010225755994719699,0.0010974175565095518,-0.0024383684421769407
2022-04-25,-0.0034045239376235825,-0.003548887533307732,4314755211.83337,0.20666194503970628,0.1987932822126719,-0.0441086974704614,-0.04508558147165511,2.103895924324137,0.000976884001193709,-0.0007035855388835292,-0.0001536837650470443
2022-04-26,-0.029688897325326424,-0.02966257574713338,4394875914.43026,-0.11047172247862563,0.10829761275956155,-0.04413352342138742,-0.045017483449705124,0.7473713642755818,0.0008839600283177054,0.0032797836260198714,-0.0013813800764711083
2022-04-27,-0.02926982524091659,-0.02924570954330097,1524674361.7781,-0.0006432936857414241,0.04847601167516947,-0.042717147415129386,-0.0450579807347835,0.6977635471070119,0.002340833319654116,1.88290937602366e-05,-0.0013437037612503717
2022-04-28,-0.059002177051495686,-0.058936608793444645,787956293.06475,-0.01394984856194339,0.019153272075008415,-0.04398065890166377,-0.045585409616155315,-0.7728860222405913,0.0016047507144915443,0.0008230714346933364,-0.002646006248307531
2022-04-29,-0.05534594232241019,-0.05505319036552592,1052570459.80493,-0.047702186217297715,0.03687501121552999,-0.04417403899715623,-0.04602948653533072,-0.5719826099065775,0.0018554475381744873,0.00264012244703543,-0.002437428755714731
2022-04-30,-0.07543801088976831,-0.07544007186421853,477411454.41462004,-0.06429780527691831,0.042457088773286106,-0.045803658144051164,-0.04682812917995047,-1.433870602025073,0.0010244710358993034,0.004850498534668366,-0.003426596710882641
2022-05-01,-0.03796046299165046,-0.03768463900454966,516588977.34909,0.018807422292298776,0.03796400207614209,-0.04685917706141624,-0.04688714429761446,0.4540991340903544,2.7967236198217504e-05,-0.0007139384578951495,-0.0016750595634107378
2022-05-02,-0.010457286048804804,-0.010295093064737082,353924616.44377,-0.010430640078505436,0.015782667309261634,-0.04464421031340631,-0.046857996805367105,1.6297794188742263,0.002213786491960794,0.00010907618697305914,-0.00044411100415759735
2022-05-03,-0.033567416627670155,-0.03346419563332648,288712688.85418,-0.015186670153555184,0.027088019477030673,-0.044855355673895335,-0.04650067343474804,0.5417956633008433,0.0016453177608527075,0.0005097772842313904,-0.0013856598844709446
2022-05-04,-0.023052593287181455,-0.022789445245788742,418676908.87224,0.04746296053197212,0.03471794412164664,-0.04362826363341283,-0.04609078808273392,0.9641056039131591,0.002462524449321088,-0.0010941443253490988,-0.0009610635170329763
2022-05-05,-0.04912436980779411,-0.0485942397474427,649071383.25546,-0.06639656429005658,0.05987475081251466,-0.04406372135317616,-0.04587977107067767,-0.23695679797507047,0.0018160497175015097,0.003261689378151716,-0.0020408048390779974
2022-05-06,-0.01869993318602492,-0.0183993439806317,444728123.90994,-0.004531611786460727,0.013523768475007532,-0.04322274731868716,-0.04568290763217151,1.114016383713204,0.0024601603134843525,8.474083763181862e-05,-0.0007675416135617041
2022-05-07,-0.04416962493173027,-0.04371413516420397,418387563.01295,-0.0025869179166223477,0.038430439655298375,-0.04142950249604561,-0.044797539608244945,-0.13586923977229196,0.0033680371121993374,0.00011426319410638217,-0.0018477620100384225
2022-05-08,-0.04429771794910087,-0.04395685270095173,337310021.6763,-0.01852940163277955,0.016929653544975838,-0.04077331842957248,-0.04468962312470768,-0.17782242339749937,0.003916304695135202,0.0008208102072944775,-0.0018326176014378571
2022-05-09,-0.049303854151697135,-0.048504777864357584,752017686.8688201,-0.1807139185271398,0.09132767229833239,-0.040604858943711776,-0.044596889705971296,-0.4409715927482971,0.00399203076225952,0.00890989268224378,-0.0021515868472023925
2022-05-10,-0.013193368774010117,-0.013220449422818081,744946662.54929,0.005013472575159005,0.06644821928792709,-0.04042440051178146,-0.04413747021980536,1.3636231311290683,0.003713069708023903,-6.614459252245891e-05,-0.0006026725430700353
2022-05-11,-0.022401414954698273,-0.022258057055052016,1037236827.8025299,-0.24735185174016927,0.15029491380059973,-0.039777923029698056,-0.043921221177140056,0.854422259975957,0.004143298147442,0.005541031470644538,-0.001147958454447482
2022-05-12,-0.009313035960314853,-0.008187168670573897,987153099.57252,0.04811242778293446,0.05453499694317805,-0.03672014848416022,-0.0431119156065259,1.3820844658512472,0.00639176712236568,-0.00044807277008052,-0.0004907743196792896
2022-05-13,-0.00286961798489227,-0.002992918695201574,662948140.18206,-0.056836611745457975,0.05937807553080569,-0.03394785306206688,-0.04245998280241065,1.5296793462664016,0.008512129740343773,0.00016309936326510543,-0.0001569621416270706
2022-05-14,-0.012062017756307775,-0.011518332897194727,332306163.24974,-0.00424155117431757,0.05389149125525236,-0.03249558006034006,-0.04163097299478174,0.9844781919033574,0.009135392934441676,5.116166557890662e-05,-0.0006831133640333082
2022-05-15,-0.03447489373103718,-0.03410193889404478,222917589.32122,0.06387980675234782,0.04088846424953267,-0.03129033261478359,-0.04126033083623465,-0.16079642697603588,0.00996999822145106,-0.0022022495493463825,-0.0019948279295794566
2022-05-16,-0.01908039124200711,-0.019008021210250248,233705754.6971,-0.024714805468677953,0.03501317947520425,-0.0320368024864209,-0.041166352184266355,0.6826512619323757,0.009129549697845456,0.0004715681578124723,-0.000955243664429004
2022-05-17,-0.019106451656835333,-0.019153645771678995,217886524.15462,0.0037798822102574135,0.011226214575298776,-0.03153287650220704,-0.04077668001211367,0.6477364387727363,0.009243803509906626,-7.222013671881515e-05,-0.0008682297867585213
2022-05-18,-0.02942677958548634,-0.029150159037760415,176549973.43148,-0.06166177235619135,0.05072119580936667,-0.031540350518615125,-0.04086166283761743,0.11017656420446025,0.009321312319002302,0.0018145073839760776,-0.0013403492302552294
2022-05-19,-0.009513079262454482,-0.0096923372197667,214708086.40004,0.025738435317642076,0.025552007649301593,-0.029183726814375067,-0.04060687411792991,1.0533571791842216,0.011423147303554843,-0.0002448517752682869,-0.00043620629312688026
2022-05-20,-0.007432263191306077,-0.007465688438455742,154329595.19917,-0.03134979361955088,0.04556487800517156,-0.02690212304622725,-0.03988808182474083,1.0674313892525344,0.012985958778513579,0.00023299991717363008,-0.0003438694565198556
2022-05-21,-0.036432787234613184,-0.03628913115972998,97515884.22836,0.000830318534151822,0.01533106409275213,-0.025044731443600816,-0.03979588296687012,-0.7751691309052431,0.014751151523269307,-3.025081849170923e-05,-0.001638579557969986
2022-05-22,-0.026629010178556012,-0.026510260191324853,111998441.41898,0.015974030057581183,0.015013723709513335,-0.02450513845250108,-0.03894189247305099,-0.14751022917624518,0.014436754020549912,-0.000425372608995889,-0.001168548604419763
2022-05-23,-0.02379726463530063,-0.02357271354180901,204737539.98453,-0.026889390266955585,0.04950789547647715,-0.025140375528048504,-0.03883569717270573,0.09568286755483592,0.013695321644657223,0.0006398939360646191,-0.0010825019496985288
2022-05-24,-0.023346654820083246,-0.023044367558664014,155865457.08431,-0.006318194708396082,0.014992448378742678,-0.024653672584830078,-0.03865346279043681,0.09398340784160454,0.013999790205606735,0.00014750871094299986,-0.0010485571873078007
2022-05-25,-0.03651602319790981,-0.03645987475190349,131890788.79868999,-0.012108281959914454,0.016459015613305147,-0.025294788294864763,-0.038840602667634,-0.7937035324808481,0.013545814372769235,0.00044214630493506904,-0.0016082770679165114
2022-05-26,-0.012927653838303299,-0.01297772466160696,255462779.92767,-0.0649562790689967,0.05273022100490516,-0.02357113515346044,-0.03864109450093085,0.802252553623846,0.015069959347470414,0.0008397322904282155,-0.0005649751249908273
2022-05-27,-0.017928219908414644,-0.017472641234681507,845793826.69442,0.04043863243007032,0.08137962542820404,-0.02353438690214566,-0.037737905466426906,0.42208046571470575,0.014203518564281245,-0.0007249926950018488,-0.0008414442647970134
2022-05-28,-0.029955364103872006,-0.029687643846043055,233694387.43165,-0.0026862043014369424,0.014505379184212616,-0.022857517338914318,-0.03771352785844852,-0.5669988222228518,0.0148560105195342,8.046622790693077e-05,-0.0013717992452132114
2022-05-29,-0.028939552022819948,-0.028865581348381242,149856626.05311,0.025606299501382997,0.019314461363508832,-0.02212617610432951,-0.037543320279503536,-0.5863780680187519,0.015417144175174025,-0.0007410348365321817,-0.0013285667980268711
2022-05-30,-0.0030858417121477633,-0.0027452240738238265,308846014.97357,0.04096413082921466,0.03711414043295125,-0.019925318369112873,-0.0369328336890175,1.5974656864954808,0.017007515319904628,-0.00012640882361466873,-0.00013369947201558318
2022-05-31,-0.03552837101840789,-0.03526269666215687,274140910.59275997,-0.019373299644082076,0.017420891932619635,-0.02098888990456039,-0.03660833741566607,-1.3281552404240426,0.01561944751110568,0.0006883017776057375,-0.001456382848769145
2022-06-01,-0.04259565610118343,-0.04209032622919473,278572258.97045,-0.05371628250548785,0.04572060679613623,-0.021950520435345393,-0.036267273302918374,-1.7318219578225176,0.01431675286757298,0.0022880802966377765,-0.0015339709475902684
2022-06-02,-0.040215704062928626,-0.04014762238236613,143607776.50241,0.02583869946460924,0.01540143318770463,-0.023422076059279383,-0.03592358168279416,-1.3779476770050572,0.012501505623514774,-0.0010391214910396775,-0.0013733211241423215
2022-06-03,-0.0552797282723545,-0.05513987401667908,129530980.28278999,-0.030069148865044543,0.022121557504169158,-0.025917795596777586,-0.03596136321794294,-2.2413134039296208,0.010043567621165352,0.001662214378640639,-0.0017896677649060528
2022-06-04,-0.029734480594954982,-0.02962886733068648,97372487.28614,0.02499202202278303,0.02840544546778646,-0.026759341446236977,-0.035125542886715946,-0.23374603855945103,0.00836620144047897,-0.0007431247938651296,-0.0009265601842742346
2022-06-05,-0.03721535145285371,-0.0370586836566108,72981218.1782,0.0004939491332833098,0.011733153359520541,-0.026889839432990142,-0.03486862835588849,-0.8051190924559618,0.007978788922898349,-1.838249059497085e-05,-0.0011080047522216024
2022-06-06,-0.01328767380112239,-0.012915634491756589,171474195.19138,-0.007250787053696094,0.017796717491588374,-0.026613995745328967,-0.034253165234070425,1.0202898074836118,0.007639169488741458,9.6346093170915e-05,-0.0003847174351993602
2022-06-07,-0.03688798351347922,-0.036390250642237665,191445647.9262,0.013160558438082002,0.024338270551172735,-0.027460735357550104,-0.034375711760381525,-0.7181852964093133,0.006914976402831421,-0.0004854664626921487,-0.0010910484170113318
2022-06-08,-0.0710732818042964,-0.07090091285246103,111111307.60789001,-0.003402006683135704,0.012558330278178808,-0.029443902129874393,-0.034567133354539634,-2.5665655300424843,0.00512323122466524,0.00024179177969060357,-0.001972998590663638
2022-06-09,-0.027637850077474213,-0.02752662719672383,84434702.76615,-0.006785650565793187,0.015749433163503457,-0.03030698645439914,-0.034490457390145994,0.17136504717301423,0.004183470935746853,0.00018754079301552018,-0.0007543273338935151
2022-06-10,-0.07239810263311053,-0.07224218213873224,136935363.85934,-0.052116001139014094,0.03595499546864471,-0.03340059785638983,-0.03482558663325777,-2.2706187685755093,0.00142498877686794,0.0037730995992896477,-0.0019428506941364166
2022-06-11,-0.04828388477708301,-0.04842637712140618,154877927.7045,-0.08107720949913697,0.07594102288665208,-0.03396493583460268,-0.03493777514075155,-0.819556100110284,0.0009728393061488663,0.003914722641503749,-0.0014350861937869924
2022-06-12,-0.029360206671892652,-0.029184728181798403,229615727.36077,-0.039105515908186714,0.051900212508977875,-0.03409499281047585,-0.035153102774797725,0.27173381058000534,0.0010581099643218739,0.0011481460290753479,-0.0009242107323360383
2022-06-13,-0.004278678096700683,-0.003196295367820512,540258813.04502,-0.09941489760946633,0.07974808685755139,-0.03316553630863776,-0.034316707383364196,1.5623661940576348,0.0011511710747264398,0.00042536434488736467,-0.00014084704326692077
2022-06-14,0.02135351485597492,0.021809505488493253,324206261.0943,0.0028854844186399532,0.06738887096736287,-0.031036956800254038,-0.03351532835299315,2.3890782120649465,0.002478371552739115,6.16152344001124e-05,0.0007562010423856243
2022-06-15,0.005820586714200937,0.006754864517796166,364839708.40825,0.1594434565219867,0.11588590990989295,-0.029020927756820192,-0.03264799322836593,1.4951329417186163,0.0036270654715457387,0.0009280544646981505,0.00023368512764395795
2022-06-16,-0.0025014769619277066,-0.0030063161377262837,310829161.24276,-0.08655829375048912,0.0602961750235728,-0.02852444314365945,-0.03205309988343202,1.0947955499263933,0.0035286567397725677,0.00021652357768061953,-0.00010133062921827298
2022-06-17,0.014081243304042479,0.01431355336149065,130545127.56121,0.01845332704086814,0.031154997562569103,-0.027000182990685302,-0.03125243907050604,1.6141951705284363,0.004252256079820736,0.0002598457878315305,0.0005367301188934664
2022-06-18,0.004612815747677246,0.005405483123313015,264962995.62992,-0.06445576757173174,0.10307625432588477,-0.025354079188230575,-0.0298803663410635,1.137204350189216,0.004526287152832924,-0.00029732257968350853,0.00019528047222748234
2022-06-19,0.012828541170555319,0.013441099762771413,695671596.32866,0.1512039528282307,0.08684151505658437,-0.02336512236949842,-0.02875487230113347,1.310733369458737,0.00538974993163505,0.001939726134007662,0.0005843388412184191
2022-06-20,-0.01098299935133007,-0.010888006430669783,258178141.60467002,0.027885203489535715,0.05226397659600188,-0.023741177495173765,-0.028090451602666138,0.46603407917752576,0.004349274107492373,-0.00030626317183727773,-0.000508197949141829
2022-06-21,-0.01365969629784769,-0.014028214573041486,525201902.8479,0.0853402789934499,0.07979490828304651,-0.022699812032289948,-0.028037700816210594,0.3308834664552467,0.005337888783920646,-0.0011657222930241166,-0.0006726241780330317
2022-06-22,-0.02873615321751799,-0.028325163374319118,304389943.66532,-0.018484814674103095,0.038057744289172905,-0.022039835704496354,-0.027922759723179934,-0.24817908150642295,0.00588292401868358,0.0005311824666724514,-0.0014045260284024973
2022-06-23,-0.02889868053657496,-0.028796151512861745,187396869.66155,0.019105341523043603,0.028940701357526,-0.021500929822289037,-0.027214384788576216,-0.2769418288955108,0.0057134549662871785,-0.0005521191612165976,-0.001431101575560121
2022-06-24,-0.006340319632514246,-0.006170152948782093,217876683.20529,0.024666454487056743,0.028871188125917165,-0.019170481791820453,-0.026345376816888307,0.4985508089588675,0.007174895025067855,-0.00015639320564880498,-0.0003160190145291287
2022-06-25,-0.024139191612324917,-0.023971968508800234,178041672.04805,0.011749290689297493,0.05310900492322343,-0.01890403945931426,-0.02605298698863043,-0.20410830148114134,0.00714894752931617,-0.0002836183792578573,-0.0012315602549329808
2022-06-26,0.017149271265188393,0.017247633368184356,598378648.61551,0.07132691524581168,0.05850482536748985,-0.016315247901312255,-0.02483180664969533,1.2656939574461226,0.008516558748383075,0.0012232046180595262,0.0009131359293506032
2022-06-27,0.011587225211665997,0.011965143321234883,896739014.43186,-0.03915671520119396,0.0691804524325215,-0.015130728900703286,-0.024593842377484385,0.9848023842768079,0.0094631134767811,-0.00045371767758529985,0.0006453294723484064
2022-06-28,-0.020479223768400168,-0.01985554008214907,404347037.76947,-0.06108769197983803,0.05529956594905163,-0.014349359389032854,-0.024447657082929997,-0.22953756112418366,0.010098297693897144,0.0012510285135502073,-0.001170746679465036
2022-06-29,-0.0069926468281731324,-0.006563446654956562,391636470.90951,0.04260964819160311,0.05145673175893383,-0.011297900580646033,-0.024094051076378516,0.1843794641592269,0.012796150495732484,-0.00029795422127658653,-0.0004127048746035047
2022-06-30,-0.010364409107628925,-0.0102886706347588,374943515.99976,-0.032177140275488486,0.07598234937909161,-0.010475355772558162,-0.023322023013777456,0.00481374940653726,0.012846667241219294,0.00033349704572872634,-0.000641433285753542
2022-07-01,0.0037863770084152204,0.004106731058011848,269770930.81822,0.006798122713820984,0.02944497916923913,-0.006847523408675983,-0.022383414770431022,0.5802705720988012,0.015535891361755039,2.574025554399706e-05,0.0002331577889628596
2022-07-02,-0.006038189359739432,-0.00581868636544991,194447917.19626,0.0021039983715978277,0.010518655968198735,-0.004835823626897717,-0.021281830301700402,-0.0766961478665647,0.016446006674802685,-1.2704340580291095e-05,-0.00035300896976585543
2022-07-03,-0.004395158614419747,-0.004341204581132407,140789129.98165,0.013642367343008518,0.02548224291682523,-0.003647011814637103,-0.020749047692538013,-0.051115765001156256,0.01710203587790091,-5.996036834870253e-05,-0.00025142382128813474
2022-07-04,0.0037918686250477673,0.004298780621414533,209904784.97204,0.04136287617050981,0.03578944727680543,-0.0032627000659824147,-0.02052287063422289,0.4791009868721458,0.017260170568240477,0.00015684259239269208,0.00020897538655725192
2022-07-05,-0.03456860520587346,-0.034167289289274816,215628013.08012,-0.034849793156087945,0.048945358384260104,-0.005925658164165671,-0.020538762516416596,-1.896622278471524,0.014613104352250925,0.001204708741119155,-0.0018747657243802485
2022-07-06,0.005746350923877985,0.0059259268817490884,196900327.38230002,0.02008930190199086,0.021896602661978348,-0.005929193201800097,-0.02008163641782835,0.7732555842196557,0.014152443216028255,0.00011544017854456895,0.0002859241044758211
2022-07-07,-0.004273357731372496,-0.004176034465819267,175921454.0668,0.026587755701403128,0.02539131070528901,-0.006013568476535563,-0.019369715591218483,0.11536771760964619,0.01335614711468292,-0.0001136189913864342,-0.00020552872987906866
2022-07-08,-0.029263850248381518,-0.028758042413366325,223193475.41009,-0.04338029563022542,0.0355177233619663,-0.008077620550460515,-0.019537396814430494,-1.3973021393390386,0.01145977626396998,0.0012694744750534359,-0.0014135352956956397
2022-07-09,-0.016719739661570587,-0.01657324586377007,99072277.33219,0.0017298548352888913,0.01714281606026807,-0.00909345652232946,-0.019101684349824784,-0.5089938656280818,0.010008227827495324,-2.8922722498339333e-05,-0.0007391972859922077
2022-07-10,-0.07013668794172268,-0.07024016121764343,110040226.36921999,-0.011976191046715882,0.020363481727628936,-0.013044181718152222,-0.01951182673066005,-2.9665414191826587,0.006467645012507827,0.0008399703741739648,-0.0028787906378974497
2022-07-11,-0.08373162887372598,-0.08373331554924368,142715145.58697,-0.06797668814058519,0.040795292316608396,-0.016508402171599646,-0.020058299345295426,-2.727583612820221,0.0035498971736957798,0.00569179882345249,-0.00339107268585263
2022-07-12,-0.014986435003236709,-0.014769905457748034,134860976.57552,-0.03842206308699958,0.027327279166016374,-0.0165715802051896,-0.020086760714013312,0.06433287253538826,0.003515180508823712,0.0005758097511435796,-0.000569497199582364
2022-07-13,0.025082511693754306,0.02495039582473746,202843669.52536002,0.025367533252194898,0.05464981218239142,-0.014008786637986156,-0.0193330475926093,1.4995517977071422,0.005324260954623145,0.0006362814494398798,0.0009729743031369593
2022-07-14,-0.012440375009849847,-0.012574615630369879,151801812.63273,0.016150221829957154,0.031960642681620695,-0.0132250578033802,-0.01938268789498287,0.03036103021195406,0.006157630091602672,-0.00020091481605693045,-0.00048436289832881504
2022-07-15,-0.01435445287030701,-0.014196730108328892,157506649.74029,0.006541706615472757,0.02044913152840325,-0.013606683195656045,-0.01956498686141803,-0.028986189461225647,0.005958303665761985,-9.390261930317928e-05,-0.0005531301846136417
2022-07-16,-0.024817059529635643,-0.024498085980385054,111049147.1333,0.02868597009448723,0.02554378095466416,-0.013638962620289888,-0.01976744784194704,-0.43306310296949124,0.006128485221657152,-0.0007119014275002374,-0.00092371752406794
2022-07-17,-0.029575730051700777,-0.029493677425655118,111861829.91817,-0.020570718285861257,0.017308630010592834,-0.015863962682998896,-0.019689683339100435,-0.5478796537303492,0.003825720656101539,0.0006083940109922175,-0.0010428209280971316
2022-07-18,-0.014697930303857132,-0.014485582908370431,258642699.0325,0.04203824300710348,0.05303265670412875,-0.017115636755166665,-0.019620120467066307,0.0997814548490296,0.0025044837118996417,-0.0006178751658150164,-0.0005069375589479723
2022-07-19,-0.008475358582841985,-0.008031815912298512,253019499.86282,0.04233906487144632,0.028650081757901697,-0.016544024127282942,-0.0194513729579553,0.33220486559289525,0.002907348830672358,-0.00035883875684771617,-0.0002815631188816955
2022-07-20,-0.022085436259861257,-0.021740868514636857,682532312.58171,0.0067253598272190565,0.09113169335684522,-0.017262728385934758,-0.019334843698818393,-0.19916487787343107,0.002072115312883635,-0.000148532505788678,-0.0007754343573386206
2022-07-21,-0.02741970667349858,-0.027070434609986815,281193844.216,0.02489635028415774,0.022405811772261176,-0.01807488541288093,-0.019619075879946078,-0.3852312733834724,0.0015441904670651478,-0.0006826506220322783,-0.000892769237502965
2022-07-22,-0.053136272494107684,-0.052704135584512035,199946538.21012,-0.030686218368110103,0.047391868085637744,-0.020785487770143926,-0.020344536345069913,-1.3010340276121228,-0.00044095142507401264,0.001630551261021591,-0.0017754962177517078
2022-07-23,-0.05179241286398262,-0.0511272407699902,153281234.94550002,-0.0017636688874968637,0.045452524964532295,-0.02296426031796503,-0.020588339926488477,-1.1302958508379402,-0.0023759203914765527,9.134466717659847e-05,-0.0018167500604765825
2022-07-24,-0.05496963963622148,-0.05486709078700769,121876472.77835,-0.0022190999564324814,0.018014329985136177,-0.025372568938050826,-0.021038191187721263,-1.1363420688121666,-0.004334377750329563,0.00012198312492184828,-0.001908651313773813
2022-07-25,-0.07615160391809739,-0.07574179336892295,171802765.35265,-0.04240470774975412,0.03646790552159611,-0.029179400963914883,-0.021869212446178354,-1.7156736680896447,-0.0073101885177365294,0.0032291865088219505,-0.002646590008916961
2022-07-26,-0.048710526289331035,-0.048485867531338434,134557325.86765,0.012890929396928222,0.03728873740620712,-0.029852825777412863,-0.022271813580610856,-0.6810384686751402,-0.007581012196802007,-0.0006279239552829824,-0.0016658585091195908
2022-07-27,-0.0045423746479063,-0.003007602914773866,172222817.15635002,0.0830126685381582,0.05260456737401893,-0.03034276509035497,-0.02176429534965842,0.9515780903547979,-0.008578469740696551,-0.0003770746410227787,-0.0001619875858412639
2022-07-28,-0.00616688772082874,-0.005796794690737572,216324061.20984,0.03609968414890619,0.035043786348175454,-0.030432933185090983,-0.021656981601761997,0.8979030247851408,-0.008775951583328986,-0.0002226226989036855,-0.00022275460749837536
2022-07-29,-0.052701521891125425,-0.05211533492881115,252817038.70343998,-0.04003098407955017,0.02816502182871291,-0.03154901278712641,-0.022208938776090738,-0.7704403878716304,-0.00934007401103567,0.0021096937837917066,-0.001885183257881728
2022-07-30,-0.03946540490107264,-0.03884271498996783,290521962.00921,0.012429701868644335,0.04286277479568976,-0.03263213970329317,-0.022359891804617737,-0.2504038779516055,-0.010272247898675434,-0.0004905432170456679,-0.0014600504877031232
2022-07-31,-0.03915241866837338,-0.038826443806811994,171592202.98515,-0.033808478522565244,0.0384144044755411,-0.031156698309324157,-0.0225220007989916,-0.30793829055050653,-0.008634697510332558,0.0013236837056561839,-0.001482125497705552
2022-08-01,-0.03353425404780497,-0.03309349840501907,191894426.31296,-0.02311573597706096,0.028201291867102834,-0.028766347127137444,-0.02300530893130362,-0.2070508278249469,-0.005761038195833824,0.0007751689627567474,-0.001249337370245982
2022-08-02,-0.05886631469696879,-0.05882384109318639,151505487.9997,0.008310087861819937,0.01675966361479327,-0.03085586520779135,-0.023375752481756967,-1.1820783416638103,-0.0074801127260343825,-0.000489184247233353,-0.002163474748422714
2022-08-03,-0.07240882113686642,-0.07161782599373956,117515042.86357,-0.004975509698927616,0.028234303444352942,-0.0354983096282971,-0.023848977323593205,-1.7048332202190568,-0.011649332304703896,0.00036027079185439384,-0.002570111827839494
2022-08-04,-0.012319959168959005,-0.012218796377834185,118636799.84877,0.0034269570899791626,0.022086197179229543,-0.03549257554063563,-0.023406187722101623,1.0699857699903914,-0.012086387818534008,-4.2219971422317854e-05,-0.00043149727886922196
2022-08-05,-0.018587079948795493,-0.01841771026287231,173255719.41169,0.02099244659836833,0.03197912258285022,-0.03569412921103984,-0.022823764732838783,0.796815973908801,-0.01287036447820106,-0.0003901882832446921,-0.0006612036419445528
2022-08-06,-0.03827527643986539,-0.037778775763968264,137391861.96077,-0.019908332068562944,0.012635729183749033,-0.03633499668295555,-0.022959332920853233,-0.09097016971098336,-0.013375663762102315,0.0007619969133808839,-0.0013380509943842107
2022-08-07,-0.05283208097845371,-0.05226433093081451,91282235.99505,0.008746411442868552,0.011611941184306987,-0.03744244196518188,-0.023207217516497677,-0.7137150196954882,-0.014235224448684202,-0.0004620911176205055,-0.001832605043712976
2022-08-08,-0.023228665754877365,-0.022868125745726386,196453867.40536,0.003430535096789385,0.01849038807336782,-0.037848667462849504,-0.023365011039573152,0.6899500372855005,-0.014483656423276352,-7.968675312369649e-05,-0.0007675327953114674
2022-08-09,-0.06368028329167974,-0.06291216224382867,372587204.46092,-0.024908244489881135,0.06233249772367546,-0.04047747340136559,-0.023790285639227127,-1.116369522216084,-0.016687187762138466,0.0015861640654140515,-0.002206293054548182
2022-08-10,-0.030869138407864205,-0.030228778639403542,220536634.03688,0.04947802348019756,0.04312871335906357,-0.04089574493222287,-0.02315212463293455,0.48953947393428615,-0.01774362029928832,-0.0015273439549577735,-0.0009989423421352484
2022-08-11,-0.048258806442543434,-0.04788244096463812,289610910.89803,-0.014439165841276245,0.01316647157288414,-0.04188808301646311,-0.023479441400634068,-0.31382603338074394,-0.01840864161582904,0.0006968169095259351,-0.0015404492309473417
2022-08-12,-0.043271336691593776,-0.04284227685647468,161495646.25612,0.013366949233973694,0.0236731952379447,-0.041418324168724346,-0.02301711178251475,-0.09200483547909571,-0.018401212386209596,-0.0005784057608427172,-0.0013323730189662663
2022-08-13,-0.03275338080154788,-0.03250295894746069,249413821.42389,-0.0017816766174059283,0.009772886237166269,-0.04051170359432269,-0.022770595846395146,0.38640012623914866,-0.017741107747927545,5.83559327151101e-05,-0.000952864362903692
2022-08-14,-0.00048191412280573775,-0.00022069313222949916,1167019496.29367,0.09772642500825775,0.05995500172734801,-0.03791704999844575,-0.022312210250377894,1.734626329171127,-0.015604839748067856,-4.709574438279525e-05,-1.498235669127103e-05
2022-08-15,-0.041434891068806934,-0.041398731364275854,606052730.62113,-0.04754607343917545,0.06013376745051288,-0.03626387319609859,-0.022901991408665296,-0.26171091805857244,-0.013361881787433295,0.001970066373701729,-0.0013348752559159366
2022-08-16,0.016609352156975232,0.017024323982763212,2000164700.30156,0.08869007471471876,0.06116964389436821,-0.033153402793893526,-0.022977295578490688,2.198637992852294,-0.010176107215402838,0.0014730846837652087,0.0005539783418363677
2022-08-17,-0.016982572237129512,-0.016599514577958052,1017336596.8782101,-0.05778173867469128,0.039135776459439574,-0.03374579315528511,-0.02333925048248006,0.7619254998732439,-0.010406542672805046,0.0009812825510298847,-0.0005555343706403728
2022-08-18,-0.04211730888407439,-0.041151039421322366,537313165.70884,-0.07887824528135227,0.05851054511006791,-0.03545771797258252,-0.023968073211403023,-0.3151829514838866,-0.011489644761179498,0.003322139420748497,-0.0014248071739876005
2022-08-19,-0.03517411153142491,-0.034825781914452514,711948052.2024,-0.08626034428440685,0.05904037978686344,-0.034623079384025354,-0.024749904240537426,-0.026546846532821723,-0.009873175143487928,0.0030341309705988377,-0.0012416372513422771
2022-08-20,-0.0038372920544027522,-0.0037770424057725904,366582979.1913,-0.0027383457336142957,0.024425124550116622,-0.03292650258180298,-0.024884032935808535,1.3360476801041816,-0.008042469645994442,1.0507832325805813e-05,-0.00013208636162633067
2022-08-21,-0.02126318881186684,-0.020974678613422615,289478474.03938,0.011471845841304321,0.01709510696452566,-0.032074634493397904,-0.025425171506958093,0.49442799527545,-0.00664946298643981,-0.00024392802414428317,-0.0007103299798783143
2022-08-22,-0.006177708539705895,-0.006391792744285252,374808399.93474,0.001463486284915376,0.045313677800090414,-0.030771941850155093,-0.025348897049630725,1.0892740071776037,-0.005423044800524367,-9.040991720064173e-06,-0.00021141005069235584
2022-08-23,-0.014084978542967086,-0.014101307397437535,214851212.94998,0.004515337946208772,0.015462527511303321,-0.028639497271393106,-0.02535564756145802,0.664683784445524,-0.003283849709935085,-6.359843808659563e-05,-0.0004811381700450538
2022-08-24,-0.027086312229442244,-0.026720771713401703,206857604.49193,0.010368927146744195,0.024056736042532126,-0.026481282561515766,-0.02532945960926634,-0.031081703801526247,-0.0011518229522494254,-0.00028085599818105294,-0.0009198710648268036
2022-08-25,-0.039917892997091364,-0.03965386765778578,303843989.93989,0.009475980229539892,0.04838934805867223,-0.027795469886664925,-0.02550436774356025,-0.6250804661365432,-0.0022911021431046737,-0.0003782611648453267,-0.0014056393738320508
2022-08-26,-0.040181062839385495,-0.039476445469181165,380709354.10264003,-0.08326184128815045,0.04149869109303658,-0.02882375478621683,-0.026041522397637573,-0.5838300250012881,-0.002782232388579258,0.003345549276922115,-0.0014331210329713157
2022-08-27,-0.005735922076723465,-0.005560454452932073,189720711.06773,-0.004401830720156836,0.01346320667134756,-0.027274261721305308,-0.025749407008183584,1.0794997501046326,-0.001524854713121724,2.5248558005747145e-05,-0.00020480673165637498
2022-08-28,-0.03015798123421598,-0.029863359227769615,161205656.558,-0.0238544889892473,0.034776308810608225,-0.026194542685865418,-0.0265003157780154,-0.20756397454710326,0.00030577309214998086,0.0007194032312895318,-0.0011100865589218135
2022-08-29,-0.012075993449226274,-0.011878772211256439,183794840.2404,0.031364506780266845,0.029993877701818872,-0.025663463052262987,-0.026875922423426384,0.7027317492291302,0.0012124593711633977,-0.0003787575784167155,-0.0004511208652803498
2022-08-30,-0.022873508665175013,-0.02234340835912685,190332258.08599,-0.0323228138495052,0.03670583958173458,-0.023720283308143714,-0.026913926945597414,0.04905142750688826,0.0031936436374537004,0.0007393361626694961,-0.0008265689005507608
2022-08-31,0.003607518340379645,0.003901634900754125,184789956.97436,-0.03068760365517143,0.01939075926900455,-0.02207853774870353,-0.026745670355620386,1.4140434852738533,0.004667132606916858,-0.00011070609300833237,0.00012628528031390792
2022-09-01,-0.019574225946316748,-0.01939096600297574,189145638.06037998,0.02862915111430693,0.023352218227869717,-0.020712605344121306,-0.026891857924488446,0.06638595663113274,0.006179252580367139,-0.0005603934725626898,-0.0006947122255939445
2022-09-02,-0.02423272918374486,-0.024000808903351878,153575153.9568,-0.01418463499195656,0.03057364557908757,-0.019806004986604692,-0.027336605641824323,-0.27022276813131013,0.00753060065521963,0.00034373241833035427,-0.0008680106687409208
2022-09-03,0.02504453751761715,0.025477067148533594,165628013.29206,0.021936363484206623,0.020897534752955246,-0.017053723161882545,-0.026843229024723424,2.241918874944461,0.009789505862840879,0.0005493860782802996,0.0009103566753418223
2022-09-04,0.0017772041004326944,0.0020384616350395124,157756282.42998,0.010497949123116824,0.02208525018179102,-0.016946146103633097,-0.02674525501337656,0.9915117384210297,0.009799108909743462,1.8656998227737028e-05,6.139562844873143e-05
2022-09-05,-0.020468374724060934,-0.020269911897169757,141549477.28661,-0.006674107087693266,0.026241684361176288,-0.015947740563407097,-0.027130338241140188,-0.2503054618417306,0.01118259767773309,0.00013660812481941677,-0.000674070249905137
2022-09-06,-0.02354415109648711,-0.021993290178317082,282468228.49474,-0.0732094013065256,0.06030872090346278,-0.017859812146905303,-0.026955346906070564,-0.3445188058923558,0.00909553475916526,0.0017236532060441996,-0.0007743973551158036
2022-09-07,-0.014044174156769729,-0.01392424390838054,172605982.37104,0.042745131262116834,0.020309928604316314,-0.017719888428792935,-0.027269482224811004,0.2225060338319464,0.00954959379601807,-0.0006003200677991511,-0.0004493407516746513
2022-09-08,0.011740515110472582,0.011830979922449636,137158691.74715,0.0004924087091696652,0.00986996787836874,-0.015155230143338316,-0.02701529376700394,1.608404377227529,0.011860063623665623,5.781131890534754e-06,0.0003484420150437848
2022-09-09,0.010988935074681017,0.011019698462406247,244947444.66543,0.02586829952283235,0.020383814940834986,-0.012956989828761842,-0.026376360666637868,1.4093407504051911,0.013419370837876025,0.0002842650639488066,0.0003059078655103291
2022-09-10,0.004072545455921617,0.004347760870205608,171564594.63115,0.014644287255439137,0.013153030163635523,-0.012580330899698778,-0.026046324394931642,0.9632500025104992,0.013465993495232864,5.96395255173495e-05,0.0001111847332005487
2022-09-11,-0.035653626657964455,-0.035490911758869426,133702338.30705,-0.009225301921382642,0.009886750149422606,-0.013265589844751045,-0.02549897421582437,-1.2491140534736433,0.012233384371073325,0.00032891547051197887,-0.0009611428584233944
2022-09-12,-0.014315865101819036,-0.014247373912931516,192417922.20121,0.016245132902607467,0.029817256660912422,-0.013653121109613576,-0.024397136695635372,-0.03712841338433846,0.010744015586021796,-0.00023256313119485042,-0.0003753600040698636
2022-09-13,-0.046664515801486894,-0.04665171352015607,234747088.92565,-0.06417142356415892,0.058659752955821605,-0.015204527645733566,-0.024899963374972675,-1.6342568251532785,0.009695435729239109,0.0029945284089136024,-0.0013195265637893367
2022-09-14,-0.01991798382515353,-0.019971286393888232,163853914.13752,0.010028855120479107,0.01287576522336923,-0.014863178674100771,-0.025614256954637878,-0.2647601948868049,0.010751078280537106,-0.000199754574074511,-0.0005526134131683258
2022-09-15,-0.07768284464935771,-0.07731608518137678,160259082.42357,-0.027786581823300287,0.035607778684146545,-0.016661509705161073,-0.026649851710820543,-2.6580356188549024,0.00998834200565947,0.0021585407191161026,-0.0021079860707108908
2022-09-16,-0.010074332306436506,-0.009899162811231377,111374484.7624,0.015853481803978334,0.01668393653441763,-0.01522785587025874,-0.026581913289171807,0.23061311094663423,0.011354057418913066,-0.00015971324390732223,-0.00026147067322539885
2022-09-17,0.02152104428220225,0.021858553059541208,99014803.60729,0.027072755837897294,0.02840570152639104,-0.013929905091262277,-0.025846387831841046,1.4972192025406719,0.01191648274057877,0.0005826339772286371,0.0005738735288077439
2022-09-18,-0.08931921425905642,-0.0884533658555382,143808296.30152,-0.06720265211388429,0.04419259784285792,-0.016747106663873728,-0.026794697104973675,-2.5292167376008146,0.010047590441099947,0.0060024880829368625,-0.0024218088812157754
2022-09-19,-0.02879456241520728,-0.02869553576180639,135753604.90167,0.030723582899335116,0.020311726988646306,-0.017543228995587107,-0.027018453170233197,-0.3908178289799079,0.00947522417464609,-0.0008846721254137001,-0.0007674623784096678
2022-09-20,-0.01493445924667014,-0.014542326573110276,150469672.56093,-0.0037632613691259485,0.03673264058251895,-0.01716517902327735,-0.027120978577595555,0.07754217610611377,0.009955799554318204,5.620227355177955e-05,-0.00039806767231503334
2022-09-21,-0.031437052224320694,-0.03065921523137216,211055426.58048,-0.03577337602586208,0.026889985350643613,-0.018833968097786893,-0.027269416926237765,-0.4419353344129617,0.008435448828450872,0.001124609490365288,-0.0008491592237274236
2022-09-22,0.03741685662114547,0.0374237832541795,136622405.72134,0.0364173929396029,0.0241858934333344,-0.016120107023145834,-0.02624026512791008,1.7245601330803244,0.010120158104764247,0.0013626243701370371,0.0010121675992770139
2022-09-23,0.015678920767543403,0.01613897584061208,417608785.45651,0.029967790191575583,0.04515903378332688,-0.014219552263560678,-0.02514796047296324,0.9420895105540117,0.01092840820940256,0.0004698626079920779,0.00043502192377719553
2022-09-24,-0.0050721669920711365,-0.004507760591896726,706506631.22949,-0.0449757920939612,0.03588577145305458,-0.01565368104973631,-0.024406369268647185,0.3465837289022919,0.008752688218910874,0.000228124728101244,-0.0001443507298319615
2022-09-25,-0.03549969459021962,-0.03522971187092361,246987549.56811,-0.035830003465536484,0.017531149034626485,-0.017428771463576898,-0.02409732252188525,-0.5915111991236645,0.006668551058308353,0.0012719541801930558,-0.001002600778766392
2022-09-26,-0.021144215616180184,-0.020942928339213296,190770114.991,-0.004083304979370721,0.015131169765378727,-0.017460954363201626,-0.02322418937423577,-0.1205486382019305,0.005763235011034144,8.63382809104367e-05,-0.0005859790841952134
2022-09-27,-0.012968175685609484,-0.012524394741670997,197459850.65623,-0.033835368148737055,0.024497421729952562,-0.016957336486493165,-0.022656850475764,0.13063785651517018,0.005699513989270835,0.0004387829985400975,-0.0003372782110843068
2022-09-28,-0.016532333357610285,-0.016376090949212108,158876060.92742,0.01903229401456963,0.018398162961801134,-0.017075820257961765,-0.02284716728067994,0.01780232612820327,0.005771347022718174,-0.000314648229208916,-0.0004284703003306611
2022-09-29,-0.0409042135631813,-0.040913802854017245,122318031.28632,0.0021386863461615177,0.019113004452826116,-0.01958271209956433,-0.023398553405161723,-0.7059130117252073,0.0038158413055973915,-8.748128304805061e-05,-0.001078122766457679
2022-09-30,-0.0175427882751924,-0.0172954662116942,211033243.55039,0.020980936802018752,0.028804345654313224,-0.020941365592415447,-0.022840478268400882,0.11563338261452262,0.0018991126759854357,-0.0003680641321330073,-0.00046941400104328213
2022-10-01,-0.01974837799166218,-0.01899943346376276,200736371.72309,-0.017189585897285857,0.01515929881264867,-0.022075695280395626,-0.022527509587299127,0.08072089829222265,0.0004518143069035009,0.0003394664398197466,-0.0005303183756162039
2022-10-02,-0.057206600928364604,-0.05687756418238488,114046323.5398,-0.02500963962061012,0.019168326264688913,-0.02310202738850992,-0.02281408390888629,-1.1479381598733063,-0.00028794347962362785,0.001430716473138459,-0.0015614969947376788
2022-10-03,-0.022166938187259233,-0.022260389482232856,112038705.94046,0.01420122437972556,0.010703124266935182,-0.023475888011626117,-0.022633650323798264,0.04415765482552426,-0.0008422376878278529,-0.00031479766300877534,-0.0005848868952613365
2022-10-04,0.019593912262675817,0.020236584510499034,633438681.10053,0.08810326876587242,0.06848259863282559,-0.02032072477047551,-0.021388249895867396,1.305977928152128,0.001067525125391884,0.0017262877182534508,0.0005261613282382198
2022-10-05,-0.002753523516949574,-0.0024967192242325575,617735299.85698,-0.0033929705591896784,0.024860588784959316,-0.019503369517703897,-0.020282610251106812,0.5437747862064589,0.0007792407334029153,9.342624227046326e-06,-7.551266256643141e-05
2022-10-06,-0.012070654575779272,-0.011555586330038725,327561096.18691,-0.04032368340612165,0.023477833657306022,-0.01637897951420016,-0.020278653035342053,0.15505106220320405,0.003899673521141893,0.000486733253618377,-0.00032405357014174635
2022-10-07,-0.022811086085064214,-0.022582977193215448,175624697.60637,-0.017809343339637445,0.0199424309573782,-0.01698549159889672,-0.020345700751790766,-0.20969707119290767,0.0033602091528940475,0.00040625046403893475,-0.0006159349594890974
2022-10-08,-0.04857902197315622,-0.04818848413748067,82221395.64395,-0.01386671687263484,0.009511928658870926,-0.020323589992009027,-0.020509252268192203,-1.0416124656423855,0.00018566227618317666,0.000673631543651264,-0.0012680027681808757
2022-10-09,-0.030188361883818793,-0.030165379354909816,81955595.68415,0.010523856537384729,0.007691413133096611,-0.01750783511699771,-0.02014982815557895,-0.5703075498568103,0.002641993038581241,-0.0003176979895639624,-0.0007355004057011378
2022-10-10,-0.0885459453726194,-0.08829344240814352,155186052.18632,-0.046910600253122194,0.025105026991979147,-0.02035313906735067,-0.021186610371733586,-2.52077924927853,0.000833471304382917,0.0041537434474097435,-0.0021775182976962837
2022-10-11,-0.04261873477175082,-0.04208030131242335,176010077.98234,0.0206400480892263,0.01638914440459661,-0.02167143790187832,-0.02085230007776646,-0.7631996044007571,-0.0008191378241118596,-0.0008796527351909181,-0.0010067918129520765
2022-10-12,-0.004013534450934886,-0.003922049927694626,129599059.14782,-0.01097998054874707,0.00551649642632079,-0.020365556103145662,-0.020426020649878696,0.5922346734242137,6.04645467330335e-05,4.40685302029913e-05,-9.072769755198197e-05
2022-10-13,-0.040166665122446155,-0.03921866189058898,272392886.83109,0.011309091751540217,0.04218945359848327,-0.02406000951950717,-0.020297573962258102,-0.6571770445430287,-0.003762435557249068,-0.00045424850122313394,-0.0009424203712724208
2022-10-14,-0.05000432067151195,-0.049607933477334165,142772289.4431,-0.031247292768345234,0.01816582529049873,-0.02718778292136695,-0.020404446723844106,-0.9772562735572526,-0.006783336197522843,0.0015624996477049515,-0.0011089637137748154
2022-10-15,-0.01560277346120953,-0.015352062978842729,89647647.19352,-0.006131853653349569,0.009222020503752726,-0.0276892403722783,-0.020132214861299052,0.5264450410049057,-0.007557025510979247,9.567392345050335e-05,-0.0003262174112445743
2022-10-16,-0.023314985774677943,-0.023277360341770303,70401598.31823,-0.0006793478522140909,0.011423084259136958,-0.02710901614296679,-0.02049464457005893,0.16563987018980555,-0.006614371572907861,1.5838985510429543e-05,-0.0004806802868160522
2022-10-17,-0.011013939280476448,-0.010928637883705683,90220831.70402,0.020563677582257085,0.015087066281590233,-0.026626622031742802,-0.02001177231945051,0.6746283464964585,-0.006614849712292294,-0.00022648709627427427,-0.00022704899939523962
2022-10-18,-0.00721695811884282,-0.007013150493139997,181248747.88918,-0.0030090293516189725,0.016410589744062298,-0.02635275452856344,-0.02038996772065397,0.8196782468262284,-0.00596278680790947,2.171603880900289e-05,-0.0001459962322319331
2022-10-19,-0.03452586465934582,-0.034396016232342785,223322023.49344,-0.02059839838347525,0.0431935522202453,-0.027209589352455606,-0.02066843267973677,-0.31404102835398706,-0.006541156672718835,0.0007111775147871541,-0.0007392105225180025
2022-10-20,-0.0165457335721233,-0.016463715017753122,154472610.91908,0.004049271603373058,0.012088770313813953,-0.026049661733833798,-0.02026253465891215,0.40987473321825785,-0.005787127074921648,-6.699816911057515e-05,-0.0003487154531583155
2022-10-21,-0.04294497573954936,-0.042428243880808014,135886365.20867,0.007446302810465243,0.023811013748870354,-0.027259289708326986,-0.02038588170983476,-0.6708105517681143,-0.006873407998492228,-0.0003197812935447681,-0.0008948906497758585
2022-10-22,0.030595337677062906,0.030809621004404875,66228073.98891,0.004367552718003028,0.007487624376668657,-0.02486196991457817,-0.019839332031557525,2.0882343707715605,-0.005022637883020646,0.00013362675022967653,0.0006263709362011534
2022-10-23,0.005102558333234697,0.00576944665578738,87185919.23809999,0.012169859293615203,0.016456849651975934,-0.021894867092597255,-0.019420828108619406,1.028806003570059,-0.0024740389839778484,6.209741695292997e-05,0.000103804608814931
2022-10-24,-0.04145238046719357,-0.04123694114464771,146978222.72970998,-0.006209636467563372,0.014921775721061407,-0.02281322148687984,-0.019980743536039843,-0.7010708354189299,-0.002832477950839997,0.0002574042134163968,-0.0008516195899066522
2022-10-25,0.013673058908302504,0.01370467674800957,365125871.44142,0.041655807675311664,0.049117666779440676,-0.02309516688470714,-0.019540139766972074,1.4064716243011754,-0.003555027117735067,0.000569562312217456,0.0002682980719314783
2022-10-26,0.0008852917467594423,0.0007790360925943318,1398026683.23525,0.09907655867293007,0.07444487886556639,-0.022921889967387664,-0.01909614605306411,0.905375917158908,-0.003825743914323554,8.771165969047263e-05,1.9461850977664497e-05
2022-10-27,-0.006687946622657703,-0.006410025362456939,3936931255.10934,0.008232650222330065,0.10930002932865225,-0.022665570541048542,-0.01856868658680326,0.6044735324038528,-0.004096883954245283,-5.505952524995455e-05,-0.00017435688351773615
2022-10-28,0.0024346507797283756,0.003247133718722539,4967894465.081019,0.12462238317335522,0.10714534919328488,-0.02146339259510604,-0.017892246688087164,0.8853259826995864,-0.0035711459070188745,0.00030341198236461767,7.358205163784676e-05
2022-10-29,0.012192139244025624,0.01072258310003571,13181354591.13557,0.3455512029125269,0.2912391059375161,-0.018569527775240235,-0.017607674286170515,1.131029617849084,-0.0009618534890697208,0.004213008381850081,0.0005320456447081168
2022-10-30,-0.012503371988850431,-0.012161642848802057,7882018660.73159,-0.08492019357516027,0.14097277284199264,-0.01772738539928936,-0.017327442393386933,0.192812277928082,-0.0003999430059024277,0.0010617887696354152,-0.0006249828925024583
2022-10-31,-0.004595219782017268,-0.004081909183580312,6915186485.5751,0.03958682623581379,0.06471450881990418,-0.01372973179973688,-0.017208699954224888,0.419053166567039,0.003478968154488008,-0.0001819101670260917,-0.0002383600847781822
2022-11-01,-0.00041146862848573384,9.311164016034823e-06,10365437233.7276,0.10841682460797132,0.1380953778513396,-0.011719861983390922,-0.016852159636182196,0.5403048477692884,0.005132297652791273,-4.461012212622032e-05,-2.372809892921367e-05
2022-11-02,-0.02519116603988536,-0.024559623147556775,6701002220.82,-0.10240945710075164,0.060268019445920834,-0.012728320630483802,-0.017309281610472117,-0.592069524548235,0.004580960979988315,0.0025798136378795515,-0.0015183739430550908
2022-11-03,-0.023364154054684283,-0.022449031087920512,3126559844.4619503,-0.08845930782350139,0.05725827872319125,-0.011928201055828475,-0.017369439199493828,-0.5644871090438947,0.005441238143665353,0.002066776895559025,-0.001425017761372847
2022-11-04,-0.019285014521649324,-0.018804768133755423,3320067721.28605,0.053705820618465475,0.05702134249963969,-0.010465376953454064,-0.01729090404612723,-0.47944324072303035,0.006825527092673166,-0.0010357175305242003,-0.001211906749378384
2022-11-05,-0.0392454544553803,-0.03857525188259059,2142934912.05866,-0.0035313038301535435,0.06687192861473157,-0.011591218905557435,-0.018311380109190683,-1.4239605289107193,0.006720161203633248,0.00013858762363440092,-0.0025739964527021243
2022-11-06,-0.05946469920053332,-0.058261039648698554,1550509761.1918101,-0.0857023049346412,0.06074005668247675,-0.013312633830598167,-0.019283473812380617,-2.1026678961893284,0.005970839981782449,0.005096261783730822,-0.004039767067412123
2022-11-07,-0.02411460199899862,-0.02369994328137992,1817886773.32993,-0.06191498551838078,0.0746776520910599,-0.013936474912432556,-0.01934135043579233,-0.46124689264958774,0.005404875523359774,0.0014930552335495157,-0.001706667485259975
2022-11-08,-0.03555264887567233,-0.03461631793929898,4179096054.9867096,-0.14773159886883325,0.12827756292714826,-0.015285793519900628,-0.019531961511652412,-0.900859249561049,0.0042461679917517835,0.0052522496624253,-0.002705563548832043
2022-11-09,-0.01798024228440387,-0.017511552673343256,3071269949.28895,-0.1334642312020184,0.11911255561630352,-0.014497906740141488,-0.01959443878351962,-0.15774650511228916,0.005096532043378132,0.002399719213313985,-0.001433301966087769
2022-11-10,-0.004952745482824317,-0.004734093103422876,2101458043.17127,0.11905167329595001,0.12530901169955003,-0.013945859688270107,-0.01985941117388941,0.40570723220750016,0.005913551485619303,-0.0005896326371391927,-0.0004215124516648715
2022-11-11,-0.02826638348866095,-0.028024397845083926,1246992272.22006,0.008384060447142402,0.07350698011104816,-0.013246879104894468,-0.020482511468545635,-0.7010140178416546,0.007235632363651167,-0.00023698706779104133,-0.0024725538802090174
2022-11-12,-0.010272976503110764,-0.009698544555203581,2365023085.49932,0.06932537896129576,0.10012180916695021,-0.015192989303950358,-0.020710218166308053,0.2595215728338189,0.005517228862357695,-0.0007121779891386407,-0.0009439268264592245
2022-11-13,-0.02267330212587959,-0.022375402037220105,1212336428.0121799,-0.06683951054861043,0.04000201801756973,-0.016515649325812943,-0.020504181268973375,-0.33405784958439877,0.003988531943160432,0.00151547241661456,-0.0021087452352630425
2022-11-14,-0.013873359628489235,-0.013712252765718191,1465058916.40613,0.04706891327926616,0.07732698464299342,-0.015202362619207974,-0.020497157372571313,0.07582333212559679,0.005294794753363339,-0.000653003961245432,-0.0013315279887517952
2022-11-15,-0.020627850150956806,-0.020220523687051517,794357536.64312,0.003914800624375753,0.031556906957850184,-0.016835739241077466,-0.02008387696542004,-0.23330053559373393,0.0032481377243425737,-8.075392065049518e-05,-0.001962556383499629
2022-11-16,-0.036777220283355394,-0.036314760646230404,939365747.13927,-0.02975311722219312,0.04020372683855864,-0.01862919219489246,-0.02035148389332801,-1.1148187469309994,0.0017222916984355498,0.0010942369461970915,-0.0034390588457359475
2022-11-17,-0.027339971249188744,-0.02718279588334238,671596715.37015,-0.008356430666740116,0.018140151911497187,-0.019612621939012982,-0.019552390664753894,-0.4786306013254089,-6.023127425908853e-05,0.0002284645741745139,-0.002437894952022166
2022-11-18,-0.004772758703864066,-0.004447870332239479,454133163.85799,-0.012555166388984195,0.010504121560068804,-0.019955831914422146,-0.0194682387028083,0.965617069327827,-0.00048759321161384594,5.99227796614859e-05,-0.00040362103827527976
2022-11-19,-0.012809957920285608,-0.012675077349878494,308428677.54077,0.0016583751727760835,0.014098058772950211,-0.021146407969865538,-0.020013175245704933,0.5945136275604067,-0.0011332327241606044,-2.1243716179308007e-05,-0.0009142526904846694
2022-11-20,-0.06326568034543101,-0.06242119163184656,639649259.6270701,-0.09800984133396634,0.0639833206449509,-0.02356366074875033,-0.0195996270883458,-2.3921382606198462,-0.003964033660404528,0.006200659292541126,-0.0042833588235293655
2022-11-21,-0.01330551651358558,-0.012972541198431942,995450561.83833,-0.009998083684522176,0.058748648502979416,-0.023978436783586916,-0.019353769216891487,0.6586879677021952,-0.004624667566695429,0.00013302966756862037,-0.0008970607829414311
2022-11-22,0.023979755647968615,0.024182705975313246,758897727.35172,0.03516391245766679,0.06371796953066693,-0.022816949913279566,-0.018736083266182937,2.5072708748121277,-0.004080866647096629,0.0008432220283614092,0.0015317892281700132
2022-11-23,-0.004116799601720178,-0.0040197087742143145,681224197.52293,0.0008547530894664002,0.023784164400723073,-0.021813408654319317,-0.018302428462649595,0.9269112076038629,-0.003510980191669722,-3.518847178284368e-06,-0.00025582248511909177
2022-11-24,-0.006381251239470198,-0.006002851610392379,405352958.01373,-0.017050711459722447,0.016809990134082943,-0.021004698996451982,-0.01899763652392921,0.7545422504160576,-0.0020070624725227713,0.00010880487363620258,-0.0003842470316321955
2022-11-25,0.014133268817505318,0.014241905731634752,1530273095.13363,0.08588365471646932,0.06738284548465641,-0.01941335217077795,-0.019022170681866322,1.609301643593827,-0.0003911814889116273,0.0012138167791376693,0.0008580081799612962
2022-11-26,-0.004356703834320297,-0.0036858888835329395,1393363577.75856,-0.04036273985547613,0.021459288207647975,-0.017751983093584618,-0.019010814123806785,0.6510666581000997,0.001258831030222167,0.0001758485034920255,-0.00025506713122622725
2022-11-27,0.00023508136388605827,-0.00020829118724918771,3165668305.06886,0.10014748929175722,0.12840827735984267,-0.014909136400040837,-0.018443595457868597,0.816524373377262,0.00353445905782776,2.3542808372470703e-05,1.4520550960950753e-05
2022-11-28,-0.017459830245712404,-0.017118799614138314,2236402216.88098,-0.00042065412335493674,0.026161911055781046,-0.014592242507027207,-0.018385113150400857,-0.1555212611596452,0.0037928706433736498,7.3445495859361615e-06,-0.001038125176281143
2022-11-29,0.004090103225726116,0.00411273384626476,2358512541.94319,0.0017765500132446495,0.029255718372784765,-0.012704492406960614,-0.018114346818474892,0.9221076605423939,0.005409854411514278,7.266272939835715e-06,0.00022390285738045924
2022-11-30,-0.0030604999605897687,-0.0026173075620178343,2208021747.9616,0.006770124589309946,0.030548474780286435,-0.01199402848677899,-0.017900508193125362,0.48849061559437146,0.005906479706346371,-2.0719966038770916e-05,-0.0001546325443106261
2022-12-01,-0.031060284375743485,-0.030701167537003693,1478667814.7758899,-0.027165038646922227,0.03157217169094801,-0.013237244624537046,-0.017744255348880314,-0.9546938304603514,0.004507010724343268,0.0008437538254514664,-0.0014306863033141772
2022-12-02,-0.024656164446046902,-0.024196902133054032,1286906520.22403,0.03531539061858226,0.030139784612104807,-0.013065329432031616,-0.017857166081751023,-0.6251896006780064,0.0047918366497194075,-0.0008707420785681461,-0.0010847847543005635
2022-12-03,-0.024045552331019238,-0.02363614486053711,1059194653.23378,-0.013258430771965705,0.03644523334629462,-0.013721166376217734,-0.017925375198248755,-0.5527248133099951,0.004204208822031021,0.00031880629095449713,-0.0009850086088544457
2022-12-04,0.009321424118185817,0.009488157229108118,1293081579.94694,0.022958206789983924,0.01862118714170159,-0.01219760798364319,-0.016869374800684463,1.12021874794579,0.004671766817041272,0.00021400318248245354,0.00037235491102644437
2022-12-05,-0.03292236371739521,-0.032282961539758404,1525922512.99689,-0.023674933028268594,0.05078402060000287,-0.013104703416448236,-0.017040095840845353,-1.0041722847674093,0.0039353924243971175,0.0007794347561416315,-0.001273509100199447
2022-12-06,-0.039299190156740216,-0.039086232463255044,791746393.01403,-0.019289385851833575,0.018875684305265324,-0.013993814845295065,-0.01797490699035989,-1.234584184956127,0.003981092145064825,0.000758057242597942,-0.001496447193274463
2022-12-07,-0.04175928253606587,-0.0416725851550348,809908120.13932,-0.040546094394350175,0.04897537621443473,-0.014231055904947946,-0.01859404602240936,-1.3234369164142497,0.004362990117461413,0.0016931758115476653,-0.0016075661331983462
2022-12-08,0.008153646898861888,0.008345816705011888,712981376.93303,0.018352901454615073,0.01944561172970917,-0.01254088361218363,-0.018273025364081718,0.979776834438272,0.0057321417518980886,0.00014964307803054001,0.0003143898152416316
2022-12-09,-0.025583823693387187,-0.025268637278688777,519456682.07562,-0.014277886225417518,0.01190426377528772,-0.013531886706922826,-0.018317037072150336,-0.5677662147036797,0.00478515036522751,0.00036528292390532326,-0.0009881715361329656
2022-12-10,0.013144556934559182,0.013260431227160918,288815907.9092,-0.0035255117395431215,0.007972341477255214,-0.012295957428120693,-0.017337297724408823,1.1557490480631734,0.0050413402962881295,-4.634128978388134e-05,0.0005038723561348291
2022-12-11,-0.09109041146940655,-0.09039290710492331,362313617.34649,-0.04465828880039931,0.0414032226328277,-0.01362094462450048,-0.018303996924180055,-3.0081571726423357,0.004683052299679575,0.004067941902347963,-0.0033938386792541067
2022-12-12,-0.037354362655486306,-0.03720765480045707,897287911.16875,0.031527042545081436,0.023213659043089134,-0.0147661277741148,-0.017491432119146198,-0.859915953203414,0.002725304345031397,-0.0011776725806839179,-0.0013285367167638013
2022-12-13,-0.01230021827398764,-0.0122174179000486,1050801674.84317,0.016844369894920986,0.038487759654997844,-0.016493745579922243,-0.01701018582553091,0.16949757705906335,0.0005164402456086688,-0.00020718942639531436,-0.0004226887926514766
2022-12-14,-0.015663348333422644,-0.015259959977342419,711781715.27299,-0.03738337184896524,0.03344905435443291,-0.017043581233812836,-0.017195103506205317,0.0561529269543298,0.00015152227239248126,0.0005855487751482086,-0.0005454693003397146
2022-12-15,-0.023075488875223926,-0.02271849280344207,543870631.17444,-0.030886003186916977,0.021936357770954776,-0.01783854493075349,-0.01692381499434465,-0.21386106809847696,-0.0009147299364088389,0.0007127096229398335,-0.000809226895222598
2022-12-16,-0.03633895359760331,-0.0351014505987286,947181017.89002,-0.13368009273797396,0.08356416397951995,-0.02024198409337771,-0.01670690440586991,-0.6804760108549346,-0.0035350796875078007,0.004857794686928542,-0.001302359652371555
2022-12-17,-0.0024389256917418667,-0.0023632556046254694,608474607.3998901,0.02897638626006153,0.02758095463196955,-0.0201506613246835,-0.016497954441275182,0.7465918730255394,-0.0036527068834083173,-7.067125290350009e-05,-8.812015387367283e-05
2022-12-18,-0.01367127278490543,-0.01354231588021404,411045152.68049,-0.010148507752575244,0.017994534570689998,-0.020812868665102142,-0.016344879631913715,0.3062885991162413,-0.004467989033188426,0.00013874301784518373,-0.00042207221888567565
2022-12-19,-0.04326857320919053,-0.0426115352457932,891801573.84453,-0.08131495875890077,0.05693260938404307,-0.022041856425267764,-0.016856857948242508,-0.8916532054782467,-0.005184998477025256,0.003518382246061807,-0.0013992277413282577
2022-12-20,0.015189909000339341,0.015049724452948166,733153882.7901,0.012514460571578939,0.008178311689729151,-0.021513294245524277,-0.016501193390795175,1.4964085634740587,-0.005012100854729102,0.00019009351727061874,0.0004759684042121417
2022-12-21,-0.015529229304484637,-0.015400684919917973,517789987.76129997,0.009274480008617546,0.01956866171811931,-0.022107043261900224,-0.01619965949627357,0.27172823136795143,-0.0059073837656266545,-0.00014402552673368053,-0.00047848141053761
2022-12-22,0.007111498240782055,0.0072153506019021485,907680240.12214,0.04078402769782954,0.045568686865844116,-0.02028933932777996,-0.015824147880195705,1.099377593844527,-0.004465191447584255,0.00029003554122512137,0.00022385691993028284
2022-12-23,-0.005392405291898661,-0.005188307563140593,692564114.31301,-0.0087753821621268,0.016165818614944868,-0.019372017463296712,-0.015228075333407599,0.5567567755751399,-0.004143942129889113,4.732041720948567e-05,-0.00016615477542948157
2022-12-24,-0.008179311575731929,-0.008095121984119658,246012598.83752,0.0019381103036810064,0.00973562288670508,-0.018616482189235412,-0.015843545956467833,0.4141751294251475,-0.0027729362327675797,-1.585240804194338e-05,-0.00024162383702115825
2022-12-25,-0.03469873836598858,-0.03433228416131806,570662146.26274,-0.015805958995746466,0.02441513748434084,-0.020712680402767525,-0.01647531257074122,-0.5689307928915097,-0.004237367832026304,0.0005484468358169502,-0.0010346037779979012
2022-12-26,-0.018820130828035575,-0.01856976143105693,330250226.87009,-0.007767796282637726,0.012455679786996323,-0.02004114550327421,-0.016116070512976807,0.049990456939019455,-0.003925074990297404,0.0001461909422847704,-0.0005268054957325994
2022-12-27,-0.020544612173542642,-0.020422239404593645,410000298.5714,-0.019488554434017934,0.017414271993524365,-0.01914807036121718,-0.01665920814919657,-0.05812821749010288,-0.002488862212020611,0.0004003847926698733,-0.0005736467591949346
2022-12-28,-0.041266305777229784,-0.04100479442469995,732228910.94179,-0.019986590704704214,0.015234853550675446,-0.01912459527746308,-0.017328281125767828,-0.9224856483211424,-0.0017963141516952538,0.0008247727634646626,-0.001085935761912261
2022-12-29,0.014498201369053332,0.01467127346349928,460305670.57805,0.0032497379359270446,0.006692049713916738,-0.018822473636025395,-0.016991993062407337,1.3656351689171022,-0.0018304805736180582,4.7115354991722025e-05,0.00037271977155181385
2022-12-30,-0.04155793302263944,-0.041448450146660876,630451136.54835,-0.02954318180120396,0.04123545136142387,-0.01958314550884693,-0.0176902880433973,-0.8837537679608011,-0.001892857465449628,0.0012277535705700945,-0.0011264163029386846
2022-12-31,0.020435034032969535,0.020364510122951263,473533410.20179,0.028166807550596185,0.021458123634552056,-0.019235979932732152,-0.017559448443572795,1.5624403285432875,-0.0016765314891593573,0.0005755896708965363,0.0005670089288372348
2023-01-01,0.0020871442905101567,0.0021579035639296418,309131801.63862,0.005571045049455506,0.010487193656876316,-0.014798953467974213,-0.017327852947075006,0.8566188372693904,0.002528899479100793,1.1627574867145932e-05,5.483911556767193e-05
2023-01-02,0.0020573885167991524,0.002354007894884047,507487391.40015,0.019387856983303472,0.02898807654813013,-0.012922203412151096,-0.017222255989950936,0.7749350126901992,0.00430005257779984,3.988835432279282e-05,5.46230159514932e-05
2023-01-03,-0.02294528224720216,-0.022652958256118683,415706101.77531,-0.01646880771326835,0.019827110693888098,-0.013429111220399406,-0.0175799355712004,-0.48920817076858886,0.004150824350800995,0.00037788144125584225,-0.000588800772417702
2023-01-04,0.01021118235553442,0.010350556939507705,576259520.90397,0.0031521988685922807,0.014673204362134066,-0.012196990711401451,-0.01701799353317787,1.1141765126269694,0.004821002821776417,3.218767746810506e-05,0.0002529002925695521
2023-01-05,-0.044867578496238125,-0.044329486999686085,590014334.83711,-0.019808113527111572,0.02609771816405845,-0.01323470926478308,-0.01735931773066285,-1.4898509873534374,0.004124608465879769,0.0008887420885400747,-0.0011201260095262723
2023-01-06,-0.021572490277158796,-0.021271969672236213,499045260.38157,0.014613021845649603,0.02227439392683116,-0.012531544344761912,-0.017395626869639188,-0.43748395382356237,0.004864082524877276,-0.00031523927168518513,-0.0004755999257100337
2023-01-07,-0.0022252566511260508,-0.002079483948182026,212547955.13876998,-0.0033195051228526277,0.010753105935642717,-0.012521369628542112,-0.016808004682270075,0.49809345115367243,0.0042866350537279635,7.386750853074808e-06,-4.7276172707926004e-05
2023-01-08,-0.0038944976470089987,-0.003626750339307261,327071551.38133,0.02433946207667036,0.02751743920737941,-0.0120558089076899,-0.015925937990944293,0.3932444614972091,0.003870129083254393,-9.478997778705747e-05,-8.450568838280301e-05
2023-01-09,-0.022695740293177225,-0.022683420940220467,1093485176.84251,0.010229248943607617,0.04525314200746228,-0.011076150197403553,-0.015903416376566174,-0.5909162288796576,0.004827266179162621,-0.00023216037741837596,-0.0004798463684205625
2023-01-10,-0.020676216084440258,-0.02024402401188774,644893963.43749,0.026685605631681434,0.021048148303754934,-0.01278406091572639,-0.015667282522737094,-0.4196349744561673,0.002883221607010704,-0.0005517573483848012,-0.0004498198342592416
2023-01-11,-0.028622687204969854,-0.02841041743856798,538618097.21622,0.02081926880509494,0.03897853144047786,-0.013407558910987591,-0.015836210219888937,-0.7958855304491599,0.002428651308901346,-0.000595903418844419,-0.0006491540409718781
2023-01-12,-0.013802479956051217,-0.013189930722724008,955945623.5897601,0.00311973797673818,0.038857170056898434,-0.014403462634646319,-0.015976682195654443,0.03243189574666579,0.0015732195610081243,-4.3060120892060507e-05,-0.000308624926270916
2023-01-13,-0.0005664163280583168,0.00024917157828241443,750009584.8341401,0.04550089148663134,0.048320705846497565,-0.014173653636368208,-0.015537000177232177,0.7285445475135941,0.0013633465408639696,-2.577244787923765e-05,-1.3532417848427488e-05
2023-01-14,-0.03842238496840966,-0.03778613477922832,1266507800.33309,-0.006734032181344192,0.042413719525772706,-0.01561379998840048,-0.015983816184617874,-1.1789833134721175,0.0003700161962173938,0.00025873757686126604,-0.0009777494830860262
2023-01-15,-0.017962539217239448,-0.01764827823330417,606518675.45869,0.013321066344671069,0.021879119847568705,-0.014816838124174331,-0.015909042170195016,-0.16680054958936855,0.001092204046020685,-0.00023928017663160263,-0.0004549305671357913
2023-01-16,-0.04554687096277854,-0.045333124814688985,666644230.22429,-0.03359094443603539,0.03407111246029551,-0.016089540035352567,-0.016411796318358336,-1.4721698132041123,0.00032225628300576806,0.0015299624117459678,-0.001200430386246348
2023-01-17,-0.03309884770896088,-0.032968715931313564,465266159.40783,-0.008893220492386176,0.020646009465984633,-0.01668736077513439,-0.01660974866054888,-0.8070906400188088,-7.761211458550896e-05,0.0002943553507197001,-0.0008774447466969312
2023-01-18,-0.041753778785939444,-0.04103187848372869,1365811611.7424,-0.08401656610077696,0.047316296491808546,-0.016710573775549135,-0.016688741652653386,-1.2297873795015812,-2.183212289574854e-05,0.0035080091153261,-0.0011706722142304567
2023-01-19,-0.021344359176048378,-0.02115312359530841,443240233.95956,0.007997581846417362,0.012028284390507175,-0.01841736237293493,-0.016593573207047983,-0.15341593993114272,-0.0018237891658869458,-0.00017070325946977633,-0.0006038665368923241
2023-01-20,0.006106138300768116,0.006843558597764199,591835636.49667,0.058011490255667486,0.041174326170424345,-0.016147644690867904,-0.01642089230221255,1.169813199914274,0.0002732476113446458,0.0003542261825347676,0.00017273478204704812
2023-01-21,-0.04997679600007632,-0.04949661290479146,770086582.99203,-0.016157710140533715,0.0401553244006458,-0.019500588978155802,-0.017010842113002883,-1.6518572499679123,-0.002489746865152919,0.000807510583521818,-0.0014582756266226108
2023-01-22,-0.020969719248133734,-0.020638726525482154,957576886.1416401,0.03422190046793221,0.03638863649166348,-0.020598534860948366,-0.016339477651141018,-0.020883044665606778,-0.004259057209807349,-0.0007176236449501149,-0.0006377406637044243
2023-01-23,-0.0425333564998529,-0.04224788056087214,780509111.52688,-0.013118986157561859,0.024475207476101594,-0.022721903671265132,-0.01680341161917701,-1.125961921985968,-0.005918492052088123,0.0005579945151562139,-0.0012844034768827147
2023-01-24,-0.06115060549710327,-0.060046821406992024,653709951.26845,-0.07936401404096156,0.056604596270887084,-0.02454120477840328,-0.01815468719290831,-1.8781481428695004,-0.00638651758549497,0.004853157513285406,-0.0019536925190244245
2023-01-25,-0.02929461851235604,-0.029059768311212042,655808804.00712,0.028939984625210774,0.027904856816799984,-0.026422433391159968,-0.018554335112124752,-0.16132395077341655,-0.007868098279035216,-0.0008477858093489987,-0.0009543877648879947
2023-01-26,-0.03930011671691236,-0.039050845664305056,474348181.97655,-0.00034724232075287846,0.007941611170741589,-0.026157316163573027,-0.019076856786369868,-0.7486577821650214,-0.007080459377203158,1.3646663734639642e-05,-0.0012463783821637796
2023-01-27,-0.03478206260239114,-0.03443484001967756,415665714.54523,0.03035646248059394,0.023068190147068224,-0.02678634341715552,-0.019853290618431715,-0.45380720306765066,-0.006933052798723804,-0.0010558603783871563,-0.0011044059049501284
2023-01-28,-0.03722568215531086,-0.036616130311862616,722444058.1273,-0.00011396660790737555,0.03034466163785887,-0.028453030345926226,-0.020375020433050613,-0.5216588000582706,-0.008078009912875612,4.242484722278899e-06,-0.0012167251254261253
2023-01-29,-0.03381650928507063,-0.03371657817313267,529119924.08696,0.014409632180440791,0.016889585726102458,-0.02987788804297678,-0.020915521871922943,-0.24813118643170795,-0.008962366171053837,-0.0004872834604243285,-0.0010881818325514528
2023-01-30,-0.035045692301175047,-0.034942903261705904,980368500.61833,-0.011707890124726148,0.03653801885786047,-0.03046598099573858,-0.021194662539469965,-0.2894440673479884,-0.009271318456268614,0.0004103111148071185,-0.0011131915588265828
2023-01-31,-0.01143350754921768,-0.01099820934534168,2105644187.83398,0.048031379643412475,0.06529120864020999,-0.03002585201787084,-0.02144106905970717,1.1454387929710335,-0.008584782958163669,-0.000549167141752297,-0.000387262250759768
2023-02-01,-0.05693648678984098,-0.056253926727007686,1305825506.8376,0.010574197325595037,0.04586212896253223,-0.03137412818857899,-0.02229624345382227,-1.4816134690968012,-0.009077884734756719,-0.0006020576463419136,-0.0019471486003615117
2023-02-02,-0.06548031936965948,-0.06479249482364613,820863725.4133,-0.031151123625721224,0.02592732081826105,-0.0338349776844651,-0.022842593215630456,-1.7314710181000952,-0.010992384468834642,0.0020397855237359705,-0.0021990190847591407
2023-02-03,-0.024620780459183922,-0.02442113187695749,577438742.21881,0.0161494866228879,0.014511068451347432,-0.03498042359547108,-0.022842031565045332,0.6173892019887964,-0.012138392030425747,-0.00039761296467065053,-0.0007871982020104486
2023-02-04,-0.03017159718230855,-0.02982038713477375,1218813831.80224,0.01887345810488861,0.041155061309605216,-0.03458752893899007,-0.022939270372208654,0.26298254748172634,-0.011648258566781419,-0.0005694423753778757,-0.0009628656435433757
2023-02-05,-0.05603520913766702,-0.05570899191974743,822581767.05682,-0.03123248513424761,0.035321832576209404,-0.03640051322091519,-0.023976677249285684,-1.1576056172641231,-0.012423835971629507,0.001750118836386641,-0.0018241204036007611
2023-02-06,-0.055368739932970645,-0.05487500313296756,484312672.10741,-0.02263664260207686,0.034066148203366134,-0.036868221267114816,-0.0243329689352472,-1.065876434143915,-0.012535252331867617,0.0012533623771899976,-0.0018024116685638825
2023-02-07,-0.01929168189286634,-0.01911676443366539,450958936.56085,0.01821305592968174,0.018737402663033916,-0.036210737180634125,-0.02401538943899523,0.9524478493158681,-0.012195347741638895,-0.00035136048129240317,-0.000626246364178708
2023-02-08,-0.046629891954040326,-0.046243939415374524,485409998.01559,-0.026484366948140575,0.02310158988020512,-0.036442933045781785,-0.024092700699598,-0.5700152194366954,-0.012350232346183786,0.0012349631692629517,-0.0014599309818320984
2023-02-09,-0.06346069754800654,-0.06244257083010485,876235745.91953,-0.06085572882000567,0.060187699209826015,-0.03844847296825599,-0.02522943632573877,-1.3559548427304629,-0.013219036642517216,0.003861947000709885,-0.0021324198848421422
2023-02-10,-0.007836257454482465,-0.007660764766722394,532273481.85429,-0.011566512609081437,0.031241671610627207,-0.03911239657564887,-0.024947728925121232,1.8448886652114176,-0.014164667650527638,9.063817065527983e-05,-0.00025960917231013345
2023-02-11,0.000631012022436428,0.0005772512933952534,228252637.19206,0.0015823751095574955,0.013710948753362954,-0.03670250095552922,-0.025146356622139054,1.983199061414052,-0.011556144333390164,9.984977181349394e-07,2.011033649854523e-05
2023-02-12,-0.01269484700053769,-0.012693715921719084,514562392.45863,0.0037825681119961776,0.04412263526169486,-0.036308459419929405,-0.023901982582950662,1.2265264863549725,-0.012406476836978743,-4.8019123450904185e-05,-0.0004092597688595148
2023-02-13,-0.027291083971788033,-0.026810450248673456,840438357.80881,0.003909118097955986,0.0456214765626669,-0.03558263691859298,-0.023742248000669736,0.42976358213967303,-0.011840388917923245,-0.00010668407026695313,-0.0009072982122302037
2023-02-14,-0.01295164273465299,-0.012719330142530016,484612263.39581,0.027658240466004774,0.017466632496642587,-0.03328744821561916,-0.023752588071473946,1.0723545558138572,-0.009534860144145212,-0.00035821964918481605,-0.00040644213051326406
2023-02-15,-0.004086180705553333,-0.003940283942617695,975869151.94884,0.04808453083426072,0.02976148251534287,-0.032087046415295216,-0.02356882350595221,1.4001355071778276,-0.008518222909343006,-0.00019648208213054048,-0.00012859179069965815
2023-02-16,-0.03999866492984061,-0.03933172085629644,973988562.26824,-0.05844668195169228,0.04943785814632273,-0.03212031061591085,-0.023837445348088987,-0.39368432362255995,-0.008282865267821862,0.002337789247646702,-0.00133779272338845
2023-02-17,-0.027900384836111458,-0.027823895181809166,503362348.40392,0.016658435654146927,0.0104464385450646,-0.03179261167465944,-0.02370349981219229,0.1943933063929093,-0.00808911186246715,-0.0004647767655182994,-0.0009163853111461669
2023-02-18,-0.03286157882722518,-0.03263359149394118,428449752.8075,0.00881461238924081,0.014621894681480773,-0.03158479723046488,-0.024186399068311073,-0.06388431994245841,-0.007398398162153808,-0.0002896620798604725,-0.0010547316559293574
2023-02-19,-0.03959157727685059,-0.03924722790171242,511288316.84222996,-0.019455645247892315,0.030181259488015106,-0.031859800468168685,-0.024597832472945124,-0.3854770575314382,-0.007261967995223561,0.0007702796823029195,-0.00129579796940349
2023-02-20,-0.03250748061619069,-0.032248609417221186,379483113.45713,0.007726433165211169,0.008511641333174792,-0.031738933245074194,-0.024427021479405443,-0.03834077753288682,-0.007311911765668751,-0.0002511668763503949,-0.0010205574935514558
2023-02-21,-0.046921448736915505,-0.046516415085342655,485282928.76729,-0.030310588905825588,0.022364596790682367,-0.033428835206393136,-0.025412916046663455,-0.6834702855034955,-0.00801591915972968,0.0014222167435304152,-0.0013771641565173242
2023-02-22,-0.008552609880561945,-0.007915671261316648,845180645.28329,0.006571251057589504,0.042530356717620725,-0.03112484106785604,-0.025302176055807542,1.1467338083508463,-0.005822665012048499,-5.620134672279312e-05,-0.00024966575781987954
2023-02-23,-0.021913725531456207,-0.021878915059268755,372914928.18898,-0.01881744340285637,0.01810692148937239,-0.029050241361274935,-0.02576289389346212,0.39394889048361137,-0.0032873474678128158,0.0004123602899339058,-0.000631539604184327
2023-02-24,-0.05364078419402851,-0.05302894205429354,467492124.2626,-0.04129665929717494,0.03264144823349552,-0.030432146301029438,-0.026528741177622907,-1.2310691076603089,-0.00390340512340653,0.002215185189294082,-0.0015922040622706583
2023-02-25,-0.018294483290851038,-0.01803965313999878,284991262.48834,-0.006299038921870668,0.01612274969013904,-0.02986656944905527,-0.026689299458815274,0.6078453755125814,-0.0031772699902399976,0.00011523766230458328,-0.0005212226218950458
2023-02-26,-0.02371008356180926,-0.02371166499353916,186901258.34679,0.011018720689238221,0.008729973933821598,-0.028327277754966806,-0.026514876366685442,0.25509432474531935,-0.0018124013882813636,-0.00026125478828607475,-0.0006454932801286382
2023-02-27,-0.025257850758390377,-0.025154502092042397,311857343.63558,-0.008447133535580234,0.018714862892214888,-0.026893425889510603,-0.026617062397326,0.09615069179077439,-0.0002763634921846038,0.00021335643817788,-0.0006691665127442446
2023-02-28,-0.015883576989226156,-0.015582747609657388,402387641.33958,-0.016442088197343607,0.018177958892163327,-0.026731135179813452,-0.026543077711860655,0.634260023773125,-0.00018805746795279646,0.00026115917374615387,-0.0004203869238305427
2023-03-01,-0.022369256745879307,-0.02226356628252768,247036266.22507,-0.0004882812597012105,0.015058210107090629,-0.02557586683656769,-0.02624312455263287,0.1943385048693952,0.0006672577160651803,1.0922488862457749e-05,-0.0005834740658673367
2023-03-02,-0.03464868653596542,-0.03465264876779017,223690437.99431,-0.004705891037412524,0.009140458165032254,-0.02420386631218478,-0.027023233884458563,-0.7337507864916442,0.0028193675722737836,0.00016305294342771568,-0.0008195428686354374
2023-03-03,-0.06899819771953497,-0.06927790019367164,470062620.58524,0.02357698936012145,0.011864213574184587,-0.02711633965813966,-0.027458793641552147,-2.4999949828081194,0.00034245398341248637,-0.001626769773501032,-0.0015683422367059514
2023-03-04,-0.03950323980071091,-0.039588165602667647,249196048.03474998,-0.02685524177805488,0.015198148546716455,-0.02902749450686096,-0.028410194813515328,-0.6679140367353602,-0.0006172996933456326,0.001060869055864572,-0.0009007137808956557
2023-03-05,-0.0007787851576900318,-0.000682620348535723,207171128.61247998,-0.00839725027618535,0.006691642307728939,-0.02846006299053488,-0.028455685757137552,1.6777455965916543,-4.3772333973290944e-06,6.539653880501671e-06,-1.6368959812587153e-05
2023-03-06,-0.010563732401202341,-0.010495617430884896,225532817.09225,0.009677494882065188,0.01663985043986365,-0.02766352243955461,-0.02865602100980424,1.0084916127850974,0.0009924985702496301,-0.00010223046624814186,-0.00020745590855450786
2023-03-07,-0.024007080695018668,-0.023762245650501446,315979882.13044,-0.018467004124914355,0.015794732466073668,-0.02818997186623869,-0.028672874953420375,0.2513006604347819,0.0004829030871816853,0.00044333885822206155,-0.00046955186077298573
2023-03-08,-0.02722930746124319,-0.026859226712507622,345437944.50342,-0.03511072466442461,0.030086428192161695,-0.029292025521271543,-0.029267168442575577,0.13130711272896434,-2.4857078695966067e-05,0.0009560407170746723,-0.0005329963765343069
2023-03-09,-0.06650434814398931,-0.06498671613691509,517484434.20449996,-0.08713782321853947,0.0610092167358607,-0.03055420091242148,-0.029610609230635118,-2.0464253197804227,-0.0009435916817863606,0.0057950441318351436,-0.0013384253515910873
2023-03-10,-0.026020690066970942,-0.0258335301806889,463364391.82741,-0.0006089207068951973,0.02972906833939563,-0.030464691637700502,-0.029681215576505153,0.2526972728681088,-0.0007834760611953491,1.5844536989480784e-05,-0.0005475690344031485
2023-03-11,-0.012675854572819722,-0.012479582171934456,406656167.03923,-0.007395701961128917,0.048806753987393585,-0.029503466673205005,-0.0298470980831987,0.9350960914117398,0.00034363140999369574,9.374684252318778e-05,-0.0002873800287011476
2023-03-12,0.01924977512167869,0.019407506567367117,346663472.61284,0.06656421212682469,0.05689167312246324,-0.026701497511370277,-0.029479728674171916,2.2176352561483315,0.0027782311628016393,0.0012813461145930929,0.0004609046127806209
2023-03-13,-0.013664008186161647,-0.013642476868999442,512055502.81445,0.040243776160884,0.05488460411166885,-0.025804189300416513,-0.02933636784707643,0.5818623095849983,0.0035321785466599157,-0.000549891286904376,-0.0003573358513383298
2023-03-14,-0.014245686633222454,-0.014047486500659345,667462051.13776,0.026483519690367215,0.0727902178287595,-0.024248200628812083,-0.029234295951025353,0.4897300277697322,0.004986095322213269,-0.00037727592245374793,-0.00040675470921979563
2023-03-15,-0.03343342455937581,-0.033272788444517865,600498407.91904,-0.07911389449722937,0.06088958514832297,-0.02543300132780322,-0.029310656861412748,-0.3962796073273151,0.0038776555336095288,0.0026450484232715355,-0.0009838481200059538
2023-03-16,-0.0020123934653585307,-0.0017456821526130595,447958393.75425,0.03521935384880117,0.023047727921219743,-0.024485318848465235,-0.029123512631401755,1.0794153937681614,0.00463819378293652,-7.087519753947729e-05,-5.969233604221967e-05
2023-03-17,-0.0007099336315038451,-0.0006652156023907452,545840410.22944,0.039367282386568114,0.040827555169855125,-0.02196480215501168,-0.0291257906838374,1.0464619201404834,0.007160988528825719,-2.794815774713366e-05,-2.1335048264200716e-05
2023-03-18,-0.046349776605528525,-0.04555450275880246,635124242.25,-0.06514671289947317,0.04511677154367594,-0.023300768503329655,-0.029251622297125,-1.0991588058558335,0.005950853793795344,0.003019535589475085,-0.0014569051417095433
2023-03-19,-0.01592445148687105,-0.015843988823682986,405129490.12848,-0.004553376020375124,0.02522633564749978,-0.022930024118808786,-0.02921927169823026,0.3331098641122938,0.006289247579421474,7.251001553794563e-05,-0.0005130600559419954
2023-03-20,-0.057993133501625604,-0.05739739957917234,504425500.2658,-0.0296962640569781,0.03968660669469772,-0.024488847106581894,-0.029416831421069108,-1.4969448094754112,0.004927984314487214,0.001722179405955857,-0.0019263600114003904
2023-03-21,-0.008190227428491181,-0.00796613816440872,673795300.3428,0.06248666766421333,0.04483511155701491,-0.024122497127499275,-0.029021456495982284,0.7052281559674829,0.004898959368483009,-0.000511780019418453,-0.00028245165872206395
2023-03-22,-0.033780369441932856,-0.033259580854639426,683451281.78334,-0.032518856827565244,0.08523604106160493,-0.024665883446358967,-0.028894894442902812,-0.4017950273490414,0.004229010996543846,0.0010984989974644746,-0.0012778514440813043
2023-03-23,0.0018041808727444764,0.0019242436013566788,645679201.54917,0.04889362225606719,0.0392402047486686,-0.02293003261737278,-0.02852745729927118,1.0629459211933752,0.005597424681898399,8.821293807359007e-05,7.083493231602788e-05
2023-03-24,-0.04538857605585145,-0.04510380138060466,402534644.32329,-0.02728284702874429,0.0385873558419572,-0.02180576491910214,-0.029344833717630223,-1.1004544913083543,0.007539068798528083,0.001238329577384321,-0.001839784067919073
2023-03-25,-0.046646786811660124,-0.04590071503373272,251009880.46946,-0.021529212899777203,0.041011444152661225,-0.022145933824385435,-0.0292919764289252,-1.1249818109510266,0.007146042604539767,0.0010042686043587503,-0.00194812292315682
2023-03-26,-0.023083670519270516,-0.022584679180595812,209770512.15456,-0.00013456233620512729,0.013095250950380848,-0.023208071222555932,-0.029325531211006742,0.005862015483920969,0.0061174599884508095,3.1061926332624645e-06,-0.000971088837105087
2023-03-27,-0.04207236742295217,-0.04132044131458168,404993592.57919,-0.010243892079100307,0.02340653705380819,-0.02470848241406783,-0.029318213924071808,-0.8115498294516508,0.004609731510003979,0.00043098479139297755,-0.0017834661313898157
2023-03-28,0.0023448552063931594,0.0027801469570118975,259461455.99631,0.022894961239861594,0.014719523264362962,-0.02345362832352441,-0.02831034946846075,1.162255256551421,0.004856721144936342,5.3685369063459046e-05,9.927938434211523e-05
2023-03-29,0.007361404569340424,0.00724875507015299,335428527.31106,0.02168179152856118,0.03196762562983391,-0.021806451560163285,-0.027728507832243347,1.2591317125284003,0.005922056272080062,0.00015960843922983677,0.0003123357060934562
2023-03-30,-0.06462354550325511,-0.06391796270167716,319226457.72758,-0.010995015564831538,0.009418993265976837,-0.021716889529652134,-0.028130467019328153,-1.8665983773946888,0.006413577489676019,0.000710536888662889,-0.0025831415529129847
2023-03-31,0.022364702009578297,0.022627039027124596,329178091.96118,0.029829319972510093,0.02113968133980104,-0.019412823240292646,-0.02722337551755086,1.6791255833252698,0.007810552277258215,0.0006671238523335505,0.0008848174746123843
2023-04-01,-0.004983549014819677,-0.005039021818963874,762839688.0568299,0.05191737557696114,0.06625580002251032,-0.019046522975625976,-0.026711595626431953,0.5616029555031676,0.007665072650805977,-0.00025873278590858784,-0.00020130563222629842
2023-04-02,-0.032502099860365674,-0.031434278508449154,1101117031.03879,-0.06362829688255123,0.04795697471330986,-0.021510897974770946,-0.02669073198476997,-0.4659690763954421,0.005179834009999024,0.002068053259221674,-0.0012990624188517204
2023-04-03,-0.012756521653885744,-0.012531954139542223,4836269172.56687,0.21714345539032126,0.230810466201357,-0.021467684330376855,-0.026336935625289187,0.3690583282935403,0.004869251294912332,-0.0027699951906862063,-0.0006167266803151699
2023-04-04,-0.012271882059150085,-0.01175577028094954,4237824719.9745502,-0.01678084090575568,0.0482661013682232,-0.021373693636373408,-0.02635024315719288,0.38505231324255723,0.004976549520819471,0.00020593250044879501,-0.0005789650100581081
2023-04-05,-0.02812009033355012,-0.02752952953192278,2027188679.36979,-0.05744007781668866,0.038331331306119425,-0.0211206777208579,-0.025892840038839054,-0.2974611493574992,0.004772162317981155,0.0016152201769714335,-0.0012964478941385183
2023-04-06,-0.034208389790762794,-0.03360020874678338,1888610516.37559,-0.07835670872573411,0.06829716811934182,-0.022653820403020008,-0.02539646020425339,-0.49652890161802943,0.0027426398012333833,0.0026804568348111767,-0.0016508527130444488
2023-04-07,-0.029950115665221766,-0.030032087511396965,1158971329.54881,-0.032801600068175694,0.027387873068003162,-0.024046210023673242,-0.02548105282657145,-0.25938410857935684,0.0014348428028982084,0.0009824117160462083,-0.0014261862824324612
2023-04-08,-0.040789765633841624,-0.04046824863779008,611272602.75504,-0.0237021123067885,0.02402344549585777,-0.023781447596450057,-0.025649595182944993,-0.7552574699180165,0.0018681475864949365,0.0009668036060208962,-0.0019013855398859367
2023-04-09,-0.00618253293789206,-0.005896970800600476,545507636.61784,0.014174324172297722,0.019110878663939568,-0.023317546713165344,-0.024858282862313646,0.7519124915312555,0.0015407361491483022,-8.763322606759027e-05,-0.00028639388972544866
2023-04-10,-0.027240220814337635,-0.026893126314366467,484409619.41196,0.0197908223841556,0.014489461217798616,-0.021853122299484964,-0.024411798431859155,-0.25180041315384327,0.0025586761323741908,-0.0005391063718417345,-0.0012291660214082724
2023-04-11,-0.04032675186236345,-0.040079165209825574,484973373.07402,-0.006048764217160257,0.012953804392442026,-0.023383432986812214,-0.024745688431374983,-0.7874330249705299,0.0013622554445627683,0.0002439270136593648,-0.0017584498620732989
2023-04-12,-0.030607382993751653,-0.030157515548863367,693355377.32113,0.024755541575033173,0.016244433963555932,-0.02323233839404168,-0.024491362892322777,-0.34380027680043823,0.0012590244982810979,-0.0007577023422047824,-0.0012340814544312382
2023-04-13,0.006788238403435676,0.006873795743245648,874003618.41029,0.04749676205588689,0.04065277346081672,-0.022995002321151623,-0.02337630041690306,1.3682353501646491,0.0003812980957514367,0.0003224193442266178,0.0002741565596684065
2023-04-14,-0.021271929775412812,-0.020792260589485023,1158027024.65775,-0.016882283680216912,0.06105862547176338,-0.02184659059351169,-0.023589565056917828,0.027164735333408536,0.0017429744634061377,0.00035911875289417193,-0.0008818716012709318
2023-04-15,-0.029962970347896523,-0.029521258777332804,459873004.87146,0.006884514523133241,0.016384523891522458,-0.021052123142856278,-0.02407518382470089,-0.4351166022401016,0.003023060681844613,-0.00020628050451630426,-0.001207038674471342
2023-04-16,0.008461354447645952,0.008611932094957142,613985132.89906,0.013579905929243885,0.022860649433294414,-0.019549979096812636,-0.02373937110330115,1.3055031794017586,0.004189392006488515,0.00011490439743302139,0.0003447948233374876
2023-04-17,-0.023408263213957725,-0.022808452533136125,1734325476.0318,0.0231294546937705,0.060077405257664175,-0.018661212229717665,-0.023677739027780035,-0.22762277765957864,0.00501652679806237,-0.0005414203634670898,-0.0009947481228499116
2023-04-18,-0.02035681852308635,-0.019759168595421484,1045735707.27555,0.031724714911094305,0.024031497929627322,-0.01974224431207383,-0.02379528150061231,-0.030285950969325116,0.004053037188538479,-0.0006458142641417983,-0.0008741019290264151
2023-04-19,-0.06759833213216959,-0.0666917655610958,1354430834.76805,-0.06063801811235921,0.061950988319458514,-0.023311755583574307,-0.024803410888336378,-2.029483271398595,0.0014916553047620712,0.004099028888195773,-0.0029991219295878685
2023-04-20,-0.029356433689572525,-0.02824095239712643,2591365121.52,-0.06698752322133951,0.06292902162986902,-0.02163236930673228,-0.024634486582935298,-0.39126635654165504,0.0030021172762030174,0.001966514783475953,-0.0013772541582647868
2023-04-21,-0.07881304948199752,-0.07717610053566071,982347249.71792,-0.07199122166900847,0.057396901867349984,-0.026450357472997794,-0.025442624116996982,-2.5191979561862223,-0.0010077333560008124,0.005673847715669016,-0.003833579788979569
2023-04-22,-0.005223982478202993,-0.005314275435364446,395667449.49601,0.0165853782898143,0.016816803123966308,-0.02646180668553986,-0.025003932111456947,1.022371035899456,-0.001457874574082911,-8.664172558035822e-05,-0.0002418035040769915
2023-04-23,-0.056345703950839376,-0.05599487680789095,425108401.40067,-0.019994378747043462,0.02512213373188493,-0.027597216404133845,-0.02526987063009169,-1.3218617250705635,-0.002327345774042155,0.0011265973455618656,-0.0025468158585728482
2023-04-24,-0.016638608022162105,-0.016459982020851416,429496504.77591,-0.008856333190130147,0.017242266240570493,-0.027782077659766053,-0.025017983763519807,0.515132997516396,-0.002764093896246246,0.00014735705646423997,-0.0005828489240735099
2023-04-25,0.004754352872543999,0.004859475375827538,366650426.6701,0.018351461033386404,0.019282844488969976,-0.02697130456778062,-0.024197732944322033,1.4073694480484784,-0.002773571623458586,8.72493214794599e-05,0.0001599828039278174
2023-04-26,-0.022439805798321277,-0.020906583777905552,818794874.69832,-0.01641865627092421,0.07349181099684614,-0.02670081482800782,-0.02441816462555631,0.18885677077963936,-0.0022826502024515076,0.0003684314581889291,-0.0007926651006533192
2023-04-27,0.012645310924187303,0.012896673499755984,504809477.76674,0.003627044186396174,0.008174847924077789,-0.024469686222534003,-0.023869608491339747,1.5432329845581532,-0.0006000777311942554,4.5865101472745586e-05,0.0004104806365465891
2023-04-28,-0.021119533367237375,-0.021032370822827606,268658797.54208,0.004744078810221193,0.010293419222768822,-0.024049182303582366,-0.02335339816075576,0.12193289207124036,-0.0006957841428266061,-0.00010019273072927027,-0.000668371417944139
2023-04-29,0.013124847104401427,0.013224158117980833,253141012.31353998,0.009241640539552669,0.010459680335360676,-0.02148181979223746,-0.02285467863067239,1.3837730271026363,0.0013728588384349302,0.00012129511907546669,0.0004068857422833059
2023-04-30,-0.006697546329674675,-0.006488057730302588,264489790.5093,-0.018699123745935034,0.01685887357235048,-0.0215063442394652,-0.02258463835714644,0.5925080260301021,0.0010782941176812402,0.00012523824761271975,-0.00020691360289891181
2023-05-01,-0.044215403736163617,-0.044060528546613575,327404095.95197,0.0034344624486349557,0.015872725158632493,-0.022314686283361678,-0.022885551896476175,-0.8602579239569911,0.0005708656131144969,-0.00015185614378308767,-0.0013689005417239558
2023-05-02,-0.027467307527815565,-0.027358872542529666,224710876.20234,0.00216216300449517,0.005000458919736923,-0.02170233179124035,-0.023069420635183947,-0.22916656968602042,0.001367088843943598,-5.93887961697345e-05,-0.0008399799353542008
2023-05-03,0.01875194599315977,0.01957777605367772,384609158.55739,0.017109599301793205,0.024902210613481298,-0.019351887553768377,-0.022416703131389677,1.4351757378212877,0.0030648155776213,0.00032083828207183024,0.0005811857249913785
2023-05-04,-0.033209043938520644,-0.032905340348513556,260516355.96066,-0.013945459265893603,0.012198322842488186,-0.021256520046242487,-0.022393851661588964,-0.45953364828196674,0.001137331615346477,0.0004631153695039105,-0.000984262312664667
2023-05-05,0.016141501948224057,0.01735679832366621,402931318.67495,0.02092601254819172,0.014480160441172417,-0.019474928059402635,-0.02104242785733882,1.3065310744717928,0.0015674997979361859,0.00033777727231519767,0.00044260578355472517
2023-05-06,-0.1479611236342584,-0.1479277607468441,339244388.70674,-0.03069261790539194,0.024626425941333817,-0.025093887739705584,-0.022763981568982433,-3.141256898776085,-0.0023299061707231505,0.0045413142325587495,-0.004115217705008344
2023-05-07,-0.030211873562847935,-0.0299981182279756,192593612.35306,-0.003133161832036606,0.009834062287876979,-0.02693547002591958,-0.023231173448429385,-0.08541577588519293,-0.003704296577490194,9.465868912143094e-05,-0.0008215368909919435
2023-05-08,-0.08231057492813731,-0.08223167981149215,475963424.74011,-0.03943867710503317,0.03802743091634436,-0.02974034201230908,-0.024370012218698195,-1.3078158975963527,-0.005370329793610885,0.0032462201869204463,-0.002151805719981696
2023-05-09,-0.011903776906568742,-0.011868142631036971,245246522.347,0.00866282488598365,0.010062960647618495,-0.029337816221046337,-0.02417789628554819,0.4322020314464803,-0.005159919935498147,-0.00010312033482342117,-0.00030327669012965216
2023-05-10,-0.00854836386947233,-0.007940438754843404,413521452.7909,-0.0006839477730538105,0.017440259160633992,-0.026525912970441705,-0.0238813733713931,0.4541109789322091,-0.0026445395990486037,5.846634431779255e-06,-0.00019967090034445138
2023-05-11,-0.035392321167600826,-0.03475010873882345,437782049.1118,-0.007068146673728395,0.02833844894959359,-0.02681333618368115,-0.023387531673355187,-0.21646658451391262,-0.003425804510325963,0.00025015811713630483,-0.0007683892819377373
2023-05-12,-0.010110931709949256,-0.009017322010063888,455307516.59615,0.02224023410967882,0.02830380266241028,-0.023541806765964565,-0.023134995826418335,0.3541559853530402,-0.0004068109395462295,-0.00022486948829624664,-0.00020550706941857786
2023-05-13,0.0028077235030674608,0.00287373281381198,152268658.49423,-0.005984291743838682,0.004661842050138756,-0.023159344576380258,-0.0228892247458487,0.6805256692409096,-0.0002701198305315594,-1.6802236578388427e-05,5.544250987747208e-05
2023-05-14,-0.011384608004033181,-0.011389774321072688,139279840.29192,0.0008347245893687517,0.01537691705792449,-0.021018340007484725,-0.023375484795463173,0.2571934967731273,0.0023571447879784484,-9.503012241290801e-06,-0.00021952222407202186
2023-05-15,-0.0129310042842129,-0.012565067830402787,232575831.73876998,-0.011346461842597782,0.012657268481901155,-0.020841787448534762,-0.023363849812892554,0.2110243443436844,0.0025220623643577925,0.0001467211466972901,-0.00024651714145616614
2023-05-16,0.013655906559729925,0.014123795831227692,211654403.76733,0.014267157995290342,0.014520654109255312,-0.020417903939621146,-0.022920967381258393,0.9004682636681852,0.0025030634416372474,0.00019483097645658863,0.0002572399419254997
2023-05-17,-0.016009735534227576,-0.01582010929153077,450447542.13961,0.021762026612515587,0.026884468368286098,-0.02011171011752145,-0.022644400888795723,0.10837753732601624,0.0025326907712742742,-0.00034840429075519696,-0.00026604768071450006
2023-05-18,-0.024048672849186326,-0.022892383134445637,447675819.97479,-0.015414042336630967,0.02637187783850724,-0.021859042678158285,-0.022994183101237433,-0.05901860780159596,0.0011351404230791479,0.00037068726143714566,-0.000420476466208102
2023-05-19,-0.012210394456075968,-0.01212717470242708,211015660.30527002,-1.0028870095490916e-16,0.005551315961204878,-0.02143479796810298,-0.023176730098452863,0.2482317929619988,0.0017419321303498818,1.2245645981468835e-18,-0.00021073406159536446
2023-05-20,-0.01987720669846549,-0.0197324936685912,107965808.84913999,0.0029948293551823077,0.004419663775319819,-0.023006324339668073,-0.02275653057611853,0.08616830152605126,-0.00024979376354954466,-5.952884211959085e-05,-0.00033733527009529896
2023-05-21,-0.12738922120687146,-0.12680356433486117,161855793.41004,-0.022500606264847955,0.015609582249584749,-0.02875354695286792,-0.024525812635166153,-2.314908789879186,-0.004227734317701768,0.002866334708761434,-0.0021543389225988758
2023-05-22,0.04498776153037998,0.04610941104911559,281397594.80443,0.020239116121172393,0.02169464042578825,-0.024505777178270606,-0.022891195253705747,1.5324254987523207,-0.001614581924564859,0.0009105125296449726,0.0007732812945041504
2023-05-23,-0.007200316125587802,-0.007162448427961432,159132377.88637,-0.012280137946591373,0.008626487467419819,-0.023540682349593094,-0.022875482375881884,0.3591450557766893,-0.0006651999737112106,8.842087528128454e-05,-0.00012500736343033626
2023-05-24,-0.09586277689994516,-0.09604118481816604,293812783.5362,-0.01014807863283143,0.00874340688012277,-0.028998526296883802,-0.023860917414897955,-1.4220394221636263,-0.005137608881985847,0.0009728229979422198,-0.0015905460577564055
2023-05-25,-0.009811570886279153,-0.009479417173246962,204908367.71821,0.009644096872491986,0.01374853924656678,-0.027884360913443734,-0.02404529442694595,0.38296216037871506,-0.003839066486497785,-9.46237400985982e-05,-0.0001635169374987153
2023-05-26,-0.008299649259163933,-0.008276955449568635,159826547.80496,0.003389833754511276,0.004727294901462674,-0.029048225256652686,-0.023456581303189006,0.44769018157180085,-0.00559164395346368,-2.8134431209318403e-05,-0.00013446512705824615
2023-05-27,0.07819276586095159,0.07894898952512874,194443932.34373,0.016120415792741982,0.014241677671293048,-0.018278992423547448,-0.021475001102036435,2.2166120190122127,0.0031960086784889874,0.00126049989766306,0.001228157394262053
2023-05-28,-0.03338780982414835,-0.033181448594753915,219133189.21494,0.009293493156172398,0.01146372385670224,-0.01843022748360937,-0.021638558868780532,-0.343290606301174,0.0032083313851711606,-0.00031028938210030826,-0.0005270063270607543
2023-05-29,-0.021034434988845385,-0.02089744023086737,167462142.10585,-0.0008204567669320397,0.0067264895785796195,-0.015512316057928804,-0.021304623433318515,-0.13449341118238176,0.005792307375389711,1.725784452519026e-05,-0.0003006635306785073
2023-05-30,-0.025456430430731203,-0.025345347661742013,178035507.49005,-0.012376395601048952,0.019960620330277255,-0.01615768051146035,-0.021745913681526837,-0.22621620817657362,0.005588233170066487,0.00031505885360131035,-0.0003758690211494772
2023-05-31,-0.03566368683983279,-0.035537322520267534,172404964.14877,-0.010971570372822346,0.014411699786743922,-0.0174488863671918,-0.022428851640402602,-0.4412487944465439,0.004979965273210801,0.0003912866499175236,-0.0005214377830887191
2023-06-01,-0.03405532957955559,-0.033950659209579515,163659033.85529,0.0015420203518154557,0.009390780468881173,-0.017385220101094407,-0.021943641863835944,-0.4041035139215566,0.004558421762741537,-5.251401129945761e-05,-0.0004671949361252577
2023-06-02,0.0337482022460891,0.03405817171546843,178122278.80056,0.008580179956668595,0.011104506336123867,-0.015296689912711629,-0.021762951383891328,1.1479787888461903,0.006466261471179699,0.00028956564848549174,0.0004353412937451837
2023-06-03,-0.026913491994467242,-0.026870736442471177,96680349.93205,0.003998075222920221,0.009128714260661681,-0.01671198588878471,-0.02211104571690161,-0.23955546666330446,0.005399059828116899,-0.0001076021655053412,-0.00035290038150243805
2023-06-04,-0.025771234239950758,-0.025649430455269018,115283234.55395001,-0.001516927823114498,0.008047279953188645,-0.01739706332859031,-0.022004206580069626,-0.1965266010588986,0.004607143251479318,3.909310225458232e-05,-0.0003289277021754603
2023-06-05,-0.11143501551074864,-0.11102885711181087,424910449.98248,-0.07531297305265527,0.05687163144575635,-0.022087730529853918,-0.02357053187938491,-1.890447698482732,0.0014828013495309933,0.008392502320283235,-0.0016569063112972745
2023-06-06,0.01886506280405742,0.02043303742348468,517510170.43391,0.05263603460406945,0.04718195610707582,-0.021839675470600225,-0.023076294659333994,0.8574349869692335,0.0012366191887337695,0.00099298209856231,0.00030984190879129725
2023-06-07,-0.07374670925843452,-0.07335386224902363,307696055.66324997,-0.032919364891958826,0.025165134795149043,-0.024589055171752937,-0.023800526705760737,-1.0079013345837704,-0.0007885284659921998,0.0024276948316596042,-0.0012051863633932279
2023-06-08,-0.01183294191471096,-0.011859832579740437,152753332.496,0.008577396568510368,0.007214428492874008,-0.024007353698682683,-0.023445360866458324,0.24921092502821798,-0.0005619928322243596,-0.0001014958353746243,-0.000182582053699114
2023-06-09,0.02907657143780118,0.02977402298221299,345899513.40343,0.023314475807193806,0.021597057438594115,-0.022041307703736152,-0.0225084293251405,1.0190246609223117,0.000467121621404349,0.000677905021342758,0.0004708678192591853
2023-06-10,-0.07607563614555812,-0.07375854940557158,911558825.1851,-0.09342182800986046,0.12198655458379952,-0.024717423391692944,-0.02306852250786616,-0.9968031225327271,-0.0016489008838267843,0.007107124995731054,-0.0016578772366453586
2023-06-11,-0.030352533766118683,-0.03025617679266901,253372765.61054,-0.0019502687800341256,0.018991439152784464,-0.020096628751657096,-0.023452173314663406,-0.22344574787891988,0.00335554456300631,5.919559899899289e-05,-0.0006663451640314038
2023-06-12,-0.014311547989647955,-0.014311929103708487,208851352.44874,0.013282149840313465,0.014925440357233316,-0.02292040539546795,-0.023246956285700077,0.19811651009789458,0.00032655089023212597,-0.00019008812484534106,-0.00030957572728324717
2023-06-13,-0.014997155620085745,-0.014788235670636363,228574024.87112,-0.0037207840386276475,0.026673775525049095,-0.02329168346663452,-0.02284489920248932,0.19135778623643102,-0.0004467842641452009,5.580117725602996e-05,-0.0003372947076562641
2023-06-14,-0.026580932140541247,-0.026251263552956372,245241000.53062,-0.026825291848967304,0.0197480564363183,-0.019992548001901,-0.022780987284184394,-0.16447181847504938,0.0027884392822833948,0.0007130412622876141,-0.0006117497749112558
2023-06-15,-0.0013594289381441138,-0.0011833047305171984,259126379.23451,0.022195732391784448,0.01702279895116135,-0.01959006505198981,-0.022910315337225342,0.45341471128769695,0.0033202502852355334,-3.0173520916694444e-05,-3.149868449052366e-05
2023-06-16,0.0008565960930102534,0.0012059962377715117,213089484.25482002,0.007104825623744629,0.011500979932569776,-0.019154053368552942,-0.02255906889486942,0.49549427035781535,0.0034050155263164773,6.085965870818786e-06,2.0124083210943025e-05
2023-06-17,-0.025696792514242284,-0.02555802474342206,131019201.58528,0.004031288213631232,0.010547571099520483,-0.024101175195943125,-0.022491351786398717,-0.047391547679189024,-0.0016098234095444086,-0.00010359117679079219,-0.000599176563805861
2023-06-18,-0.012148141445199157,-0.011957958581739092,289548141.94518,0.0032284128121191115,0.017673123913278813,-0.023089762415993163,-0.022818486641840705,0.32472625396620713,-0.0002712757741524588,-3.921921548511614e-05,-0.0002868523510260864
2023-06-19,-0.0013920329725097824,-0.001284796679779543,148146292.01304,0.008206659624111792,0.006519421227643676,-0.022154409939024802,-0.02246902266975423,0.6101947395728738,0.0003146127307294272,-1.1423940790928351e-05,-3.285615230094989e-05
2023-06-20,-0.0390046750958567,-0.03874747290244085,192709852.13876,0.01340160453370558,0.02295564274115359,-0.02279956444688792,-0.022765020393131535,-0.47356430132583777,-3.4544053756385695e-05,-0.0005227252306003464,-0.0009261901429111377
2023-06-21,-0.004714446386342885,-0.004579314875377882,401282225.29104,0.0245553222439554,0.021194418869314724,-0.02132579109195983,-0.02176686347653111,0.48423823740404776,0.00044107238457128176,-0.0001157647502185006,-0.00011347014945783181
2023-06-22,-0.017179324756449565,-0.0170170686693627,418328930.15683997,-0.04476355254632664,0.04125768126828545,-0.020522171814669067,-0.021573576033148207,0.09777713155870542,0.0010514042184791399,0.0007690076064457402,-0.0004395515226622699
2023-06-23,0.011267106281574124,0.011853651303897372,311399365.87947,0.030208382859668495,0.0257408320320958,-0.021592700193931686,-0.02014373229086929,1.0041267185363294,-0.0014489679030623946,0.000340361060274367,0.0002961338579757622
2023-06-24,-0.033422720495181135,-0.03291226487164467,246918235.43938,-0.019758497643252246,0.03412620126017228,-0.02190266345587044,-0.020591331307011806,-0.3511313448743383,-0.0013113321488586356,0.000660382744135115,-0.0009182358099691705
2023-06-25,-0.024758224891678005,-0.024514504173091867,179689480.74035,-0.012813047761992921,0.013029676463171071,-0.0218544249154765,-0.02008994275051718,-0.08852193105290451,-0.0017644821649593218,0.0003172283180392323,-0.0006860667074858734
2023-06-26,-0.07934695057716734,-0.07895663714143675,243098295.38658,-0.018385687194099994,0.018877689931258674,-0.020326421823401202,-0.021085313267263293,-2.0392783184833854,0.0007588914438620906,0.0014588482131175108,-0.0020551989215098587
2023-06-27,0.016614589892731235,0.016707498767563278,202251979.22626,0.004282006848602689,0.015662379994652125,-0.02043358720013102,-0.020897055536784132,1.2866951713794414,0.00046346833665311324,7.114378770740015e-05,0.00040540414597683153
2023-06-28,-0.07704920152539785,-0.07641612238558326,287577512.47276,-0.03967592129583428,0.045339827843939494,-0.020590848736653084,-0.021763871341975823,-1.939726927024657,0.0011730226053227391,0.0030569980556285595,-0.001954059466806035
2023-06-29,-0.008955386416911737,-0.008694923896657714,158838345.93778,0.012542833326164652,0.019280190439744174,-0.020453822284376928,-0.0221067395537393,0.3943714052943448,0.001652917269362373,-0.00011232591919872279,-0.00023226466729734906
2023-06-30,-0.011935062712551847,-0.011179021583141213,456779148.118,0.016546867095941435,0.048847990146720595,-0.02240675724391755,-0.021960954305252224,0.3883591437650933,-0.00044580293866532464,-0.0001974878964863217,-0.00032503250292675623
2023-07-01,0.002328620759834754,0.002512797021502644,501073387.40282,-0.015068381311535779,0.02380923282370296,-0.018673221200803603,-0.022132322977388205,0.8581173115574943,0.0034591017765846013,-3.508854553914825e-05,5.25297334940876e-05
2023-07-02,-0.016852308981561315,-0.016542713815262178,355704863.82477,0.017200898587096627,0.01789534488062404,-0.01803035335391992,-0.02229350968614831,0.048421247179929995,0.004263156332228391,-0.0002898748577502538,-0.0003792798925187468
2023-07-03,-0.028126978012172676,-0.0279808767949411,230899197.69162,0.0024873814858455134,0.0070371511362223565,-0.018688230974040144,-0.022038137849259568,-0.3866730910357282,0.0033499068752194244,-6.996252436026215e-05,-0.0006224633996847901
2023-07-04,-0.025466737723954913,-0.024917393260007636,554601829.51841,-0.00058055154025361,0.03938646182312437,-0.01918678250279582,-0.02200638277300781,-0.2569761552874707,0.00281960027021199,1.4784753810876739e-05,-0.0005790077144932981
2023-07-05,-0.06251777452529095,-0.06200583340304966,293372306.5631,-0.0314639303635219,0.03771097478180124,-0.020898060711593423,-0.023296378336792743,-1.5898818271607424,0.00239831762519932,0.001967054904146118,-0.0014748704880700727
2023-07-06,-0.06940346233243255,-0.06887196290242192,308502778.56859,-0.03562872109002313,0.02741083921625507,-0.02413825277798811,-0.023870892914473883,-1.6282789881974262,-0.00026735986351422714,0.0024727566021241656,-0.0016716439670948274
2023-07-07,-0.038089394716001035,-0.03801918646475566,195552840.83872,-0.0010707458001972142,0.009901083411735198,-0.02599282376889341,-0.02473170079803301,-0.442385859200373,-0.001261122970860399,4.0784059424212066e-05,-0.0009145150043472388
2023-07-08,-0.022381337866546613,-0.022281722009663052,136065781.57672,0.009023537559877004,0.008158554582737215,-0.025834944976145996,-0.02273837086521219,0.12625001552527287,-0.003096574110933805,-0.00020195884287908081,-0.0005348230841710519
2023-07-09,-0.0383634145634989,-0.038326564700637444,129787302.6407,-0.01368634502218908,0.011678886313297275,-0.02708329131511265,-0.02286776040490506,-0.41322795792570616,-0.0042155309102075884,0.0005250549279453192,-0.0009057793651845417
2023-07-10,-0.017008684027172705,-0.016556394801954144,287814827.10521,0.00769826742575253,0.018666999250350716,-0.027826941365334694,-0.021831222454096102,0.4041138529067102,-0.005995718911238592,-0.000130937398201301,-0.0004114222959526258
2023-07-11,-0.05665218205667866,-0.05652253101046556,147653313.87911,0.00015329194480873402,0.011472225085205083,-0.02866729883965955,-0.02254151459933594,-1.021042739746358,-0.00612578424032361,-8.684323165126737e-06,-0.0013393780143659655
2023-07-12,0.0069618989609165904,0.006949165768987298,190009071.13235,-0.0029197101033348483,0.019016096775010757,-0.028111282394551955,-0.02229531995123453,1.251284355701463,-0.005815962443317425,-2.032672673458455e-05,0.0001638719358011341
2023-07-13,0.0268110422436465,0.027095198740187287,687862983.06521,0.08533454142961963,0.05086797199323104,-0.026016503013595,-0.021307964976452827,1.7361082234380094,-0.004708538037142173,0.0022879079951117344,0.0006433585487117411
2023-07-14,-0.038859619766905995,-0.03799991083288157,726623015.4650099,-0.03516688180362415,0.07720849979588951,-0.02840348996828453,-0.021764293358309282,-0.3568274842266713,-0.006639196609975247,0.0013665716552765598,-0.0010277153269337982
2023-07-15,-0.005652673087305771,-0.005695953740967874,1085146360.0106,0.05721566067605434,0.07681583912623834,-0.027081106758385702,-0.021898585367680287,0.7217570121539062,-0.005182521390705415,-0.00032342142527595145,-0.00016098649181650127
2023-07-16,-0.04793877699600668,-0.04754289027182834,470039566.68284,-0.01613283615535125,0.026371300225132652,-0.028184942572877545,-0.022478810272314787,-0.6578564584639831,-0.005706132300562758,0.0007733884347644974,-0.0013957387239842288
2023-07-17,-0.0360843506980798,-0.03523882769579201,557718940.94073,-0.008843303958579444,0.031195935319405947,-0.026124818769111473,-0.022846323707455526,-0.3590468652282604,-0.003278495061655947,0.000319104881371098,-0.0010717632685199277
2023-07-18,-0.04087147053818363,-0.04047422022782765,292182149.99975,-0.016906695598756634,0.02372567041592638,-0.028862250218202656,-0.02371183762964463,-0.46015595210461124,-0.005150412588558025,0.0006910015110626206,-0.0012296416929886433
2023-07-19,0.005494376751235874,0.005566547958934853,536098453.93141997,0.007168489478612486,0.03286154926174835,-0.02493160363360105,-0.023370502514002356,1.2341284073312437,-0.0015611011195986943,3.9386381932767414e-05,0.00016203670470303999
2023-07-20,-0.027204624544379108,-0.02682796440665569,699625298.75705,0.004403103484680675,0.03615524035942416,-0.02580061497300426,-0.023420596985354626,-0.05758228842353117,-0.002380017987649634,-0.00011978477713078507,-0.0008241626065507044
2023-07-21,0.0004068453029184571,0.0006250004950596466,1016681027.18733,0.020570891726279808,0.03411916716812198,-0.025212905067505672,-0.02322032333838646,1.029844133400571,-0.001992581729119213,8.369170675681091e-06,1.2040005992325514e-05
2023-07-22,-0.06866972522464798,-0.06814181384792561,395770374.11121,-0.02854937810671846,0.018033106225423878,-0.028593778685814374,-0.023994807759436975,-1.555978889782529,-0.004598970926377399,0.0019604779499229376,-0.0020132946376640267
2023-07-23,0.0009696764699222982,0.0010724230609640006,335502597.19941,0.012762251613851293,0.013308483753548657,-0.0277451127119342,-0.021957364939170408,1.085761349678565,-0.005787747772763793,1.2375255093179474e-05,2.8217679288097046e-05
2023-07-24,-0.007809172737773817,-0.00725284691816086,2376420416.03717,0.04635952208478433,0.08581831867112229,-0.026777598175058065,-0.02279541151485539,0.7077430287258863,-0.003982186660202676,-0.00036202951600072103,-0.000256543671687984
2023-07-25,0.011504806442212967,0.011733642155975943,3149053971.35036,0.06291858663893436,0.059655486942327966,-0.025017048452859597,-0.022498504807429976,1.3008343538096059,-0.002518543645429621,0.0007238661608985467,0.00038905542549522707
2023-07-26,-0.022848087176800758,-0.0225387539249029,1793618790.52611,-0.029346907465204224,0.02116340030094763,-0.02312801572197911,-0.021339541478491177,0.010472990617240581,-0.001788474243487933,0.000670520700134491,-0.0007546447431065826
2023-07-27,-0.012861867150586237,-0.012670019720931514,864061388.16689,-0.006296198120378664,0.025519841807833295,-0.02043555880855786,-0.021387958879511924,0.30791283374687667,0.0009524000709540646,8.098086377808115e-05,-0.0004236537695147848
2023-07-28,-0.020330660871178186,-0.020260367480824493,557859566.59509,-0.004785007513338292,0.01905770606473557,-0.019589904815947246,-0.021578927317797866,-0.03053080458326309,0.00198902250185062,9.728236501972044e-05,-0.0006785312364730918
2023-07-29,0.0045926366809183605,0.004799688845137373,768991232.86698,0.03141089036322959,0.03741177856041447,-0.018305429837496532,-0.022747183336528552,0.9227462972273754,0.00444175349903202,0.00014425880726247326,0.00015967580873266161
2023-07-30,-0.040774214774316864,-0.04014423941330636,733876700.99822,-0.027696996500408917,0.022902053472948686,-0.018420229847535483,-0.0228644278595471,-0.8971046788215238,0.004444198012011617,0.0011293232839111758,-0.0014394203984880603
2023-07-31,-0.01750379384873313,-0.017170662056552044,600340327.6576899,-0.01200985433124561,0.025325760260387294,-0.018443806505705027,-0.022808385936688175,0.03772612759731547,0.004364579430983149,0.00021021801436743782,-0.0006234729939141386
2023-08-01,-0.010080120521181013,-0.009524741915225121,560029247.90576,0.025544338667854948,0.013594137215982459,-0.016226089289728948,-0.022564317525425474,0.2629788666158869,0.006338228235696526,-0.00025749001240584233,-0.0003600654300423167
2023-08-02,-0.056365876475055754,-0.05579223012555479,578848887.70574,-0.04378336429785655,0.02721329189016936,-0.01924169764382287,-0.022892923710111555,-1.5279750400910885,0.003651226066288687,0.0024678877036753487,-0.002035410823035691
2023-08-03,-0.020497355254107563,-0.020107071843287416,511175911.05198,-0.013102098685941204,0.01588234917114429,-0.021494478477049255,-0.022677717768437775,0.04555883134847274,0.00118323929138852,0.00026855837134011275,-0.0007060254633597592
2023-08-04,-0.03198117451162563,-0.03181763355904377,420046473.21866,-0.011376070680245822,0.01772003018275526,-0.021166933464893047,-0.023721041209036422,-0.4991811403466412,0.0025541077441433753,0.00036382010168152935,-0.0010109865226572716
2023-08-05,0.0015765449541191856,0.0015891088252384389,697085503.88529,0.024339259780429397,0.02639069851577365,-0.020822684986729952,-0.023268818400328697,1.0191670450709802,0.002446133413598745,3.8371937193832e-05,4.605202716975202e-05
2023-08-06,-0.022417625278937536,-0.02218963908810523,396953960.68076,-0.022110650345867868,0.016922807804333414,-0.019607392047821897,-0.02321558651205865,-0.1332412237611587,0.003608194464236752,0.0004956682741272765,-0.0006447488513891234
2023-08-07,-0.04639786515502842,-0.04576201317600537,467074313.25983,-0.022061696497833218,0.013999737722661372,-0.02009851178386707,-0.02218325079212658,-1.2171160406926198,0.0020847390082595098,0.0010236156191976284,-0.0012964460898083666
2023-08-08,-0.008618941019012505,-0.008358077191580882,374657291.31627,0.015735648469330284,0.010990555336974196,-0.018562677044858922,-0.0226195048210642,0.46904468659230153,0.00405682777620528,-0.0001356246260530721,-0.00023560306250790865
2023-08-09,-0.010028372489842674,-0.009947228130621766,336661824.68469,0.008926846303023313,0.016856258008520517,-0.019301855580148377,-0.021608102650134173,0.45058874596808,0.002306247069985796,-8.952173988629278e-05,-0.0002664873849775961
2023-08-10,-0.006554853946173278,-0.006310547594150617,460614561.82254,-0.0010542963549059607,0.01665540564246124,-0.018318533170710003,-0.021524323476030397,0.5689139033859176,0.003205790305320394,6.910758622391439e-06,-0.0001680977857332271
2023-08-11,-0.05097465787932709,-0.05083322617643027,248399421.63271,0.002778330820726596,0.006419173967621124,-0.0207652714174836,-0.02279497790963561,-1.413043475644473,0.0020297064921520093,-0.00014162446306212827,-0.0012399958894680663
2023-08-12,0.0018186735257745834,0.001926083991298455,352221461.04473,0.007725079333668202,0.008635657728329997,-0.017408681000796813,-0.02155856029580493,1.0190629487655045,0.004149879295008117,1.4049397268650717e-05,4.34267136653351e-05
2023-08-13,-0.058480922418661985,-0.058165171420565875,279170228.71248,-0.02170833095809395,0.018360441908500103,-0.020239661900253208,-0.02200504265536911,-1.877116247630866,0.0017653807551159008,0.0012695232185989305,-0.0014104899255385254
2023-08-14,-0.019056947913632882,-0.01855598205275022,500660603.99283004,-0.001472261525386316,0.013429866715293313,-0.02077527024196078,-0.02208036646368633,0.08516619507946985,0.0013050962217255498,2.805681120453272e-05,-0.00039394018100906544
2023-08-15,-0.10734405544600167,-0.10624589557179642,475615101.44806,-0.050636762756912965,0.0361520099207325,-0.02643473985568529,-0.0235461902704469,-3.0667455539393935,-0.0028885495852383897,0.005435555468984098,-0.0020988470066919253
2023-08-16,-0.046126407540521885,-0.04575304838143002,480735490.13703,-0.056032604545695155,0.032661688078342084,-0.027543231301576772,-0.023856435911716434,-0.6956983573199244,-0.003686795389860338,0.002584582752831634,-0.000927143537131082
2023-08-17,-0.0460148599474961,-0.04588119705422977,744623419.50798,-0.1113119409609515,0.08568766629426658,-0.029121945244286764,-0.02456525227694424,-0.6308015932123198,-0.004556692967342523,0.005122003373802138,-0.001056740186590166
2023-08-18,-0.031721004426959576,-0.031314675446263984,521672404.7277,0.036906936304418395,0.027351303174845496,-0.02966434255646683,-0.0250823570471025,-0.0770043966515319,-0.004581985509364332,-0.001170725089897971,-0.0007410066988881446
2023-08-19,-0.014535135319786896,-0.014385472680302547,225792058.2177,0.00015687504934511838,0.012624389982933587,-0.0305751888422147,-0.024905187885285743,0.6218974294655816,-0.005670000956928958,-2.2802000705295424e-06,-0.00032238603652114383
2023-08-20,-0.010723485583703063,-0.010626650039028185,180413786.76147,-0.004379797397066439,0.007857923259282012,-0.029144201737899757,-0.02488257430018263,0.7076589727583019,-0.004261627437717127,4.696669424698216e-05,-0.00023016233423696372
2023-08-21,-0.02314053049904885,-0.0229424938328453,311562032.1853,-0.01902403600469698,0.03065676531996996,-0.029412617768867173,-0.025227788546635634,0.2418541395030391,-0.00418482922223154,0.0004402262853816939,-0.0005025485844275811
2023-08-22,-0.009048226962999228,-0.008682983370009723,349151354.98601997,-0.000319693097352289,0.0187665322662961,-0.029363479980382325,-0.02475228936992361,0.7821754652264996,-0.004611190610458716,2.8926557033477187e-06,-0.00019873118655890976
2023-08-23,-0.006645516065807211,-0.0063591384393862915,332923901.09128,0.01932886538248189,0.025642574903390097,-0.02699584377041811,-0.024782941269597646,0.7933100844997681,-0.002212902500820464,-0.00012845028543310825,-0.00014546206697016375
2023-08-24,-0.035859815425483,-0.035937392941698176,212884192.22762,-0.013082383761617326,0.01589376991052146,-0.027727389492864556,-0.02507945699450294,-0.31672177540865054,-0.002647932498361618,0.0004691318670169333,-0.00078494618375754
2023-08-25,-0.011121380109751944,-0.011040681644309602,200056537.14401,0.010518025252204211,0.010259081355601494,-0.02673406594991819,-0.025434829794365257,0.6026540510205777,-0.0012992361555529339,-0.00011697495683373259,-0.0002394879622998732
2023-08-26,-0.0333448721326941,-0.03328629166015651,75328130.98887,-0.005395981986518942,0.005339851657735873,-0.028396990573099776,-0.02543359410607181,-0.19707261152570327,-0.002963396467027965,0.00017992832937079484,-0.0006846233559026086
2023-08-27,-0.009489607449596815,-0.009520842753095171,106949864.37193,0.005400267253516288,0.008818662358124119,-0.027781370676464506,-0.02519123509905465,0.719654674896259,-0.0025901355774098564,-5.12464163587819e-05,-0.00019117461105275387
2023-08-28,0.023230530322872367,0.023667886897578594,180392183.97257,0.015092827604722798,0.014155390969371158,-0.024465732796564468,-0.023563021116514336,1.744783383091223,-0.0009027116800501313,0.00035061438932939805,0.00046816705546914557
2023-08-29,0.0027900394207869272,0.0025906266472839334,606280644.51381,0.04847375853477195,0.06797867674384318,-0.023922448013716874,-0.023782458425592817,0.9616763767260934,-0.00013998958812405649,0.00013524369718572048,6.379931197841853e-05
2023-08-30,-0.03800786122981936,-0.037908398060790605,256636732.63742,0.004262451270076692,0.012473480932918765,-0.02525480462038243,-0.023162754611377286,-0.45959851613099656,-0.0020920500090051454,-0.00016200665637194222,-0.000861186306203256
2023-08-31,-0.033579906393047754,-0.0330776176607539,430824289.33713996,-0.02616045787394937,0.035388267575608374,-0.02654171187975741,-0.02355362000782389,-0.25628063905305526,-0.0029880918719335167,0.0008784657266064889,-0.000790811872555934
2023-09-01,0.0026034751290584524,0.002849619369192702,255924249.51358,-0.0012523483164662657,0.01577736408429786,-0.02399037221269143,-0.023322849565893568,0.9646624509291967,-0.000667522646797862,-3.2604576948381463e-06,6.247241459011493e-05
2023-09-02,-0.028486429920318024,-0.028117629524343157,201660926.2417,-0.003932368417721177,0.01088174920203129,-0.025433472376791076,-0.02381197735446742,-0.11334372979178857,-0.0016214950223236574,0.00011201913735228619,-0.000686600900784687
2023-09-03,-0.04581056296160335,-0.04571379557946276,101501994.29195,-0.007417377966542309,0.006133714418940804,-0.02483012192645495,-0.024271632179547455,-0.7979675579297293,-0.0005584897469074965,0.0003397942603462959,-0.0010774878459629289
2023-09-04,-0.028708230109774968,-0.028385098261215602,155913058.5645,-0.0020538754356485447,0.00673435916828517,-0.02528970679293791,-0.02428085840331892,-0.13012669120709605,-0.0010088483896189895,5.8963128623412734e-05,-0.0006660790885061624
2023-09-05,-0.011574763127113363,-0.011440489868877912,230806373.86194,0.012420566875464379,0.014319406040942345,-0.020729264301562272,-0.024060350870035718,0.4956909968022421,0.003331086568473446,-0.00014376511948797072,-0.00025652024088512445
2023-09-06,-0.00475114555553624,-0.004608052162548115,221657344.41799,-0.008922341416347613,0.012347862050052463,-0.01875901373084867,-0.023143420251468184,0.7861265774604114,0.004384406520619513,4.239134276525689e-05,-0.0001006991254456377
2023-09-07,0.0028861643455431185,0.00297255695552745,148873025.93046,-0.002040977237258675,0.013585888074148844,-0.016430393526418233,-0.021995965859754288,1.1187917753338281,0.0055655723333360545,-5.890595732241086e-06,5.126199140797717e-05
2023-09-08,-0.019874967401449006,-0.019747185605313633,151357501.60295,-0.00031397174512242613,0.01634164866158285,-0.015866296525203445,-0.021706847965872505,-0.23676122009876235,0.00584055144066906,6.2401781992842755e-06,-0.0003425851528053894
2023-09-09,-0.07353016882520458,-0.07344628821097388,84597290.02645,-0.002994722074221937,0.004763317269083859,-0.018675583834985236,-0.02251873417156549,-2.601675122523589,0.0038431503365802533,0.00022020241970210588,-0.0012399157290314377
2023-09-10,-0.09312986994441597,-0.09302924255445699,246072175.6022,-0.028325034924499597,0.017288866413179088,-0.02259969737597157,-0.023388042987135604,-2.66124927362532,0.0007883456111640354,0.0026379068186896874,-0.001612243151925365
2023-09-11,-0.02490050851332437,-0.024573969577065702,320986793.04021,-0.01282279611272756,0.03244170980788962,-0.022683505852841828,-0.023513310042471345,-0.08363764755529947,0.0008298041896295169,0.00031929414376959526,-0.0004331884240708556
2023-09-12,0.011416655881154592,0.011640453959502972,280308638.51373,-0.011923375230126928,0.017043932535697214,-0.021708987622167837,-0.02243285229742637,1.2091895744139776,0.0007238646752585343,-0.00013612507194424157,0.00019767644680821134
2023-09-13,0.0032413979976519958,0.0033582711241773033,204157492.66759,0.008531635015214761,0.009634736546031716,-0.021238182190574544,-0.022491907868271842,0.8821661020787591,0.0012537256776972983,2.765442465501478e-05,5.365312239639619e-05
2023-09-14,-0.0258321732432768,-0.025532014449887397,225392685.13125,0.012327812247463255,0.009530097215161992,-0.020760675419993296,-0.02332751446330237,-0.18394375308534727,0.002566839043309073,-0.00031845418168706033,-0.0004197581315569723
2023-09-15,-0.012153198556710487,-0.011957425993031512,162840519.60721,0.005941406478131139,0.010807614882566484,-0.020809809631753225,-0.02290360301552149,0.3141713007925598,0.0020937933837682637,-7.22070926348537e-05,-0.0001978000177425321
2023-09-16,-0.05014367412124754,-0.04998868059066364,150534904.10678,-0.0048200607458935806,0.005818243904223798,-0.021609752583589104,-0.023609809381139612,-1.0128178681730868,0.0020000567975505083,0.00024169555528670504,-0.0008172582887717354
2023-09-17,-0.03221399194389918,-0.03189664856202956,176565594.28235,-0.008270540940163992,0.008972913819053732,-0.022691866130936836,-0.02336020961840775,-0.3386202430372658,0.0006683434874709127,0.0002664271392181312,-0.0005252709832828861
2023-09-18,0.001463577607086819,0.0016982698191665424,252876156.72329,0.0025860690022631726,0.013979597718700885,-0.023728387688831384,-0.022764210756420974,0.9432097872073557,-0.0009641769324104099,3.7849126820937314e-06,2.3852373585496443e-05
2023-09-19,-0.005640434858012355,-0.00538721307678558,214452186.85119,0.006566853101421208,0.014960332643117974,-0.024129838844964686,-0.022204987967846826,0.7016530382781584,-0.0019248508771178598,-3.7039907140702727e-05,-7.768358821750587e-05
2023-09-20,-0.011145743871843528,-0.011029199741379725,211836031.36266,0.0038418488105645804,0.009249165526452349,-0.022850690399346788,-0.022469116866625866,0.44512663083921616,-0.00038157353272092256,-4.2820262836899516e-05,-0.00015179483453601897
2023-09-21,-0.018797546591869274,-0.018259435713346428,270871828.09734,-0.02642331913057565,0.015405285879994828,-0.022146768504052575,-0.022335671184839995,0.12787270148323335,0.0001889026807874207,0.0004966935724688266,-0.00023811819523557917
2023-09-22,-0.020742560357567497,-0.02059390976251363,146731916.71503,-0.0017876010285567399,0.005366809167780538,-0.02325848447960619,-0.022671376036593742,0.0983665162384841,-0.000587108443012449,3.707942223008792e-05,-0.000252473753836041
2023-09-23,-0.01767526536140429,-0.017553638382116654,111971902.59157,0.00048816207950126613,0.008100028775249693,-0.022743667119657918,-0.021861940165748602,0.19817524938223208,-0.0008817269539093155,-8.628394294559818e-06,-0.00021279801628789894
2023-09-24,-0.04610644372765793,-0.04557928108787879,106605521.2067,-0.014407583863272264,0.009870147495317198,-0.022757756679946232,-0.022609180168884795,-0.9124582509410314,-0.00014857651106143718,0.0006642824546434751,-0.0005632933208156106
2023-09-25,0.014539759901201377,0.014689312448625591,108095106.92235,0.0014789255838330454,0.008738765947363341,-0.020698328584185452,-0.022254435206361382,1.3149668061194792,0.0015561066221759304,2.1503222900676548e-05,0.0001790234735122438
2023-09-26,-0.029141245807189686,-0.028844471811352634,165738047.27144998,-0.007071816331625757,0.007090306585402777,-0.021534827759427184,-0.022899610638891583,-0.28410962989137706,0.001364782879464399,0.00020608153802320465,-0.00034877529487291234
2023-09-27,0.0028050302697211205,0.0030802757160579564,182183339.13244,-0.005112569889353514,0.016922441084305358,-0.021175009862986354,-0.022492418298470603,0.886215702025439,0.0013174084354842484,-1.4340913295701368e-05,3.4182880261740126e-05
2023-09-28,0.024834780759143582,0.02494361936380729,232508832.11780998,0.017226248296927805,0.010367304724077687,-0.020129837652814904,-0.02189405880783997,1.5819122061510777,0.0017642211550250655,0.00042781009975677254,0.0002988372321608702
2023-09-29,-0.006475380721043256,-0.006405682966998616,234961611.46033,0.0095493159095849,0.012379822338245671,-0.01949176209660511,-0.021674133726091793,0.4554335753800218,0.002182371629486684,-6.18354561400777e-05,-7.669670348091828e-05
2023-09-30,0.01763954240091503,0.017697131552596,170603983.55558,0.003229455414548724,0.00800208257025229,-0.015150347276313697,-0.021467039984504544,1.2220353734196847,0.006316692708190847,5.6966115716796845e-05,0.00021164948214746763
2023-10-01,-0.0041896233779336045,-0.003937181377626442,221371072.97948,0.01821136592558269,0.02380189747001037,-0.010915097439814538,-0.020886332184561957,0.3349785923209949,0.009971234744747419,-7.62987644259247e-05,-5.1568924334184834e-05
2023-10-02,-0.024577240820868318,-0.02417434136975205,382537315.48943,-0.024393397633690774,0.017052029223812843,-0.010899703740173773,-0.02099860912062759,-0.6816211387083372,0.010098905380453816,0.0005995224080824175,-0.0002845032794814941
2023-10-03,-0.03466192073191221,-0.03452717914884895,189075446.88103,-0.012800952567598143,0.007553773868266013,-0.013093921674129335,-0.021388796425559835,-1.0771516081545836,0.0082948747514305,0.0004437056031910549,-0.00038557821156560436
2023-10-04,-0.043961315595064776,-0.043802314417795474,199827968.86422,0.009818439209289482,0.009216997996956031,-0.01534166994044918,-0.021191898633813946,-1.3802896988003661,0.005850228693364766,-0.00043163150473053317,-0.0004881499209688672
2023-10-05,-0.012003337242780798,-0.012052294295825217,161041933.82602,-0.003282458223789704,0.006797724639422036,-0.014683153940425561,-0.02105707295109447,0.13006371442987807,0.006373919010668909,3.940045304548706e-05,-0.00013172421493774986
2023-10-06,0.008692133314096129,0.008691850318444772,144738691.95841,0.005068268839852142,0.0030797738525855348,-0.01369051908943477,-0.02041146489036873,1.0545598617977656,0.0067209458009339605,4.405406842767414e-05,9.218853630408154e-05
2023-10-07,-0.026050679561960388,-0.02601876939595682,75944073.921,-0.001627339659375272,0.007678224391844868,-0.01254323363423062,-0.020849992263639833,-0.6837129527369435,0.008306758629409213,4.239330400485498e-05,-0.0002786001409367428
2023-10-08,-0.04623584915868828,-0.046117203135571994,84981324.39491001,-0.010291686036547686,0.008159151322444505,-0.013210941120649149,-0.021228059309350164,-1.597729328362131,0.008017118188701015,0.0004758448431743973,-0.0004926796603191819
2023-10-09,-0.07331111143899383,-0.07345854806573149,315342761.63738,-0.03614246486329292,0.029165506881000707,-0.01677164059903394,-0.02165525369480993,-2.340087269228401,0.00488361309577599,0.002649644269272786,-0.0008342021532489389
2023-10-10,-0.003498633435566667,-0.0034533981936698543,145737586.41056,0.0022032040095953647,0.009040534775317091,-0.016669650055107958,-0.021573978971263175,0.5439183191951404,0.004904328916155217,-7.708203213344887e-06,-3.882446427009901e-05
2023-10-11,-0.021524359725359377,-0.021222989313251617,190418338.33119,-0.004947549118097664,0.016082292090868807,-0.01716386985765633,-0.021756454959128514,-0.1801662181880558,0.0045925851014721845,0.00010649282697681867,-0.00024586036011919855
2023-10-12,-0.03286444839244573,-0.03267886369400563,136900352.86847,-0.005172425324987779,0.006198667949133359,-0.01783372232435045,-0.02217406756938681,-0.6149162226439915,0.004340345245036362,0.00016998890515684023,-0.0003609835442643992
2023-10-13,0.020754277317745373,0.020689668005599016,157644223.00722,0.008950145804075767,0.01037174128693864,-0.015857682435049834,-0.02103551304244915,1.4171798917338356,0.005177830607399316,0.00018575380805204363,0.000232911630902115
2023-10-14,0.03184471987771542,0.03203920113359304,113913781.2888,0.020772510818973727,0.01415771876202918,-0.013499587899853657,-0.020558909132100883,1.6286189573419292,0.007059321232247225,0.0006614947881870313,0.00036655836117959313
2023-10-15,-0.02624091689348751,-0.02632955507395518,94680959.88891,-0.002694965417514538,0.005135819916469136,-0.012553610431559828,-0.020047163012653673,-0.5068662633987853,0.0074935525810938455,7.071836355182185e-05,-0.00029613821596137535
2023-10-16,-0.004390707905632452,-0.004477170267732311,313377273.51179,0.009216655104923926,0.01180256736406077,-0.013455061279504296,-0.019814365552209216,0.3438354311887097,0.006359304272704921,-4.046764043267718e-05,-5.019130673728972e-05
2023-10-17,-0.03284444619487514,-0.03284782902549588,162371350.26215,-0.01564240119398027,0.012904247902153191,-0.013631404155108365,-0.01863183207203261,-0.7254378660935563,0.005000427916924245,0.0005137660043743357,-0.0003845464052204443
2023-10-18,-0.02407524791130533,-0.024072789621564006,145547645.06775,-0.006130809393801293,0.005671999903086715,-0.01491141740182391,-0.018281813665219644,-0.348440259072595,0.0033703962633957335,0.00014760075605272567,-0.00026897770273133807
2023-10-19,-0.007536485038299845,-0.007336528541102005,156750061.10959,0.011458013341134936,0.006123745921196077,-0.016452906249321216,-0.01767104580951812,0.36015903915563313,0.0012181395601969028,-8.635314611410346e-05,-8.267750914618224e-05
2023-10-20,-0.02287568678209051,-0.022832906559124067,216515735.01029,0.007208144527757013,0.009877379979211552,-0.01723387320460918,-0.017530643942139244,-0.2285523943814029,0.0002967707375300631,-0.00016489125649700914,-0.0002482272124039211
2023-10-21,-0.007809620144791363,-0.007860312128602498,187836065.82332,0.023655060466509687,0.017628713361455398,-0.018445738087738056,-0.017423889733012333,0.45293314973345983,-0.0010218483547257233,-0.00018473703674551183,-8.832327420846137e-05
2023-10-22,-0.021508454077341255,-0.02128530810191731,197895123.08448,0.007160323513538189,0.016843555932042023,-0.019270444311519374,-0.017595079709101825,-0.096216640167575,-0.0016753646024175485,-0.00015400748946984292,-0.000236124077080918
2023-10-23,-0.008234333441644148,-0.008519411287103651,834315957.98874,0.07462130454771171,0.060501138490686605,-0.018492210626794413,-0.017358473406603337,0.43936752693999587,-0.0011337372201910764,-0.0006144567034963351,-0.00010743502531049958
2023-10-24,-0.029747598186231627,-0.029400243061214915,830789413.76448,-0.014457364861055774,0.04459485929648641,-0.01825819526747629,-0.017687034854591156,-0.495213451567654,-0.0005711604128851334,0.0004300718807184316,-0.00044059360610230065
2023-10-25,-0.009768064837608503,-0.009306620764581996,685062508.89726,0.035739360555992,0.0369499680375464,-0.016629945231406946,-0.017736599120810225,0.3050266692308324,0.0011066538894032793,-0.0003491043911655977,-0.00015757532039317986
2023-10-26,-0.027973347456947018,-0.027727680502252605,1216307044.20913,0.005999320400516473,0.054065753005578594,-0.017390421908272002,-0.01761141708956362,-0.4682406966409093,0.00022099518129161874,-0.00016782107406919784,-0.0005142212057648218
2023-10-27,-0.06140186871383446,-0.061068943336210046,492726576.66779,-0.05482003757597389,0.04668090178246609,-0.020728231528649648,-0.018409520083279216,-1.7157694422635517,-0.0023187114453704326,0.0033660527501274207,-0.0012562076404155206
2023-10-28,0.0025583805253712733,0.002613174449171307,275510389.05891,0.007707447447204495,0.014180846799303216,-0.01936589533401481,-0.017839627183944846,0.9059063551832969,-0.0015262681500699642,1.9718583449250515e-05,5.3133556693273023e-05
2023-10-29,-0.03329210321833598,-0.03298089256250847,219401355.74274,0.016711861728033767,0.010872800944486088,-0.018749526479712317,-0.018217444577099437,-0.6151349573767607,-0.0005320819026128805,-0.0005563730256202588,-0.0006957268958126981
2023-10-30,-0.05238211297514017,-0.05210290126912043,325162048.58847,0.013737472925180403,0.015531211529944099,-0.017752907505243096,-0.019417645264369475,-1.604896662103912,0.0016647377591263793,-0.0007195978587597292,-0.0010606541385769174
2023-10-31,-0.058059067636229145,-0.05740601216257668,474492218.19221,-0.011217249236822973,0.05192138727520755,-0.020351023419560358,-0.020383504106544333,-1.6386150441150524,3.248068698397458e-05,0.0006512630321331448,-0.0012941568485158102
2023-11-01,-0.03297546632633319,-0.03262648794938261,429913495.3741,0.021988572803865764,0.03642648619454968,-0.02089631421008292,-0.02030362482236201,-0.5211827898916934,-0.0005926893877209079,-0.0007250834420580013,-0.0007669803152033934
2023-11-02,-0.04886280023535794,-0.048469945858134245,466342547.55613,-0.02414311565354801,0.032871073067273764,-0.021658140488316834,-0.02054621043890662,-1.1409986201998694,-0.0011119300494102126,0.0011797002372384597,-0.001198567067272102
2023-11-03,-0.026144178199270063,-0.02607657656541429,199204709.36663002,0.012108830762954974,0.01325583305807579,-0.02389140027484138,-0.021002522396499135,-0.10343966734426933,-0.002888877878342244,-0.0003165754292514981,-0.0006448872496047803
2023-11-04,-0.042954384452304706,-0.04270439561477268,156583799.14612,0.005802163071790451,0.013549337309826583,-0.027453262385794718,-0.02123217246843543,-0.8613952272753707,-0.006221089917359288,-0.00024922834324065226,-0.001058292997754611
2023-11-05,-0.016818690134141057,-0.016429309211032916,403232056.21154,0.01630432374502554,0.02284828569294079,-0.027004584921063935,-0.020771984010856663,0.5613933678700113,-0.006232600910207272,-0.0002742173689143028,-0.00042855791855875145
2023-11-06,-0.014088432492678549,-0.013577783286319645,711429301.0967901,0.06249081320061412,0.03886118789082664,-0.027466381329970892,-0.020539923731220214,0.7576795136258527,-0.006926457598750678,-0.0008803976031894375,-0.00037714110763859286
2023-11-07,-0.03926230549112508,-0.03910608750885314,701760386.72514,-0.0168843073637477,0.0400058414386117,-0.027771993677411365,-0.02097940853064897,-0.6451933056203287,-0.006792585146762394,0.0006629168337215149,-0.001101704605158905
2023-11-08,-0.018702885912014078,-0.018531504308228253,449117945.26333,0.022804475818619576,0.02218606212222685,-0.027516166915540353,-0.02120086472678354,0.492274157822031,-0.006315302188756814,-0.0004265095095189258,-0.0005395126819062586
2023-11-09,-0.05711253243601522,-0.056178803377211484,898314601.03583,-0.03603753105559021,0.06846721871855135,-0.029876931077336324,-0.022153224993157482,-1.48030408328453,-0.007723706084178841,0.0020581946613263016,-0.0018170483877722916
2023-11-10,-0.01609646307988799,-0.015723734449311966,427612638.83048,0.023189833490778553,0.029911294817984647,-0.029554110901040966,-0.022093248734085084,0.7240683644752444,-0.007460862166955882,-0.00037327429861306704,-0.0005274686447176796
2023-11-11,-0.018541887910723087,-0.018619997398189536,1085382319.42369,0.043080381398427126,0.05317396526186409,-0.03006517127084724,-0.021220418878299663,0.6366617415761493,-0.008844752392547575,-0.0007987916030408357,-0.0006389878999902509
2023-11-12,-0.05214523466561927,-0.05195996731460284,521772672.75437003,0.0006411489608617882,0.021934174524115804,-0.03152406558457476,-0.020569869111969556,-1.1084822706265969,-0.010954196472605204,-3.3432863019755887e-05,-0.001809662196917449
2023-11-13,-0.051444298351140505,-0.05083274628635093,645945175.76668,-0.026212779611082124,0.029559919561333574,-0.03358168296121745,-0.02099119910939521,-0.9768888780895718,-0.012590483851822237,0.0013484980549252016,-0.0017095391296169462
2023-11-14,-0.06143749444288882,-0.06021412608704091,578985202.43314,-0.0332481944546975,0.04546531217184473,-0.03509072564010588,-0.022147614193903837,-1.3696662199441498,-0.012943111446202044,0.002042685762046564,-0.002044168388209364
2023-11-15,0.0014325249766717896,0.001493841016605435,400890417.44941,0.04971469680538835,0.02652204359518936,-0.03455736422037825,-0.022176326464078126,1.789773608893962,-0.012381037756300124,7.121754488138404e-05,4.695209324422268e-05
2023-11-16,-0.02719977584508937,-0.026669733701857434,1556565294.07561,0.03364564244832355,0.07353343930297937,-0.034520527476956456,-0.022198034441884673,0.36381838150478657,-0.012322493035071783,-0.0009151539327584244,-0.0009167083761738224
2023-11-17,-0.007650994986092563,-0.007239344839631845,2251855055.52167,0.0649936082868998,0.07630597401503605,-0.0319609620613497,-0.022126570893144706,1.2185730368281895,-0.009834391168204993,-0.0004972657711311344,-0.0002686532835955625
2023-11-18,-0.025214919898219,-0.025085263239992828,1575097925.31766,-0.0536870903171406,0.05244303256700667,-0.03328350017675876,-0.021730876381668065,0.43832622417450967,-0.011552623795090696,0.0013537156819151493,-0.0009313261314432503
2023-11-19,-0.037333477903533585,-0.03724158039145575,705499025.69919,0.022359931680519817,0.03083999429055688,-0.0334759465903396,-0.02181213806356702,-0.2093195151127697,-0.011663808526772582,-0.0008347740153192072,-0.0014144287206236574
2023-11-20,-0.03001270271867007,-0.0293046696033038,739561785.8208699,-0.02840667799459512,0.034161383992187745,-0.032410736578126736,-0.02231176156080126,0.1338116437664089,-0.010098975017325477,0.0008525611818767702,-0.0011636971670923647
2023-11-21,-0.07706878289957986,-0.07652793645012734,777011296.35596,-0.07449609558184284,0.04788025354663281,-0.03331596111447677,-0.023445544863048364,-2.2237194853795486,-0.00987041625142841,0.005741323417263396,-0.0029733947982065623
2023-11-22,-0.005698664023998656,-0.005805913259050888,387231560.94439,0.018657257604542746,0.021428283445795344,-0.03201706576674655,-0.023359083278161934,1.278912586914071,-0.008657982488584619,-0.0001063214426974831,-0.0002157904721851166
2023-11-23,-0.03286171636373181,-0.0327286166266465,248974076.73735,0.003154576748515365,0.014585900794173799,-0.03125510939190722,-0.023582324068191503,-0.07946867122067136,-0.007672785323715715,-0.00010366480635733525,-0.0012157563433187752
2023-11-24,-0.011996261926265017,-0.01187798036313259,384231641.72132003,0.013784437263356458,0.016561863068971925,-0.030581399093192692,-0.0234434939343613,0.9009987704170808,-0.007137905158831392,-0.00016536171991739183,-0.0004457038418967027
2023-11-25,-0.018050592572232405,-0.01794535067273484,246389840.20958,-0.0012658229538299224,0.013842486673349549,-0.029395504241760677,-0.02344945150913635,0.5508252733729192,-0.005946052732624326,2.2848854408163678e-05,-0.0006708957582846973
2023-11-26,-0.05226316320912339,-0.05199817541039509,334436664.33964,0.003949301266601447,0.02296537173814558,-0.03108333629295031,-0.023547177215191357,-1.0103400270115812,-0.007536159077758953,-0.00020640297665838915,-0.0019427835522204254
2023-11-27,-0.024962169307752857,-0.024570911627506686,728372789.93364,0.0075126093452547536,0.05037453895581447,-0.03160113328414432,-0.024174191964539835,0.3214322705287799,-0.007426941319604488,-0.00018753102641925549,-0.0009416067306877269
2023-11-28,0.02472363545662959,0.02500116722050083,615449218.68819,0.034596821099252544,0.029742357279008008,-0.028554183715203626,-0.02331919384924112,2.226602847649485,-0.0052349898659625055,0.0008553591928161508,0.0009205255478990984
2023-11-29,0.0009130914969148751,0.001086338547976462,629252329.51854,-0.001862313530978388,0.023406507416734126,-0.027620089552873678,-0.023349224623412646,1.1550953615150117,-0.004270864929461032,-1.7004626497258829e-06,3.404984785659739e-05
2023-11-30,0.03554349726137618,0.035723567881791984,613376583.11947,0.02449795081459132,0.022948079748652612,-0.023207897662521706,-0.02317924499639308,2.1514157936389804,-2.865266612862502e-05,0.0008707428476877548,0.0012483996311409616
2023-12-01,-0.016388457882551055,-0.0161199638427163,538871189.6252201,-0.0032148625652811545,0.013698311995685278,-0.02322180217693423,-0.023336595427528126,0.2502642198444279,0.00011479325059389478,5.2686639749300244e-05,-0.0005629616288842971
2023-12-02,0.01585964487174607,0.016318756514826838,398383588.88272,0.023348277138513063,0.019543171174350955,-0.021583633949197607,-0.02336484776926097,1.3091800162491516,0.0017812138200633612,0.0003702953837839247,0.0005193976297611125
2023-12-03,-0.021502105422277706,-0.021329363869136198,483196745.25049,-0.002097169590723323,0.020978221346881407,-0.020124437318562293,-0.023639649071552145,-0.04967817514727574,0.0035152117529898518,4.509356162812788e-05,-0.0007032073609100938
2023-12-04,-0.006347005707940445,-0.006100860926992913,1148963980.68609,0.062243306410818926,0.07032381383987751,-0.017976947192695623,-0.02335028026023583,0.43202713883847277,0.005373333067540207,-0.0003950586210705538,-0.00021989362699428532
2023-12-05,-0.024510971893106692,-0.023931285081765563,1009627937.06762,0.044962347587104226,0.05957788480092085,-0.016218541356991713,-0.023189154088191295,-0.33061327092921855,0.006970612731199581,-0.0011020708379556052,-0.00086566089662447
2023-12-06,-0.025885729424907744,-0.025354056008697223,2359181579.66961,-0.00042096401379380834,0.09440779775673756,-0.017519410614209786,-0.022902240021998328,-0.3369729623339053,0.005382829407788541,1.0896960558689654e-05,-0.0009978932271265742
2023-12-07,-0.018306963566539713,-0.0182002579296614,1051851141.69072,-0.013046364379268802,0.048135881394254905,-0.01709594336285028,-0.023002297582692913,-0.04896939371628628,0.005906354219842633,0.00023883931736707546,-0.0006835917046912729
2023-12-08,-0.02202257338222202,-0.02149687253005106,812787799.6669,0.05111742291810485,0.029558176686913244,-0.017780304238856442,-0.0234898326096186,-0.17206915758651048,0.005709528370762159,-0.0011257371973240418,-0.0007733104077192123
2023-12-09,-0.04677600389369685,-0.046419362610752746,890630091.3210601,-0.04435470817176702,0.0390547198201984,-0.01880702252435539,-0.023818806011709652,-1.100417589501235,0.005011783487354263,0.0020747360021463614,-0.0016126918308639045
2023-12-10,-0.013330275129479263,-0.013219052625697447,547478008.05416,0.016512957408244464,0.03207824600671525,-0.01766401286844804,-0.02329649531283332,0.1728008744046226,0.00563248244438528,-0.00022012226545327154,-0.00046037263718116635
2023-12-11,-0.038087445747765014,-0.037298637172357374,1680377864.00893,-0.0702456718716407,0.05967259369916547,-0.018048524441262086,-0.02273738950821064,-0.7908416806977322,0.004688865066948555,0.002675478216426418,-0.0013616524135659654
2023-12-12,-0.022538594681423607,-0.022278047584875282,746639542.80907,-0.025251210135375842,0.03029985777919197,-0.015451848811826072,-0.023039611115287736,-0.32977317862209193,0.007587762303461663,0.0005691267904566918,-0.0007869018322578295
2023-12-13,-0.028977802343178816,-0.028576039584593982,650416793.12169,0.057823273008845356,0.028665214503335732,-0.01656037920797751,-0.023157919728268993,-0.5758994697026466,0.0065975405202914825,-0.0016755913760859874,-0.0010217034898433448
2023-12-14,-0.012907883282747612,-0.012611307240584013,575509596.41388,0.027517581065757975,0.034793012282354846,-0.015610196680311595,-0.02284114885351188,0.1271985892043889,0.007230952173200286,-0.0003551937246203496,-0.0004675285161532636
2023-12-15,-0.05606357718333388,-0.05593508940829639,432161874.81904,-0.047023039895663886,0.03520719393423885,-0.01770864026398154,-0.024060479877338534,-1.6693578544734227,0.006351839613356995,0.0026362798265855405,-0.002080421742138541
2023-12-16,-0.00012383062747101103,0.0001334693777335083,437417911.66944,0.03242962007640978,0.03135286510294292,-0.016854984933278618,-0.02456791718694467,0.7182800431068258,0.007712932253666052,-4.01578020270832e-06,-4.6983923833483675e-06
2023-12-17,-0.046331734900098565,-0.04623124823584568,437508277.39207,-0.024013053516704495,0.031843487945906496,-0.016572535966182196,-0.02488681906006548,-1.3009633453823797,0.008314283093883285,0.001112566429677832,-0.0017775102438393985
2023-12-18,-0.032104028918200744,-0.03184276041570433,613809532.11049,0.0020639842208513386,0.03953664854223873,-0.016912624519060667,-0.02532671304439196,-0.6588325684984109,0.008414088525331292,-6.62622091129214e-05,-0.0012150978125314692
2023-12-19,-0.01939301511879854,-0.019172298180114566,414365898.13108003,-0.02311038727330432,0.01997896305675382,-0.019013417403604866,-0.02511319826540662,-0.018082867332577128,0.006099780861801754,0.00044818008979248005,-0.0007249853824767877
2023-12-20,-0.0008243224633216473,-0.0006875133090509244,505191847.49964,0.01020697002808948,0.029914739926887503,-0.019096151401711364,-0.024744135956708466,0.8737095279382762,0.005647984554997102,-8.413834676604943e-06,-3.1071810007543584e-05
2023-12-21,-0.01767960509144262,-0.01739796900875501,748867642.73541,0.03793854043083295,0.03185485371309285,-0.02163058484708369,-0.02490513786231391,0.23551471611699856,0.0032745530152302194,-0.0006707384125628559,-0.0006739092129128847
2023-12-22,-0.02836783287469724,-0.028209621739293644,515001411.97901,0.013451455272997796,0.02187594315936402,-0.022201031275281127,-0.024992314784418778,-0.3672368898823284,0.0027912835091376507,-0.0003815886351058664,-0.0010923686325819781
2023-12-23,-0.06233407693758075,-0.062204583006706615,265301862.37549,0.011289835522392292,0.006327431772288714,-0.025924541837630023,-0.025857782352558287,-2.1934631811186103,-6.675948507173582e-05,-0.0007037414760654333,-0.0023610888218151506
2023-12-24,-0.044332361649923824,-0.043973655147265256,467034596.02942,-0.028152713477126223,0.03117703548102141,-0.02701169689608936,-0.026220066599742138,-1.0166594621932992,-0.0007916302963472226,0.0012480762752946442,-0.0017007505963448652
2023-12-25,-0.01849375749654769,-0.01847302338263479,367096242.38795,0.020429610468665267,0.010264872768528534,-0.0275901136479278,-0.026382914600613625,0.5513662933807568,-0.001207199047314176,-0.00037782026175642747,-0.00065659657156392
2023-12-26,-0.06939475847983678,-0.06887091623078412,503185314.84556997,-0.029103153382793713,0.028427324046937902,-0.029727436818724473,-0.027012234605274025,-2.1074321473713913,-0.002715202213450448,0.0020196063000006144,-0.0023608323503866106
2023-12-27,-0.004985047041345059,-0.004617883294587233,382952015.50736,0.038700481681190405,0.022376189178357066,-0.028732166229031013,-0.02693631368787302,1.2132294952625648,-0.001795852541157994,-0.00019292372170344688,-0.0001524938354465757
2023-12-28,-0.0347310975450601,-0.03484034045602635,451184104.0107,-0.03257896357075986,0.02729185361064234,-0.02951426784705579,-0.027043579562287506,-0.26802576618817026,-0.002470688284768284,0.0011315031616930202,-0.001027959816945594
2023-12-29,-0.05987104522380848,-0.05929136965377324,415031698.71796,-0.011360034782556972,0.02049023437787918,-0.03131657602998848,-0.027019280776731543,-1.395470887948574,-0.004297295253256939,0.0006801371562105058,-0.00174619115229037
2023-12-30,-0.03118883249637827,-0.03096441056415533,201579277.85829002,-0.0068599516638249486,0.013745972239795609,-0.03057432977297331,-0.02755495082469582,-0.03049064349459392,-0.003019378948277491,0.00021395388337628774,-0.000872061340945574
2023-12-31,-0.023864479476426448,-0.023584576962728865,182532904.86928,-0.0018961580607334957,0.013513134104046733,-0.031075958551399368,-0.027405306003395666,0.3636344561490822,-0.0036706525480037014,4.525082512443508e-05,-0.0006461698982345731
2024-01-01,-0.0008591470486297714,-0.00069884730124814,199675665.9871,0.03098886110027471,0.01621144791009333,-0.02930318242286912,-0.026587481147419316,1.3666332068646887,-0.0027157012754498028,-2.662398855469895e-05,-2.1484742425417455e-05
2024-01-02,-0.012587804225191013,-0.012566080238149313,444095404.80874,-0.022133918672892113,0.017708794322914504,-0.028829335258286612,-0.025865715061529817,0.7702370490786333,-0.002963620196756795,0.0002786174349906656,-0.0003072366589813905
2024-01-03,-0.08876960620707441,-0.08874412614765204,848756379.5141699,-0.10965772300333369,0.08737537750876503,-0.03167656401371021,-0.02675133632947809,-2.3007828204772918,-0.00492522768423212,0.009734272888570377,-0.002414818091255811
2024-01-04,-0.004999825481149189,-0.0049484360089330215,382232034.7329,0.02287878238493102,0.018002258093450834,-0.031299989832681716,-0.026055098634966842,1.044854556953089,-0.005244891197714874,-0.00011438991914584534,-0.000132013635112289
2024-01-05,-0.018939985032491946,-0.018798767434321517,517768880.29634,-0.0035022075528671546,0.0160131531875536,-0.029532199730260673,-0.0259407463624783,0.4298252870736218,-0.003591453367782372,6.633175863198415e-05,-0.00048277352639478413
2024-01-06,-0.007290390865387297,-0.007024261297733925,341940238.43117,-0.018687536695181372,0.0280987046477131,-0.02987346450349478,-0.025374651226178026,0.9307952079110746,-0.004498813277316754,0.0001362394468191402,-0.00018469976811124876
2024-01-07,-0.011265801125893926,-0.010643392564058551,320794205.82022,-0.0322080928406848,0.027223084427145144,-0.02820365813329456,-0.02528651013080902,0.6976210681879166,-0.0029171480024855374,0.00036284996858748295,-0.0002829368486337386
2024-01-08,-0.023357943865688235,-0.022839638111136207,527965536.14527,0.06935297706325708,0.03669123764402058,-0.027787177892698727,-0.025433645231967908,0.18239149248004138,-0.002353532660730819,-0.0016199429451619226,-0.0005834620897985443
2024-01-09,-0.011292260331516646,-0.011114132270256705,934982060.02186,-0.0091714946550487,0.030702734539214124,-0.02740142766473292,-0.024989676261180472,0.6578470974847219,-0.0024117514035524486,0.00010356690527392337,-0.00028783776748360693
2024-01-10,-0.02157034970152638,-0.020958575446370475,578741844.1591,0.03939884912927561,0.05319544716718266,-0.02838933372369505,-0.025035191559426698,0.2868752876348404,-0.0033541421642683533,-0.0008498469535561531,-0.0005737374919754754
2024-01-11,-0.021167727507107492,-0.02111469080444417,653227102.383,0.0059298086469253795,0.02959330920348593,-0.028555434791107663,-0.024464639100237686,0.31167330017080225,-0.004090795690869977,-0.0001255205736074062,-0.0005607487651671642
2024-01-12,-0.03971358405477099,-0.03876345265353187,492069978.08494,-0.04289776070409972,0.03437832286632151,-0.029095708656825463,-0.02483951403634694,-0.44560768932463873,-0.004256194620478524,0.0017036238254837164,-0.001075685766956776
2024-01-13,-0.017467515581690574,-0.017421218568404506,215223748.52297,0.008936388128777378,0.015950416889446022,-0.026959205735116405,-0.024822460507314677,0.41845902447092764,-0.002136745227801728,-0.0001560964988834535,-0.00048113099201421006
2024-01-14,-0.020517494527327873,-0.02027136135256702,386080068.32698,-0.008584811666398556,0.03144756307900012,-0.025825164443564218,-0.02432043288607196,0.23733579352992243,-0.0015047315574922594,0.00017613882638347285,-0.0005654049266747451
2024-01-15,-0.025343983463338104,-0.025276471862472505,224861515.77422,-0.001232589826952542,0.0211847943196629,-0.02615136568007805,-0.023906142173567155,0.03620364023362183,-0.0022452235065108933,3.1238736191363996e-05,-0.000711588277584706
2024-01-16,-0.021162209632788698,-0.021179077381034306,267321310.0751,0.0019685045726723707,0.009181413156344735,-0.023854577639742424,-0.023266851938486204,0.13469476117381132,-0.0005877257012562205,-4.1657906429995845e-05,-0.0005747811753813799
2024-01-17,-0.052749192051409155,-0.052673003516678696,202593500.34484,-0.00790908719960145,0.013434045464556302,-0.02612906073545976,-0.024126879192900186,-1.3019449849684623,-0.002002181542559576,0.0004171979596431187,-0.0014102453762050962
2024-01-18,-0.06788203191697473,-0.06796498032727505,281987319.58845,-0.027284754335541457,0.03415602219162426,-0.027707676657931887,-0.02477262928927932,-1.79862094405143,-0.0029350473686525665,0.0018521445646520398,-0.0018370088960154506
2024-01-19,-0.014000260219593774,-0.013704694417220331,317500773.08930004,0.014613771161991989,0.01835333900882853,-0.025523353562493092,-0.02487341127711267,0.5422608128737794,-0.0006499422853804213,-0.00020459659905748312,-0.00037744739684144604
2024-01-20,0.013857584881440843,0.013628854791629896,674967413.98695,0.11112509858019164,0.07516925984759965,-0.02337828606831123,-0.02425321278854664,1.6287199606842853,0.0008749267202354111,0.0015399254860334868,0.0004141331716351344
2024-01-21,-0.012938016781711026,-0.012840882580511637,979246658.74634,-0.015556385225789851,0.022376825988880404,-0.022857978320943828,-0.02386598324693041,0.4317816388992494,0.0010080049259865824,0.00020126877311403056,-0.0003921128143579799
2024-01-22,-0.017636524772195017,-0.017469847174003794,676482535.81611,-0.03369048036383442,0.03238918475885874,-0.02365690106968503,-0.023669535977938742,0.26808309091648375,1.2634908253712773e-05,0.0005941829915239156,-0.000548097241156454
2024-01-23,-0.03560136162478833,-0.035730049060849756,473628824.13371,-0.034451483587509074,0.041447174556129146,-0.02475278475538014,-0.02301132294183094,-0.48320101687562717,-0.0017414618135492,0.0012265197257093706,-0.0011466413120841382
2024-01-24,-0.01631996304963179,-0.01642297343679322,321445470.14507,0.015170155159605028,0.027271729258584808,-0.021302801747882873,-0.023179914989856863,0.29249179064749653,0.0018771132419739892,-0.0002475763716619351,-0.00047892098858045624
2024-01-25,-0.02830762287912103,-0.028094021072382236,231939967.96335,-0.004097841564793201,0.013760115137756343,-0.022412696862072007,-0.02310762779168844,-0.353497036264031,0.0006949309296164323,0.00011600015363455316,-0.0008249891079532517
2024-01-26,-0.008646636049945644,-0.008399015061600013,227738653.43511,0.022034575157568,0.023076555055720767,-0.02192253738671266,-0.023054459126984957,0.784048128534705,0.0011319217402722959,-0.0001905249519026642,-0.00025490335745938155
2024-01-27,0.008902936221155677,0.008928224788838257,146923058.79103,0.0021246024363859232,0.009330443146713496,-0.021151426573067757,-0.022626625336613717,1.6725517244773338,0.0014751987635459596,1.8915199986455836e-05,0.00025450230997026656
2024-01-28,-0.06253135838048329,-0.062424373685551315,216760763.61599,-0.022588487078823175,0.01619349274395435,-0.02359264358519106,-0.022789612561555938,-1.9533873552739323,-0.0008030310236351208,0.0014124887807988081,-0.0017546996714465997
2024-01-29,-0.01256573854523979,-0.012733733552281579,483392322.08586,0.0293129811980254,0.03558867530673203,-0.023078729046122088,-0.022592843819293825,0.5235843269129998,-0.0004858852268282629,-0.00036833925771591705,-0.0003519489023999572
2024-01-30,-0.021262421219014227,-0.02110785986392061,251714765.1194,-0.02355967617389219,0.021258645570011826,-0.0235534986121934,-0.02332278122684373,0.11511005378414807,-0.00023071738534967065,0.0005009357585928693,-0.0005859688132845231
2024-01-31,-0.06458756484078321,-0.06439957807382202,229573229.93906,-0.01763269865095602,0.01943078317660833,-0.025601937428348487,-0.024362474184584967,-1.7874082239721172,-0.0012394632437635195,0.0011388530674366125,-0.0016761153113327135
2024-02-01,-0.037902067811806606,-0.03756331618382169,170869293.99951,0.009117449508246544,0.012027927070780412,-0.0263988107761913,-0.02552827680479422,-0.5241515682175371,-0.0008705339713970806,-0.0003455701895322833,-0.0009518955043608197
2024-02-02,-0.037809928530927905,-0.0378171191525013,145365411.50508,-0.004783493511963664,0.007878212392501612,-0.026308160513151154,-0.02586830014841925,-0.5253735829591386,-0.00043986036473190465,0.00018086354781550346,-0.000901868734847483
2024-02-03,-0.042766585099737076,-0.04264979982311434,86757140.76915,-0.00620530073219052,0.006628503077951309,-0.027512878109248608,-0.026798875227331678,-0.6909305739284072,-0.0007140028819169301,0.0002653795218326867,-0.0010011142424072089
2024-02-04,-0.06230691606465488,-0.061946259069225906,141160428.28814,-0.008902513330627746,0.012533823858422348,-0.029502850563407037,-0.027446570634353542,-1.4099367334110622,-0.002056279929053495,0.0005546881508558942,-0.0014024128641881564
2024-02-05,-0.029365162852799442,-0.0289623523910445,216995165.21052,0.0015335466264236356,0.019059912998106818,-0.02969433529623853,-0.02781193820808146,0.014159819039012755,-0.0018823970881570694,-4.503284642729125e-05,-0.0006579839228359601
2024-02-06,-0.021917716290258737,-0.021862394895211246,129651558.12051001,0.000254841999340617,0.01308984668296903,-0.029730311803737103,-0.027770775420734667,0.3362620089213481,-0.0019595363830024366,-5.585554640389948e-06,-0.000495188547746
2024-02-07,0.0007766231869636986,0.0011635889945713629,154759835.78408,0.02016959840319598,0.012535740981358897,-0.02718146345905268,-0.02734756347451448,1.1888756909576887,0.00016610001546180087,1.566417779166799e-05,1.7513082628525427e-05
2024-02-08,-0.0241974421652148,-0.024103841909052348,193886794.58667,-0.002875900700515603,0.012435392386094554,-0.025101244899445065,-0.027441063134810918,0.04186353188411233,0.0023398182353658523,6.958944087362702e-05,-0.000520631685139954
2024-02-09,0.009365496559490705,0.009316808845842184,276928952.48371,0.013949982408037485,0.018779940908617954,-0.023988589814726756,-0.026942839802402776,1.4654484091996458,0.00295424998767602,0.00013064851224743091,0.00020169809222426026
2024-02-10,-0.001386722875362012,-0.001339179485692621,149462122.89571,-0.00551235547837057,0.01085050288733278,-0.02471450923171737,-0.02622237502433397,1.074426056363989,0.0015078657926166014,7.644109438983576e-06,-2.5617620279829445e-05
2024-02-11,-0.007172328789244342,-0.006784191374448745,270942198.1436,-0.01272188411797654,0.014981776173150527,-0.024439952660647527,-0.02612462984433024,0.788338114488252,0.0016846771836827139,9.12455357127935e-05,-0.0001299722899119167
2024-02-12,-0.029486840749969656,-0.0293327121015865,311168062.62099,0.022862352701644204,0.023947652267041743,-0.025004253421493938,-0.025988112304682696,-0.20494247768367604,0.0009838588831887589,-0.0006741385532830212,-0.0005224883475837223
2024-02-13,-0.03068098391830887,-0.030456937347873914,312436487.48203,-0.009327509942889759,0.020486410810456684,-0.024769949721185392,-0.026117356578284047,-0.27140509589357587,0.0013474068570986548,0.00028617718255566674,-0.000513024156736707
2024-02-14,0.01718905222486966,0.017222416511711858,620128837.61562,0.05302909603105694,0.040069427343564175,-0.023174282327161514,-0.0253845493629182,1.711593323635525,0.002210267035756684,0.0009115199011154662,0.0002978975543295852
2024-02-15,-0.04019084645186677,-0.04012543085334497,548614860.15084,-0.02213428332268255,0.021114039302774047,-0.02374015011633988,-0.025817612270364537,-0.6896793554099963,0.0020774621540246563,0.0008895955823440497,-0.0007106080483360051
2024-02-16,-0.03370962984019499,-0.033505142172160385,395113014.67241,-0.00545339867492887,0.025550647727680065,-0.02493362601111366,-0.02546278770936233,-0.37051219662274437,0.0005291616982486709,0.00018383205070286203,-0.000599986138822135
2024-02-17,-0.053236896291071756,-0.053101584030422644,282188055.99029,-0.018251276946730406,0.02077202421445229,-0.02789266565455306,-0.0263058522437052,-1.096087657953441,-0.001586813410847862,0.0009716413379927154,-0.0009765506975314715
2024-02-18,-0.0077920119314264236,-0.007876505606632334,259901471.68387,0.01966888052086136,0.013202676719851113,-0.025286030109359876,-0.025694110609281832,0.7921416659779741,0.00040808049992195616,-0.00015326015169635248,-0.00014182298868789994
2024-02-19,-0.005542096703377131,-0.00528320748754374,528214563.18336,0.037572725535459046,0.021839517408798234,-0.024951570974033083,-0.025272492637617966,0.8688816380018813,0.0003209216635848833,-0.00020823167832696132,-9.724358273146141e-05
2024-02-20,-0.041816912240616455,-0.04123723881996555,617870930.8792,-0.02055771507689116,0.0362682748354292,-0.025930356260776048,-0.02562842751256746,-0.7024073176903807,-0.00030192874820858875,0.0008596601672379554,-0.0007636226831471901
2024-02-21,-0.04444242649265073,-0.044348546379892495,345041880.14284,-0.011631453462472617,0.024913042171268603,-0.024971063958484023,-0.026320778370175855,-0.9148527104226373,0.0013497144116918318,0.0005169300155086271,-0.0008231695908389356
2024-02-22,-0.0282779858358031,-0.0282060504850008,252173552.21967,0.0023789710280128795,0.017461724797542603,-0.024512774340579097,-0.026489006635959354,-0.1784966667734407,0.0019762322953802564,-6.727250903393415e-05,-0.0005310862799585073
2024-02-23,-0.025446324625638894,-0.025368628814601668,310305071.12978,0.006762794950817243,0.021872468999342084,-0.023924031297470096,-0.026442633489148906,-0.07292165550531533,0.00251860219167881,-0.00017208827569512716,-0.0004948623653008788
2024-02-24,-0.007475408509532544,-0.007215580191693216,223890006.74122,0.010844954987970702,0.007210322386836211,-0.022243499078888927,-0.025571860974417982,0.7133371275467156,0.0033283618955290556,-8.107046880257359e-05,-0.00014558363976502263
2024-02-25,-0.04503051577596495,-0.04490549077816297,213089447.12265,-0.0010437809007953639,0.005975353466447039,-0.021420813350856074,-0.025582942785942444,-1.2214743960117993,0.00416212943508637,4.7001992319916544e-05,-0.0008629062549444595
2024-02-26,0.011525581217990633,0.012354580753898725,392274408.0434,0.041951405526522836,0.036751445752598734,-0.01947363506177083,-0.025106445346029137,1.5112739432190028,0.005632810284258306,0.00048351433160480004,0.00023057102403511057
2024-02-27,0.00668018927022751,0.006736530841570776,1477223083.9663801,0.08879988629714364,0.053248120838095644,-0.01811183003508101,-0.02389890649285351,1.1652211972166577,0.005787076457772499,0.0005932000476396018,0.00014641273098264562
2024-02-28,-0.008127083747604624,-0.007272621507639632,2932094455.44772,0.20358782799562183,0.129893378693291,-0.018535816079584263,-0.02394878009136557,0.49641221411817654,0.005412964011781308,-0.001654575328113344,-0.00022354284576928297
2024-02-29,-0.03262162772686383,-0.031841777142949446,3123485074.00041,-0.057498984298753386,0.1078344261385583,-0.01893696777299612,-0.023915296443457693,-0.6466819227766939,0.004978328670461572,0.0018757104604667217,-0.0010454814966029962
2024-03-01,0.0015852226200117059,0.0025669382145057096,2468446031.63539,0.15320748064083697,0.09849446145376559,-0.01930745700820941,-0.02293980012847642,1.009102172725395,0.0036323431202670113,0.00024286796386686029,5.682175333713118e-05
2024-03-02,-0.028561901687647828,-0.027955338583730005,2159313340.47737,0.0061373689173387985,0.06752892400043616,-0.02060151314212778,-0.022898102814052124,-0.39069831691164053,0.002296589671924344,-0.00017529492763785636,-0.0011008792150165817
2024-03-03,-0.021955112803259125,-0.019819504455402592,2256913733.96759,0.08826056680688925,0.12685780067070912,-0.021305455238033247,-0.022867795406541533,-0.03225446168349709,0.001562340168508286,-0.0019377707003248414,-0.0009631939456396523
2024-03-04,-0.014908231504661695,-0.014871276856568638,3945479826.81282,0.15027923598523302,0.08295155066916947,-0.02061123575016144,-0.02309079674711347,0.2837776160001216,0.00247956099695203,-0.0022403976404115405,-0.000695927632551706
2024-03-05,-0.03879077925165042,-0.03584730937277503,5823715701.25234,-0.2480561013985947,0.2678003139914727,-0.02099741648032056,-0.023506716985628697,-0.8732555553607896,0.002509300505308138,0.009622289471377901,-0.0022676164881448584
2024-03-06,-0.02742439639244254,-0.02692458524562147,2705640162.71177,0.044463272302311785,0.11564198549631856,-0.023121866414478283,-0.022532983496507557,-0.23347720169592526,-0.0005888829179707261,-0.0012193784045237096,-0.0017018568306867764
2024-03-07,-0.013560609995765027,-0.013143628316193978,1939778911.13501,0.03370272909795802,0.04411934539246723,-0.021853759916568676,-0.02266886896499352,0.45797685245319086,0.0008151090484248454,-0.00045702956509033034,-0.0008563769340917053
2024-03-08,-0.015125352797271563,-0.01491704153261142,2543778780.91468,-0.022220467439800853,0.056740003891580515,-0.020968794343096134,-0.02260831924697415,0.325480000286762,0.0016395249038780174,0.0003360924093472735,-0.0009776575454302021
2024-03-09,-0.007984688922941019,-0.007336361739843311,1963611309.56961,0.055769381063010576,0.048988029974425376,-0.0188139273255661,-0.022619339851062306,0.6544411633757202,0.0038054125254962066,-0.0004453011592130972,-0.0005268347818201635
2024-03-10,-0.04141109391376219,-0.04065847963236924,1375460722.11754,-0.03416023521309279,0.028040889986408166,-0.02041483599139161,-0.02309783656198085,-1.2317121338556256,0.0026830005705892404,0.0014146127085255917,-0.002761590258999533
2024-03-11,-0.011342061992693275,-0.01067255871950179,1630629955.90176,0.0909874459247422,0.07419003654642863,-0.02069102481469238,-0.022907108278282517,0.5551935213071599,0.002216083463590139,-0.001031985252235253,-0.0007846448749234962
2024-03-12,-0.05904022312128099,-0.0586712783595591,1570448715.40298,-0.03285308320562222,0.020084816400050456,-0.021511182475676405,-0.023665012449548616,-2.053291468412147,0.0021538299738722115,0.001939653362681945,-0.004038909168317561
2024-03-13,-0.018626194762562553,-0.018309675783622636,1090197813.89163,-0.018513622696684485,0.02775113551760231,-0.020281838107576968,-0.02361827983146983,0.09455350976216284,0.0033364417238928613,0.00034483834210904377,-0.0012767250119258004
2024-03-14,-0.02525383158639083,-0.024667888993379572,4104041285.84981,0.024130545351488928,0.10604572500284677,-0.02013783076236686,-0.023683138626379087,-0.2931232149924988,0.0035453078640122274,-0.0006093887283942675,-0.0018375415837250623
2024-03-15,-0.042763662982775785,-0.042577024550827236,2508355394.50266,-0.02007808134799414,0.04626402542118282,-0.02096246592223052,-0.023731552577617256,-1.2035953601938667,0.002769086655386735,0.000858612304106378,-0.0031612774999736533
2024-03-16,-0.03001996500071502,-0.029735887608792866,1796732651.10006,-0.13044128552345377,0.08298799691718677,-0.02203601623133445,-0.023930797806490663,-0.44500285083118474,0.0018947815751562125,0.0039158428260623575,-0.002327533323641811
2024-03-17,0.009282370551250807,0.009802524075275487,1585116721.2852,0.050342634902466425,0.07391948800473966,-0.01944968831099084,-0.023457784075084653,1.5640378485461952,0.004008095764093812,0.0004672989916910254,0.0007497211129231714
2024-03-18,-0.03220594381152875,-0.03241014226723338,1201286441.35919,-0.050837125743497434,0.037194131882463864,-0.021532141883825098,-0.023566704080611487,-0.623482660844386,0.0020345621967863894,0.0016372576152347,-0.0026018976299670843
2024-03-19,-0.01664130689511345,-0.016798252799785085,2022931854.228,-0.05097897479955413,0.05726616661470839,-0.022642689320269905,-0.02349494371969601,0.3771646906471721,0.0008522543994261035,0.0008483567648376349,-0.0013476246279225952
2024-03-20,0.004989617391482293,0.006168168655388939,2087624859.64127,0.17633543663096182,0.11713691908938101,-0.02201808450412291,-0.022578454680919954,1.6128127867709205,0.0005603701767970433,0.0008798463613484709,0.00040103174772939835
2024-03-21,-0.012784996557788086,-0.012492045455681167,1720489857.63542,0.0336820251204019,0.06450278218750566,-0.021073483019881205,-0.021703898564107465,0.49700062995028127,0.00063041554422626,-0.0004306245752236702,-0.001001190967330583
2024-03-22,-0.02736505703286851,-0.027449315722789414,1831040900.68998,-0.03062908327977643,0.07192897521485715,-0.022452067765256455,-0.021916038196064205,-0.30922207814475666,-0.0005360295691922493,0.0008381666108155613,-0.002108335662571877
2024-03-23,-0.001152290163175529,-0.0011095177966393699,1992302381.06622,0.02045214073961578,0.05849220059222505,-0.02114684816885301,-0.022154290180899386,1.2135436212572284,0.001007442012046375,-2.356680059014075e-05,-8.828212480041305e-05
2024-03-24,0.016346012188722225,0.01602448864286754,2106040077.18282,0.04446205810411695,0.03898981939167496,-0.019322985073996757,-0.021689464324225843,1.939493302170949,0.002366479250229085,0.0007267773437055714,0.0011839465963550692
2024-03-25,-0.004240037850162803,-0.004015868254008903,1865458923.95288,0.015803564260221947,0.07741317204919904,-0.018814975852353952,-0.021476821674669775,0.7809016974080109,0.0026618458223158226,-6.700771063082117e-05,-0.00030598898620947296
2024-03-26,-0.011121567991186687,-0.010903232368215776,1939453268.50998,0.028238216664961513,0.054058829593982165,-0.01749739436376044,-0.021088253521755463,0.35122316132179815,0.0035908591579950216,-0.00031405324658923044,-0.0006894082450733297
2024-03-27,-0.007050829765115396,-0.006697260851854625,2999975339.38171,0.03348574749537829,0.053948964424342064,-0.01652722452436391,-0.020941124422001238,0.5223871567837598,0.004413899897637328,-0.00023610230514755157,-0.0004163560148936502
2024-03-28,0.007255834455754506,0.007050354231501688,4781501425.49771,0.1220891331248957,0.10229164796650682,-0.015535965264767743,-0.020376625099225436,1.2081499900702348,0.004840659834457693,0.000885858538800817,0.00044856113023493394
2024-03-29,-0.0126662254016906,-0.012713584951291046,2642689495.36598,-0.023228286522519792,0.05625432771524705,-0.015418863960216269,-0.020440428104808686,0.1458324725970267,0.005021564144592417,0.0002942147127892876,-0.0007827426206945717
2024-03-30,-0.04045163564056253,-0.039943743352792604,1678202889.66466,-0.06267392068586622,0.05270437563724085,-0.01696490904200777,-0.021223834007375642,-1.201154817437662,0.004258924965367873,0.0025352626037501752,-0.0025069736032989846
2024-03-31,-0.002057120043193472,-0.0013970381023804546,1630527316.29049,0.08749030815655924,0.059533700210131164,-0.015090910286266402,-0.020263925462339297,0.6870542003190346,0.005173015176072895,-0.00017997806649403133,-0.00013057415056743526
2024-04-01,-0.02259726223774694,-0.022480880008712067,2351287223.26864,-0.05223615400178142,0.06367343064670683,-0.01562687220269753,-0.020423155997141,-0.366510302630422,0.004796283794443471,0.001180394070269589,-0.0014230277578727373
2024-04-02,-0.03366815126870537,-0.03384656973938993,2564908061.66654,-0.033072438432318704,0.04202709660254337,-0.014418678304955832,-0.020620072347136097,-1.1458829257601684,0.006201394042180265,0.0011134878599642513,-0.0021553787874388454
2024-04-03,-0.02789947335777876,-0.027208343861165885,2046027667.5136302,-0.060091092507483894,0.03258222691873807,-0.014860262999966128,-0.020037721688675708,-0.7654291194890851,0.00517745868870958,0.0016765098344523658,-0.0017924959954292786
2024-04-04,-0.02133234379935245,-0.021269880033860433,1548852932.5222,0.032282713096900714,0.035119457141350625,-0.014673525486297634,-0.01977471019641453,-0.3931581344045405,0.0051011847101168975,-0.000688665934558944,-0.0012985198136002247
2024-04-05,-0.026128744343960952,-0.025722771582200266,1239368409.0667799,0.002314750504261748,0.05391640058989868,-0.013881386503496927,-0.01958929457439918,-0.7695245537092723,0.005707908070902254,-6.0481524145909915e-05,-0.001600002505590553
2024-04-06,-0.008286610627965096,-0.00821740630133172,1031367450.83256,0.02655336882027382,0.0267861845320762,-0.012846464866699311,-0.01904199339230756,0.2938965096151734,0.00619552852560825,-0.00022003742827435803,-0.00048525614356204213
2024-04-07,0.00684734596234482,0.006948918276438176,1892442828.1434,0.016566987316103406,0.02580336275400951,-0.012962418418551978,-0.0179443066934663,1.2905605336545936,0.004981888274914321,0.0001134398937071385,0.0003852852143559139
2024-04-08,-0.013889641243937545,-0.013624543751719287,1563034411.31176,0.020225856362647756,0.04318357635056613,-0.012090213534380969,-0.01769866349332563,-0.12233846256868845,0.005608449958944661,-0.0002809298887285889,-0.000785501288845299
2024-04-09,-0.039926980288209735,-0.0397680901660894,1518883458.5392299,-0.052088138767980206,0.03694752426296674,-0.013199055124528411,-0.017984524826626443,-1.6811658027604484,0.004785469702098031,0.002079722089838679,-0.002219360162489508
2024-04-10,-0.009575998378237527,-0.008920946563367838,1906539232.6461,0.05919680221644526,0.051883228506308,-0.013892655875467449,-0.01814885215305821,0.2807702148609443,0.00425619627759076,-0.0005668684820215274,-0.0005025307400722581
2024-04-11,-0.037653458856332644,-0.037356436635954005,1605797411.9278,-0.016670461735445306,0.04027468247225068,-0.015076868365874333,-0.018362439719583887,-1.3919592079919407,0.003285571353709554,0.0006277005450716575,-0.0019325425886891486
2024-04-12,-0.052429390771387197,-0.050735938254538926,2660435996.64238,-0.13194303544933247,0.14111218564333305,-0.016270408067708558,-0.01934331094705814,-2.0095141671592827,0.0030729028793495816,0.006917692965136045,-0.002863634388307905
2024-04-13,-0.04560902495499741,-0.04459423789952832,3122967022.79921,-0.12613817564474425,0.12210566361356927,-0.018387395438747695,-0.020045252249909495,-1.4536369374215672,0.0016578568111618001,0.005753039200758987,-0.0026292731037957854
2024-04-14,-0.01104317671693622,-0.010888201887041649,2085232857.95804,0.08279391112761256,0.09699722214510927,-0.019691642529493333,-0.020106694280507778,0.5067430125974902,0.0004150517510144447,-0.0009143077916685376,-0.0006671221231363137
2024-04-15,-0.0027997524594628453,-0.0028944407174473774,2221970246.14548,0.022085093622995686,0.07799382698287864,-0.019623057510888574,-0.019683089704467988,0.9818251329927036,6.0032193579414445e-05,-6.183279518844938e-05,-0.0001692114277739882
2024-04-16,-0.020158903797211525,-0.020038850114471374,1714057205.5132701,0.003468879947906763,0.06721768088790565,-0.020053406834984994,-0.019516072559688662,-0.00619707900222038,-0.0005373342752963313,-6.992881715392856e-05,-0.0012309955561700691
2024-04-17,-0.009991780149581797,-0.009529493690126456,1312712200.82566,-0.06013387321549309,0.05370960593224177,-0.020193452091388158,-0.019947514343410116,0.6028236279580854,-0.00024593774797804224,0.0006008444407120324,-0.0006100302505622602
2024-04-18,-0.01619590830727413,-0.016120972127308675,1328708523.12093,0.018239603644263264,0.06577714067210422,-0.021310201746770473,-0.019566642309368963,0.32462105902589833,-0.0017435594374015095,-0.00029540694818351094,-0.0009606509694853385
2024-04-19,-0.012107775152783495,-0.011562826332482401,1517281516.72959,0.07010420375930548,0.045698732072062265,-0.021283608877774897,-0.0192237557270291,0.5818375061895731,-0.002059853150745798,-0.0008488059363825903,-0.0007120797650872951
2024-04-20,-0.014867464238056405,-0.014458259788324934,1112977888.58407,0.04351519601104556,0.04621522246400833,-0.020065315001465082,-0.01861471712301298,0.34211492054065407,-0.0014505978784521006,-0.0006469606205062345,-0.0008697878276344506
2024-04-21,-0.012406520053420467,-0.011900685435278002,925840898.98874,-0.03130993624899618,0.024383196224171868,-0.020558143573380653,-0.018687963283679557,0.5529872894559582,-0.0018701802897010955,0.0003884473519444875,-0.0007050493290265261
2024-04-22,-0.01730636612439973,-0.017033010259877912,867315917.8151,0.003232024691772023,0.014980471995777367,-0.020306196139411738,-0.01887469771893388,0.20338262874446505,-0.0014314984204778572,-5.593460263890682e-05,-0.0009433738815107531
2024-04-23,-0.023064797969017725,-0.022885347263093325,677564386.58969,0.0076676888776853495,0.022840474807864657,-0.019801274553712327,-0.018577045111448188,-0.22588374238494974,-0.0012242294422641388,-0.00017685369485309684,-0.001236194165385878
2024-04-24,-0.02633317326020146,-0.026078851127496527,1182047084.43532,-0.07252046024471362,0.07000824020566065,-0.019726688834780074,-0.018289596647441057,-0.45853232653496717,-0.0014370921873390168,0.0019096938445335957,-0.0014582986328115462
2024-04-25,-0.00915002948065513,-0.00891316757511551,738547943.34041,0.004240944663921194,0.014429268847925648,-0.01914657862912782,-0.01798597829259744,0.6854377278665378,-0.0011606003365303812,-3.880476870070599e-05,-0.000497702299340308
2024-04-26,-0.040475959575203335,-0.040391355820263763,578028223.29715,-0.017490812793543132,0.016284561120288553,-0.019829779354425075,-0.018224543926717508,-1.3539777771518995,-0.0016052354277075673,0.0007079574315689011,-0.0021290972524849396
2024-04-27,-0.03462193060930696,-0.034334571641600475,604821360.65065,0.008364266233647213,0.02337852205796839,-0.02108384221067945,-0.018655441102904406,-0.8828557039871704,-0.002428401107775046,-0.00028958704513910307,-0.001815548305548247
2024-04-28,-0.029472899034599154,-0.028994313258665416,430662668.78896,-0.022395539722283836,0.02708174139283531,-0.022813377686724402,-0.018408494805422407,-0.4750562489630601,-0.0044048828813019955,0.0006600614810602262,-0.001547331085048441
2024-04-29,-0.03510109295768604,-0.03524369519466597,748618617.44801,-0.003064922989952203,0.03422496793079882,-0.02382344681595052,-0.01914860074471886,-0.7994278243403965,-0.004674846071231659,0.00010758214677846132,-0.0018278378677071326
2024-04-30,-0.037968777377906715,-0.037895308116229875,1009783403.5842401,-0.0743651655324104,0.05924311515218435,-0.023730199058317043,-0.019857314501038455,-1.0169354522008063,-0.003872884557278588,0.0028235544147712723,-0.0020174795761890127
2024-05-01,-0.024278761711008512,-0.023977623986752516,1447769545.1308799,-0.01532684698346021,0.08888398749553886,-0.02443033064559185,-0.020113690341727403,0.011127818753864423,-0.0043166403038644476,0.0003721168656925201,-0.001332835239805498
2024-05-02,-0.00909723783519667,-0.009051508490299454,907166496.0332199,0.04465858352667023,0.04165621541705715,-0.02307051059696633,-0.01974028732757396,1.0229348062854653,-0.0033302232693923697,-0.00040626975572511515,-0.0005000110685883388
2024-05-03,0.016063016340868375,0.017332747210869526,855603797.95939,0.07790414516953559,0.06416249790711517,-0.019808967401144635,-0.01951048107803655,2.4819104659284927,-0.000298486323108086,0.0012513755568796321,0.0008240115927215381
2024-05-04,-0.0045671821212946995,-0.005007514012340675,2165942658.54294,0.06932764434669496,0.06316937355604994,-0.01785459393287308,-0.01912961251349126,0.9816359354386798,0.0012750185806181813,-0.00031663197777170274,-0.00022147267955997772
2024-05-05,-0.012314671197271254,-0.012023189600592343,1227235085.46211,0.01635528514571986,0.023740273716197604,-0.01791514128907951,-0.018976589630856532,0.41464051815959563,0.001061448341777023,-0.00020140995890715474,-0.0005542065990131093
2024-05-06,-0.021008380755513145,-0.020291424750040865,1517602305.20669,-0.033816307450926085,0.03208727667269842,-0.018782218826986666,-0.019073417396743064,-0.17038882589369275,0.00029119856975639777,0.0007104258626745514,-0.0008995314115496075
2024-05-07,-0.04209388461311614,-0.04139799238316033,943851585.22963,-0.03176328445878569,0.03047366560341932,-0.019826741722982124,-0.01912584764057585,-1.5879582958720593,-0.0007008940824062733,0.00133704003094171,-0.001728712758243835
2024-05-08,-0.03699191747775277,-0.03641730838221802,856287587.92005,-0.05617966655823693,0.038607764484138454,-0.02111246254813312,-0.019277713054628397,-1.1096361848158618,-0.0018347494935047233,0.0020781935892499673,-0.0014925828440697341
2024-05-09,0.007922887322155958,0.007949393906008906,831855300.46153,0.029353051271143096,0.028264482525597767,-0.019963948470541212,-0.018936705160693144,1.7839945552073995,-0.001027243309848068,0.00023256091778273347,0.00030552692776745024
2024-05-10,-0.055099876882341636,-0.0545283458164153,802128070.10208,-0.045868691938781236,0.04726589008789359,-0.02201119141004398,-0.019571221416011718,-1.9148832697873106,-0.002439969994032263,0.0025273592785809026,-0.002128904988437972
2024-05-11,-0.017866190246225266,-0.017665645639247662,380612890.56947,-0.006134988567516209,0.016923058662676762,-0.02215398788662345,-0.019728070643365434,0.24885545145450547,-0.0024259172432580176,0.00010960887290566161,-0.0006653786515663093
2024-05-12,-0.04096816500067202,-0.04015400506393274,504001324.60804003,-0.01616793267145159,0.03474210536285187,-0.023514066217444955,-0.019721040025697335,-0.9947315606400322,-0.003793026191747619,0.0006623705334037847,-0.0015459589797613867
2024-05-13,-0.006425160038103117,-0.0056508684953406885,1553391573.27726,0.07867494845495913,0.076011833019297,-0.022995913546668925,-0.019642993962926066,0.925936983231913,-0.003352919583742859,-0.000505499134812626,-0.00026113053307991483
2024-05-14,-0.010053333850003288,-0.009382412499895909,1290825061.50357,-0.03020682055288561,0.03477606551904102,-0.022376320017192048,-0.018865424291953405,0.6801678954896967,-0.0035108957252386434,0.00030367925156529995,-0.0004143002369618514
2024-05-15,0.000800392952020168,0.0010150021481369897,1006602575.76334,0.05916452385518336,0.030811779876693215,-0.021084245435657685,-0.018557065756801293,1.165514496749478,-0.002527179678856392,4.735486790331786e-05,3.149044863496334e-05
2024-05-16,-0.023201196558421455,-0.02265218772568456,713075377.68306,-0.05157728800795551,0.028678046353306463,-0.021753348629837032,-0.01852448424842083,-0.07792680160148004,-0.003228864381416202,0.0011966547970228896,-0.0009285640601395888
2024-05-17,0.0016526756122097197,0.0016633396522205413,526471564.98731,0.03268478407109748,0.035535706382368804,-0.019747223144722124,-0.01781946300088138,1.1425014749317857,-0.0019277601438407455,5.401734552464352e-05,6.765883724311613e-05
2024-05-18,-0.04295306330716231,-0.04281857837730818,437293613.41695,-0.02070601313217502,0.024818486988027886,-0.020143943749381905,-0.01802475027558689,-1.1913763222758749,-0.0021191934737950155,0.0008893866929052478,-0.0017613994496350636
2024-05-19,-0.06546867717337856,-0.06478672356299287,508332279.16409,-0.043923428838447125,0.022432915120840325,-0.021858028422657112,-0.019211274842644496,-2.0293503162129802,-0.002646753580012616,0.002875608782972161,-0.002670216403061902
2024-05-20,0.015767596603599054,0.016386914964423793,947515034.0225,0.09401365160413079,0.061729744187674115,-0.019435709872119726,-0.01844979007415041,1.5472334658977858,-0.0009859197979693174,0.0014823693337252374,0.0006637514582552889
2024-05-21,-0.006883950123632965,-0.006120013733939889,1365308357.48646,0.0414703800020091,0.03939658081103646,-0.017955480002868597,-0.018294911395238016,0.4921527690584583,0.00033943139236941935,-0.00028548002754193657,-0.0002832803660822776
2024-05-22,-0.02520793485724715,-0.02455655299684456,1097622765.52672,-0.02680585098716603,0.0449070142243234,-0.017999726343165674,-0.018774237621408327,-0.32022118581878173,0.0007745112782426532,0.0006757201454775554,-0.0009845388411419077
2024-05-23,-0.05058666727540728,-0.049982413840566564,1249226569.6698499,-0.0471401883358792,0.061974683803360305,-0.01997541345936618,-0.019374264140735613,-1.3032102339958422,-0.0006011493186305686,0.0023846650226471565,-0.002024693405327131
2024-05-24,-0.0025261856365524915,-0.001825284066008015,1680416842.78112,0.025962640115516668,0.03881499870297089,-0.020860613553529077,-0.018979996340794093,0.8189575019245088,-0.0018806172127349835,-6.558644854679972e-05,-9.805951873116755e-05
2024-05-25,0.00016531558809718128,0.0006939733566433404,771411411.61281,0.05860555295020695,0.03186961292638789,-0.020635256519748513,-0.01895908196378976,0.9210842824300082,-0.0016761745559587538,9.68841145172396e-06,6.170695478209088e-06
2024-05-26,-0.027995870035474435,-0.027407408075568518,800729078.69836,-0.045045244483787696,0.028374897076392954,-0.021381980273948664,-0.019662921364173837,-0.29325915099693173,-0.0017190589097748274,0.001261080810284292,-0.0010511737415203205
2024-05-27,-0.018966658916319212,-0.018793345675726436,730580229.6854299,0.01602703435020637,0.045766625781879684,-0.021284755424463238,-0.01989667725411283,0.10275639396214058,-0.0013880781703504083,-0.00030397929396049593,-0.0007245046560370313
2024-05-28,-0.06675823435121675,-0.06634944723539027,869397973.06317,-0.0015129969297717647,0.02026387257151846,-0.022459248269134695,-0.020779798942367273,-1.8249864234230633,-0.0016794493267674217,0.0001010050036103749,-0.002517631562181311
2024-05-29,-0.024472374554388554,-0.023941627973102286,935414763.92334,-0.03617377458786045,0.026266660017946752,-0.021863079558498304,-0.02105633139933986,-0.10848760197452174,-0.0008067481591584429,0.0008852581607601432,-0.0009085369752551757
2024-05-30,-0.04628398667413336,-0.04560681345570994,957884323.96345,-0.03607210810660753,0.05713258838527038,-0.02444435927260732,-0.021906169829973,-0.9254247626926516,-0.0025381894426343213,0.0016695609709141206,-0.0017819184245177863
2024-05-31,-0.0663486189929059,-0.06574097095726139,593798231.2278,-0.007639360884433914,0.031943361633718935,-0.024980013658824667,-0.02275827131554785,-1.6924682738189643,-0.002221742343276819,0.0005068610446706144,-0.0025059893532245747
2024-06-01,0.003730356442756433,0.003811959577232127,266630699.49394,0.005312346482849508,0.007641046859260621,-0.02395160667363506,-0.022056969853907864,1.0985059672582473,-0.0018946368197271975,1.9816945928452136e-05,0.0001392468564250472
2024-06-02,-0.0459605400642259,-0.04571390431536759,372552073.73361003,-0.02009200008268858,0.02162247931357055,-0.02418933881951858,-0.022753849536781393,-0.8574367238532845,-0.001435489282737186,0.0009234391747708385,-0.0016869028325859838
2024-06-03,-0.026055013204918875,-0.026012820421356886,581540327.89924,-0.00936201113914917,0.017878911483875024,-0.02512409373222409,-0.022808734472768252,-0.03714232974259409,-0.0023153592594558382,0.00024392732385512922,-0.0008841782106237493
2024-06-04,-0.006248645180059076,-0.005861196957971715,405509943.56833,0.01240007165007722,0.014807809166900235,-0.024942918081274367,-0.022373504217392915,0.7420898869965532,-0.002569413863881452,-7.748364794864221e-05,-0.0002061064497735019
2024-06-05,0.007029963982414733,0.00722466217636164,475508810.78152,0.0018988704367245552,0.012425683986922188,-0.02464627184173177,-0.021819068704056508,1.24007039710666,-0.0028272031376752604,1.3348990777445756e-05,0.0002257226783912686
2024-06-06,-0.03336172389973635,-0.0330257829285846,491224381.0359,-0.014741672970166663,0.02239034340837548,-0.02513010647703248,-0.022010011245332445,-0.3214056978132611,-0.003120095231700034,0.0004918076234509065,-0.0010612110550674329
2024-06-07,-0.09470411832296133,-0.09304973762164981,941335671.61806,-0.08327094901442976,0.07736699699132045,-0.029718525235850148,-0.023098509244999114,-2.2422244503691253,-0.006620015990851033,0.007886101808327836,-0.003201113355847802
2024-06-08,-0.07089600134532137,-0.07101185248683262,371420562.48963,-0.019010688625327947,0.019763750391384744,-0.03104914133290534,-0.024092309097655563,-1.3179043989862007,-0.006956832235249778,0.0013477818063567359,-0.0023793055125781457
2024-06-09,-0.03548188846024347,-0.0356489765236615,274324859.82477,0.007798110520516125,0.011190161069291991,-0.029621199013232243,-0.02476420170753792,-0.20057656422323675,-0.004856997305694322,-0.0002766916876896043,-0.0011717941358300127
2024-06-10,-0.026852034732399943,-0.026743082206970303,325874658.01973,-0.008392427327944655,0.03101964058790764,-0.03165070526732743,-0.02496995398513256,0.17559605133762177,-0.006680751282194874,0.00022535375009911232,-0.0008475240198589078
2024-06-11,-0.06388787654404393,-0.0637564863315585,643884991.15046,-0.029697378347658066,0.034035673565263685,-0.03436517795401367,-0.025350285671733103,-1.0706407815730237,-0.009014892282280567,0.0018973024415569419,-0.00200016760165545
2024-06-12,0.050526517592146325,0.051348692723154565,824455867.34441,0.052503285604291086,0.08190960107779299,-0.030758775456423502,-0.02439627748172701,2.447674954471863,-0.006362497974696492,0.0026528081837306964,0.0016708864300269452
2024-06-13,-0.001785082725867304,-0.0014996411308055846,502937394.71181,-0.0121853946565783,0.020632392971643144,-0.02843489047787398,-0.023826938178068833,0.7964945279587633,-0.004607952299805148,2.1751937509333676e-05,-5.551752701928259e-05
2024-06-14,-0.10961581675175269,-0.10706857615481102,573482556.10926,-0.0485500630433342,0.04998122479889776,-0.03353439672145494,-0.02473465922537622,-2.0420257002989493,-0.008799737496078718,0.005321854813844162,-0.003467426677055692
2024-06-15,-0.013580697155576527,-0.013404028781360044,234733376.37826002,0.00756327723268646,0.0057903703940668984,-0.03418896875686798,-0.024226273069829857,0.5607160473544397,-0.009962695687038121,-0.0001027145776007817,-0.0004127264995505828
2024-06-16,-0.005991868502853381,-0.005930359645962224,196847566.47682,0.012999118158469705,0.013765928606963395,-0.0331411591600765,-0.024146093574368224,0.728855823017772,-0.008995065585708274,-7.788900665860407e-05,-0.00017792857030565654
2024-06-17,-0.06632701010033715,-0.06520490342017304,670799476.426,-0.046682478860286446,0.0525762595042738,-0.035396413978363066,-0.02515446274327099,-0.8187451771873251,-0.010241951235092077,0.0030963092468749946,-0.0019910886986026933
2024-06-18,-0.0582205350553201,-0.05796038480531562,920981935.5730801,0.003690495023911628,0.02780341066201799,-0.03498985686903465,-0.025758615620383823,-0.6200082410727207,-0.009231241248650827,-0.00021486259491113133,-0.0017686408658670629
2024-06-19,-0.009649081410161298,-0.00959843655799375,427846824.39974,-0.025803721603310938,0.019441353594275766,-0.03428398576692859,-0.025753175957853338,0.651468596040375,-0.008530809809075255,0.00024898221043548503,-0.00028998659519436113
2024-06-20,0.004333107090726207,0.004726630884304361,434200436.79421,0.014403874209794644,0.04338022603123956,-0.03187364796860195,-0.025427318570583494,0.9376107040315287,-0.006446329398018452,6.241352947238952e-05,0.000127386462148911
2024-06-21,-0.046967995217684355,-0.04666671928346189,393938924.07291996,0.0021778593000128426,0.019804840121896317,-0.030950761122162825,-0.025980655397010492,-0.4217595702952562,-0.004970105725152333,-0.00010228968518779258,-0.0013536357486598558
2024-06-22,-0.02014897703353935,-0.02004615020799494,190725548.35717002,-0.004195584660266779,0.010265973511303251,-0.03208787224008167,-0.02606448893344673,0.320618178297796,-0.006023383306634943,8.453673896198533e-05,-0.0005832198460097892
2024-06-23,-0.019390768784951384,-0.019396126913626355,347625744.24965,-0.02042210358571588,0.0191791569820968,-0.030822645036306696,-0.02617535002442341,0.30736181290065945,-0.004647295011883285,0.0003960002887329432,-0.0005590171278854338
2024-06-24,-0.021608143223160736,-0.021218136600056337,602937864.39833,-0.021130475899100127,0.04045319994679007,-0.03061088932288964,-0.026243632200594218,0.24178386821930797,-0.004367257122295423,0.0004565903496013017,-0.0006461699122398782
2024-06-25,0.004829381151795875,0.005035737384082806,487624688.9684,0.021885518186290406,0.03581985136579965,-0.030083364259467976,-0.0258008674526448,0.9267314492714624,-0.004282496806823178,0.00010569350902615673,0.00014924996386129653
2024-06-26,-0.028397147587043148,-0.028229834333279413,325642688.85747004,-0.03537783908165081,0.01964922141138034,-0.031770369572299305,-0.02583362894989625,0.09189129785115407,-0.0059367406224030556,0.0010046297177123012,-0.0008873697227335774
2024-06-27,0.015822376961456053,0.015957118331209497,389758617.14617,0.03719867763061911,0.027966770423021394,-0.029428269531290144,-0.02543724154605322,1.1863352178150506,-0.0039910279852369245,0.0005885714999393385,0.0004986278974766565
2024-06-28,-0.05107044612267475,-0.050657844040943756,396048602.93826,-0.02868786476804337,0.03022258987518163,-0.027350475616990784,-0.025605407999187684,-0.668037108093288,-0.0017450676178030998,0.0014651020520109381,-0.0014947872030149452
2024-06-29,0.001404295858115967,0.0016070955014109156,146478007.12735,-0.01782056191595403,0.01138880799984919,-0.023907604321589004,-0.025033563134625417,0.7322708264655259,0.0011259588130364123,-2.5025341287873384e-05,4.054246641848066e-05
2024-06-30,-0.012654562908824163,-0.01252031620003402,205949508.40162998,0.028030842003639773,0.016508615215576172,-0.022820588819140467,-0.024766605418343274,0.2943001667982186,0.0019460165992028072,-0.00035471805352237025,-0.0003685461322431245
2024-07-01,-0.023924062452803208,-0.02396192118693352,274836149.97996,-0.025354259324792176,0.019655173644005618,-0.022681161567731097,-0.024589192235726084,-0.03599286014319182,0.0019080306679949872,0.0006065768835308961,-0.0006838073980093687
2024-07-02,-0.009539116556693372,-0.009210147534066793,225046961.00289,0.011559894322092753,0.021113026550908288,-0.020093125377857263,-0.02413792777824651,0.31689956058458174,0.004044802400389246,-0.00011027117932150068,-0.000266780924572192
2024-07-03,-0.06511169798810501,-0.06533975044103235,397037514.64099,-0.03272989217907276,0.0242393841641592,-0.025599707072154945,-0.024786069623914705,-1.2961428450855248,-0.0008136374482402391,0.002131098854747026,-0.0016421721442666393
2024-07-04,-0.04433360293929778,-0.044585177815126165,792064248.60123,-0.09464310015887001,0.04549440687571578,-0.0276258270823183,-0.02534537700651949,-0.5525919688137507,-0.0022804500757988115,0.004195869623387533,-0.0011706177902018424
2024-07-05,-0.01871089543953519,-0.018152002519129407,1016970380.2528701,0.11333248146111963,0.05676181867174458,-0.023297021305546037,-0.025897343860176687,0.1933933386014953,0.002600322554630649,-0.0021205522105220698,-0.0005000980288728782
2024-07-06,0.0025158451715685537,0.0027953551271706623,500816072.55641,0.06655755251212844,0.037936808105640735,-0.0225305192899677,-0.025784914855528064,1.03085353518572,0.0032543955655603626,0.0001674484971190588,7.109380990417125e-05
2024-07-07,-0.051082070323732576,-0.05083325013379114,381358280.94166,-0.07091883450362595,0.048802386490138586,-0.024677671757628614,-0.026400270397217925,-1.066835021233076,0.0017225986395893109,0.0036226808913913727,-0.001528724072544549
2024-07-08,-0.015845644438091,-0.015458888464444653,610622756.92142,0.04996272635185357,0.06645170834289656,-0.02227379720228356,-0.02631832220170329,0.2809029324621135,0.004044524999419732,-0.0007916915969291112,-0.0004846795773413025
2024-07-09,-0.01809290806962527,-0.018097247916820436,272645372.05483,-0.004454763747531702,0.007665867375724338,-0.02036295782201238,-0.025937354320060575,0.10629266428934082,0.005574396498048195,8.059963095599044e-05,-0.0005360680415125226
2024-07-10,-0.025442821001488647,-0.02542795354766103,267821436.04814,0.0012050986394701528,0.02148373402368575,-0.021115040659694634,-0.025754035328373844,-0.20377337338756885,0.00463899466867921,-3.0661108973176596e-05,-0.0007563103495136974
2024-07-11,-0.021104686942913453,-0.020739355353675326,270303765.68413997,-0.007199993701353974,0.028916429182665748,-0.022326364185106046,-0.026214790475438437,0.05981573701035279,0.0038884262903323905,0.00015195361305802432,-0.000612819578851661
2024-07-12,-0.02097155889782687,-0.020839561530038297,196418910.27745,0.013851414720318827,0.015115587597320974,-0.021088438646065213,-0.0256730711423509,0.00595471465193914,0.004584632496285688,-0.00029048575962539237,-0.0006042710205537246
2024-07-13,0.028699061347495558,0.029092796076074956,240417119.97465998,0.04044351444716531,0.022437390745209198,-0.018762341580301645,-0.024933940164672794,2.1151971645129426,0.006171598584371149,0.0011606909022275202,0.0008435637209398941
2024-07-14,-0.04009961995002409,-0.03985940003363775,271931628.52333,0.0237928786557791,0.025830804578908725,-0.01974847735006701,-0.02492015373529743,-0.8880276304186321,0.0051716763852304205,-0.000954085391613782,-0.001191366549684262
2024-07-15,0.017269109861697052,0.017794659950266967,456624289.89929,0.05873368523966575,0.041848068601864706,-0.017897179584121403,-0.02454405421307838,1.4478426681923735,0.006646874628956977,0.0010142784629861225,0.0005142152543778724
2024-07-16,-0.03203560544571815,-0.03164615488391842,527927102.48377997,-0.01092297086980667,0.05289410624812059,-0.019652655136383975,-0.02489297915904211,-0.5182659148797095,0.005240324022658133,0.0003499239850801993,-0.000979958043739626
2024-07-17,-0.027931498529288,-0.02791506096024632,382950200.10573,-0.03026365763982678,0.0171601619746229,-0.01963048137172897,-0.02534904092858668,-0.3475448336493978,0.005718559556857711,0.0008453093088576974,-0.0008511042119684561
2024-07-18,-0.0225064693423076,-0.022163262376054815,333690291.80696,-0.03147141682238955,0.038211245937881284,-0.02145566452905105,-0.025338013512457888,-0.04678099533392721,0.0038823489834068393,0.000708310477872094,-0.0006967768436000337
2024-07-19,0.003707725084214797,0.00381389125451137,343657459.83439,0.03720377079674162,0.03817356453069063,-0.01884718018586583,-0.025305393679568917,1.023938788532764,0.006458213493703086,0.00013794135421045682,0.00011619111676505628
2024-07-20,0.0030198468283639812,0.003000945082681117,644553030.09471,0.06822139993327918,0.0716333855108494,-0.01877024918728259,-0.02457566494725898,0.9857745765929167,0.005805415759976389,0.00020601817821506386,0.0001032979842022974
2024-07-21,-0.00598762069176606,-0.005460622931360182,846983095.10412,0.05948890335250751,0.05095126126467042,-0.018452775748375064,-0.023631521193582593,0.5603776309189743,0.005178745445207529,-0.00035619698864394533,-0.00021463519392394696
2024-07-22,-0.03912986530658369,-0.0388206239358011,828150956.0425,-0.027010274736233898,0.05022175317831343,-0.019176861598555087,-0.024502909477871204,-0.8799741348552951,0.005326047879316117,0.0010569084123226526,-0.0014596239125704727
2024-07-23,-0.04058241771972715,-0.040287508096285896,639071561.52365,-0.055698503480378976,0.03303183386491152,-0.020655114034890027,-0.025037805788920318,-0.865500540775547,0.004382691754030291,0.002260379934604416,-0.001536840133369592
2024-07-24,-0.036489357694980296,-0.035789253138933,391485799.43537,-0.02609179275432016,0.025550800923203963,-0.019292145449503136,-0.02521687599269386,-0.818106620186217,0.005924730543190725,0.0009520727587156835,-0.0013841162691784806
2024-07-25,-0.0317190191022082,-0.03143461561040317,542281599.68301,0.019769070812224915,0.03131052199716126,-0.0186914509810703,-0.024917389513754194,-0.6373054955397122,0.006225938532683894,-0.0006270555347258687,-0.0011817437724686315
2024-07-26,0.02053450594648698,0.02079033507852568,406240220.20471,0.04209305142432949,0.027058123462522805,-0.016822622343640674,-0.024551346790213886,1.6856853044656877,0.007728724446573212,0.0008643600147786761,0.0007360012275147231
2024-07-27,-0.03771569053933954,-0.03735196343136138,861692770.07447,-0.020859975479195117,0.03730843412004978,-0.01873840975844582,-0.0251526326017605,-0.8569559083361824,0.006414222843314679,0.000786748379831534,-0.001350683594751379
2024-07-28,-0.0002529558523418629,1.4381005931429769e-05,299993100.66162,0.0034686125654039956,0.013448801813454446,-0.016317975735998642,-0.02471226888456792,0.7581305311463362,0.008394293148569279,-8.774058479254634e-07,-8.633065061411332e-06
2024-07-29,-0.04009311925362036,-0.03991916830051223,505697765.05891997,-0.03978383020065457,0.029953149618525732,-0.017472617393880993,-0.02504760952484254,-1.036938587678897,0.007574992130961546,0.0015950578486006268,-0.0012986448212569282
2024-07-30,-0.034049017979074114,-0.033191507365727735,365745195.38076,-0.029848273015144547,0.024279446709316435,-0.018232432151473795,-0.02452841561417361,-0.715254781106281,0.006295983462699814,0.0010163043845369693,-0.0011298090114236171
2024-07-31,-0.04425914731858227,-0.043664357648387275,342158663.81357,-0.027356837129563258,0.02870125378673806,-0.019128447690383014,-0.024842491372335417,-1.1026676206823813,0.005714043681952403,0.0012107902846878015,-0.0014838113620292647
2024-08-01,-0.04833488523343554,-0.04846014562843681,533456666.90197,-0.01650862904821742,0.052844142934056,-0.020425123799455498,-0.024875045317721164,-1.1792852032893273,0.0044499215182656655,0.0007979426904069492,-0.0016755261253053521
2024-08-02,-0.03453925967274574,-0.03375121591846575,475010219.98495,-0.054289071644909134,0.03893208543168505,-0.021071204788737346,-0.024370134852321795,-0.5643034702603639,0.0032989300635844487,0.0018751043429358141,-0.0012364731564069775
2024-08-03,-0.014514550497044976,-0.014225495291834589,453693448.86182,-0.041062550390515706,0.0545559691146146,-0.023128995828953565,-0.02465973654977896,0.40906859019101544,0.001530740720825395,0.0005960044611805941,-0.0005418066854803035
2024-08-04,-0.04259278592440374,-0.04231170078936208,470904079.38079,-0.047085243614265984,0.04995048009797584,-0.023247718018209736,-0.024606280134861148,-0.9139735097411504,0.0013585621166514114,0.0020054917014608294,-0.0016388458511697533
2024-08-05,-0.03559966377056234,-0.035411901413502145,1647463903.4332,0.03200186893582414,0.13205978838095486,-0.025765278667364947,-0.024757782524791997,-0.5134290861991735,-0.00100749614257295,-0.001139255774144943,-0.001522699859837097
2024-08-06,-0.025600566270788883,-0.025385753839200387,563614059.90143,-0.0193183155283155,0.04005474908385209,-0.025458848230463554,-0.025064955875438503,-0.007419641235898557,-0.0003938923550250509,0.0004945598169226509,-0.0010793576088893684
2024-08-07,-0.022834503816337115,-0.02268524908649916,566229688.8168,-0.028679498105783054,0.024374576045186502,-0.02521613419651351,-0.02553899504684726,0.12469410909141855,0.00032286085033374906,0.0006548821089471362,-0.000970580984650625
2024-08-08,0.008513137016542993,0.009694318403603353,515971447.53475,0.0829485797311421,0.06520761899634069,-0.02373901008418729,-0.02487431471484283,1.5755701438170697,0.0011353046306555384,0.0007061526245788536,0.00037279502955408735
2024-08-09,-0.024876644447611063,-0.024941745505620005,298320561.97885,-0.020977123125022475,0.0337306705933819,-0.02510017053808376,-0.02376594211364679,0.011474501209996114,-0.001334228424436968,0.000521840433514944,-0.0010840991070527487
2024-08-10,-0.008441567532675998,-0.008412885645563972,148424595.34422,0.012156167879483024,0.014453365478679668,-0.02564595217432376,-0.02277460189439845,0.9150416143543091,-0.0028713502799253103,-0.00010261711209320272,-0.00034488981946882355
2024-08-11,-0.03468799854262805,-0.034671021164594196,432367932.96871,-0.08875063749714579,0.044538430808546296,-0.027012636833888617,-0.022762000467134714,-0.4185322471647256,-0.004250636366753904,0.003078581984158304,-0.0014066247639735224
2024-08-12,-0.011173559842080016,-0.011209165897831497,489231245.72819,0.060294325850865624,0.04717127564263378,-0.025681384192721774,-0.022513135786335986,0.7872005957119212,-0.003168248406385788,-0.0006737022580325192,-0.0004514732822573852
2024-08-13,-0.043634411511354276,-0.04324053227560232,316512131.09493,0.015261683016638574,0.012324181096594623,-0.025826717230418305,-0.022191652214388534,-0.9592304466347108,-0.003635065016029771,-0.0006659345571038542,-0.0017200432896805411
2024-08-14,-0.06084788643741912,-0.060568003489655076,260919912.06742,-0.032490362637136526,0.02565738642765434,-0.02698664717053444,-0.02395949989739751,-1.6954588785552605,-0.0030271472731369306,0.0019769698960550486,-0.002398897358727822
2024-08-15,-0.03875036687472144,-0.03796115007408618,335116018.22923,-0.024660945937911415,0.05471253081999288,-0.027321473254939832,-0.024546250439442814,-0.5682209383243794,-0.002775222815497018,0.0009556207025717389,-0.0015708964366391
2024-08-16,-0.009207701873334195,-0.008886299804014008,275552704.94632,-0.0010963274133426815,0.04054926104043011,-0.028737768865407506,-0.022952470838198073,1.1194982734787582,-0.005785298027209434,1.0094655977623041e-05,-0.0003791852638358412
2024-08-17,0.012881332821185643,0.013176038823029979,138475349.60742,0.019465813223123185,0.013850167434799072,-0.026328386800620593,-0.022532438616344706,2.0092414187079606,-0.0037959481842758866,0.0002507456187620862,0.000516080988384337
2024-08-18,-0.04180023337561378,-0.04150425833383464,183987706.90994,-0.020296721701789484,0.028728799696159785,-0.028306828587443066,-0.023100825360356778,-0.7164728984642306,-0.005206003227086288,0.0008484077038946854,-0.0017051098037404208
2024-08-19,0.014562024703435705,0.015053045227332307,211480207.68381,0.008727616640758681,0.012073947852694455,-0.02570420268472611,-0.021816872426963556,1.9361574759713103,-0.0038873302577625557,0.00012709176912484445,0.0005816142893457757
2024-08-20,-0.0011334279599291008,-0.0011893573709166327,447079096.62189,-0.01734816059729168,0.036119251437575405,-0.024136793636195395,-0.020910727869893855,1.0764772003816994,-0.0032260657663015398,1.966289027431072e-05,-4.590868626620462e-05
2024-08-21,-0.027447624470255616,-0.026896011281459464,252206065.77623,0.022489989261350516,0.03180021020921287,-0.02333624492913222,-0.02119324442640329,-0.19683870185009716,-0.0021430005027289305,-0.0006172967795856305,-0.0011157967633025976
2024-08-22,-0.04257431323267136,-0.042515372551325425,174161560.90579,-0.00028507625982964434,0.016155206409460925,-0.02306193197671488,-0.021937806653758808,-0.9482220466076601,-0.0011241253229560717,1.2136925981185686e-05,-0.0016563434224626603
2024-08-23,0.02358989272683054,0.023477473487944156,524915734.88171,0.0632636431406896,0.047650102644789374,-0.02029387710054458,-0.020817840178449048,1.928819395178433,0.0005239630779044664,0.0014923825551973564,0.0009275523008893023
2024-08-24,-0.029130912019357025,-0.02886002335281823,347119911.67643,-0.00035549236065789255,0.02438673969818206,-0.020989894315892772,-0.02096041057504933,-0.357226361800515,-2.9483740843442435e-05,1.0355816681878604e-05,-0.0011035743023330683
2024-08-25,-0.04031262751332698,-0.0400720236961688,302130640.86197996,-0.01233911500074619,0.027252391484962068,-0.020881315343936738,-0.02129250357073783,-0.8565086933940731,0.00041118822680109163,0.0004974221468691866,-0.001483601925169848
2024-08-26,-0.04868391104463421,-0.04871429745080624,299051668.85885,-0.0388072201008425,0.022771944385623435,-0.02150437473794016,-0.02172227766314217,-1.1673596518641056,0.0002179029252020112,0.0018892872512789568,-0.0015383253658321906
2024-08-27,-0.08805372681146995,-0.08751212101323147,348515736.69799,-0.06681864933253014,0.05584922021302221,-0.024478334763686875,-0.023196612710178137,-2.3161865590388904,-0.0012817220535087381,0.005883631094238017,-0.0028485685810009224
2024-08-28,-0.05129180304825165,-0.05100052922126108,317767231.24069,0.000401848508521741,0.03417645565841176,-0.025833444250920903,-0.02356001993972113,-0.9073228913605993,-0.002273424311199774,-2.0611534554330813e-05,-0.0016832483715490468
2024-08-29,-0.00842326648591818,-0.008275983656622077,209698563.8887,-0.001693311824494887,0.033946007599744914,-0.026639939655800006,-0.02394487142301278,0.668402712264535,-0.0026950682327872254,1.4263216741476748e-05,-0.00026388792170084605
2024-08-30,-0.006314635268585889,-0.005313515433016058,335764957.09684,0.016648883220339514,0.03818988788895059,-0.025756034456798808,-0.023234461726916136,0.7040738556251487,-0.0025215727298826714,-0.0001051316251657237,-0.00019916863723271085
2024-08-31,0.012811689063376264,0.013040727340979386,154567146.01231998,0.00029636947611348403,0.007419386369110238,-0.024743974618891558,-0.0230533919934993,1.3108844199939533,-0.0016905826253922583,3.7969935758416762e-06,0.00039979960739243377
2024-09-01,-0.12066412576166974,-0.12004857232183686,256716002.78635,-0.05347991482903759,0.04343569656737592,-0.0288380759150364,-0.024767829499100027,-2.588692928517532,-0.004070246415936372,0.006453107168654378,-0.0037590900218416675
2024-09-02,-0.007401909808764207,-0.007099837105489004,252825401.4634,0.04016190490068678,0.03321093574520594,-0.02865847353249755,-0.024505573107924807,0.5975093225181345,-0.004152900424572743,-0.0002972747978230487,-0.0002256735539351656
2024-09-03,-0.025718160734604978,-0.025710566399279267,234775016.45157,-0.02843213886313504,0.030371175435984697,-0.027805318733604728,-0.02476238333297102,0.05893822524333198,-0.003042935400633707,0.0007312223173107158,-0.0008062113167788406
2024-09-04,-0.016287164079312633,-0.015511601371625328,377045443.88554,0.02302512539218785,0.03234705178482133,-0.025683379573694893,-0.02398739073124416,0.2710906782930309,-0.0016959888424507331,-0.0003750139952093111,-0.0005157573807842654
2024-09-05,-0.03493830143643839,-0.03490382229873179,270921996.71162,0.021890807858242933,0.019158676589462943,-0.025501852648062366,-0.023838258961357498,-0.2727387634346965,-0.001663593686704868,-0.0007648276436384459,-0.0010472215412389758
2024-09-06,-0.056653681175856896,-0.056505043487712125,536856598.86461,-0.0660316183750514,0.05123628567518297,-0.027761184995801543,-0.024440525401616578,-0.8248376694930522,-0.0033206595941849652,0.003740934254946016,-0.0017269378530780633
2024-09-07,-0.007442038474555601,-0.00703634375587836,210400202.29302,0.03566087272763906,0.02492705175467115,-0.02872896458131303,-0.024598587046793147,0.623920932625452,-0.004130377534519884,-0.00026538958687532047,-0.0002307763462131673
2024-09-08,-0.026458440364833802,-0.026488570418417012,205749382.79571,-0.0005202101766383961,0.020581539983144406,-0.027998403009371127,-0.02420773577760428,0.04530886663002289,-0.0037906672317668463,1.3763949935766661e-05,-0.0008102067894508256
2024-09-09,0.055312538946508116,0.05540041795684614,450664229.78971,0.06830464021408728,0.050159141272318145,-0.026057902331129583,-0.023078240803245564,2.1687576739193384,-0.0029796615278840193,0.003778103072068927,0.0017940868511770612
2024-09-10,0.0006060154220774994,0.000699176296349524,263296020.40447,0.002631452227495123,0.026994419281261294,-0.025975071693891176,-0.02278143249385346,0.707338332830364,-0.003193639200037717,1.5947006323222328e-06,1.9393057004174573e-05
2024-09-11,-0.028415373579789738,-0.028256035440530014,316974947.98237,0.0024721891453892073,0.017644780514212415,-0.02602115498482137,-0.022828615868112204,-0.06370734213840325,-0.003192539116709168,-7.024817812613545e-05,-0.00089016447998728
2024-09-12,-0.017701003404966165,-0.0175538045856376,230299035.773,0.004196970681648555,0.022714093011624883,-0.02483671165969255,-0.022774589145287644,0.19066500344867665,-0.002062122514404907,-7.429059232640423e-05,-0.0005600454044904307
2024-09-13,0.027982327053334144,0.028076776159050132,411402854.14523,0.04829449657454098,0.04031347948999657,-0.024627548120335237,-0.021997543336539055,1.3947231232428303,-0.0026300047837961825,0.001351392398024931,0.0008755621637661568
2024-09-14,-0.014873681057669397,-0.014783392604178602,224800988.46192,-0.016476388357540523,0.015699675448070553,-0.023948632360254875,-0.02268917416836707,0.24030800888522078,-0.0012594581918878058,0.00024506454541235506,-0.00045924211090473343
2024-09-15,-0.04629229189661821,-0.04595563364402766,227840261.7852,-0.0278328906857218,0.030256911232746427,-0.02423337828326874,-0.022787470548471737,-0.5817894882908256,-0.0014459077347970042,0.0012884482999500997,-0.0014359512184884472
2024-09-16,-0.08838952353522733,-0.08804406597585901,281425290.22744,-0.018206740797351875,0.022473296733773865,-0.02612412173520175,-0.024464591713502286,-1.551913601930566,-0.0016595300216994645,0.001609285144207317,-0.0027405178853743516
2024-09-17,-0.02341008349729834,-0.02309091699715593,258825909.40828,0.013048643731653757,0.025172440921391644,-0.02304585300595548,-0.02432767866670197,-0.009705378572365536,0.001281825660746489,-0.00030546983928451303,-0.000691632399504214
2024-09-18,-0.040758442251573546,-0.040362582266905034,299151522.50406003,0.02665002268516051,0.0325717475050148,-0.02254426439658986,-0.02453128094800809,-0.4896114197770707,0.0019870165514182317,-0.0010862134106162397,-0.0012010613932361281
2024-09-19,0.010699626530423778,0.011021110467273498,317397832.51219,0.008995275964902474,0.012039934748474854,-0.021633650443430717,-0.02400420006113934,0.8555234459202778,0.0023705496177086234,9.624609336255387e-05,0.00030413311783470624
2024-09-20,-0.04547640164082789,-0.045587455400741606,312680427.74522,-0.005389319525605676,0.014878078565131271,-0.023498496461156527,-0.024784900485346366,-0.5788889465287942,0.001286404024189839,0.00024508685931719974,-0.0012421679848551987
2024-09-21,0.03356013122025914,0.03398407327544306,267055524.57857,0.04732626803555539,0.03296081922856929,-0.022510475406066866,-0.024300134066427396,1.4300982031806944,0.0017896586603605297,0.0015882757654383944,0.0009574980813812795
2024-09-22,-0.056894338939115,-0.05713549341553037,262857611.65419,-0.016240790045778844,0.01675947490556199,-0.019473818890707116,-0.02510817721321071,-1.1257395409237478,0.005634358322503592,0.0009240090135035465,-0.0015509695078996777
2024-09-23,-0.007106799395878327,-0.007043690910922051,310244970.07548,-0.0013879252748482127,0.0158634819884512,-0.019459766013903028,-0.02459987457970745,0.3715596580338316,0.0051401085658044215,9.86370650481554e-06,-0.00018786436918643608
2024-09-24,-9.992056727559095e-05,0.00026612646794155204,363083252.13716,0.013949019419150414,0.028628284294231768,-0.01823984981545877,-0.023957295259827267,0.5419052330621391,0.005717445444368498,-1.3937939332997436e-06,-2.633052855188612e-06
2024-09-25,-0.046847007349057224,-0.046616322399543386,347673045.78876,-0.01927264292102631,0.022747295243416527,-0.01969508044735137,-0.024121702397193568,-0.7975392013739814,0.004426621949842197,0.0009028656445570752,-0.00121307181959377
2024-09-26,0.025012414928105464,0.02470995181052693,816185122.48122,0.08034609182016127,0.04864365612034682,-0.01684028442999214,-0.02322120344433145,1.1891124616093696,0.00638091901433931,0.002009649786457534,0.0006827982977487444
2024-09-27,0.002950859776121195,0.0033316009402226676,844026062.04757,0.04023839959277422,0.05370251015939548,-0.01400197295608842,-0.02350030893909916,0.4954787458859106,0.00949833598301074,0.00011873787481380893,8.090022534798924e-05
2024-09-28,-0.01488218993103163,-0.014683139427921321,972770350.1554401,0.014949137558467425,0.06660316652908736,-0.01435626588258728,-0.02313787242150697,-0.015385887426239666,0.00878160653891969,-0.0002224759044502307,-0.00043754221437228833
2024-09-29,-0.019679389013185444,-0.019429241048924184,563634310.54845,-0.039885488584165206,0.046264092951602526,-0.014033453913461166,-0.02344622850342512,-0.16559846122988178,0.009412774589963955,0.0007849220458287542,-0.0006026492206314317
2024-09-30,-0.0826938768669343,-0.0818012045936255,655348151.75078,-0.07035272905739165,0.04691951708254891,-0.020605187999815568,-0.02412243100522375,-1.861638309729902,0.003517243005408184,0.005817739913924736,-0.002519608223985759
2024-10-01,-0.0424474013977979,-0.04245958074772527,832609591.91275,-0.09684982598991798,0.07882387856176212,-0.022655350705523918,-0.024255738678536833,-0.5942522280260605,0.001600387973012915,0.0041110234391009285,-0.0013980973673320624
2024-10-02,-0.03191292973971904,-0.03179943735894353,506523825.91574,-0.03494954108146902,0.027443206115752128,-0.022821900998853888,-0.024059766970935828,-0.272637284962043,0.0012378659720819404,0.0011153422489683451,-0.0010660119687673868
2024-10-03,-0.037844505850023746,-0.037565622659008424,481446711.71324,-0.009948445307665593,0.01804758871433671,-0.023781115400999486,-0.023893253012468973,-0.4200590560634516,0.00011213761146948789,0.0003764939966445918,-0.0012557393388307216
2024-10-04,-0.03317915280181427,-0.03293778036509021,373547015.52599,0.026450430690616724,0.027846657034678722,-0.02669356682267322,-0.023871664014517676,-0.20691937353306297,-0.0028219028081555436,-0.00087760288155777,-0.0010812386198510086
2024-10-05,-0.03617922449162758,-0.03605785784180726,229522756.52921,0.014458970872237614,0.022053280641579194,-0.02770811651000456,-0.024215547728717403,-0.2707584981417651,-0.003492568781287158,-0.0005231143531045888,-0.0011899507489698965
2024-10-06,-0.009887273224846282,-0.00990354022800688,241731290.13399,0.0270827166821448,0.030258161947366857,-0.025974544192301136,-0.023696412606502206,0.5153886625016578,-0.0022781315857989294,-0.000267774219507468,-0.00032519739295584066
2024-10-07,-0.04579012512371061,-0.045465945357001214,474511676.9903,-0.049769572518232615,0.03108756815009013,-0.02394600141080034,-0.023858165961314085,-0.7748112143372842,-8.783544948625516e-05,0.0022789549529634604,-0.001524843528046493
2024-10-08,-0.04743512348844858,-0.04738799849810882,317900309.40537,-0.02061928720273591,0.02505495914776476,-0.025090050934188448,-0.024204746234610268,-0.7798321846366708,-0.0008853046995781801,0.0009780784347055654,-0.001579357766528151
2024-10-09,-0.051524661209989664,-0.05124459086274502,393331718.70133,-0.007572295855634598,0.022376848872002104,-0.02560272802744636,-0.024660145558319038,-0.8925750579314017,-0.0009425824691273212,0.0003901599785433814,-0.0016905056369516636
2024-10-10,-0.04480990733008161,-0.044681773653994394,356758691.55062,-0.017679708431296424,0.024756490722884848,-0.0282460391636609,-0.02550654308763054,-0.5898242790485292,-0.00273949607603036,0.0007922260964292554,-0.0014973316248797928
2024-10-11,-0.04204862564879952,-0.04141685049510324,305944574.54456,0.029877588940272905,0.018264557236832207,-0.028082811735469074,-0.025779114217808135,-0.49900433773231545,-0.002303697517660939,-0.001256311552638248,-0.001411843668067857
2024-10-12,-0.025817831418344483,-0.025647996364892678,212228043.29857,0.014933079885572461,0.014339239252069582,-0.03091033376587877,-0.026054927930279064,0.21051999011462752,-0.004855405835599704,-0.00038553973904238074,-0.0008439774288675505
2024-10-13,-0.037514950338186304,-0.03744912640247855,271457276.30316997,0.004229477620985131,0.019309196524319734,-0.029987505737263116,-0.026099800181002213,-0.3201892641665373,-0.0038877055562609036,-0.00015866864290772754,-0.0012309077468711294
2024-10-14,-0.017400196590141914,-0.01758789223105206,494882863.79836,0.03427412000636072,0.025792052138059046,-0.030477667508418526,-0.0261986356849397,0.5658203545022539,-0.004279031823478826,-0.0005963764260647926,-0.0005791466580256082
2024-10-15,-0.025789470977111595,-0.025352130227654812,743555372.19855,0.01000992231117589,0.038970647811855406,-0.03170097943269643,-0.02591538266058664,0.2677192054326882,-0.00578559677210979,-0.0002581506009272124,-0.0008710756974594056
2024-10-16,0.012334050360892856,0.012350788438122207,1463229167.40835,0.07548571599499872,0.05810067928452718,-0.028882833827460715,-0.024753764616168995,1.7344437547569251,-0.004129069211291719,0.0009310446226103696,0.00043736422469502136
2024-10-17,-0.0058518842873475085,-0.00547159493850824,1075384206.26292,0.035499251328533626,0.05226991991628972,-0.030352562361529903,-0.024231566479861473,1.1630992502105975,-0.00612099588166843,-0.00020773751106204608,-0.00020851774583025825
2024-10-18,0.019607254446876166,0.01993131880096155,1549990039.1744199,0.03328081841146404,0.03695465782414768,-0.02955940071054157,-0.02377418622081051,2.171996118459084,-0.005785214489731058,0.0006525454747938565,0.0006830199844912277
2024-10-19,-0.004840863437855392,-0.004919127439722559,1478463329.9214401,-0.0011103401557119076,0.042547579124242306,-0.029081242306104607,-0.024055490923334973,1.0509973030942568,-0.005025751382769634,5.375005063368436e-06,-0.00016308656363387634
2024-10-20,-0.0326147123214614,-0.032475354030938264,988607611.03895,0.005433453722995189,0.03780790473764216,-0.029697210082689177,-0.023909689001840487,-0.12699661226440287,-0.005787521080848689,-0.00017721053008746155,-0.0010856421874237323
2024-10-21,-0.003645953943286151,-0.0033008984298611432,1396818305.85257,-0.012385558778179317,0.03456255255794375,-0.02593302327680117,-0.024198704535915442,1.105563913989088,-0.0017343187408857264,4.5157176867105286e-05,-0.00011921707332829977
2024-10-22,-0.04763702500129097,-0.04728691396736462,1178381858.53484,-0.03580225541267789,0.02526307097167962,-0.02618014821030084,-0.02493685686990531,-1.0517087009349126,-0.0012432913403955283,0.0017055129361963415,-0.0014361583501019664
2024-10-23,-0.00836755872165984,-0.008254882464221236,1067064758.0651001,0.01323189160056654,0.029001165327650215,-0.025058940066583733,-0.024633998683419665,0.8057364415786076,-0.00042494138316406804,-0.00011071862996637813,-0.0002528854665697666
2024-10-24,-0.015838834722572415,-0.015644789360864664,918009445.75238,0.017705870163626385,0.01981628535064595,-0.024011050965276528,-0.02420962600865619,0.3968481601287711,0.00019857504337966042,-0.00028044035114100453,-0.000480017362652113
2024-10-25,-0.04205334685235029,-0.04170436334818195,1038254716.46788,-0.06111641117955441,0.03889063912202236,-0.02443363163434967,-0.025251582192452708,-0.8438801173347439,0.0008179505581030373,0.0025701496377046607,-0.001296599717336595
2024-10-26,-0.03703664767417336,-0.036792988116725045,554906499.8210701,0.02752433485293307,0.02614947670985241,-0.024474461309708994,-0.02537707005998948,-0.6009365897946097,0.0009026087502804862,-0.0010194090924140523,-0.001149147800472907
2024-10-27,0.021230191507388474,0.021282286899861003,673449896.6703401,0.04356984497296238,0.03446415275182912,-0.022992677274840674,-0.02440019991680352,1.9236560688587294,0.0014075226419628453,0.0009249961527232184,0.0006629679723276764
2024-10-28,0.03437716999666751,0.035412940114337266,2219487581.72125,0.11992286993802302,0.07485404123840951,-0.019175187031013143,-0.023081770059005077,2.0976428755251164,0.003906583027991933,0.004122608886347665,0.001145162655792672
2024-10-29,0.010463638992853852,0.010507609263088247,2933650982.34534,0.05061419549871801,0.05641181525017999,-0.016418103103332075,-0.021518002347825336,1.056194049661972,0.0050998992444932605,0.0005296086696123137,0.0003641859450189997
2024-10-30,-0.04424369241742521,-0.0439915543676791,1727995629.29994,-0.03892584893154645,0.03655694796892674,-0.016071390303686147,-0.021406127575907454,-1.1271236562813458,0.005334737272221307,0.0017222232872145008,-0.0015697726788153963
2024-10-31,-0.032792617943576796,-0.03215962540689299,1838967498.37092,-0.053311427357531846,0.05472676429320522,-0.0154991384281383,-0.021792942678409973,-0.7077250824734218,0.006293804250271673,0.0017482212693622897,-0.0012102870591115115
2024-11-01,-0.02184679596197625,-0.021776953529686005,1970995199.90384,0.004724269439826197,0.03733594162338259,-0.014537146538289572,-0.022039484911638388,-0.3080969015358361,0.007502338373348816,-0.00010321015052128276,-0.0008261467114208915
2024-11-02,-0.03456454435605527,-0.03422317892513149,961013584.72571,-0.011282650464524464,0.02795430066906283,-0.014953656678180563,-0.02279148861670873,-0.8168414371916369,0.007837831938528168,0.00038997967243492343,-0.001329483706711457
2024-11-03,-0.034539688472020935,-0.03484703121475652,2010465924.85424,0.007563730327404376,0.04052610413437563,-0.014811977541696497,-0.021424434056555575,-0.8262287171322671,0.006612456514859078,-0.000261248889194924,-0.0013634241015976997
2024-11-04,-0.0040784124336668,-0.003848315041116823,2212033252.72433,0.04229301334723962,0.042455081803292084,-0.014177606867578635,-0.02137168012996673,0.4211269577100968,0.007194073262388094,-0.00017248835149261802,-0.0001642279054643206
2024-11-05,-0.0016831501299560125,-0.0014834415568916182,3774348143.27437,0.04576079818068818,0.05990135156044434,-0.013029686827237893,-0.020990172025131034,0.4732715691502104,0.007960485197893141,-7.702229340471617e-05,-6.945402250495778e-05
2024-11-06,-0.006274296386832301,-0.006674485668517693,9836531856.99785,-0.07343512619005399,0.08057952933345061,-0.013915798577129566,-0.020831237617313883,0.32760355993008655,0.006915439040184317,0.0004607537469208298,-0.0002656206292155457
2024-11-07,-0.0398213560213132,-0.03915557848546347,3041259011.20754,-0.014276419746572995,0.02932857106776745,-0.01553339246922317,-0.020908746420248404,-1.0158567308851187,0.005375353951025234,0.0005685063934379892,-0.001642323616308919
2024-11-08,-0.014319474351673467,-0.01374608192464255,2913129221.60264,0.0360835316494078,0.03871285062937011,-0.01714895098343982,-0.020236774883356602,0.12563385727902646,0.0030878238999167834,-0.0005166972059714928,-0.0005917666831277824
2024-11-09,-0.01878295535064567,-0.018264000839017136,2799717103.89014,0.09375887228876298,0.07335046119381963,-0.01781286012214412,-0.020416789436945335,-0.043413547305460216,0.0026039293148012142,-0.0017610687119267246,-0.0008037754380336238
2024-11-10,-0.023982597294793462,-0.024473329957462986,9619426807.83372,0.19538776812255643,0.1187066104211687,-0.017401807025636123,-0.020377490340595487,-0.2972624291885929,0.002975683314959364,-0.004685906159211754,-0.0011186713502562564
2024-11-11,-0.024790653942912022,-0.023300104241711805,12902881639.26611,0.18225334629633258,0.1313516099420363,-0.018408697501808784,-0.021648969592808508,-0.2906014461053555,0.003240272090999724,-0.004518179637970087,-0.001270623448803844
2024-11-12,-0.026282737077182095,-0.026076506062367333,25999081538.80066,0.04390076906542973,0.1473247762989147,-0.01739182664827979,-0.02207577518803485,-0.42309191987273786,0.00468394853975506,-0.0011538323708327788,-0.0014998662893587484
2024-11-13,-0.02482028403566261,-0.02445822025379829,16248712802.62409,0.07210704131358009,0.1297658063747268,-0.0181752897584704,-0.022018710274636005,-0.31691858545155394,0.003843420516165607,-0.001789717246374316,-0.0015355046471850675
2024-11-14,-0.05676098525087914,-0.05637035445878735,9071981150.633339,-0.0639074790178464,0.09937619878640871,-0.02012396359315167,-0.022638709986475894,-1.6226022085542706,0.0025147463933242256,0.003627451473952847,-0.0037265560779732344
2024-11-15,-0.012909757134867084,-0.012330793467465462,6841105226.74809,0.02943185691881809,0.07063605190673745,-0.01873617360660485,-0.02328779068787591,0.2641953353314044,0.00455161708127106,-0.00037995812485009897,-0.0008670859551373054
2024-11-16,-0.04614279241874719,-0.04572159776980178,4141202532.5177402,-0.042766582615612635,0.041537307641363666,-0.01916979954682265,-0.023784125788845402,-1.197950904980602,0.004614326242022751,0.001973369544091416,-0.003132999529103112
2024-11-17,-0.04307311767219035,-0.04240865162403662,4424268084.8507595,0.044757421407217814,0.03434583637901111,-0.022231861888707356,-0.023733027785283054,-0.9889897202427225,0.0015011658965756979,-0.0019278416789769044,-0.0029243323265176406
2024-11-18,-0.0200279044847802,-0.019837865994488002,4995053370.70745,-0.002608054177116348,0.06108321868202255,-0.02482257972115725,-0.022647922720990244,0.2880584283254652,-0.0021746570001670053,5.223385995041824e-05,-0.0013466068064118513
2024-11-19,-0.012457122878807625,-0.012134692710279671,7777224155.169,0.03555293386898789,0.06377712529353748,-0.02591404457218875,-0.02247406620323642,0.9048259254549607,-0.003439978368952327,-0.0004428872659081035,-0.0008419427945589651
2024-11-20,-0.05451597446265988,-0.05403327207539543,5004069149.42531,-0.014839990253159057,0.05940964739818051,-0.026403200860057065,-0.022692439730396523,-1.795907531881299,-0.0037107611296605426,0.0008090165296673407,-0.003743910883753025
2024-11-21,-0.0364538453625588,-0.036094037813878876,4560935440.11302,0.02803799543039038,0.028241154583328636,-0.02657754502286573,-0.02344090753822164,-0.6271216585165337,-0.00313663748464409,-0.0010220927496955813,-0.0024575091407176533
2024-11-22,-0.009622625694788223,-0.009093283250556139,7555187379.09411,0.0467402582370441,0.04134699157841324,-0.02599544167680916,-0.022871799983522602,1.0136117024930895,-0.0031236416932865566,-0.0004497640098928174,-0.0006505401695667857
2024-11-23,-0.021098541081415734,-0.021345206206185408,11115946593.63817,-0.007774757445222555,0.10260762687110879,-0.025354203425635848,-0.02373939795656506,0.2649390577121212,-0.0016148054690707896,0.00016403603935607092,-0.0015013761135892524
2024-11-24,-0.03749112305126645,-0.03720906714580807,6970570892.133491,-0.026840019180743014,0.08053271620620518,-0.025494747929409443,-0.023431410402789687,-0.7423589053630598,-0.0020633375266197566,0.0010062624618035882,-0.0027392987676045084
2024-11-25,-0.06121152538687458,-0.059965271978149604,5635727123.33919,-0.07491495441119132,0.04822589256604553,-0.028215372355752673,-0.024290215577249946,-1.923658890987354,-0.003925156778502727,0.0045856586337971895,-0.004489257162344032
2024-11-26,-0.028279103247486614,-0.028258790351991858,5428930137.27486,-0.04675586842864171,0.06173251707634021,-0.02948184631373032,-0.024737504191221546,0.0749759163558617,-0.004744342122508773,0.0013222140307194586,-0.0020764571208946683
2024-11-27,-0.017652943544205546,-0.017570947233649714,3636639874.6021,0.03504504271468668,0.04235354399146801,-0.030023686654557617,-0.0242741063530493,0.8034045807073557,-0.005749580301508319,-0.0006186481605466358,-0.0012640739205768221
2024-11-28,-0.036764203018865294,-0.036163964673117444,3407303134.6255198,-0.01846403507835311,0.032569940809359536,-0.029878107940155336,-0.025254687590302805,-0.44963473949002286,-0.004623420349852532,0.0006788155341680241,-0.0026382480255948445
2024-11-29,-0.0034217824280672327,-0.002950148592100521,3640359093.41883,0.046562429899486175,0.056816430539686665,-0.02935917022950742,-0.025355840641162936,1.6174401865173218,-0.004003329588344484,-0.00015932650443817412,-0.00024850148450275686
2024-11-30,-0.028932658050894622,-0.028603650200444752,2859894313.40648,-0.0018712181401816029,0.03353888075960634,-0.02984248940570975,-0.025578863944652825,0.057390717747591795,-0.004263625461056925,5.4139314588505315e-05,-0.002046337856985797
2024-12-01,-0.02465499991923814,-0.024288804838674793,4352527902.72565,0.03668017095242692,0.024812514957583864,-0.029874508578302355,-0.025657841895542554,0.3294825750578172,-0.004216666682759801,-0.0009043496118697269,-0.0016335531669809385
2024-12-02,-0.0322959874609825,-0.03219373681344273,7165711212.68324,-0.03996980667662502,0.08435457952155478,-0.030231905412496186,-0.024857875397035382,-0.13059079525543166,-0.005374030015460805,0.0012908643752461764,-0.002067541070390988
2024-12-03,-0.05790054341421924,-0.0573180489125229,4332211067.31336,-0.03891804398728333,0.03429921606445635,-0.031737515238069385,-0.025103163365550005,-1.5499310515041402,-0.00663435187251938,0.0022533758954821925,-0.0033950761097012645
2024-12-04,-0.02469771357547501,-0.024220259754191287,4139065724.5594397,0.04063636913771122,0.04366978833274155,-0.03173167854948902,-0.024988636124847717,0.41663852296100523,-0.006743042424641306,-0.0010036254057104643,-0.0013469276560798841
2024-12-05,-0.03829668479842807,-0.03745546630583996,8544848693.88767,-0.019909111153419375,0.03135456534951277,-0.030852426146991352,-0.024995813568473184,-0.46613734606620927,-0.005856612578518168,0.0007624529544593705,-0.001964520625958923
2024-12-06,-0.036510492011776474,-0.036288815614576975,3393613191.22388,-0.005570023454991607,0.02991206017586312,-0.03197627066493942,-0.025048691968631312,-0.2931585585311998,-0.006927578696308105,0.00020336429685887867,-0.0018020910450349534
2024-12-07,-0.002895794575033639,-0.002644600554488341,4269878951.62679,0.04348462172936266,0.049862518312679724,-0.029916889815238774,-0.024520383557256806,1.6536095984102408,-0.005396506257981968,-0.0001259225317012783,-0.00014407912357751465
2024-12-08,-0.026663341413090347,-0.026021965984991846,5010827229.02613,-0.004233308297587271,0.016730807767139897,-0.02913547189813877,-0.024786670353895604,0.1538331782094421,-0.004348801544243167,0.00011287414444543767,-0.0013042585956972521
2024-12-09,-0.08436728208070687,-0.08354882517299478,7585869605.72054,-0.0879631782899725,0.06109876157874678,-0.03219925178365909,-0.025399006178609827,-2.6189786312159455,-0.006800245605049261,0.00742121427550562,-0.0041269552864723795
2024-12-10,-0.05244016251880623,-0.05228700917955531,6635826260.99137,-0.017473190592495837,0.10367005680433218,-0.03410320605223045,-0.025478451242583758,-0.9238418464294808,-0.008624754809646695,0.0009162969543925579,-0.002664809814667006
2024-12-11,-0.0039729853372816315,-0.0034614350279292827,3816114791.00402,0.0591750281200079,0.048251087737571016,-0.03169639704626006,-0.02472366273666776,1.3651031587050815,-0.006972734309592301,-0.0002351015190540196,-0.00019978093419907884
2024-12-12,-0.04554849774831127,-0.04522286551311194,3215976139.45698,-0.023394160931554008,0.036206593694253844,-0.03212947573129589,-0.024735386394099973,-0.6542308312269917,-0.0073940893371959165,0.0010655688865145192,-0.0023076757935632606
2024-12-13,-0.025659714212504237,-0.025561308121653248,2071568679.20441,0.003207995796451203,0.015894442231462896,-0.032893146613091895,-0.024475244942730207,0.36309977560124335,-0.008417901670361688,-8.231625533185279e-05,-0.001268927292487054
2024-12-14,-0.055081203147900215,-0.05443894705060004,2056002973.93879,-0.0293356019757047,0.03028175576838598,-0.03451136861625782,-0.024939742906691407,-1.0136861381890505,-0.009571625709566416,0.0016158402518897336,-0.002534177752423869
2024-12-15,-0.039379663016411715,-0.03913821428587683,1720395857.80482,0.024257197333872795,0.016652942851136242,-0.034601299090788545,-0.0249693415206315,-0.23526967431033935,-0.009631957570157047,-0.0009552402567305113,-0.0016919920334750092
2024-12-16,-0.05792705473953752,-0.05760479913557981,2456920358.44638,-0.007660023324642747,0.03713983389563821,-0.03444489572662964,-0.025612624983320315,-1.1678820522502606,-0.008832270743309327,0.00044372259043271457,-0.0024583216949320636
2024-12-17,-0.040680266173411694,-0.04029944174535294,2263246168.9861298,-0.023234686323269436,0.028913260353266784,-0.03503542729453083,-0.025848986811833015,-0.2808575368388907,-0.009186440482697816,0.000945193224086329,-0.001662822503531518
2024-12-18,-0.07109448187650902,-0.07070873623403662,3605943796.32535,-0.08446681077919445,0.05723092368616937,-0.03758026245321195,-0.02717324922829971,-1.5850647702030791,-0.010407013224912241,0.006005124148107956,-0.0029563826466127104
2024-12-19,-0.06261645488465972,-0.06237469247453298,5793529046.92707,-0.14681180029241694,0.12426561385945432,-0.03881132206586883,-0.028074274158415777,-1.0902201199449584,-0.01073704790745305,0.009192834469545798,-0.002877245883505708
2024-12-20,-0.03705122655655002,-0.036393249402931205,6256196853.39506,-0.012228646968466062,0.22405714995381526,-0.040412724167225154,-0.02897361512672413,0.16568643182590717,-0.011439109040501026,0.00045308636930870466,-0.0019975857455719784
2024-12-21,-0.02755534140810323,-0.02781154074577208,4259880037.83359,-0.017548925311002484,0.07425542006652089,-0.04034713766042556,-0.029334162396093145,0.6292245494686834,-0.011012975264332415,0.0004835666282899776,-0.0015390496553753918
2024-12-22,-0.017157207108584815,-0.017251492001071345,2966290791.42789,-0.016851389669915676,0.042287260641540675,-0.03999009990753731,-0.02908880517049193,1.1040182808424048,-0.010901294737045382,0.00028912278263421,-0.000972559257759996
2024-12-23,-0.004106766775308079,-0.0039688299578970465,2713839882.40637,0.013482932411182431,0.06001738500213874,-0.03864775606536234,-0.029096119659889102,1.5647865989392147,-0.009551636405473237,-5.537125885996846e-05,-0.0002280333966209551
2024-12-24,-0.018025168731866104,-0.017899781072108656,1827427542.44741,0.04643805363412614,0.04927702606438,-0.036748928699536,-0.028626090195295054,0.8491491412149702,-0.008122838504240944,-0.0008370537523345716,-0.001013726265852602
2024-12-25,-0.018655017055768663,-0.018516805577406537,1405681755.03605,0.005250143312829259,0.009110256343916752,-0.036461181246216647,-0.028789383184725355,0.8001460834239542,-0.007671798061491292,-9.794151304605962e-05,-0.0010184482009716839
2024-12-26,-0.04402408326649887,-0.04391299985742336,1597342463.4728599,-0.04995969082723374,0.026824987974146862,-0.03673391450660097,-0.029236768082247996,-0.3267334593566755,-0.007497146424352973,0.002199429588946678,-0.0023939460961135564
2024-12-27,-0.02714847284694588,-0.026938803272568146,1535512026.80157,-0.010846785347033637,0.04883876847009086,-0.03628810407018047,-0.02900018278057491,0.40783204929876243,-0.007287921289605558,0.00029447365747059317,-0.0015007505828157955
2024-12-28,0.011528373538230552,0.011663873272347303,885921546.55676,0.030018373121475973,0.015927627967057125,-0.03560123892192979,-0.02822930942799707,1.9910673488662032,-0.00737192949393272,0.00034606301835435484,0.0006186520294431243
2024-12-29,-0.04031001632620512,-0.04048500644813546,1059406398.19894,-0.035364563195460004,0.0274180597966295,-0.03625108058445906,-0.0292061381237684,-0.17198807001052246,-0.007044942460690661,0.0014255461197781056,-0.0021836880532952584
2024-12-30,-0.016652497212539252,-0.01658471507084569,1687467046.93449,-0.017342844608638802,0.047120307769923875,-0.03302656701930823,-0.030016132841374856,0.7723152472100857,-0.0030104341779333722,0.00028880167150285906,-0.0008910202209196573
2024-12-31,-0.021571888780330117,-0.021807713909972715,1447537738.02187,0.014158399776968596,0.04529603763716942,-0.031556649222237936,-0.030524633282219046,0.4787647754779839,-0.0010320159400188898,-0.0003054234252962173,-0.0010942769368920036
2025-01-01,-0.007214007889524643,-0.006992648652344058,975517769.18511,0.019509783149924017,0.020579863831100016,-0.0317109836294876,-0.02993686051193491,1.186183873113944,-0.0017741231175526888,-0.0001407437295664668,-0.0003564391548554498
2025-01-02,-0.005867741886540934,-0.0059936763220594935,1875040821.54849,0.022325953430218606,0.029542300575037594,-0.029821423826546158,-0.02950948152690259,1.1335121815403801,-0.000311942299643566,-0.00013100293209945596,-0.00028805896807351745
2025-01-03,-0.007194099076309524,-0.007460675056607413,3094164636.29333,0.1057672344232624,0.07154306951180289,-0.028942108820060694,-0.029276899036653915,1.0026334156119256,0.00033479021659322053,-0.0007608999634682048,-0.00037223633855946374
2025-01-04,-0.008348776484871645,-0.008240852507752527,2948894523.25944,0.007068784519538646,0.04643586488364192,-0.026716755169440286,-0.028860775737111318,0.8636356330144697,0.0021440205676710317,-5.901570197334896e-05,-0.00043840377922808193
2025-01-05,-0.009723762289065019,-0.009618149848766966,1719750599.89532,-0.016478257458632205,0.020211243927142422,-0.025304569420519014,-0.02846687214690567,0.7291081819849782,0.0031623027263866545,0.0001602306584657522,-0.0005122534752365572
2025-01-06,-0.027032317095758818,-0.026772537015087416,2169480539.60774,0.004964971022596815,0.01452083927132532,-0.023833391437481935,-0.028831219839954746,-0.15968133462692022,0.004997828402472811,-0.00013421467105409102,-0.0013949618760756744
2025-01-07,-0.033508879940580605,-0.03395416933644191,3949062087.06006,-0.11897075250641433,0.06752468291360215,-0.02349189685496617,-0.029336390154409107,-0.5061303846759672,0.005844493299442938,0.0039865766621779665,-0.0017907858543463964
2025-01-08,-0.023300734115696664,-0.02242500563826011,3352331501.11451,-0.03521429934339746,0.04729007102439479,-0.021216004104451295,-0.029606651070740286,-0.12618312630011247,0.008390646966288991,0.0008205190260710558,-0.0012342108572603694
2025-01-09,-0.03193535712452378,-0.031866360129410354,2623786712.75146,-0.052715686629565495,0.05602608910407463,-0.019754999449206726,-0.029481476485076964,-0.8818873359667854,0.009726477035870238,0.0016834942785796572,-0.0015878021001081188
2025-01-10,0.00013512440700913508,0.0003887965284363748,2133244142.4193,0.01884935922536641,0.0391699172117767,-0.017984220831894385,-0.029252038409542318,1.3066534010409696,0.011267817577647932,2.547008487829806e-06,5.5286284964485615e-06
2025-01-11,-0.010213794944962329,-0.009769184048247337,1055140180.60693,0.027229552242354224,0.024185337778706753,-0.017158432905078153,-0.029116019990404488,0.5037958387341122,0.011957587085326335,-0.00027811706304654523,-0.00039354578642074333
2025-01-12,-0.04205495063388365,-0.042023100214686915,1003565268.9439299,-0.014313418992211556,0.020866089465347477,-0.01834403973961619,-0.02940288274181862,-1.6002929137956823,0.011058843002202428,0.0006019501291195495,-0.0015775128927370012
2025-01-13,-0.03507813256333703,-0.034750231575533586,2688611508.1777,0.017674739856005803,0.06418528593421503,-0.019818866681903285,-0.029566176053253936,-1.0261835883071935,0.00974730937135065,-0.000619996867691468,-0.001322769197512309
2025-01-14,0.0005236964294512703,0.0005025692884925714,2084558092.02455,0.035037115950536844,0.022333402499133154,-0.01893558738850722,-0.0291406771087042,1.2539369760460877,0.010205089720196979,1.8348812521566296e-05,1.9076268481699734e-05
2025-01-15,0.0010564730800419753,0.0016153304865242912,2810447570.79899,0.05901914403665021,0.06498934242746159,-0.017996945001087665,-0.028729934932264445,1.1819145077235156,0.01073298993117678,6.235213688184083e-05,4.1294473453331385e-05
2025-01-16,-0.020499796146300264,-0.020218028896673346,2821830478.88101,0.0017021280705304658,0.03316688550838395,-0.016876740852506778,-0.028154360502033033,-0.24153406709554764,0.011277619649526255,-3.4893278460769945e-05,-0.0008074685081918023
2025-01-17,-0.010221232682608883,-0.01109776902344517,3760909801.41275,0.07428587907921816,0.047833501320295305,-0.01607068179706216,-0.028111685510727347,0.39324292152818546,0.012041003713665187,-0.0007592932551008361,-0.00040211586115713495
2025-01-18,-0.02605698446655247,-0.02572232012780218,4702009059.72103,-0.03715597688809136,0.04226845895150477,-0.017860460749670876,-0.027792863162279812,-0.6029462609273681,0.009932402412608936,0.0009681727126125791,-0.0010577977415080282
2025-01-19,-0.0488176572494452,-0.04750604484966703,5339216309.19268,-0.11006719305566037,0.14690432327142638,-0.0182655865079204,-0.027884046330172746,-2.12174303187123,0.009618459822252345,0.005373222504999743,-0.0022595436649737264
2025-01-20,-0.01716573041247993,-0.016850356296225888,4787743084.57496,-0.026782592451335435,0.05978927796852143,-0.018290026184108053,-0.02783861499569179,0.0780919539940525,0.009548588811583738,0.0004597427617669441,-0.0008048781174109552
2025-01-21,-0.014567900563117187,-0.014406150151141994,5969907806.26164,0.06750260403850011,0.12404966816778812,-0.017956502935669343,-0.027872119403379244,0.23534618683914468,0.0099156164677099,-0.0009833712233843423,-0.0007377014994171461
2025-01-22,-0.031339470454577634,-0.030829784523365378,2036525341.30837,-0.023459968358928045,0.026042649880978302,-0.01910533448638615,-0.02750423838737794,-0.8460252234009142,0.008398903900991787,0.0007352229852499516,-0.0015951466644011682
2025-01-23,-0.04370949120552503,-0.043562366799507646,2214620001.29778,0.0005968876749372657,0.03576052345430394,-0.020907322549194918,-0.027619407369012323,-1.5127351623646068,0.006712084819817405,-2.60896565783567e-05,-0.002237710575317461
2025-01-24,-0.03475802869530731,-0.03462552790360496,1392278267.26826,0.008966357677403513,0.038091502959815844,-0.02221989062629005,-0.02801838201981421,-0.834782076132784,0.0057984913935241605,-0.0003116529174435803,-0.0017240726351351906
2025-01-25,0.018908164253190973,0.019103701410723373,1098233921.82591,0.00019812348818752225,0.023664118145497345,-0.020921941067334686,-0.027383354951010932,2.3042956214926775,0.006461413883676246,3.7461514570648122e-06,0.0009173820014416792
2025-01-26,-0.09167174853985949,-0.09057264587130653,877078290.7271401,-0.05441982312297324,0.05086099468673581,-0.024824226126896328,-0.0282433648794013,-2.9124927138439527,0.00341913875250497,0.004988760340912834,-0.004581505002583668
2025-01-27,-0.04394538118358626,-0.04397203830316465,2762008240.74374,0.012238652791354597,0.07655297928217149,-0.02562961013107859,-0.02796929909839672,-0.7851738108467516,0.0023396889673181313,-0.0005378322620896398,-0.002326081555334402
2025-01-28,-0.038214850483007656,-0.03812684844555703,1467141863.07493,-0.04927889753027925,0.031582739647719585,-0.025853703966432256,-0.02812700937197642,-0.5276028035450278,0.002273305405544164,0.001883185701087077,-0.001957352192233504
2025-01-29,-0.014838002043524812,-0.014578409555701444,1423992036.61083,-0.011572888667592133,0.028583223453346237,-0.025450716724900263,-0.0280823277608545,0.450694359248852,0.0026316110359542386,0.0001717185456992172,-0.0007467799049619532
2025-01-30,0.002398502095764421,0.002643790986885719,861739712.12211,-0.004696681823409793,0.018146935579558657,-0.023815771047743683,-0.027460697520939745,1.0807337223212665,0.003644926473196062,-1.126500119658705e-05,0.00011638756062532
2025-01-31,-0.009379820433280228,-0.0089842242589252,1342717381.83472,0.0026806400845645023,0.04429987354988329,-0.024268863659186034,-0.027555269552768526,0.6237015888091316,0.003286405893582492,-2.514392263946816e-05,-0.00045744808686457776
2025-02-01,-0.06773372453962245,-0.06698682021404578,1078206611.46871,-0.062330274087877585,0.034130007542191525,-0.027007907925598422,-0.028171159497034044,-1.6016165731492327,0.0011632515714356216,0.0042218616155474675,-0.0033354078744198103
2025-02-02,-0.035040742145310166,-0.03495001693219857,3620029050.73388,-0.10821167062909681,0.08117313186013574,-0.02667389799757111,-0.028336012548241536,-0.33115082222854547,0.0016621145506704252,0.003791817247627415,-0.0018261379750766048
2025-02-03,-0.041425311435151824,-0.03962510079697901,5338618865.40609,0.19710592097205729,0.12443392514390164,-0.026976144610514674,-0.028480922452593434,-0.5686614492927897,0.0015047778420787597,-0.008165174161979896,-0.002277716433381274
2025-02-04,-0.015210575889354483,-0.01525567439632125,2734427239.05798,-0.06576967590973241,0.08644627232716588,-0.02772539567331495,-0.027803303920452722,0.5049988374242521,7.790824713777358e-05,0.0010003946466432341,-0.0008827713654366861
2025-02-05,-0.024338089452463962,-0.024074130238119107,1185342640.80352,-0.030198667376171343,0.02813880755559276,-0.02893466055581523,-0.027797595601039848,0.19223263351917272,-0.0011370649547753839,0.0007349778679464633,-0.0013697938011567243
2025-02-06,-0.02238757324431162,-0.022221766562232514,1217123115.17203,-0.04761115123008475,0.06042149612651584,-0.029024554703339582,-0.027545070020815778,0.2779103376336312,-0.0014794846825238045,0.0010658981354095196,-0.0012890705089815492
2025-02-07,-0.01092332576552546,-0.010356480036355586,1232907411.28424,-0.020727795720139504,0.036682160096930344,-0.02905798770728799,-0.027138924524843535,0.760217426061793,-0.001919063182444454,0.0002264164650523482,-0.0006231617268771501
2025-02-08,-0.0009673673441737973,-0.0007647572391896729,624810840.60908,0.024309881378222032,0.01618952590040952,-0.027863244034793767,-0.027108314568798145,1.092078703840652,-0.000754929465995622,-2.35165853860307e-05,-5.398573747349363e-05
2025-02-09,-0.02080838418426234,-0.020757685068974796,797207155.64297,-0.04084611677182734,0.021089786433069406,-0.026529469126927916,-0.027015378739769128,0.23649490566579676,0.00048590961284121145,0.0008499416902234247,-0.001036584124684816
2025-02-10,-0.0016939022567289408,-0.0015955918580718986,922073970.44366,0.0290935391362695,0.015682006246155216,-0.02579271540522549,-0.025703102869547256,0.9748551869542212,-8.961253567823374e-05,-4.9281611599158665e-05,-8.082513727426272e-05
2025-02-11,0.018946495995387336,0.019062819658774988,1280222078.65645,-0.018955686238251862,0.053824364427081356,-0.024196791759582417,-0.0245699813058299,1.628101878119225,0.0003731895462474842,-0.0003591438334028577,0.0008406804090189459
2025-02-12,-0.010756915917477738,-0.010446559472407468,1363957365.99451,0.052148566975568786,0.03370403038386472,-0.02321667011495861,-0.024677662743610787,0.4683734250712394,0.0014609926286521767,-0.0005609577501731498,-0.00048122262230587497
2025-02-13,-0.008378031006864295,-0.008737193353944184,1013091084.03836,-0.010957663337289371,0.03605884650615611,-0.0215342196293081,-0.024087655335016393,0.4991449290391894,0.0025534357057082936,9.180364320259043e-05,-0.00037491957166044243
2025-02-14,0.013886147218562295,0.014044776513331803,1648776041.27476,0.029210607824816815,0.036229099161729325,-0.019217830300076216,-0.023459943248808988,1.2144115705765302,0.004242112948732772,0.00040562280059909403,0.0006201780313949035
2025-02-15,-0.030095593697256562,-0.030154753814052637,1071321962.71638,-0.025373953089026857,0.02349189866585562,-0.02155134258343086,-0.023063346273401945,-0.32994866904128684,0.001512003689971085,0.0007636441826606004,-0.0013438715933457497
2025-02-16,-0.02585732683200359,-0.02554577440532768,728759142.24105,-0.020618518388604543,0.015400103637406255,-0.01841732250210439,-0.022848706016506577,-0.36505824298673595,0.004431383514402188,0.0005331397687658238,-0.001110955385047795
2025-02-17,-0.0382250482722718,-0.03770987570341977,1054784597.18187,-0.028986429753308677,0.033271021858366404,-0.018144925696803697,-0.022535975755121406,-1.0011160709470883,0.004391050058317709,0.0011080076765610397,-0.0015635487394961261
2025-02-18,-0.02069311436348753,-0.02044065759869973,1053823237.76072,-0.025586492773869082,0.03759286978848424,-0.017310557310159885,-0.022218719377186103,-0.17311961738023973,0.0049081620670262185,0.0005294642211302203,-0.0008523487758450401
2025-02-19,-0.011668057496184492,-0.011410167292846052,713222906.09993,0.007765575023837536,0.016862546634871627,-0.017159607569810345,-0.021275442799720636,0.280594594630845,0.0041158352299102904,-9.060917586907064e-05,-0.00047409468386999226
2025-02-20,-0.018857756656085578,-0.018771050812653733,737271208.5522,-0.004311534135621509,0.022082576649071015,-0.01817181036751749,-0.020580860288155964,-0.036004276302011445,0.002409049920638475,8.13058615439567e-05,-0.000769759573627121
2025-02-21,-0.04093739829781173,-0.03990259242924754,1311368917.33921,-0.05093401344688147,0.05232636671679869,-0.019674552170590415,-0.02064254555389028,-1.086979442726485,0.0009679933832998644,0.0020851059953810856,-0.001686680936501565
2025-02-22,-0.030465528281251042,-0.030316691594346357,571895997.662,0.019670346957430338,0.01267464795177195,-0.017899876158287014,-0.020688738996321197,-0.7651752188076494,0.0027888628380341833,-0.0005992675115336143,-0.0012240983749048336
2025-02-23,-0.04263715727862194,-0.04251399345811879,478924201.87292004,-0.005178377509600896,0.022834283866108834,-0.018261610212254243,-0.021093182649813847,-1.4427480139785804,0.002831572437559604,0.00022079129632493198,-0.0015947040659438033
2025-02-24,-0.047446847316156116,-0.04725331447025305,1677713539.12892,-0.08960265158550325,0.06319674929439599,-0.01854835001611159,-0.021781120436176513,-1.6653408455670726,0.003232770420064923,0.004251363328900106,-0.001636237200755769
2025-02-25,-0.01200383407641803,-0.011749081316840715,2342184052.48214,0.005976113403341549,0.046844302935421335,-0.01839564802501938,-0.02168554369561385,0.3673922062955616,0.00328989567059447,-7.173627371556981e-05,-0.00039132355662514935
2025-02-26,-0.013364487811069026,-0.012917510962953016,1482241316.91335,-0.040831823930834385,0.06086488163093264,-0.017873095565905335,-0.02160156704093608,0.25948568153000684,0.0037284714750307445,0.0005456964132273526,-0.00045650771618337805
2025-02-27,0.0017110993125060148,0.0018740514670800845,969381439.77473,0.0026633753425915428,0.024754748503657185,-0.016725539729866398,-0.020875611761904254,1.0327850299418209,0.004150072032037856,4.55729971765386e-06,5.554202435368834e-05
2025-02-28,-0.022083663996934177,-0.02220577288509029,1974072868.6806,0.062373275117221606,0.06757704823135124,-0.01725698440755253,-0.020795217970634227,-0.2706125325759945,0.0035382335630816976,-0.0013774304500770572,-0.0007493215449049066
2025-03-01,0.02193780263130618,0.021993500338858496,844526131.65595,0.0028594295781287863,0.020078689682284826,-0.016166262027767768,-0.020629988937410804,1.9536121257727195,0.004463726909643036,6.272960172310841e-05,0.0007484351612198617
2025-03-02,-0.008504969722440414,-0.008000410320867513,2035324442.9735599,0.14715815420856249,0.10131552138566055,-0.015580385148633389,-0.020125146927827235,0.3620480590300635,0.004544761779193846,-0.0012515756459540413,-0.0003226488260589678
2025-03-03,-0.02043201514943882,-0.019989400585936457,1967771534.08511,-0.13250715325257711,0.08598052900023248,-0.016472676238762432,-0.02018513927603199,-0.20511175663749726,0.003712463037269558,0.002707388162665667,-0.0008435164098614746
2025-03-04,-0.010835465154236501,-0.010642398126255337,1535946552.28254,0.04019817332317998,0.03953199565014238,-0.017890864864934995,-0.020014719853395584,0.40112786892051755,0.002123854988460589,-0.000435565906307276,-0.00043995742660637093
2025-03-05,0.002940602204092313,0.003238741453277516,885356229.38296,0.026191560795427424,0.030423291190578718,-0.017238602097241183,-0.019853535566195315,1.1140816500003967,0.0026149334689541323,7.70189614036517e-05,0.00011893924014462571
2025-03-06,-0.015717906085109146,-0.015841115738533862,1282316859.76117,-0.03339828040184812,0.04283267757420548,-0.017588119958109986,-0.020009887378871,0.10387872366979646,0.0024217674207610146,0.00052495103476039,-0.0006408159249392496
2025-03-07,-0.01689211679745284,-0.016376547601402724,1269200566.6469002,0.01023934331272627,0.04494914861387005,-0.01905375157792023,-0.020163824168095496,0.13097814884574754,0.0011100725901752664,-0.0001729641831677898,-0.0006957025538177696
2025-03-08,-0.02322059526896869,-0.022724445876389,562439820.24617,-0.02669563046318915,0.01806197329899182,-0.018726370700382713,-0.02039988478371609,-0.2750244173350293,0.0016735140833333759,0.0006198884304356665,-0.0009503371107594303
2025-03-09,-0.06001115365804921,-0.06147350609277458,1304561623.18609,-0.1268494957943041,0.06723883611699089,-0.020352743406384884,-0.021198097345128532,-2.129171106195063,0.0008453539387436489,0.007612384583558051,-0.002604183174475737
2025-03-10,-0.021531841721023404,-0.020932419080763487,1553964809.9217,-0.1086729897187465,0.0900878619727485,-0.01955782880870639,-0.021110788212196224,-0.10860477759127346,0.0015529594034898349,0.0023399296139744535,-0.0009926297424568313
2025-03-11,-0.00855862230850335,-0.008362735612613692,1672990659.86224,0.06375260917596971,0.05936689859266464,-0.018979995853707143,-0.020714752376766427,0.5685280958206747,0.0017347565230592839,-0.0005456345031187497,-0.0004034312747275207
2025-03-12,-0.0057972257907380476,-0.0058442867143678745,1156893825.77652,0.06726988997207943,0.04850866873447169,-0.018700432439162074,-0.020436918911290895,0.6977874988260212,0.001736486472128821,-0.00038997874108624963,-0.0002820023763494665
2025-03-13,-0.02310181557267288,-0.023171968040375357,981932430.91929,-0.031298194139797536,0.03680050896904903,-0.01890253048280909,-0.02029670396602342,-0.22678513943202078,0.0013941734832143317,0.0007230451087753138,-0.001139964182737388
2025-03-14,0.012212595649327751,0.012347494576079754,681370546.35913,0.01850001374392047,0.027524894593517014,-0.01637157839008816,-0.020104998073288204,1.5059567583700695,0.0037334196832000434,0.00022593318736150673,0.0005882098748254803
2025-03-15,-0.027808576310725974,-0.027648175180727375,463090448.12856,0.01258885931835705,0.02312348153950076,-0.016245056867682205,-0.020384280317189214,-0.6121264130975551,0.004139223449507009,-0.0003500782550195258,-0.001353214307923922
2025-03-16,-0.009549151183868454,-0.009663679581406792,750609163.66539,-0.03805314396809163,0.04694072114987701,-0.014669437529836802,-0.019868315246554052,0.2854896753103721,0.005198877716717251,0.00036337522477281894,-0.0004756402323392522
2025-03-17,0.012929034847704912,0.012997719966345356,727952130.85133,0.002658653744982185,0.018633318495658472,-0.011794395522033894,-0.019106296716220054,1.4337433725377502,0.007311901194186159,3.4373826916855835e-05,0.0006165548871543253
2025-03-18,-0.040668719584373125,-0.040834462145147965,674583198.36161,0.0017282998431797636,0.026349581352654496,-0.013159390070031756,-0.01976014458945536,-1.4983456491660199,0.006600754519423603,-7.028774167999386e-05,-0.001899704208028938
2025-03-19,0.01788283441335814,0.018329047054122638,763377796.3968301,0.05298105850127045,0.03589051012011217,-0.011671422345059034,-0.01949305948892653,1.5102772534285565,0.007821637143867497,0.0009474514962226601,0.0008140699711408681
2025-03-20,-0.040278634061026164,-0.04022028103937336,654280380.87896,-0.03606396970756332,0.020393809502748328,-0.013670933458084376,-0.019807009297096785,-1.31293626935108,0.006136075839012409,0.0014526074386388757,-0.0018252166466651016
2025-03-21,-0.04872810114835524,-0.048521146057433406,472544670.88556004,-0.012660277869130255,0.02346576095191725,-0.014939716179580616,-0.02041822943147371,-1.563667569447144,0.005478513251893094,0.0006169113005732624,-0.0021057470189217125
2025-03-22,-0.013820064261737763,-0.013713473373308194,280730028.58584,-0.008037432009808283,0.012220307082194575,-0.016642471745916043,-0.02022399260282586,0.14184124110752153,0.003581520856909815,0.00011107782687489858,-0.0005920517476960944
2025-03-23,0.03494464682059095,0.034986769126335915,398915913.63474,0.02292078419101491,0.015745056673771657,-0.014573442386724074,-0.018894432220761793,2.169010120049115,0.00432098983403772,0.0008009587084060005,0.0013546372732257065
2025-03-24,0.015782729435152687,0.015434238006704737,968014263.59952,0.05178260863779724,0.04547382760094236,-0.012848930739838763,-0.018371440794608895,1.2072851441019157,0.0055225100547701324,0.0008172709015767543,0.0005813779799178141
2025-03-25,-0.0025803207620734847,-0.0022355206112882886,1195686408.75537,0.046455046332865305,0.030716253942548986,-0.012455828625926238,-0.018181161750147886,0.41460675312638384,0.005725333124221648,-0.00011986892055577805,-9.396636015123547e-05
2025-03-26,-0.0187813244338777,-0.01896566517781073,1719631568.50661,0.023790858213062892,0.06833712935368053,-0.013490206084877191,-0.017981826099025662,-0.2243191323590077,0.004491620014148471,-0.00044682382665991804,-0.0007178590904933081
2025-03-27,-0.02643335164687466,-0.026404028252656198,1096925935.4036698,-0.045937309569724895,0.023866921573295966,-0.014000465397342217,-0.017707601661586764,-0.5234155040151522,0.003707136264244548,0.0012142770575678786,-0.0009864618070802031
2025-03-28,-0.02276400243516219,-0.02314251731432282,1081337024.10681,-0.04960141818266115,0.04503287424518714,-0.014280078999137899,-0.017517220292378115,-0.3561146113004372,0.0032371412932402158,0.0011291268042975965,-0.0008496167392020926
2025-03-29,-0.033852110826817716,-0.03369713161652976,931787827.625,-0.052587747146074094,0.03603433674517297,-0.014786341644749759,-0.018354684976187776,-0.78999605321234,0.0035683433314380175,0.0017802062445215674,-0.0012924277448234372
2025-03-30,-0.02006239291403844,-0.019947088970987292,656814920.87923,-0.024802505518139575,0.019158760753302174,-0.012884019704558769,-0.01721802853768268,-0.3284073808457146,0.0043340088331239104,0.0004975976109575228,-0.0007200215923338724
2025-03-31,-0.007545829614616806,-0.007329573531016154,1012300015.16083,0.011835886962696716,0.025327466694791422,-0.012218019128063216,-0.016640257877857768,0.21437521997117898,0.004422238749794551,-8.931158635837384e-05,-0.0002475431283191331
2025-04-01,0.010931684700656197,0.011073758331182182,834123331.69311,0.03183959113253387,0.03341760850339152,-0.011289909270484191,-0.01586015414478374,0.9935619579256318,0.004570244874299547,0.00034806037125866923,0.0003451090166967758
2025-04-02,-0.014979016767271647,-0.014912076763357485,1402614533.02637,-0.04372934200567366,0.0698708561990983,-0.011727137412223886,-0.0158623924737321,-0.14554631258768885,0.004135255061508216,0.0006550225471247421,-0.0004881190695797838
2025-04-03,-0.023797172095825436,-0.024046942695957307,884679414.71023,-0.023275284542639208,0.036799523715599115,-0.011760249627612103,-0.01627819682597956,-0.5383050545066996,0.0045179471983674575,0.0005538859518404908,-0.0007754739151860295
2025-04-04,-0.010542286635684461,-0.009995083170007413,1298820988.14094,0.051662275389215424,0.04857937363049924,-0.012843815450707922,-0.016296648670462165,0.10614906292083295,0.0034528332197542432,-0.000544638515404776,-0.0003541091227943733
2025-04-05,-0.020336641577128223,-0.020117681010721866,457566264.95738,-0.002543100995044594,0.019735170743692784,-0.012488009034822315,-0.015544314020263844,-0.3653143229071189,0.0030563049854415297,5.1718133430660044e-05,-0.0006798143867424745
2025-04-06,-0.044898335694842584,-0.044861465922582444,1167104933.14205,-0.11674700171000252,0.0665173573370788,-0.014171303535344893,-0.015700783759145312,-1.3596796577247918,0.001529480223800419,0.005241746074142054,-0.0015427192261222595
2025-04-07,-0.005213889222604129,-0.0050111867481442696,2499117168.71418,0.05139538747188889,0.10646438221269525,-0.015035252300597704,-0.015125999279581063,0.44959075788199765,9.074697898335884e-05,-0.00026796985683124474,-0.000200957410083165
2025-04-08,-0.0026314005764357384,-0.0021827584549307666,1326998776.73911,-0.06183180220496752,0.07224749539001268,-0.013223951395457829,-0.014926329830169654,0.5001143226801265,0.0017023784347118247,0.0001627042399642121,-0.00010717253261591898
2025-04-09,-0.005323803100681812,-0.004810061973832491,1814186427.22337,0.14432060781078862,0.11121590291248497,-0.014329029372316874,-0.014624515761093746,0.4491062830465933,0.00029548638877687286,-0.0007683344993553602,-0.00023592564653761907
2025-04-10,-0.01909968020016317,-0.01899521882629085,1046395323.81008,-0.012367019608230782,0.05204882762406067,-0.013320507759894826,-0.014572326982615201,-0.3010716672103495,0.0012518192227203746,0.00023620611954635516,-0.000875197546083881
2025-04-11,-0.005058500400899502,-0.004689820902448627,656735950.44362,0.02122900042191456,0.010324802334265044,-0.011241002962396935,-0.014479234516510026,0.35421317462122653,0.0032382315541130916,-0.0001073869071449505,-0.00022862837664806845
2025-04-12,-0.013940476068931451,-0.014091861806135308,699853630.98482,0.05444856083788192,0.04485953420512762,-0.011246736857977587,-0.014685156877220466,-0.15432394871395308,0.003438420019242879,-0.000759038859348251,-0.000651732831312834
2025-04-13,-0.03937102076495602,-0.039136863784092535,781759280.05544,-0.02371364235275801,0.02386002083840575,-0.014785578171575062,-0.014979801902310842,-1.641228948743375,0.0001942237307357795,0.0009336303054831762,-0.0018558532284237937
2025-04-14,-0.044380094376438195,-0.0441592778297889,811313310.73177,-0.04280677015709086,0.037901804087922576,-0.01765047454355558,-0.01565736050738559,-1.8321284488296234,-0.001993114036169988,0.0018997684995221906,-0.002075966413073389
2025-04-15,-0.036629291133791875,-0.03613420523219735,648657414.1372,-0.04621494479241214,0.023394723603173635,-0.01927185408506598,-0.016539515858642405,-1.178995206066278,-0.002732338226423575,0.0016928206675333828,-0.0017006367164852508
2025-04-16,0.017049287693730264,0.017227672839419172,749102822.77772,-0.0019381103036810185,0.020122901385133955,-0.01756563445994179,-0.01609814754735339,2.069981306203963,-0.0014674869125884012,-3.304340014964061e-05,0.0007524261829074982
2025-04-17,0.0002747270465865981,0.0002483451456816166,523220792.75294006,0.0037299078612442298,0.0166859251010849,-0.016293821188824588,-0.015960802181425596,0.9730724949845034,-0.0003330190073989915,1.0247065707597619e-06,1.2030423590911584e-05
2025-04-18,-0.004224014731350478,-0.004268485417421419,375990578.15207,0.018322101267829155,0.012089445791845566,-0.015410964631500221,-0.01624826506951945,0.6521116666013081,0.0008373004380192294,-7.739282566460562e-05,-0.00017834518733886014
2025-04-19,-0.02066045500852509,-0.020390044465085966,390804804.23545,-0.013265307272918084,0.00759791768195507,-0.014782790544914857,-0.01609850096334911,-0.3523589679046485,0.0013157104184342537,0.00027406728408638475,-0.0008443434086062035
2025-04-20,-0.06759281994363586,-0.0676558626350372,542030901.84233,-0.019715443833690317,0.0291275092881461,-0.017046144212990926,-0.016760969107978193,-2.4935119420221143,-0.00028517510501273324,0.0013326224451594955,-0.0027944434423162333
2025-04-21,-0.007097595161114967,-0.007206329426847735,875472857.71665,-0.005883106215975899,0.01890336876767891,-0.017024799715205124,-0.016266882550658245,0.4894584867210328,-0.0007579171645468799,4.175590621083593e-05,-0.00029125977142602135
2025-04-22,0.007442112798203837,0.007361364004673021,1281836908.721,0.10425977954608988,0.06353311659953495,-0.017190969805798092,-0.01582029164332981,1.228304819538896,-0.001370678162468282,0.0007759130396978661,0.00031607006003241014
2025-04-23,-0.045767576965204504,-0.04538970900790862,1345210875.54056,-0.01940947084889567,0.02125213260281504,-0.01865709171998537,-0.01636155385712378,-1.2916875887382584,-0.0022955378628615915,0.0008883244509307258,-0.0018378106435088274
2025-04-24,-0.010268552004402243,-0.009886415367155399,1114691859.4814,0.05410680454969471,0.03300797166796203,-0.018012871715631887,-0.016225217275351027,0.3682449862182274,-0.00178765444028086,-0.0005555985363105679,-0.0004104827668703171
2025-04-25,-0.020026690142769366,-0.019731305632183838,1140576434.4403899,0.006354841378894203,0.01296576573205221,-0.018464509977874025,-0.01589330127289004,-0.07451860665995065,-0.0025712087049839863,-0.00012726643920156342,-0.0007665988834083121
2025-04-26,-0.028987299596547556,-0.02887853205670332,934458968.66721,-0.025896509715445437,0.026304651245197833,-0.01887644607403685,-0.01586983732551379,-0.4794854492540481,-0.0030066087485230604,0.0007506698856265214,-0.0011186689716340863
2025-04-27,-0.039603873266787604,-0.03925923996204583,743500486.43807,-0.0011709276756740462,0.02134629254561697,-0.01862432881555804,-0.01582168996024658,-1.0091285792064804,-0.00280263885531146,4.6373271271969106e-05,-0.0014431924715641164
2025-04-28,-0.04112854533433696,-0.04081919717423832,968531275.31942,0.0014537324338216803,0.040725211844478935,-0.020334550535164368,-0.015721399452598657,-0.9852062569668539,-0.004613151082565711,-5.978990030843099e-05,-0.0013700022667643308
2025-04-29,-0.02604493426352361,-0.025798381938141324,786698896.67399,-0.027354064924177763,0.02293492922066511,-0.02144948071073998,-0.01594427405874319,-0.221579399592864,-0.005505206651996792,0.0007124348227903668,-0.000806404191143349
2025-04-30,-0.042468799818261016,-0.04227037367953157,792971126.88244,-0.022172074269499867,0.04419485909287591,-0.02321829007824375,-0.01640624726520655,-0.9220042450255653,-0.006812042813037201,0.0009416213837070057,-0.0011793822549129422
2025-05-01,0.005833327828448143,0.005808275243214256,746395506.10222,0.037120687929164335,0.02496978627577777,-0.02203100398164321,-0.016340815066540806,1.2774233548764715,-0.005690188915102406,0.00021653714190833338,0.00015447281808906303
2025-05-02,-0.008338484519853973,-0.008203365326889589,696936609.1645,-0.0051131320678911435,0.022501064932191336,-0.022187193701593427,-0.016122637614523656,0.638285089003,-0.00606455608706977,4.263577259607923e-05,-0.0002256469086519425
2025-05-03,-0.05620645354124998,-0.05636767840355361,482091961.82518,-0.026531824399505122,0.015479597127946053,-0.024199859295513354,-0.01736302263313566,-1.4022875264131567,-0.006836836662377693,0.0014912597554753873,-0.0014423619690571846
2025-05-04,-0.05234088283798333,-0.051671109025798856,565704213.24759,-0.02732283881939211,0.014904788975269466,-0.024817471775181323,-0.01805883077782682,-1.175047721249378,-0.006758640997354501,0.001430101505446905,-0.0013208440209381879
2025-05-05,-0.030862506395301748,-0.030579952306353242,641218967.70899,0.0012324306850581691,0.028957945901522664,-0.02417377710941292,-0.018224394130935753,-0.2902921297198429,-0.005949382978477167,-3.803589989937386e-05,-0.0007656839481824814
2025-05-06,-0.011079082020307718,-0.010782473718198071,810695112.34485,0.013983786947765376,0.03451028884697229,-0.022957100484961294,-0.018228261065317837,0.5158668264549473,-0.0047288394196434574,-0.00015492752254880112,-0.0002807309973022908
2025-05-07,-0.012554819265355621,-0.012329964040745378,686530208.04984,0.0010474861292969078,0.02167089686556658,-0.024366819863965383,-0.018474220136261457,0.5546914191934125,-0.005892599727703927,-1.3150999036289608e-05,-0.00031904992216659874
2025-05-08,0.027824525405596878,0.028322291254760268,1456789249.54687,0.09933705804527111,0.052661776170317455,-0.023054924704012512,-0.01778307043005977,2.1548748215620246,-0.005271854273952742,0.002764006495297898,0.0007547592215619654
2025-05-09,-0.035331082823815696,-0.03574058166540961,1836039926.42401,0.058756332582836225,0.06363258865785971,-0.02453621366079657,-0.01807575243047823,-0.4624031757203938,-0.0064604612303183415,-0.0020759248529078475,-0.0010450975687837955
2025-05-10,-0.007936158859513265,-0.0076814471097512715,2606837661.28654,0.17782197725897156,0.1006787178082392,-0.02393029479655791,-0.017833142328740843,0.6773059168256176,-0.006097152467817068,-0.0014112234602399534,-0.0002699288904863119
2025-05-11,-0.039945249711653474,-0.03966179997663066,2837035071.52474,-0.033148923738381374,0.05617670925982369,-0.022613743833130178,-0.017514635916893295,-0.7966336596834829,-0.0050991079162368835,0.0013241420364022015,-0.001410091015936524
2025-05-12,-0.036009116399361774,-0.03586285682137014,3321332363.5646,-0.03141976808610798,0.05572934984448291,-0.02399048293971336,-0.017744433927660567,-0.5554045703522099,-0.006246049012052793,0.0011313980862536145,-0.0013342894145050924
2025-05-13,-0.024126165862941806,-0.0236872538121492,2032276251.72993,0.09709421998383104,0.04582644621173342,-0.02549373430452982,-0.017991537793604035,0.06701091897366142,-0.0075021965109257835,-0.0023425112556628666,-0.0008736334776418977
2025-05-14,-0.0414822653437209,-0.041102025441612344,1759983181.35371,-0.025963363955517942,0.022298971176925555,-0.025289671846363933,-0.01855796699285773,-0.8009867858288167,-0.006731704853506205,0.0010770191528183945,-0.0015041837013734592
2025-05-15,-0.037614724733288196,-0.03747049919407586,1956351910.45786,-0.056220477282163187,0.04372953548086063,-0.026591870547739455,-0.018788330630327817,-0.548943143321141,-0.007803539917411638,0.0021147177773426507,-0.0013831474740253064
2025-05-16,-0.010336322571343315,-0.010097045730714793,1308648302.40444,-0.022681984309975565,0.029398554292945613,-0.026130424472909645,-0.019146249967163867,0.7761951701906113,-0.006984174505745778,0.00023444830638605536,-0.0003881697468249389
2025-05-17,-0.04187280868237209,-0.04175416080242933,1057755666.4602,-0.01691978233491519,0.009644283326697235,-0.026744020143663193,-0.019369491750840784,-0.7333080074307188,-0.007374528392822408,0.0007084788086572826,-0.00153926955860394
2025-05-18,-0.0026504095358301782,-0.0025439648771318213,1727435456.6499898,0.07753469465483873,0.10385663807671326,-0.024984331394569983,-0.019259987915157636,1.0609512480978875,-0.005724343479412346,-0.0002054986940708657,-0.00010784427289348085
2025-05-19,-0.044307243374800964,-0.044201698448040116,1543290256.84113,0.022172058737442855,0.024645933696942828,-0.025135697967925412,-0.020168500267895826,-0.9050121008474851,-0.004967197700029586,-0.0009823828026002627,-0.001768921669761335
2025-05-20,-0.022172293969503043,-0.021980267771915418,1412231596.97681,0.0019916357907809957,0.025093521759594683,-0.024951286525353004,-0.01987490621051694,0.13113225423366973,-0.005076380314836065,-4.415913423337989e-05,-0.0008874853995479086
2025-05-21,-0.01944316150761849,-0.019604957733495798,1992414550.1447701,0.02151363806521582,0.03174381744901988,-0.02385482755817955,-0.020467382336246724,0.21176075429833252,-0.0033874452219328256,-0.0004182931395184402,-0.0007667190497074871
2025-05-22,-0.02555197692486255,-0.025348454760509065,1699741660.7297199,0.018004432413720222,0.0274594973901547,-0.025349365879765773,-0.020233625873767935,-0.010289280705755388,-0.005115740005997838,-0.0004600488415806265,-0.00101064264879519
2025-05-23,-0.0429013245510278,-0.04208538082243862,2433790643.19263,-0.10893111636200098,0.058245975170606167,-0.026995215405059763,-0.020141137356350043,-0.8097625294130667,-0.00685407804870972,0.004673289176751978,-0.0017698754179044523
2025-05-24,-0.039427050779628936,-0.039452196936589745,749384834.79003,-0.01897356237894272,0.016347398264369473,-0.026196196225934953,-0.020547597459808633,-0.7069795275170735,-0.00564859876612632,0.0007480716073850318,-0.0016281750480576296
2025-05-25,-0.003790731614467746,-0.003565102504750617,918359280.51358,0.005352854247941231,0.02706583062730665,-0.0238842842629104,-0.021162444736555593,1.0969313956870237,-0.002721839526354807,-2.0291233825308795e-05,-0.0001587368279205636
2025-05-26,-0.008463794160498028,-0.007979697945533326,893264704.44284,-0.0054753525759643025,0.02521082463476457,-0.02281767891839594,-0.021547310190454815,0.7741254771479746,-0.001270368727941125,4.63422571591145e-05,-0.00035291101842289783
2025-05-27,-0.023343823596967295,-0.023027850147359974,1122440540.5987701,0.007688072530486972,0.01817905291739815,-0.023401714231570205,-0.021876889600532495,0.003155498286783766,-0.0015248246310377092,-0.00017946900895237785,-0.0009552029376276693
2025-05-28,-0.0475885364046994,-0.04747355534207798,841573994.6693699,-0.01688106891590511,0.03129301755520868,-0.02506998647630086,-0.022334146933402677,-1.19177600424542,-0.0027358395428981816,0.0008033453626547898,-0.001969074133514416
2025-05-29,-0.04871520272976315,-0.04854891557433583,1191512296.02622,-0.05300064080969037,0.030569119163261098,-0.02871473543512753,-0.022687827109321542,-1.3155522401879098,-0.006026908325805987,0.002581936961851425,-0.00196444236591347
2025-05-30,-0.06081478800999618,-0.060279057640767464,1620690641.81087,-0.07471693050318245,0.04390694452532679,-0.029928245205898027,-0.023291807832731607,-1.8493948950026968,-0.00663643737316642,0.004543894289308658,-0.00239523426637935
2025-05-31,0.0029510015720690674,0.002913429195791961,1224802713.0894,0.016665305516965788,0.03602566030097341,-0.029409808994870296,-0.022707631445447688,1.8424119383058242,-0.006702177549422608,4.9179342779577344e-05,0.00010714202547712713
2025-06-01,-0.005151602097459906,-0.005005591204922721,798059751.7035301,0.018408467051774024,0.01588877877016246,-0.02775296863228965,-0.022470952226136917,1.2451115312101615,-0.0052820164061527335,-9.483309747494064e-05,-0.00017715602833873518
2025-06-02,-0.007783592274169693,-0.007820317994787773,871987281.75185,0.0247156921468859,0.03389769383120723,-0.02640889605489955,-0.022474726236606013,1.0040167265811994,-0.003934169818293538,-0.00019237687044525764,-0.00025957446078713137
2025-06-03,-0.010132886341052472,-0.009754891628683926,907795921.85841,-0.013277947121726832,0.023912343726197674,-0.02574254941100006,-0.022809084507109327,0.8265556895764541,-0.0029334649038907333,0.0001345439290269628,-0.00032734694260801915
2025-06-04,-0.044472781529084515,-0.04393251905155382,717706357.8667,-0.04146859394042483,0.022104537226891513,-0.025884954943636424,-0.023277239503328575,-0.9772469667744854,-0.0026077154403078492,0.0018442237186308316,-0.0014362992169674328
2025-06-05,-0.05561000618450129,-0.05601396128375935,1603370012.60237,-0.10591607934994754,0.0868986605206037,-0.026741873107979902,-0.023782205123783748,-1.4464621461240637,-0.0029596679841961543,0.005889993827688712,-0.0019103045604591722
2025-06-06,0.018906866502539366,0.018600045649329155,1099707761.33271,0.02000971124707394,0.03272807014603264,-0.02534934029493787,-0.023314758248573847,2.005421555586848,-0.002034582046364024,0.0003783209393027875,0.000652482804658842
2025-06-07,-0.0244796957650516,-0.024226175410165807,833478789.02202,0.01398776446071595,0.02638707182374193,-0.024521096822684513,-0.023380521013461518,0.0019042763600702131,-0.0011405758092229955,-0.00034241621843152754,-0.0008643202242718769
2025-06-08,-0.018683694339695855,-0.018451988632607663,640663354.21698,0.004955492483629263,0.015804702113717643,-0.025284586575249547,-0.022964415595125857,0.31122068865545505,-0.0023201709801236904,-9.258690686678942e-05,-0.0005813373232819163
2025-06-09,0.027406888387435657,0.02845161045316824,1105281890.09449,0.06505194724116352,0.053736392064554314,-0.021869627919904946,-0.022446625474331575,2.085420735432862,0.0005769975544266288,0.0017828714574239215,0.0008907224500189676
2025-06-10,-0.026135532984570164,-0.02597625716246199,1209629038.45813,0.024545179160393178,0.04105908906430234,-0.022058353587289095,-0.02281970694112736,-0.17241546645889352,0.0007613533538382636,-0.0006415013395586402,-0.0008692733992692195
2025-06-11,-0.02507727250611369,-0.024491978018879146,1463602331.13342,-0.024383955776345917,0.05514236870989718,-0.022326644587217438,-0.02313325407454691,-0.11631438593916986,0.0008066094873294717,0.0006114831037804516,-0.000862016946616837
2025-06-12,-0.045655687140967904,-0.04501897729487392,1140090488.91953,-0.05172406940263423,0.025999194320712894,-0.023283964121317693,-0.023554777994242226,-0.9249822167415919,0.00027081387292453296,0.002361497930304379,-0.0015662134023756808
2025-06-13,-0.017608093867280794,-0.01739668878921563,1442182734.23922,0.03418461348832555,0.02710315135455549,-0.02207952456494879,-0.023753977890533993,0.1879792211845322,0.001674453325585204,-0.0006019258831191494,-0.0005779310974953757
2025-06-14,-0.009601672752229895,-0.009545378697630502,610087681.45109,0.002528872628170791,0.017367695575389207,-0.020659268468405975,-0.023685107996618094,0.46876379199600354,0.003025839528212119,-2.428140740776749e-05,-0.0003156116465654884
2025-06-15,-0.04820170259336132,-0.04792758906614336,704942969.26563,-0.012068477024741193,0.02408429202456266,-0.02277407661025805,-0.023825277549449925,-1.0600003628822523,0.0010512009391918757,0.000581721140301389,-0.0015775697914259252
2025-06-16,-0.01256026476695038,-0.011736341804538863,957841109.05005,-0.018596644521393743,0.04620327820045377,-0.022969146639136732,-0.023320200888981867,0.43583622845138137,0.0003510542498451341,0.00023357877896556265,-0.00042363447252874816
2025-06-17,-0.02260360130973771,-0.022153882417441095,1079037114.41343,-0.03437802249298294,0.030818940682969417,-0.022933897958792467,-0.023097570891774655,0.013830059255430818,0.00016367293298218816,0.0007770671142485816,-0.0007759827111558552
2025-06-18,-0.007948637366660405,-0.007796389981486795,839013147.4994,-5.8625238181681926e-05,0.027262257191985176,-0.02104628371888585,-0.023494363353050697,0.5597750955928953,0.002448079634164848,4.6599075884028326e-07,-0.0002713514307839573
2025-06-19,0.004441889339184879,0.004422731361980681,537367416.07693,0.0001170686023345734,0.014477729645012956,-0.018514993620364514,-0.023428217919834852,0.9925637200516136,0.004913224299470338,5.200057766632157e-07,0.00014823406512868211
2025-06-20,-0.06328262643535898,-0.06294306393958671,974168458.77272,-0.04193802894490953,0.035418204184454405,-0.01863250973585798,-0.024365656200850863,-1.911419636044779,0.0057331464649928825,0.002653948619155982,-0.002086277856589156
2025-06-21,-0.05331412927851298,-0.05309751265166418,681122618.98913,-0.05598112352354244,0.03240542986236031,-0.021311801681123795,-0.024883968490850665,-1.334607174247982,0.0035721668097268705,0.0029845848566905455,-0.001748449261516692
2025-06-22,-0.015434828453177785,-0.015013031378971697,1440132196.48589,-0.022111190600177362,0.0687084210294702,-0.021801479126634167,-0.024056063864018,0.2682265481719837,0.0022545847373838315,0.00034128243380925473,-0.0005450107922287311
2025-06-23,0.011651547674629281,0.012262127572857162,1310774071.03707,0.07349262654259862,0.05355244346091593,-0.020875996271929455,-0.02375845842218079,1.3184799042943858,0.0028824621502513345,0.0008563028418948132,0.0004223265871300465
2025-06-24,-0.03187026419832395,-0.03184320420542863,850936539.32887,0.017110046901237737,0.012888304973188441,-0.021911109503228096,-0.02438246440625266,-0.40396982797919406,0.0024713549030245634,-0.0005453017151881607,-0.0011384517215055445
2025-06-25,-0.023368504278370894,-0.02321772780112663,748493412.11101,-0.0045486326417095045,0.02699307085264421,-0.02090614391986078,-0.02402692356995371,-0.10212294631230932,0.0031207796500929315,0.00010629474134852606,-0.0008401965083669439
2025-06-26,-0.018772346909353477,-0.01873046368918807,857475744.36937,-0.036407839520278505,0.024581914919218233,-0.019151969668663265,-0.024161904441460876,0.016677187079870003,0.005009934772797611,0.0006834605936947376,-0.0006192389577376132
2025-06-27,-0.010642411580605637,-0.01036259550139118,655030809.81389,-0.007180470343839587,0.01990585766703105,-0.02055907814881303,-0.024012947638886846,0.4688996143030224,0.0034538694900738166,7.641752074147376e-05,-0.00034456064802989547
2025-06-28,-0.0066170461547629955,-0.006497912015644869,385738013.47805,0.009829900372128731,0.011679202981767195,-0.019708475786418333,-0.023657864250922013,0.613423858559514,0.00394938846450368,-6.504490445909775e-05,-0.00020960027497970475
2025-06-29,0.013439714974884831,0.013753626750230508,540449346.74451,0.04048257875482373,0.034214022394068254,-0.018178789628581157,-0.02281590253280023,1.4029915184421708,0.004637112904219073,0.000544074319913159,0.0004374955288788415
2025-06-30,-0.011646366360589022,-0.011593849044092885,794862391.94613,-0.013656401136781269,0.024270546805568286,-0.020038468426106144,-0.02234793143797883,0.4183035943534483,0.002309463011872688,0.00015904745080611905,-0.00036277622395303877
2025-07-01,-0.06082872841016995,-0.06056674393387995,724512364.95204,-0.044526204155591685,0.022132769843061083,-0.021690525351134703,-0.02290005515459227,-1.7846211934480243,0.0012095298034575652,0.0027084723797162675,-0.0018399505535987475
2025-07-02,0.04598784137251255,0.045374885719555946,1163422759.3141499,0.05678181328315016,0.044763485698412396,-0.018306472309295357,-0.02149598148489745,2.434655543854462,0.003189509175602092,0.0026112730221091356,0.0013683139405194277
2025-07-03,0.014874477473358017,0.015045069228613928,1064051393.25271,0.0197944849540816,0.04374913478051178,-0.015424083518136981,-0.02135247117307348,1.140053404218436,0.005928387654936499,0.00029443262054621095,0.00045514495368561506
2025-07-04,-0.04693235749773472,-0.04660205257541894,986401407.24932,-0.04791515185904158,0.034133433789470896,-0.01682047702434907,-0.02196507233145254,-1.0968574623889273,0.0051445953071034695,0.0022487710366067876,-0.0014517975830005483
2025-07-05,-0.02862731994382628,-0.02841568408256112,409436227.00219,-0.0008526188092644617,0.008836158143737925,-0.0177264602239489,-0.02152730830609661,-0.3961559670249163,0.003800848082147708,2.440819144293794e-05,-0.0008739224168883426
2025-07-06,0.021754240595886376,0.021666801437924654,960175044.26406,0.04882216375053115,0.03350307283475532,-0.014395224833984725,-0.02035119523571773,1.2968466833688586,0.005955970401733004,0.001062089096640817,0.0006738610969763642
2025-07-07,-0.021858972714482672,-0.02145531999972139,1065300255.2307199,-0.04177970523619513,0.022389867454005813,-0.014838020450533881,-0.02020828200268885,-0.2514837842110943,0.005370261552154969,0.0009132614367771182,-0.000652317825758118
2025-07-08,-0.0017693074882805249,-0.0017544317988870128,743610544.7460301,0.017476975512994222,0.019029006559259466,-0.013845911220940683,-0.020060507803767787,0.4313315416260769,0.006214596582827104,-3.092214364763604e-05,-5.180653102581982e-05
2025-07-09,0.028370122083428484,0.028834786376151555,1240962824.44405,0.05781363534291928,0.032527101738462405,-0.012116446485222164,-0.01941090556013629,1.3740913097395304,0.007294459074914127,0.0016401798927654357,0.0008378091255668489
2025-07-10,-0.0033727128738813006,-0.0023993489687087477,1222214774.60956,0.07876574555903304,0.0573623115847557,-0.012488570400130078,-0.019906099818540707,0.3111902442779501,0.00741752941841063,-0.0002656542440678096,-0.00010648839193097047
2025-07-11,-0.016978909273602127,-0.016662473691444357,2667991447.90587,0.014076625674626576,0.07494643688383093,-0.010283631487665465,-0.019614795476473823,-0.24865435116763293,0.009331163988808358,-0.00023900575020794297,-0.0005680431499359408
2025-07-12,-0.020387884552408364,-0.019963296814275,1347742933.7223,-0.03275385636334539,0.045626181437219936,-0.008715715072136674,-0.019812441916043585,-0.4632126479310107,0.01109672684390691,0.000667781842182052,-0.000694928565021955
2025-07-13,0.0051713170049503265,0.005559236084013763,1144019262.29556,-0.00020156210700646073,0.01671317656709129,-0.0077344700503210505,-0.019096305936414957,0.5096174513452697,0.011361835886093907,-1.0423415515161277e-06,0.00016346225269871077
2025-07-14,-0.04507441387221267,-0.0449407256876837,1808729972.27205,-0.03553850326175521,0.03671157398159775,-0.01043570631445638,-0.019240199547095133,-1.3238737445712914,0.008804493232638752,0.0016018772044193341,-0.001388628142055581
2025-07-15,-0.056254844023865935,-0.05595263194750255,1743348942.24907,0.045454200245046004,0.03841664816348696,-0.011596876782339333,-0.019750178565522497,-1.6144313636706016,0.008153301783183164,-0.002557018945014632,-0.0018014541610245878
2025-07-16,-0.005834801412897717,-0.004805598132676447,1942519353.20507,0.0766282333352006,0.03734922304121324,-0.010761938550650134,-0.019184345804715782,0.17882361208570194,0.008422407254065649,-0.0004471105241320843,-0.00018972582734147928
2025-07-17,-0.03652025884093513,-0.03606575306744497,2565669901.30882,0.047283922597621354,0.043080892646700966,-0.011607077214058783,-0.019166973330233983,-0.8872773915676625,0.0075598961161752,-0.0017268210922798735,-0.0012196724842848978
2025-07-18,-0.012334622666382189,-0.01224068746027085,4771430269.2725,-0.002795545892791765,0.022964742613401683,-0.011687658694333858,-0.019198692379361587,-0.023041869986849747,0.007511033685027729,3.448200373414094e-05,-0.00041373789273904714
2025-07-19,-0.03341477624615108,-0.03296599860419136,3456279119.22569,-0.03236739567870629,0.04122514951293415,-0.012963741079638052,-0.01906443789624697,-0.7190341816099157,0.006100696816608917,0.0010815492842746082,-0.0011678383728218626
2025-07-20,-0.008931988215037046,-0.00887792742006599,4367398587.0986,0.0703530234279648,0.07693985555764855,-0.014029060279158142,-0.019164145494329616,0.18324216289281697,0.005135085215171474,-0.0006283923761508068,-0.00033034353149345556
2025-07-21,-0.039523399681037796,-0.03933149163597338,5029651536.26965,0.00025795515408421656,0.06551789405276204,-0.01535653805632237,-0.019088211467444487,-0.8522485088715006,0.003731673411122117,-1.019526465465418e-05,-0.0015393764114276561
2025-07-22,-0.05408224617739221,-0.053516880291666236,3443134752.89785,0.018655242852598147,0.049912933132530105,-0.015035276997618667,-0.01959471864534749,-1.4020786968979913,0.004559441647728825,-0.0010089174364532496,-0.0021779648847693378
2025-07-23,-0.07105170386101312,-0.07126976213528391,3523069642.44381,-0.09360172100787094,0.045739464919484635,-0.020608588675405604,-0.020413901857306134,-1.888220013722631,-0.00019468681809946958,0.006650561761932416,-0.002864649940250776
2025-07-24,-0.023758440835402683,-0.02281102657781886,3208000847.24759,-0.04581468092434462,0.05594515852398943,-0.022448251452013256,-0.02038543303048931,-0.05148252777477399,-0.002062818421523945,0.0010884853861338935,-0.0009716866098679898
2025-07-25,-0.020807540272240743,-0.020068519737567514,2285253738.9924603,0.04871198279494262,0.056943725668523494,-0.021204212536513542,-0.020034738041937138,0.01597981268199765,-0.0011694744945764043,-0.0010135765437464667,-0.000873600193901274
2025-07-26,-0.020427720353434764,-0.019856846470728717,1150215357.09199,-0.005043131490357081,0.017573330634204132,-0.020813755413161567,-0.01973316136850548,0.01558783054233564,-0.0010805940446560885,0.00010301967979061513,-0.0008661526068488479
2025-07-27,-0.029433829162563985,-0.029379208810477397,1642833640.99367,0.006086902809114237,0.01612190761235094,-0.023251282544516343,-0.020140194662919705,-0.2710736279617875,-0.003111087881596638,-0.00017916085741259927,-0.001223657600745656
2025-07-28,-0.04755297404461445,-0.04635064248890941,2144906206.13098,-0.07919165248400808,0.04479138888848848,-0.024474806417379764,-0.02076065783568346,-0.9858075196655248,-0.003714148581696306,0.0037657985951221637,-0.002027654519273948
2025-07-29,-0.01425963201449254,-0.013830486670662112,1851927304.35159,-0.01353560949885865,0.03767849144315668,-0.02506958377577081,-0.020616464318501324,0.47083672118327974,-0.004453119457269488,0.00019301281054559413,-0.0006206929829764529
2025-07-30,-0.026524362496886056,-0.026123446349395785,2007080013.80157,-0.019947080687474226,0.04397904306614206,-0.027683606851023883,-0.020282112351710634,0.05968372362543849,-0.0074014944993132485,0.0005290835989092015,-0.0011690164760524272
2025-07-31,-0.006570611548903482,-0.005905920381991114,1592669796.75721,-0.06150521214926609,0.03410486136500054,-0.027835887740310657,-0.01961315058693508,1.1055733798300593,-0.008222737153375577,0.00040412685726572655,-0.00028231166920584426
2025-08-01,-0.032429475749836345,-0.03173567301660385,2453445425.90048,-0.03991942152840009,0.04184134981905699,-0.028571629001083714,-0.019162590074869056,-0.20204983051150827,-0.009409038926214659,0.0012945659124027457,-0.0013422359145410024
2025-08-02,-0.04070817404944882,-0.0402798269883573,1632623784.3411798,-0.05739989262226521,0.03127894707596,-0.029539261834276114,-0.019855592862512192,-0.5825394209882567,-0.009683668971763922,0.0023366448192868455,-0.0016570742182354058
2025-08-03,0.014027326582087163,0.014333173452823589,991798934.28483,0.015063046311095663,0.009949267763378351,-0.029117547092507697,-0.019551165423154306,2.1516814658054453,-0.009566381669353391,0.00021129426992684216,0.0005664807920856831
2025-08-04,-0.004974888575515313,-0.004889167288561702,1384354556.65519,0.04234670090325475,0.033621620470003145,-0.02720804588790306,-0.019506582824762964,1.0918373150893697,-0.007701463063140096,-0.00021067011853436604,-0.00020017433006900195
2025-08-05,-0.06562441300257515,-0.06588365526201556,1461738774.02372,-0.03261051451641663,0.05849363523964681,-0.027654215839270163,-0.020387400708279196,-1.7978390645257665,-0.0072668151309909675,0.0021400458728517975,-0.002703266079338899
2025-08-06,-0.010569362373228364,-0.010449835696502818,1087778376.78099,0.044190398203054995,0.03454247344072966,-0.027879671123095435,-0.019849251197868782,0.8282658205152685,-0.008030419925226653,-0.00046706433202534775,-0.0004339710399669893
2025-08-07,-0.00036412166792554324,-0.0001450171232250108,1485200755.05707,0.08606247061474553,0.04898042428590311,-0.02615795030533307,-0.018972332396018376,1.1925785791388288,-0.007185617909314695,-3.13372103460342e-05,-1.5052887979675602e-05
2025-08-08,-0.014332331689014821,-0.013882443003903733,1913652040.3022602,0.03319513825079152,0.03796151098417325,-0.026253079306410815,-0.019499938716519234,0.5526773010803419,-0.006753140589891581,-0.0004757637318730473,-0.0006027376326160022
2025-08-09,-0.017738295638681234,-0.017527250332064814,2124600920.63415,0.04140576569853837,0.03226302944966325,-0.025506580229864635,-0.01939293236530701,0.3599742640452043,-0.006113647864557627,-0.0007344677131066402,-0.0007384032781179248
2025-08-10,-0.0444941704273748,-0.04457761593879006,1693995397.33774,-0.03687014868527894,0.045343470937336657,-0.027200017478071194,-0.01980262246193683,-0.800294537602981,-0.007397395016134362,0.0016405066792854503,-0.0017852415679128534
2025-08-11,-0.042686336854470985,-0.04221200424048188,2370698807.4046297,-0.0747963428974852,0.0467393831790146,-0.027350633533948964,-0.02091521333879249,-0.706365873476941,-0.006435420195156475,0.0031927818884045717,-0.0016745350271887476
2025-08-12,-0.020176551407116383,-0.01972308587489613,1912067626.33734,0.04903838130341675,0.04769929204173397,-0.025736076640126306,-0.02082062632962656,0.26641735283115353,-0.004915450310499746,-0.0009894254212901629,-0.0007893756533537855
2025-08-13,-0.02068492055923421,-0.020171295009027035,2874211423.24003,0.027753096309465326,0.03813351357315676,-0.023337658387660644,-0.02075090645745387,0.14646791838863976,-0.0025867519302067744,-0.0005740705924340664,-0.0008017729588579111
2025-08-14,-0.06544330744730464,-0.06472334408201608,3510880360.97673,-0.12194698194993689,0.06988727659455125,-0.025322652035846452,-0.02106499566866556,-1.9753548886204988,-0.004257656367180892,0.00798061383202063,-0.002580111569180512
2025-08-15,-0.020071684874084506,-0.020272753179353953,2265985555.26409,-0.004405581704228445,0.04566821395760932,-0.025287611302600915,-0.021104100287821177,0.2566966413840449,-0.004183511014779737,8.842744765430552e-05,-0.0007805519172938624
2025-08-16,-0.03832397109782304,-0.038119512179669135,1375834638.88035,-0.006944622125886211,0.027391196134376572,-0.026139813719000357,-0.021560009785370274,-0.5949279958150168,-0.004579803933630083,0.00026614549763776554,-0.0015082677994169423
2025-08-17,-0.03675297341699657,-0.03659377788488505,1674226863.27491,0.004316891708127227,0.05099812852605318,-0.026488344397782863,-0.021378283925427975,-0.4982627151057785,-0.0051100604723548874,-0.00015865860619285288,-0.0015074783660723075
2025-08-18,-0.051229385684570916,-0.05150272577035697,1730803901.16665,-0.007744169054709886,0.015123013945956124,-0.02666341161873317,-0.02199207949554894,-1.1808622175853414,-0.0046713321231842304,0.00039672902331025175,-0.0020288743032459314
2025-08-19,-0.05423360191752147,-0.053671005982716236,1841798602.97408,-0.032476947861763465,0.034383824455241595,-0.02856693399506788,-0.02249414299725979,-1.197638079255515,-0.006072790997808091,0.0017613418618309799,-0.0021393437947124275
2025-08-20,0.0016612545108622978,0.002122668065850153,1704489222.43559,0.045751014503639845,0.029962050815798214,-0.027224761756603672,-0.022341605030949906,1.2881201393981887,-0.004883156725653766,7.60040792206981e-05,6.442238072049273e-05
2025-08-21,-0.023827350765480593,-0.023568549289119556,1272975396.37115,-0.03339828040184799,0.020295868123522586,-0.028046511243107346,-0.02279032312784936,0.1922939620893115,-0.005256188115257986,0.0007957925420987082,-0.0009083411495967214
2025-08-22,0.004288042878051623,0.00573519797122124,2609675142.08107,0.10901699609188963,0.09539432610621752,-0.02629805797511268,-0.021717772821287288,1.329174828193949,-0.004580285153825393,0.000467469553678409,0.00017440296692941006
2025-08-23,0.0028812821508286124,0.0027219708626911032,1562569728.87843,0.020440290877854685,0.025568210498119987,-0.024222369584623277,-0.02082578216367869,1.1482256197759049,-0.0033965874209445877,5.889424526410761e-05,0.00011640376192006567
2025-08-24,-0.02551423199630687,-0.025200126771523945,1937753682.27352,-0.020542671098257352,0.028253422431446806,-0.026105300945499184,-0.02098577269610931,0.02696736113007665,-0.005119528249389875,0.0005241304762247661,-0.0010530135237545076
2025-08-25,-0.09052972268574255,-0.08982385423595463,2171082693.51027,-0.09681458165489026,0.05440052370394002,-0.030179340665033815,-0.02260769762246442,-2.37047798863554,-0.007571643042569395,0.008764597229153393,-0.0038258843202100745
2025-08-26,-0.022912768191005184,-0.022506619419012885,1263341026.60572,0.04037743007637109,0.03406152579321751,-0.028145452816863818,-0.022465515146157772,0.21659534024656107,-0.005679937670706046,-0.0009251586954884115,-0.0009416609592622423
2025-08-27,-0.035589376587408794,-0.03539446321801265,1356626593.17273,-0.010365142577795888,0.01640255085673757,-0.029336882065158124,-0.02265949724630123,-0.26200724683434773,-0.0066773848188568935,0.000368888962583363,-0.0014318974805738235
2025-08-28,0.0076639582893414104,0.00790262586775925,1055690709.8292899,0.013826760052054465,0.028308210053796294,-0.028954592543383506,-0.022239873354258453,1.5001926051588448,-0.006714719189125053,0.0001059677123156775,0.00030080618131402654
2025-08-29,-0.03319416039554224,-0.03318254138359644,1653491742.49032,-0.039796211334764485,0.03854652430407277,-0.029852774862741953,-0.02259783762116221,-0.1381290131089499,-0.007254937241579742,0.0013210018221810685,-0.0013037773999369723
2025-08-30,-0.0184362028363787,-0.018404388558663998,671739249.94591,-0.007982876991449967,0.007621120500772798,-0.029886008538822787,-0.02278544328277516,0.4736546313882384,-0.007100565256047627,0.00014717393943223216,-0.000702491006734468
2025-08-31,-0.0259850552788653,-0.025801883173574125,733921147.71547,-0.03206613704023536,0.021737262915790534,-0.029004622103179476,-0.023411233286802936,0.12607550239202744,-0.0055933888163765405,0.0008332403435701859,-0.0009609216999009842
2025-09-01,-0.006067690591234243,-0.005932214978757289,1715146273.6775699,0.001425313810281324,0.039576224669219694,-0.027260877043025347,-0.02332268287776556,0.8744551051965962,-0.0039381941652597875,-8.648363196200217e-06,-0.00022231217391162683
2025-09-02,-0.02626464547995877,-0.026133641589293544,1376039994.8583,0.007054291008580469,0.02288145254468983,-0.02755078628458927,-0.02277404664077808,0.053183118123330764,-0.0047767396438111905,-0.0001852784524528268,-0.0009312623336282548
2025-09-03,0.01529055488715203,0.015647022746801076,1020883896.78195,0.022966285913198915,0.01654973754026548,-0.025837668406189923,-0.023261305156418725,1.5875479049014747,-0.0025763632497711984,0.0003511672553097945,0.000526439726147435
2025-09-04,-0.036461338198355286,-0.0366380259528466,1021648034.02247,-0.018850875492933263,0.01976694672918422,-0.02445757463243043,-0.024076159373430044,-0.49153947150299554,-0.00038141525900038664,0.0006873281466829272,-0.001168308669546422
2025-09-05,-0.005787907838744721,-0.005737442006804594,1448317443.82159,0.016715286735436055,0.026680962955683667,-0.023777394773604726,-0.023423072870906395,0.7269720586821365,-0.00035432190269833047,-9.674653912289601e-05,-0.0001802252753986444
2025-09-06,-0.057734568467301184,-0.05756408768616095,610169016.14119,-0.008305312355096713,0.019167023043425352,-0.024701708934056068,-0.02388509268873933,-1.2872360007111538,-0.0008166162453167383,0.00047950362480765363,-0.001775142536519714
2025-09-07,0.021000310262088373,0.02135298611023506,1048494252.04181,0.055010273621236006,0.03684404838326754,-0.021951552568385355,-0.023897059836894854,1.570726400391978,0.0019455072685094985,0.0011552328136483318,0.0006315341607614485
2025-09-08,0.021127180015436897,0.021237649132744618,2061101342.2771099,0.042147540466385185,0.027891348806668294,-0.018506001820765935,-0.023214739952292958,1.414366179472881,0.004708738131527022,0.000890458674641231,0.000648195127835839
2025-09-09,-0.025598412098899015,-0.02537815041158431,2598635207.47738,0.01740560224549629,0.025190477660737225,-0.017142421353212485,-0.023592979708017058,-0.31470706339912274,0.006450558354804573,-0.0004455557791097361,-0.0007741688988702553
2025-09-10,-0.016486240241731953,-0.016337278316416626,1668648600.5815601,0.0174811649548176,0.03171001598395503,-0.018006587770002688,-0.02430498545921008,0.057319663842387056,0.006298397689207393,-0.00028819868515046824,-0.000499963121805815
2025-09-11,-0.025773872927663866,-0.02530051251447596,2051274896.3901699,0.014563746351663912,0.03255326623545428,-0.018099279301535227,-0.02466055942831774,-0.2890753921999085,0.006561280126782514,-0.0003753641478185139,-0.0007966644985834961
2025-09-12,0.006021726389604964,0.006334946735064406,2579063191.68348,0.05446059445032357,0.03466010780203778,-0.018016722943842208,-0.0242954699733462,0.9028713506355074,0.006278747029503991,0.0003279467987950871,0.00016871471225039255
2025-09-13,-0.03525207977081346,-0.0348703825144131,5199599965.86034,0.03209996071622115,0.06086802567847425,-0.01983259732106326,-0.02453140957998755,-0.5834624304944507,0.004698812258924292,-0.0011315903758082064,-0.0010469377160800012
2025-09-14,-0.036521999907658365,-0.036521371476478715,3428046007.8103,-0.030063592078914472,0.052532996994255406,-0.020356776745413332,-0.02519320826114007,-0.6064822707740235,0.004836431515726738,0.0010979825071299931,-0.001126878225624652
2025-09-15,-0.035555958449084324,-0.035236120620020794,3144399263.91603,-0.04338117507296081,0.047735945987921025,-0.017738978448429605,-0.02504212166712216,-0.8230778848217949,0.007303143218692555,0.0015424592583666472,-0.0010857871612152466
2025-09-16,-0.035372257813671926,-0.034768704591900734,2510753391.27777,0.010355838497576935,0.016671794082259155,-0.018332287478080404,-0.02471065204473813,-0.7758103355122398,0.006378364566657725,-0.00036630938921304026,-0.0010508862717952564
2025-09-17,-0.028876978203340897,-0.028596764615893777,2986930859.0247602,0.05772304247620359,0.04661544264284026,-0.018012649459791457,-0.02507640088268167,-0.4995512014377889,0.0070637514228902125,-0.001666867039415852,-0.0008994614034985979
2025-09-18,-0.04449380015676396,-0.04420798655760094,2743597464.53158,-0.01596498879309925,0.03414494818275229,-0.02049635224293933,-0.025202965030551968,-1.108567045407999,0.004706612787612637,0.0007103430208651343,-0.0013982614722583312
2025-09-19,-0.06377766530266771,-0.06362539676356505,2157461107.43198,-0.04311107852279701,0.024374080138824715,-0.021952709619469116,-0.026019521262873962,-1.780222080704961,0.004066811643404847,0.002749523936863974,-0.0019612337567191072
2025-09-20,-0.006695952533169458,-0.006472350597052756,1007305434.3083401,0.00961726485423946,0.019088738707885487,-0.021393650081221054,-0.025595412949969493,0.6196151462343972,0.004201762868748439,-6.439674896290631e-05,-0.00020956445328394185
2025-09-21,-0.06586475842572492,-0.06594342981412327,1086500980.6833699,-0.03335906636321723,0.017009914426492235,-0.023292683564404847,-0.026499107715218507,-1.6612560473859588,0.0032064241508136596,0.0021971868473210287,-0.002046554475908967
2025-09-22,-0.052685740980575546,-0.05256532346849707,2998059385.17144,-0.03083575941807437,0.05194561725967663,-0.025512590725802052,-0.026708033767592124,-1.0421174558291308,0.0011954430417900723,0.0016246048336400092,-0.0016680879913853698
2025-09-23,-0.027946778596390498,-0.027810475164559034,1779491894.51128,-0.01378754161510682,0.013182419530570116,-0.025592692302774993,-0.026293185075830186,-0.09026422089340443,0.0007004927730551933,0.00038531737290591056,-0.0008719180114784515
2025-09-24,-0.030394858963160076,-0.029647128570000736,2037888759.42627,0.027728714583954144,0.030745305130061455,-0.0277681882004089,-0.025647838331419825,-0.107884875277303,-0.0021203498689890757,-0.0008428103690090061,-0.0009688425360536643
2025-09-25,-0.057314663382495024,-0.057347210494730905,2749740272.8394,-0.05747004089718338,0.02961979509626399,-0.028761203685367935,-0.026180476784548275,-1.136145208302633,-0.0025807269008196604,0.0032938760486002877,-0.001853808056411811
2025-09-26,0.002761155051973274,0.003043593873683914,1647851397.45979,0.022813353333905866,0.023692432558740276,-0.028354105452476602,-0.02580637050956075,1.2160231144279083,-0.0025477349429158525,6.299120581036552e-05,8.891494433472279e-05
2025-09-27,-0.0316821689016078,-0.03163721380288764,755597254.85713,-0.012065471485147274,0.01235768860472061,-0.027113514996967396,-0.02598501255000794,-0.1849023102887476,-0.0011285024469594555,0.00038226030546996865,-0.0010099587639431124
2025-09-28,-0.005770138709902617,-0.004971380004833659,971615632.4609,0.03775816293335136,0.03158557217579397,-0.028388298281347916,-0.025609398415838713,0.9958707658894286,-0.002778899865509204,-0.00021786983755654082,-0.0001824946316737867
2025-09-29,-0.029423522552728842,-0.02912156274985156,1556184352.64952,-0.004379165604613737,0.02037191442960027,-0.030795474594117717,-0.02532162934453894,0.06972109668774447,-0.005473845249578776,0.00012885047792948672,-0.0009200546341344593
2025-09-30,-0.06068939486508973,-0.06056890269646842,1280885448.76963,0.0011603671499889887,0.023688186122757852,-0.03246647377346013,-0.026058609707246834,-1.3648242571779055,-0.006407864066213298,-7.042198015416053e-05,-0.00189337678156951
2025-10-01,-0.005722749855283205,-0.005811564882130971,1580050731.40182,0.0762237858606326,0.04354557020045089,-0.031953926612200666,-0.025728425379602345,1.2360968313672915,-0.00622550123259832,-0.00043620965950307315,-0.00018176264589958333
2025-10-02,-0.007968286655638201,-0.007941832717602182,2133161439.0582,0.03173022378141566,0.021771399595803882,-0.031106041551628015,-0.02575061069875686,1.0600377777267593,-0.0053554308528711535,-0.00025283551873786833,-0.00024899298170606444
2025-10-03,-0.035326887992308875,-0.03518303902867037,2045117626.76856,-0.004136950360648091,0.025050067423638123,-0.033075023188862004,-0.0257966013692723,-0.11198912114485683,-0.007278421819589705,0.0001461455820203569,-0.0010877280951707
2025-10-04,-0.0780645002688879,-0.07791775542517354,1326830832.94195,-0.009527662386830681,0.021248937890877947,-0.0351137098792465,-0.026389558928311015,-1.9190361409857903,-0.008724150950935487,0.0007437722029586168,-0.0022563568635191925
2025-10-05,-0.012389528115020143,-0.01235318639181815,2222161455.12878,-0.021649341298993072,0.03700339062568658,-0.03396454455578754,-0.026808874082233352,0.9413756343984099,-0.007155670473554188,0.00026822512269554136,-0.0003489417145954946
2025-10-06,-0.0005371203575452732,-0.0003436171168997859,2418705499.0694,0.04706615209125674,0.03460920863652951,-0.03229698083714282,-0.02673843331686875,1.3209381656503683,-0.005558547520274074,-2.5280188439536028e-05,-1.4791845088879995e-05
2025-10-07,-0.05740646930151061,-0.056502350990083716,2758541891.66615,-0.077310768374964,0.0483985098102269,-0.03334622900323038,-0.0266079897660582,-0.9757867242262915,-0.006738239237172178,0.004438138251393569,-0.001667655580063564
2025-10-08,-0.007165853868942085,-0.006894921183035141,2125008922.48057,0.04370860254210669,0.03421687406685055,-0.03231236593968758,-0.02655396582154572,0.9939016697970513,-0.005758400118141861,-0.00031320945863240707,-0.00020393698351005903
2025-10-09,-0.04614361360771313,-0.04613940267411998,2244203940.56835,-0.0022917807509892445,0.017330939520520002,-0.032390928484970875,-0.027280624423764572,-0.5426610697722083,-0.0051103040612063035,0.00010575104544724232,-0.0012762808516163964
2025-10-10,-0.06856317790012734,-0.0669415232622359,5371731733.89869,-0.2628978675352289,0.19273189136980212,-0.032618810037230855,-0.028141431506480644,-1.4008521238256764,-0.004477378530750212,0.018025113261382012,-0.0024460546233484263
2025-10-11,-0.04356405504244354,-0.043376312213810886,3599519418.20974,-0.041521684871046696,0.04512056845787893,-0.03437443396624391,-0.02855136419542925,-0.3668417574511163,-0.005823069770814659,0.0018088529651772735,-0.0016081903321388204
2025-10-12,-0.0026050218790483193,-0.002230490719192346,4374142141.44021,0.11174570395291417,0.0912932439271335,-0.03136206555925931,-0.027886457075614542,1.1559465690088349,-0.0034756084836447647,-0.0002911000036869977,-0.00010538051992617115
2025-10-13,-0.005263327411974661,-0.005273083233165998,5995551375.11597,0.03127482688181979,0.04321401501724692,-0.029103855389325934,-0.02729244105271778,0.9537302078220927,-0.0018114143366081553,-0.0001646096536318441,-0.0002107280727313534
2025-10-14,-0.01748647793738478,-0.017520491013098605,5291751915.25884,-0.016749183938064283,0.05466016219699266,-0.028605745834135183,-0.027249741473833147,0.4425536779888342,-0.0013560043603020357,0.00029288423540216064,-0.0007346449694550754
2025-10-15,-0.03410781399139251,-0.03388360957095671,1884088066.17404,-0.03171842148073805,0.02541932173439485,-0.028782553216431965,-0.027462803274343597,-0.21172726948490686,-0.0013197499420883677,0.0010818460199656021,-0.0014242930824617348
2025-10-16,-0.03344599657443614,-0.03327760196073404,2262987208.91933,-0.0412847815679302,0.05921802213491988,-0.027645950035095828,-0.02695490945096473,-0.23845590590028082,-0.0006910405841310981,0.001380810662897338,-0.0014437966471385082
2025-10-17,-0.026872064028945153,-0.02683362821239832,1973227141.8628,-0.02993261053481998,0.0686566099882694,-0.029057055705615755,-0.027062851977232363,0.09373806238805998,-0.0019942037283833917,0.0008043510268451607,-0.0012175503081487912
2025-10-18,-0.018601519655487397,-0.018455740170247315,759907119.30098,0.014135637647225816,0.010567819132036525,-0.028434167646276688,-0.026749797192433384,0.42001116765332036,-0.0016843704538433042,-0.00026294434153771866,-0.00084123355214784
2025-10-19,0.010789429783654159,0.011171559931594022,1234053293.45289,0.02457482786486574,0.031324354331202536,-0.027645616765631126,-0.025995155871788134,1.5708886842807697,-0.001650460893842992,0.00026514837969335655,0.0004878060511700449
2025-10-20,-0.020803314684297636,-0.020750722313074066,1398542716.35814,0.004009829441708232,0.012764161364754976,-0.027235130676658212,-0.025512202363847287,0.2624370950109907,-0.001722928312810925,-8.341774370621786e-05,-0.0009330120739854475
2025-10-21,-0.039976534534729935,-0.039926911317761826,1666377705.5697799,-0.01187686736731724,0.06455796766025179,-0.026248803994260127,-0.02528589970697758,-0.5844075931030085,-0.0009629042872825455,0.00047479599847396467,-0.0018707172294989598
2025-10-22,-0.006442996044395799,-0.006177257914731782,1598844128.38521,-0.02007942503729446,0.015448874492416205,-0.026283101431836917,-0.02541453860468009,0.8457342407415082,-0.0008685628271568255,0.00012937165608903017,-0.0002928821365982838
2025-10-23,0.013733174866569442,0.013880942881000058,960318934.22068,0.020062361291019345,0.019989777742894135,-0.02524969850220798,-0.024818339785123742,1.5751481441542152,-0.00043135871708423895,0.00027551991584586253,0.0006231099268073296
2025-10-24,0.0014502428121418998,0.001616851262672414,943289995.79661,0.012318811929091055,0.018003812749178116,-0.023498406559138898,-0.02486338423061437,0.9863015732062365,0.0013649776714754723,1.786526845429219e-05,6.531468655366287e-05
2025-10-25,0.01378207719211777,0.013921778873006163,587915584.11549,-0.00685021072739793,0.009983155731730002,-0.019124760013376724,-0.024690355737895495,1.4155889835560367,0.005565595724518771,-9.441013302727149e-05,0.0006133107572521481
2025-10-26,0.01393455006153066,0.014213660590285615,971455947.61051,0.05382957868360611,0.034454436775957095,-0.01787123248116002,-0.024064184594120297,1.3081975629412308,0.006192952112960278,0.000750090958957813,0.0006184045336761523
2025-10-27,-0.05763190750532754,-0.05737900894014547,1255485278.15105,-0.03193589996250146,0.020459875596776905,-0.02059003186914965,-0.023541997051574025,-1.4558538824397274,0.002951965182424375,0.0018405268327382773,-0.0025188282976486907
2025-10-28,-0.04155000418249133,-0.04104654792401352,1392883079.3698,-0.0310362721017355,0.022461217298114493,-0.019834962101577303,-0.02383782619429603,-0.8858033492365507,0.004002864092718727,0.0012895572356360489,-0.0017646427280399789
2025-10-29,-0.045135656916891254,-0.04491723703708039,1415406127.85257,-0.003063743795945005,0.029815077638556623,-0.021643047961003452,-0.023989354453494163,-0.9423391289793815,0.002346306492490711,0.00013828408885502782,-0.0019074657563057532
2025-10-30,-0.03728797579105092,-0.03677714910501784,1530016402.09661,-0.058870235401541446,0.06034157794922962,-0.021221350922114777,-0.024702877216674995,-0.6539867248994184,0.0034815262945602186,0.0021951519124661463,-0.0016521874917762335
2025-10-31,0.010045345138190331,0.010331591744714652,798099763.5343499,0.010248201882582833,0.01594832095125081,-0.017478087920290125,-0.0240165358589967,1.2004750382446217,0.006538447938706574,0.00010294672495639647,0.0003605333555697184
