date,flow_imbalance_1d,quote_flow_imbalance_1d,quote_volume_1d,ret_1d,rv_1d,flow_imbalance_21d,flow_imbalance_63d,flow_z_21d,flow_acceleration,flow_return_product,flow_abs_vol_interaction
2020-07-10,-0.025601094139259706,-0.02541127142368038,188835488.4167,0.0030705418315653673,0.017200273055887404,-0.025601094139259706,-0.025601094139259706,0.0,0.0,-7.860923048843989e-05,-0.00044034580972474567
2020-07-11,-0.03783355991639037,-0.0375850530294094,114661329.881,-0.0057514537138790844,0.012799892904711965,-0.03171732702782504,-0.03171732702782504,-0.7071067811047977,0.0,0.00021759796869039026,-0.0005675065381859955
2020-07-12,0.01008363752515784,0.01099682713104233,215562992.67344,0.008395243782687039,0.020445107625172636,-0.017783672176830745,-0.017783672176830745,1.119314837577589,0.0,8.465459523995107e-05,0.00016955728456544806
2020-07-13,-0.049091193172289604,-0.048699705467281196,266174695.26564,-0.009305484229908229,0.02205527151859934,-0.02561055242569546,-0.02561055242569546,-0.9151811514242275,0.0,0.00045681732389211944,-0.0008897845662037473
2020-07-14,-0.01510201107939968,-0.014479504310504043,173634906.59871,0.007636332461813535,0.011320625301188674,-0.023508844156436302,-0.023508844156436302,0.37016541082980725,0.0,-0.00011532397744428745,-0.00025317364883060316
2020-07-15,-0.08430488542979786,-0.08374162202561486,126575225.98055,-0.0033056498080706034,0.007480821003416465,-0.03364151770199656,-0.03364151770199656,-1.5796410312543983,0.0,0.0002786824283404255,-0.0012828673208743586
2020-07-16,-0.04736556747702603,-0.04730776233988121,244658931.71368,-0.020243777749894172,0.026906387251264707,-0.035602096241286484,-0.035602096241286484,-0.3956209089864409,0.0,0.0009588580210025305,-0.0007998581336830711
2020-07-17,0.05135980466860435,0.05158590442365085,129976699.22534,-0.0024891648404382722,0.0024451055215181736,-0.024731858627550132,-0.024731858627550132,1.843804924503941,0.0,-0.00012784301999286738,0.0007745924225202132
2020-07-18,0.08981777610687325,0.08998330687051714,109492088.0996,0.011006937063865423,0.007254955452996246,-0.012004121434836423,-0.012004121434836423,1.8752703491025602,0.0,0.0009886186088247093,0.0012764946214771102
2020-07-19,0.051857235910043764,0.052169467250089196,135124155.60153002,0.017119662502999122,0.018037493928987257,-0.005617985700348405,-0.005617985700348405,1.0444111480610543,0.0,0.0008877783771183558,0.0007568352706926587
2020-07-20,-0.0831309884754926,-0.08288240275244008,164752457.58157,-0.01158371032645469,0.012178503593362536,-0.012664622316270606,-0.012664622316270606,-1.2319374219623993,0.0,0.0009629652896519495,-0.0011950037057273711
2020-07-21,0.07458247226422698,0.07403468644369049,288862206.41801,0.034974974451573444,0.02179750437204369,-0.005394031101229139,-0.005394031101229139,1.3313340718418578,0.0,0.0026085200619765238,0.0011182519344853025
2020-07-22,0.061935590808886554,0.06201457911264363,418091059.37613,0.0775924130737698,0.07527543961954387,-0.0002148294158356242,-0.0002148294158356242,1.0277798449946953,0.0,0.004805731946011105,0.001215830813409608
2020-07-23,0.012464702922590165,0.012481880585667682,736552038.7790301,0.041985454742470806,0.029555835403022604,0.0006908514654805036,0.0006908514654805036,0.20231035895605326,0.0,0.0005233362204347529,0.00025352601789779426
2020-07-24,0.007668517507303019,0.008264482990074429,736083875.03441,0.02236306829087908,0.030064839330065908,0.0011560292016020047,0.0011560292016020047,0.11606863283920366,0.0,0.00017149158070561924,0.0001609458515429694
2020-07-25,0.03624520257784036,0.03609131467598581,915502216.03662,0.07646646381301463,0.04793410468451472,0.003349102537616902,0.003349102537616902,0.5990735957308234,0.0,0.0027715424713138145,0.0008217515965796675
2020-07-26,-0.03945378776852759,-0.03894508839924882,1149779086.62864,0.026486874088103095,0.034552805341968446,0.0008312854607848729,0.0008312854607848729,-0.7436518889154773,0.0,-0.0010450075089237323,-0.000922069753195692
2020-07-27,-0.036130414237492525,-0.036036158741633795,1620266858.22627,-0.009725150358377274,0.056357669566232074,-0.0012221423002305382,-0.0012221423002305382,-0.6552872699078964,0.0,0.0003513737109700698,-0.0009106121635425633
2020-07-28,-0.06444837507391288,-0.06421623984292946,906295104.75718,-0.00850694942360141,0.023791824879309018,-0.0045498387620032926,-0.0045498387620032926,-1.1140924881627503,0.0,0.0005482590671870706,-0.0016195349548207758
2020-07-29,-0.0458859963520295,-0.04570130945858464,606896653.93406,0.0034322634654987434,0.0202877200915022,-0.006616646641504603,-0.006616646641504603,-0.7389726135375397,0.0,-0.00015749282885707948,-0.0011419697938082304
2020-07-30,-0.006494065492996581,-0.00605904157011572,763116559.16756,0.05738650602527127,0.04509920902868504,-0.006610809443956602,-0.006610809443956602,0.002253964961793234,0.0,-0.0003726717285423545,-0.00016786893026444645
2020-07-31,-0.01926408907211008,-0.018970216203545887,912102990.6984301,0.049711435936100286,0.03182493159593456,-0.0063090472979018585,-0.007185958517963578,-0.25059502083271656,0.0008769112200617199,-0.0009576455297755298,-0.0005113845525533173
2020-08-01,-0.009236441931204875,-0.009346264759516942,1483605104.03266,0.0938238353181393,0.0723524154279143,-0.004947279774797787,-0.0072751099707132,-0.08377359000774273,0.0023278301959154127,-0.0008665984066789227,-0.0002713836284401086
2020-08-02,-0.059403374451066804,-0.05803211780846085,2395197027.14924,-0.09107089230070642,0.0948499310604586,-0.008256185106998961,-0.009447120990727934,-0.975895087916016,0.0011909358837289725,0.00540991831693164,-0.001955851560779885
2020-08-03,-0.049422627741762315,-0.049193167728133425,1173622514.82561,0.015947303211383244,0.0299270565622055,-0.00827196770554528,-0.01104614126076931,-0.7849658917725808,0.0027741735552240295,-0.0007881576301012048,-0.0016457621578154027
2020-08-04,-0.06516385667160296,-0.06471354474374214,1057960148.0603601,-0.003965467300636503,0.029525565632754255,-0.010655865114697818,-0.01312759185349368,-1.011881300251873,0.0024717267387958618,0.0002584051428146054,-0.0022264321399538835
2020-08-05,-0.03777640622049705,-0.03738057104294934,942126678.78739,0.027972083195340783,0.02270528715269411,-0.008440223247588256,-0.014040510904123435,-0.568572218743987,0.005600287656535179,-0.0010566847776207326,-0.001318081028070436
2020-08-06,-0.08224049994841187,-0.08202167118651382,652554125.7375699,-0.0015933034060706924,0.014784440886919773,-0.010100934317654247,-0.016476224798562308,-1.3499155060233246,0.00637529048090806,0.00013103406868476123,-0.002822034347924417
2020-08-07,-0.08114661514907084,-0.0811352010936266,992515267.80878,-0.04198981852534246,0.0391180805561013,-0.016410763832781637,-0.01870623825892467,-1.2067971568546654,0.002295474426143033,0.0034073316440552904,-0.0029262072773620636
2020-08-08,-0.007343240457668654,-0.007153114727586618,520508410.78516,0.04929849501819284,0.03696444299597184,-0.021037478907283632,-0.01832747166554947,0.28585874749539153,-0.002710007241734161,-0.00036201070311977026,-0.0002751914684981314
2020-08-09,-0.06689163976007262,-0.06663267999828326,571218683.77785,-0.012190462338458712,0.018115600919524476,-0.02669218727252727,-0.019894057733114732,-0.8770524514303231,-0.006798129539412539,0.0008154400152529126,-0.002507045172610286
2020-08-10,-0.05388215625524384,-0.053551054533005904,611218329.12583,-0.005416926612921974,0.01937891308857879,-0.02529938573822971,-0.020956185811931267,-0.6429213541811334,-0.004343199926298443,0.0002918756861806506,-0.0020379350658804403
2020-08-11,-0.08554787139396658,-0.08522447810806255,845731729.1519,-0.03982386935100317,0.026465103292974794,-0.03292464019814369,-0.022913509617447488,-1.31636039651528,-0.0100111305806962,0.0034068472536497463,-0.003254612619739987
2020-08-12,-0.04160570344776138,-0.04089427344641916,599199526.83731,0.025221193910455554,0.012906963540400242,-0.03785517801988883,-0.023463280024221427,-0.11174833667251656,-0.014391897995667403,-0.0010493455144368988,-0.0014592957606802933
2020-08-13,-0.018463380883494418,-0.01784214988620203,1440744340.8262799,0.07385119699512659,0.07790042545392005,-0.03932794391541666,-0.0233204257630578,0.6544685827676882,-0.016007518152358863,-0.0013635427788230006,-0.0006900972862922113
2020-08-14,-0.08574023729575231,-0.08515483791447953,1207407794.98586,0.03912956791327827,0.02654890822944515,-0.0437759798584193,-0.025054309416743758,-1.331801418286783,-0.018721670441675543,-0.0033549784381647343,-0.0031903182883729537
2020-08-15,-0.09326213174667486,-0.09309817379889718,753504069.8546,-0.016387234298355282,0.011867576348378574,-0.04994299577863431,-0.026897764074309462,-1.576353969528759,-0.023045231704324844,0.0015283084040968392,-0.003310027922574787
2020-08-16,-0.10294089655104799,-0.10263764440190937,742240079.00529,0.015761883432575775,0.03688230297933609,-0.05296619143494481,-0.028898899139486792,-1.6841458264126672,-0.02406729229545802,-0.00162254241188246,-0.003664962432616322
2020-08-17,-0.06092410920639113,-0.06037175870192868,968933324.12397,0.011870890475634978,0.03879668255341547,-0.05414684357632093,-0.029720058371971517,-0.23002817567965517,-0.024426785204349412,-0.0007232234277146938,-0.0021181089977463014
2020-08-18,-0.08465997660626856,-0.084355240689166,698827138.90995,-0.01978591434391988,0.02004409355161484,-0.05510930079214739,-0.031093556327828942,-0.9804964064422778,-0.024015744464318447,0.0016750750454898905,-0.002928209800827828
2020-08-19,-0.07781202218793726,-0.07781563069648734,978436819.67326,-0.02063680908318436,0.04533362325313204,-0.05662958773671443,-0.03223303110490476,-0.6955653897478573,-0.024396556631809667,0.0016057918462689667,-0.002784156965726856
2020-08-20,-0.04241211360725916,-0.04196429536114321,508701446.71645,0.02170936601716457,0.021549387424030484,-0.05833997098025073,-0.032475390212103675,0.5600714481387865,-0.025864580768147058,-0.000920740097861555,-0.0014699669641493479
2020-08-21,-0.11314189521171103,-0.11286404664695648,753415032.24112,-0.06966060300130882,0.035549058821461234,-0.06281034270118412,-0.034351355444652676,-1.7146892820193689,-0.02845898725653144,0.007881532645158685,-0.003941464182960777
2020-08-22,-0.05690997862280889,-0.056526292529944344,436143011.08409,0.025094777202524534,0.021353262082009973,-0.06508051111507002,-0.034864051425974416,0.3056825987457808,-0.0302164596890956,-0.001428143234139823,-0.001844335081513545
2020-08-23,-0.08576768290695469,-0.0853525000784292,348769199.20701003,0.0020737600078918066,0.02969027933908273,-0.0663359543748742,-0.035995243236662866,-0.7179423576673046,-0.030340711138211338,-0.00017786159078198832,-0.002513430339196226
2020-08-24,-0.01213758846020696,-0.011805861466424039,532034653.91777,0.03608986412186604,0.028414348005450573,-0.06456047631384776,-0.03547659856760947,1.7857160206065996,-0.029083877746238287,-0.0004380439182959984,-0.00035481890148081
2020-08-25,-0.07412459133379246,-0.07421533594071728,926182571.14738,-0.0474082810438922,0.034547995957026324,-0.06498717796442822,-0.0362988962860389,-0.3104687365275518,-0.028688281678389327,0.0035141194582160888,-0.0021846168153624203
2020-08-26,-0.03053916380172328,-0.029985013759464607,535388937.61697,-0.0010615574820443943,0.024583225871869334,-0.06464254737305804,-0.036178901859282325,1.144194630957299,-0.028463645513775712,3.241907782909868e-05,-0.0009027881663442698
2020-08-27,-0.05187878060861806,-0.05143444535561281,723029860.38872,-0.0017971328854575154,0.02455902762312038,-0.06319675121402024,-0.03649930754804428,0.3817806410748187,-0.026697443665975963,9.323306268918317e-05,-0.0015577698319579553
2020-08-28,-0.002799034552688928,-0.0025044761190717857,454164125.32279,0.018930911384933136,0.017642668560572183,-0.05946591404276396,-0.03582530208813717,1.7652392203728606,-0.023640611954626793,-5.2988275080320056e-05,-8.118451636369037e-05
2020-08-29,-0.033624656540484854,-0.03351111315404165,395131559.72597,0.01059118231926234,0.030663562533481712,-0.06071741004670759,-0.035782152175438106,0.8901243864146701,-0.024935257871269483,-0.000356124867842852,-0.0009651765670023573
2020-08-30,-0.0049987909286483,-0.004649059603794248,599192209.9937301,0.058023779586384924,0.03327785848963746,-0.057770131530925466,-0.03519016445915368,1.612803578945802,-0.022579967071771782,-0.0002900487430423094,-0.0001470966277611777
2020-08-31,-0.05140457603236226,-0.05094889417101012,708381941.47511,0.020483457123555593,0.029996225672302486,-0.057652151520312056,-0.03549609675298781,0.19082723154440334,-0.022156054767324247,-0.0010529434291134457,-0.0015386431885245253
2020-09-01,-0.02581127796269067,-0.026361890808602073,1522749662.81293,0.06913405354144508,0.05540772711188766,-0.05480755183310845,-0.0353167482568712,0.8843132077354335,-0.019490803576237253,-0.0017844382726457785,-0.0008081575085568166
2020-09-02,-0.06535888668204137,-0.06552447358860158,1848669079.41557,-0.06758957540776676,0.06162910776940394,-0.055938655796645594,-0.03586296895551066,-0.2878952226016672,-0.020075686841134935,0.0044175793999635185,-0.0021980422273529736
2020-09-03,-0.0815450697416209,-0.08122485281135783,2061198580.6208699,-0.1486702679181047,0.07819871017262303,-0.05894254574227066,-0.03667872075526262,-0.7064128703752848,-0.02226382498700804,0.012123327365887311,-0.0027435474959458285
2020-09-04,-0.05813519426649272,-0.05777733133135299,1466761495.79589,0.003927745038309951,0.04373175848267382,-0.05762801988373449,-0.037055150115108765,-0.016151158486345882,-0.020572869768625726,-0.0002283402208314019,-0.0020035006943022985
2020-09-05,-0.06537322790433076,-0.06626446289170629,2014890370.2058198,-0.1451295444766732,0.12582861520078248,-0.056299976843622875,-0.037543392835612595,-0.29853216135795674,-0.01875658400801028,0.009487586786725264,-0.0026077054412791826
2020-09-06,-0.045484264270231,-0.04484606707026195,1260136199.59651,0.07315531188161356,0.06765404162311627,-0.05356394673501253,-0.03767798387687731,0.283376074178339,-0.01588596285813522,-0.003327415538394481,-0.001880993648578292
2020-09-07,0.03171692801461168,0.032128778034036465,1119788439.21161,0.0151643301518462,0.04616208842534135,-0.04915246877210764,-0.03652140201201916,2.3811439433449753,-0.012631066760088482,0.0004809659678159113,0.0013227721023136843
2020-09-08,0.017943462884883576,0.018221070065596034,1022162050.92677,-0.03346665732838395,0.04962146683002932,-0.044266590701100395,-0.035628535374365014,1.7317796760738449,-0.00863805532673538,-0.0006005077236529744,0.0007736144923552325
2020-09-09,0.034783610064349935,0.035043054736131785,600153424.58103,0.04903687932947588,0.036781310115001235,-0.03890489392718196,-0.03449285560922446,1.8922931554574038,-0.004412038317957501,0.0017056796893690706,0.0014854948995466765
2020-09-10,0.03711157229547424,0.037173753229163164,1048583230.04711,-0.00715430817727975,0.03404956465664679,-0.03511805174133751,-0.033356277388514946,1.7073681994597194,-0.0017617743528225635,-0.00026550762514521994,0.0016070051327255809
2020-09-11,0.05506062739079809,0.05545726704806442,671565874.73255,0.04535651575245774,0.028776809219122956,-0.027108407807884694,-0.03207593260232356,1.9236711858495081,0.004967524794438866,0.00249735821359094,0.002366478638042137
2020-09-12,0.08545918957779164,0.08633506654883094,551721286.6260899,0.04892689478582288,0.03322248050964378,-0.020328923607856098,-0.03011890483257464,2.1751026254739867,0.009789981224718542,0.004181252776954303,0.0037212954730465146
2020-09-13,-0.006025499629741304,-0.006222791618551438,859558056.31093,-0.059184477553126606,0.05158775396122827,-0.01653167678513165,-0.03037460542233494,0.22677037667610422,0.013842928637203291,0.0003566160475827969,-0.00026866163385248873
2020-09-14,0.057728825208972046,0.058096743895794445,832952559.07798,0.03181627377137135,0.04496191231958506,-0.013204704705646936,-0.028679049575013327,1.4450452649751189,0.01547434486936639,0.0018367161073482984,0.0026194699404108444
2020-09-15,-0.0006098597185947296,-0.0003386557465310247,747292134.0694,-0.032775645690351164,0.028986263727801304,-0.00970400320016133,-0.028449015426429122,0.1930526227917269,0.018745012226267795,1.9988546057478124e-05,-2.7511125591799274e-05
2020-09-16,0.05009814329862383,0.05071885882558802,696557257.65751,0.01524091457772381,0.026763003440304117,-0.005864131433478134,-0.026315634018041476,1.151793446516342,0.020451502584563342,0.0007635415225168923,0.0022651564322033572
2020-09-17,0.0653696947215272,0.06568705214890969,1069882746.36399,0.031606164358938954,0.02696791436328932,-0.000280870703471217,-0.02452618541171523,1.3194080173200011,0.024245314708244012,0.002066085315462253,0.002963148629575269
2020-09-18,0.013315688264489811,0.013704677555885114,576509035.40646,-0.007127798667548885,0.019302662194353778,0.0004864970497277706,-0.025130060275272606,0.25740233173181354,0.025616557325000375,-9.491154506912681e-05,0.0006046405714847897
2020-09-19,0.04680613910733822,0.04718698583702885,353726036.38442,0.005835781464101711,0.028206383794671424,0.004316534937719345,-0.025812784672090625,0.8467794910279431,0.030129319609809968,0.0002731503990087706,0.0021199027708074217
2020-09-20,-0.03485421312368342,-0.03503563508787666,503892954.65173,-0.027316617984368016,0.02399520932318683,0.0028948481665271968,-0.027189156878975183,-0.7420233968028329,0.03008400504550238,0.0009520992250454062,-0.0015631799386260626
2020-09-21,-0.004700302478910401,-0.004673939767310897,1155637097.23577,-0.09662142074374518,0.06502363632567583,0.005118861192882048,-0.02594422535521991,-0.19885056981150193,0.031063086548101956,0.00045414990343767026,-0.00021864428814439516
2020-09-22,0.06522933727446567,0.06558615879855823,719805988.46761,0.002677533613613385,0.025115721524306706,0.009454128585127588,-0.02609268781537485,1.1042016729850934,0.03554681640050244,0.00017465374314610635,0.0029401857081001828
2020-09-23,0.016756683050844767,0.016626305967214927,846856958.49964,-0.061328847197651686,0.043134403160058336,0.013364393810503118,-0.02680981333534377,0.07138571456243255,0.04017420714584689,-0.0010276680543647386,0.000740543022969498
2020-09-24,0.06740529236537673,0.06769271681485489,901752280.98076,0.07169580308400672,0.03811276954854445,0.020457268196550624,-0.025937740487045568,1.0767753619978058,0.046395008683596195,0.004832676568247952,0.0028502352551702395
2020-09-25,0.05052489450623976,0.05059349950065095,743662627.2449499,0.020441685605275203,0.023311010288797833,0.025631558138109314,-0.025257480534681492,0.6205398315635856,0.05088903867279081,0.0010328140087362495,0.0020873157686032207
2020-09-26,0.049844307334523386,0.05010530421403647,455072316.68204,0.008998201475808659,0.005584194231486268,0.031118107435197606,-0.02504162172901986,0.5421909756336216,0.056159729164217465,0.00044850911981816866,0.0017737941734759538
2020-09-27,0.03336686323469196,0.03360607318911546,555292723.13595,-0.00521859222213014,0.029640630195883696,0.034872923030670126,-0.023885738379762402,-0.0506277180984116,0.058758661410432525,-0.00017412805295344356,0.001127016949454782
2020-09-28,0.033241220591892606,0.033803846651019764,666373302.11207,-0.011436403220025586,0.032889359476233615,0.03494550839149303,-0.022784601318978515,-0.057303346897875744,0.057730109710471544,-0.0003801600022147014,0.0011017635713343032
2020-09-29,0.036885775586082525,0.03733552232305759,510876559.74376,0.018943946860097212,0.015102978878959583,0.03584752328202631,-0.021176122737073824,0.03521143289987348,0.057023646019100135,0.0006987621725962185,0.0011619299839196798
2020-09-30,0.04380371428774854,0.04419276322149224,415896154.63899,0.01174477301748151,0.019582131376432634,0.0362770520545691,-0.019752476536442427,0.2548334697791867,0.056029528591011526,0.0005144646816322183,0.0013439746995323205
2020-10-01,-0.0007963171667462188,-7.040199015950765e-05,746571670.36107,-0.02753006427133746,0.03316811989676991,0.034471914461130036,-0.019662036086819403,-1.1517832713486007,0.054133950547949436,2.192266278089275e-05,-2.4398981576652058e-05
2020-10-02,0.014105656523641041,0.014058532375098354,683375506.97021,-0.02179259531887376,0.039689480394824596,0.03252167775317018,-0.019132357585299548,-0.6028589810868775,0.051654035338469725,-0.00030739886432674084,0.00043952420961810873
2020-10-03,0.07108301202639677,0.07141464767003791,285996343.36135,-0.005998403035745027,0.015821647712657667,0.03183709786977042,-0.017857445617718567,1.3329330823750931,0.04969454348748899,-0.0004263845551290387,0.00215600592820083
2020-10-04,0.06704386281290109,0.06757945985260783,346534414.39154,0.018886600337031764,0.019481691750545232,0.035316591319420054,-0.0158503466135286,1.0917800830424758,0.05116693793294866,0.001266230641998049,0.001930994539808869
2020-10-05,0.02458817062030727,0.025081990818211164,344652651.01339,0.004423405857166111,0.010191399824461963,0.03373846491043602,-0.014675572036352894,-0.31905309518726743,0.04841403694678892,0.00010876345793886686,0.0006674758790211983
2020-10-06,-0.001387148133146776,-0.0007748523876625057,583797555.3314,-0.036603509917186444,0.038379177736506016,0.033701451176409734,-0.013663243329393272,-1.221469567312644,0.04736469450580301,5.077449044824468e-05,-3.827627369228102e-05
2020-10-07,0.04179620419228214,0.04224368110990029,416785150.9672,0.014159110916789555,0.01488983467559859,0.03330612074277441,-0.01240018602125392,0.29741583559408014,0.04570630676402833,0.0005917970910593074,0.0011296724973850081
2020-10-08,0.0752766240831737,0.07595196968514784,536210648.99195004,0.034778049983712006,0.036075077921574814,0.0337778792838052,-0.00989991421122875,1.42228897417891,0.04367779349503395,0.002617974194969714,0.0020672305923889202
2020-10-09,0.0845266071520665,0.08454936043862338,475540403.45352,0.041730983754909926,0.030467012383711894,0.03716887542130885,-0.007270180523909111,1.5388499957752,0.044439055945217965,0.0035273784699205403,0.0023661890181307338
2020-10-10,0.0035656386187419287,0.003360561755980207,548124498.85565,-0.01581790577973605,0.012459373707148756,0.03510980396947093,-0.007097023713172435,-1.0002943647846585,0.04220682768264336,-5.640093571584802e-05,9.714070668384723e-05
2020-10-11,-0.006506626412020156,-0.006130329794463485,384600265.70501,0.009500366662457956,0.00988984718481002,0.036459689050978704,-0.006138531437806523,-1.4874596959654707,0.04259822048878523,-6.18153366498247e-05,-0.0001728933018625536
2020-10-12,-0.01566553944788185,-0.015414302230262855,792546271.84131,0.03301653552853671,0.056386425783694266,0.03593753490959911,-0.005531918472610301,-1.7343811075247082,0.04146945338220941,-0.0005172218397546844,-0.0004098196782762511
2020-10-13,-0.05574977027010042,-0.05539714521243955,642910145.53332,-0.005599323873413889,0.01690504696541695,0.030176625026524538,-0.0050589327404854416,-2.4522166615114527,0.03523555776700998,0.00031216101961071315,-0.0014366493147139998
2020-10-14,-0.048766748749631494,-0.04830598268454034,582747917.14607,-0.006972336342739855,0.015991844053915134,0.02705646160745424,-0.005172600126229411,-1.9446975533709363,0.03222906173368365,0.00034001817462431906,-0.0011936684789692756
2020-10-15,-0.057148562221012056,-0.056563324663850834,608124653.8141199,0.002359585913898054,0.023400446903748533,0.02112532567476906,-0.005786650623650326,-1.8677003478921372,0.026911976298419387,-0.00013484694241622654,-0.0013587934192159886
2020-10-16,-0.05281085542344888,-0.052571162835391316,687027290.77005,-0.03395354671153531,0.027150775987250287,0.01620457567811722,-0.005263962022502653,-1.5584741448439283,0.021468537700619874,0.0017931158464962094,-0.00126531413867049
2020-10-17,0.03229433937815673,0.032593236784372204,260959521.02027,-0.0002715104140923999,0.0044596557785364825,0.015368862918290236,-0.0032710021633783415,0.38660180352800655,0.018639865081668577,-8.76824945740383e-06,0.0007720222621880856
2020-10-18,0.07761723490352601,0.07787263026591806,301425260.48222,0.026247523023432546,0.018530869761329484,0.017476023473949002,-0.000405000076797802,1.3156556876916985,0.017881023550746805,0.002037260160145471,0.0018144403524350068
2020-10-19,0.03221727261842311,0.03236229266404189,494223813.25818,0.016848657935469157,0.02411232995635461,0.01742726404664093,0.0010734345553421066,0.3236690159645671,0.01635382949129882,0.0005428178059615677,0.0007396704841342356
2020-10-20,-0.0680372777277185,-0.06780514681279393,619370716.71565,-0.031131542028990492,0.026564331384601538,0.012430928174555166,0.0013372869184936948,-1.6397903705261199,0.011093641256061472,0.002118105371118567,-0.0015991887425823967
2020-10-21,-0.006477605334595515,-0.006904206931739321,1295884282.3857799,0.03283842232600645,0.03359306625577249,0.010036579621110212,0.0024695792494991192,-0.3391689296853809,0.007567000371611093,-0.00021271433963863985,-0.00015657527452336273
2020-10-22,-0.018690855978025223,-0.01863077131090418,1234905764.54365,0.053252432815564306,0.0511336236272513,0.00918445872533502,0.0028461071483758486,-0.5683677213919881,0.006338351576959172,-0.0009953335522351766,-0.0004677813569822042
2020-10-23,-0.048758470239923524,-0.04826225574411913,867793859.96589,-0.011052520357625637,0.016446890443363494,0.006190928879450994,0.003868066274912158,-1.085479102001722,0.002322862604538836,0.0005389039849334385,-0.0011663266850675108
2020-10-24,-0.058678922982263626,-0.0584675560379182,548566702.97112,0.0007035505330294827,0.011405007850399777,1.1789117133831878e-05,0.0038399877930160513,-1.168595835048688,-0.0038281986758822192,-4.1283587541767535e-05,-0.0013912876862250316
2020-10-25,-0.09190586906413123,-0.09154601737717127,551028600.15098,-0.02239953416626165,0.017105322518494368,-0.007557245734153421,0.0037425562667116616,-1.6354494804369313,-0.011299802000865083,0.002058648654181977,-0.0021687043709162643
2020-10-26,-0.08414395650832662,-0.08393165411829384,1107994114.66407,-0.04128362635108869,0.0306012671472798,-0.012734966073612177,0.0025995980437256354,-1.332141096099811,-0.015334564117337813,0.0034737676601920135,-0.0020673257674131075
2020-10-27,-0.02110836979760211,-0.021145982918195583,963095983.7254,0.02638569519485074,0.023815782670604704,-0.01367407186715767,0.0034411253696969104,-0.1387807124760678,-0.01711519723685458,-0.0005569590115397225,-0.0005039712074608068
2020-10-28,-0.06658206102596509,-0.06661700745507226,1067492300.89028,-0.044811244584646144,0.03634807191563181,-0.018834941639455156,0.0028690158899470405,-0.8978971358516212,-0.0217039575294022,0.0029836250215843573,-0.0016577096488122672
2020-10-29,-0.0023120267057838984,-0.0020048131277576875,747193992.32758,-0.01278809507997827,0.026867134565103017,-0.022529639296072185,0.0036557897614205984,0.4140538434591228,-0.026185429057492784,2.9566417341013437e-05,-5.654932467934716e-05
2020-10-30,0.011336250128215708,0.011653171351349245,869836730.23964,-0.006516379112454127,0.018555066836214013,-0.026014894392446034,0.003880159359530196,0.8670483612614508,-0.02989505375197623,-7.387130354906026e-05,0.0002708403877169468
2020-10-31,0.0031241253977178918,0.003464194003886867,647983532.2333,0.008945115161419864,0.02075646045529263,-0.026035918831542416,0.004463473358549287,0.6771414104827497,-0.030499392190091703,2.7945661461303175e-05,7.587448326786076e-05
2020-11-01,0.05135488424221557,0.05211459851797651,551627820.47901,0.027282779358653586,0.022501641156125702,-0.023280608800388333,0.00535797613903919,1.618352995201714,-0.028638584939427524,0.0014011039757695634,0.0012780789376779715
2020-11-02,-0.034253787205671626,-0.03405510481159346,903392158.93109,-0.04181117001677204,0.04018430077337418,-0.02416576345552118,0.005630210882319994,-0.21862479485139136,-0.029795974337841175,0.0014321909205746671,-0.0008260528115714319
2020-11-03,-0.004491033561803137,-0.0037591191623899123,772381755.52383,0.03660529118028962,0.018529006962457323,-0.02172487123131655,0.005968627460111859,0.37675497329806024,-0.027693498691428408,-0.00016439559123025707,-0.00010865155293391606
2020-11-04,0.02693650761075239,0.026926178537906242,1226524381.3097,0.04264162780428964,0.054887962752225176,-0.018119954261774457,0.007433633718727633,0.9693273435192878,-0.025553587980502092,0.0011486165318851187,0.0007015664916254561
2020-11-05,-0.021848123021031562,-0.021190781662889013,1891955855.84379,0.029041124493960575,0.028234836724502922,-0.016438980966537294,0.008381204301594131,-0.11854172872335514,-0.024820185268131425,-0.0006344940606131436,-0.0005740681773720004
2020-11-06,0.009344462471505777,0.00972128997156707,2238630663.95929,0.0647868830459749,0.04856000960463973,-0.013479203923920404,0.009452309964102044,0.5053175171828082,-0.022931513888022448,0.0006053985972689463,0.00025505605263728194
2020-11-07,-0.07187517158577961,-0.07098345907452475,2267393644.26046,-0.05400438716196762,0.05359303533393619,-0.01843965682696499,0.00934910450884095,-1.1716615022426424,-0.02778876133580594,0.003881574593651296,-0.0021299899702854727
2020-11-08,-0.029223916972741626,-0.028998466093296038,1096811295.30789,0.036867025656970254,0.030754433324684922,-0.023527330725834877,0.00960720525959475,-0.14253705212668064,-0.033134535985429626,-0.001077398896831234,-0.0008830487765240345
2020-11-09,-0.055693327813416404,-0.05531280028176755,1529951231.33957,-0.016237309187017025,0.061099899123204224,-0.027713549794017713,0.008219740881372083,-0.7284789592809253,-0.03593329067538979,0.000904309783360337,-0.0017809589863432974
2020-11-10,-0.018185695211948127,-0.017790366283164438,1101900928.72573,0.0021991456633309505,0.01620930985144653,-0.02533966491231436,0.007646262181422373,0.19170974750443445,-0.03298592709373673,-3.9992992760014155e-05,-0.0005725741282763186
2020-11-11,-0.03201559235497464,-0.03189477856356315,1745401777.20616,-0.00036682598833969555,0.019843425315145442,-0.026555759532332416,0.006585957381115633,-0.1472182221433022,-0.03314171691344805,1.1744151307894373e-05,-0.0009870445068397105
2020-11-12,-0.05222141761027954,-0.0518366791345094,1466293500.10829,0.010253826371589066,0.02493143800453629,-0.028152452943392144,0.005167973414357637,-0.6426765678370013,-0.03332042635774978,-0.00053546934905405,-0.0015448346239184145
2020-11-13,-0.026824846254917656,-0.026447710418534,1409561751.13007,0.026566220725263927,0.019747982722914326,-0.027107994658391865,0.003868203991409768,0.007621271706588408,-0.030976198649801633,-0.0007126347865294119,-0.00079775993659807
2020-11-14,-0.11986086615905556,-0.1199157005607876,1018168657.35182,-0.02241500891503766,0.02045891043556804,-0.030021420523953384,0.0006091554876502884,-2.146527689213857,-0.030630576011603673,0.002686682383519366,-0.0036162896489096283
2020-11-15,-0.09923666134607922,-0.0991422908730395,923590510.34729,-0.022395499533942886,0.029489028062692102,-0.030370505870712813,-0.0008703867618153929,-1.6233572762821729,-0.02950011910889742,0.002222454602926165,-0.003052562250665253
2020-11-16,-0.015059762563662704,-0.014990244586523316,1122837075.35513,0.02458789069067513,0.021775731195842186,-0.02708078234953834,-0.0020257611709048333,0.29545314471187906,-0.025055021178633508,-0.00037028779574286,-0.0004569156830403794
2020-11-17,-0.02457743448321259,-0.024360382251574664,1700391157.3162,0.04246500102930873,0.026850167912098426,-0.027245975905995985,-0.002406198865581307,0.06561723814404047,-0.02483977704041468,-0.0010436807806273906,-0.0007492347257328763
2020-11-18,-0.06146220424735649,-0.060955956449291304,2515967634.21523,-0.022069291195779713,0.03155318478172754,-0.027002173202252715,-0.0041769980329778205,-0.8522249278266119,-0.022825175169274896,0.001356427283069399,-0.0018596208392881728
2020-11-19,-0.060669683852744294,-0.06030761084111813,1100330779.87607,-0.014343580264924171,0.015650941456939117,-0.02978110925686988,-0.006177623089712289,-0.7597095420544415,-0.02360348616715759,0.0008702204799894117,-0.001803238132204192
2020-11-20,0.006597439304733221,0.006562251343239955,2320362796.89682,0.0494212781064418,0.032645532846552874,-0.03000676691513095,-0.006284261962089377,0.9053432645294442,-0.023722504953041575,0.00032605388266959055,0.00020051730446488605
2020-11-21,-0.019632070848487615,-0.01946204670200591,2697114724.26534,0.08619466083180091,0.058084984998877945,-0.0310903953078074,-0.007338836723292962,0.2879052270087583,-0.02375155858451444,-0.001692179688211276,-0.0006315784557195466
2020-11-22,-0.059018514875756045,-0.058348777288757314,4022935662.18822,0.018241090625371825,0.08812272326965165,-0.03634627145628224,-0.007722397068563956,-0.6402217418177222,-0.028623874387718285,-0.0010765620784235212,-0.002083091773065767
2020-11-23,-0.036735021838658954,-0.036298857218135416,4395596654.20608,0.05849778905648441,0.030492750393124365,-0.03646442548642449,-0.008230884677448853,-0.007641823470573381,-0.028233540808975638,-0.0021489175585032196,-0.0012796300161814836
2020-11-24,-0.06754470867990592,-0.06722203898821388,3439202254.39881,-0.013511946356752496,0.014549840445026453,-0.03946698144442939,-0.010338409216407133,-0.796846178894857,-0.029128572228022252,0.0009126604803653635,-0.002340057897970323
2020-11-25,-0.086252725045177,-0.08592865458661147,2605337977.2536497,-0.02742031895085754,0.0400666724950167,-0.04485694490423555,-0.011973479186185257,-1.2481011317395854,-0.03288346571805029,0.002365077231119372,-0.002927314142064106
2020-11-26,-0.04963954509376012,-0.04998287182773664,4964042842.5414,-0.022503182692104773,0.05241621222457285,-0.046180345955317864,-0.013831333749028698,-0.10560853372261374,-0.03234901220628916,0.0011170477519978571,-0.001741866325440797
2020-11-27,-0.03742591705815834,-0.036954766264662875,1891984830.74204,-0.0009823278104899276,0.043269188526538944,-0.04840750688530186,-0.015227378377035018,0.3625732079766514,-0.03318012850826685,3.676451915931832e-05,-0.0013038572736782724
2020-11-28,-0.028544754515670068,-0.028404205199030863,1497243990.5701299,0.042299163837820855,0.04076366592569605,-0.04634415369148713,-0.01647164920005396,0.5916465742769498,-0.02987250449143317,-0.001207419247968705,-0.000977013577961262
2020-11-29,-0.005909812598773989,-0.005308686024185438,1524874855.14498,0.05986044425376222,0.04775625764887185,-0.04523395824510772,-0.017095088498997865,1.2620528362170225,-0.02813886974610985,-0.000353764007619092,-0.00020706234256468099
2020-11-30,-0.026946422447476248,-0.026636251260152677,2884934969.37863,0.04785363935248498,0.030230048067396226,-0.04386505798958676,-0.01805044791232118,0.54040197425768,-0.025814610077265578,-0.001289484381641234,-0.0009045118410692943
2020-12-01,-0.0643668629836015,-0.06395671862229568,4240637440.9660797,-0.033115664372212104,0.033758301679435866,-0.04606416121680835,-0.019657632651522514,-0.5897575873710521,-0.026406528565285834,0.0021315514312571105,-0.0022143947611627437
2020-12-02,-0.029071910665100065,-0.028569365379445988,2049109615.60201,0.018291440579941448,0.027997429494124117,-0.04592398589824289,-0.020814388603155033,0.5417372792222974,-0.025109597295087858,-0.0005317671264760439,-0.0010114408336873942
2020-12-03,-0.04522287724199259,-0.045121541053646186,1695201269.41961,0.03386797603816096,0.029137095351351932,-0.04559072207118161,-0.021519572096412913,0.011837666576106638,-0.024071149974768696,-0.0015316073228084997,-0.001582405864539924
2020-12-04,-0.0814281605875784,-0.08128480816059269,1930987603.32641,-0.06019346581419987,0.05273405575117122,-0.048190879896546406,-0.02303598189182909,-1.0483804293411718,-0.025154898004717315,0.004901443200641577,-0.0029771792107120103
2020-12-05,0.006540456398340222,0.006709607356821801,1234522304.91226,0.03515174582666242,0.018838352785509306,-0.042171769298575176,-0.024060466901798246,1.6610591748426713,-0.01811130239677693,0.0002299084609048234,0.0002386276688290695
2020-12-06,-0.014309495912330439,-0.01400728824510944,1210476905.56092,0.007287312859511964,0.01678144825939958,-0.03812761856363476,-0.025351790056166997,0.8883669557900528,-0.012775828507467762,-0.0001042777735750595,-0.0005134210238754685
2020-12-07,-0.025363616503931596,-0.024972760444260333,989095671.2003,-0.005325077461485907,0.02486535745951462,-0.038618278275076134,-0.02614467556607555,0.5009348877451,-0.012473602709000584,0.00013506322258685812,-0.0009137716441904502
2020-12-08,-0.04664093853752871,-0.04637785324727417,1856322580.7652102,-0.05920274299004196,0.03891036257413716,-0.039668921325281666,-0.02686298969947844,-0.26497401803722953,-0.012805931625803225,0.0027612714970516555,-0.0017071125570934458
2020-12-09,-0.01689557377023465,-0.016349063817649223,1926583484.51165,0.037265433014247944,0.050891757698065136,-0.0375467008263711,-0.02779460522269299,0.7863001150349169,-0.00975209560367811,-0.0006296208725719639,-0.0006339565069446791
2020-12-10,-0.017149820234112156,-0.016978618374254406,1286219630.44382,-0.014244774992359474,0.024993956009410827,-0.035474326368341,-0.029261691640427686,0.7030545567021426,-0.006212634727913311,0.00024429533039434134,-0.0006511264031916294
2020-12-11,-0.023857619054517443,-0.023633449371489257,1599364273.38403,-0.00525473814058181,0.03338372580094933,-0.03692456724259103,-0.03098207618338934,0.5355233360235886,-0.00594249105920169,0.00012536554078924415,-0.0009066397237488825
2020-12-12,-0.010231016968853424,-0.009957992392392478,986473193.62934,0.024653024395566166,0.028466725208650668,-0.0364768980102275,-0.031201070716525774,1.0576126496004492,-0.005275827293701726,-0.00025222551092459486,-0.00037437041424455663
2020-12-13,-0.005975647882401458,-0.005798819430854474,1347203345.71772,0.04395342598953788,0.028618422931940887,-0.033951047201020136,-0.031192642485896902,1.1143430390264155,-0.002758404715123234,-0.0002626501969386712,-0.00020172695321700706
2020-12-14,-0.019783629868844632,-0.019548161207409764,1056642933.64741,-0.0071715350528906,0.015373412868298646,-0.0331438380596004,-0.03125800900051536,0.5284319956485529,-0.001885829059085041,0.00014187899507783273,-0.0006536156043709699
2020-12-15,-0.0036979866050931287,-0.003458885771895015,1096639680.90851,-0.0074281849861815045,0.01722287436455104,-0.030103517960799797,-0.03043179021218191,1.0659069620182078,0.000328272251382114,2.746932857905309e-05,-0.00012264554360441382
2020-12-16,0.011051404180646651,0.01107525850036506,2224121861.38123,0.08874040018013561,0.05139490746248852,-0.02546998799766534,-0.029482295721225113,1.6043486130748927,0.004012307723559774,0.0009807060295430076,0.00037248681909406335
2020-12-17,-0.0467149987410691,-0.04666881997559014,4323918360.18859,0.008040071724055435,0.040236770151235224,-0.02533072388563243,-0.029316683602495862,-0.9454865794690673,0.0039859597168634305,-0.0003755919404673549,-0.0015474323668606008
2020-12-18,-0.03600897795516389,-0.03590219315946119,1938890105.18305,0.015660326973862236,0.028529654416299875,-0.025263250595013647,-0.029049987134745308,-0.47586599819972847,0.003786736539731661,-0.0005639123687724637,-0.0011675218047597186
2020-12-19,-0.044136406488475166,-0.043968375920295344,1734368811.90602,0.004548816253527275,0.01378649290503047,-0.02600571021276627,-0.030263173577072797,-0.7900757868405033,0.0042574633643065254,-0.00020076840320706253,-0.0013743392002142341
2020-12-20,-0.0782225635096111,-0.0777138472722051,1784260076.65732,-0.013121117138396799,0.027390354556528676,-0.029449174541853754,-0.032736821170932115,-1.942715409209224,0.0032876466290783606,0.0010263674186752902,-0.0023598686034791575
2020-12-21,-0.05843885693283002,-0.05800098761572525,2244492979.21308,-0.060251210623497385,0.06551933086027424,-0.03094881427925155,-0.03417580735428535,-1.0623138345162924,0.003226993075033796,0.0035210118776563717,-0.0018612241317422608
2020-12-22,-0.0017895361266742071,-0.0008354473938529949,2018867691.25137,0.04265787520299598,0.046111681938152814,-0.027968941571778823,-0.03312425590030051,1.0292209699924348,0.00515531432852169,-7.633780876292113e-05,-5.804779424144763e-05
2020-12-23,-0.065084572322883,-0.0645105955663905,2780347849.30735,-0.06374913834795866,0.050598382801206584,-0.02968383022214944,-0.03405452521757492,-1.3260222360187357,0.0043706949954254795,0.00414908540532919,-0.002181216842029139
2020-12-24,0.0011436458568110375,0.0016095264959217204,1850869925.29699,0.062329664260477084,0.03567334757242224,-0.027475900550777838,-0.0337396918551172,1.0499127911445882,0.006263791304339364,7.128306228791761e-05,3.868362365755056e-05
2020-12-25,-0.004946466788729786,-0.004513924064748598,1624993202.28557,0.034056609104974794,0.04179824428620143,-0.02383391513178505,-0.03304426322890777,0.7653825993360774,0.009210348097122723,-0.00016845988587451028,-0.00016473749806917735
2020-12-26,-0.028464581534868194,-0.02801276201494285,1980966584.01513,0.005423049404985904,0.03458852764178739,-0.025500821700033066,-0.03256467050752054,-0.1251316635500355,0.007063848807487477,-0.0001543648319558397,-0.0009693352150549501
2020-12-27,-0.027813429786734956,-0.027430710660375945,4287976144.01719,0.06307305901445967,0.09852942186784643,-0.026143866170242808,-0.03154733020153013,-0.07089736997426081,0.005403464031287324,-0.0017542780983332642,-0.0010554318645010052
2020-12-28,-0.014433853293246646,-0.014342194493276561,3965092828.22437,0.036722843731142055,0.049463684806604034,-0.025623401255448285,-0.030440820626687584,0.47238194620050006,0.0048174193712393,-0.0005300521389261267,-0.0005646262490453184
2020-12-29,-0.03691576156350407,-0.03648267170746855,3062141882.8671103,0.04533713757379911,0.04066955195290135,-0.02516029759001854,-0.03069173160709873,-0.5034741342161098,0.00553143401708019,-0.0016736549606461493,-0.0014471703278960517
2020-12-30,-0.023279298892732836,-0.022767407384813976,2472826955.60816,0.023540615181047095,0.03137867589547296,-0.025464284500613693,-0.030004386176412504,0.09386822359080149,0.0045401016757988105,-0.0005480090169183994,-0.0008909632260085309
2020-12-31,-0.05341366410330339,-0.052976115340926944,2129347026.27606,-0.008496204876422057,0.018456047702837642,-0.027191134208670416,-0.03081552327796043,-1.0942242789751975,0.0036243890692900134,0.00045381343342205607,-0.002027659599929529
2021-01-01,-0.060315890879498624,-0.06007790024639437,1435726001.9156,-0.021835313351111975,0.019314949119481787,-0.028927242390812378,-0.031952858849511455,-1.2551052232109292,0.003025616458699077,0.0013170163774053293,-0.002249269933608586
2021-01-02,-0.020289571865242162,-0.020090590035967026,3166570113.30716,0.05790098531240405,0.05827312778509025,-0.02940622119540232,-0.03232450483781241,0.36868406951099064,0.0029182836424100876,-0.0011747862025643528,-0.0007854265864564779
2021-01-03,-0.030687205609257195,-0.030788001786761332,8696957087.56834,0.23723382611283636,0.12820815627970042,-0.030582962039538305,-0.03362676023228023,-0.004318699522757162,0.0030437981927419235,-0.007280043199395378,-0.0013334578632570356
2021-01-04,-0.0414783902301572,-0.04078387305063336,12280790632.570961,0.01751402287201511,0.10116197945226929,-0.03161604586626748,-0.03374143647076412,-0.4089432239701632,0.002125390604496645,-0.0007264534751853413,-0.001971815839620482
2021-01-05,-0.03553421962211201,-0.035343968314219265,7963297766.14071,0.09516309040366686,0.05875860719662548,-0.03313205696231599,-0.034234185455848394,-0.10327734957391556,0.0011021284935324033,-0.0033815461543227976,-0.0017595223965643253
2021-01-06,-0.04469315239937732,-0.04417660802205914,7952492225.25109,0.11855540966196274,0.0716473986805342,-0.03578655965660285,-0.03537116418616791,-0.423321697395831,-0.00041539547043493996,-0.005298614991792711,-0.0022561409540348388
2021-01-07,-0.04540318987821157,-0.044949739503159614,7101050891.0701,0.00724634925413415,0.05198913118420676,-0.03572409256789535,-0.03574505413628188,-0.46074204271074903,2.096156838653218e-05,-0.0003290073711092896,-0.002317393402891304
2021-01-08,-0.05283090010749025,-0.05268692401718944,8338888162.528351,0.0569426267702601,0.08170971960247075,-0.03652513647991089,-0.0367319646534088,-0.7641952936303984,0.00020682817349790966,-0.0030083302267577116,-0.002830294249205352
2021-01-09,-0.04393931648290328,-0.04341642086064468,5122826054.03456,0.04060358706775426,0.0505134044222332,-0.03651575124155032,-0.036288538381934576,-0.3479737024156528,-0.0002272128596157441,-0.001784093862511173,-0.0024307935535496854
2021-01-10,-0.059142947978166105,-0.058402677257056834,7633413010.30207,-0.044003040470586216,0.083080696505718,-0.03560719812100532,-0.036763443635988935,-1.187393093578178,0.0011562455149836115,0.0026024695334330183,-0.0034287252930321603
2021-01-11,-0.05124055881604328,-0.05093023465142843,11884458713.94124,-0.016469876331481226,0.1367743748993425,-0.03526442202020595,-0.03669276476301475,-0.82072679951445,0.0014283427428087997,0.0008439256668562228,-0.0031444601249413927
2021-01-12,-0.04602971010219281,-0.04563287553920903,5979396463.61216,-0.03635914736898606,0.08362463942971254,-0.037371096971421124,-0.037134733253336105,-0.48101541142206744,-0.00023636371808501838,0.0016736010129573347,-0.0029069122416188783
2021-01-13,-0.03514548066678336,-0.034452864040505404,4284303782.76047,0.0762320075826227,0.049072892552061084,-0.035945425940178286,-0.0371844140201902,0.04749003040334004,0.0012389880800119171,-0.0026792105486851485,-0.0022169879307624356
2021-01-14,-0.038688456132763616,-0.038529325626349475,4801436186.553061,0.11724870489293557,0.06382399818699246,-0.037842192701586605,-0.036969605107848684,-0.058182648071410235,-0.000872587593737921,-0.004536171375873684,-0.0024923420860166316
2021-01-15,-0.047174369745060174,-0.04690802956144424,5936014554.3996,-0.04391408703891677,0.08032923459884389,-0.03985304522331662,-0.03729261341721602,-0.5832701499160741,-0.002560431806100598,0.0020716193789906143,-0.0031255675643149182
2021-01-16,-0.038970172753272525,-0.03889271882582335,4882690374.13278,0.04114584517508925,0.06448946481961378,-0.040353311471812064,-0.036008634156806774,0.11261451519955425,-0.004344677315005291,-0.0016034606945526328,-0.00263748117023198
2021-01-17,-0.027293225891420025,-0.026691019393531135,4148284417.37915,-0.007469742040871733,0.06522891267510018,-0.04032853985774945,-0.03486667486387567,1.0589968198334794,-0.005461864993873779,0.00020387335687214905,-0.0018039115158661827
2021-01-18,-0.03384594161235932,-0.03343073696230836,3145780782.70752,0.05556170724836458,0.038625547229402236,-0.04125292501580243,-0.03516486818210895,0.6784511738169563,-0.006088056833693484,-0.0018805382994111493,-0.0022195370876111
2021-01-19,-0.041010108994995464,-0.04097828046287022,8661460016.5314,0.031133924553531752,0.06885450790201438,-0.04144789394111155,-0.03542570428547058,0.040264866435214174,-0.006022189655640969,-0.0012768056393823027,-0.0027443876399010823
2021-01-20,-0.04608407014445659,-0.04546235823843425,7735368865.48017,0.024536560557848707,0.10126569442960948,-0.04253383542928887,-0.035181606918757886,-0.35231118292123703,-0.007352228510530981,-0.0011307445778516068,-0.0032373016561935784
2021-01-21,-0.054155088417423225,-0.05374606077171484,8422222242.52244,-0.17832701579085386,0.12997052982435295,-0.04256914134900886,-0.035078200642006764,-1.145057294450029,-0.007490940707002097,0.009657315307368918,-0.004091847506149812
2021-01-22,-0.021502329824303557,-0.021307065425249183,6400413550.76259,0.06137315024355269,0.06832480172473768,-0.040720876536856715,-0.03552422872342004,1.8734449787857028,-0.005196647813436678,-0.0013196657188934062,-0.0016748541701324454
2021-01-23,-0.025973755442527002,-0.025694484280148644,3621490157.81458,0.002349682253622448,0.049833086753086286,-0.040991551945298854,-0.03562489038364289,1.5394991805083946,-0.0053666615616559665,-6.1030072223235175e-05,-0.0020127023245564237
2021-01-24,0.006200868059679676,0.00620379598260512,4990725961.73751,0.07413224814972866,0.05824624158634194,-0.03923497700868281,-0.03458966208308042,3.2292522987697265,-0.004645314925602391,0.00045968428974390023,0.00045984600026595065
2021-01-25,-0.047882194371104636,-0.047173055761103644,7203921848.371901,-0.08148782453556463,0.06367013072417167,-0.03953992006301364,-0.034766601329627174,-0.5878973238143963,-0.004773318733386468,0.0039018158532903753,-0.0034653780872554666
2021-01-26,-0.018309667805399776,-0.017689107758849576,6419154907.36397,0.04134281120912596,0.059925124882504316,-0.038719703309836866,-0.033985092744317554,1.3686482448614734,-0.004734610565519312,-0.0007569731393804546,-0.0013261426749672988
2021-01-27,-0.04046965895300003,-0.040229951443016776,6718585856.24908,-0.056307146209833236,0.051701635422928376,-0.03851858457429509,-0.03325837740952109,-0.13132945444001268,-0.005260207164774003,0.0022787310037286593,-0.0028927206721871433
2021-01-28,-0.010043763324675825,-0.00956689440621361,4544323851.2889595,0.03184330406459413,0.04235590444192238,-0.036834802357460054,-0.03262987293699595,1.6747517093590223,-0.004204929420464104,-0.0003198266095004712,-0.0007133083308364846
2021-01-29,-0.039331874400753586,-0.03924797853491879,6852570488.05573,0.04412915736495023,0.08892121819121276,-0.03619199160952021,-0.032660126228148255,-0.20142820004387008,-0.003531865381371957,-0.0017356824748893127,-0.0028068574865475326
2021-01-30,-0.018785016115526076,-0.01834278959418656,3218442098.5012197,0.02667686143594571,0.024141636067250376,-0.03499416778250225,-0.03250520974560628,1.017791383809551,-0.002488958036895972,-0.0005011252719858963,-0.0013169729976989617
2021-01-31,-0.06215428633997855,-0.062161862464010786,2789247028.64788,-0.03496106086891462,0.03582942520760033,-0.035137564847350464,-0.03339797917006985,-1.6712201295336362,-0.0017395856772806154,0.0021729797879959387,-0.004217638929491007
2021-02-01,-0.0065720504893355125,-0.005883801633626895,3023615300.24649,0.0431940736646988,0.050460839577780185,-0.03301049302226914,-0.03307457644057555,1.5676777681729883,6.408341830640985e-05,-0.00028387363296447795,-0.00041895115208999813
2021-02-02,-0.019477394341616883,-0.01927078800406301,7431220730.79352,0.10051675127590305,0.07131024068840447,-0.03174609703367029,-0.03236204519229008,0.72875514630261,0.000615948158619789,-0.0019578044025389857,-0.0012302117666037255
2021-02-03,-0.01455652654887618,-0.013955352199221616,6966221755.1702,0.07711183281674727,0.049094772183964214,-0.03076567064710328,-0.032131642269810336,0.941169225697111,0.0013659716227070566,-0.0011224804416294831,-0.0009194199863918267
2021-02-04,-0.054439950619097455,-0.05393688616141634,8136508279.05647,-0.032595770525287754,0.07058478190233171,-0.031515741813119176,-0.032277945021827875,-1.2796967528001615,0.0007622032087086991,0.0017745121377880976,-0.0034560651273204623
2021-02-05,-0.024091742600107713,-0.024104921070871144,5947779584.53895,0.04550128855732691,0.05233766153844305,-0.030416569091930964,-0.03136784314901088,0.35915003782201016,0.0009512740570799157,-0.0010962053318963462,-0.001497327222566134
2021-02-06,-0.0573257439609588,-0.05704547176423769,5059220432.8374,-0.0034833920389981603,0.02904587191059827,-0.0312906439113446,-0.03238159236106324,-1.408072413402098,0.0010909484497186456,0.00019968804014325073,-0.0034661016480616864
2021-02-07,-0.0571231601661879,-0.05714851925199527,6470840190.457399,-0.010017952994304498,0.0655565042851675,-0.03271111697204783,-0.033061174333346696,-1.265154178243696,0.00035005736129886666,0.0005722571334309975,-0.0034547438688717754
2021-02-08,-0.033666841661390556,-0.033614056348952426,6554958213.11899,0.10327351923521891,0.06884966507545387,-0.03270258840295408,-0.03319297155806827,-0.04997368819358524,0.0004903831551141893,-0.003476893219906687,-0.0020845871481407975
2021-02-09,-0.039461543687843825,-0.03911225914326166,5963865015.44841,0.018178796067405703,0.01870586150552254,-0.03262884719785162,-0.033079012909660574,-0.3546722654458856,0.00045016571180895443,-0.0007173633552063337,-0.002349148754802569
2021-02-10,-0.04936354416545985,-0.04883420551311113,6073425415.1568,-0.04034393888250454,0.05019027295254823,-0.032785012627423206,-0.03359437751910859,-0.8549066147827675,0.0008093648916853852,0.001991519808835126,-0.0028185554287515147
2021-02-11,-0.03867347256998266,-0.038764700944611374,3999256495.29382,0.02458838848217913,0.025194988340855314,-0.03204779282516413,-0.03393602279428114,-0.35195859103678545,0.001888229969117007,-0.0009509183675056321,-0.0020152206323953434
2021-02-12,-0.022543649973621904,-0.022182461415878763,4780809285.802959,0.041334628517034275,0.031371888918370616,-0.03209737949894119,-0.033915166142203426,0.508248662282727,0.001817786643262237,-0.000931833397077711,-0.0011350488929529356
2021-02-13,-0.049262083083805086,-0.048978021598471644,4331083291.8682,-0.028201129201582523,0.043028721153272026,-0.033206347481859196,-0.034534706874186784,-0.840504314883272,0.0013283593923275883,0.00138924636978548,-0.002464331921430176
2021-02-14,-0.0759454695021412,-0.07587873276430712,3236470817.88099,-0.005490584995333968,0.021780675746386688,-0.03711807784194591,-0.035645338963389006,-2.0392468069635656,-0.001472738878556902,0.00041698505531204995,-0.0036672903474593843
2021-02-15,-0.058431983459416026,-0.05809273618453625,5714101385.26495,0.029764848145595116,0.0393486722289127,-0.03762044875091312,-0.03625880489339808,-1.0687631118891887,-0.0013616438575150339,-0.0017392191145154435,-0.0027539170831669133
2021-02-16,-0.057902662075962175,-0.05757327157685799,4526508138.96013,-0.022745441976921174,0.026890641349700754,-0.039505829430463706,-0.037119196567538856,-0.9470197298926947,-0.0023866328629248493,0.0013170216405580717,-0.0026378850280545565
2021-02-17,-0.02961566572140928,-0.029305589795373677,4236223610.15366,0.05212841456786135,0.03404495892956903,-0.038988972609911764,-0.03776470561360323,0.47962127276304645,-0.0012242669963085304,-0.0015438177004288235,-0.0013243070859765816
2021-02-18,-0.02637959391769451,-0.026372196171988826,4677799273.31045,0.021704437682435865,0.01215757899280422,-0.03976686930481742,-0.0374419214100576,0.7182965684757553,-0.0023249478947598157,-0.0005725542522745647,-0.001141667216282303
2021-02-19,-0.0403045915655067,-0.040176406002546905,3766473154.64299,0.02312892651392284,0.01733340650970736,-0.03981318916980566,-0.03751010575307892,-0.026366176125233752,-0.002303083416726741,-0.0009322019364922787,-0.001606923078664212
2021-02-20,-0.06117969006924995,-0.06004650577844273,6470877708.6009,-0.05601216211396018,0.04806754441130855,-0.04183198316760203,-0.03778063406388486,-1.0434645417288946,-0.0040513491037171695,0.0034268067182406676,-0.0025089061793066485
2021-02-21,-0.024167671200581275,-0.02399696478597535,3961287537.73876,-0.001007374583117936,0.03408641301972527,-0.04002309673239264,-0.036922619900249476,0.8658685695753146,-0.0031004768321431647,2.434589770061691e-05,-0.0009890814635603647
2021-02-22,-0.06437719006322207,-0.06361882309849332,8838825736.40233,-0.0511625429956704,0.06451644193835816,-0.04277572242638724,-0.037016879156287444,-1.2449518227429792,-0.005758843270099796,0.003293700754550044,-0.002677777079544832
2021-02-23,-0.024132046663629114,-0.023233002075798925,10942958835.92679,-0.06238396246372183,0.1788185319554628,-0.04299737253695925,-0.03737152218068355,1.105424661276555,-0.005625850356275698,0.0015054526932366224,-0.0011273180507855465
2021-02-24,-0.006258851325727344,-0.006168651638898015,5867227964.60702,-0.008766984600494958,0.04585460122536473,-0.04260224514538073,-0.0364377805775541,2.037617074438588,-0.006164464567826634,5.487125318943907e-05,-0.00029141381175546544
2021-02-25,-0.011218708707315228,-0.010082257700269825,4711814880.46952,-0.07960196463282838,0.07510156372919458,-0.0405440907686292,-0.03663400842777833,1.554410627645356,-0.003910082340850871,0.0008930312537457106,-0.0005247590881513957
2021-02-26,0.007543564223634558,0.008140293480615846,5737181606.49004,-0.03175410382692746,0.07636924150818364,-0.03903764758654623,-0.0364357539672646,2.1822575012559993,-0.002601893619281627,-0.0002395391215823872,0.0003614854587038754
2021-02-27,-0.017861932320903606,-0.017774902903729073,3756706927.66827,-0.02304841279237734,0.056313458928856565,-0.03715841846082932,-0.036267457947995324,0.902042950224663,-0.0008909605128339937,0.000411689189401693,-0.0008791316748333738
2021-02-28,-0.012119153287169726,-0.012178321210505771,5629627203.07104,0.03627556255101818,0.07531593797269671,-0.03501537051420941,-0.03601834244800223,1.062685992074024,0.0010029719337928192,-0.000439629103134103,-0.0006021147768765171
2021-03-01,0.015535955680696434,0.015458115873121958,4093786528.92125,0.09073056008944001,0.07596929729648019,-0.032672380164586214,-0.03554263119444758,1.99124696816788,0.0028702510298613676,0.0014095859604343047,0.0007771386122842545
2021-03-02,-0.023741800382508282,-0.022822069790810806,4419676882.475571,-0.046227601694574696,0.053353582890406336,-0.031923820959570234,-0.03533352069951114,0.33764346461700473,0.0034096997399409024,0.0010975264915946941,-0.0012267822619512086
2021-03-03,0.0011421950516417034,0.0015232289607625127,4859941588.272329,0.029533685097798554,0.04640630079002825,-0.029518785758755876,-0.03494587793848932,1.2307669937425092,0.005427092179733445,3.3733228975449824e-05,5.8813496835098596e-05
2021-03-04,-0.018323807654823332,-0.01805229336278602,4819190828.6856,-0.010305708288976263,0.03583810998237973,-0.028549754096129244,-0.03438889609010074,0.4101212455664525,0.005839141993971498,0.00018883981643391952,-0.000952809700400218
2021-03-05,-0.011998787528161747,-0.011770189810390241,4547100964.24997,0.031223389240750632,0.035262613995542674,-0.028047617789202568,-0.03362195794166683,0.6377172060145224,0.0055743401524642605,-0.00037464281340885834,-0.0006261414684443443
2021-03-06,0.006605405216965732,0.00701753655639914,4507498262.312,0.07415314725498341,0.06746894140953191,-0.025387261203451576,-0.03319505354353654,1.2420818169043542,0.007807792340084961,0.0004898115857324955,0.00035238217401375733
2021-03-07,-0.012630832771981737,-0.0122664634608729,4288738410.50978,0.04514386123554682,0.04814690411916231,-0.022372278502015414,-0.032908444450881376,0.42146548691819347,0.010536165948865962,-0.0005702045619477407,-0.000689682410317934
2021-03-08,0.003576464363498788,0.0038415339440296403,6080210583.95216,0.0614590755294971,0.04729745819253301,-0.019419495272352802,-0.03219328802875985,1.034930336687937,0.012773792756407047,0.0002198061934448268,0.00019663972098132396
2021-03-09,-0.012682877428820682,-0.012427331584540902,4512195932.80944,0.012359131538371818,0.03163948649749081,-0.017266172193917493,-0.03183056831140602,0.2244252966034663,0.01456439611748853,-0.00015674935042784177,-0.00070019289946511
2021-03-10,-0.029570682378532998,-0.029570779074668985,6215915591.53833,0.009124314129209691,0.03125958826785411,-0.017264030129971002,-0.03159052910472595,-0.6026467551329971,0.014326498974754947,-0.00026981219503682065,-0.0016286081533689988
2021-03-11,-0.03901310018354942,-0.038935606766037245,5482129545.41183,0.014067872301837646,0.028701111571645597,-0.017865625666440284,-0.03148909910957259,-1.0126249252220556,0.013623473443132302,-0.000548831311480972,-0.0021793842384102186
2021-03-12,-0.03055900166711345,-0.030288647949141323,4887332853.92612,-0.029315318078678293,0.03139449538267849,-0.017401549956992987,-0.031135576912106288,-0.6429459125865403,0.0137340269551133,0.000895846854038291,-0.0017275754885778779
2021-03-13,-0.007416441611277413,-0.0075055839472373265,5136048302.61478,0.08916062319354971,0.05522869611763527,-0.014841395268518106,-0.030555848739540797,0.41437843573692545,0.01571445347102269,-0.0006612545559400682,-0.0004217987365677595
2021-03-14,-0.02942834685227924,-0.029195726669581257,4225374618.59173,-0.03357150344817199,0.023265472537715604,-0.015091903632884675,-0.03008418840420926,-0.7924566890560235,0.014992284771324586,0.0009879538478252939,-0.001658528147912078
2021-03-15,-0.019309459065360413,-0.01912788161735679,5932093091.82662,-0.05097149587939522,0.0544605573260229,-0.012945821204415073,-0.02957734555102382,-0.4478651458539797,0.016631524346608743,0.000984232013183369,-0.0010789996551849922
2021-03-16,-0.010247018269225805,-0.009958135853289085,4444439699.43044,0.03162501063313572,0.03242184619053654,-0.012284629376110153,-0.029009366315579897,0.14571500597226034,0.016724736939469742,-0.00032406206172220207,-0.0005011617872269013
2021-03-17,-0.010156508439460143,-0.009798129599106531,3879170125.6968803,0.03211325966852351,0.03675872708693814,-0.012470232095811714,-0.028612715962765243,0.16615248033626237,0.01614248386695353,-0.00032615859284193413,-0.0004923359688046041
2021-03-18,-0.05195273265704459,-0.05179900328911202,3527078371.44721,-0.032462386724555814,0.03564356966620692,-0.014409947521989304,-0.028823260034579225,-2.2940246174566337,0.014413312512589921,0.0016865096989104416,-0.0024207880409093173
2021-03-19,-0.007191878797110474,-0.006850797528502817,3259787302.19901,0.016653271557556026,0.01934735535592247,-0.015111635284881924,-0.028188617321119706,0.5051313715380787,0.013076982036237783,-0.0001197683106173101,-0.000315584268933076
2021-03-20,0.0012713455597916923,0.0014294200027213932,2573392189.53617,-0.015526062779672176,0.027948413329363986,-0.014200526814372625,-0.02754986306218218,0.9632572285268178,0.013349336247809556,-1.973899097598328e-05,5.4070233787889386e-05
2021-03-21,-0.02781340855911374,-0.0275713520603853,2801382704.1901197,-0.0017131344465242259,0.013547438928316096,-0.014947872303512815,-0.02755811992992335,-0.7881680569647325,0.012610247626410534,4.764810827786948e-05,-0.001101093067620834
2021-03-22,-0.048165657657600947,-0.04757079993880253,3606818027.203,-0.05929979633946452,0.04220712373172455,-0.017981282462479358,-0.027785417010006547,-1.8524726945665453,0.00980413454752719,0.002856213689652106,-0.0018293724887571336
2021-03-23,-0.01916586716313795,-0.019008464222578958,3172273699.64815,-0.01984573395174247,0.02860676663453685,-0.017763380880604578,-0.027438683012675477,-0.08634015290922017,0.0096753021320709,0.00038036070067407296,-0.000705350436393515
2021-03-24,-0.033986252903632,-0.0332287702837043,4399210528.81931,-0.05997486866814947,0.06400484887601963,-0.019436164116569992,-0.027246654167583026,-0.9090100153387624,0.007810490051013034,0.0020383210544178427,-0.001279257974809276
2021-03-25,-0.011621680395442202,-0.01135492685008832,3902283814.32379,0.009290265279819812,0.0184091028679177,-0.019117015199456605,-0.02657152070691666,0.4656536351142915,0.007454505507460053,-0.00010796849387093927,-0.00042779987620506925
2021-03-26,0.01988411559710146,0.020441304275130356,2675730180.49903,0.04791862726359608,0.029917879178375337,-0.017598781717301216,-0.025914593001814992,2.0627596465619877,0.008315811284513776,0.000952819523763762,0.000726883524552327
2021-03-27,-0.006290577813324205,-0.006089587873104874,2399338118.75358,0.01172307848820589,0.015441642404547597,-0.01821287614731502,-0.025602161610875265,0.680552822171426,0.007389285463560245,-7.374493744176624e-05,-0.00021437345129737283
2021-03-28,-0.009182324120750596,-0.008985710902332578,1983034035.73383,-0.01414459057601977,0.02327924157038887,-0.01804866144963735,-0.02584633926453289,0.5040696160176639,0.007797677814895543,0.0001298802152243279,-0.00030204635244665627
2021-03-29,0.0032086962017792153,0.0031171416813216,3435359910.8272,0.06863980539492849,0.04108134750716819,-0.01806617421924304,-0.025035372747502987,1.2110653170006878,0.006969198528259946,0.00022024428286157154,0.00010459810419765984
2021-03-30,-0.01946700165347348,-0.019329472399628456,2977548709.20566,0.024074662378469,0.030107434689550093,-0.01838922775375032,-0.02505374312604384,-0.06149763221891815,0.006664515372293518,-0.0004686614923284718,-0.0006331713288777552
2021-03-31,-0.017968414402759425,-0.01750319849084736,5049966053.5153,0.05147750148940548,0.037070010186320154,-0.017836738802523004,-0.024696580514135258,-0.007594973445949922,0.006859841711612254,-0.0009249690791803033,-0.000589400854304225
2021-04-01,-0.018707454676906043,-0.01834838078225909,4435453780.00105,0.022092859439801722,0.02089074771695716,-0.016869803302206655,-0.02483409942448812,-0.11037136177606884,0.007964296122281465,-0.00041330116665334654,-0.0006066851758141124
2021-04-02,-0.0008029967445755126,-0.0002981403268111915,5678697553.59085,0.06636337589674046,0.04890744975979935,-0.015452850686847704,-0.02422252993788212,0.8776267928795419,0.008769679251034414,-5.3289574804123635e-05,-2.6710947632470077e-05
2021-04-03,-0.030530291099672535,-0.03043483710045569,6150272520.34633,-0.04170423145023192,0.045670890152598134,-0.01655351018629509,-0.02440896287413841,-0.8271770251999853,0.00785545268784332,0.0012732423262636992,-0.0010016666716128211
2021-04-04,-0.004975732156911938,-0.004779982491722734,3330679833.83388,0.028718189793427794,0.02094781152645814,-0.015389099962706173,-0.023501366775994494,0.6195602716660235,0.00811226681328832,-0.0001428940204434589,-0.00016269938184037075
2021-04-05,-0.016969049311566065,-0.01677840019228094,4215186592.34909,0.03776930646140796,0.03248967660110379,-0.015277651879192156,-0.02366639850333149,-0.10074961266338005,0.008388746624139333,-0.0006409092238072825,-0.0005371102669359327
2021-04-06,-0.0416236843276383,-0.041330466960994516,4675497907.26923,-0.0008083864621851674,0.022737699275980055,-0.016771778834354656,-0.024017926915808018,-1.4048529600239459,0.007246148081453362,3.3648022916731725e-05,-0.0012982926171039456
2021-04-07,-0.0377482110194991,-0.037459579894326356,6331327536.5734,-0.06995370684339465,0.05031758182184173,-0.01808566943340413,-0.024386048891532192,-1.0808533260641064,0.006300379458128062,0.0026406272875206397,-0.001201784458753816
2021-04-08,-0.015229835382487678,-0.015103992697545365,3355215507.54095,0.04069532633460156,0.03933784943095575,-0.01633696003937761,-0.023763666109998704,0.06727968310023746,0.007426706070621094,-0.0006197831209125974,-0.00048754931989077
2021-04-09,-0.04218617861738916,-0.04193961694765036,2571500898.67981,-0.0031911967506503118,0.01564589970790646,-0.01800335526891469,-0.02405087938011428,-1.4030003663653792,0.00604752411119959,0.00013462439612616593,-0.0013430609905034341
2021-04-10,-0.00979103584786889,-0.009813500422488408,4462334737.25942,-0.00592819769013112,0.01653364496177303,-0.018530135335946146,-0.02329636020371603,0.5207732884099019,0.004766224867769883,5.804319609732735e-05,-0.00030639045935764006
2021-04-11,-0.01242849294685855,-0.012236842959343464,2765613090.77921,0.003248815925306729,0.012012754910406721,-0.01779752030679114,-0.022586921041504452,0.32167104671192515,0.004789400734713314,-4.037788581331641e-05,-0.0003880160131138429
2021-04-12,-0.04635035886527461,-0.04612486467045718,3572221905.88937,-0.006430141205736179,0.028262835946930312,-0.01771107750715655,-0.022788246711407372,-1.7325815704168939,0.0050771692042508206,0.0002980393524402615,-0.0014162751994366732
2021-04-13,-0.006665944175861527,-0.006870865831176909,5176595617.26422,0.06108170909277553,0.03780675900058201,-0.017115843079191007,-0.02226768163978861,0.6257792076450689,0.005151838560597602,-0.0004071672629786551,-0.00020660399067244244
2021-04-14,-0.031374864986558726,-0.03121904834038547,7962169647.2472,0.03469733685908623,0.046994534347307944,-0.01699149127361609,-0.021982147049647318,-0.8677028241715892,0.004990655776031229,-0.001088624259346978,-0.0009470171222905093
2021-04-15,-0.027283682973839984,-0.027107361501286564,6417301595.81241,0.01581179183118615,0.02591843880248735,-0.01773730092020646,-0.021801356738597438,-0.5725054279047539,0.004064055818390977,-0.0004314039155704357,-0.0008332854214056816
2021-04-16,-0.040659973917378855,-0.04041224835316737,8482048892.07963,-0.030922332884226963,0.03955734946302961,-0.02062035280184838,-0.02208891743611739,-1.3364992477812,0.0014685646342690074,0.0012573012485371747,-0.0012604816508158228
2021-04-17,-0.03969689688234246,-0.039738787829155076,4945909137.13609,-0.07084189524713072,0.04715506272030977,-0.022211129900373057,-0.021937089083713217,-1.152739448361774,-0.00027404081665984015,0.0028122034105750545,-0.0012905745105666244
2021-04-18,-0.04974708212802559,-0.04957076063425836,9242083489.27048,0.035666027143483284,0.0929490508272675,-0.02414278504357663,-0.021521241665076466,-1.6015170340031812,-0.0026215433785001623,-0.0017742807814872528,-0.0017823546366052955
2021-04-19,-0.018298084517341273,-0.018309689491509684,6625482639.95203,-0.046728272549444005,0.082926992179031,-0.025166917458772843,-0.020884195650122894,0.4643620603726782,-0.004282721808649949,0.0008550378804590846,-0.0006920513962318308
2021-04-20,-0.021712035409752195,-0.021236303421552805,7390689083.89487,0.09992647699363665,0.07734355899964698,-0.02527382382811945,-0.02030974125859575,0.24136601964869317,-0.004964082569523697,-0.002169607206857627,-0.0008700080809336916
2021-04-21,-0.010440569449617465,-0.010089602970821954,8376213677.30245,0.03173748484025054,0.0823835223580469,-0.024915355020826972,-0.020005374651106998,0.9629318435492811,-0.004909980369719975,-0.0003313574146308172,-0.0004408854160008564
2021-04-22,-0.018633896851404708,-0.01831191433929269,16634756435.858011,0.002788447290167903,0.08146800840996728,-0.024911852267231673,-0.019882427078626204,0.4175971356635378,-0.005029425188605469,-5.1959639180567675e-05,-0.000840625994066245
2021-04-23,-0.02129300432225467,-0.02098927719078303,15240128936.7881,0.03659736657605133,0.10083352561073183,-0.025887566913787824,-0.019580655852542837,0.32768178941347337,-0.006306911061244987,-0.0007792678846869996,-0.0010132361755871098
2021-04-24,-0.03269293277585106,-0.03267300739956713,7712787520.22163,-0.036969380199031975,0.060287039279697995,-0.025990549850748706,-0.01912848510185397,-0.4765259964648174,-0.0068620647488947355,0.0012086374616118315,-0.001578460869940516
2021-04-25,-0.009423126562325135,-0.00932436209502674,8083675412.6014,0.05862024164342784,0.06054541348636445,-0.02620233053672076,-0.01889444471077054,1.2191451935634852,-0.0073078858259502215,-0.0005523859561201029,-0.0004727300791622218
2021-04-26,0.006569445374652538,0.006711257924788772,8646978933.32786,0.03177097403388826,0.032715300274686936,-0.025081449837377017,-0.017768307640328083,2.0536073962667114,-0.007313142197048934,0.00020871767841513313,0.00032964001011389526
2021-04-27,-0.008599776261521308,-0.008519791403466148,6743588001.19054,0.06750725777760809,0.047845977099701474,-0.023508882786609543,-0.01752176366569145,0.9728866543411966,-0.005987119120918094,-0.0005805473129162738,-0.000441799622791724
2021-04-28,-0.003889022583363877,-0.003638012066996321,10332188911.34269,0.04369026765643659,0.03740373712549267,-0.021896540480126913,-0.017484147336447584,1.1594299051302037,-0.004412393143679329,-0.00016991243758909425,-0.00019740072222351252
2021-04-29,-0.024155472780614584,-0.023974768543500335,7750499577.3932,0.022745622958217932,0.0280639886047184,-0.02232157083241867,-0.01768949279792853,-0.11860882833436666,-0.004632078034490141,-0.0005494312762453554,-0.0012131262549787579
2021-04-30,-0.03409914342470488,-0.03387456601529448,5412494300.94511,0.010140854383589576,0.024300078501433228,-0.021936473918481324,-0.01835048815742598,-0.8088413289559306,-0.0035859857610553436,-0.00034579444807506817,-0.0017265655920580831
2021-05-01,-0.0021696754224882486,-0.0020888020868670143,6589470501.422501,0.03659627614760501,0.023361183632872356,-0.021573551993463197,-0.01810140471459399,1.2574010750819689,-0.0034721472788692073,-7.940204091205151e-05,-0.000110564088111352
2021-05-02,-0.03205095653958656,-0.031817358396576845,6086611127.85545,0.015359753426139187,0.019576187778423265,-0.02250795502168834,-0.01841778254399743,-0.6178948748644796,-0.004090172477690911,-0.0004922947895199529,-0.0016448223433762818
2021-05-03,-0.013487779629526964,-0.013677267529442205,16382343434.80363,0.11696929548572184,0.065438375214846,-0.02094307029617655,-0.018878476755270816,0.5125119929313914,-0.0020645935409057334,-0.0015776560809324393,-0.0007160559978971858
2021-05-04,-0.04168192913668434,-0.041441395564378314,23227206677.60779,0.0014994264264766959,0.11884718600963565,-0.022610498151453825,-0.019163240703749803,-1.2858058070728333,-0.003447257447704022,-6.249898605407346e-05,-0.0023737154233143373
2021-05-05,-0.047357893342208635,-0.04691161237967567,12937893760.98514,0.06632652966799568,0.05580024413621207,-0.02337159473981811,-0.019933083376668062,-1.5287847153072074,-0.0034385113631500465,-0.003141084717775776,-0.0027168100814444103
2021-05-06,-0.03966274422262206,-0.03943131357755136,10632727893.23226,0.0055001028542328535,0.03540559780620443,-0.023961073846902967,-0.02027179665552201,-0.9769579643780432,-0.0036892771913809574,-0.0002181491727055512,-0.0022932760346216813
2021-05-07,-0.0361693824849012,-0.03592980201575846,8094167086.99724,0.015199765815654962,0.03776305908285846,-0.023747236159642127,-0.020655456892930572,-0.7828779044325814,-0.003091779266711555,-0.0005497661434673507,-0.0020882015595589673
2021-05-08,-0.01362954185469345,-0.013682494381162758,11602305090.60812,0.10115226582755231,0.06053612855017165,-0.02250593353927789,-0.020976646528988657,0.5699468376863083,-0.001529287010289232,-0.0013786590407937021,-0.0007955720352559565
2021-05-09,-0.044775893730206406,-0.04468005765896155,12120213502.67268,0.013845371329022044,0.031598688112123886,-0.02226921028223888,-0.02148688559181762,-1.4834459241807414,-0.0007823246904212593,-0.0006199388752835377,-0.0024828100712720436
2021-05-10,-0.049348971425581256,-0.0493973907568791,20426765812.22148,-0.027435576686728348,0.048935445169203014,-0.023747823944536024,-0.02232697187418397,-1.576334737114526,-0.0014208520703520543,0.0013539174899577006,-0.0026565074070706144
2021-05-11,-0.03167942765532028,-0.03160034607707862,13477585470.55893,0.07814970395293984,0.04011480827398666,-0.024222461670515456,-0.02262850441746174,-0.45681280773942157,-0.0015939572530537169,-0.002475737892661855,-0.001649175933602844
2021-05-12,-0.03337454302248766,-0.03292161912398317,20540714054.05621,-0.12490686069549409,0.07351618046838176,-0.02531455565017594,-0.022688883157841976,-0.4999473043261581,-0.0026256724923339643,0.00416870939608564,-0.001723328146074896
2021-05-13,-0.015217922806081807,-0.015340042175220336,22134721314.84749,-0.05860695128336182,0.06654581613736903,-0.025151890219446277,-0.022311181929628204,0.6128505388252832,-0.002840708289818073,0.0008918760605299972,-0.0007749792121374522
2021-05-14,-0.02113806373038296,-0.021287023695255036,12181077842.13998,0.07309811022713661,0.054001110850388695,-0.025144512096023815,-0.022161643232219783,0.24713885989936055,-0.0029828688638040314,-0.0015451525125517722,-0.0010293246019795433
2021-05-15,-0.03551610015752116,-0.035344540136175606,12859384950.05047,-0.09920454903747891,0.052608535648369904,-0.025278948638008107,-0.022607669558350633,-0.6284866677520698,-0.0026712790796574737,0.0035233586996968203,-0.0017164813528833204
2021-05-16,-0.027036682292259973,-0.026619476815287424,15266100829.69663,-0.0670380890976773,0.0891175360674922,-0.026117689387052622,-0.02256970662882652,-0.05787238578714823,-0.0035479827582261016,0.0018124875164141183,-0.001343459392252435
2021-05-17,-0.02787397655671331,-0.027802164302444088,19279667315.49166,0.011196637963941885,0.1131503072587885,-0.027757852336165283,-0.022705651350911484,-0.008293101064320399,-0.005052200985253798,-0.00031209482412092234,-0.0014918287263130006
2021-05-18,-0.0031252107574125665,-0.0029123199617110407,13102791083.02771,-0.0028510860234912663,0.06987981828019865,-0.027497158740731532,-0.022592606787231913,1.6899488338971744,-0.00490455195349962,8.910244710923523e-06,-0.00017054186000601765
2021-05-19,-0.03465598112719903,-0.0326511482303401,27803524889.35709,-0.23928612360483204,0.1306911258423391,-0.02896225200472368,-0.02298148730608491,-0.4238829672053756,-0.005980764698638771,0.008292695383649674,-0.0020451177704607143
2021-05-20,-0.0011561924158043357,-0.0013589076018578616,16113950567.52409,0.11297417767523699,0.11594749127928239,-0.027867048177827956,-0.022175193016541413,1.8146263034386174,-0.005691855161286542,-0.0001306198874098405,-7.306777670810981e-05
2021-05-21,-0.005929063618293595,-0.005603168706287409,15265695041.77466,-0.13770252838940433,0.12742126051303201,-0.026525615806094086,-0.022155148331163364,1.3381620079131151,-0.004370467474930723,0.0008164470512206581,-0.0004038133011909865
2021-05-22,-0.0025398920913874967,-0.0023680448359508777,10666152727.52536,-0.01571363641244334,0.09712875509529048,-0.026543245171279765,-0.02221564416689637,1.5624572926632412,-0.004327601004383393,3.9910940850903434e-05,-0.00018190751395873417
2021-05-23,-0.0077333171081781504,-0.00777223662569837,15783098848.93368,-0.10069264088083513,0.13762632219968823,-0.025385262341212696,-0.021896912556564056,1.1146819897943154,-0.0034883497846486394,0.0007786881223914009,-0.0005973338574461435
2021-05-24,0.010975808786408692,0.010868614267155463,13586348325.92198,0.21275426442951795,0.1096195083613675,-0.024220329559501475,-0.02095815912094486,2.0042555167899474,-0.0032621704385566164,0.002335150124871421,0.0008708807356083114
2021-05-25,-0.0042640650770895405,-0.004126958177338769,13694505271.63173,0.046435752630479776,0.16297003836656698,-0.02243852650904458,-0.020721622579896473,1.0327198354599088,-0.001716903929148108,-0.00019800507111999757,-0.0003472934356983265
2021-05-26,-0.00752225271956275,-0.007448128594964798,11285324614.47753,0.01564385467753719,0.06528938649975048,-0.020541591241299537,-0.02030155908491124,0.7698364911467523,-0.0002400321563882958,-0.00011767702839254858,-0.0006160606483440172
2021-05-27,-0.008878847994910344,-0.008703671628480625,9494992137.75452,0.022767309594637422,0.04346957404084146,-0.019075691420932312,-0.020258022062680583,0.6179638313496003,0.0011823306417482714,-0.0002021474811438495,-0.0007305731320075639
2021-05-28,-0.006386133286908735,-0.0064973809913903,11983057928.13767,-0.11906579133475029,0.10041590019982387,-0.01765744145912315,-0.02067501014020455,0.6942231977737381,0.0030175686810814013,0.0007603700133749784,-0.0005445193527248897
2021-05-29,-0.004285362390868852,-0.004122315036142243,10655588004.12472,-0.10375518212735169,0.06663762687252904,-0.01721248053227436,-0.0206431813239751,0.7845075907542234,0.0034307007917007415,0.00044462855534630104,-0.00036664034936184794
2021-05-30,0.00451931063818356,0.004976149601639834,8645260126.70548,0.038365292933562126,0.0810432694675159,-0.014865089848065312,-0.020425695057960273,1.2226432127602325,0.0055606052098949605,0.0001733846764916759,0.00039729686290232446
2021-05-31,0.012248835834466565,0.012210951510950974,10502558832.11788,0.16255827158932928,0.08736562469973665,-0.011931860930920177,-0.020282200778076347,1.6316252724118747,0.00835033984715617,0.0019911495822323246,0.0010992221912564301
2021-06-01,-0.008240686609871428,-0.008288800506439209,9868610856.33613,0.0011887288648695232,0.044742535136174245,-0.010815730404946423,-0.020104005301193776,0.1823077113966521,0.009288274896247353,-9.795942039497943e-06,-0.0007413430464194089
2021-06-02,-0.010706316141617767,-0.0106568864522113,8165015125.37414,0.034237618945293674,0.0507817136824659,-0.009736291029666904,-0.019988733900223273,-0.07378385261597654,0.010252442870556369,-0.0003665587723645559,-0.0009515637441728766
2021-06-03,-0.010942351008953466,-0.010901125795689692,9987629061.44338,0.04770655576314965,0.042117138940924476,-0.009532692372660792,-0.019865478286446248,-0.10768398271378335,0.010332785913785456,-0.0005220218785885953,-0.0009598133101832631
2021-06-04,-0.01234698791110811,-0.012534212304263881,11593942225.54805,-0.023443755976623792,0.05145337397039139,-0.009114069714600085,-0.020048716241470574,-0.25180126314543716,0.01093464652687049,0.00028945977163434246,-0.0010815237302930847
2021-06-05,-0.007652426068800677,-0.007554552945915227,10381974440.23042,-0.0500426315713592,0.057290145513376446,-0.007787228091327682,-0.019685575526694834,0.011903350820070812,0.011898347435367152,0.0003829475383880569,-0.0006720136292992647
2021-06-06,0.009488083547832593,0.00958513846559228,7316997901.78934,0.01411029555981394,0.025619572918710344,-0.00604795352751375,-0.019455991150429043,1.4096463215914259,0.013408037622915293,0.00013387966315612593,0.0008045264519653967
2021-06-07,-0.010592525145084575,-0.010050316467889453,11416987186.62013,-0.06512985172811094,0.058482650812684715,-0.005225027269817144,-0.019354776481119815,-0.542281212388061,0.01412974921130267,0.0006898895921256451,-0.000870601070501575
2021-06-08,-0.005007895920567718,-0.00506149547417023,16237479290.57325,0.006464897031930857,0.08294539171229945,-0.0053146789442531026,-0.018773573490531395,0.03103035230730167,0.013458894546278292,-3.237553147309688e-05,-0.0004147154046505399
2021-06-09,0.008467854363399141,0.008522379639803734,12928474320.41501,0.061560811955351714,0.03226208700601966,-0.003261162968510333,-0.01803998515112031,1.5171413043560584,0.014778822182609976,0.000521287990130519,0.000661552883167355
2021-06-10,-0.006666963306882323,-0.00650190856492372,7963220022.580709,-0.03633931641878127,0.03214723111844959,-0.0035235806299902367,-0.01790406654674562,-0.405624906680008,0.014380485916755384,0.00024227288916120108,-0.0004942534539193494
2021-06-11,0.0015223256661394124,0.0018123992274525769,7111141085.93231,-0.04597771564396659,0.03208202501684379,-0.0031687525688267604,-0.01721028076446739,0.6010943116857219,0.01404152819564063,-6.999305659526993e-05,0.00010594588297082631
2021-06-12,0.0061308967142787996,0.006111600164936615,7889597212.00103,0.030021072499647927,0.034940528724068484,-0.002755857863795032,-0.016957551676179333,1.1020001050075308,0.0142016938123843,0.0001840560947472171,0.0004085225647243264
2021-06-13,0.01732745305307226,0.017547092462262492,7188328606.18587,0.07257082141911413,0.0494013522795565,-0.001562487856116441,-0.016485235073005824,2.080164483330822,0.014922747216889383,0.001257467501162591,0.0010817914067111235
2021-06-14,-0.004475005419098288,-0.004490937922459692,6555180132.71414,0.04021538556428739,0.045766806187784635,-0.0022982409135215353,-0.01582054692306652,-0.25226162360896004,0.013522306009544984,-0.00017996406833131312,-0.0002657778113690213
2021-06-15,-0.018766998379711186,-0.018492917465550485,6731794513.84064,-0.016079635589043757,0.026025182242497356,-0.0029888567850749467,-0.016012627148524448,-1.6884286188287432,0.0130237703634495,0.0003017664950459305,-0.000992219351931558
2021-06-16,-0.03391494897039882,-0.03367368590870057,6669003234.20805,-0.06310784940018839,0.039033125152570736,-0.004245651844638569,-0.016052945941918736,-2.5778772901010454,0.011807294097280168,0.002140299492039003,-0.0017506942777929001
2021-06-17,-0.011900270398324198,-0.011931479264325473,6695512370.52803,-0.025304003942982635,0.03637856300246562,-0.004389529101943991,-0.015808764789926422,-0.6481132872670406,0.011419235687982431,0.000301124489081755,-0.000610275245332526
2021-06-18,-0.033367729681417435,-0.03297744377998979,8552190538.28243,-0.04770390928463755,0.06554137576055592,-0.005674367025492024,-0.0156930148814191,-2.0973180163076894,0.010018647855927074,0.0015917711497566453,-0.0016557660463601819
2021-06-19,0.012105638916504402,0.012495750624828883,6458695705.42715,-0.010991622236280895,0.03862164466495003,-0.004893843153712345,-0.01487075240842153,1.2351566784353492,0.009976909254709185,-0.00013306060989903715,0.0005845532516361218
2021-06-20,-0.0007147923440306014,-0.00038912353017506174,8843020670.459919,0.02725530848310024,0.08332767799003366,-0.005143086152865401,-0.014092462094389864,0.324874493565574,0.008949375941524463,-1.9481885837912357e-05,-3.45934220315552e-05
2021-06-21,-0.004358329878951572,-0.004358497865943778,16807647822.40997,-0.13477347813549126,0.0817418928830398,-0.0059339035677900736,-0.013871196147748758,0.12082377479620286,0.007937292579958684,0.000587387276648138,-0.00020976060902155698
2021-06-22,0.006503569430855505,0.006994806909399687,14223120472.28595,-0.049959131788073374,0.048871241370861365,-0.005231796137279267,-0.013423329404247048,0.8820858187928233,0.008191533266967782,-0.0003249126822889955,0.0003142867644889071
2021-06-23,0.01769379258884185,0.017902803732258388,8043287560.77444,-0.022317012086304787,0.04178394571333018,-0.003879410007257381,-0.012976752229033408,1.5259917932460243,0.009097342221776026,-0.00039487258305775366,0.000847476173765498
2021-06-24,0.01134261420414151,0.01157611973928696,6018280271.63026,0.043921162428624747,0.03187700696257197,-0.0028182211875861915,-0.012500934593231088,0.982424511044325,0.009682713405644895,0.0004981808008253255,0.0005377440606214592
2021-06-25,-0.006977048649600914,-0.007085648371336628,9024571644.12839,-0.09835762334137924,0.062599670674653,-0.0025625097941810874,-0.012273697201601663,-0.30906090423792015,0.009711187407420576,0.0006862459231119254,-0.0003344794191285855
2021-06-26,0.015449122846600272,0.015800029280959027,8078889026.41593,0.005785260198902499,0.05494036925218668,-0.0014624360363048514,-0.01150953758854688,1.14623814981748,0.01004710155224203,8.937719551239183e-05,0.0007389016343722506
2021-06-27,0.021338237452175113,0.022014678205489302,6776865023.89345,0.051595446245206275,0.08641984533668341,-0.000898142993240922,-0.011021261969269098,1.4433640088613215,0.010123118976028175,0.0011009558834311484,0.001082346138677287
2021-06-28,0.01146710940879836,0.011496772418436718,10414575455.76256,0.0574769240281904,0.07458109457312738,0.00015231579503921776,-0.010943521270314402,0.7316937347645045,0.01109583706535362,0.0006590941763124507,0.0005904404028194176
2021-06-29,0.005338529284869775,0.005511785149457049,9211767303.62075,0.029001121135070043,0.04007791515307767,0.0006450027095838603,-0.010722278325133592,0.30366960440102136,0.011367281034717453,0.0001548233344736272,0.00026398279438232094
2021-06-30,0.008091999985564868,0.008555618043422086,9905282259.92462,0.06738505952905731,0.07199371396974201,0.0006271048820679425,-0.010532103363722024,0.4832669105971349,0.011159208245789967,0.0005452799007364196,0.0004154479834194191
2021-07-01,-0.018958976992830667,-0.01899592360303104,9572977503.666851,-0.03736940326751277,0.030096181982995497,4.177089702278327e-05,-0.01044961930359847,-1.1904277558461167,0.010491390200621252,0.0007084856567845858,-0.0009715131958772427
2021-07-02,0.012131121290272828,0.01234127803673224,8073817364.15074,0.05370107132507484,0.050356139700099604,0.0005469516410291364,-0.009715805577963903,0.7160928327391718,0.01026275721899304,0.000651454209662075,0.0006321904371826806
2021-07-03,0.01564376753803942,0.015913339412436,6500249029.39124,0.04393542032773083,0.031151696386486308,0.000999945489779642,-0.009433052515098385,0.8890345298553862,0.010432998004878027,0.0006873155022930729,0.0008124228936611819
2021-07-04,-0.0022680689274504617,-0.00223648510083585,7390321295.6183,0.04984026420209034,0.05763703578545466,6.682539546903634e-05,-0.0089603082672867,-0.145475855040262,0.009027133662755735,-0.00011304115457268267,-0.00011867639609188616
2021-07-05,-0.024948439744713058,-0.024740882234585482,10086981165.22405,-0.03059247849149773,0.04495045196467141,-0.0009081000486078574,-0.009142223507210289,-1.4193957662837604,0.008234123458602432,0.0007632346062865613,-0.0013044538478674621
2021-07-06,0.0017198783031269205,0.0017127892192740912,9626162967.33224,0.037784388354839674,0.04899485320652017,6.746550771776665e-05,-0.008453305928800586,0.10051392935301669,0.008520771436518353,6.498454972841023e-05,9.180673048333451e-05
2021-07-07,-0.013209653768734286,-0.012911817203998477,7340606730.55211,-0.009630962075457432,0.03393080201895246,0.0010534319458922682,-0.00791127038001528,-0.9609295879758437,0.008964702325907547,0.00012722167447660324,-0.0007019189306320875
2021-07-08,-0.020705701086481065,-0.020551315994018382,9080261738.94438,-0.0633888591676523,0.03926049343131396,0.000634125722646703,-0.007610364933409867,-1.3908341358628211,0.00824449065605657,0.0013125107701384535,-0.0011030765537646328
2021-07-09,0.009249833807864594,0.009372913372533764,8846405222.35686,0.013001317337226492,0.05191195289722316,0.0026635335078506093,-0.0068894249922548546,0.4950648301401033,0.009552958500105464,0.00012026002465265367,0.00048677277983588576
2021-07-10,-0.01230309568011878,-0.012131974959860958,5940286610.7685,-0.010863783253207897,0.01748357991972045,0.0015012128127733146,-0.006868370291071129,-1.022350827118404,0.008369583103844443,0.00013365816481228883,-0.0006350667943412805
2021-07-11,0.012361407519507095,0.01255829693329158,4578291195.14697,0.023710508703106738,0.01732702667798737,0.0021238889967513004,-0.005961429001393137,0.7475180949162534,0.008085317998144437,0.00029309526057392203,0.0005992262401100872
2021-07-12,-0.03754382441885806,-0.03767762366600769,6135599771.18761,-0.06311106806695971,0.040621409927024496,0.0005436273519938483,-0.005774045715572134,-2.3552279085100203,0.0063176730675659825,0.002369430858392535,-0.0017464429339231749
2021-07-13,-0.012246733236818796,-0.011894141061045138,7240764577.16506,-0.044261278312213076,0.04166416223420011,-0.00034924420360968984,-0.005465590248611794,-0.7280022389901712,0.0051163460450021035,0.0005420560682102668,-0.0005654837791763177
2021-07-14,0.00540992412732666,0.005543767223371132,8306491741.378981,0.0569949809705207,0.03765641381275119,-0.0009341903208246989,-0.004849963785916328,0.39955926356115695,0.003915773465091629,0.0003083385226889438,0.0002487358983982286
2021-07-15,-0.0012538153824827036,-0.0010185224427222694,7547129300.45538,-0.030054144604923335,0.024568622658704402,-0.0015340203011401377,-0.0046283112871290406,0.017931108828308156,0.003094290985988903,3.768234881301243e-05,-5.721120373094157e-05
2021-07-16,-0.0038758507975024115,-0.003493878454764121,7227056616.37395,-0.0379416710602862,0.06141014755838027,-0.0013863442129449708,-0.004354307907242048,-0.15971334722608074,0.002967963694297077,0.00014705625603758445,-0.0001766343160615394
2021-07-17,0.010526899628017228,0.010824142628669264,5965787509.4647,0.016912913835169262,0.019500884078019958,-0.0016207357947822586,-0.0036234666408049305,0.791025030737703,0.002002730846022672,0.00017804054636013072,0.00046197771388270124
2021-07-18,-0.002252914539070505,-0.002066911274127836,6490340037.90537,-0.04667074528568383,0.04187388948182891,-0.002744123984841574,-0.003230073501865415,0.03404522846800491,0.0004859495170238411,0.00010514520060337335,-9.409120208172146e-05
2021-07-19,-0.030015699296638276,-0.02961051773218959,6135968039.40363,-0.035859415302142705,0.028337411078576027,-0.004719495827957604,-0.003264069100911843,-1.663780687180751,-0.001455426727045761,0.0010763454266623847,-0.0011874850746887247
2021-07-20,-0.0009026870920439967,-0.0008155304479585679,7956472622.46679,0.0325687504417982,0.034663579685499005,-0.0050166966078106405,-0.0032287909474932944,0.2732125652445,-0.0017879056603173462,-2.9399390627813452e-05,-3.5479490653227314e-05
2021-07-21,0.02833496443674499,0.028284414226530608,10439929115.58029,0.10276969152648623,0.05875813655412908,-0.004052745919659206,-0.002228934668700532,1.960948895928555,-0.0018238112509586742,0.0029119755545782403,0.0010958275899077558
2021-07-22,0.0037036900162534803,0.0039270106861690746,7466590230.05726,0.02400149222418842,0.026658577178845365,-0.0029735713001790088,-0.0021517936777154874,0.4113739371956416,-0.0008217776224635214,8.889408712591219e-05,0.0001426303840443581
2021-07-23,0.01613205189909772,0.016536440391525353,6648633427.28004,0.03099807920834514,0.05274141953364269,-0.0027830507949968713,-0.0018016172409314984,1.150559852846092,-0.0009814335540653729,0.0005000626225613659,0.0006230832556519255
2021-07-24,-0.0010594916288005907,-0.000813312646663733,6230603831.2898,0.02092235926406371,0.020991644524389175,-0.0035784440886559195,-0.0017781188208904363,0.15843484407314407,-0.0018003252677654832,-2.2167064495033988e-05,-4.04091365601841e-05
2021-07-25,-6.473380908544879e-05,0.0001528548507532257,5715783682.52749,0.01701698012559127,0.024163105320352585,-0.0034735233687337758,-0.0016563952764603934,0.21418288602608654,-0.0018171280922733824,-1.1015739426609018e-06,-2.3657696897336008e-06
2021-07-26,-0.012558128946866476,-0.01253469145314734,13069147530.17464,-0.039783298838791635,0.05981261162228629,-0.0028835085688363195,-0.0020299498436552373,-0.6324499264806751,-0.0008535587251810822,0.0004996037967492687,-0.00046783857635985187
2021-07-27,-0.006835065158021014,-0.006589341258211756,9128465396.90154,0.056159595759765715,0.05234038016513173,-0.003290886828890983,-0.002070759368749388,-0.2319148883868286,-0.001220127460141595,-0.00038385449626611933,-0.00025572135068157686
2021-07-28,-0.017541703480324244,-0.017196353822825694,7597061765.536731,0.005654893110017555,0.024325226728415212,-0.003497174910395267,-0.002229798269713856,-0.908964752989208,-0.0012673766406814109,-9.919645814885654e-05,-0.0006482667458012054
2021-07-29,0.016383561308059402,0.01677539089290847,5488185704.97631,0.04505980141244506,0.034847093375975,-0.0017310195582742921,-0.0018288076458571932,1.1682753854443355,9.778808758290113e-05,0.0007382400189697753,0.0006020235368565186
2021-07-30,-0.001993003612020705,-0.0016547043575116938,8490960948.10425,0.015911632065760795,0.048066697134051255,-0.0022663927687450207,-0.0017590754287954786,0.01786853239226622,-0.000507317339949542,-3.171194018020574e-05,-7.286914893895157e-05
2021-07-31,-0.0019619833028110545,-0.0017808312107876478,5836744313.47873,0.026647206618411703,0.03198070928872529,-0.0017739588460160814,-0.001722196395651704,-0.012430318525037147,-5.176245036437742e-05,-5.228137445187998e-05,-7.30894041536497e-05
2021-08-01,-0.006965902467245599,-0.0068624615448809045,10920759980.85322,-0.02359685690252736,0.048224124046161894,-0.0026943069406233527,-0.001904501365579151,-0.28846840343473945,-0.0007898055750442017,0.0001643734037165567,-0.00026974835215719055
2021-08-02,-0.012046645293130598,-0.011838247288129322,9757084146.95917,0.01865717814572058,0.031992052900144084,-0.0014801555536839493,-0.0022901439231600585,-0.8317923449797789,0.0008099883694761092,-0.0002247564072922439,-0.00046154535201686515
2021-08-03,-0.02304584653002184,-0.02308809093087305,10108119599.97699,-0.010756226182866115,0.023517450131935045,-0.0019943990438364752,-0.0025251464615751442,-1.5754247033486604,0.000530747417738669,0.0002478863378525351,-0.0008630451982117202
2021-08-04,0.005899246813375392,0.006021521350665582,12137903905.430979,0.09231247557782084,0.06720436680351258,-0.0019710979635484405,-0.0022615660972101735,0.5883766545136645,0.00029046813366173305,0.0005445740773872532,0.00022922173249018997
2021-08-05,-0.012077369570816066,-0.01163910003944002,17419363268.20104,0.041462647078845706,0.05920843834686463,-0.0024865053058500293,-0.002279582264858786,-0.7075681826638205,-0.0002069230409912433,-0.0005007597121555367,-0.0004892012996103345
2021-08-06,-0.008247088750288234,-0.008017066428664954,11184522371.32228,0.04610421952504045,0.05173084616116676,-0.0026946594940779256,-0.002214504500401328,-0.40795079393652856,-0.0004801549936765976,-0.0003802255901857802,-0.0003302521729412747
2021-08-07,-0.0031100684501150777,-0.0031033645235888363,15898690989.9526,0.07448691306463544,0.057664518395432185,-0.00334403892636994,-0.0021424035858190167,0.017632578014578366,-0.0012016353405509233,-0.00023165939826878728,-0.00013019372669779034
2021-08-08,-0.024764797595897226,-0.024667130602884724,12960508391.08436,-0.03475651080546465,0.030988742782891685,-0.004416033357647403,-0.0026861001119099664,-1.4470435088664229,-0.0017299332457374364,0.0008607379552369469,-0.0010238676922514505
2021-08-09,-0.021382254861728067,-0.021523924088768576,15308758012.82675,0.06988900044852381,0.06321611332434512,-0.004004916955985012,-0.0028573656629677993,-1.298131303011602,-0.001147551293017213,-0.0014943844196217632,-0.0009195345374874373
2021-08-10,-0.02685327208150967,-0.026484330730490724,12596399140.64382,0.00843886864586477,0.012952269758650527,-0.0052406590983405206,-0.0032041176655224334,-1.5161085761677013,-0.002036541432818087,-0.00022661123580752776,-0.001127050401593947
2021-08-11,-0.021332884336788482,-0.021193379921906064,10431960240.70598,6.3260910132744656e-06,0.03786533355826576,-0.007605794754223067,-0.0036771452639381102,-1.1064390200383696,-0.003928649490284956,-1.3495376789018124e-07,-0.00087413192183757
2021-08-12,-0.025591183495474956,-0.02570683741322044,11298867650.12576,-0.05367120629531958,0.03510691437113923,-0.009000788730972039,-0.003977529711376089,-1.3048440700266586,-0.00502325901959595,0.001373509688727014,-0.0010589144989450142
2021-08-13,-0.007592476246690794,-0.007298173673707442,10556999488.07876,0.06421527980221647,0.04518739215191459,-0.010130528166485778,-0.0041222091068178375,0.2236072006911047,-0.0060083190596679405,-0.0004875529865729317,-0.0003114310942274704
2021-08-14,-0.031487636841253885,-0.031349910356324395,7541715652.47723,-0.00995848487246845,0.020628554029032565,-0.011579487462316887,-0.004719328687064388,-1.6514528572054803,-0.006860158775252499,0.0003135691551534071,-0.0012910275075804878
2021-08-15,-0.024860112921969768,-0.02469387433576975,9176432710.68574,0.019298574489750142,0.0447007818891624,-0.012760219801025666,-0.005388972591430135,-1.0012338671031755,-0.007371247209595531,-0.0004797647410482336,-0.0010436045945388715
2021-08-16,-0.040853652499367676,-0.040381259550259174,9165693580.68069,-0.036674254972172755,0.027083176868857257,-0.014107625684478103,-0.005966411433974093,-1.973887189037481,-0.00814121425050401,0.001498277268306353,-0.0016513263880336805
2021-08-17,-0.032629963685686936,-0.032006470643824114,11313021664.72633,-0.05785624517510181,0.05451722704905471,-0.015335954185795527,-0.006186458502322915,-1.2336333372701414,-0.009149495683472612,0.001887847179053772,-0.0013223029088390778
2021-08-18,-0.016148106512404614,-0.01572479400336091,8870183227.13909,-0.012462452972601356,0.046483669474248854,-0.015269592425418402,-0.0059044451299738,-0.06270132601402516,-0.009365147295444602,0.0002012450180074002,-0.0006714278662075044
2021-08-19,-0.012203335076858113,-0.011827000034610013,8517882649.26069,0.0714760484899658,0.0443067992794065,-0.01663087320565257,-0.00590925568042672,0.3680184364528771,-0.010721617525225848,-0.000872246169692811,-0.0005129039521251576
2021-08-20,-0.013752224588803541,-0.01365650140870589,7213472444.69804,0.020139869470934317,0.028524633306694722,-0.017190836109308896,-0.0055978984567344355,0.2969281683238128,-0.01159293765257446,-0.0002769680081534767,-0.0005652060273154011
2021-08-21,-0.03560439960141093,-0.03538885325065455,6008937521.2707,-0.016104437408506377,0.023242620091140136,-0.018792855933051748,-0.006355200655431504,-1.4374986408500063,-0.012437655277620243,0.0005733888248483718,-0.0014484989172385016
2021-08-22,-0.02588326280159714,-0.02571860773166723,5694971586.81129,0.003950668219197142,0.03341416651872196,-0.019693682615639915,-0.006754700186503989,-0.5398786493037886,-0.012938982429135926,-0.0001022561837593974,-0.0010347586980269
2021-08-23,-0.008980160084061661,-0.008980536168485154,8087347064.89252,-0.007423453840594874,0.011228187036041197,-0.019547659510446156,-0.006828062570712086,0.9120985840164824,-0.01271959693973407,6.666380386518433e-05,-0.00035012883049091904
2021-08-24,-0.03802660853705686,-0.03775069099205541,8206532013.99988,-0.04711172718097564,0.03803362843515499,-0.020261029129828776,-0.0075348907924249805,-1.449776285361629,-0.012726138337403796,0.0017914992070155822,-0.001508911000511096
2021-08-25,-0.033066788089939125,-0.032807394885836394,7633000732.16727,0.015894415706141425,0.028355957584133524,-0.02211655460141518,-0.008340614295262774,-0.9974267196547136,-0.013775940306152408,-0.0005255772759683786,-0.0012509322929429368
2021-08-26,-0.035073664793964676,-0.035139618008557694,7377079755.832561,-0.01804696090231889,0.0168927733510382,-0.023211616278707974,-0.009077380628566046,-1.0712074934289515,-0.014134235650141928,0.000632973057237719,-0.0012561788462653134
2021-08-27,0.019044703960143572,0.01943301094409966,7072538774.15535,0.05613246485722616,0.032254052866725794,-0.021912007102020743,-0.00866433693634788,2.903835968094412,-0.013247670165672864,0.001069026175759035,0.0006644311893095323
2021-08-28,-0.03958809560101162,-0.0394368791218227,3648997299.15339,0.00026795160399994446,0.011523988380245374,-0.0236490560139682,-0.009537943578373466,-1.1452097680947086,-0.014111112435594734,-1.0607693715594209e-05,-0.0012941668589718355
2021-08-29,-0.022747730858333814,-0.022576392878453477,5275349676.12545,0.013964801940190487,0.015305874809487276,-0.02355300521694137,-0.010237720853143449,0.057863122733356365,-0.01331528436379792,-0.0003176675560253911,-0.0007266536381708651
2021-08-30,-0.02302008791202359,-0.022722983676800812,8211167690.59126,0.021350429775360367,0.051212959510473055,-0.02363099726695544,-0.010785136683632686,0.043922830459268425,-0.012845860583322755,-0.0004914887703882817,-0.0007221960202305111
2021-08-31,-0.007419046980477906,-0.007217617117683539,12096403303.17363,0.05762372744664105,0.04534727443406684,-0.02270555797643012,-0.01098763789419376,1.0672013037515005,-0.011717920082236358,-0.0004275131411168841,-0.0002441982722835387
2021-09-01,0.019574065614800018,0.019853480899410414,12019155034.32282,0.10659260717996878,0.05443505888767893,-0.02075760797873543,-0.0108053828842059,2.366421429132851,-0.00995222509452953,0.0020864506869933126,0.0006597258830298422
2021-09-02,-0.040900038218164236,-0.04076872394700026,7549206070.15826,0.004934361964671879,0.013614453994608679,-0.021486601060768253,-0.011153653697306434,-1.104330388883906,-0.010332947363461818,-0.0002018155929373358,-0.0013366390158921894
2021-09-03,-0.013596493957187095,-0.013427176131211582,10327395607.95398,0.034290901957682994,0.041338513941190154,-0.02177250666602998,-0.01156202854250421,0.4701584622691667,-0.010210478123525771,-0.0004662360412541319,-0.0004418500240243239
2021-09-04,-0.041309250738490566,-0.041202687119926584,5898345690.61458,-0.008641861599107273,0.019266201074976917,-0.022240202565898395,-0.012466044705623734,-1.0717951384308804,-0.00977415786027466,0.0003569888276448554,-0.0013397612886287481
2021-09-05,-0.03323063401556736,-0.03297507549057577,5811218020.16181,0.02679694376989011,0.01789508839388078,-0.022638798808450662,-0.0129575139927367,-0.5901923271310108,-0.009681284815713962,-0.0008904794311529562,-0.0010353341164798743
2021-09-06,-0.05048835803983165,-0.05025856149652175,5785284739.10346,0.005269650528857729,0.015978193645697757,-0.023097594310377518,-0.013362909521230646,-1.4767174878534883,-0.009734684789146872,-0.00026605600264575723,-0.0015463173328263214
2021-09-07,-0.05753167696425865,-0.05769475415514158,17735945429.50642,-0.1316945538301508,0.0920667445402114,-0.024283390180785694,-0.014303410398490734,-1.6680343376860112,-0.00997997978229496,0.007576608528908408,-0.0018649053068649788
2021-09-08,-0.001067970087388681,-0.0009133803774603599,10180478366.96899,0.019199777019964434,0.07375716622034797,-0.023565288446261125,-0.014110685260691598,1.0972260842395285,-0.009454603185569527,-2.0504787541854608e-05,-3.600556062909786e-05
2021-09-09,-0.013432440287080127,-0.013241118046303235,6915562238.84697,-0.012998775306764326,0.025996798197342977,-0.023623817265795505,-0.013995236676574123,0.49783276591468417,-0.009628580589221383,0.00017460527311328347,-0.0004411496976083478
2021-09-10,-0.028495312813226925,-0.028218439035048504,7664857100.21164,-0.07712049177708959,0.04805931163881321,-0.024325869086006143,-0.01459436598802002,-0.20469993133562514,-0.009731503097986123,0.0021975725374980626,-0.0009623532211548483
2021-09-11,-0.005573246978850088,-0.005541406282882577,4634941547.10116,0.007431369612875049,0.017921745630862955,-0.022895814199217532,-0.014487542992761787,0.8413039853546364,-0.008408271206455745,-4.141685824367421e-05,-0.0001868094370052865
2021-09-12,-0.009440004900532872,-0.009354710966631652,5125794285.18948,0.022760825088200903,0.035081627829268346,-0.02211280191821447,-0.014833597158159247,0.6097789404550068,-0.0072792047600552245,-0.00021486230037278807,-0.00031716870121164875
2021-09-13,-0.02554477516243836,-0.025200585186504143,8628300678.82541,0.007981444572037902,0.03262714826805957,-0.022901593112422885,-0.014643136058850998,-0.12848111687212646,-0.008258457053571887,-0.00020388420706417227,-0.000884292679905136
2021-09-14,0.012538988297475795,0.012810679569650096,5132621489.63076,0.04250114596573705,0.033477430916671456,-0.020493707548873714,-0.014249711907512988,1.5261141473574364,-0.006243995641360725,0.0005329213718936875,0.0004313461916022101
2021-09-15,0.004366700162178105,0.004784858277571358,5729547036.04413,0.06235134911510565,0.035322894548881614,-0.018711160489249083,-0.014266271018070901,1.0445077288617288,-0.004444889471178182,0.0002722696462929555,0.00015166491645319296
2021-09-16,-0.021331367475264984,-0.020936044114250763,6749807268.0306,0.007729080584538952,0.030043136232095865,-0.01805676537883481,-0.014584962321130938,-0.15030073999280047,-0.003471803057703872,-0.00016487185819473628,-0.0007542422760847492
2021-09-17,-0.04258844551889873,-0.042466107168129374,5777910858.46376,-0.04729943129966946,0.026079839113503055,-0.020991677258789206,-0.015199447951629292,-1.0452716530408999,-0.005792229307159913,0.0020144092529808663,-0.0014933363628552852
2021-09-18,-0.029165517870059388,-0.028909910621098378,4822132415.0909195,-0.00467561983235439,0.01889671059516785,-0.020495364033505766,-0.015829486324614634,-0.4267938138762294,-0.004665877708891132,0.00013636687377413604,-0.0010329095543431665
2021-09-19,-0.04033751518086415,-0.03989322711517629,4746244212.53249,-0.025249911714142613,0.03717920677556938,-0.021332972810769117,-0.016434003795119296,-0.9150143969245954,-0.004898969015649821,0.0010185186970847072,-0.0014705857597970416
2021-09-20,-0.043722589407556134,-0.04384741518908519,12039370935.18889,-0.06785826305706023,0.04805887711930891,-0.022318806215318284,-0.016651573479419576,-1.0031151867239634,-0.005667232735898708,0.0029669389735537794,-0.0015874286041199785
2021-09-21,-0.022069281117241046,-0.021260380682414204,12492102976.07246,-0.08098798613397074,0.07129888933357316,-0.023016436412307006,-0.016987551162359213,0.04496656803031427,-0.006028885249947793,0.00178734663310982,-0.0008285386524158672
2021-09-22,0.022732089155441892,0.022827808684914963,7869352817.07343,0.07079912596690399,0.05200069847641796,-0.022866054338943106,-0.017076485690633865,2.1315970391923047,-0.0057895686483092415,0.0016094120436070227,0.0008507870557410192
2021-09-23,-0.001944895906003552,-0.0018927251446929638,6041895582.92996,0.01053872241266465,0.03451104735878675,-0.021011047562173552,-0.01716614578463795,0.8893425368054538,-0.003844901777535603,-2.049671807489935e-05,-7.472635242198522e-05
2021-09-24,-0.006459491202660539,-0.006401128319663885,10865785866.61314,-0.04901843980992241,0.09090458653831816,-0.020671190288148476,-0.017524741706888076,0.6574097739715775,-0.0031464485812604005,0.00031663418072033897,-0.00026343138315687684
2021-09-25,0.001967058850048664,0.002293429063380259,6479851719.41051,0.0036079083796564247,0.013235875332053733,-0.01861041364107518,-0.01747670122309682,0.9520135046125746,-0.0011337124179783588,7.096968108367906e-06,7.965586235851538e-05
2021-09-26,0.011512136280376062,0.01232763968604611,8086407799.8204,0.06531262260837989,0.0815859036193712,-0.01647980553174454,-0.01729294138040696,1.255472499125323,0.0008131358486624177,0.00075188781229644,0.0005010979830890595
2021-09-27,-0.018550500004064885,-0.01811151302698355,6207785919.1174,-0.06821727092796234,0.03593688615933901,-0.01495895514908898,-0.017388058381314866,-0.17179397764046522,0.0024291032322258863,0.0012654644846264607,-0.0008250931358806923
2021-09-28,-0.009500214748932367,-0.009048554159446276,6842995160.865601,-0.04991906717396756,0.038064881569168346,-0.012671742662644873,-0.017430362343075365,0.17138616368235457,0.004758619680430492,0.0004742418582190722,-0.00039812263198977355
2021-09-29,-0.002256615140640239,-0.0019937489157402233,5329924985.4215,-0.0164039424273572,0.034972904267716244,-0.012728344808037802,-0.01718774189323911,0.5669688485682761,0.004459397085201308,3.701738484776505e-05,-9.039961563418951e-05
2021-09-30,0.007293558039979775,0.007261823253722266,6442115144.18377,-0.009301651785470816,0.017682687014398166,-0.011741392506749236,-0.017332027659399105,1.00305569804044,0.0055906351526498685,-6.78421371650129e-05,0.0002892910916162854
2021-10-01,0.035107029080898355,0.035254587570695994,7658451348.34575,0.0978434743237282,0.05785183315425592,-0.008712709559409938,-0.016743138251574995,2.074465304644509,0.008030428692165057,0.0034349936984592573,0.0014088531179517697
2021-10-02,0.0041291579649040955,0.004256002980304041,5321010602.50726,0.03609115522448963,0.0431578451175676,-0.008250690276374024,-0.016646453469547767,0.5811902719896619,0.008395763193173743,0.0001490260810577914,0.00017066614255258167
2021-10-03,-0.010732031610400594,-0.010444645201902913,4489154260.98601,0.0036723532142771765,0.02508708082170199,-0.008312215357796296,-0.016706233297216894,-0.113572673411016,0.008394017939420599,-3.941181078017888e-05,-0.0004384680686439401
2021-10-04,-0.01161931297166996,-0.011285856516216719,6593223607.9167,0.0147713612672276,0.03755789812581312,-0.007649098110616849,-0.016699450244495297,-0.18944561234703686,0.009050352133878448,-0.00017163306958152086,-0.00047744703819103853
2021-10-05,-0.003668953146387266,-0.0035492701481139033,5084407350.48579,0.03735869822018946,0.028760856010863367,-0.008420904846038899,-0.016391880508247126,0.23215212787560188,0.007970975662208227,-0.00013706731337989646,-0.00014993623199844943
2021-10-06,-0.018141696547849584,-0.01794629644048984,7490086402.70969,0.02514255094466375,0.07166774486627725,-0.009492733260802123,-0.016773482783822128,-0.42490532227100286,0.007280749523020005,-0.00045612852967693863,-0.0007727804549131046
2021-10-07,-0.026553252217016876,-0.026198654749672312,6469443460.61853,0.018979199396240317,0.029851424056227375,-0.009741394438980784,-0.01700325869884119,-0.8185746848247819,0.007261864259860406,-0.0005039594684454235,-0.0011308444372506896
2021-10-08,-0.04035592133785293,-0.040140523287015895,5420718273.95965,-0.003411863585933099,0.019787182442073482,-0.00963508376369289,-0.017512922708167615,-1.5085498882714945,0.007877838944474726,0.00013768889848940098,-0.0017065770027064444
2021-10-09,-0.019572140206712274,-0.019405853648592486,3261401758.35606,-0.0008130183963679135,0.00972452021027731,-0.009178256255914456,-0.017774225434462807,-0.5194615456902818,0.008595969178548352,1.5912510044349176e-05,-0.0008191209358833626
2021-10-10,-0.05048711540599826,-0.05005792563891054,5358091720.90991,-0.03379993626882381,0.03769603811914782,-0.009661570552349412,-0.0181825161933533,-1.9531982296844392,0.008520945641003889,0.001706461283119494,-0.0021141976266403277
2021-10-11,-0.018760736460860628,-0.019045676058871197,6627188014.14814,0.006620609161833878,0.03063246022857608,-0.008472910888221056,-0.018140904790164926,-0.5266897053324257,0.00966799390194387,-0.00012420750369552475,-0.0007700560858071284
2021-10-12,-0.015811645076589165,-0.01565442945729767,6921948842.21512,0.0014812376914116454,0.020529195234871615,-0.008174928219618585,-0.017965640869451904,-0.39441394590739365,0.009790712649833319,-2.3420804650667243e-05,-0.0006107809214619473
2021-10-13,-0.01964619622063868,-0.019170965301729126,5716317657.28848,0.029924902959679433,0.03623184751135222,-0.010192941808955755,-0.017938868042211432,-0.5208300851867305,0.007745926233255677,-0.0005879105154294333,-0.0007441517889560137
2021-10-14,-0.0011550466660490422,-0.001095951164098219,6464841242.57513,0.03976622205895724,0.03533391958191854,-0.010155329940386492,-0.017550992854442764,0.49536162615982965,0.007395662914056272,-4.5931842210564437e-05,-4.379571577793024e-05
2021-10-15,-0.032323825055176614,-0.03220680422644273,6986614680.17821,0.012681061025775795,0.01849251010231312,-0.0113869648857444,-0.017943553946640954,-1.1152840178600543,0.006556589060896553,-0.0004099003981111953,-0.001114158371668357
2021-10-16,-0.047233737770073336,-0.04693998153920731,5439841445.65477,-0.00337779649948507,0.03488016656504816,-0.013729859962893068,-0.018193492056622212,-1.6710576526225267,0.004463632093729145,0.00015954595409734944,-0.0016767657175968814
2021-10-17,-0.052092243031205965,-0.05168499014356154,6142893874.59043,-0.007610520679319088,0.02970761916465311,-0.016758639930111258,-0.018625748090102156,-1.6959184519109423,0.0018671081599908983,0.00039644909282110865,-0.0017205509750058167
2021-10-18,-0.04974978143239883,-0.04959370424306575,6698042946.90319,-0.028454964657006837,0.02545250290544975,-0.018244319998127163,-0.01876695648586455,-1.429089152049032,0.0005226364877373886,0.0014156282723527236,-0.0016183440840778624
2021-10-19,-0.03551858156480758,-0.035224697719911546,6744236733.28791,0.014354834927232066,0.021326334067799296,-0.01948328984650217,-0.018812807563310913,-0.7203661183404463,-0.0006704822831912587,-0.0005098633752122409,-0.0011270968898924245
2021-10-20,-0.02569688258156999,-0.025690684543475673,9128464233.64793,0.07892765303183688,0.057487648515736095,-0.020599493057975017,-0.01896437543742465,-0.23235132746433693,-0.0016351176205503665,-0.002028194632398009,-0.000842979275126769
2021-10-21,-0.040866266301175846,-0.040581290109483525,15910566499.34866,-0.03219286499958645,0.03401248278077421,-0.022892818026601473,-0.019419342599715405,-0.8403928945709295,-0.0034734754268860683,0.0013156021940709031,-0.0013723847902641733
2021-10-22,-0.0493831015469558,-0.049261953144947634,8543803309.03356,-0.04535907092484607,0.03972407914108594,-0.026916157580308814,-0.019984912075241633,-1.281644707209862,-0.006931245505067182,0.0022399716055572436,-0.001615771238816236
2021-10-23,-0.015891788901756687,-0.015601646074271502,6054898527.29019,0.03527254095105791,0.024492538596508524,-0.027869536002530757,-0.01967201349270744,0.7368655674985423,-0.008197522509823318,-0.0005605437748227804,-0.0005058402183715495
2021-10-24,-0.045401628583583764,-0.04535777424400489,6104092135.26068,-0.012954910168722177,0.024843688187159544,-0.029520469191729955,-0.01998182882258024,-0.9810532055156482,-0.009538640369149715,0.0005881740198140168,-0.0014446207051801551
2021-10-25,-0.025874591006345815,-0.025746092736028903,5782790674.75053,0.020388053848417062,0.024099035724251795,-0.03019929195528595,-0.020249994392775226,0.2756178943710662,-0.009949297562510725,-0.0005275325547431463,-0.000806712816100143
2021-10-26,-0.039727156889426296,-0.039577071522482354,6994107155.70646,-0.0227281423439919,0.023069643744735906,-0.031916349276383045,-0.020276987223765218,-0.5358729235133174,-0.011639362052617827,0.0009029244767049794,-0.001227838879664336
2021-10-27,-0.03546704354124641,-0.03529920472132675,10763105133.4298,-0.0714791775996554,0.0444956268561827,-0.03274136579987813,-0.02031508651664311,-0.19135962914107296,-0.01242627928323502,0.0025351551042194632,-0.0010502812768735652
2021-10-28,-0.004003676975306902,-0.003734579002378946,9229357434.93807,0.0701700064128078,0.043899263801748016,-0.03166757650265385,-0.019821912106823148,1.7817973314741955,-0.011845664395830704,-0.00028093803903209624,-0.00012123864142027439
2021-10-29,-0.017296543185551294,-0.01710689659199971,8133818992.52625,0.008560737408998624,0.03352454028821856,-0.030569510876353772,-0.020398757299611957,0.8456733889419912,-0.010170753576741815,-0.0001480711642949092,-0.0005350855810425868
2021-10-30,-0.03748023262306355,-0.037194559801952076,4951230218.09777,-0.005085524856732572,0.018397490645882447,-0.03142227718189431,-0.020365299157104843,-0.3894886558983138,-0.011056978024789468,0.00019060665464070873,-0.0011749671552817081
2021-10-31,-0.024521858432600463,-0.024383147328715826,5597512700.72108,-0.01954721350318738,0.03116396008066596,-0.03018583637363727,-0.020393459912251933,0.3780044655146897,-0.009792376461385338,0.00047933400227697715,-0.0007611077532047446
2021-11-01,-0.022934516129684224,-0.022632896675830794,6622171137.335381,0.030561382052479158,0.030192882534146745,-0.030384587786438395,-0.020392101629992578,0.5016252446668754,-0.009992486156445816,-0.0007009105096280252,-0.000711359860616852
2021-11-02,0.0007714916660601645,0.0009400688900564891,6575344469.33907,0.06100672481362524,0.03298886900400947,-0.029594914608216998,-0.020262093080047526,1.891117329048213,-0.009332821528169472,4.7066179767337714e-05,2.438709586249529e-05
2021-11-03,-0.007681891156056664,-0.007487747482341822,6750265632.463881,0.002821679661767167,0.021763388634485962,-0.02902518579561785,-0.02069472731450557,1.2834161106839443,-0.008330458481112281,-2.1675836038954156e-05,-0.00023753438690719288
2021-11-04,-0.04033442996390302,-0.04015335901132222,5431479120.96728,-0.005367708857795355,0.01472775696876101,-0.03089087071456328,-0.020685749405707773,-0.6089932621342931,-0.010205121308855508,0.00021650347699136863,-0.0012076167288674548
2021-11-05,-0.030986454364014593,-0.03083028442483149,4358883948.49716,-0.015009774949136152,0.015440216618755429,-0.03082718639593652,-0.020961780523276463,-0.010273096919327778,-0.009865405872660056,0.00046509970647553683,-0.0009232336387723836
2021-11-06,-0.04203913512717272,-0.04169123190121071,4714538239.7317,0.005755906252088677,0.033453812123259624,-0.0305798243653222,-0.020973365989763484,-0.7505345119979939,-0.009606458375558718,-0.00024197332071089418,-0.0012496901239485692
2021-11-07,-0.008613271841281245,-0.008584467189954093,3816126139.5903797,0.013503522136522467,0.012057324838396917,-0.02850939716580198,-0.020582614209219263,1.3130419798355948,-0.007926782956582716,-0.00011630950697662693,-0.0002488058767950575
2021-11-08,-0.010553219353515941,-0.010426431462486008,5753273555.99257,0.0190533079564962,0.014828987965971244,-0.026642894209664696,-0.01994872311896028,1.0859765140757238,-0.006694171090704415,-0.00020107373827499498,-0.0002995051750677044
2021-11-09,-0.017181676338953178,-0.017125542309058828,5516088243.02753,-0.017752855884360833,0.012122917862068915,-0.025769708246528772,-0.019308246918558605,0.5799998329853367,-0.006461461327970167,0.00030502382389716823,-0.0004800937997090789
2021-11-10,-0.033853388127282,-0.033385925905859204,8703427804.71559,-0.013523672764052114,0.042609847713204654,-0.02615811327251506,-0.019828650379509295,-0.5160610812392644,-0.006329462893005764,0.0004578221429878088,-0.0009219540707109584
2021-11-11,-0.01930987364184089,-0.01912653094419292,5380011627.03747,0.01729479742651966,0.017543131248491727,-0.0251316183839753,-0.019921942972442003,0.3991087080406539,-0.0052096754115332974,-0.0003339603529673297,-0.000510736045501483
2021-11-12,-0.03266901570297431,-0.03257063442479624,7762478251.17218,-0.023481303020647562,0.03285684442546408,-0.024335709534261896,-0.019988192224660216,-0.6117757693835895,-0.00434751730960168,0.0007671110571078333,-0.0008533952237382915
2021-11-13,-0.024219857326380767,-0.024070729201354668,3779188246.75865,0.0011245614426522465,0.01902049428460193,-0.024732284221148756,-0.02028417016668451,0.03800283189262088,-0.004448114054464245,-2.7236717695786337e-05,-0.0006263713246851925
2021-11-14,-0.016790196093775633,-0.016639701506020455,4354962791.23766,0.0001749824751953919,0.021369486063796347,-0.023369835054967418,-0.020400839868164555,0.5174892464318694,-0.0029689951868028634,-2.9379900715048606e-06,-0.00043144849152223445
2021-11-15,-0.030771248630435233,-0.030402513189716762,6306501839.02235,-0.030085808183477662,0.023205774582272375,-0.023603009227543104,-0.020483799764481968,-0.5596979262291516,-0.003119209463061136,0.0009257778838613741,-0.0007894030631652275
2021-11-16,-0.052998206032164985,-0.05301262364404946,11760055645.2655,-0.02405145209461138,0.014949744839719031,-0.0242349639486259,-0.02152407269034928,-2.0660764715165088,-0.002710891258276619,0.00127468381348296,-0.0013391192024588708
2021-11-17,-0.018124196535887926,-0.01790408951444955,7783640525.6704,0.039040598357828325,0.033971199530646895,-0.023409114091227874,-0.021881071050636046,0.38477155182909606,-0.0015280430405918283,-0.000707579477515944,-0.0004488655206070904
2021-11-18,-0.03651932793513768,-0.036330107968848835,9439478791.19713,-0.06806290937419367,0.03699255737835967,-0.024957478422648387,-0.02212214978809434,-0.8717450053617936,-0.0028353286345540463,0.002485611707655735,-0.0008924301686675983
2021-11-19,0.004952675350020419,0.005164392914913218,6266188518.4880295,0.06761148460877978,0.03375344672092824,-0.023897991825716402,-0.02136752882192102,1.9606728092985712,-0.002530463003795381,0.00033485773320018853,0.00012108351025851906
2021-11-20,0.004644229768774988,0.0048068487042609576,4931186882.83004,0.03011663986995237,0.04951545669062562,-0.02189206504515266,-0.02083086616098714,1.699488474812752,-0.0010611988841655214,0.00013986859541950848,0.00012042445773614261
2021-11-21,-0.03228173511770782,-0.032052885642414486,4334385457.28967,-0.019787757518259837,0.024470848039943205,-0.022261582982538726,-0.020702996636175138,-0.6353663987569802,-0.0015585863463635878,0.0006387831467778956,-0.000826773648659228
2021-11-22,-0.02016751525286653,-0.019903353502269128,7905984342.52,-0.01956955556884822,0.04432213818154746,-0.022129821036023598,-0.02032910657022768,0.1243829702367042,-0.0018007144657959176,0.00039466931042656564,-0.0005300832049602596
2021-11-23,0.0005998046564128501,0.0008182438890407262,6895439496.10744,0.03828798447874078,0.04244789072552277,-0.022137996607911565,-0.019969279811915718,1.4423969234306275,-0.0021687167959958467,2.296531137501165e-05,1.6035442325119713e-05
2021-11-24,-0.016245335611241196,-0.01622891648963587,5822609661.59857,0.0049592600570033405,0.020558979613102775,-0.022545779677206067,-0.02058796909392656,0.4070200602784286,-0.001957810583279509,-8.056484400944241e-05,-0.0004333782542006935
2021-11-25,0.0006456397360632415,0.000612627092074769,5497303917.35342,0.047315830473830124,0.030678596015758626,-0.020594347786731484,-0.02054684948056042,1.3523306993598236,-4.749830617106418e-05,3.0548980298736764e-05,1.7714192862190783e-05
2021-11-26,-0.042245354090088894,-0.04261459213887675,11001572746.4512,-0.09213599818142118,0.09139493049761649,-0.0211304858689255,-0.021114879050202137,-1.2984937206171026,-1.5606818723361282e-05,0.0038923178676179243,-0.001311867932543487
2021-11-27,-0.024875576107974307,-0.024787126989048947,4148428146.1635,-0.004504737096432862,0.008547919660038424,-0.020313173534677955,-0.02154095262096441,-0.2929418019545988,0.0012277790862864554,0.00011205793048873084,-0.0007429724739491134
2021-11-28,-0.013542324799475702,-0.012838139810095517,6210487095.14454,0.0647899142758625,0.04885677849967235,-0.020547890342211023,-0.021938642479374753,0.45414824731226455,0.0013907521371637303,-0.0008774060628539177,-0.00042820700141583826
2021-11-29,0.004984268472073561,0.005135300800254816,6245171955.45936,0.03128682474958831,0.02529463150361607,-0.019808009969563906,-0.02156507472578525,1.5230406284314733,0.0017570647562213451,0.0001559419341906638,0.00016008606726543857
2021-11-30,0.0031440544723913,0.0033928746271734145,11742857991.16934,0.04309155727016099,0.04283626451240255,-0.018840118026166548,-0.021364372039732498,1.2909787009793714,0.0025242540135659505,0.00013548220335755551,0.00010557988849007229
2021-12-01,-0.009468772353782406,-0.00928254150051322,8721654100.22072,-0.037236324292951276,0.031133527899414343,-0.017678945846476092,-0.02147885072565539,0.4891734675685476,0.0037999048791792986,0.00035258227802157326,-0.00031279442028239756
2021-12-02,-0.01970381616584127,-0.019491495658025326,8009972829.01313,0.004858582451684718,0.021238308541455083,-0.017697705014285633,-0.021907380474954136,-0.11951167520859213,0.004209675460668503,-9.573261545457805e-05,-0.0006543691939567017
2021-12-03,-0.03564632028728565,-0.0350335069201958,11599142242.40267,-0.06445604786494634,0.06654276044511406,-0.017839481423062364,-0.02303044951254436,-1.0517533060441964,0.005190968089481995,0.0022976209266464915,-0.0012410041228959755
2021-12-04,-0.04563261077066705,-0.04488870746210005,13904957699.91255,0.013741423087911129,0.06322155897171441,-0.01885913634898076,-0.023820318857553424,-1.4916990713717948,0.004961182508572665,-0.0006270570112057063,-0.0016847186120103738
2021-12-05,0.0010417040997723337,0.0012447871500447238,7920029236.9875,0.008853787051249106,0.03765324088943975,-0.018009998244526093,-0.023633434163741154,1.0317486433826741,0.005623435919215061,9.223026269797394e-06,3.926661706449883e-05
2021-12-06,0.0007795397848104901,0.001288405873972387,10673116598.55363,0.04117973286964079,0.05036465223288491,-0.016507579748562012,-0.023436626977130358,0.9265370489284759,0.0069290472285683455,3.210124009975325e-05,3.0392601780950497e-05
2021-12-07,0.014013561193455315,0.014256196705123347,6040967486.5793495,-0.007768493775250314,0.021813499581702717,-0.013316543214008663,-0.0231559521463392,1.533997119569828,0.009839408932330538,-0.00010886426290044697,0.0005509392786539384
2021-12-08,0.0033643037020134603,0.003686177441535543,6276303882.73508,0.032551011539954176,0.04440914933145199,-0.01229328129791812,-0.022814587063008044,0.8631297922516561,0.010521305765089924,0.0001095114886281507,0.00013393887973689648
2021-12-09,-0.019342240627567286,-0.01911267621314061,8128100154.372479,-0.06029718154483597,0.03571316208010329,-0.011475324759462387,-0.022700126561588208,-0.4530550726490505,0.01122480180212582,0.0011662825946043268,-0.0007688704051178367
2021-12-10,-0.022523718810952387,-0.02214687676091942,8630315816.21057,-0.060465922564094714,0.060406801966159794,-0.012783724481413475,-0.022417075727827883,-0.569672568005924,0.009633351246414408,0.0013619174374784905,-0.0009239241210194053
2021-12-11,-0.006996066790217692,-0.0067639765192513135,6927855786.59676,0.020348376107819702,0.03013220120673181,-0.013338024317555982,-0.022217455514867653,0.38002979916714774,0.00887943119731167,-0.00014235859832277656,-0.000280521570061754
2021-12-12,0.004926957358378337,0.005305256154614746,4250371718.97262,0.021377274006587954,0.029489936666131922,-0.011566181818694737,-0.021337867058290244,0.9965106512129942,0.009771685239595507,0.00010532491746882847,0.00019873396997182084
2021-12-13,-0.043118495344171004,-0.043190333731505604,8753636591.89626,-0.05457703136766588,0.05392202492241703,-0.012659085632566378,-0.021724498151676125,-1.7060518401081504,0.009065412519109747,0.002353279472925376,-0.0017589406153336003
2021-12-14,0.001763659786518934,0.0019991311669624867,6516584351.17794,0.021840973037692467,0.03153825604746647,-0.012603663959704184,-0.021445525058610918,0.8027017132441225,0.008841861098906735,3.852004584502249e-05,7.102906156382352e-05
2021-12-15,0.006942849735939838,0.0072744490786373905,9333255722.11962,0.044038358597127486,0.09761772728467932,-0.011499464657457468,-0.0210234767100938,1.0038371116382176,0.009524012052636331,0.00030575170635729047,0.00030509061422795777
2021-12-16,-0.008567505036861878,-0.008220278974566675,6477885416.67551,-0.014908510007122702,0.025932528938578434,-0.01193818583712057,-0.02114113477947178,0.18544417030878155,0.009202948942351212,0.00012772873457812947,-0.00037454678519398873
2021-12-17,-0.011156218628175507,-0.010744749329817727,8150384191.8372,-0.02384903426813288,0.02829838721709283,-0.010457750815124693,-0.020805141026662238,-0.041579930736614194,0.010347390211537544,0.00026606504036614,-0.00045419798567245234
2021-12-18,0.017878108594234554,0.018087065462628393,5102991865.01633,0.02071262369578493,0.01859067521478191,-0.008421861067400463,-0.019771619655800206,1.4996035078249574,0.011349758588399744,0.0003703025357047588,0.0007364129773716389
2021-12-19,-0.007945338206576946,-0.007586784056623941,5534488536.14064,-0.016490391681985246,0.01425863160002592,-0.008155337896310046,-0.01907087513477435,0.012000854967661144,0.010915537238464303,0.00013102173907229606,-0.0003141843728505457
2021-12-20,-0.009141854087210133,-0.008837310611404359,6712525820.97073,0.0097469018013654,0.03411293634582643,-0.008828010399133078,-0.018426304859453894,-0.01820656665329016,0.009598294460320816,-8.910475407044808e-05,-0.00036533732181659624
2021-12-21,0.015926997002006837,0.01592488810295567,4984828563.72327,0.0015805707803591043,0.01528886412870296,-0.008219298850103767,-0.017609708374266363,1.3493309988384758,0.009390409524162596,2.517374608023906e-05,0.000615600300765812
2021-12-22,-0.007968303587875258,-0.0077724188989067855,4313444572.42589,-0.017478105785447343,0.008926332705548734,-0.008147847956489141,-0.01732830235849343,0.010034464610185345,0.009180454402004289,0.00013927085303944338,-0.0002995595081999309
2021-12-23,-0.0031831739411675164,-0.002756228556728746,6342305120.28279,0.03763667907341584,0.04847447011015604,-0.007361150707695153,-0.016730158035318698,0.23575556019105207,0.009369007327623545,-0.00011980409605858209,-0.00012379633237053736
2021-12-24,-0.019461533442177714,-0.01911473613551684,4194323368.2672,-0.0114252122800791,0.010106274491348606,-0.006590446572213822,-0.016255212509846028,-0.7681644003891108,0.009664765937632207,0.00022235215087273888,-0.0007045735982053019
2021-12-25,0.01620137941394617,0.0164909774014379,3621803415.02818,0.013721401466498513,0.008714269375690604,-0.0036459708491370026,-0.015745797139755505,1.3338498748980476,0.012099826290618503,0.0002223056312498198,0.0005444928905996784
2021-12-26,-0.02333167014921589,-0.023162339849021496,3110302732.49935,0.01237737966681224,0.009829325689251898,-0.004806607718136442,-0.015395480339209984,-1.2001206514680203,0.010588872621073542,-0.00028878493969767486,-0.0007532130933637308
2021-12-27,-0.03037104639361743,-0.030148941197792656,3412512083.97403,-0.010479014243323013,0.01502103595725018,-0.006289968964728247,-0.015466852646944454,-1.4735269450489812,0.009176883682216207,0.00031825862774334106,-0.0009293489445865806
2021-12-28,-0.034424316149304746,-0.03426912053404019,6515358318.89518,-0.04328236843732296,0.026956776033385945,-0.008596534552478727,-0.01538268057170443,-1.5422508330187823,0.0067861460192257025,0.0014899659347770947,-0.0010618094539263001
2021-12-29,-0.04605387045587661,-0.04535834487225621,4938307811.88661,-0.05000793352019986,0.032223472374133914,-0.010949780940949682,-0.015550725443365226,-1.9104269809026184,0.004600944502415544,0.002303058892105374,-0.0013937964640444304
2021-12-30,-0.0009300060869599225,-0.0006096905262498176,3783727767.90478,0.016495594987416075,0.024963782832847312,-0.010073007867587427,-0.015501937016566068,0.49707006716698793,0.005428929148978641,-1.5341003746322535e-05,-2.7670104023422354e-05
2021-12-31,-0.021774223708859952,-0.021614421488372892,5019121901.3092,-0.017289725005587734,0.047896482457605485,-0.010037317624630645,-0.01557301131058684,-0.6389472085458286,0.005535693685956196,0.00037647034013633723,-0.0006348683361129124
2022-01-01,-0.007507814184533834,-0.007367872021739941,2815651909.34339,0.010952491072969228,0.013051125498229019,-0.010061686548169508,-0.015097258636959385,0.13906014825290058,0.005035572088789877,-8.222926783361857e-05,-0.00021279766551766672
2022-01-02,0.027449367157792892,0.027823451537472454,2798657676.16421,0.018376436142717438,0.013363471214180392,-0.008989190843435482,-0.014272318548222982,1.8329702120852973,0.0052831277047874995,0.0005044215427331863,0.0007569317892359756
2022-01-03,-0.028799363556815005,-0.028639895535848003,3777721163.97305,-0.00530725911456529,0.021127569665512384,-0.008307327424989958,-0.014365411364526645,-1.0859406339886701,0.006058083939536687,0.0001528456847305859,-0.0007491844427227695
2022-01-04,0.007484795446961456,0.007637344373697008,4775534414.28812,0.01140513434023428,0.02369344440727004,-0.008034892393540313,-0.014258850987052022,0.8141138752113976,0.0062239585935117085,8.53650975817693e-05,0.00019191285817729981
2022-01-05,-0.039840937821725264,-0.03948139305574094,6675092541.77517,-0.07380829840007273,0.05576318418724416,-0.010262691801048177,-0.014769312045237237,-1.4834393973903957,0.004506620244189061,0.002940591827284642,-0.0009421301165265393
2022-01-06,-0.01899183716438435,-0.01866513739259479,6279177286.15747,-0.012600186841786648,0.03851370760629216,-0.010759088569025436,-0.014430540730959163,-0.4111393249799931,0.0036714521619337272,0.00023930069674003035,-0.0004604835170326105
2022-01-07,-0.029780914546560622,-0.029534229575757798,9156175041.42808,-0.012889808481704115,0.03881792481536296,-0.011645978850853299,-0.014411405178301164,-0.8867674059531009,0.0027654263274478653,0.00038387028491516256,-0.0007369978742371832
2022-01-08,-0.01504772586470493,-0.014858250665735317,5808043464.3749695,-0.03910170123677595,0.0495064285162232,-0.013213875729850418,-0.013982970110642945,-0.09499884988775638,0.0007690943807925274,0.0005883916810545982,-0.0003945438554838767
2022-01-09,0.004352351023796608,0.0045111129043720055,3853748750.33209,0.009877190670833647,0.03811449129970396,-0.01262827148078501,-0.013777166573102026,0.8639306998414111,0.0011488950923170156,4.298900092843713e-05,0.00011906071142860493
2022-01-10,-0.010476027187360737,-0.010400236323567347,7079565083.20333,-0.02303126465027758,0.042180800491615114,-0.012691803533173134,-0.013775941300623372,0.11278858217333904,0.0010841377674502377,0.0002412761546356082,-0.0002906016188301389
2022-01-11,0.00890136201858338,0.009016925596249115,4836151992.533771,0.037399124796367554,0.03379882794243788,-0.013026357580002822,-0.013361924818757713,1.1427734013796536,0.000335567238754891,0.00033290314899064605,0.0002547668138704345
2022-01-12,0.026997391402784787,0.02738480360807416,4753099829.92951,0.04148766011578814,0.03296606990322892,-0.011361324485209486,-0.012396039429391574,1.8202388304975303,0.0010347149441820875,0.001120058598531636,0.0008036004119932865
2022-01-13,-0.022929884042317217,-0.022773112941551266,4558640511.93513,-0.029381771601057528,0.01634375317090584,-0.012301644013835664,-0.012453499911938816,-0.5029745707531885,0.00015185589810315196,0.0006737206157700982,-0.0006474440761792042
2022-01-14,0.0059754598086050326,0.00642352299102833,4271754423.42846,0.012149989374606828,0.03258734856633078,-0.011090358620941246,-0.011840095538739144,0.7964702333187387,0.0007497369177978976,7.26017731829413e-05,0.00017511890005959918
2022-01-15,-0.0029691164682054128,-0.0026714476323538294,2687321901.17641,0.005387449986210137,0.015567357519971915,-0.012003239377234179,-0.01150278219178398,0.4385863165446698,-0.0005004571854501979,-1.599596647568954e-05,-8.798289234477527e-05
2022-01-16,0.01731196421283987,0.0176783710280064,3112687274.02912,0.00993111113286142,0.019519982130167382,-0.010067828217136286,-0.01096147805993294,1.2809011248684787,0.0008936498427966552,0.0001719270405258325,0.0005209887543229011
2022-01-17,-0.008916641094018463,-0.008798944806228448,4673076476.50251,-0.014676982733689552,0.010665261875987899,-0.009046189869536335,-0.010614579527608865,0.006209478423415549,0.0015683896580725304,0.0001308693873794157,-0.0002664892162268695
2022-01-18,-0.0029792474681975545,-0.0028327568132388015,5010157515.14645,-0.006681602567981734,0.02122365390215707,-0.007548805646626469,-0.009820627804371287,0.22775273239538388,0.002271822157744818,1.9906147534161858e-05,-8.822660322483226e-05
2022-01-19,-0.0076030698977285205,-0.007325174765405396,5189639864.1836195,-0.004669873617130215,0.026288484297004252,-0.005717815143857512,-0.009653625794241772,-0.10459132455081871,0.00393581065038426,3.550537552459934e-05,-0.00022300642241263025
2022-01-20,0.011496103803782187,0.011970114407227506,5926009927.5985,-0.04063423855551791,0.07865402898434001,-0.005126095625250745,-0.008891476084100187,0.9038591484374567,0.0037653804588494424,-0.0004671354244218823,0.00036658523905328726
2022-01-21,-0.025750083735394336,-0.025456461307683975,12514701125.46148,-0.09970587205016555,0.07559551956402985,-0.005315422293180954,-0.009378821466408357,-1.0992523198513755,0.004063399173227403,0.002567434554202277,-0.0008550774337079692
2022-01-22,-0.006698634297649497,-0.0062729489397131966,11407543010.036,-0.06221803008647593,0.06064620189002337,-0.005276889917615033,-0.009558866927780175,-0.07649681729691628,0.0042819770101651415,0.000416775830269456,-0.00023762209367399442
2022-01-23,0.021403036214631577,0.021923834654191454,5833997685.39064,0.04985517694816333,0.07764096773621718,-0.0055648104387179525,-0.008706727700282723,1.4904584109617407,0.003141917261564771,0.0010670521577084051,0.0008247456253214371
2022-01-24,0.008438519450528537,0.008324385551955027,10840194199.53302,-0.008010876461642408,0.08842412404659855,-0.0037915779145587364,-0.00825266365737169,0.6981320458453204,0.0044610857428129536,-6.759993683735068e-05,0.00035221237484519787
2022-01-25,0.013911725736469593,0.014304913599391789,5636577032.24078,0.017433793972361625,0.02888887256413973,-0.003485533615058349,-0.008041363322767616,0.9785088996285032,0.004555829707709267,0.0002425341602896117,0.0005840983732789873
2022-01-26,0.01519304609232286,0.015619136205083706,8579635823.06901,-0.005210624259082197,0.061671261113143264,-0.0008648677143893909,-0.007542341390965011,0.9953854431034501,0.006677473676575621,-7.916525453801147e-05,0.0006421703161614348
2022-01-27,0.003394553715466264,0.003780247175344975,6551124353.29313,0.024587669302216154,0.046740133588860165,0.00020115089893682888,-0.007498707835736393,0.20463068583307048,0.007699858734673222,8.346416418449365e-05,0.00014480867007855814
2022-01-28,0.023313861642467737,0.024123449963910026,5832709367.68838,0.03929400529310939,0.045710968728601455,0.002729473574604846,-0.006458085363791049,1.392270636750494,0.009187558938395894,0.0009160950027819472,0.0010022013388040487
2022-01-29,0.00939732570851226,0.00987503296022485,3909322807.94748,0.02332428680763783,0.022444813412954588,0.0038935236495199503,-0.005914071049243643,0.38573297490876823,0.009807594698763593,0.00021918592005012836,0.00039185636519065923
2022-01-30,0.025420361323158502,0.025765318547137817,3431223524.16989,0.012315717265170667,0.03336731668492587,0.00489676223520385,-0.005295615713963735,1.3661442010569367,0.010192377949167586,0.00031306998283449984,0.001054249866794804
2022-01-31,0.03097722660413238,0.031753263353294425,5497599951.88833,0.06732142961176343,0.0344524205467477,0.006870726701465427,-0.0048830290769469285,1.5439159046667086,0.011753755778412357,0.0020854311803977436,0.0012733076418026089
2022-02-01,0.02673883655880349,0.02676834489814328,5668520842.67734,0.013324185357806054,0.01805619514659123,0.007720130250999718,-0.004508508726368957,1.1737119492608263,0.012228638977368676,0.00035627321456157873,0.0010790454123867027
2022-02-02,-0.013672734651951846,-0.013405967433849808,6390741360.31646,-0.0369129451631956,0.043919367516595885,0.005783457581726545,-0.004575238286657361,-1.1998796671386134,0.010358695868383906,0.0005047009044384228,-0.0005588945361012155
2022-02-03,0.005283720447979201,0.005488071104696957,5720509414.67786,0.013974271336676005,0.04512019885729399,0.007126962557454946,-0.004178610721358623,-0.12432094527642792,0.011305573278813569,7.383614320720464e-05,0.00022322070338536275
2022-02-04,0.03688794541781948,0.036915575221149854,8398868704.49046,0.10982619958451009,0.05737150332006874,0.008598985681703253,-0.0030272731704839386,1.7484692489855962,0.011626258852187191,0.004051262855719957,0.001601935674885581
2022-02-05,0.010293552094505554,0.010523742193291108,4687429957.09237,0.005003214418002198,0.018407546634467,0.009230541327546632,-0.0021395562996081832,0.06659410134914773,0.011370097627154815,5.150084825168691e-05,0.00044841106053991413
2022-02-06,0.009713619677087504,0.010057232156174711,3460851097.7894,0.015444793798298623,0.01899397678485439,0.00886871539727271,-0.002001906846000006,0.05328624418715193,0.010870622243272716,0.00015002485294771255,0.0004229045506444856
2022-02-07,0.018727357781165077,0.018987638137723417,5945879846.5335,0.023165366622343513,0.024933825120089997,0.010185096296090974,-0.0017170208460578697,0.5529747974269288,0.011902117142148843,0.00043382610886848655,0.0008280625676042415
2022-02-08,-0.004302517417447471,-0.004187551581894655,6598768727.89174,-0.009202430716432551,0.03405922061843987,0.010122083441364787,-0.002007752252580136,-0.9302112549490125,0.012129835693944923,3.959361844030466e-05,-0.00019287303508077792
2022-02-09,0.014469198026621832,0.014629544057900734,4964808230.62457,0.05299586664425664,0.028989802737114687,0.011173143818714804,-0.0018314840886974634,0.21996351313583248,0.013004627907412268,0.0007668076890681919,0.0006504857175961849
2022-02-10,-0.0022257074491938145,-0.002016215811276534,8499639525.52764,-0.034177545585163414,0.038997125298836734,0.010519724235239756,-0.0015597930858661385,-0.8348740916325694,0.012079517321105895,7.606921780405938e-05,-9.585712473756744e-05
2022-02-11,-0.020236471731076344,-0.020005175653388885,7077554747.74226,-0.051299104270742704,0.042923960986199904,0.010782277187826327,-0.0015234875766617568,-2.117878246066474,0.012305764764488084,0.0010381128734044225,-0.000840063934115817
2022-02-12,-0.014804615463052784,-0.014694975776311403,5450989532.57656,-0.0056031940109859705,0.032645292848148016,0.010396278084711885,-0.0016474327936908853,-1.6552032810069064,0.01204371087840277,8.295313269752765e-05,-0.0005948345701670101
2022-02-13,-0.009626544862564645,-0.009309716851150784,3707939332.4807,-0.016320701178402904,0.023005176225878256,0.00891867898579778,-0.0018784407654518851,-1.1884443794537067,0.010797119751249664,0.00015711196208240724,-0.0003617394738572941
2022-02-14,0.003323478230632393,0.00355334655354711,5263552192.95742,0.022435842572318353,0.03486752881886036,0.008675105594374153,-0.001141266581724847,-0.34190594446067846,0.009816372176099,7.456503437499551e-05,0.00011641139404924132
2022-02-15,0.028889520482957565,0.028968831487472535,5714091348.62078,0.0516549019229803,0.03081074670429122,0.009388333915635486,-0.0007106973643210593,1.2013040802882358,0.010099031279956545,0.0014922853471491034,0.001014556462326766
2022-02-16,-0.011047923393745052,-0.011045851310162447,5408024225.21039,-0.0060072900264194675,0.042723473502074866,0.008138763940108443,-0.0009962651917763748,-1.1444201929080187,0.009135029131884818,6.636808001589097e-05,-0.00037801816374823024
2022-02-17,-0.030434407245570894,-0.030259293240139318,7919238051.35232,-0.06418821072003834,0.04069922485004179,0.006527861037201911,-0.001343358877628899,-1.9711493793961616,0.00787121991483081,0.0019535301454181664,-0.0010325955040986815
2022-02-18,-0.002819365702568355,-0.0026897495420815654,6148632292.71915,-0.04479471516444165,0.029949723238756512,0.00528342163981924,-0.0012110278788097378,-0.4392559987319007,0.006494449518628978,0.00012629268359094537,-9.354097433253267e-05
2022-02-19,-0.010429303692413017,-0.010240269715744321,4270584831.58429,-0.015342132752082183,0.03413325720814049,0.0043392964302513696,-0.0016603518833596992,-0.7884692539495245,0.005999648313611069,0.0001600077617607814,-0.00035182852921138516
2022-02-20,-0.01254987180386502,-0.012591555841418134,5933481403.7028,-0.03406396204430604,0.02513903208665504,0.002531190090869297,-0.0017334397182372878,-0.8185490065543927,0.0042646298091065845,0.00042749835678776465,-0.0004184477454916774
2022-02-21,0.006497913601205774,0.00661319764217061,10607780731.93246,-0.05416891646362549,0.07257774837759652,0.0013655085193013633,-0.0014851894374687813,0.29713775451097885,0.0028506979567701446,-0.00035198493905157143,0.00022845548031312748
2022-02-22,0.013521510184599572,0.013875999519530113,8250350069.89216,0.04539628579576059,0.031988514245167195,0.0007361120252916528,-0.0015233717679038173,0.7736200997038243,0.00225948379319547,0.0006138263407303697,0.00048436383292578165
2022-02-23,-0.011492286057907308,-0.011289762276492032,7224805564.13842,-0.017468583014585648,0.042116348054102824,0.0008399429107223451,-0.0015793079975868656,-0.7502142792721972,0.002419250908309211,0.00020075395302991905,-0.0004106868167720846
2022-02-24,0.008190321649130583,0.008218019216469141,15271087886.32285,0.08019651309777681,0.06278293169603687,0.0009783524917295536,-0.0013987763215503879,0.437361557932173,0.0023771288132799417,0.0006568352374095058,0.0002995769890930805
2022-02-25,0.018828947170623778,0.01924692835167141,7859621309.73445,0.04858847540487281,0.054426000083717126,0.00011840019424404411,-0.0007909909149979833,1.2540998560287728,0.0009093911092420274,0.0009148698364995028,0.0006860644807045521
2022-02-26,-0.0011515169257672042,-0.0007075402402999531,5167387400.86429,-0.005241534914037313,0.023701162385694523,-0.00042660309243561104,-0.0010664337140410527,-0.04918954725750991,0.0006398306216054417,6.035716170513713e-06,-4.224773425974416e-05
2022-02-27,-0.018993816444452416,-0.01863237184652411,7998715417.35802,-0.03693569161387884,0.08120606185400667,-0.0017936238601279882,-0.0009975788933305214,-1.1408197642723579,-0.0007960449667974668,0.0007015497467629152,-0.0007531284801232168
2022-02-28,0.01705423542618556,0.01835203984083722,9267533739.81621,0.11387429489674013,0.07622325992545917,-0.001873296353222251,-0.00024479664222253744,1.2646003042557004,-0.0016284997109997134,0.001942039034159887,0.0007178741576319233
2022-03-01,-0.004878220904842134,-0.004537749618445108,8544403642.44822,0.021670744759045887,0.020306148467925948,-0.0019007108050029492,0.0002241889965784564,-0.19886654690216993,-0.0021248998015814054,-0.00010571468010707577,-0.00020214709070201113
2022-03-02,-0.012113152986025333,-0.011826665706713757,7817489406.51165,-0.023398645255327047,0.02803549119400129,-0.003166537043700433,0.0007629305437189529,-0.6111406876065503,-0.003929467587419386,0.0002834313696435123,-0.0005014027456422458
2022-03-03,-0.02767836473242513,-0.02753069004047015,5935025460.83803,-0.021690567313440642,0.03056536429479358,-0.004378568342901924,0.00033835342236236227,-1.4954176593765038,-0.004716921765264287,0.0006003594333546288,-0.0011345842082237947
2022-03-04,-0.027874229870806455,-0.028023257788972855,6556161324.439091,-0.038934439951269224,0.03393608416677431,-0.004742271111460502,0.00024152792772829076,-1.4411080541865333,-0.0049837990391887925,0.001085267529092789,-0.0011306830533027521
2022-03-05,-0.0009101040023047346,-0.0007865952262755549,2866022819.73462,0.014982814524060029,0.012203406968160477,-0.004080627708567737,0.0003462534861763717,0.19938310257885677,-0.004426881194744109,-1.363591946413654e-05,-3.603130713943447e-05
2022-03-06,-0.026972276841342402,-0.0267496564196964,3653497883.30399,-0.03409896658690074,0.02816946721579937,-0.004906614945652392,-0.0005175821328575218,-1.3262516619088012,-0.00438903281279487,0.0009197267667855712,-0.0010744740105467364
2022-03-07,-0.008377947489496052,-0.008070650018840886,6844133016.58346,-0.013574661510850069,0.0709695259597704,-0.005463825694229937,-0.0001934326714715067,-0.1761450100125282,-0.0052703930227584305,0.000113727801325585,-0.00034814878854553887
2022-03-08,0.003893195384316872,0.004148907592779194,6770376286.07039,0.010609412915067663,0.02511432941013425,-0.006654126889403303,-0.000250442196275389,0.7150400631091515,-0.006403684693127914,4.1304517391253237e-05,0.00016072715195250466
2022-03-09,0.026860410142610647,0.026430769248078523,5619678231.05178,0.010289814154338207,0.023745423886954824,-0.004848968149576842,0.00080830935871407,1.932074109385449,-0.005657277508290912,0.0002763886284767646,0.0010846342407533965
2022-03-10,-0.021259488536874538,-0.02126892415466719,5317486921.07739,-0.019957344376441307,0.026309158778318173,-0.004412067258686539,0.000772314892484067,-1.0657571249105389,-0.005184382151170606,0.0004242829339974115,-0.0008438988794696905
2022-03-11,-0.00438303956243058,-0.004181207296419576,5300909392.6962,0.0022679255077789184,0.040317470385489676,-0.004486527918679978,0.001175455765248036,0.006548345211037855,-0.005661983683928014,-9.94040722524046e-06,-0.00017614938978178024
2022-03-12,0.00438134293011494,0.004587509337453666,2158684698.28486,-0.005944967505194638,0.006545296170905656,-0.0037812590318929327,0.001483853682626129,0.514806669478115,-0.005265112714519062,-2.604694134864758e-05,0.00017032537938404957
2022-03-13,-0.03087651298996963,-0.03043438783434871,2952206474.62885,-0.030326187226131663,0.02049283542508237,-0.004653956231231248,0.0009246653649472999,-1.557488418611501,-0.005578621596178547,0.0009363669138239053,-0.001193497835053439
2022-03-14,0.021900441945527316,0.022020429845304834,4359481633.20476,0.0219229441566845,0.03315766670241577,-0.003920502500549269,0.0014385775734058405,1.4619651620674148,-0.00535908007395511,0.00048012216577850614,0.0008054272840494929
2022-03-15,0.016003667231994534,0.016424100446073453,5180763260.291821,0.028928654170276534,0.04005460927093288,-0.0038023045459114136,0.001551312576793319,1.1131832603405136,-0.005353617122704732,0.0004629645548105566,0.0005947100240032457
2022-03-16,0.0372299708231576,0.037745594744003075,7174881501.972,0.05674099685596123,0.02758129419686248,-0.0014821970753845133,0.0017137344723547922,1.9549214282719785,-0.0031959315477393052,0.0021124656574243133,0.0013577291483196463
2022-03-17,0.023260379709273638,0.02359429560739379,3874029264.8057,0.016038329997709204,0.01666211084905888,-0.0007645752629967488,0.0024469132620625837,1.175764615472225,-0.0032114885250593326,0.0003730576456493499,0.0007971909953989235
2022-03-18,0.035389511406422436,0.035928225980460304,5743230991.25995,0.05687615071238859,0.04383464042265433,2.4023033946044387e-05,0.002913802969964447,1.6435124932152283,-0.0028897799360184024,0.0020128191843894775,0.0011950377531393611
2022-03-19,-0.025185228875220345,-0.024891776553825906,3357316687.44774,0.0008138904410213899,0.014192663704781196,-0.0011204394398374386,0.0025611662650911944,-1.0834221933405817,-0.003681605704928633,-2.049801703647773e-05,-0.000839054665937073
2022-03-20,-0.033937669493762535,-0.03370960028081538,4147063354.36078,-0.024947782847992626,0.019578630561026423,-0.001832051489804587,0.001747680015780045,-1.3936466500616367,-0.003579731505584632,0.0008466696088973315,-0.001031050443182298
2022-03-21,-0.002854124991888307,-0.0027597017034368676,4892675845.46698,0.016057175430068557,0.02862966251749722,-0.0027800686525700094,0.0018439104300995712,-0.0032729121394531667,-0.004623979082669581,-4.582918569409354e-05,-8.024185952660619e-05
2022-03-22,0.0015002940561530398,0.0014433368713016037,5382225852.73813,-0.01299923589760955,0.014512385774596194,-0.0024763298449035722,0.0019150142638194219,0.1756437417336452,-0.004391344108722994,-1.9502676351714832e-05,4.1765865915321594e-05
2022-03-23,-0.009963559489779117,-0.009599881461459958,5298210934.19466,0.029940914735833754,0.04331781548721486,-0.002373968249844229,0.001877546175056714,-0.3358321901065539,-0.004251514424900943,-0.0002983180851488838,-0.0002846208633127614
2022-03-24,0.01272688421161483,0.013212949916334926,6374707643.69508,0.030427151970256337,0.02294500056492542,-0.00044990877631851626,0.0018970823720064385,0.5975701135996923,-0.002346991148324955,0.00038724284001466047,0.0003589402416150782
2022-03-25,-0.000890124598861397,-0.0006957323584851904,6287041331.74681,-0.0110403755939661,0.020131327065482832,0.0008350486175836293,0.002291684897983152,-0.08160690316685405,-0.0014566362803995225,9.827309896858233e-06,-2.4519318000891014e-05
2022-03-26,-0.002243003625000184,-0.0019847423530687802,2373068593.90462,0.011589194649489949,0.011564724264587397,0.0007715772069790841,0.002362409194374411,-0.1425499425168517,-0.0015908319873953268,-2.599460560963869e-05,-6.17174237729428e-05
2022-03-27,0.04202676140590711,0.042670550155518905,3969755255.96455,0.04732689979827038,0.03847655750018445,0.004057245694943347,0.002689769911696245,1.7285738938100834,0.001367475783247102,0.0019889963259031827,0.0011770157468163171
2022-03-28,-0.0028404405737603167,-0.002645914261600102,5967520102.205009,0.0067934409991685105,0.028543333338539947,0.004320936500454572,0.002510738800199596,-0.3278726174995611,0.001810197700254976,-1.9296365449485062e-05,-7.381181538978377e-05
2022-03-29,0.0020280884094181495,0.0021482683135858327,6583444774.67217,0.008512148117032312,0.03185788419900433,0.004232121882602252,0.002322109636278145,-0.1008823314246685,0.001910012246324107,1.7263388935403758e-05,5.335325893854118e-05
2022-03-30,-0.02071509685822337,-0.020446900261242074,5123666479.18429,0.0005880432366442813,0.011469785613573293,0.0019666215492292033,0.0017521391132536014,-1.0380423332301654,0.00021448243597560197,-1.2181372603909453e-05,-0.0005328463998088722
2022-03-31,-0.02916447716132764,-0.029068250785641125,6079844304.562,-0.03454862105897616,0.026841825371772654,0.0015901935194933415,0.0012353290993362379,-1.3770729183707515,0.00035486442015710364,0.0010075924698298732,-0.0007509262904813464
2022-04-01,0.003351879452453632,0.0036865145091411478,7072994919.348599,0.061059677777935174,0.04660384079504346,0.00195852299639259,0.0009184722391772838,0.06250008235612264,0.001040050757215306,0.00020466467931730056,8.730750380120833e-05
2022-04-02,-0.005608513351336386,-0.005410538167779921,5750301550.87988,-0.008882701685403617,0.01139611210069598,0.001482815554418717,0.0006802843175923846,-0.3173434542542728,0.0008025312368263324,4.9818750998524405e-05,-0.00014738230475848526
2022-04-03,0.0023539986735758855,0.002662077359154358,5003591177.3317,0.018892045512242873,0.015015985464968217,0.0030652208717304084,0.0003141515771228193,-0.03373821338888368,0.0027510692946075893,4.447185007695498e-05,6.124520036939223e-05
2022-04-04,-0.01456138165704668,-0.014203556266033646,5747409279.23374,0.008839852339111576,0.027156735595841152,0.0013289435573221227,-0.00040868347464192767,-0.758383628874648,0.0017376270319640504,-0.00012872046370174047,-0.0003746899535622779
2022-04-05,-0.05157959321719907,-0.05122064032390117,5173971174.2849,-0.03415839281302026,0.026836666805037216,-0.0018893069402585252,-0.0016518331536260953,-2.104790052325305,-0.00023747378663242997,0.0017618760062488813,-0.001294768098399686
2022-04-06,-0.035965158609758574,-0.03617044568739369,8579524051.955111,-0.053441119732598984,0.027872760401826745,-0.0053747892942069145,-0.0020056811529563607,-1.3336349284262023,-0.003369108141250554,0.0019220183474660212,-0.0009033085420879752
2022-04-07,-0.007366639406465869,-0.007267005938095594,5620103056.30526,0.012834911424567039,0.02252338362935967,-0.006833218775908796,-0.0022064805157253303,-0.024268983722763898,-0.004626738260183465,-9.455016427871453e-05,-0.00018707816546525922
2022-04-08,-0.008521358945437929,-0.008194423216011715,6370437705.00749,-0.02299706722357702,0.022828561692919705,-0.008924212602187861,-0.002927263124665924,0.02041203611071198,-0.005996949477521937,0.00019596626450446545,-0.00020787881216622
2022-04-09,0.02759030723565048,0.027972740227479864,2928136396.63502,0.0149475545935923,0.010722708496349721,-0.006411091835003536,-0.0026527114557588615,1.6277634114926618,-0.0037583803792446743,0.0004124076236588702,0.0006685074781121394
2022-04-10,-0.035477706281300425,-0.03503598168751609,3254049432.15029,-0.017282854863739792,0.030346245678682472,-0.006484426920124388,-0.0033700340900189875,-1.3811365882163924,-0.0031143928301054003,0.0006131560485581048,-0.0008778085031805572
2022-04-11,-0.03804225578070175,-0.038024374188342924,7861189063.1962,-0.06342394577266432,0.04475099081496207,-0.008160052195782171,-0.0042711390671914765,-1.3542784819747327,-0.0038889131285906944,0.0024127899677050535,-0.000970466333564918
2022-04-12,0.013568408306334767,0.013601205047123255,5623890363.23573,0.014877328150718041,0.03355150949998636,-0.007585380088630659,-0.003987473579512394,0.9409035011230453,-0.0035979065091182654,0.00020186166285627072,0.0003584345451863327
2022-04-13,0.022693424942882734,0.02297461142170465,5064530681.36142,0.022464833936184477,0.030421784067269177,-0.006030285591837238,-0.0038569302951273,1.2264818459585056,-0.002173355296709938,0.0005098040227851273,0.0005855527412255752
2022-04-14,-0.03071100058638654,-0.03064134130490015,4606236523.90761,-0.03152939381530445,0.025481911393476796,-0.00809875629650397,-0.00430907780524147,-0.9582402860230821,-0.003789678491262499,0.0009682992319502271,-0.000796138281787475
2022-04-15,0.015038960137451651,0.015256796125359129,2793541314.08019,-0.0001974015383987783,0.007076383782994624,-0.007340228451917634,-0.0037491503152648356,0.9289124149753301,-0.0035910781366527986,-2.968713867050858e-06,0.00038051411547532406
2022-04-16,0.03843878351813479,0.03875518604985051,1983250932.4298801,0.007184040322986338,0.014050152017657221,-0.005403000492720731,-0.002904016998103128,1.6813026492079814,-0.002498983494617603,0.000276145770760823,0.0009771232455878297
2022-04-17,-0.006531313106212133,-0.0060910962937908986,3272956187.26666,-0.013627284087587066,0.024323903110223605,-0.007715289755202599,-0.0028548863353038815,0.04994603916133495,-0.0048604034198987175,8.900405916333346e-05,-0.00016162588448632794
2022-04-18,0.012293733159999265,0.013144799660520734,5367447373.56267,0.020122388173836145,0.0498158568711484,-0.006994614815499763,-0.0027125013364250423,0.8007552583875882,-0.004282113479074721,0.00024737927075106647,0.0003166777775890047
2022-04-19,0.022628469660547434,0.02283017613798166,3675189299.3260603,0.020878156606180944,0.022918574421572937,-0.006013644279731702,-0.0028118830955109176,1.1512121317982658,-0.003201761184220784,0.0004724407333311235,0.0005732606826373557
2022-04-20,-0.007143089747630116,-0.006827155189660039,4315689906.27074,-0.0051396478405018545,0.03399301799687474,-0.005367358226846308,-0.002749901609064649,-0.07202542880957163,-0.0026174566177816594,3.671296579591806e-05,-0.00018862141770701823
2022-04-21,-0.012249885590782217,-0.011476824254958884,5555789275.52444,-0.037399256422168736,0.03666172793303533,-0.004561901485391764,-0.0024612584081949874,-0.31889556519422035,-0.002100643077196777,0.00045813661235189406,-0.000329200399394066
2022-04-22,-0.010130465630190377,-0.010016482412953498,4405125111.45917,-0.011008706079726935,0.02331969143075988,-0.005203917917898622,-0.0025773076133953367,-0.20470684811206794,-0.0026266103045032856,0.00011152331857354157,-0.00026101128449120426
2022-04-23,-0.02938279562746582,-0.02906674646716967,1817888152.35829,-0.005116093118625367,0.009862225713096723,-0.006336026597714309,-0.002878156691729508,-0.9353883240311892,-0.003457869905984801,0.00015032511851565338,-0.0007549010738082106
2022-04-24,-0.006778996993931474,-0.006678728987247418,2491367633.1007,-0.01191921400969037,0.015277231043623465,-0.006770931153309898,-0.0027865555042702454,-0.00032843869843742277,-0.003984375649039652,8.080031594171692e-05,-0.00017424992843692412
2022-04-25,0.005387907072203824,0.006323178756643788,6381274608.20131,0.045175248226953214,0.05670517050358499,-0.0058209650233455885,-0.0028041746555242447,0.45513724117376697,-0.003016790367821344,0.00024340003941056447,0.0001460739750667791
2022-04-26,-0.034078178698439876,-0.033645378079027344,6148208700.99848,-0.06617920512155896,0.050546457518120876,-0.004987564331976103,-0.003559725272715347,-1.2506879676499478,-0.0014278390592607558,0.002255266778253194,-0.0009623843966235867
2022-04-27,0.014703622391801341,0.015016620691507443,5415643571.37906,0.018623853081267162,0.023949090971975007,-0.0025747652366637256,-0.003143917202085051,0.7678850565455609,0.0005691519654213253,0.0002738381031873382,0.0004124902263108111
2022-04-28,0.028304981896215997,0.028630070421271192,5612621053.48657,0.018192758023764348,0.027325270927694576,-0.0008761166032026844,-0.002824636880702743,1.2445043328211092,0.0019485202775000585,0.0005149456865048881,0.0008005302130738483
2022-04-29,-0.03453413292917784,-0.03428773433276877,4775274689.59476,-0.038323858358075225,0.03765394439520612,-0.0021148201262379185,-0.0036716698981599117,-1.3214039276843317,0.0015568497719219932,0.001323481218896753,-0.0010010850632522278
2022-04-30,-0.032023646094210934,-0.03160883132117842,3118023087.07109,-0.033178013775205566,0.029807201418493336,-0.004953579808612271,-0.004161703694484415,-1.1106399183743654,-0.000791876114127856,0.0010624809712460382,-0.0009574129929955539
2022-05-01,0.033365496136468,0.03387877657212601,3385139761.72705,0.017384907578213267,0.031427063036500606,-0.0016753320744328226,-0.0033306034947872655,1.4192158484653123,0.001655271420354443,0.000580056066633728,0.0009992476078747395
2022-05-02,0.013611018717995638,0.013988942051516462,4519577853.11413,0.0056900956457470375,0.022497613246215246,0.0007843476636003864,-0.003385257728250598,0.5475221993131791,0.004169605391850984,7.74479983414484e-05,0.0003932066335635752
2022-05-03,-0.012293453720497505,-0.012093021484897881,3294651871.4422503,-0.024193353244516075,0.02018699123784352,-0.000447169575772579,-0.003502959836435604,-0.506232764284718,0.003055790260663025,0.00029741986845510654,-0.0003473200771172662
2022-05-04,0.033998880899338335,0.034165776141460436,4918906434.58761,0.04970187853623918,0.04397012948124063,9.118546977292583e-05,-0.0027710227906361804,1.4081245924794175,0.0028622082604091064,0.0016898082488269763,0.0009824860743593887
2022-05-05,-0.04027671700579338,-0.03999988443318636,6098185668.96568,-0.06859541949614081,0.06591656427756702,-0.0003643248359131144,-0.0029709966362452002,-1.6111659953153183,0.002606671800332086,0.0027627982989397457,-0.0012414516674338608
2022-05-06,-0.012085985053256754,-0.011962554822166127,5168734732.80876,-0.01966719266902505,0.02169653761131503,-0.0016559888926135145,-0.0027203895756491734,-0.4233666201007575,0.001064400683035659,0.00023769739663735757,-0.0003809412794454155
2022-05-07,-0.0139819820848055,-0.013499116913349263,2563154598.57406,-0.012739121861619579,0.019072819630917302,-0.004152215826086862,-0.0029278797039428363,-0.4279480749634239,-0.0012243361221440257,0.00017811817364531905,-0.0004440458344409399
2022-05-08,-0.01599475185020549,-0.015845086553188725,5089866425.1632,-0.01027298762992251,0.03235874541797284,-0.004602855766277021,-0.0027536332755120916,-0.4929223129440948,-0.0018492224907649298,0.0001643138879008412,-0.0005140880238127478
2022-05-09,-0.008026473120049338,-0.007892530956329469,10697215137.69064,-0.09803763132951934,0.05526515068208342,-0.0055704846367555265,-0.0027480543172669057,-0.10775988990412427,-0.002822430319488621,0.0007868964126196939,-0.00026006201709744236
2022-05-10,0.01250814392688171,0.012250176074422026,9596880256.63219,0.0176962205852689,0.03788179558934067,-0.006052404909787227,-0.002611309102305559,0.8335760307189524,-0.0034410958074816683,0.0002213468740423903,0.0004141830275899312
2022-05-11,-0.003975475767027503,-0.0029749445084221726,13173803440.073639,-0.12429310511135766,0.1036542768831731,-0.005901566148806151,-0.003100767608807752,0.08649143903960899,-0.002800798539998399,0.0004941242273788047,-0.00014482766105170083
2022-05-12,-0.006174374237635782,-0.005595111853557544,10971252687.57215,-0.004647868086324954,0.03782262828259264,-0.005612256084370606,-0.0028613213500896764,-0.025295613266315374,-0.00275093473428093,2.869767697213432e-05,-0.00022527545446084996
2022-05-13,0.01218408716534336,0.012398761523933821,5809760462.83815,-0.04189824401741975,0.05071921001343914,-0.004549658332202333,-0.0025983510845694552,0.7428459437699578,-0.001951307247632878,-0.0005104918571830682,0.000460440203540588
2022-05-14,0.024854906255965092,0.025186875192260372,3446491889.9187,0.0006668889877035865,0.0439794152933796,-0.0019669106234675277,-0.00227337388892104,1.184399319002201,0.00030646326545351234,1.65754632725081e-05,0.0009796541268471315
2022-05-15,0.019834009177675416,0.02031077215196131,3360404560.97969,0.0630052323995241,0.03759023926613287,-0.0006996246152957712,-0.001468444965625087,0.8887788562901066,0.0007688203503293158,0.0012496463576537335,0.0008028299879313197
2022-05-16,-0.008021083569667686,-0.008005242487254982,5366648840.78374,-0.025737540042752128,0.035337560108403894,-0.0013381479791944146,-0.0019433898150726266,-0.28915641886912297,0.000605241835878212,0.00020644295956058327,-0.0003165114631362175
2022-05-17,0.029708998977178158,0.02991134210333546,4051495838.11071,0.008755924822901563,0.02505872548290462,0.0016993366720254918,-0.0017258448667363787,1.2294046943720427,0.0034251815387618704,0.0002601297616078314,0.001136257410614947
2022-05-18,-0.029870930667082907,-0.029759443112823192,4654040139.80995,-0.06281144026668518,0.05247199181793416,-0.00042326109268328186,-0.0027909385411846407,-1.2491762815894496,0.0023676774485013588,0.0018762361773057726,-0.0011830223833090069
2022-05-19,0.023007361831635986,0.023250285384180946,5090224818.55394,0.0336580884320505,0.03614801805762115,-0.0006755287148061395,-0.0027949546979725397,1.0174219352046991,0.0021194259831664,0.0007743838191173874,0.0009208604776261483
2022-05-20,-0.0018328424683281552,-0.0014326807410879328,5192199953.44636,-0.03225624298805014,0.04910268016624581,0.0008816755928533693,-0.0033857857118574698,-0.12363831888957522,0.004267461304710839,5.912061201721057e-05,-7.435801370744624e-05
2022-05-21,0.004760166022740098,0.004908173482319089,2287008380.25312,0.0036643648926422147,0.009170099445592972,0.0026332856936605612,-0.002910461983318415,0.10311689532649097,0.005543747676978976,1.7442985256877135e-05,0.00018844097682524198
2022-05-22,0.0346064547441336,0.034709248673966187,2881685469.42391,0.034576534942827204,0.02855156828242864,0.0026923789606922563,-0.0018224600112883179,1.5402599210594914,0.004514838971980574,0.0011965712917079035,0.0013652291883850785
2022-05-23,-0.016708545944003506,-0.0163185347808239,4768428725.69658,-0.028971168408388575,0.045532363595381924,0.0012485901672637258,-0.002042371454972686,-0.8560868312039666,0.003290961622236412,0.0004840660984030234,-0.0006774818186665764
2022-05-24,-0.0036132596470929146,-0.0035147538711277626,4070659059.88736,-0.004171096406733796,0.013020123720936121,0.001661932742187754,-0.0021235389740718283,-0.25385605979020043,0.0037854717162595823,1.507125433058548e-05,-0.00014527379566402996
2022-05-25,-0.004223525349515644,-0.003949151239028503,4241561280.9022503,-0.0361362653377685,0.02824145505163829,-0.00015818184109100698,-0.002032427321051773,-0.20915727057724925,0.001874245479960766,0.00015262243269088878,-0.0001666466278148756
2022-05-26,-0.024162464002775885,-0.023886876223839226,8138603051.65734,-0.08380228626253056,0.07005478639669757,0.0006091635400050643,-0.0026179725308040067,-1.3730152390182948,0.003227136070809071,0.0020248697251687145,-0.0009581339647207728
2022-05-27,0.005805916827346103,0.006053232319022772,8357706808.1021,-0.023005182551084528,0.017351454033785386,0.0014611588676528193,-0.0025116861589594432,0.24362840273379474,0.003972845026612263,-0.0001335661764895106,0.00022902547778682797
2022-05-28,0.011312323598065444,0.011389742915775214,3668617968.70122,0.01576199991365129,0.013087082784515782,0.0026656496144561977,-0.0022965222347837984,0.4915424834759084,0.004962171849239996,0.00017830484357590296,0.0004430118002140765
2022-05-29,0.021332577407396025,0.02159370391915738,2945787959.89123,0.020558023021509785,0.018451711067196206,0.004443141483865794,-0.0026250013458712757,0.9652927581581465,0.00706814282973707,0.000438555617449387,0.0008212964448315935
2022-05-30,0.04550995614527564,0.04581582276868579,6239500143.71399,0.06129931768125875,0.04459858880509311,0.006992495258405078,-0.0018575347312834035,1.9867566103930592,0.008850029989688481,0.0027897292594094053,0.0017290007615658935
2022-05-31,-0.017592181285504216,-0.01743375183617224,5223236544.60503,-0.02646370983815081,0.030995557135045204,0.005559146438767653,-0.0021689675835837585,-1.1541065683825626,0.007728114022351412,0.0004655543809597305,-0.0006625881760825449
2022-06-01,-0.020371443335879147,-0.0199180875932482,6601368863.36227,-0.060138273084452715,0.044698341869899384,0.004778386078346146,-0.0021635127657687707,-1.211655036161272,0.006941898844114917,0.0012251034224575546,-0.0007100744020943588
2022-06-02,0.0007498382688302385,0.0009680122780677536,4344141365.88604,0.010709658434068113,0.017248139857843355,0.005108110483415957,-0.0016886823621154712,-0.21127424999153643,0.006796792845531429,8.030511739964797e-06,2.5401989388627757e-05
2022-06-03,-0.00899913437478439,-0.00881656809760789,4201383506.66514,-0.02927721111574252,0.033482809304812684,0.004099385648171779,-0.0018847302006430589,-0.6302654894301079,0.005984115848814838,0.00026346955694949814,-0.00029747397668991897
2022-06-04,0.004218390956472584,0.004572941764015237,2339470640.78652,0.02884796502597145,0.021249641654205176,0.00311669444343404,-0.001728747592582599,0.054451342810970756,0.0048454420360166395,0.00012169199477819536,0.00013487661033537819
2022-06-05,0.01693254435556124,0.01716923595345432,2579985158.4506702,0.0067581719002418,0.016984413221340446,0.0029785294519047937,-0.0014973421055669584,0.6934561830549263,0.004475871557471752,0.00011443304546335187,0.0005247775364193679
2022-06-06,0.016119255791791742,0.01611338824805375,5476426770.55326,-0.009571551353303585,0.02093192825229937,0.0041280694214981,-0.001010347860347301,0.5950330575062533,0.005138417281845401,-0.0001542862845881709,0.0004885143723868416
2022-06-07,-0.013600412156331898,-0.01324133921853965,7291656503.16585,0.031900157767296704,0.04432029778909237,0.002065716510378573,-0.0004075037165240125,-0.7987951343888549,0.0024732202269025856,-0.0004338552934872475,-0.0004246521790216152
2022-06-08,-0.0044138273797376115,-0.004367167033830777,4737579638.63843,0.006778851373261469,0.020558510170453185,0.0032779595240616825,9.331106490489167e-05,-0.42075174434081286,0.0031846484591567907,-2.992067979447338e-05,-0.00013110739751949789
2022-06-09,-0.008430373720203277,-0.008216640296307198,3309798407.29703,-0.0058941293642236475,0.012770225231806948,0.0017809244977836224,7.642639325826615e-05,-0.5715118530974791,0.0017044981045253563,4.968971329562948e-05,-0.00024102911283021688
2022-06-10,-0.044757136955965615,-0.04429340312009089,6228607832.37609,-0.07526815553353525,0.04411976946553518,-0.00026308952543720903,-0.0004987446862739194,-2.1646917762913214,0.00023565516083671036,0.0033687871456373583,-0.0012690116086930435
2022-06-11,-0.029907492203367414,-0.030591555893347944,7778168198.17592,-0.08516699882447967,0.07077454704077395,-0.0019139303933470905,-0.0014114081694329335,-1.3019532915165852,-0.000502522223914157,0.0025471313533273277,-0.000935710460130544
2022-06-12,0.00940777946112803,0.00970919963174488,8893071858.23435,-0.02162115913013503,0.05789379474466825,-0.0031138673115854508,-0.000698940141775339,0.6256820210333663,-0.002414927169810112,-0.0002034070967902651,0.000307484554345796
2022-06-13,0.012905625111049757,0.013025466297992283,21941467145.7048,-0.11080372384596705,0.08193078534187369,-0.001703668689916248,0.00010975638031595475,0.7286323332713626,-0.0018134250702322029,-0.0014299913208643351,0.0004441771785463808
2022-06-14,0.020942344691143866,0.021378819822376327,14657104013.43293,0.029632295408202846,0.10639957345408127,-0.0005343541976192583,0.00022680298959863886,1.040502481938111,-0.0007611571872178972,0.0006205697444283836,0.0008139026983617739
2022-06-15,0.010732163473024192,0.011114972972277926,17507842534.93348,0.053164085946306956,0.10196135236771627,0.00017782146059692433,3.6941696426281055e-05,0.5082832745556745,0.00014087976417064327,0.0005705656612696743,0.00045476945292597634
2022-06-16,0.0039941442519388914,0.004299138995218721,9948262782.32809,-0.12443624073498216,0.06817653148024876,0.0015186123298690565,0.0005878170113203355,0.12371625706981536,0.0009307953185487209,-0.0004970162956645131,0.00016889240016783864
2022-06-17,0.007454939095996815,0.007636409977094916,7160320740.437901,0.013992596941525591,0.027943623493517998,0.0015971371998048049,0.00046743572494803654,0.2924419975435969,0.0011297014748567684,0.0001043139579939046,0.0003189923086636216
2022-06-18,-0.00025402833353205256,-0.0003418079024799514,11140422450.603941,-0.08172122654892076,0.13719669277177315,0.0010463585363954002,-0.00014673589174508795,-0.06531718961049171,0.0011930944281404881,2.0759506994417673e-05,-1.2371020585623889e-05
2022-06-19,0.045639748069620234,0.04662251300770248,10737479691.15422,0.1690889294479828,0.10680002754100064,0.002203842853644172,0.0006813761904109814,1.995486554514282,0.0015224666632331907,0.007717176141367724,0.0024146363994198413
2022-06-20,0.009408245378442981,0.00954599743793505,9597579628.31477,0.04416807211068233,0.07490763604949945,0.0004847137695092834,0.0006355747970529451,0.45805293772832756,-0.0001508610275436617,0.0004155440603100633,0.0005113355370609783
2022-06-21,0.011527522439204185,0.011808940749115537,7717129837.30618,-0.004370826198856614,0.04791757140949784,0.0018713663278287311,0.0004593692856030523,0.5038646109983738,0.0014119970422256788,-5.038479708518115e-05,0.0006358066550144489
2022-06-22,-0.013691609859432519,-0.013401306730650542,6985067146.03695,-0.036673894747488056,0.03718295138617275,0.0021894536362309517,0.00035542452192364907,-0.843434229902763,0.0018340291143073026,0.0005021246589084979,-0.0007502681571729311
2022-06-23,0.03687186762830397,0.037059813926926255,6567067983.10538,0.06141731335170728,0.04030675013934888,0.003909550272396367,0.0011351348904805726,1.6249897697229145,0.0027744153819157947,0.0022645710479902168,0.0020609783813799313
2022-06-24,0.04720094192861901,0.04741706653985944,7195488084.82197,0.0627922804144302,0.047390871285805845,0.006585744382082244,0.002045157232683896,1.8360789622821394,0.0045405871493983474,0.002963854781407081,0.0026695897369343217
2022-06-25,0.016819341783330666,0.017225033419185687,5514062293.63994,0.0150858371603287,0.047549391433587246,0.007185789659551676,0.0027785244931727293,0.43347800946557996,0.004407265166378947,0.00025373385128723896,0.0009723319504224793
2022-06-26,0.004131751194231814,0.004695167383479193,5642425991.65198,-0.02909134427839291,0.050801152199856175,0.00657622808044075,0.0029517109723499243,-0.11051753541721464,0.003624517108090826,-0.00012019819646405877,0.00024551140712686343
2022-06-27,-0.005619786008116634,-0.005181872415045641,5578212007.99774,-0.022556006276257385,0.03015473856525197,0.005541035613778447,0.002776985685360711,-0.5036888217905438,0.002764049928417736,0.00012675992847030224,-0.00033639953232101277
2022-06-28,-0.003206365571850167,-0.0026157028391180503,6943637262.86077,-0.03262337033421245,0.048693051578161145,0.006035990213039482,0.003267014465147849,-0.42351891202229375,0.0027689757478916326,0.00010460245147733688,-0.0001926002033951585
2022-06-29,0.005074919442148662,0.005272110866888502,6996782558.4213505,-0.040110028437420855,0.02414737188661029,0.006487835299795971,0.003114177910391457,-0.06513103130694863,0.003373657389404514,-0.00020355516314220283,0.00030570792942066793
2022-06-30,0.00938784563095818,0.00917600006219077,8776684715.97994,-0.02083023601870321,0.07205138449978897,0.007336321935565564,0.002813905906181016,0.09574210738377478,0.004522416029384548,-0.00019555104020001066,0.0005920152340378002
2022-07-01,0.020981999540816032,0.021286050103853427,7965023016.58434,0.00492126977480577,0.02413770507492865,0.01046675700684088,0.0036951143580856802,0.5855586473534597,0.0067716426487552,0.00010325808015520648,0.0013031994887923023
2022-07-02,0.01780817961004555,0.018171842704286734,4182655936.29859,0.027808485484313496,0.015858463589201698,0.012738931855098641,0.004486095718470704,0.3284207041943084,0.008252836136627938,0.0004952185041879993,0.001059503090362689
2022-07-03,0.012531644447608903,0.012844520760525446,3986193835.78978,0.01135955502220642,0.02791319870751098,0.01288768733064535,0.004155399659917385,-0.02309483518458905,0.008732287670727965,0.0001423539046213409,0.0007276832476942513
2022-07-04,0.047347514808472546,0.04800139811076276,6505251168.91222,0.09033401397600804,0.05468084558463641,0.01452777731623691,0.004690899597861463,1.9133706543908822,0.009836877718375447,0.004277091064437807,0.002687920409905151
2022-07-05,0.011463059424432265,0.011590765204785303,8047372440.069,-0.018384479976888975,0.06646477275160935,0.014076382779726834,0.005067987108098444,-0.1528237821179119,0.00900839567162839,-0.00021074238646236342,0.000628959557120262
2022-07-06,0.03294121011161644,0.03337787187487784,7479228870.10764,0.04836205888270377,0.03476130905733188,0.015133956429183608,0.005051198682896508,1.0138748292950048,0.0100827577462871,0.001593104743085511,0.0017020190565859023
2022-07-07,0.03339216760455366,0.03379678629344629,6422728354.47917,0.05055659095731413,0.03802164550002059,0.016533862303117645,0.006220546057663922,0.9470295418235561,0.010313316245453723,0.0016881941587614953,0.0016773699197199887
2022-07-08,0.015225411478026363,0.015581426411018784,7993846092.86714,-0.03644268806054967,0.032615594274112376,0.016903884797500004,0.0066540602883192095,-0.09491768627742854,0.010249824509180796,-0.0005548549210872272,0.0007681967769192237
2022-07-09,0.010745919174647067,0.010982348950066445,3405360762.76592,0.0002384211597742192,0.014524156431464872,0.01742769182169901,0.007046566657516869,-0.3860342263406923,0.010381125164182142,2.562054512459374e-06,0.0004794115754810948
2022-07-10,-0.022679166569915088,-0.02272317282369618,4207542141.60389,-0.01691372244206194,0.0204333613797744,0.014174410172197328,0.006940464836569097,-2.031457592681284,0.00723394533562823,0.0003835891285808338,-0.0009185212821359109
2022-07-11,-0.0059728873438531505,-0.005563293964733207,5159629837.3468895,-0.05151727587146784,0.04173028808068559,0.013441975280659416,0.006973061436191259,-1.041181866253148,0.006468913844468157,0.0003077068850424815,-0.0002324694896849017
2022-07-12,-0.0046866897203496904,-0.004519758008669217,6026006795.32593,-0.045007925862646604,0.03823467417211026,0.01266986993972828,0.006700127568774888,-0.9105670316954441,0.005969742370953392,0.00021093818347472682,-0.00018024867563368082
2022-07-13,0.029351596073222908,0.03009086771004199,9015293731.15611,0.057795851183936986,0.047437282396771294,0.014719546412711872,0.007229128709096323,0.7957747396189873,0.007490417703615549,0.0016964004786590204,0.0011431859758640858
2022-07-14,0.03658055718030129,0.03711416570677284,8433152233.87695,0.07032832232812157,0.07328691275714098,0.014705674486616506,0.007907778414142943,1.1908114100559721,0.006797896072473563,0.002572649216318511,0.0014821887333741084
2022-07-15,0.03501180021516692,0.03544484771354206,9358068233.24177,0.025789241557465224,0.047383446549721334,0.014125239166928311,0.008270123065727445,1.1961316071740058,0.005855116101200866,0.0009029277731106526,0.0014186127001118768
2022-07-16,0.040303413716354264,0.04066258796745603,10769354837.13322,0.10404398921272152,0.08211346029788863,0.015243528306596102,0.008515337469860605,1.3640836727284253,0.006728190836735497,0.004193327941940216,0.0016993547007347805
2022-07-17,0.0032061139836898622,0.0036351599361916787,8620438757.41276,-0.010687896248647813,0.012745542824909549,0.015199450344189342,0.008251402625511628,-0.6518009930343759,0.006948047718677713,-3.4266613619016174e-05,0.0001293726848978582
2022-07-18,0.02954603254482624,0.02937436301491414,14534269566.883059,0.11688714440019399,0.09287546004912497,0.016874013132424717,0.008847706055900422,0.7037339640125962,0.008026307076524295,0.0034535513725199355,0.001280482739791201
2022-07-19,-0.00976123164003917,-0.00944551044807218,14678284685.59557,0.016853412624702073,0.027478420733715633,0.016561876652987147,0.008221194458801734,-1.4287176985369288,0.008340682194185413,-0.00016451006455487746,-0.0004131768044687969
2022-07-20,-0.0015587214856690457,-0.0010870598080060523,12777657100.29962,-0.02576714632677672,0.06112159713442146,0.01624598898975773,0.008670594604538461,-0.9528323204336325,0.007575394385219269,4.016380460392511e-05,-6.872251031565914e-05
2022-07-21,0.015807292759090208,0.01630393735657587,11149023837.25642,0.05731188901676045,0.046864581135100704,0.016551676948240206,0.008556307793863132,-0.039976206710303254,0.007995369154377074,0.0009059458082644191,0.0006779693054333845
2022-07-22,-0.0013481569331301735,-0.001067061668203917,10696578370.91302,-0.01738432718233459,0.06115410491712911,0.015488336163766579,0.00856400121505675,-0.8866454914560665,0.0069243349487098284,2.343680121866771e-05,-6.019836035995555e-05
2022-07-23,-0.0002498998576691003,9.260842379976708e-05,7926850191.05773,-0.014341025289508052,0.043610831203706485,0.014628427617684929,0.00848447635981216,-0.7714878388971281,0.006143951257872768,3.5838201786770297e-06,-1.1488866139169009e-05
2022-07-24,0.021112324192780196,0.02133080039707358,10183471414.41454,0.029393147562705457,0.03530778564875067,0.015037031415074039,0.008270283811377978,0.3143025275889418,0.00676674760369606,0.0006205576603900647,0.0009780496038246812
2022-07-25,-0.02796810172508246,-0.027563234894090405,12331583506.62446,-0.04797656713287705,0.04436238271077725,0.011450573484904752,0.008091560703741806,-1.969960698854264,0.0033590127811629466,0.001341813509992553,-0.0012819081004693232
2022-07-26,0.004731003635009001,0.005061206335670532,10756084151.888,0.011255773567617635,0.0669173577014703,0.011129999399694121,0.008224009327267232,-0.31893678949393667,0.00290599007242689,5.325110566323727e-05,0.00021694584775138666
2022-07-27,0.027554421179379007,0.02784531144889102,13818423664.79994,0.13849031856773697,0.08046196426538875,0.010873485641016149,0.008728421176932226,0.842323768254064,0.0021450644640839227,0.003816020567081797,0.0013235055705237168
2022-07-28,0.018243466132405572,0.018572617524792445,16135851976.92102,0.04487717693096184,0.056600042789095334,0.010152118904247191,0.009401531179077964,0.42122304313092157,0.0007505877251692272,0.000818715257457975,0.0008924175852435231
2022-07-29,-0.012995756980743511,-0.012939295819159868,14239175682.25539,-0.002552131543886389,0.03191976426223136,0.008808253739543864,0.00910309191228289,-1.1004263984215281,-0.0002948381727390266,3.316688132723726e-05,-0.0006352842237328436
2022-07-30,-0.013645267652149573,-0.013463229741708771,8364186474.40813,-0.0059996007873529015,0.033409158834680694,0.007646768652553548,0.008706939670215985,-1.0436718025406815,-0.0010601710176624379,8.186615854947766e-05,-0.0006793058812045873
2022-07-31,-0.003087459582492569,-0.0026881929250456293,7400936551.22337,-0.00929720455392126,0.026903996449711007,0.008579707080526048,0.00831932003545585,-0.602434949369991,0.0002603870450701984,2.8704743290397742e-05,-0.00015465512219535221
2022-08-01,-0.020661894984574825,-0.020534500589820204,9324464883.621851,-0.03688236550797186,0.034442332764567485,0.00788023052620597,0.0072689731921248895,-1.4152686884948236,0.0006112573340810801,0.0007620595629084192,-0.001027812289405873
2022-08-02,0.00995304806363917,0.01019453989493524,12978724614.80327,0.0331324235957108,0.028744157946603874,0.008577360896872105,0.007706199054809705,0.06891131464335642,0.0008711618420624003,0.0003297686045129621,0.0004906097132825728
2022-08-03,-0.0033537662276580393,-0.0032194195489895217,9474080417.19574,-0.0010999469674010463,0.031974894091181476,0.00701996269206825,0.007976320913670358,-0.5311000019701259,-0.0009563582216021082,3.6889649914845074e-06,-0.00016284582350933687
2022-08-04,-0.017812973296823076,-0.017636481691153394,10013026532.58118,-0.02685734528485926,0.025262359965225144,0.004429794574109948,0.00768167311104094,-1.1696716087717767,-0.0032518785369309924,0.00047840917438275515,-0.0008241923992196477
2022-08-05,0.015722926283972205,0.015772831106226404,12843741577.30625,0.045766182414997525,0.05218399874266638,0.00351127676786258,0.008074086772291045,0.6822835231463455,-0.004562810004428465,0.0007195783124098311,0.0007310817771095842
2022-08-06,-0.015416912468656507,-0.015140868286848241,6311553238.84685,-0.026292715038331083,0.01751159069700929,0.0008579279019096862,0.007762415289352488,-1.0031984482415703,-0.006904487387442802,0.0004053524863092789,-0.0006694260703248893
2022-08-07,-0.0050175279684603336,-0.004744051266831972,5804010084.8988905,0.009585295235783824,0.00914797925486649,0.0004663259041882483,0.007414001442939447,-0.3372056075344805,-0.0069476755387511985,-4.8094486931494926e-05,-0.0002170092222522423
2022-08-08,0.022678563815449637,0.02259813972708269,11180279823.204071,0.03837134225684389,0.03614022396088099,0.00013930358374174344,0.007518117443314969,1.4348682464339937,-0.007378813859573226,0.0008702069340562935,0.00091958285202656
2022-08-09,-0.040710303054767194,-0.04079553494862598,10892575737.02873,-0.0434366082655758,0.04719434842635131,-0.0013344617217214958,0.007087801714768377,-2.190924219202397,-0.008422263436489873,0.0017683174861627964,-0.0016889647295090602
2022-08-10,0.022695461383084536,0.02319522310253408,16379353776.417229,0.10484263808113986,0.0785963671067553,-0.00017950063273322999,0.0075181078856068236,1.2218970649755778,-0.007697608518340054,0.002379452043871218,0.000960461359237748
2022-08-11,-0.000540026707478769,-0.00034558298246534225,14907737774.292551,-2.6604589293310822e-05,0.01857626152317916,-0.0009579444168555622,0.007643351488983404,0.022763338135335032,-0.008601295905838966,1.4367188759891553e-08,-2.2126228926729374e-05
2022-08-12,0.01797499295440841,0.018472944830665528,10503385045.46876,0.02818547369556973,0.030283179257123132,-3.779442221086784e-05,0.008639099582798864,0.9572497776191449,-0.008676894005009731,0.0005066336910945294,0.000710055856082026
2022-08-13,0.007501950399224633,0.007668639518951137,10705002496.90554,-0.006825553366396224,0.009271653959466313,0.00033134130430788133,0.009232900259030483,0.3796231349211784,-0.008901558954722602,-5.120496280196519e-05,0.00028407807062684286
2022-08-14,-0.016283940395041108,-0.016017646985766354,9772904219.565649,-0.025849960697930035,0.03399438770328496,-0.0014494331998740856,0.008825095181948434,-0.797892862039626,-0.01027452838182252,0.0004209392192192479,-0.0006156092506954176
2022-08-15,-0.011123765779518346,-0.010754477672257123,15018776583.95025,-0.04502686153483959,0.0494329085456711,-0.0006473219643710324,0.008443676278923543,-0.5907418539291122,-0.009090998243294575,0.0005008682615003596,-0.00042321634394938034
2022-08-16,-0.019410217856722478,-0.019268323160399614,11706754821.45182,-0.006059078425914008,0.015246530824849242,-0.0017969039401677695,0.007803159413084395,-0.9706451807332771,-0.009600063353252164,0.000117608032257958,-0.0006907247119772423
2022-08-17,-0.016431871034917278,-0.016208937678775293,15456235081.25482,-0.03319174731672845,0.026229879307961286,-0.003891489283705688,0.007371984262164689,-0.7334882945622965,-0.011263473545870376,0.0005454025113320435,-0.0005423034000184864
2022-08-18,0.007547467589958945,0.007652254458238028,9902115271.66837,-0.0010233891314751112,0.016667999566083194,-0.004400822547631718,0.007428386219911039,0.7217218088081409,-0.011829208767542758,-7.723996301724635e-06,0.00023473845212167976
2022-08-19,-0.025115300928283513,-0.024762278442018504,18452074675.28043,-0.12198226465017316,0.0726980349253872,-0.004977943687990765,0.0069113982830177004,-1.1794849205943352,-0.011889341971008466,0.003063621284602619,-0.0008298959439143442
2022-08-20,-0.0056720789675726024,-0.005200639545743124,11770457029.84846,-0.03247168332791939,0.04726082422893727,-0.004598268036344243,0.0068253974793027715,-0.06331843398697032,-0.011423665515647014,0.0001841819520459695,-0.0001911663230310092
2022-08-21,0.005265002289664533,0.005312894595807416,10132763944.54036,0.020269972458874585,0.026129494915781405,-0.004200531756717714,0.006184528498668554,0.553750028806343,-0.01038506025538627,0.00010672145140741172,0.00017725242144675705
2022-08-22,0.010068371406780408,0.010324847301047768,13698514100.45008,0.018701892210894328,0.047573673563335625,-0.0027371857380817507,0.006195006689594545,0.7564536641542956,-0.008932192427676296,0.00018829759678885767,0.00034525919779778894
2022-08-23,0.021149572773187852,0.021504938877362045,13842148886.67689,0.03401158329589605,0.020306859003482235,-0.0022040178947699087,0.006347737647276825,1.3334043346372346,-0.008551755542046733,0.0007193304560478938,0.0007167524241972883
2022-08-24,0.009039864559782451,0.009167584344528024,11946551543.69754,0.025743620401381957,0.02895115659811278,-0.0016138450001298855,0.006708554701550079,0.6025310798161687,-0.008322399701679964,0.00023271884170694525,0.0003050565626735797
2022-08-25,0.025360712279223874,0.02540123308650477,10016122886.2417,0.014974381388777967,0.02492765400085618,0.0004420447892056835,0.0065258379499773785,1.3687000537187224,-0.006083793160771695,0.0003797609779601628,0.0008554107942946171
2022-08-26,-0.021041015234497085,-0.020553115198515104,19517508006.90065,-0.11211498602997427,0.05192938376415059,-0.0013086190926261873,0.005442632280721568,-1.0706997464350756,-0.006751251373347755,0.0023590131290721164,-0.000709453327949372
2022-08-27,-0.0019871451215600633,-0.0018155388211117396,10825970419.74756,-0.007342108154819493,0.026143140197849572,-0.000669106361812071,0.005144116615564572,-0.07263430557081442,-0.005813222977376643,1.4589834401815913e-05,-6.781860785448615e-05
2022-08-28,-0.0030881963529916234,-0.002701955401832934,8412659314.02118,-0.04375955325203782,0.03945042299535796,-0.0005772334277421324,0.005029514273545152,-0.13851305401158795,-0.005606747701287285,0.00013513809276148594,-0.00010985220073786599
2022-08-29,0.03343295788111389,0.03347726817315255,13462848651.39427,0.06331012980818855,0.051061597227935955,-6.511942461526332e-05,0.005649399097183732,1.7676123095918412,-0.0057145185217989955,0.0021166449033250207,0.0012130205601798964
2022-08-30,-0.0007419176160052832,-0.0004739332357950321,18926962419.59301,-0.012809149242946793,0.05069636231770976,0.0018381370248495895,0.005688517318705079,-0.15622084812409046,-0.00385038029385549,9.503333469382963e-06,-2.704211178477145e-05
2022-08-31,0.015750338637705363,0.016076731348844575,18812423619.66005,-0.03339531940473641,0.03157065027054388,0.001507416894117248,0.00585796841704725,0.8823406950017844,-0.004350551522930002,-0.0005259875895389316,0.0005388131256905717
2022-09-01,0.006862972296341807,0.007301954700888347,14170488622.63159,0.023336934233625053,0.04110851264242992,0.0018599406562039421,0.00581789106252953,0.3092863001374174,-0.003957950406325588,0.00016016073312691945,0.00024214341020126575
2022-09-02,0.011887410552041011,0.012380402956057468,14620844149.07381,-0.012973673391690541,0.05465990510108553,0.0015700557799007326,0.005673532507152148,0.6478542019050068,-0.004103476727251415,-0.00015422338197511583,0.0004332174492072242
2022-09-03,-0.013342722220927916,-0.013165939853929887,6120571237.10822,-0.0026756598435067856,0.012839333949117439,0.0005774523217982304,0.005179073747930347,-0.8600817363742641,-0.004601621426132117,3.57005860496025e-05,-0.0004885207176728503
2022-09-04,0.006907060729895331,0.007142126143508065,6193035829.21504,0.017185880850230966,0.01596791077910728,0.0016817857086999656,0.005089794641299973,0.33150319270987083,-0.0034080089326000073,0.0001187039227292905,0.0002469610468775404
2022-09-05,0.02600478750368196,0.02643616458398501,9199273055.662779,0.02650913170980989,0.031795291060883524,0.0034498120555190278,0.004751021192017583,1.381503349383804,-0.0013012091364985549,0.0006893643370207233,0.0009079566817116481
2022-09-06,-0.0022279592860245945,-0.0016491177225578246,18073176431.24372,-0.05076755986366678,0.05970212979415271,0.004268014844599879,0.004533703434708744,-0.4181552515204272,-0.0002656885901088646,0.0001131080564270659,-8.250559903192409e-05
2022-09-07,0.018335315478638092,0.01906836529267264,14158089326.65611,0.07660145317341864,0.04601864588615303,0.005923595154769183,0.004301863837359881,0.8239338672083659,0.0016217313174093024,0.0014045118100567539,0.0006962696205095291
2022-09-08,0.011176601291081223,0.01148882010751251,13203029495.58423,0.0033159394532789434,0.02303392904149627,0.0060964110452988145,0.003949235800638096,0.3363406586104168,0.002147175244660718,3.7060933174664604e-05,0.0004278109786767418
2022-09-09,0.0318483548571884,0.03174333072909841,12916052034.8623,0.02697515482228109,0.0224229323155136,0.008808966082702239,0.004213092044751779,1.6096762676345784,0.004595874037950459,0.0008591143031076051,0.0011428248447822441
2022-09-10,0.02199693161467353,0.022440031863550258,7348536836.117491,0.023372455645348338,0.028517512081014305,0.01012653801519015,0.0043916795437998184,0.8367488426379222,0.005734858471390332,0.0005141223084977177,0.0007696899178885136
2022-09-11,-0.01573466503061538,-0.015483255017740838,6884026557.92414,0.0031039448393203675,0.005927525618537264,0.009126553857081584,0.004501909726963306,-1.6306021785082458,0.004624644130118278,-4.8839532320213263e-05,-0.0005354315657488955
2022-09-12,-0.0055246881429946715,-0.005251818374412576,11291212213.97169,-0.006022153616720044,0.03347828412475024,0.008384027211854198,0.004509023999992806,-0.8930350215208642,0.0038750032118613923,3.32705206815857e-05,-0.00018429021585825495
2022-09-13,-0.014797004197706687,-0.014102356458593923,15865869412.730669,-0.08664391970240436,0.0896531898093705,0.006672285451335411,0.004348542817812536,-1.3360669641322667,0.002323742633522875,0.0012820704435422385,-0.0005424549816640678
2022-09-14,-0.0065875861887018106,-0.0062889800592582645,10351087044.81358,0.023266142238749798,0.029250873711879778,0.005928121129979018,0.0037780796073057944,-0.7671811475535217,0.0021500415226732234,-0.00015326771727635998,-0.00024159350814263899
2022-09-15,-0.022833518425514177,-0.02234407493529733,19824699198.48316,-0.07957800822613256,0.07891986725213716,0.0036331577630867294,0.00283499904213412,-1.573021991858812,0.0007981587209526094,0.0018170459170971166,-0.0008961040400903072
2022-09-16,-0.013234435253228427,-0.012980341148507546,11772482639.46676,-0.026861524391373667,0.02554026586901364,0.004004899666956665,0.002069185780731019,-1.055558074575619,0.0019357138862256462,0.00035549710536065095,-0.0005027562062602404
2022-09-17,0.00843582518019037,0.008643650125490066,6308438616.51773,0.01934863080144044,0.02451977887532931,0.004501231586087638,0.0015633510420617512,0.24139939272219438,0.002937880544025887,0.00016322166691699826,0.0003198121433842061
2022-09-18,-0.03781734806663006,-0.03768296947921779,9967351085.11641,-0.08453205626556776,0.04656444849710301,0.0028474624568667604,0.0009121849777709587,-2.175328566625918,0.0019352774790958017,0.0031967781945829326,-0.0014465116658835537
2022-09-19,0.015045580857136809,0.015444046680628265,13666010265.88282,0.06099922380620585,0.03221336027195468,0.0019718730747726137,0.0006820190779663646,0.7433605062476232,0.0012898539968062492,0.0009177687539988547,0.0005619887759860218
2022-09-20,-0.00262101810490456,-0.0023808696632562354,10604151627.641981,-0.02391600296892165,0.03261019515492821,0.0018823920991107434,0.000795355800746279,-0.2557800675181603,0.0010870362983644642,6.268427677849486e-05,-9.56440137577518e-05
2022-09-21,-0.0044605103105634925,-0.0034436291025402577,14907764982.7589,-0.07153961145669648,0.06477881282128231,0.0009199707206217502,0.0007492956606685894,-0.30991248991291365,0.00017067505995316083,0.00031910317451630077,-0.00016982282226920132
2022-09-22,0.02038423729086003,0.02078571064012036,12674382231.70619,0.04927341096346264,0.056421544500830395,0.001563840482265475,0.000821945573871285,1.055136569369186,0.00074189490839419,0.0010044009012092866,0.000790943095533691
2022-09-23,-0.0009444998411614058,-0.0007385096415616355,14195748237.66868,-0.009878531133454627,0.043912048959902604,0.0009527971302082172,0.0008283528292993607,-0.10728445313140159,0.00012444430090885646,9.330271086455897e-06,-3.616480358540411e-05
2022-09-24,0.001829742934597256,0.0018699564039417194,6117137472.97961,-0.0035872641431858154,0.02180616519263154,0.001675295470947511,0.0008613630323512076,0.008887128319138463,0.0008139324385963034,-6.563771220528325e-06,7.084195781066632e-05
2022-09-25,-0.024314075638035115,-0.024058194416132994,6323317973.41767,-0.026380234622411056,0.017296336121681487,0.0001885746915222517,0.0001403090667827106,-1.344545036119805,4.8265624739541105e-05,0.0006414110199584152,-0.000942903485257096
2022-09-26,0.01726543383551271,0.017471136583899094,10639323515.45812,0.024894467824153867,0.022749167377720123,-0.00022758500696199815,0.0008583016947286657,0.9884792755823294,-0.0010858867016906638,0.00042981378708822866,0.0006621187103823839
2022-09-27,0.0067255448382390615,0.006987876693251405,13143901188.70475,-0.04254234721174857,0.035371062996226735,0.0001987723322886521,0.0008899610789069206,0.36762141942452514,-0.0006911887466182684,-0.00028612046369654953,0.0002501281196180438
2022-09-28,-0.0012346635271646145,-0.0007703069023807796,13854142475.32485,0.03822422530876062,0.029096996902197966,-0.0007331314298924292,0.00043299148039035524,-0.029055373725800002,-0.0011661229102827844,-4.719405684284931e-05,-4.492319113318533e-05
2022-09-29,0.00848033360259337,0.008575767506717069,11892132443.56242,-0.004977105175296067,0.020965946449249175,-0.0008615251293442316,0.0002780211227742885,0.5438249778718433,-0.00113954625211852,-4.22075122617046e-05,0.0003077215505237351
2022-09-30,0.009946322796907436,0.010258343789191215,11394338399.68576,0.0005876193299966768,0.022948949720389508,-0.0019044790369766584,0.0006421811192449385,0.7551386814734916,-0.002546660156221597,5.844651537849421e-06,0.00036116629444968187
2022-10-01,-0.031060175623290998,-0.030896473706890193,3648363835.7798,-0.013490431562480665,0.009015933453813796,-0.004431007953070208,0.0003657540085919,-1.6724315338259228,-0.004796761961662108,0.00041901517356463745,-0.0010989988716472465
2022-10-02,-0.028933814237448563,-0.028679392493431544,5371485640.17009,-0.025488253346678574,0.025821211284071437,-0.005059538867681311,-4.4505589105814195e-05,-1.4351409221455176,-0.005015033278575497,0.0007374723875698245,-0.0010511715877810736
2022-10-03,0.021352015127386492,0.021520502676686926,7563682363.97532,0.02415158597021151,0.0165868235085701,-0.003779695854806018,0.0006223818729888099,1.4276445965664821,-0.004402077727794828,0.0005156850289863316,0.0007585486175014044
2022-10-04,0.031958090041434684,0.03201441948598949,7456202392.44989,0.024023526622579075,0.016821946916116493,-0.001553262795799286,0.0009716682535887386,1.7601681627016519,-0.0025249310493880247,0.0007677460269171853,0.001024502917658587
2022-10-05,0.0007955456522426019,0.000959579382152187,7323277791.98338,-0.0012348008327082722,0.020535095107485916,-0.0012016850890876473,0.001037530346920495,0.10506622794896392,-0.002239215436008142,-9.823404338466104e-07,2.51731842718671e-05
2022-10-06,0.00423429160585731,0.004423290155961768,9688859096.22463,-0.015090885053980738,0.008130192640847436,8.725824573956637e-05,0.0013874869326773265,0.22567305139741842,-0.0013002286869377602,-6.389920790902818e-05,0.00011971073946896725
2022-10-07,-0.010093347054651591,-0.00984349605055368,6854336044.88562,-0.01791568550992457,0.016327403977524278,0.00023683387424322522,0.0009777048161912344,-0.5652648694357516,-0.0007408709419480092,0.00018082923157366134,-0.00028092833078985385
2022-10-08,-0.05579437222678252,-0.05555439404805229,2887524977.8027897,-0.011968494402085762,0.008136181971597956,-0.002821746954660246,0.0003367927565384406,-2.42350892268819,-0.0031585397111986865,0.0006677746316641359,-0.0015093967131546032
2022-10-09,-0.004935467462063414,-0.004868129973091717,3036627474.46765,0.009404362773711667,0.00921108181433125,-0.0012559431163475482,0.0003380953042590266,-0.18079971445788398,-0.0015940384206065748,-4.6414926471094375e-05,-0.00012473958211957502
2022-10-10,-0.022960696037334083,-0.02268830015947454,6508981566.24311,-0.025321103676616608,0.015202950241206289,-0.003065765825608067,-0.00038633739181690547,-0.9696110313110443,-0.0026794284337911616,0.0005813901648486164,-0.00056171270610164
2022-10-11,-0.007817752786916099,-0.007660523413003606,7068866635.71179,0.0015875936436648035,0.011151452934619655,-0.0033132293818943304,0.00013576658068866748,-0.21926058605503806,-0.003448995962582998,-1.2411414632250802e-05,-0.0001832657357040555
2022-10-12,0.016203806620987304,0.01629170211998865,5701823057.72268,0.008466833396527545,0.009013205004005785,-0.0023292142899157212,3.272444160775903e-05,0.883501488636887,-0.0023619387315234803,0.00013719493104944947,0.00033682443644137246
2022-10-13,-0.012166868111383677,-0.01161388038376443,13177563627.81076,0.00028767022306230676,0.03858687547360248,-0.0038792669281178024,-0.00015182859654946175,-0.4060663693705393,-0.0037274383315683405,-3.5000456635714094e-06,-0.00024257665953355637
2022-10-14,0.013065020581231268,0.013266513266502411,9450587003.03056,-0.02585651336021446,0.016651027180599028,-0.0032121469080038656,-0.00022976466596497192,0.7849509344452901,-0.0029823822420388937,-0.0003378158792100832,0.00024352327752033144
2022-10-15,-0.034609326115745076,-0.034333431006056236,3917050344.33982,-0.019769847760025598,0.009753628802965143,-0.004947340672305882,-0.0008981976265200467,-1.3611846752754988,-0.004049143045785835,0.0006842211083853582,-0.0006252314351760925
2022-10-16,0.020619014305282013,0.02079637734593187,4242204246.14907,0.017392683394631497,0.016980721016903927,-0.0028076697226241134,-0.000312436440800632,1.06486894666993,-0.0024952332818234816,0.0003586199877211477,0.0003721809204816921
2022-10-17,0.021669277494069217,0.02188650359614641,6802174597.73257,0.022427252723778743,0.013455935191997528,-0.0025979628817404702,0.00020808805560551977,1.0921161024694384,-0.00280605093734599,0.00048598236270118125,0.0003815491530645772
2022-10-18,-0.03007213245712148,-0.0298020416149799,8569353674.81877,-0.01728578250265864,0.01873038740297642,-0.004350233229138591,3.88513159166467e-05,-1.1237557634688382,-0.004389084545055238,0.0005198203410449434,-0.0005056757194198731
2022-10-19,-0.017459244042832167,-0.017145507330660004,5694630433.42334,-0.015443218744727335,0.012152253949448296,-0.005122832301313236,2.2543807854505602e-05,-0.5351547223405619,-0.005145376109167742,0.00026962692487103476,-0.00027949689359523655
2022-10-20,-0.004816789856215142,-0.004605564344844604,6829877558.46932,0.0020845295693310358,0.016099500464552975,-0.005756028656494595,-0.00017371424684667038,0.04112007002299055,-0.005582314409647925,-1.0040740884534252e-05,-7.599352058317301e-05
2022-10-21,-0.0009627348803368241,-0.00048412442994216764,7736955770.56057,0.009373473527475308,0.01949508719420356,-0.0062755075935062255,0.00020965981740645167,0.23519231934097176,-0.006485167410912677,-9.024169914814329e-06,-1.5030533074134475e-05
2022-10-22,0.03756777841139436,0.03768938005757616,3251370186.8382797,0.011434385240707482,0.009400613859041599,-0.0030075097823307325,0.0008960067599297367,1.7078475743669084,-0.0039035165422604693,0.00042956445099341683,0.0005872086631310677
2022-10-23,0.06238772743260812,0.0630305061106935,4892526172.62552,0.037886744399012524,0.02922252335335962,0.0013411350591005379,0.0018027166828336032,2.2675085735843568,-0.0004615816237330654,0.0023636678828744856,0.0009852652798730197
2022-10-24,-0.009246374262377177,-0.009202342812576814,7394468406.05214,-0.0035833006158634013,0.01728633217262633,-0.00011593110231677972,0.0014961334182438002,-0.3431030538392937,-0.00161206452056058,3.313253858887964e-05,-0.0001463324131245176
2022-10-25,0.04876449325722376,0.04842361825598984,16344240230.083029,0.07996390047188805,0.07713947878287836,0.0006843738127207954,0.0019344654894189735,1.7265094387349338,-0.001250091676698178,0.0038993990853826966,0.0009118076174523803
2022-10-26,0.024343974318039585,0.024229779502846105,16625093320.88943,0.05208537630096677,0.032843440267960294,0.001805727558711128,0.002177387866534166,0.7957598002640563,-0.0003716603078230379,0.0012679650630161626,0.00046945647345025105
2022-10-27,-0.01462048527033799,-0.014151647150809521,12406744072.25012,-0.026654860484075567,0.03379851797118357,0.0009078810407970661,0.0015427656832077872,-0.5440892211561059,-0.0006348846424107211,0.000389706995090341,-0.00029981644256770406
2022-10-28,-0.007255633612423873,-0.006776894216414919,11324631030.27013,0.030416943912812817,0.030835545860148732,0.0010430102523317194,0.0017615812645105366,-0.29126126680976033,-0.0007185710121788173,-0.0002206942006410164,-0.00015380103122900247
2022-10-29,0.021650196193931714,0.021721701926996406,12038906676.548191,0.018693298548501717,0.01788903727730814,0.004730846843794302,0.0021367771584072316,0.659972295359343,0.0025940696853870705,0.0004047135810868011,0.00046898407174356967
2022-10-30,-0.015919393553129213,-0.015680127941765654,6332682157.970921,-0.019871812079328654,0.018986412767575424,0.00420780274421974,0.0019331073615796507,-0.7755063960062433,0.002274695382640089,0.00031634719710465977,-0.0003522544304703601
2022-10-31,-0.007400740489216573,-0.007177388361789827,11265423901.76959,-0.006290565268952191,0.03877464059112634,0.004948753008415812,0.0012849534191934529,-0.48707506108326826,0.003663799589222359,4.655484108599402e-05,-0.00017206602433316747
2022-11-01,0.0007207068205099532,0.0009131546448957195,7122535302.01501,-0.005032061495127586,0.010780450453829775,0.005355346323055147,0.0013081696800905202,-0.18385978586036747,0.004047176642964627,-3.6266410407639635e-06,1.6743584919932678e-05
2022-11-02,-0.019234738658600925,-0.01868055730998719,13993599315.82898,-0.046834228936788035,0.02570504231074257,0.0036677965478366607,0.0007528509928475632,-0.8936658039126468,0.0029149455549890976,0.0009008441538762029,-0.0004621534800710824
2022-11-03,0.01411618202692666,0.014230446888434889,7425208238.02046,-0.010543656484572913,0.013749901316835626,0.004919370363946677,0.0008679813060314497,0.36127033473944814,0.004051389057915227,-0.0001488361741656169,0.00032247441685571873
2022-11-04,0.02153892574483196,0.021413391753640543,14117291322.98787,0.06001656751061341,0.0418397332174697,0.005322889657451472,0.0010211799598852744,0.6319872639843884,0.004301709697566197,0.0012926923910707966,0.0005178769912460138
2022-11-05,-0.015382130716438014,-0.015290566549323703,4936106420.27118,-0.012157442740956426,0.00990733210311936,0.006238470390751808,0.0009888083964644792,-0.8832465782441663,0.005249661994287329,0.0001870073734190022,-0.00036995700844013224
2022-11-06,-0.03711221716959012,-0.036625134951265736,6138703520.86827,-0.03332847149450595,0.027831522479769187,0.003489364130043611,0.00029008969964724974,-1.562884844960717,0.003199274430396361,0.0012368934720345987,-0.000911765332793544
2022-11-07,-0.01648457800914027,-0.016237982463500167,9948551937.36538,-0.01222465704384303,0.038298859391308296,0.0016725138679860162,-0.00038434467357215075,-0.698947138504311,0.002056858541558167,0.00020151831267421652,-0.00042449092475368267
2022-11-08,-0.021506504287069128,-0.02104133171976985,29374837585.47329,-0.12197071193146752,0.10993207548386938,0.002080400923702795,-0.0006903533243823814,-0.9243390993597653,0.0027707542480851764,0.00262316363905098,-0.0006472109038342722
2022-11-09,-0.007787076816260341,-0.0076821450351344245,27924782502.31694,-0.17462970190644597,0.11148478466436319,0.0025409803154443104,-0.0011049944719204517,-0.40930792869770843,0.003645974787364762,0.0013598549031461397,-0.00027117598830708745
2022-11-10,0.020354997083269044,0.020313273459833026,18981639356.49054,0.1018481712226137,0.11104790965030306,0.003739636836372129,-0.0009593056498222324,0.6525344879445196,0.004698942486194361,0.002073119228172588,0.0008008714711451765
2022-11-11,-0.0021180257882603692,-0.0018302910834788744,14813683425.71741,0.039864078747466,0.03749219642545917,0.0036846229836138646,-0.0014984545489563398,-0.2277806623663453,0.005183077532570204,-8.443314681237512e-05,-8.514931151392801e-05
2022-11-12,-0.006596985326706162,-0.006481914455285009,5792014547.78374,-0.001502665725024747,0.016873997650479092,0.0015815389960852685,-0.0019523262464385572,-0.3360786697467865,0.0035338652425238254,9.913063738932533e-06,-0.00026756107566327706
2022-11-13,-0.02166072749340353,-0.021502158401218385,5856567989.37609,-0.04062079142996222,0.021069605191040328,-0.0024207683813438578,-0.002046390729974877,-0.9415972893915484,-0.00037437765136898084,0.0008798758937307933,-0.0008701081392614675
2022-11-14,0.005313431954625969,0.005900365846463362,11685915959.46197,0.04146284380327435,0.06425025073164016,-0.0017274442757722792,-0.0018743570776316922,0.34451352389022466,0.00014691280185941298,0.00022030999919398327,0.00022532259341612355
2022-11-15,0.0028153159925616844,0.002911461787988179,7759799922.32057,-0.0025510014551557787,0.011283464987737404,-0.003915500335994283,-0.0015947964396909244,0.3978552135751362,-0.002320703896303359,-7.181875193748193e-06,0.00011055809191003008
2022-11-16,-0.022260699986057286,-0.022036764600789294,7840175274.8468895,-0.03900620296180112,0.03786618934579352,-0.006134770540951277,-0.001843576023775932,-1.0040803230768467,-0.004291194517175345,0.0008683053817279139,-0.000879506974094829
2022-11-17,-0.010848291579214187,-0.010628321062816082,6998582017.23369,-0.0033784659297401883,0.012841113258690187,-0.005955142269945381,-0.0016533343278029163,-0.30617305876219647,-0.004301807942142465,3.6650583496262514e-05,-0.00041778323993491744
2022-11-18,0.009225476484642448,0.009433292958332284,4667089419.93724,-0.0059392269349138795,0.0075302162596126865,-0.0051703275034184135,-0.0012968277922811564,0.8823246741150857,-0.003873499711137257,-5.479219842500304e-05,0.00034504808014820755
2022-11-19,0.016566327731670327,0.016874159188768223,2603491616.74213,0.007307369544429161,0.008725399071035101,-0.005412416477811813,-0.001167772196225919,1.3796128510380963,-0.004244644281585894,0.00012105627872943997,0.0006123791146358702
2022-11-20,-0.03152728961738305,-0.031509683135674815,6120393596.02878,-0.0651504295061486,0.058687291333099544,-0.0061556496237286625,-0.0010679299986188235,-1.5113971216047022,-0.005087719625109839,0.002054016459737245,-0.0012250183240197035
2022-11-21,-0.01090597327213727,-0.01065633885882955,10872443056.73908,-0.015783362453276304,0.03879265646399181,-0.00632256547053441,-0.0014798594292422217,-0.27254161329831095,-0.004842706041292188,0.0001721329290598863,-0.0004237697638473959
2022-11-22,0.028363376848045574,0.0289344041909958,8331237863.26098,0.031252961541498356,0.04838321444976521,-0.005006247850175571,-0.0009880436363382513,1.81325374439799,-0.004018204213837319,0.0008864395258189932,0.0011528939527201707
2022-11-23,0.02258712572840893,0.0228248331002745,7724547462.35971,0.011751196262317963,0.020362599781622543,-0.0030147304984131968,-0.0005587160801640858,1.3447503193466674,-0.002456014418249111,0.0002654257474361849,0.0009123588797475345
2022-11-24,0.00742778600144689,0.007570339426369754,6220071901.353291,0.001572412395778482,0.011424466930780327,-0.003333225547245567,-0.0007643740371388975,0.5726438130775183,-0.0025688515101066696,1.1679542781864975e-05,0.00029920709397872824
2022-11-25,0.0006712609141381609,0.0008514475357457307,5071643622.45446,0.010770741554406677,0.01020478958419745,-0.0043269238725167,-0.0007387270410230314,0.27855275377608046,-0.0035881968314936687,7.229977821756902e-06,2.602861934767366e-05
2022-11-26,0.018138285609355043,0.018497477265532192,4716635434.54015,-0.008537206656842185,0.010099694504501662,-0.0027307135712884593,-0.0004798612842808443,1.1344295503173505,-0.002250852287007615,-0.00015485029264789067,0.0007034910732543325
2022-11-27,0.010835800801527684,0.011145413423550687,3624416287.45259,-0.018351271859479698,0.016803933760243417,-0.0004474746202828495,7.807326237888267e-05,0.6706758659240196,-0.0005255478826617321,-0.00019885072632400255,0.0004145750085191178
2022-11-28,-0.016086486306127856,-0.01599394814966626,6533252497.45609,-0.004138066659127235,0.010002433046226198,-0.00042851787252035355,-0.00045132229542493586,-0.9317458189304161,2.2804422904582305e-05,6.656695264589451e-05,-0.0005937891951293095
2022-11-29,0.047007241501626496,0.047203877923551296,7132437233.9672,0.026184174676992935,0.02241915670781539,0.0028340414507508666,0.0001880697151050234,2.323218868873632,0.0026459717356458433,0.0012308458225621798,0.0015392529373116706
2022-11-30,0.04501736875281748,0.045031927812364536,8899047729.23707,0.02302941632280482,0.018062034000148414,0.005348538858802192,0.0009222289576444216,1.8949813054581957,0.00442630990115777,0.0010367237267658585,0.0012738256427011574
2022-12-01,-0.00824452382494667,-0.008086103023121738,6068049140.14661,-0.009246140191045856,0.012515773051695062,0.003986656910791919,0.0006567550302231512,-0.5869477091702489,0.0033299018805687678,7.623002309387452e-05,-0.00019460628302841494
2022-12-02,0.007250012096980951,0.007529838489850116,5429934958.52178,0.018659497134713546,0.01605596132422801,0.004432753952946268,0.0006139564476846356,0.1354344161589711,0.0038187975052616325,0.0001352815799502546,0.00016373090416397693
2022-12-03,-0.06158406873806499,-0.06100048749577114,4739114178.116529,-0.035895379074718875,0.022819224801612595,0.0018143214095482283,0.00012945020776758805,-2.5112703583631157,0.0016848712017806403,0.0022105834923163868,-0.001408220813397633
2022-12-04,0.04121195192905436,0.0414016157085868,4893240341.17784,0.017623617099006738,0.01519962947752921,0.004808258524903366,0.0012428750675533486,1.3980955334969711,0.0035653834573500173,0.0007263036607003261,0.0009308592504177233
2022-12-05,-0.025477378656902028,-0.025178584833799533,6905572840.95312,-0.024858086546717815,0.025577595869961754,0.0033420294481639377,0.0004995513566916262,-1.0728657949727236,0.0028424780914723113,0.0006333188836367718,-0.0005285425822122248
2022-12-06,-0.011936114000327791,-0.011752402108020088,5143559417.12193,0.007662751675510788,0.01750117463191522,0.0026395804008834864,-0.00019718204079666708,-0.538471897851145,0.0028367624416801534,-9.146347755509955e-05,-0.0002511554749831892
2022-12-07,-0.043208521678157474,-0.04306819055759836,5688885187.00896,-0.02467616509646878,0.031375743004043964,0.0016420650822120489,-0.0008956593000093667,-1.5800229837847815,0.0025377243822214154,0.001066220614504564,-0.0008958239704712185
2022-12-08,0.050118400579890476,0.050622217131939706,6769034561.5628805,0.038578596364393494,0.029175314295111224,0.004545240899312271,-0.0001673401099453482,1.5135536972280763,0.004712581009257619,0.0019334975464005795,0.0010780666107810533
2022-12-09,0.0017435901153544098,0.0021767605149842773,5628848627.17139,-0.01661618026727532,0.01242583280157062,0.00418896059601284,2.0547781642048655e-05,-0.08125193210697382,0.004168412814370791,-2.8971807668968246e-05,3.7911786452940616e-05
2022-12-10,0.019714681582079008,0.019892318438125667,2815529332.16199,0.0008772450328448167,0.011484121147332266,0.004338882207937063,0.0012191041913065172,0.5096615692357883,0.003119778016630546,1.7294606491996003e-05,0.0004312564449614683
2022-12-11,-0.006050583416178923,-0.005857800762520071,3084127004.0478,-0.007481272612053892,0.009738184174680012,0.005552058693708688,0.0012014039380665886,-0.3980423347698693,0.0043506547556421,4.526606399840685e-05,-0.00011825246796543416
2022-12-12,0.007639252256580686,0.008014398963580138,5144565033.61437,0.025235752345694286,0.01889612811080364,0.0064351646712666865,0.0016871174030493627,0.041655817771459706,0.004748047268217323,0.00019278227805335642,0.0001420635384611332
2022-12-13,0.03177553993354576,0.03190380641574064,9619436612.69286,0.04004766391808197,0.033822447938463104,0.006597648627719076,0.0023155823668662176,0.8668785715929438,0.004282066260852858,0.0012725361440742333,0.0005688823923450189
2022-12-14,-0.01149277989759534,-0.011150779131547384,7479465702.91782,-0.009361440149891908,0.025059608159668643,0.00497479597886173,0.001875954009428398,-0.5667075234540511,0.003098841969433332,0.00010758897116721963,-0.00020832756745627212
2022-12-15,-0.04325259201187126,-0.04318195433137406,5374816224.59595,-0.020448756049359487,0.018799073919865763,0.0025614446448941988,0.0013825298205317697,-1.4830786830265126,0.001178914824362429,0.0008844617025532302,-0.0007992210951286745
2022-12-16,-0.03885225380471147,-0.03881936566433508,8739897084.46596,-0.08642311161566925,0.06098906340733973,0.000679372515425169,0.0005584461001199801,-1.2281160348717801,0.00012092641530518893,0.0033577326670848895,-0.0008118680332102454
2022-12-17,0.008380812550849326,0.008565545524465756,3926389487.824,0.010131644436433518,0.01202489104592142,0.00021473094121061105,0.0012408292535579866,0.25523748312304984,-0.0010260983123473756,8.491141285360478e-05,0.0001758962243047312
2022-12-18,-0.008851141075103763,-0.008704415938487808,3402889257.43771,-0.0038405584356410167,0.01135585749339676,-0.0007227424814861246,0.000773049009424879,-0.25436471372099456,-0.0014957914909110035,3.399332452103846e-05,-0.00018347119321702896
2022-12-19,-0.011079335339362006,-0.010849231972703155,5053649056.7304,-0.009694038290370337,0.008992872912016432,-0.0004843067211639412,0.0002532297581005738,-0.3326139092429963,-0.000737536479264515,0.00010740350101162852,-0.00022912576622985894
2022-12-20,0.04566981517799218,0.045681069429312604,6963536310.44835,0.020232744203321083,0.014292530703185069,-0.0005479936889560515,0.00145548289516587,1.4554351520918465,-0.0020034765841219215,0.0009240256883092664,0.0009267994423609714
2022-12-21,0.000252904511227392,0.00040539427145080964,3566753016.5772,0.0026989678600220293,0.008787725989563342,-0.002679634843317484,0.0017366281103096725,0.09775939287730184,-0.004416262953627157,6.825811474573114e-07,5.020621268204634e-06
2022-12-22,0.0033593343358584438,0.0036661440802809864,5306923844.99218,0.002689688277144873,0.03276036251793955,-0.0021270701689934312,0.0018664078593902057,0.1828998965839648,-0.003993478028383637,9.035562182168714e-06,6.992747861561244e-05
2022-12-23,0.007720598274450152,0.007850520161325703,4040440150.9293,-0.0032092769018135653,0.0036641133241362457,-0.0021046613033996594,0.0020042385443868244,0.32746181163865257,-0.004108899847786484,-2.477753771037454e-05,0.00015615516471380808
2022-12-24,0.02204135879237601,0.02218861017697349,1464144965.51859,0.0011728571074109495,0.004483216859564723,0.001877501912335626,0.001757787439323041,0.7433160276375395,0.00011971447301258498,2.5851364316633024e-05,0.0004265585319732343
2022-12-25,-0.01579394802004075,-0.015437141824824696,3000167697.41548,-0.002165213102316276,0.009499335819068578,-0.0008370647519069981,0.00051680846388417,-0.5793998996437844,-0.0013538732157911681,3.419726319029444e-05,-0.0003013674765418687
2022-12-26,0.025300343198790154,0.02551968546963934,2350576564.38967,0.005784188083232935,0.009904569759068652,0.0015809220031259628,0.0010651690585058737,0.920459339723443,0.0005157529446200891,0.00014634194363214546,0.0004638783806354763
2022-12-27,-0.019936872884835588,-0.019785861660762794,3740892959.73712,-0.009678183957892997,0.007063340244459186,0.0011999334848160677,-2.532881676490962e-05,-0.8118080037761753,0.0012252623015809774,0.00019295272332456767,-0.0003556304577573885
2022-12-28,-0.027440868361927162,-0.027239788015439026,4927046581.26896,-0.005923944711981299,0.007344781471056214,0.0019507741189222732,-0.0008473104466056516,-1.1806564027000945,0.002798084565527925,0.00016255818702481334,-0.0004580839688643114
2022-12-29,0.023999638011341196,0.02415159406326861,3619014162.58405,0.005086434225146889,0.00450870921098934,0.0007070235204199264,-0.00023429261673772804,1.0152157887885633,0.0009413161371576545,0.00012207258017202208,0.00037244783034802594
2022-12-30,-0.0004353151473318606,-0.00023826044346986208,3423709126.11584,0.0018939952680018374,0.009893901197075897,0.0006032661269586755,-0.00012603359348229928,-0.045266875824217206,0.0007292997204409748,-8.244848291360667e-07,-6.703124331739488e-06
2022-12-31,0.009625092441728711,0.00972806517188407,2024981394.9103,0.0015227707324268936,0.0075735027828169625,0.00012280950122770898,-0.0003169082562156803,0.4199578936707368,0.0004397177574433893,1.4656809067167786e-05,0.0001464179223771645
2023-01-01,0.008459226272448772,0.008573472101050639,1654443731.79587,0.0049373327645191286,0.004538949764075775,0.0008137528197337897,7.005396323793852e-05,0.3375434410989809,0.0007436988564958511,4.176601503744234e-05,0.00012658828596741177
2023-01-02,0.02663289222407572,0.026767680243545033,3431524206.10823,0.009782033978402965,0.010970409690423288,0.0017182118658049818,0.0006102703555124194,1.06901317185255,0.0011079415102925624,0.0002605238566790528,0.0003884968704184699
2023-01-03,0.0006617249609972564,0.0007641764514976224,2931903414.03335,-0.0007903121320869675,0.0055878109441341054,0.00023660162901695787,0.0006093341355201543,0.019093227198731067,-0.00037273250650319645,-5.229692647809071e-07,8.762959826090432e-06
2023-01-04,0.05894963551371846,0.058863983852704305,6655447772.02725,0.004835012929690825,0.004586982385998763,0.0035910023628890433,0.001850355947779192,2.1723016445412022,0.0017406464151098512,0.0002850222499093902,0.000723177289777438
2023-01-05,0.008478908622284287,0.008533100119640702,3329922187.6757298,-0.0012062294017071435,0.007623410117229898,0.006054407154991688,0.0017608754175467735,0.10486603391688142,0.004293531737444915,-1.0227508874587515e-05,9.950457034007626e-05
2023-01-06,0.029364306665434103,0.02979647076393155,5216519703.013,0.01427518187491933,0.018206494963957213,0.009302814796427191,0.001885087813111887,0.9459272181863774,0.007417726983315304,0.00041918081827997775,0.0002847831131100861
2023-01-07,-0.003252480364629662,-0.003231043896328001,1500580014.03508,-0.0018974587659166375,0.002698659181915306,0.008748848467118668,0.0020776219456802737,-0.5612092147984723,0.006671226521438395,6.171447378838293e-06,-3.0099001156335513e-05
2023-01-08,0.05090473688510122,0.051504213499368845,3068138464.8622103,0.02138787880138501,0.02364600106620539,0.011594366465223669,0.003474716454484898,1.7202807504613333,0.00811965001073877,0.001088744342914938,0.0005008727490305508
2023-01-09,0.024854914064539102,0.024918488056549837,8343049682.27575,0.008076028107474915,0.01645446932606664,0.013305521198742768,0.004130898868352825,0.5153785145897796,0.009174622330389943,0.00020072898459409138,0.00025338907570958516
2023-01-10,0.015777455924118833,0.01586127095756451,4864320674.8589,0.007683150733744757,0.007606958791196648,0.011882075519986894,0.004722707760593903,0.18404088383875228,0.007159367759392991,0.00012122057206001918,0.0001558239438360452
2023-01-11,0.04844842167176622,0.049354971249534696,6190290564.99127,0.04320138801496691,0.038879785399524344,0.014177100146679219,0.005615334720721309,1.5287584717976925,0.00856176542595791,0.002093039063354704,0.0005479188075765678
2023-01-12,0.013643922214298776,0.013955877960301288,11611529579.13658,0.01057955465157861,0.03077699304692404,0.01466684242660495,0.005508809722801146,-0.04590888569684597,0.009158032703803803,0.00014434662072806135,0.0001530148953620222
2023-01-13,0.011575333912069441,0.011874147421862213,7246536108.50026,0.025279990598784993,0.023669582116409252,0.014850401266491583,0.005726164638679397,-0.1472782451810675,0.009124236627812185,0.0002926243324749126,0.00014084307609038083
2023-01-14,0.027943302714546592,0.027647203113035035,11302279848.04887,-0.005448693284969778,0.02098095898186946,0.015131446215166372,0.006274423179016742,0.5727349768469073,0.00885702303614963,-0.0001522544858606278,0.0003619530680389089
2023-01-15,-0.0035528677125459263,-0.0033890937422492717,5624513802.85479,0.017186112195305244,0.016073498866307778,0.015714354801237555,0.006561849524744641,-0.8890345999713107,0.009152505276492914,-6.105998312289178e-05,-4.713298078185524e-05
2023-01-16,-0.003339212600518837,-0.003045135278982536,8433001908.552219,0.004785990595403321,0.03236251815313856,0.014350566429841888,0.006424505960377263,-0.8063471657720013,0.007926060469464626,-1.598144010213542e-05,-4.786963487177151e-05
2023-01-17,-0.002235477964029342,-0.002021656966284646,7212262387.95917,0.001150203968487612,0.019084385494591002,0.015193489997499329,0.006344334627732961,-0.8351650812035617,0.008849155369766368,-2.5712556256931564e-06,-3.3326586704995777e-05
2023-01-18,-0.017306634132788767,-0.017041135853603007,10794454438.88289,-0.045304477784301696,0.026834576420779955,0.015676072579839252,0.006422970593657858,-1.654949237877483,0.009253101986181393,0.0007840680215899661,-0.00027406996615863584
2023-01-19,0.008616625103008868,0.00879098438065573,5615305826.41623,0.0168059163347945,0.016254475266135403,0.01494354815563295,0.0067319375251217155,-0.3180769113216426,0.008211610630511235,0.00014481028056945706,0.00014127339432764053
2023-01-20,0.045243418162919324,0.04578455962856265,8486281244.20332,0.06525366096702653,0.0439458832235335,0.01711872593231158,0.007303650885094365,1.3646181412166636,0.009815075047217216,0.002952298669792548,0.0008151491698179465
2023-01-21,-0.02046563768382681,-0.020220251342030537,7675267204.16943,-0.013510915234141389,0.024049374273923504,0.015685834021570838,0.006715841910245204,-1.6324324031671251,0.008969992111325634,0.0002765094959588337,-0.0003847853471479164
2023-01-22,-0.014209417858590423,-0.013972521681535177,6244645504.84663,0.0028601059590600835,0.008610709280618228,0.014606374777235639,0.006990728763559373,-1.2501614086904456,0.007615646013676266,-4.0640440692129236e-05,-0.00026991393934001293
2023-01-23,-0.013738178619244534,-0.013572873098001925,6458881282.473351,-0.0026702285558789784,0.011107171165977092,0.012683942832315628,0.006945773123129099,-1.1161946223216686,0.005738169709186529,3.668407685487279e-05,-0.0002610520186609523
2023-01-24,-0.060222922483614716,-0.059809517095780196,7238645481.42649,-0.05231591415593002,0.042848662359245886,0.009784673906381724,0.005539641387705919,-2.4597207944887147,0.004245032518675805,0.003150617242872015,-0.0012512073532379721
2023-01-25,0.0005848424034073929,0.000914891318662292,9396221038.91902,0.04117345660223974,0.034369188483055625,0.007005398043985959,0.0051903987952455774,-0.2452587505188568,0.0018149992487403819,2.4079983315843878e-05,1.2980264001698669e-05
2023-01-26,-0.023604265476593556,-0.02339695430968225,6803196691.7946,-0.008819671794477646,0.014401125817291626,0.0054776278488013,0.004697826549562396,-1.0766548503692397,0.0007798012992389037,0.00020818187445327465,-0.000531502271959808
2023-01-27,-0.00916369753960522,-0.00900647020196954,6892435836.78376,0.020061132416621955,0.026787423519574163,0.0036429609818946656,0.004541716097915675,-0.4812126013266283,-0.0008987551160210094,-0.00018383414976789312,-0.0002100853589756445
2023-01-28,-0.04134079426656234,-0.04100811171454588,3918631425.95445,-0.017059920133828652,0.008283770935854624,0.0018292317484692997,0.00359760371893286,-1.5228554581626226,-0.0017683719704635601,0.000705270648456595,-0.0009587668654886114
2023-01-29,0.022390185809920027,0.022308980724482508,8242123689.74398,0.03183828247067278,0.029516010471472336,0.00047139598298448097,0.0037810066555740082,0.8270387480037881,-0.003309610672589527,0.0007128650603870833,0.000525527004249965
2023-01-30,-0.05050459726664125,-0.05038534018449636,7994874441.45608,-0.04571040480205439,0.03638500392458762,-0.0031171521756431547,0.0032346874339785575,-1.6869593966017333,-0.006351839609621712,0.0023085855854229013,-0.001233341639757669
2023-01-31,0.006045575725056596,0.00617920099347824,5443354538.36838,0.010368898964483845,0.01713147224137959,-0.003580575042265166,0.0025845022629218924,0.34573799754706447,-0.0061650773051870585,6.268596387524801e-05,0.00015037723874955546
2023-02-01,0.00012488843499003366,0.0006391296005625602,8138789577.81239,0.035568479733189974,0.0313903877265891,-0.0058816956725878415,0.0018719232102579646,0.23836945903862855,-0.007753618882845806,4.442091768852826e-06,3.061926464584169e-06
2023-02-02,-0.006424506791257056,-0.00603635805137126,10469433177.5439,-0.016955948448958577,0.020172211505376864,-0.006837335149042881,0.001900812369522879,0.016647328539682617,-0.00873814751856576,0.00010893360596253893,-0.00015426721202696576
2023-02-03,-0.008206216988728587,-0.007945520320622346,7613169004.81489,0.01289778439022545,0.014337967959814917,-0.007779313763366597,0.001655475399908442,-0.01746942511904382,-0.009434789163275038,-0.00010584201738002648,-0.00019340364371292704
2023-02-04,0.009760715404258935,0.010171397151228723,4528626441.07317,0.007166589941504049,0.013295595837761172,-0.008645151254332675,0.002787932291056441,0.7862845916605726,-0.011433083545389116,6.995104483804572e-05,0.00022646784594045435
2023-02-05,-0.040118685676355015,-0.039966743312002784,5915689068.446711,-0.019622298517083997,0.020799656807951865,-0.010386380681180727,0.0014969697893832763,-1.2209446337041017,-0.011883350470564004,0.0007872208264545,-0.0009398615399352088
2023-02-06,-0.018973400298228582,-0.018651554429757744,6376859033.52747,-0.007807597253734623,0.023245075303967883,-0.011130865809643096,0.0016002075411082515,-0.3218816952174756,-0.012731073350751347,0.00014813666806245715,-0.000436252798236407
2023-02-07,0.022760618053664805,0.02298733451243029,7450540052.39308,0.02279589049727139,0.019725493127741328,-0.009940575523086232,0.0021509493197430546,1.2869861244722467,-0.012091524842829287,0.0005188485568015612,0.000524026635570667
2023-02-08,0.0008219095208694682,0.0009141470200271229,6891130617.52701,-0.01805735144072097,0.013154111093616737,-0.009077311539578697,0.0028498450530609425,0.38890218205756355,-0.01192715659263964,-1.4841509070814573e-05,1.838771167321534e-05
2023-02-09,-0.04795165977476912,-0.047636331645067864,10570920339.39659,-0.046973375410700284,0.04038767214204184,-0.011771039390901458,0.0012931774283838062,-1.3672959324052767,-0.013064216819285265,0.0022524513161664055,-0.0011278777649066703
2023-02-10,-0.024019847188054833,-0.023767159929246717,7508443152.460199,-0.019980763178545927,0.02177905455112048,-0.015069290121900229,0.0008842339791233421,-0.38741747261917153,-0.01595352410102357,0.0004799348782493859,-0.000539619751156355
2023-02-11,0.01650549193041151,0.016674815458630476,3199893749.52892,0.011643631137331497,0.013228595223122449,-0.013308760140269832,0.0008332944608429056,1.2391529738395999,-0.014142054601112737,0.00019218385977791318,0.0003623005462685076
2023-02-12,-0.01526543992330398,-0.015183776690156914,4044008570.62891,-0.010483061183151577,0.016108146658235907,-0.013359046905256192,0.0006870268972377459,-0.07922419839890642,-0.014046073802493939,0.00016002854070372034,-0.0003405311091783592
2023-02-13,-0.008164084779071601,-0.008116479150586664,8822293928.12193,-0.007540360576317797,0.028950384305428768,-0.013093613865247957,0.00043618027762421755,0.2046330473773188,-0.013529794142872175,6.15601430098277e-05,-0.00018905571511476638
2023-02-14,0.0013797976253460131,0.0018685795668349492,9982603577.18941,0.03758648772660496,0.026940378489425137,-0.010160151002916493,-4.6291822505937146e-05,0.5319084286604835,-0.010113859180410556,5.186174651026659e-05,3.090672606177986e-05
2023-02-15,0.05289082712671367,0.05317841552924407,9558331915.34157,0.0785910255556737,0.045215987266191436,-0.007669389825616195,0.000975670193752936,2.3623673341101687,-0.00864506001936913,0.0041567443463762736,0.0012120449978652956
2023-02-16,-0.006753004848514044,-0.0064169288252905465,13211292223.81743,-0.03182496142233912,0.05032917848421066,-0.0068669488433266935,0.0015550287201554316,0.004490568820131604,-0.008421977563482124,0.0002149141187888285,-0.0001663051498496182
2023-02-17,0.010931728214130576,0.011164795756167578,9986189969.91788,0.01808934124642407,0.02347608743846335,-0.005910023807434513,0.002345250656962448,0.6563316277793865,-0.008255274464396962,0.00019774776207856997,0.0002674901450589556
2023-02-18,-0.009231384331549464,-0.00905823841533071,3708739130.00816,-0.0048179506965603126,0.007272168414035758,-0.004381004286719614,0.0020656919762894513,-0.19904911352045168,-0.006446696263009066,4.447635457040469e-05,-0.00022543947805680364
2023-02-19,-0.008029399348133959,-0.007672035147651357,6100181496.802219,-0.008946299285588414,0.018886222876009114,-0.005829555960912661,0.0020787354957651624,-0.09325934418643726,-0.007908291456677824,7.18334096519149e-05,-0.0001920214991748982
2023-02-20,0.005381535724514608,0.005588396571586385,7148997088.38648,0.011333572704888977,0.013671121703686335,-0.003168311532762382,0.002340019163445744,0.4006161158368535,-0.005508330696208126,6.0992026397743686e-05,0.00012287762234811485
2023-02-21,-0.03245799773539593,-0.03221733061059717,8351819569.77419,-0.026108689706466816,0.022151243117760608,-0.005001815030879169,0.00109989514894752,-1.2395981085102346,-0.006101710179826689,0.0008474357913666548,-0.0007488782500351419
2023-02-22,-0.0317268930273652,-0.03143575650127495,9245679948.95379,-0.0042964555060702216,0.025660330244984212,-0.006518566529086561,0.0005922793150016057,-1.1027349264461082,-0.007110845844088167,0.00013631318423792412,-0.0007233530409629024
2023-02-23,-0.007710823759453089,-0.0075908777745971046,8615177343.6624,-0.010384221635847875,0.02101784956979557,-0.006579819718048277,0.0004165625198379306,-0.0494724662025135,-0.006996382237886208,8.007090291312262e-05,-0.0001761123949334563
2023-02-24,-0.039144215922669146,-0.03888089013120932,8303467975.324841,-0.02551301392912538,0.027989527221252353,-0.008053057762521637,-0.00032732341979888367,-1.2985696046535125,-0.007725734342722753,0.0009986869260797493,-0.0009194862240509316
2023-02-25,-0.03276160325192157,-0.032518579951634985,4010474034.10132,-0.002794803237871498,0.010789374264669234,-0.010077930079482614,-0.0011972117062163056,-0.9389762773668302,-0.008880718373266308,9.15622348463318e-05,-0.0007656506155358719
2023-02-26,0.036591598657618185,0.036860379743884675,4564751214.9918995,0.023810795579022874,0.01828513403515915,-0.006425059396912461,-0.0003656950922852113,1.7092561277457978,-0.006059364304627249,0.0008712750755461944,0.000850777556888457
2023-02-27,-0.019337666479638194,-0.019114095028117117,6870579195.6605,-0.004321166041431373,0.01589344511149893,-0.006442405405551014,-0.0010742349284507406,-0.5122026227704826,-0.005368170477100273,8.356126771233832e-05,-0.00044284315697407984
2023-02-28,-0.028410230698460825,-0.02807761133552611,5961137503.731831,-0.016881479511171284,0.020509140331798466,-0.008879112488985567,-0.0012087326715241571,-0.7913825705404184,-0.00767037981746141,0.0004796067274437159,-0.0006516700195268042
2023-03-01,0.043246244552215485,0.04337000052261608,7331741626.01347,0.01622014035334607,0.024305919338435678,-0.0068589060589214716,-8.671500622030557e-05,1.846961141974766,-0.006772191052701166,0.0007014601563920629,0.0010149419139535633
2023-03-02,-0.01922737332963953,-0.01907883120432896,6548059757.19698,4.856579147996927e-05,0.01606702757761085,-0.005491082894867681,-0.0007728580433787298,-0.5358200216554966,-0.004718224851488951,-9.337926038347959e-07,-0.0004289776379418256
2023-03-03,-0.0471600065056329,-0.047469464634431024,8180795615.35683,0.0027637815632404607,0.004097519662259636,-0.00659299524332378,-0.0015145198109708098,-1.5060191249192465,-0.00507847543235297,-0.0001303399565025684,-0.0010124687057496986
2023-03-04,-0.015233212003068708,-0.015145322780385495,2838940116.034,-0.002576417018862555,0.006835627829053894,-0.008104362097299029,-0.0019090960719993402,-0.269399636698341,-0.006195266025299688,3.924710665664757e-05,-0.00032240136699504453
2023-03-05,0.0015264326705972664,0.001631840302405374,3930326242.67598,-0.001884340415826043,0.0021811354742004426,-0.007304749116637065,-0.002019140414885872,0.3333972104088568,-0.0052856087017511925,-2.8763187732437106e-06,3.129367259186166e-05
2023-03-06,0.00257144980362245,0.002764143317631085,4310268929.36937,0.0020465992037144057,0.011983181257016709,-0.006793533184127824,-0.0024010680723533843,0.35240471376474986,-0.00439246511177444,5.262727120485271e-06,5.0640124216879414e-05
2023-03-07,-0.006943162267346814,-0.006659096955819566,6464685741.27135,-0.008311030390848885,0.010950175469043626,-0.0071898646075893875,-0.0025217805680413856,0.009306536564484305,-0.0046680840395480015,5.770483261251462e-05,-0.00013144642606692503
2023-03-08,0.006981327805258397,0.007230983060067642,6153983307.153851,-0.019260769401796086,0.016304316994124615,-0.0093760312419444,-0.003346674341191545,0.7123762147446083,-0.006029356900752856,-0.00013446574497542917,0.00012255745111377402
2023-03-09,-0.051409321228778615,-0.050684488066193634,9821140426.08169,-0.07042040361579117,0.04632917010115043,-0.011502522498147474,-0.00429728116422429,-1.6151346795598216,-0.0072052413339231845,0.0036202651505444516,-0.0008927001402961176
2023-03-10,-0.010329128667506238,-0.010194990796814185,13998824363.90489,7.715318769239629e-05,0.032476398313807844,-0.012514944254415895,-0.004927335693318581,0.09042533664751733,-0.007587608561097314,-7.9692520278302e-07,-0.00018378767618921352
2023-03-11,0.01240386119587944,0.012580006698975188,10335156488.57957,0.0092058917295181,0.03681813422190249,-0.01148469446739547,-0.004678822335215262,0.9642926462971532,-0.006805872132180208,0.00011418860319723702,0.00023815531315949078
2023-03-12,0.04090245417772409,0.04138885820356197,10289085088.51228,0.07454157005352163,0.05869131019030207,-0.009154606204259372,-0.004837588727395851,1.834402713869179,-0.004317017476863521,0.0030489331534497787,0.0008628608034818771
2023-03-13,0.017216920131008617,0.017402275042658788,15324628550.22331,0.052838313425490266,0.05690606787074755,-0.0085910164706168,-0.00495882672634078,0.9309572270267392,-0.003632189744276021,0.0009097130221038663,0.00039864715065714574
2023-03-14,-0.004382242622127053,-0.004172934170403653,15496848069.26033,0.013628296274370124,0.06019362820111434,-0.007254075750937331,-0.005278821941360555,0.10563973071616549,-0.001975253809576776,-5.9722500800520074e-05,-0.0001094067381901036
2023-03-15,-0.011924814815247653,-0.011948488088369458,12666499395.596321,-0.031772375003148376,0.03277234863148365,-0.0063111196455984,-0.006237127282424267,-0.2107904455061946,-7.399236317413242e-05,0.00037887968815314795,-0.0003017525733859787
2023-03-16,0.009828089207957635,0.010004289279630152,7617308540.09723,0.01620779068809952,0.012640259921103113,-0.005475933313816937,-0.006297696060302698,0.5697787160749237,0.0008217627464857605,0.00015929161274654718,0.00024477503984728576
2023-03-17,0.030453479257325,0.03068880278394559,11584029077.18723,0.046609178405849,0.0472615727569637,-0.002161757352864835,-0.005998042959584356,1.2173822092981306,0.003836285606719521,0.0014194116477834829,0.0007864116331212023
2023-03-18,-0.010662719881794236,-0.010408022875553091,9841499219.83983,-0.02913050402679238,0.023557749827471372,-0.0011094295733349619,-0.006610836969050083,-0.3681412229273557,0.005501407395715122,0.00031061040445316617,-0.0002818305447811277
2023-03-19,0.005769503956342126,0.005829612472330492,8310885359.15003,-0.0011846978862318364,0.02874566052298474,-0.002577148368633822,-0.00646286281557567,0.3400593907650257,0.0038857144469418483,-6.835119141684734e-06,0.00015536993635764153
2023-03-20,-0.02046855768911371,-0.020299160855781873,9477798166.4006,-0.010854938995505011,0.028784338971478824,-0.0026310003309897986,-0.006734757182061303,-0.7255608203291557,0.004103756851071504,0.00022218494504130435,-0.0005637729734516038
2023-03-21,0.014562526335761827,0.014906222097287536,10019890870.83099,0.030811934123104498,0.03750541417874409,-0.0005846785674553868,-0.006468122193175729,0.6281126840700272,0.005883443625720342,0.0004486996021234678,0.0004128871188732024
2023-03-22,-0.03301301920641553,-0.03275347197126488,10708921360.870739,-0.03676928509569802,0.053208026468489725,-0.004216072079771149,-0.006717429892757106,-1.257724754642539,0.0025013578129859564,0.0012138651150704468,-0.0009814441492919912
2023-03-23,0.0230692601813296,0.023166642312470787,9324634529.86897,0.043306322658850246,0.04837801568156312,-0.002201946674486905,-0.006488022986752015,1.08157938236366,0.004286076312265109,0.0009990448249136258,0.0007213208967828122
2023-03-24,-0.029644899994164864,-0.02960941559156971,8679521189.99405,-0.03517630204145797,0.042210015575225225,-0.0013678939834646177,-0.007676726449562875,-1.2882606664173233,0.0063088324660982575,0.0010427979561835588,-0.0009807274724632315
2023-03-25,-0.02830039148713659,-0.028097838749163384,4073640165.8913503,-0.008214209325523476,0.026961197383892136,-0.001990140625563088,-0.007801087621043983,-1.1672817289315656,0.005810946995480895,0.00023246533966960256,-0.0009633697427390576
2023-03-26,0.01971502167897876,0.019836337646860214,5109438055.6122,0.013420123434482002,0.017459452539025262,-0.0011240173394496836,-0.00726260445378098,0.905027356558653,0.006138587114331296,0.00026457802444538356,0.0006854597926746588
2023-03-27,-0.034474677102595774,-0.03427492833296841,7455510896.43108,-0.02862365098471735,0.03385699769930482,-0.0028881186206981707,-0.0075917552233579835,-1.309469938887902,0.004703636602659813,0.0009867911251955283,-0.0012345385999519604
2023-03-28,0.040476005701176376,0.04070825469915018,7259377635.49757,0.03516347289353799,0.029029255025391977,-0.0006300630031494471,-0.005993359537885109,1.5884218638332044,0.005363296534735662,0.0014232769293120045,0.0014842923883361073
2023-03-29,0.009903019876037922,0.01006736309485845,6711651489.12707,0.008113680238119675,0.018068623617938706,-0.0004909348093028031,-0.005845451958954466,0.40085706059273135,0.005354517149651663,8.034993666591524e-05,0.0003639848531207675
2023-03-30,-0.019285986452523884,-0.01906740630711501,7462948646.57345,0.0035035112821735913,0.015849895008856703,0.0010387477990902792,-0.005776907847461297,-0.8604903447107304,0.0068156556465515765,-6.756867112426447e-05,-0.0006808636149286854
2023-03-31,0.02809714053053436,0.02841934439433169,7182992018.54653,0.010245572723630704,0.021702446827607608,0.0028685701418541174,-0.0051854659733320966,1.0434900266225167,0.008054036115186214,0.00028787129663166154,0.0009775134487118823
2023-04-01,-0.0028608534295799792,-0.0027067203967207076,3052725254.36357,-0.003171105026907353,0.0050045445646221855,0.0021416789692131925,-0.004574673261633964,-0.20752698582424917,0.006716352230847157,9.072066691786214e-06,-9.519650832054603e-05
2023-04-02,-0.048456241905813324,-0.04827937212928246,3949711148.2558603,-0.012989821405642185,0.016105072554171297,-0.0021134970347647794,-0.005699219733312271,-1.8687977762846182,0.003585722698547492,0.0006294379283451098,-0.0015141435347006775
2023-04-03,-0.0015290361025672716,-0.0011515168925549935,8135938230.19109,0.017970281163041057,0.018479099499987117,-0.0030061616173160124,-0.004921829873565065,0.06053356726578358,0.0019156682562490525,-2.7477208671574355e-05,-4.498086482132883e-05
2023-04-04,0.044034151978858516,0.04418420281178448,7917928013.222219,0.03377776816900249,0.0290763568258405,-0.0007006190172690806,-0.004318836599695193,1.6903211759645183,0.0036182175824261125,0.0014873753770605052,0.0012301387911749868
2023-04-05,0.022775825602179944,0.022945876191528214,8002757302.09807,-0.0022151302918408007,0.01133370216517277,0.0009517924311798527,-0.003959297914501703,0.8140120569031157,0.004911090345681556,-5.045142121307204e-05,0.0006130142718173303
2023-04-06,-0.04660479540010454,-0.04651753569796979,5695615572.83125,-0.014151292178874545,0.012345093562650967,-0.0017354877882516794,-0.004597080273372298,-1.5665604061718292,0.0028615924851206186,0.0006595180766435477,-0.0012537189993409282
2023-04-07,-0.03415914001236553,-0.03401255053541197,3892274987.5975,-0.00697556575971113,0.016073730391854817,-0.0048122791820464665,-0.005009031432477646,-1.0303945015784914,0.00019675225043117982,0.00023827932745143542,-0.0008681865698727401
2023-04-08,-0.04281862131607206,-0.04269152081152727,2670491237.61519,-0.010405517842015648,0.008192588529955198,-0.006343512583678744,-0.005843624078832106,-1.2301146899608244,-0.000499888504846638,0.0004455499280748993,-0.001056946119231957
2023-04-09,-0.008411416647365444,-0.00818391417338149,4411928549.86057,0.0037155017816280465,0.014188279179365531,-0.007018794517188628,-0.00534033409424497,-0.047170206846290294,-0.001678460422943658,-3.125263353930212e-05,-0.00020179875591055908
2023-04-10,0.02459676410467848,0.024804176818622237,5789773602.66807,0.027511028707849026,0.01870453188299873,-0.004872826812722333,-0.004648744183087715,0.9781310522105938,-0.00022408262963461833,0.0006766822834040001,0.0005782960893921438
2023-04-11,-0.015013239700349623,-0.01471546506652388,5992414574.57517,-0.01742378071935421,0.011000794117963722,-0.006281196623965736,-0.00524832922680223,-0.2923873572494758,-0.0010328673971635059,0.000261587396425995,-0.00033402865435829134
2023-04-12,0.019074073925546386,0.01954222380402193,9820582527.1319,0.02908021724174433,0.02380866103150453,-0.003800858855777073,-0.004958612331489898,0.7703036852453901,0.0011577534757128251,0.0005546782134399801,0.00039767478021449695
2023-04-13,0.046724284721365805,0.04672813911590068,11737826015.50057,0.05113110663132411,0.03447846480520714,-0.002674429115775349,-0.0034558195617099786,1.5844163575211803,0.0007813904459346298,0.002389064384360503,0.0009432271468133017
2023-04-14,0.020555677257495297,0.020539544949825572,14466877844.1142,-0.004533064867473523,0.03119369349711474,-0.0002839254371248651,-0.002748271554637754,0.6737647217995925,0.0024643461175128892,-9.318021840307644e-05,0.0004041759851940609
2023-04-15,-0.009752219881390078,-0.00958103899811702,5490344951.01392,0.0011914133531769446,0.006252885973350038,0.000599320829815445,-0.0031650606310155574,-0.34107864753613143,0.0037643814608310025,-1.1618924989805818e-05,-0.00018213625225763872
2023-04-16,0.005633521037167855,0.005844017176588334,6115423203.35783,0.014729613950084135,0.013202576672698163,-7.122681979459824e-05,-0.002833331091960449,0.18977780999999883,0.0027621042721658507,8.297959005716008e-05,0.00010407186851763218
2023-04-17,-0.034014040683637004,-0.03392881113308677,7103102832.76539,-0.010835329113240998,0.008593177067434255,-4.929175222513296e-05,-0.0032436478523503757,-1.1308789456293282,0.003194356100125243,0.0003685533252783758,-0.0005874443047218726
2023-04-18,-0.0028441421875925466,-0.0026414898215795235,7413341871.08492,0.011437822235050354,0.021215910046425313,-0.0021121559374046054,-0.0033106945160478133,-0.025627080337632512,0.0011985385786432079,-3.253079275289079e-05,-4.8061957221759884e-05
2023-04-19,-0.0661378617378039,-0.06618274378311562,11407976091.09683,-0.07871933956281452,0.052235812972230934,-0.005733150299968502,-0.0052000387837385685,-1.9103327977679845,-0.0005331115162299331,0.005206328796096662,-0.0012252426806809236
2023-04-20,-0.009268637754718867,-0.009048306749002255,8732216194.09306,-0.0032899670349387303,0.013338334085769026,-0.00525613369531112,-0.005239969464789438,-0.12745971316500226,-1.616423052168154e-05,3.0493512671813603e-05,-0.00017059843893268514
2023-04-21,-0.04304347377107487,-0.042715219679545835,10453785961.75719,-0.05129167100960951,0.03571992834697611,-0.00864378199538775,-0.006096718702649842,-1.09068153305098,-0.0025470632927379073,0.002207771695776728,-0.0008209891594893403
2023-04-22,0.00243712463898893,0.0023302450859798984,4160733028.8103,0.007883065524784802,0.009716115453833654,-0.008391497325455896,-0.005911504274546058,0.3425769543681652,-0.0024799930509098378,1.921201322121724e-05,4.703126091714926e-05
2023-04-23,-0.005627837809282665,-0.005502765789001995,4883738761.28466,3.760883055798519e-05,0.014919900941102425,-0.006352049511335389,-0.005873384250119847,0.02394295618486877,-0.0004786652612155419,-2.1165639857713433e-07,-0.00010828754195094941
2023-04-24,-0.013349379235055303,-0.01301081912327906,8559463422.76587,-0.014113566976201758,0.01838662678389441,-0.0069149229938348196,-0.006170700360589211,-0.21261708402580592,-0.0007442226332456088,0.00018840735792467002,-0.00025680211280895487
2023-04-25,0.003819747488815306,0.004026910934866734,7632322493.545731,0.019427335874130026,0.02310167817002088,-0.00882989463621783,-0.00559486313480808,0.45063136724990416,-0.00323503150140975,7.420751741957968e-05,7.23937616766176e-05
2023-04-26,0.008670161436410861,0.008875025612417486,13832491013.22545,0.0016474512509391298,0.07760991310116279,-0.009501592929825881,-0.004953640048081476,0.662272729138826,-0.004547952881744405,1.4283668304259275e-05,0.00019168434529169437
2023-04-27,0.0036524344826980304,0.0037636215088505676,10425583648.13769,0.005282132697909757,0.01870148901457956,-0.0071083915068352824,-0.004773270869634633,0.4106481974892845,-0.0023351206372006494,1.9292643608032376e-05,8.185542090607536e-05
2023-04-28,-0.009839878471400998,-0.009732972230734771,5966985911.23344,-0.007726156506845744,0.014315576524492859,-0.005950331433456019,-0.00430812265612244,-0.15267184693084596,-0.0016422087773335786,7.602444107838617e-05,-0.00021969962332912875
2023-04-29,0.006189925036436339,0.006303485747416238,3028671705.69795,0.006196367241960123,0.006128801885188554,-0.003616591130955619,-0.003689844429323108,0.40623497722642127,7.325329836748926e-05,3.8355048725962956e-05,0.00013759706733988596
2023-04-30,-0.014434375848548009,-0.014012105662999819,5678023570.39942,-0.014199635960047051,0.02296048882940128,-0.003903398711964313,-0.0044997805325955875,-0.4345284250131692,0.0005963818206312747,0.00020496288235987697,-0.0003268941834131716
2023-05-01,-0.021161389027278044,-0.021115264756574437,6871929627.84383,-0.00868905956754413,0.016488214581331734,-0.006082358384914623,-0.004528728509542252,-0.6391203959163045,-0.0015536298753723709,0.00018387256978999366,-0.0004770069757844835
2023-05-02,0.02196214192691448,0.02212576660188037,5666257518.06199,0.021287465480784883,0.014805112084094968,-0.004321625926473475,-0.0037291670392981995,1.0832515868621353,-0.0005924588871752757,0.0004675183381532904,0.0004990356712897067
2023-05-03,0.005686001498414361,0.005942286064779534,7762176084.360519,0.022807125784762596,0.022045604690244597,-0.004959153184908334,-0.004325361373485518,0.4474715660164733,-0.000633791811422816,0.00012968135138668495,0.00012872303378979105
2023-05-04,-0.009480804433373735,-0.00927703673670488,4990059178.6805105,-0.01418891409406423,0.011944331407152543,-0.007635586001800693,-0.004170653930687649,-0.08941315188503396,-0.003464932071113044,0.00013452231964776324,-0.00020445859145167613
2023-05-05,0.04685465745375739,0.04702782171253306,9793284393.60356,0.04980043061017474,0.03023671382738226,-0.006383253611502498,-0.0026783576773639936,2.3060750995518435,-0.0037048959341385045,0.002333382117289351,0.0010083104266397217
2023-05-06,-0.04290160253420283,-0.042568551060968796,9391662414.45572,-0.03860076606237129,0.03503787105133046,-0.00796179564258882,-0.0031175384794454876,-1.43064279293946,-0.0048442571631433316,0.0016560347231235988,-0.0009820466457720182
2023-05-07,-0.010969907122323042,-0.010784735086620034,6096392897.08655,-0.01213257408563828,0.024788258485875677,-0.008752435078755052,-0.0033158930793331116,-0.09152403460154972,-0.005436541999421941,0.00013309321087415533,-0.0002571606683014354
2023-05-08,-0.011264714527752129,-0.011191815536329197,9079925715.77355,-0.009947435415000747,0.02399699766536668,-0.007669133833236726,-0.0035355147353866765,-0.15273586669621353,-0.004133619097850049,0.00011205502023323494,-0.0002723344939122172
2023-05-09,-7.986462242259851e-05,6.085187176374518e-08,4627725853.77786,0.0016537667620782968,0.008989008530288467,-0.007537501568228633,-0.0034265735029275616,0.3163071902707547,-0.004110928065301072,-1.3207745802842647e-07,-1.8842984372566944e-06
2023-05-10,-0.005254704369098806,-0.005105687512633406,9053981839.2211,-0.0014881359230813065,0.019207086690971608,-0.004638303598290296,-0.0036207962358538667,-0.03180455823940561,-0.001017507362436429,7.819714336828226e-06,-0.00011571310728916983
2023-05-11,-0.03284901570362553,-0.032668453623495686,7238023894.70517,-0.018393952433045903,0.01641457380024523,-0.005761178738714422,-0.0033261882116450876,-1.3328805108967718,-0.002434990527069334,0.0006042232323248658,-0.0007281755373206392
2023-05-12,0.0043417874710791615,0.00462443073890717,7571365343.22157,0.02449307865780198,0.017252134683288237,-0.0035047377271832775,-0.0030933165269056368,0.423503236694413,-0.00041142120027764075,0.00010634374204460105,9.242766118476167e-05
2023-05-13,-0.0037616245459886066,-0.003694857186241407,3228545808.33887,-0.005695836333409004,0.005260570340979309,-0.0037999162598012556,-0.00334991153868132,0.002072334251655031,-0.0004500047211199354,2.1425597761685052e-05,-7.927909490332365e-05
2023-05-14,0.004372337508355084,0.004463270924680129,3725543210.17867,-0.00273780308345734,0.015880250631491063,-0.003323717435151839,-0.003929754660417336,0.4147295716335522,0.000606037225265497,-1.1970599112290733e-05,9.235028561997317e-05
2023-05-15,0.0029641321373761187,0.0031306783871807298,5584428011.28594,-0.005290131131411375,0.007624215439325574,-0.0025468835602741524,-0.004155989390474995,0.2985816690487276,0.0016091058302008425,-1.5680647697550344e-05,6.108778389521613e-05
2023-05-16,-0.00014068679965040243,-1.7968991103178844e-05,4647961186.01632,0.005835377968790614,0.007798983668145795,-0.0027354756692487096,-0.00408866310757854,0.14095081500240464,0.0013531874383298304,-8.209606511796174e-07,-2.7968950926013555e-06
2023-05-17,0.004680886469230039,0.004943902694450442,5716856398.18019,-0.0006310966198843225,0.022072107548228075,-0.002925441143876368,-0.0038250805475074654,0.4155125274006297,0.0008996394036310975,-2.9540916287933386e-06,8.067806322702063e-05
2023-05-18,-0.014132781277465978,-0.013933004576979102,5507830657.71073,-0.014436681067876591,0.012447510524460545,-0.003772356180074654,-0.004205411825053872,-0.5631419616350176,0.0004330556449792175,0.00020403045590483383,-0.00023937863518956894
2023-05-19,0.011097203549403911,0.01122310528681214,3879976465.72274,0.00588574092680688,0.005409872899465432,-0.0027753522743220395,-0.004512654296608175,0.7451043179135107,0.0017373020222861356,6.531526510383318e-05,0.00018325642358764407
2023-05-20,0.01815918250108406,0.018335341025029095,1872602029.56196,0.0033488505864141937,0.0038563394558208276,-0.0022053876331483385,-0.004055163782594234,1.067110749338285,0.0018497761494458954,6.0812388967557714e-05,0.00029791111432682366
2023-05-21,-0.033517374714862935,-0.03344759221004712,2530470510.36566,-0.0072743661612013595,0.005634324602581374,-0.0031141018648776207,-0.00467876503134352,-1.5109923754276353,0.0015646631664658996,0.000243817656438105,-0.0005222167905600789
2023-05-22,0.022697868267435695,0.022797267252302245,4115022438.7203903,0.009107385026897197,0.00600575379506754,-0.0010255658032245856,-0.003993583666953847,1.1612987485445119,0.0029680178637292616,0.00020671822560132887,0.00034231370854305725
2023-05-23,0.03882830831218387,0.03865014478005602,5428836551.9576,-0.006234035104842634,0.006869808200286726,-0.00022241502297366228,-0.0036084125244709576,1.8019742383112098,0.0033859975014972955,-0.0002420570370798073,0.000570909845674488
2023-05-24,-0.04667873875984463,-0.046834789469029414,6525113256.73166,-0.012161412315689322,0.013923974526453376,-0.002715974082890757,-0.0038253287078587215,-1.8425763950425327,0.0011093546249679644,0.000567679388434819,-0.00066828547202761
2023-05-25,0.007980921326253387,0.008280195002685842,5185691223.35058,0.013646566984954917,0.011678330201528054,-0.0018844633324323226,-0.0040648261500027885,0.4125004043896933,0.002180362817570466,0.00010891217748037209,0.00011415935957691134
2023-05-26,0.02741538319936998,0.027554100380819735,3959307938.13433,0.011218754473997101,0.012677558810007346,-0.002810143058831723,-0.003159107369153029,1.3582247312537128,0.00034896431032130576,0.0003075664529242769,0.0003692271583829455
2023-05-27,-0.007485422434276523,-0.007396848480701768,2181720432.26159,-0.0024466313697167593,0.004027129592966278,-0.0011236582921685654,-0.0028287110349806467,-0.313054305934818,0.0017050527428120812,1.8314069343282528e-05,-8.975905138302867e-05
2023-05-28,0.052526015758325606,0.05298944136178885,5415391316.17548,0.031053189992657847,0.032501712877040144,0.001899957083100418,-0.0023079016051497443,2.1737033504402987,0.004207858688250162,0.001631100346900625,0.0006491421266427413
2023-05-29,-0.00020367952741806583,-1.4178475076676023e-05,4704184612.1712,-0.006177023477514802,0.007740246187666408,0.002426673035497278,-0.0017639175166548602,-0.11385852689291913,0.004190590552152138,1.2581332227505126e-06,-2.359496320467238e-06
2023-05-30,-0.013701714527708075,-0.013608086662813434,4200115983.3063,1.5791177469474255e-05,0.01271259636035342,0.0017780135161979695,-0.0026238813298117562,-0.6625016461038267,0.004401894846009726,-2.1636620574311185e-07,-0.0001611550517794359
2023-05-31,-0.033139382623641134,-0.03310674011849701,4967704528.00343,-0.012722804427374933,0.016758686626612028,0.0004501716945530968,-0.0033070940679019,-1.3683413285777015,0.003757265762454997,0.0004216258839645333,-0.00038591076302119787
2023-06-01,-0.011067714499722547,-0.01087610198118616,4857143174.4757,0.0031113767900375856,0.00670140747397166,0.001487376513786572,-0.0031766453067463233,-0.5340665469401219,0.004664021820532895,-3.443583001319918e-05,-0.00012376525204056725
2023-06-02,0.013440271219255617,0.013594655495163588,4992858140.85456,0.014573718596263828,0.010760211561709481,0.0019206376446521175,-0.00340929402597297,0.4871468585373812,0.005329931670625088,0.0001958747306068951,0.0001461415675253877
2023-06-03,-0.024446072277892528,-0.024302150711806192,2427982701.83077,-0.004227108829254378,0.009956513521720408,0.0009356639431328832,-0.0037519165473747563,-1.0437872848405383,0.00468758049050764,0.00010333620796647019,-0.0002712786862842237
2023-06-04,-0.011677284732648396,-0.011579942355745776,2939610066.72539,-0.0023799587072473975,0.008882229256099376,0.00017139621737081274,-0.0031681235763721385,-0.4845022081946069,0.003339519793742951,2.779145547647365e-05,-0.0001256917978877382
2023-06-05,-0.045861870310582975,-0.04575140032950453,7829891468.02886,-0.0320868606635205,0.028198805754200036,-0.002153651518246287,-0.003871819357451753,-1.654437231836556,0.001718167839205466,0.0014715634424241233,-0.000538580191853669
2023-06-06,0.03436841618193842,0.03459757382757189,7988336481.22652,0.03923558109937054,0.031215151681877752,-0.0005103609000753906,-0.004025243735180643,1.2638506039885264,0.0035148828351052527,0.0013484647803633637,0.00044192917862830234
2023-06-07,-0.019805983164558616,-0.019664211217820804,6871014307.4862995,-0.024520656382971438,0.020762420628261974,-0.0016764023112081836,-0.004701145461636811,-0.6502076182249891,0.003024743150428627,0.0004856557075050591,-0.0002534416844444263
2023-06-08,0.006323849382552815,0.006454477120750424,3381316556.27167,0.005756561317138766,0.008692609362596831,-0.0007022770416834792,-0.003861008242864472,0.2528932037626604,0.0031587312011809926,3.640362673101541e-05,7.979062253413399e-05
2023-06-09,-0.013324543193087957,-0.013137189836241236,3552821831.1682997,0.0013326916628525168,0.008955418465897745,-0.0018652173627545206,-0.0035303003568441928,-0.4125695254872433,0.0016650829940896721,-1.7757507624746572e-05,-0.00017037092704173264
2023-06-10,-0.03330909549379413,-0.03369070084217496,9774108050.693571,-0.04242013188923246,0.054807062041127015,-0.004316087743463005,-0.003379355502522321,-1.0285616802570572,-0.0009367322409406841,0.0014129762239577855,-0.0005067137452419436
2023-06-11,-0.0017903967317468572,-0.0016469770175639997,3559919133.52975,0.000445355463821898,0.014901121013280708,-0.0028052792680765258,-0.003274259948306153,0.03706210050350008,0.0004689806802296273,-7.97362966892332e-07,-2.802642266384421e-05
2023-06-12,-0.017123878414701088,-0.016926993822955705,4546659536.76596,0.0037161077751064198,0.010966896031462852,-0.0047015529196068485,-0.003936492369248686,-0.46173589005586335,-0.0007650605503581624,-6.36341777168477e-05,-0.0002720983384558909
2023-06-13,0.004810610580896046,0.004962423245217229,5193391874.7618,-0.0041941773405300324,0.015073785173283167,-0.0063214432877634116,-0.0036218280790701832,0.44322107029424845,-0.0026996152086932283,-2.0176553892508216e-05,7.831991689743782e-05
2023-06-14,-0.05228734915371158,-0.05186144649947522,6743167988.43778,-0.056185319368458796,0.04668292561719045,-0.006588519973185648,-0.004754549080328246,-1.7856567916621013,-0.0018339708928574016,0.002937781411131399,-0.0009328382246989028
2023-06-15,-0.004771581239244704,-0.0046552821731240535,5417639691.08114,0.008822212105201245,0.017707490614920458,-0.007195782000114128,-0.005571943778115714,0.09551773356719483,-0.0016238382219984134,-4.2095901769815785e-05,-8.649785654550513e-05
2023-06-16,0.030600721666386832,0.031064201710666373,5225967567.419189,0.030423609408357737,0.026300464281501953,-0.007044099215970469,-0.00541249862876823,1.4701963193482106,-0.0016316005872022386,0.0009309844035920229,0.0005745720957508326
2023-06-17,0.0001586432458651199,0.0003887735769225742,3756474597.35009,0.005346597395106766,0.01661088133649788,-0.006680096088344676,-0.0052551833410340205,0.2665862978350839,-0.0014249127473106556,8.482015650937323e-07,3.073815899981659e-06
2023-06-18,-0.0183728991463441,-0.01813981412400656,2834954534.14003,-0.0046635544873003636,0.012506566072366485,-0.010056234893328948,-0.005636237629661194,-0.3805242444043799,-0.004419997263667754,8.568301625865005e-05,-0.0003384930978535381
2023-06-19,0.0011423237576890788,0.00143343896325554,4467229390.33761,0.007724680365936851,0.007957365759042608,-0.009992139498800037,-0.005078200098846495,0.5086995100278836,-0.004913939399953542,8.824085902564032e-06,2.1057411671241325e-05
2023-06-20,0.025987227670037694,0.02638755705727025,6080886439.10825,0.03490552557426412,0.02920133241644337,-0.008102189870335952,-0.004620559307455538,1.4678234196471724,-0.0034816305628804136,0.000907097840040725,0.0004994489551399389
2023-06-21,0.004315704968308465,0.004321718312311207,9829732060.96629,0.04188037860314683,0.023018951703895393,-0.006318614270719304,-0.003502248724818834,0.4697901683152116,-0.0028163655459004697,0.00018074335801224027,8.423015019913859e-05
2023-06-22,-0.004278630089147528,-0.0040939801790094155,5950906236.05417,-0.024450682823905286,0.018259802358527297,-0.005995324536882399,-0.0034230422539367495,0.07591435337959286,-0.002572282282945649,0.0001046154272305638,-8.586151213391172e-05
2023-06-23,-0.005057387842304473,-0.004912810462162853,6453773157.88428,0.005777146053259172,0.022061965868144,-0.0068761654445757365,-0.0028200885090356323,0.08202052924029651,-0.004056076935540104,-2.9217268212970203e-05,-0.0001042110308609914
2023-06-24,-0.02453988492746395,-0.024403312048056125,3321937126.86462,-0.010021740847766669,0.01517167241891367,-0.006880632713602947,-0.0032482950100904398,-0.7962369298483919,-0.003632337703512507,0.0002459323671770591,-0.0005117558328520529
2023-06-25,-0.0012693532073214664,-0.0011664749269459929,5289332862.4929695,0.002003829037329864,0.020038834958177036,-0.006385016926682617,-0.0031791127148212144,0.2306209300983725,-0.003205904211861403,-2.5435668154585494e-06,-2.7145512657558784e-05
2023-06-26,-0.04137485929735629,-0.04116594769223214,6370416998.95966,-0.011429796630569238,0.021319363642673984,-0.0061713497355765845,-0.0036239616046990076,-1.6147509335633712,-0.002547388130877577,0.0004729062273871993,-0.0008712601261629872
2023-06-27,0.020220436115430784,0.02041646648651163,5325411157.57672,0.009467400448606268,0.014167190249777993,-0.006845063072076948,-0.0033636332138003494,1.3090734073144277,-0.0034814298582765985,0.0001914349659502438,0.0004093811393960042
2023-06-28,-0.06208144585034148,-0.06205695180941562,5721684180.26515,-0.020931292682448185,0.01815813107180723,-0.008858180342828512,-0.004486674599304355,-2.2344443897424338,-0.0043715057435241575,0.001299444913243056,-0.0012491964396704053
2023-06-29,0.01437760586422665,0.014425689197725022,4161267238.70473,0.007640434208461144,0.016827363929230975,-0.008474668129415473,-0.0043164337837245355,0.9467020872609904,-0.004158234345690937,0.00010985115168080885,0.000294874142444479
2023-06-30,0.00947759800379755,0.009744359117967116,11262001146.78503,0.031888023963648246,0.04569360770064533,-0.007388851881944734,-0.004009807173007098,0.6906548570470871,-0.0033790447089376363,0.00030222187226292105,0.00021095904420122827
2023-07-01,0.005259532647598153,0.005278112627008058,3044484799.23761,0.002268589349026455,0.0014883265164312518,-0.005552250541878435,-0.0040245753061632595,0.4539532201433208,-0.0015276752357151757,1.193171974519808e-05,0.00010371649078815834
2023-07-02,-0.0077414270900205695,-0.007358159123041719,5000254512.61926,0.01247367758079124,0.013175129546187037,-0.00583563293989147,-0.003918338024281872,-0.08005736295921333,-0.0019172949156095976,-9.656406553611955e-05,-0.00015202247622449376
2023-07-03,0.009842543403009607,0.009942147691507808,5455730800.616779,0.003381670487078433,0.012683656774005942,-0.004551517615238579,-0.0034262121126900046,0.6024345957382857,-0.0011253055025485749,3.328423854374611e-05,0.0001940878355347654
2023-07-04,-0.01826465471383598,-0.018135994994048055,3733154567.49133,-0.013811155414080453,0.014507779973626922,-0.005650339772130581,-0.004064732694289218,-0.5262203701911373,-0.0015856070778413629,0.0002522559848373059,-0.00035967349733799465
2023-07-05,-0.025338990783985715,-0.02522300504994135,4386390984.97652,-0.016121674609671906,0.014759769905292893,-0.004367084611667444,-0.004557192889247949,-0.9537242758993846,0.00019010827758050505,0.00040850696435689295,-0.00046046454118303556
2023-07-06,-0.024564410231882716,-0.02412069334653788,8025247594.29251,-0.03606094701796612,0.027247457257164102,-0.00530960027798354,-0.004796615203509997,-0.8585353976099281,-0.0005129850744735433,0.0008858158958995074,-0.00045754795049628095
2023-07-07,-0.030069571357883018,-0.029961142363293503,3994359583.46465,0.006976148495926515,0.008744955799549805,-0.008198661850567819,-0.00601763470845667,-1.019288495516548,-0.0021810271421111487,-0.00020976979500145063,-0.0005349521440181001
2023-07-08,-0.03030010783662762,-0.030232572190915463,2127599970.73217,0.000579427134473496,0.012192715326519457,-0.009649078568781758,-0.005817610983098334,-0.9434445985742486,-0.0038314675856834244,-1.7556704658015063e-05,-0.0005326786938363104
2023-07-09,-0.012649583419809929,-0.012573757046382417,2455983243.42244,-0.002783731727555079,0.0038081576593630177,-0.009376539724661084,-0.0058442725116298715,-0.150067978131882,-0.003532267213031213,3.521304670607958e-05,-0.00021714126165572675
2023-07-10,0.023586573860692184,0.023755156933507937,4599947109.42808,0.009812047184192967,0.019931910047404876,-0.008307765910232365,-0.0052910774578450405,1.394254958049925,-0.0030166884523873247,0.0002314325756345642,0.0004183338047103959
2023-07-11,-0.02179200800007608,-0.02170140773202789,3168583574.5677,-0.0006229219499225746,0.009419155201916694,-0.01058296760880921,-0.005635714654315731,-0.5180611330349869,-0.004947252954493479,1.3574720116135737e-05,-0.0003659769518415475
2023-07-12,-0.0019400505031997861,-0.001812590185979568,4739014879.90064,-0.004666214734305261,0.009827086978784288,-0.01088086072650008,-0.005583101100888763,0.416558596260996,-0.005297759625611317,9.052692243327177e-06,-3.136267473367577e-05
2023-07-13,0.042566679059902635,0.04279485342269984,9872664104.00889,0.07131395073349892,0.04215662057585152,-0.008650131719402453,-0.00438602658083276,2.097728968868278,-0.004264105138569693,0.0030355980533665564,0.0007365674322914505
2023-07-14,-0.020113603207351782,-0.01964762108664475,8269315805.5465,-0.0367354627591524,0.04692870702083594,-0.009367094355833277,-0.004774207385252299,-0.43817871893456123,-0.0045928869705809785,0.0007388825215760396,-0.00037185990584971234
2023-07-15,-0.019015470253679223,-0.018962707659305078,2150367734.53819,0.0004404202198161569,0.006575370488699095,-0.009104026990414956,-0.005016331920295007,-0.4064776542964112,-0.0040876950701199495,-8.374797589032996e-06,-0.0003437737058871695
2023-07-16,-0.011354727295373568,-0.011275805745696643,2450221634.39045,-0.000707725161588017,0.007221694098793896,-0.00958428289936982,-0.005265967869560541,-0.0727950403869554,-0.004318315029809279,8.036026209906127e-06,-0.00019834770158127764
2023-07-17,-0.01684309019378427,-0.016728042175454427,4862622170.96846,-0.01037849067643621,0.020250200701375762,-0.008416103418247342,-0.0055803682240234045,-0.3619106142593769,-0.002835735194223938,0.00017480585453856422,-0.00029336250775202627
2023-07-18,-0.02574471844258619,-0.02565679912449803,3773730051.42879,-0.00613995515624161,0.007284096371029682,-0.010604920301962436,-0.005986781424704925,-0.669640983421184,-0.004618138877257511,0.00015807141674754554,-0.00043996729942851983
2023-07-19,-0.01054341017753646,-0.010441991306751608,3896411754.63565,-0.012687051622991564,0.011996353461406806,-0.008150728127066959,-0.006228436927034552,-0.12399755497722285,-0.0019222912000324069,0.00013376478920477974,-0.00017708918351597836
2023-07-20,-0.009988567370374901,-0.009764741507710006,5094834736.36539,-0.001590854772332881,0.020626579046878136,-0.009311022090619413,-0.006162655753906122,-0.036439677505001995,-0.0031483663367132915,1.5890360069929407e-05,-0.00016957701671706577
2023-07-21,-0.030535872918091456,-0.03039869726175526,2693663745.42729,-0.002677759571924242,0.00485940663479121,-0.011216425467852223,-0.0068234982375171595,-1.0374445118907851,-0.004392927230335063,8.176772599348163e-05,-0.0004590343330028264
2023-07-22,-0.07200186618656457,-0.07165725299996784,2154869158.92295,-0.014125746489768649,0.011249296382259313,-0.014895539698050448,-0.008254625994463962,-2.5443681906988354,-0.006640913703586486,0.0010170801085416564,-0.0011158441185363302
2023-07-23,0.02619350514008878,0.02623387832472357,2907676982.84785,0.010366814972989507,0.008649990685609545,-0.013279590544235716,-0.007306834250734571,1.6350091353538068,-0.005972756293501145,0.00027154322128134997,0.0004002878488365737
2023-07-24,-0.05700641999185607,-0.05713184618781664,3919275815.32224,-0.009992953079637405,0.013817143355589924,-0.016462874515419796,-0.008571981683421742,-1.6012649130895074,-0.007890892831998054,0.0005696624802167215,-0.0008742462411606247
2023-07-25,0.0028506462293069745,0.0029044404723168604,2451833082.62795,0.0035660278239976707,0.0027371704127091044,-0.015457383994317751,-0.009143055684737248,0.7134427939132845,-0.006314328309580503,1.0165483770082716e-05,4.211949767299607e-05
2023-07-26,0.032783636118526305,0.03290959836127638,3628405350.49632,0.007069365792665198,0.009142836288007078,-0.012689639856102894,-0.007881748146985328,1.6473792559642786,-0.004807891709117567,0.00023175951573549313,0.0004756232814932494
2023-07-27,-0.021589578850693236,-0.02159364390441998,2978878030.2649,-0.007940310338353237,0.006967620469614681,-0.012547981218903395,-0.008351121165667021,-0.3282244900596483,-0.004196860053236374,0.0001714279561488519,-0.000292371286060228
2023-07-28,0.007113997744476741,0.007137885240944719,2576729426.7434,0.006087703954564689,0.006492330334381919,-0.010777335071171977,-0.008673365379236755,0.6491900869756697,-0.0021039696919352216,4.3307912201815336e-05,9.557637051274887e-05
2023-07-29,0.0366849739795545,0.036740805821331435,1405661589.8218899,0.0039015287819320218,0.0035884981793420615,-0.0075875692704014,-0.007972247975842612,1.5253544811060549,0.0003846787054412118,0.00014312748184565918,0.0004778309125971066
2023-07-30,-0.03309942584621728,-0.03299386241446789,2588400428.31909,-0.008833587402591006,0.007698676923376179,-0.008561371290706513,-0.009331381969565514,-0.8306379845383981,0.0007700106788590018,0.0002923866711881401,-0.0004372603491872473
2023-07-31,-0.013761629366592532,-0.01366245767590224,2648009197.68637,-0.006960771873702307,0.006365840842122795,-0.010339857158672451,-0.009546587522568284,-0.119563493379785,-0.0007932696361041668,9.579156263129299e-05,-0.00017290810649858506
2023-08-01,-0.0010534124164468528,-0.0007407663755322202,5253762221.9205,0.02564846287909496,0.015812358396805188,-0.00935230498802344,-0.009345820822389534,0.2905602879413318,-6.484165633905206e-06,-2.7018409259614826e-05,-1.3556308087290063e-05
2023-08-02,-0.03553821197105966,-0.03547686658118443,4499307943.90133,-0.012729458430413388,0.010200317145974636,-0.01095221743887391,-0.009383897478697764,-0.845973973533284,-0.0015683199601761455,0.0004523821919768234,-0.00045797096635183865
2023-08-03,-0.01047411790224062,-0.010368743197204044,3145302649.42659,-0.002890041715578925,0.008547640827110774,-0.013477969675166446,-0.009374475310483766,0.11396556809589989,-0.004103494364682681,3.0270637671367414e-05,-0.00011821395112531966
2023-08-04,-0.005706983613384731,-0.005436437603718591,3512140548.40425,-0.0022332102246112517,0.011454129870267145,-0.012791940170691825,-0.009678399990366945,0.26873931782799015,-0.0031135401803248797,1.2744894157099647e-05,-5.4770071455244275e-05
2023-08-05,0.0017417100960370746,0.0017622862665354067,1190327889.76681,0.002023293094159743,0.001681666666475302,-0.011803503011181524,-0.009262720905066477,0.5109973938212174,-0.0025407821061150474,3.523990009340116e-06,1.630936065747872e-05
2023-08-06,-0.02737752617581435,-0.027347064123588005,1473035578.85485,-0.0025931430031515693,0.002900609246796793,-0.012566493434059658,-0.00951193108670403,-0.5542313314755997,-0.003054562347355627,7.099384044641192e-05,-0.0002507295932134855
2023-08-07,-0.011325445511661703,-0.011218391517836657,4078589895.0943003,-0.005302679033680294,0.010035660778186678,-0.012303748449196678,-0.008963733867673535,0.03663160487919214,-0.0033400145815231427,6.00552024617771e-05,-9.8212226147448e-05
2023-08-08,0.035052625713758445,0.035261327520500485,4246702788.46169,0.0141180348099557,0.01010615427769594,-0.009408636822704076,-0.008952873398914487,1.5645909218937855,-0.0004557634237895899,0.00049487419000719,0.00030868056647054536
2023-08-09,0.007037982388978792,0.007092143749982238,2608828366.62844,0.0003235547914334862,0.007864778309347004,-0.008571427652870016,-0.008526778707588495,0.5450177264453356,-4.4648945281521024e-05,2.277172923978582e-06,6.059324296458798e-05
2023-08-10,-0.02516493933919195,-0.02508202000985349,2206051375.26295,-0.00048059659701459793,0.0032442587972685067,-0.009294112032337496,-0.009026600750790793,-0.5497665914870425,-0.0002675112815467024,1.2094184210494436e-05,-0.00019582682910091706
2023-08-11,-0.024700002974305302,-0.024562457292041096,1994538363.42238,0.0011098990589927763,0.004215086715240679,-0.009016213463585773,-0.009207163604460911,-0.5468340588881875,0.00019095014087513844,-2.741451005830023e-05,-0.00019145097558414726
2023-08-12,-0.006885689156352348,-0.006865595340687758,833424956.61809,0.001028032922662213,0.0025421752887335573,-0.005915443128813763,-0.008787744456247549,-0.03914396030084498,0.0028723013274337857,-7.078715147948412e-06,-5.051634823671735e-05
2023-08-13,-0.016869762403123212,-0.016756558595432347,1554669146.8898098,-0.0047980184373493774,0.011427537666412866,-0.007966074916585762,-0.009027099466904316,-0.37477626248525814,0.0010610245503185536,8.094143104388851e-05,-0.0001259950263983786
2023-08-14,-0.012350591940356481,-0.012330222796589352,2369924279.03675,-0.0006340106260134275,0.006848929847158858,-0.005839606914133401,-0.008951333014930592,-0.3102662377575895,0.0031117261007971913,7.830406527741804e-06,-8.814457338469118e-05
2023-08-15,-0.08543592679336498,-0.08541566599258266,2224006399.87829,-0.008594028397295232,0.007221308649668909,-0.010043729439022542,-0.010383817735156958,-2.7812217321288593,0.00034008829613441614,0.0007342387810114152,-0.0006279882994431177
2023-08-16,-0.03180798056596279,-0.03165973593278326,2922235807.98315,-0.011454790742035112,0.007733443701690185,-0.013119520709712498,-0.01005874839249428,-0.7291825799238243,-0.0030607723172182185,0.00036435376130982333,-0.0002316666451931997
2023-08-17,-0.06025576972815405,-0.06076098800826202,10069596308.31243,-0.06713590349472141,0.04366556898821245,-0.01496076789435349,-0.010939449797080142,-1.6421508028637242,-0.0040213180972733485,0.004045325541469506,-0.0005441582972128424
2023-08-18,-0.016794927742931454,-0.016721231349037247,4956722774.94701,-0.009367342966572847,0.017414956772096202,-0.016099288155658642,-0.011691761692466145,-0.02565470078842322,-0.004407526463192497,0.00015732384826684813,-0.0001604072335233846
2023-08-19,-0.040754255985779975,-0.040507799856893234,2295511190.10816,0.00591429625650277,0.015198143574662832,-0.019786870534960282,-0.012341172791381147,-0.8475177812720037,-0.007445697743579135,-0.0002410327436132541,-0.0004117717712246831
2023-08-20,-0.02242947193022271,-0.022262179018462502,1950618000.36989,0.010187331669825382,0.00828124793657559,-0.019278777491341496,-0.012405562835569697,-0.12827720877376553,-0.006873214655771799,-0.00022849646973221725,-0.00022724453055388228
2023-08-21,-0.021834665785816276,-0.021740529359119853,2864914067.06811,-0.005587943656165669,0.013675168758734665,-0.019663207797018818,-0.012770276955307877,-0.08850774992065574,-0.006892930841710941,0.00012201088216234964,-0.00022881808758904161
2023-08-22,-0.024479839492981603,-0.02418463706055396,4297253119.31144,-0.017490681921189122,0.018330855350229856,-0.02077875194352047,-0.013571341513451041,-0.15309191931516988,-0.007207410430069431,0.0004281690860535048,-0.00025947422093554936
2023-08-23,0.015249990943234648,0.01543608149967235,4668477789.68188,0.02884914226796849,0.022175914218830615,-0.01836026609045884,-0.013397781418610942,1.3365963042728122,-0.004962484671847896,0.0004399491583066073,0.00017033893944185598
2023-08-24,-0.0030408795305579828,-0.0029993787229203317,2884193910.79672,-0.008683921050702315,0.016961653480345687,-0.01800630235847395,-0.013378134584347617,0.5911806870501897,-0.004628167774126333,2.6406757768062238e-05,-3.518431544352546e-05
2023-08-25,0.011824687042773174,0.011907952328121807,3043887039.99092,-0.000828332650110161,0.007303021196278027,-0.017171460898656905,-0.013110165141727336,1.114395156482752,-0.004061295756929569,-9.794774354863586e-06,0.00013447942929126813
2023-08-26,-0.0280499256350093,-0.02807300287578518,824120366.34905,-0.004478863227470549,0.0037747830517694935,-0.018590110219182925,-0.013165880073593135,-0.36740554603760056,-0.005424230145589791,0.00012563178045992663,-0.00032180111103283243
2023-08-27,0.017106815848479062,0.017081151341607148,1086302322.04676,0.006743285319212788,0.004154533921337009,-0.016471808218026095,-0.012874194850485191,1.2530728345580127,-0.0035976133675409035,0.00011535614016952552,0.0001972783918684348
2023-08-28,0.008819130454380542,0.009031286338077926,2751962940.19508,0.002071723542059093,0.008369192033415695,-0.015512542695833607,-0.012077464854425875,0.8897898936540912,-0.0034350778414077316,1.8270800182830474e-05,0.00010100370053654705
2023-08-29,0.01964129692457961,0.019543692843571714,5922298880.94104,0.04551525069604059,0.046022298166039574,-0.016246415495318314,-0.012086657539994942,1.3750646731394627,-0.0041597579553233725,0.0008939785535176121,0.0002585401277313818
2023-08-30,-0.003933502533550071,-0.0038308429047869685,2633294810.54013,-0.007906981244611987,0.007681434469135062,-0.01676886715829588,-0.011163674312744284,0.49910962083277255,-0.005605192845551596,3.110213075841414e-05,-5.1742699505724944e-05
2023-08-31,-0.017937980215882443,-0.0175746593406525,4174430139.24252,-0.031858666618559066,0.025584849897067757,-0.016424726247662093,-0.011676620123539667,-0.05900359247299113,-0.004748106124122426,0.0005714801315081069,-0.0002550457080330293
2023-09-01,-0.011890492803323438,-0.011919081886148208,3406667604.15655,-0.014130222448233944,0.013864535236241916,-0.01581474957285343,-0.012015796168097143,0.15333665667287816,-0.0037989534047562883,0.000168015308330085,-0.00017452500253554507
2023-09-02,-0.023069093563420018,-0.023003119142048,1233123837.9381099,0.0029010896365355737,0.004973520790789105,-0.016585387877951892,-0.012465456901605368,-0.25372827882995713,-0.0041199309763465235,-6.692550826110733e-05,-0.0003412719739942318
2023-09-03,0.022241070415031094,0.02242600023354102,1371255502.34573,-0.00026295914806002263,0.004248658361614362,-0.014722967267563593,-0.011989544242795023,1.3730730971755833,-0.0027334230247685696,-5.84849292827955e-06,0.0003214194963387197
2023-09-04,0.0002727196265215337,0.00033738245577064063,1772994172.54402,-0.0041445444165525425,0.006386300116505016,-0.014121857192950353,-0.012141446207501185,0.5308419069363817,-0.0019804109854491686,-1.130298605384117e-06,3.935232378402718e-06
2023-09-05,0.0016580953500739959,0.0017511271136876339,2353454200.55271,0.010077356666361696,0.008305386414848653,-0.009974522805167545,-0.011825212079502613,0.5335109689763935,0.0018506892743350677,1.670921822953151e-05,2.4011231420491007e-05
2023-09-06,0.00833777864079277,0.008503238726454532,2997580765.06195,-0.0001837694800822596,0.008501518926207804,-0.008062819985798234,-0.01129066018387121,0.7609650092907084,0.0032278401980729756,-1.5322292458594566e-06,0.00012104610018111469
2023-09-07,0.016293803532648976,0.01635868310006572,2572833662.21947,0.004758552451208379,0.009825261393466804,-0.00441760221147428,-0.01064211710824372,1.1166684662590025,0.006224514896769441,7.753491873979454e-05,0.00021029344127109485
2023-09-08,-0.012190269601642378,-0.012242576650071335,2422307107.23686,-0.006015688139028761,0.013411408026203924,-0.0041983327761748,-0.010358318667668473,-0.4338577071150256,0.006159985891493673,7.333286025416292e-05,-0.00015500780265219889
2023-09-09,0.0011603827269890399,0.001182157225967151,671640259.67899,0.0007526687970255665,0.0013454490556604093,-0.0022023975993762748,-0.00985894580157932,0.20474480410407184,0.007656548202203045,8.73383871212087e-07,1.3989628904613719e-05
2023-09-10,-0.031355153566463456,-0.03117217385100357,2479591561.04642,-0.008464081479218897,0.004968609534489946,-0.002627430058244882,-0.010155859613430964,-1.6823045284679623,0.007528429555186082,0.0002653925745799677,-0.0003730731019172483
2023-09-11,-0.042826287174220545,-0.04272103163243213,5152734588.80112,-0.03850678869426503,0.02796025929809658,-0.003627031076740323,-0.01121003201081053,-2.0866432551180187,0.007583000934070206,0.001649102790777623,-0.0005386923761998916
2023-09-12,0.02196393648473194,0.02195635901086712,4756772634.50226,0.0051694344695446155,0.019760075390510036,-0.0014154226968492022,-0.01051549320946437,1.2343051838555994,0.009100070512615167,0.00011354113035106187,0.0002777691850175032
2023-09-13,0.016269662445633548,0.016488326235504225,2989447575.59212,0.01112798520296742,0.015161129764734917,-0.0013668669110206832,-0.010226450146784477,0.928853379262785,0.008859583235763793,0.00018104856295228486,0.0002003212868681717
2023-09-14,0.019820074442343794,0.019916662803761254,3445036998.14618,0.003870551084518099,0.00880648057495699,-0.0002782500551682176,-0.010587507362936205,1.028882828532623,0.010309257307767987,7.671461062804323e-05,0.00023633900887556417
2023-09-15,0.04581870538234378,0.04602084745628732,2324102928.93025,0.004245071868010881,0.013746615989310821,0.0013405127229065732,-0.009540962782147385,2.0349110276208573,0.010881475505053959,0.0001945036972472663,0.0005604114228272905
2023-09-16,-0.026241004078840335,-0.026183102444296447,1275526426.27402,-0.004464579418501321,0.003219213543112452,0.001426651844628905,-0.00965565379524518,-1.2727087846944898,0.011082305639874085,0.00011715504673119977,-0.0003202611219542196
2023-09-17,-0.031184867124002147,-0.031074046343757877,1536971431.17038,-0.004129300164258004,0.003359249223039529,-0.0008729521064416289,-0.009970417919509127,-1.3449771449113301,0.009097465813067498,0.0001287716769375061,-0.00037941803094796464
2023-09-18,0.002402156473744421,0.002594885300983174,3889929749.54443,0.0038468889515861603,0.016433641740829463,-0.0011785222959957299,-0.009664937813675339,0.15954940345543153,0.00848641551767961,9.240829198828585e-06,3.0148882053587027e-05
2023-09-19,0.0025524309823425906,0.002635776586737082,2919971038.79256,0.005225227215149939,0.01201175584273836,-0.0019922778170546355,-0.009215776711692342,0.20700778838947922,0.007223498894637707,1.3337031833728398e-05,2.7901152222123865e-05
2023-09-20,-0.027466469260133408,-0.027318839451103916,3048153518.4001102,-0.009317581021087769,0.009567080845106836,-0.0031128952802252706,-0.009484396697130389,-1.0753093651449321,0.006371501416905118,0.00025592105269450966,-0.00030270795767084826
2023-09-21,-0.05739618692228576,-0.05720673614559513,3270921337.69404,-0.024775810214048805,0.017294817995023633,-0.004991857504339715,-0.010236898594779767,-2.0625102870488283,0.005245041090440052,0.001422037034196622,-0.0006099054607076644
2023-09-22,-0.0038695575897923495,-0.0038011938502745535,1785915865.79037,-0.0010231656882983703,0.002695325834556603,-0.004609908208457282,-0.00981362374829883,0.029194344986423374,0.005203715539841548,3.959198554770072e-06,-3.906074395844319e-05
2023-09-23,0.007971021044027804,0.007933750355193059,816248305.47904,0.00174040387361995,0.0039892099026046625,-0.003131807512864528,-0.008544212839876728,0.441758213527706,0.0054124053270122,1.3872795901732128e-05,8.008881411617454e-05
2023-09-24,-0.00549473779827625,-0.005225844459609497,1404537061.94281,-0.0072647331958064386,0.00513656479422775,-0.004452560284926783,-0.009047200823025379,-0.04261995699913755,0.004594640538098596,3.9917804085389856e-05,-5.5440688793244295e-05
2023-09-25,0.023838646601584967,0.02400362123613009,2566160541.55339,0.006755821681495477,0.013935135045005792,-0.0033303732861142384,-0.007763945797732664,1.077727949967892,0.004433572511618426,0.0001610496455684962,0.0002490959089089634
2023-09-26,0.011131867722603106,0.011228276747734967,1884723615.62952,0.001425731871081734,0.00782163874210999,-0.0028792412683747567,-0.007632497837521615,0.5518920524181596,0.004753256569146858,1.5871058596781288e-05,0.00011606320724573638
2023-09-27,0.006390536263267688,0.006674591829779031,3703063187.32729,0.0018604306906125452,0.029038111390412916,-0.002971967095875951,-0.008051435930462227,0.3693598859256665,0.005079468834586276,1.1889149793655618e-05,7.287859880418048e-05
2023-09-28,0.038213548681748755,0.03811128165732369,4633523879.60758,0.028717334000515956,0.02027737096460727,-0.001928169707823581,-0.007102179937883783,1.5090160376747452,0.0051740102300602015,0.0010973912408387553,0.0004548124584528641
2023-09-29,0.014791110849178724,0.014852456045317375,3329523068.64839,0.00951948902706019,0.02371430061680559,-0.0006433420673082903,-0.0069803209997139105,0.5773754975255189,0.00633697893240562,0.0001408038174267878,0.00018329851444727136
2023-09-30,0.010119177681465974,0.010362966050780464,1783660358.78097,0.00032936005639355,0.007483703950944741,-0.00021673278376176968,-0.007402000306032776,0.38518530344651203,0.007185267522271006,3.3328529318239855e-06,0.00012835949977618385
2023-10-01,0.06024347575891431,0.06132063967718793,2997174137.30115,0.035048258959377666,0.03500058529257638,0.004145106707922886,-0.005920366947221163,1.9421117558043575,0.010065473655144049,0.0021114289390114197,0.0008503288193369062
2023-10-02,-0.02970347257047601,-0.02917483071017657,5329837520.6081295,-0.03949869188171353,0.023477526284881582,0.00477000264143453,-0.006173412077441536,-1.2336227400381294,0.010943414718876067,0.0011732483108781613,-0.0004129200427430647
2023-10-03,0.00573962562919883,0.005817090770225075,2606720930.49924,-0.005311377724109407,0.007615734883613593,0.003997416410218668,-0.006065586076717001,0.06296680279475865,0.01006300248693567,-3.0485319711654104e-05,7.646963169917836e-05
2023-10-04,-0.010236931930134308,-0.009983708349784237,2888984570.8797903,0.0028233652070795093,0.011060676879064653,0.002735197630420199,-0.005663978457019774,-0.46855401958830145,0.008399176087439973,-2.890259743878249e-05,-0.00013438885338055086
2023-10-05,-0.029344629689200596,-0.02915166377670264,3142418022.15932,-0.01853948894769883,0.012232825330548357,0.00039402124320379937,-0.005963510390146123,-1.0530072600651383,0.0063575316333499225,0.0005440344377972494,-0.0003900195921023763
2023-10-06,0.01555404837350327,0.015702975663922425,3396848695.37563,0.012693259606301882,0.007189605077757481,-0.0010471529000743202,-0.005626033691941551,0.625801078357522,0.00457888079186723,0.00019743157393385454,0.00020187234543735206
2023-10-07,-0.0008825412998587634,-0.0009013296483683098,1195721405.78214,-0.004551279921577323,0.005972697246962968,0.00016039294654384984,-0.00566768847600339,-0.04027811025399394,0.00582808142254724,4.016692498009941e-06,-1.1570013809303504e-05
2023-10-08,-0.00032766033147724194,-0.0002680194597327601,1878584822.50507,-0.003944368190971082,0.012753815819457868,0.001629783746187893,-0.005238325526093277,-0.07867105111460997,0.00686810927228117,1.2924129889218738e-06,-4.442171070444678e-06
2023-10-09,-0.05338036448107342,-0.053226387015342436,4687163300.24275,-0.03336153843455646,0.02087201473329096,-0.0010265267754700994,-0.005905863922433145,-1.895398129607291,0.004879337146963046,0.0017808510812859634,-0.0007349726257766739
2023-10-10,-0.012203657376863908,-0.011996129530681854,3269769387.62689,-0.010923659633015835,0.010678716911266721,-0.0017291976497180279,-0.0066559636540303255,-0.37795524270746544,0.004926766004312298,0.0001333085994628042,-0.00016725255307324804
2023-10-11,-0.0030922370121716503,-0.002969024719540747,3720791581.44529,0.00660512422739812,0.013635375084833623,-0.0005685199236246108,-0.00681676078738192,-0.09317776537540495,0.006248240863757309,-2.0424609605952143e-05,-4.297852408111852e-05
2023-10-12,-0.04333710205313024,-0.0431769273871383,3548262571.00839,-0.014310844917669664,0.011904468858922714,0.000100960308239938,-0.00710520781458729,-1.6868502439687505,0.007206168122827227,0.0006201905466635704,-0.0005912117702129444
2023-10-13,0.001848873482193536,0.0019280367255913866,2781970955.4156103,0.008609024625776078,0.010241965806012146,0.0003732665497630754,-0.006683797077182546,0.05733376923246554,0.007057063626945621,1.591699733814852e-05,2.5887049921744044e-05
2023-10-14,0.03398595947370775,0.034110505907867905,1228665922.2184901,0.0007659851490190146,0.0069446813724662795,0.0016120731416525967,-0.006035040749721275,1.2112288790108143,0.007647113891373871,2.6032740232022224e-05,0.00048063836437629175
2023-10-15,0.009966834322947093,0.010027195579726644,1557409625.42848,0.002224337473372466,0.004692210618642932,0.00234833848075847,-0.005609063023910635,0.2849577081622599,0.007957401504669104,2.2169603075426112e-05,0.00014074269306642146
2023-10-16,0.020617798996030334,0.020716061082406645,5586981341.03709,0.023007411836701422,0.014521396167069957,0.0021949647852558688,-0.005085755231269575,0.6921960848169357,0.007280720016525443,0.000474362192667999,0.00029172165234607483
2023-10-17,-0.028913072583774513,-0.02882473271764041,2869574835.22577,-0.015556221713921318,0.009901217536512078,0.0002880628659045534,-0.0041885670692125825,-1.0670326057930641,0.004476629935117136,0.00044977816754389625,-0.000411954836124743
2023-10-18,0.006782687011941402,0.006888583037756968,2706429797.06621,-0.00304147758790478,0.008642851555125007,0.00030673671107949216,-0.0035760167901982306,0.23659739678197103,0.003882753501277723,-2.0629390532592615e-05,9.005268284632911e-05
2023-10-19,-0.007658710030846505,-0.0074787053649867374,2979513487.14482,0.011148258614233589,0.006803801384595338,-0.0018776565609488535,-0.0027411428267489044,-0.22243089304335475,0.0008634862658000509,-8.538128007530174e-05,-9.676968725593546e-05
2023-10-20,0.03258490360237687,0.03247244683540096,4147073641.09869,0.010679728378154653,0.019468044081230918,-0.0010303330965108467,-0.0019573359799979788,1.252561788269483,0.0009270028834871321,0.000347997919701738,0.0004051295260663983
2023-10-21,0.009461993762639231,0.009668116845310104,2637996263.0594697,0.019560070935178094,0.01443220052883749,-0.0010616275688359296,-0.0011602526506579913,0.39232232030613434,9.862508182206168e-05,0.00018507726918543603,0.00012077217263320928
2023-10-22,0.018341575359597906,0.018646023264251577,3147813653.67379,0.02072653983641678,0.018307862623549078,-0.003056956159279568,-0.000513093169867188,0.9155625681064675,-0.0025438629894123797,0.00038015739235334637,0.00021953091706928513
2023-10-23,0.011301439048168938,0.01176061717199639,8602139318.25797,0.0420470206078899,0.040158034949702104,-0.0011043413202964753,1.2876748132577342e-05,0.5455773477367786,-0.0011172180684290527,0.000475191840557171,0.0001442441399782754
2023-10-24,-0.014267789119510432,-0.014343925390986834,9289125142.383001,-0.01359868438998919,0.04267109151914435,-0.002057075355949297,0.0001749727858067229,-0.5342323799925289,-0.00223204814175602,0.00019402316117914412,-0.00020592194146926924
2023-10-25,-0.007868478129027912,-0.007746962878215968,4842621703.21632,-0.0009789745045775747,0.020841276647030522,-0.0019442918416108974,-0.00019198704073712723,-0.2596050984856967,-0.0017523048008737702,7.703039478144582e-06,-0.00011722764232881376
2023-10-26,-0.010039732484179886,-0.009835889684233656,7321211035.63508,-0.007023467040780847,0.03544908196404289,-0.001025011022324197,-0.00030307994476287177,-0.40908336117655,-0.0007219310775613251,7.051373020089425e-05,-0.00016067511875820598
2023-10-27,-0.026850224461439587,-0.026666069950163518,4342572403.59896,-0.006294682642383938,0.010341035949928608,-0.0030442621097024284,-0.000916967428956725,-1.0636514011263936,-0.0021272946807457034,0.0001690136418615364,-0.0004337383231140694
2023-10-28,-0.008049310425268352,-0.007943159634199004,1919964127.56444,-0.007809539473788782,0.00797682178128302,-0.003385536829960028,-0.0005994973462624244,-0.2081913682468524,-0.0027860394836976034,6.286140750291277e-05,-0.00013079668173140215
2023-10-29,0.006452993583120126,0.0064312720449770655,2355557946.44111,0.011246583019504333,0.006026231638193238,-0.003062648548312534,-0.0007686056361887567,0.4229865391053758,-0.002294042912123777,7.257412805688923e-05,0.0001027901593653588
2023-10-30,-0.0005195052709351389,-0.00037169042076767855,4215510289.5673,0.01481797221417794,0.01966745147505538,-0.0005454647764011875,-0.0009168379492890056,0.0013438416905296147,0.00037137317288781803,-7.69801466983587e-06,-8.245434739043564e-06
2023-10-31,-0.019875082017886236,-0.01978701403181493,3883759064.22507,0.010998371966796906,0.018541635968939964,-0.000910770711687965,-0.0015440820594868762,-0.966627276751676,0.0006333113477989111,-0.00021859354490330927,-0.0003228931733320078
2023-11-01,-0.003960831109242502,-0.0036445799315575345,6543306690.18927,0.02038823320664344,0.025660412856168584,-0.0009521323353580056,-0.001544515846402629,-0.15331108314156291,0.0005923835110446233,-8.075434834736435e-05,-6.661623298712112e-05
2023-11-02,-0.03952927375537485,-0.03906668125352264,5310717363.58517,-0.032256190250928775,0.023913830326074543,-0.0007708071783220347,-0.0018872347914739372,-2.015818771710042,0.0011164276131519024,0.001275063774734417,-0.000687438798518891
2023-11-03,-0.006484404575583413,-0.006259650893040591,4119457491.29056,0.018839484371735427,0.01621802854975048,-0.0011676299429780798,-0.0018014238672240954,-0.27610486390710637,0.0006337939242460156,-0.0001221628386617134,-0.00011461314759790574
2023-11-04,0.00575803645470363,0.005971937435851116,2518749107.0753,0.011574855575500408,0.011766722027972045,-0.0025118167534068474,-0.0013438503748729265,0.4700603729347727,-0.0011679663785339209,6.664844036166092e-05,0.00010309661179956399
2023-11-05,0.0132543359957209,0.013390151920645854,5744702487.69734,0.0013959614570429502,0.011048176629839031,-0.002355269054703333,-0.0014864969529572152,0.8807092501172803,-0.0008687721017461179,1.850254218872337e-05,0.0002413281371823979
2023-11-06,-0.01447686204874421,-0.014424246201283464,4471746197.27929,0.007246006968369634,0.011887732683097021,-0.004026443390168787,-0.0017206172970090524,-0.6113940605974352,-0.0023058260931597347,-0.00010489944328532644,-0.0002617716830467583
2023-11-07,-0.018061591247954034,-0.01789784234382019,5170405915.43216,-0.002758958430207542,0.02074320578956111,-0.0035097061837011455,-0.00203362819539045,-0.8843483917175959,-0.0014760779883106956,4.983117943650554e-05,-0.0003359159511991394
2023-11-08,-0.019383494696523895,-0.019312231887289588,3158948638.69263,0.0028264560074781286,0.010667468115444466,-0.004755714836485207,-0.0024736484070938887,-0.8797933985386497,-0.002282066429391318,-5.478659503091041e-05,-0.00036236995436995695
2023-11-09,0.03288550255569045,0.03306715431658458,16206007619.1415,0.10064441246113355,0.08144003045178425,-0.002825038046650114,-0.0022102881051408495,1.9283444308750959,-0.0006147499415092646,0.003309742083206571,0.0007316654381113815
2023-11-10,-0.014501248573234538,-0.014313634501937011,7658220087.43382,-0.020895074953913406,0.011020182116245912,-0.005067235769298277,-0.0022469703110391376,-0.5619975689175218,-0.002820265458259139,0.0003030046758630655,-0.0003168029181025114
2023-11-11,-0.03165248575314916,-0.031366887962159695,5117869676.2676,0.0032810811653174714,0.013475756882982158,-0.007025068127192962,-0.0027678094932635537,-1.415864403300453,-0.004257258633929408,-0.00010385437484013732,-0.0006900574560994678
2023-11-12,-0.04431271298092421,-0.04408743194062792,3521190449.16089,-0.003322789025401452,0.008256324053761145,-0.010008605667217825,-0.0029734850395248353,-1.8868169261505836,-0.007035120627692989,0.0001472417963787794,-0.0009448536705949217
2023-11-13,-0.025172577665828144,-0.024896465164764625,8297650404.00478,0.006845161653408434,0.03609236069962683,-0.01174546360597959,-0.002693267428280512,-0.7551304757775373,-0.00905219617769908,-0.0001723103633555724,-0.0005318664286609581
2023-11-14,-0.0707569881285931,-0.07040204951095552,7681721989.8978,-0.038091350491444666,0.033055556760162835,-0.014435425463554955,-0.0041650281364285285,-2.564385593691821,-0.010270397327126427,0.002695229234525229,-0.0014626120523916128
2023-11-15,0.00355126755863977,0.0038088877608974947,6140731223.70993,0.04495228092797414,0.02316308532577045,-0.013891628049856494,-0.004366907420349064,0.7831443760575343,-0.00952472062950743,0.00015963757694637584,7.380060454586165e-05
2023-11-16,-0.03488313019618805,-0.03443678644353909,8782074171.55734,-0.04601162615497361,0.04005819816390456,-0.01507464698852355,-0.005235212255881316,-0.872101973464511,-0.009839434732642234,0.001605029545702276,-0.0007325793685097402
2023-11-17,-0.02260357865971574,-0.022367411969567152,6299859702.20526,-0.011850713985588129,0.029590573889105513,-0.014872425759870033,-0.006321280256548927,-0.3417517171821582,-0.008551145503321107,0.0002678685457470347,-0.0004954163960341391
2023-11-18,-0.021568950670805553,-0.021477886211724306,3202110781.7997303,0.010800839387736957,0.011027219389920434,-0.015516218152514662,-0.006247120678643614,-0.2676942269050087,-0.009269097473871049,-0.00023296277195739208,-0.0004758728661441687
2023-11-19,0.04445498967527417,0.04485916123315126,3401707212.28241,0.0283693744352274,0.019266835546733942,-0.013706599290983517,-0.005046488031036053,2.2579633558622745,-0.008660111259947464,0.001261160247612021,0.0010088335665204057
2023-11-20,-0.009083745735754656,-0.008865736855716677,6650412053.45637,0.01079774851730008,0.015503911523249831,-0.014114420265498731,-0.00522880393912334,0.19646042787350093,-0.008885616326375391,-9.808400204977576e-05,-0.00020433983261105532
2023-11-21,-0.026257899528501327,-0.025962378536984243,8161456877.11487,-0.043687794814687035,0.029225337510337544,-0.014418363956480404,-0.005686110772628799,-0.4603957294702517,-0.008732253183851605,0.0011471497268658334,-0.0006040329062204314
2023-11-22,0.014750188798253738,0.014847231938356575,7155330992.38286,0.04213185612161301,0.027308951868344478,-0.013527363008504392,-0.005016005089162336,1.0706653913796496,-0.008511357919342056,0.0006214528322146544,0.00034046911755047807
2023-11-23,-0.010510172153558539,-0.010354321261454746,4333101748.32414,0.0012418746138612028,0.014477764277561807,-0.012145501027465519,-0.004271782632515872,0.06354943671535153,-0.007873718394949648,-1.3052315984815277e-05,-0.00023787693768360376
2023-11-24,-0.011075932647262143,-0.010915076274323088,6778271023.31061,0.008250513604116954,0.02062454150238751,-0.012364145221354983,-0.004386169538189996,0.05012079234193181,-0.007977975683164988,-9.138213298451942e-05,-0.0002530059130122632
2023-11-25,-0.0022985070018770593,-0.0022982241910115553,2137077833.5458899,-0.0019569196282052063,0.009386287031666727,-0.012747790147858826,-0.0045491779198710254,0.4101412946999758,-0.0081986122279878,4.497993467540318e-06,-5.224391492231251e-05
2023-11-26,-0.0312114753664563,-0.031070639011558154,4687601793.16523,-0.006954524167060905,0.012703277118100497,-0.01486520973653393,-0.004957380103492931,-0.6524824564790814,-0.009907829633040998,0.00021706095972564646,-0.0007118811405189741
2023-11-27,-0.03762373714948242,-0.03758319927558762,5861604298.08316,-0.01005497193423373,0.02243897338339029,-0.01596744188418813,-0.005932973496367016,-0.8479711225926068,-0.010034468387821115,0.00037830562109903267,-0.00087703769451021
2023-11-28,0.009347840992533829,0.009455075730923967,5299174745.72606,0.010281163816670241,0.016061798389495698,-0.01466223082511728,-0.005961291380971291,0.9192090019137625,-0.008700939444145989,9.610668457642563e-05,0.00021582136548318318
2023-11-29,-0.02623175072604622,-0.02608133066767193,4272821333.41157,-0.012269070524386276,0.012336738663059727,-0.014988338255094533,-0.006479105460166749,-0.4287321570500401,-0.008509232794927784,0.000321839199635982,-0.0006077193439284637
2023-11-30,0.0038289004601517185,0.003967657206690234,3467788056.2867002,0.005708938630466394,0.010181267451437243,-0.01637198597392971,-0.007024893527176226,0.8324769478288407,-0.009347092446753483,2.1858957749170695e-05,7.571284937002484e-05
2023-12-01,-0.0028449362298935688,-0.002828088904879289,6077197060.66088,-0.0024455096907238525,0.007946802084494163,-0.015816923481389664,-0.007304830782399596,0.5306906299689034,-0.00851209269899007,6.957319119696104e-06,-5.583953607854913e-05
2023-12-02,0.04148815522812921,0.04168197554547337,5771277302.8414,0.0342044969849027,0.026392585861827415,-0.012334035815614505,-0.006806910503881132,1.9833630344892443,-0.0055271253117333725,0.0014190814804097209,0.0008398356196217622
2023-12-03,0.005061189825000589,0.005330005349957423,4647728772.82338,0.01417043561749712,0.012591516195713208,-0.009982897586760943,-0.007682819804419445,0.5708184936193232,-0.002300077782341498,7.171926456310236e-05,0.00010349737518820688
2023-12-04,-0.004242019507368466,-0.004232841604472792,8452455553.34357,0.014767589892961005,0.02325910759051828,-0.008986204341120005,-0.007278669755798691,0.18144223467542117,-0.0017075345853213141,-6.264440440275799e-05,-8.415365355383039e-05
2023-12-05,-2.9512924940466867e-05,0.00034861176899392277,9263997221.57883,0.027672675977434755,0.028296083473527602,-0.005618229331422261,-0.007370243383642171,0.2537734007551843,0.0017520140522199103,-8.167016090238925e-07,-5.787918227449936e-07
2023-12-06,-0.03073465784630547,-0.030383835205156973,6656006363.54016,-0.021983871111667264,0.0170860109351586,-0.007250892445943463,-0.007695604112470285,-1.040360183372037,0.000444711666526822,0.0006756667567543724,-0.0005938576667419374
2023-12-07,0.01210370578531883,0.012299755225318787,8267176771.20482,0.04657416087749871,0.04097586754683995,-0.005013424065871706,-0.007037694025573151,0.7773895898868037,0.0020242699597014446,0.0005637199404593511,0.00023439774447948344
2023-12-08,-0.009459138415394586,-0.009269069263625251,6360273773.82462,-0.006556680733967811,0.013917469432420008,-0.004387498339951652,-0.0074347287365080375,-0.23395459867479831,0.0030472303965563855,6.202055060815249e-05,-0.0001761239082728828
2023-12-09,-0.023441810761678727,-0.023234996525612672,5724964316.41979,-0.0082437613324564,0.01700821115474926,-0.004476682153802755,-0.007792812378759149,-0.8717269331259903,0.0033161302249563934,0.0001932486931198874,-0.000443149949927736
2023-12-10,-0.0127449847445672,-0.012601735341337905,3549153797.86988,0.00039940514658823745,0.009340105972288574,-0.007200490459509487,-0.007989912766268512,-0.2966930126105217,0.000789422306759025,-5.0904125001687125e-06,-0.0002349098593557759
2023-12-11,-0.05246166281978448,-0.052832395642644414,10505238677.096409,-0.011503699668945343,0.02711836182708306,-0.009266105558749002,-0.007975330200216308,-2.0430811230730566,-0.001290775358532694,0.000603503213212277,-0.0009959648313060498
2023-12-12,-0.003604443744970154,-0.003490406342826158,6320204699.44428,-0.012409640584312879,0.018205511751842526,-0.008187369569057043,-0.007838834745741803,0.2202555491504239,-0.00034853482331523994,4.472985138145432e-05,-6.653755669163934e-05
2023-12-13,-0.0045260565801893415,-0.004280868960985451,7496980793.2386,0.04252885342250632,0.026487076451634783,-0.009105286015649569,-0.007861593786503989,0.2271449893516452,-0.0012436922291455803,-0.00019248799688084274,-8.337327228365078e-05
2023-12-14,-0.008590720549327857,-0.008346014675454927,7482325202.55013,0.028105017363805763,0.025872565036811155,-0.009013883558305251,-0.007310063921364269,0.02099272417550972,-0.0017038196369409822,-0.0002414423502064624,-0.00016290876233490423
2023-12-15,-0.035781486693201914,-0.03559761260768124,5917897874.7053,-0.026652374876631597,0.021519809909825393,-0.010190338512873811,-0.007907371225735624,-1.2193336411209743,-0.002282967287138187,0.0009536615969904224,-0.0006800619602137922
2023-12-16,-0.015562139173706857,-0.015537334029803063,3624431712.39292,-0.011562575169483516,0.012953251744368042,-0.010821940044865707,-0.008693848982043794,-0.22639257562014073,-0.002128091062821913,0.00017993840399394963,-0.00029841690705244826
2023-12-17,-0.027736958255378363,-0.02754084789783373,4193330348.14639,-0.008972650993340001,0.01906056496419988,-0.010656486849100092,-0.009292321880112451,-0.8218904072841301,-0.0013641649689876412,0.0002488740460423508,-0.0005402758996934391
2023-12-18,-0.019878147180485528,-0.01946072978982638,6733348048.69405,0.02034995604156094,0.026461406829325514,-0.009811458755338334,-0.009935114676565084,-0.5039462772693967,0.0001236559212267497,-0.0004045194213105591,-0.0003910051554127649
2023-12-19,-0.027552521115950745,-0.027546137476039956,6442713698.5821705,-0.026582255913111405,0.022370670305752353,-0.011568618855742362,-0.009913518621520262,-0.8061062463414507,-0.0016551002342220997,0.0007324081673556086,-0.0005502382595180685
2023-12-20,0.0057820134339257034,0.0060500871213775564,7232731576.40189,0.007501008657234226,0.028818876834746626,-0.010044153895743698,-0.009929402329107813,0.7962683649932292,-0.00011475156663588552,4.33709328241213e-05,0.00012000792545661441
2023-12-21,0.001949411877855356,0.0020971346442217875,7068225568.50204,0.017616961299906704,0.021998634987781256,-0.010133653352043526,-0.009776892457541117,0.6098258189608813,-0.000356760894502409,3.434271360975626e-05,4.15577936393739e-05
2023-12-22,0.003788830103168772,0.0038675012591204982,9424688260.19954,0.03301221018084248,0.022058090770943027,-0.009817759717135796,-0.010233972989274578,0.6807348233089991,0.00041621327213878234,0.0001250776557053106,8.331669504088413e-05
2023-12-23,-0.03498330017407891,-0.034923614825448035,4279554665.09509,0.015523397841521626,0.009214582237232915,-0.01345925759343142,-0.010939453845412962,-1.2735213869553046,-0.002519803748018459,-0.0005430596864115997,-0.0007406693897945782
2023-12-24,-0.034315613615731655,-0.03408485430564423,4721397589.48568,-0.023186029936812336,0.015029717607483908,-0.015334343471561526,-0.011775282241846765,-1.1212928638209831,-0.0035590612297147616,0.0007956428445944391,-0.000730517281970958
2023-12-25,-0.012749509955016669,-0.012571259596072637,4319976648.99361,-0.002087504521055491,0.007116286914047326,-0.01573946206430668,-0.012157043337135425,0.17850295454157702,-0.003582418727171256,2.6614659672339286e-05,-0.0002616133610905848
2023-12-26,-0.06596889862077249,-0.06599192712662705,6062439161.58762,-0.017120702059712264,0.018159815446652666,-0.018879432811727253,-0.01297769586890149,-2.402946062674717,-0.005901736942825763,0.001129433858493609,-0.0013218059064028296
2023-12-27,0.022062160236215878,0.021780399940078077,8260845965.55004,0.06986768995187688,0.038210490143652034,-0.016365298617321472,-0.012502606371040477,1.8031495515635487,-0.0038626922462809948,0.0015414321710525577,0.00046424812085252
2023-12-28,-0.021871485031428217,-0.021660167420816223,10170568781.88293,-0.02936063158616209,0.025610536884693506,-0.01798316484669038,-0.012690411967028546,-0.1914674296272749,-0.005292752879661834,0.0006421606142500226,-0.0004442328127242456
2023-12-29,-0.028987978957209393,-0.028564321373538926,9014828986.57667,-0.0230097696535982,0.02830970791271658,-0.018913109634395846,-0.01272434457807251,-0.4951952226082303,-0.0061887650563233355,0.0006670067185287398,-0.0006086430297791248
2023-12-30,-0.01547243512225549,-0.01542041206026279,4159237315.21914,-0.0030042997112579885,0.013040375676813728,-0.018533615556328074,-0.012842171954215163,0.15056808812367214,-0.005691443602112911,4.648383237025013e-05,-0.00032194191297139565
2023-12-31,-0.015566610544780812,-0.015400612592492924,3840542439.66964,-0.0008140828012864929,0.010650772810158088,-0.01866797868967158,-0.013191689480054862,0.1527767339058174,-0.005476289209616717,1.2672509918831023e-05,-0.0003248730176190624
2024-01-01,0.018554958867421423,0.01888052582883737,3833607643.67903,0.03413999619832845,0.01599788565470251,-0.015286234799804631,-0.012888920208017456,1.666712516988905,-0.002397314591787176,0.0006334662251939082,0.0003774137222023994
2024-01-02,-0.014673293485995997,-0.014410109148522032,8044076762.328239,-0.013284695245053262,0.016765462283548055,-0.015813322882710625,-0.01280635213608269,0.05663714255274478,-0.0030069707466279343,0.00019493023220268203,-0.00029745321942410805
2024-01-03,-0.05493994694545101,-0.05462169937598771,11247346123.695179,-0.06987287179697839,0.04097582646901878,-0.018213984328675464,-0.013615544450943142,-1.6953308065442607,-0.004598439877732322,0.003838811869452293,-0.0011516337216236092
2024-01-04,-0.004187758248939022,-0.003932298225105768,5657915952.55511,0.0160327727593397,0.02240830836517569,-0.018004319457228378,-0.01305456801433305,0.6343172590945382,-0.0049497514428953285,-6.714137637628967e-05,-8.709162670781911e-05
2024-01-05,-0.010210753393158134,-0.010167042789473113,5923620087.33033,0.011543141853667366,0.01868447530446903,-0.016786665490559627,-0.013113716408262806,0.30656187382498257,-0.0036729490822968204,-0.00011786417485003973,-0.0002109715429041789
2024-01-06,-0.019692465182846952,-0.019728939914444243,2691373219.47519,-0.0059234312709749186,0.010275661161685963,-0.01698334768147106,-0.013517692624731865,-0.1262540569922284,-0.0034656550567391947,0.00011664696406666045,-0.0004043689712626906
2024-01-07,-0.024705434589421427,-0.024558710518931992,3600489002.3678503,-0.00946485333021136,0.016299946118183285,-0.016838989411663587,-0.01412022866576587,-0.367731800673151,-0.0027187607458977175,0.00023383331484800433,-0.000504058547596091
2024-01-08,0.007306448382645714,0.007778391805049134,7863706854.1669,0.06233798784244658,0.04386326784951432,-0.01554448486103829,-0.013774461833521585,1.0381021242851427,-0.001770023027516705,0.000455469290448832,0.00015512612531707674
2024-01-09,-0.007183794636671625,-0.006947016210635537,10039664919.165451,0.01503716646297164,0.03747397323232772,-0.01457454550488214,-0.01360179839524726,0.3373979154367451,-0.0009727471096348805,-0.0001080239157874341,-0.00015768863493543128
2024-01-10,0.009367302671989153,0.009555883486605632,18922026567.58447,0.09068214507202861,0.0502577039010949,-0.01440381744592674,-0.01314543653225499,1.0763482196541756,-0.0012583809136717493,0.0008494470998349216,0.00021518100302337216
2024-01-11,-0.007985751391673568,-0.0077793687879911255,13515735771.84295,0.002110229658812566,0.03225964906629876,-0.014876920458761449,-0.013794186594911563,0.3157901672346599,-0.0010827338638498864,-1.685176943461329e-05,-0.00018734669195111586
2024-01-12,-0.010924580592934108,-0.010312768926076576,16931186211.052639,-0.02619840932192978,0.039450148581400335,-0.015577559063337777,-0.013737414087287746,0.21717197177281908,-0.0018401449760500309,0.0002862066340440981,-0.00026533964356225954
2024-01-13,-0.0034033218604400117,-0.003275065249898401,6396752318.6813,0.011514555359881537,0.0097076088063633,-0.014073750572212116,-0.013289014660419346,0.5056841323789051,-0.0007847359117927697,-3.918773796953154e-05,-8.274085126610727e-05
2024-01-14,-0.031067562689709893,-0.03086499469186743,5377127058.63416,-0.030832890869327022,0.018894209932077882,-0.013919081480496793,-0.013078774179606421,-0.8182856388972126,-0.0008403073008903719,0.000957902769987801,-0.0007610252644711078
2024-01-15,-0.00942490758749659,-0.009491834358601126,4582971876.58271,0.0029779071030352176,0.019001645345257664,-0.013760767082043456,-0.012828811162490046,0.206681899060354,-0.000931955919553409,-2.806649925025661e-05,-0.0002362050012951134
2024-01-16,-0.008627927854285455,-0.008559343553962484,6264614166.952749,0.019277141209468558,0.014157236630949142,-0.011030244664591692,-0.011842635602580401,0.1393265906166969,0.0008123909379887089,-0.00016632178359216778,-0.00021458679276001514
2024-01-17,-0.00861440865832297,-0.008648738338674966,5861698853.5795,-0.016063941279550995,0.008895263110061202,-0.012491033659569733,-0.012035741574278223,0.24992585657137179,-0.00045529208529150947,0.00013838135484535585,-0.0002022251569230732
2024-01-18,-0.0401569639112036,-0.039872480847602754,7309579149.43542,-0.023569926186044397,0.03800499778441754,-0.013361770749082846,-0.012119453220548311,-1.6197364099494844,-0.0012423175285345353,0.0009464966752427177,-0.000966394787585088
2024-01-19,-0.008881334758785497,-0.008799719848416543,6404258356.95563,0.012795865483122185,0.01848649426134704,-0.012404311501538852,-0.01190163982529545,0.21785783027203223,-0.0005026716762434012,-0.00011364436488399665,-0.00020957874012172924
2024-01-20,-0.025139646912306857,-0.025148833736681753,2321269007.36401,-0.003855405061023106,0.006120937195511134,-0.012864654920112725,-0.011958317543414518,-0.7485347271106023,-0.0009063373766982075,9.692352193804176e-05,-0.0005849534630080978
2024-01-21,-0.020497769188544068,-0.020415581045314823,1750600706.66527,-0.007432566649978269,0.007915896866473919,-0.013099471998387166,-0.012989313715856078,-0.4490770683838386,-0.00011015828253108789,0.00015235103566972477,-0.00047427601493621257
2024-01-22,-0.04757213695578533,-0.04731795849079279,8673726491.18901,-0.052020886070766784,0.030784527824510917,-0.016248381323301773,-0.01360024056061847,-1.90519507059796,-0.002648140762683304,0.0024747447167198225,-0.0011342176985244246
2024-01-23,-0.030000165369569287,-0.030248911914432464,9796897099.569641,-0.042506639116705915,0.05558273628369779,-0.016978232365376694,-0.013659641605714786,-0.779482119747027,-0.0033185907596619078,0.00127520620280578,-0.0007707192685553684
2024-01-24,-0.011332385964461178,-0.011284403807936494,5029982840.98715,0.009704055321867326,0.01774146303943878,-0.014901681842472415,-0.014073650728932484,0.24984076848842898,-0.0008280311135399308,-0.00010997010032788408,-0.0002785965371270804
2024-01-25,0.003847918784893656,0.003916754738445105,4606164128.97297,0.0008479622353048614,0.024585795154568265,-0.014519030555147049,-0.013845744523560227,1.250343436107388,-0.0006732860315868221,3.2628898141099904e-06,9.499661959290951e-05
2024-01-26,0.007984044739435259,0.008161601269643715,5072599984.48894,0.019498710047551313,0.028179644779071453,-0.013652611596452126,-0.013543205199961855,1.3984323420502762,-0.00010940639649027056,0.00015567857338092547,0.0002007184311508236
2024-01-27,-0.031614800990330205,-0.03162673232064106,2141771562.52407,-0.0028059529240909847,0.00818800301717616,-0.014220341872998947,-0.014008543199778572,-1.0928142118891313,-0.00021179867322037443,8.87096432833716e-05,-0.0007916514009146689
2024-01-28,-0.0061147058369680485,-0.005831663764697015,3632645831.61376,-0.013205857274045137,0.008917133924078398,-0.013335069075263072,-0.013610181778675583,0.4563637551911066,0.0002751127034125115,8.074993255577076e-05,-0.00015096577923825273
2024-01-29,0.009092568296872328,0.009339201170733613,4461192290.02723,0.019854603160395775,0.015088617202732475,-0.013250015746014185,-0.012868653120796937,1.4014601498398964,-0.00038136262521724744,0.00018052933524319574,0.00021202729923553264
2024-01-30,-0.005567695491084157,-0.005260239703439584,5568693641.04369,0.013584887465545788,0.022910405477672518,-0.013173058643843353,-0.013105407668155952,0.4760203269858027,-6.765097568740136e-05,-7.563651668880496e-05,-0.00012597046746154526
2024-01-31,-0.039824372454955737,-0.03970310810912547,6035736969.81903,-0.026089639756279804,0.027981604758494035,-0.015515519364174063,-0.013321163568614833,-1.5086932334804448,-0.00219435579555923,0.0010390035308697075,-0.0008587917677160118
2024-02-01,-0.0070561497928974815,-0.006833516507822934,4317833942.98259,0.020709378221861762,0.013927062901304127,-0.0154712526213752,-0.013493942144060059,0.5215271151811897,-0.0019773104773151418,-0.0001461284748512255,-0.0001460023008857984
2024-02-02,-0.02164561609783333,-0.021460970016351166,3488673055.88872,0.003311383454848836,0.008652604572597568,-0.015981778121608496,-0.013792365634027356,-0.35061410676009414,-0.0021894124875811403,-7.167693501637491e-05,-0.0004161358241884169
2024-02-03,-0.021828888373339184,-0.021677150373471066,2167201213.34462,-0.010828060897475704,0.006332728573528112,-0.016859186050794173,-0.014797398072145902,-0.31186150368680815,-0.0020617879786482707,0.00023636453263071604,-0.00041615113427950865
2024-02-04,-0.008720514799420265,-0.008568766904457292,2738353319.0609603,-0.005842224718957661,0.01362772795280787,-0.015795040913161335,-0.01501615528840655,0.4510804860547226,-0.0007788856247547844,5.094720712320918e-05,-0.00016406300098539757
2024-02-05,0.0013261435913718422,0.0013367016962835265,3893676970.0004,0.002314886355530506,0.017240034255089104,-0.01528308609511998,-0.014927771747156706,1.0333944861906872,-0.00035531434796327345,3.0698717051409003e-06,2.4838095787129993e-05
2024-02-06,0.011772570459759768,0.011795114673678775,5141782514.2453,0.023872980961454394,0.017542457677871146,-0.014311633794451158,-0.014740437090256702,1.5271946667923397,0.0004288032958055434,0.0002810463504532253,0.00022239290214710224
2024-02-07,0.03451588910400538,0.03493895391876101,5154911271.5263,0.025243560053916928,0.021291345578849725,-0.012257810091483143,-0.013704714122791449,2.3245641289580785,0.0014469040313083055,0.0008713039194112968,0.0006724060393338345
2024-02-08,0.0014437257529904546,0.0015364193659650471,4642887417.7459,-0.005643967727848989,0.018297274489793805,-0.010276824869378663,-0.01387392015505063,0.6083183654643872,0.003597095285671967,-8.148341557742607e-06,2.6770421982850866e-05
2024-02-09,0.03256343289167818,0.032509633957862105,7221137099.9816,0.015293967369137552,0.02048073816121078,-0.00830326450507087,-0.013206895213668522,1.9079103628024523,0.004903630708597652,0.0004980240800724266,0.0006069029028256728
2024-02-10,-0.009392013582923853,-0.009357624891574767,3292566689.2355,-0.0047661526373941904,0.009284914987212595,-0.0075533772036716785,-0.012983882560037492,-0.08724845224492044,0.005430505356365814,4.476377030869458e-05,-0.00017645926103498
2024-02-11,-0.0026103428519738126,-0.0025560023785758945,3827876646.36733,-0.008811469737329842,0.009044801682013657,-0.006701594997168333,-0.012823015228409026,0.19589560111121157,0.006121420231240693,2.300095704422252e-05,-4.9184033067229146e-05
2024-02-12,0.02972955678795075,0.02990169797024045,8120720968.59546,0.06278952257326659,0.03993101344628481,-0.0030205619617523294,-0.011518392694952912,1.6277860624595806,0.008497830733200581,0.0018667046770302446,0.0005731123916015386
2024-02-13,-0.024499320607737185,-0.02428492501096835,8773950694.90412,-0.000598117839470932,0.026486828300975235,-0.002758616973093658,-0.011850057407060325,-1.0989251771092237,0.009091440433966667,1.4653480710405447e-05,-0.00043834207756206456
2024-02-14,0.016326563219468015,0.016145600065733623,7757923313.0378,0.05101009380970275,0.03963156767588855,-0.0014415241548113155,-0.011519063441986398,0.8838790481207952,0.010077539287175082,0.000832819521415106,0.0003091336044295211
2024-02-15,-0.000928444824868202,-0.0008333294753094522,9686287863.61306,0.007569628416929896,0.018262742417938002,-0.0016689700409904516,-0.011397440017788626,0.036903470789731795,0.009728469976798175,-7.0279823298738424e-06,-1.7299988825655602e-05
2024-02-16,-0.024958050169978763,-0.02470196844802286,7688936547.6123705,-0.015691120489649504,0.02538567275728037,-0.003237641227153024,-0.011225639438054925,-1.0566539259374628,0.0079879982109019,0.00039161977240385404,-0.00046173020308664574
2024-02-17,-0.023774000158420794,-0.02368321089824965,4921403820.66918,-0.002676303428395742,0.013645697935534643,-0.0028642697589668616,-0.01135598643781229,-1.0413035188765332,0.008491716678845428,6.362643813066249e-05,-0.0004460036106487104
2024-02-18,0.010507732061331154,0.010904448568345382,5959314932.2057495,0.03518334755218705,0.021523798460511473,-0.00207272509714309,-0.010748927861356583,0.620567436411813,0.008676202764213494,0.0003696971890990729,0.00020343451588928038
2024-02-19,0.008258888725998226,0.008385310645782518,8446450558.4111595,0.019786880190354728,0.017073726233255558,-0.002112424124327571,-0.010302308243793348,0.5121546841558391,0.008189884119465777,0.00016341764172679828,0.00016067658117408648
2024-02-20,-0.00772824566942909,-0.007286408318341708,13548620086.74358,0.03656099820658251,0.02411688176461069,-0.0022153074661535204,-0.009987637204959671,-0.2719181078360717,0.007772329738806151,-0.00028255237606002604,-0.00015079692425637767
2024-02-21,-0.028271002310456872,-0.02827337712753908,11926830767.65694,-0.012791410922319045,0.032942219349564705,-0.0016651469830821458,-0.010528161264394315,-1.3758468038191585,0.008863014281312169,0.000361626007738885,-0.0005583143844518354
2024-02-22,-0.0007565302459937584,-0.00055218952121594,12075046482.4062,0.012302900874953832,0.02094623776943702,-0.0013651650998962542,-0.010571112726677635,0.031537419575965224,0.009205947626781381,-9.307516625365647e-06,-1.5193325385668791e-05
2024-02-23,-0.026025625820837783,-0.025961470688041555,7359220940.318069,-0.011434876447216299,0.018260928729934286,-0.0015737369914678948,-0.011044358058804724,-1.2506735045583561,0.009470621067336829,0.0002975998157227623,-0.0005345779273356473
2024-02-24,0.02399983643168202,0.02433261217238436,4298585233.05027,0.020929568248246776,0.01591491828902281,0.0006085832373426388,-0.010108117795221217,1.1853334204291868,0.010716701032563856,0.0005023062145436483,0.0005039183117873199
2024-02-25,0.03777723202261307,0.0380493952323786,9030291053.95802,0.028638365942984485,0.016598989009271325,0.0028227616574394644,-0.008963786912072887,1.6495979734595982,0.011786548569512351,0.001081878194976625,0.0007985437454506335
2024-02-26,-0.0012929662575199563,-0.0010246624729813858,11945080186.588089,0.021879217203296254,0.032807481301957715,0.002698042140825569,-0.008781937012112622,-0.1881961614342262,0.011479979152938191,-2.8289089584812204e-05,-2.828950054793077e-05
2024-02-27,0.011345018875618562,0.011422480670204349,11048069693.76326,0.007066555257842941,0.01644876374191228,0.0026776825415807497,-0.007554731972487367,0.4088810469320999,0.010232414514068117,8.017020278582977e-05,0.00024763288200315597
2024-02-28,-6.160010522482384e-05,0.00028788811404290016,22006158170.23106,0.04078730437155283,0.03699440127848236,0.0010311354363793115,-0.007905902771557855,-0.05489904713331428,0.008937038207937167,-2.5125022411245715e-06,-1.3906358623009082e-06
2024-02-29,-0.036659049239220476,-0.03636478050153891,16279675952.14628,-0.020229807140256358,0.03749238440220548,-0.0007832824203926376,-0.008140626012951383,-1.6659403324445832,0.007357343592558745,0.0007416054960545918,-0.0008610943713254724
2024-03-01,-0.013531381871959458,-0.013474800999655034,7831386723.627501,0.01893939246750275,0.018681226168060366,-0.0029782735996134774,-0.0078952832020744,-0.5204095879767435,0.004917009602460923,-0.0002562761519006922,-0.0003166827882681442
2024-03-02,-0.034397962723087705,-0.03429167821482737,4749632563.43359,-0.006218161521640773,0.009657046422659257,-0.0041690330824784225,-0.00819568840208761,-1.4140026092371702,0.004026655319609187,0.00021389208822753764,-0.0008056450487762852
2024-03-03,-0.014951125209447969,-0.014664566726326433,6486743244.58064,0.01643842571522649,0.019767924677677396,-0.004756689385215287,-0.008185918793590262,-0.47410389945835407,0.0034292294083749742,-0.0002457729611145605,-0.0003578092250713858
2024-03-04,-0.011382983360112564,-0.010998713883710765,13818014096.46304,0.0434200340450574,0.02164108031851359,-0.006714429392265921,-0.008661124225773342,-0.23311757563079152,0.0019466948335074208,-0.0004942495250304094,-0.00026250271746148244
2024-03-05,-0.03164603173047009,-0.030704926232670737,30468306760.3476,-0.03873726193413343,0.12709897752420926,-0.007054748969538917,-0.008930532769336422,-1.205386272141272,0.0018757837997975058,0.0012258806203191178,-0.0008814062797318207
2024-03-06,-0.000904641801418471,-0.0007453433297869294,18750612857.70527,0.0766170196979401,0.07815203922926187,-0.007875282541962084,-0.008072829513081938,0.3529461208118457,0.0001975469711198545,-6.9310958718859e-05,-2.685550399954367e-05
2024-03-07,-0.0031235190397383983,-0.002845352118854505,10911337953.45516,0.024223741281788926,0.01589366749388884,-0.007979809885527331,-0.00805593682722161,0.2462990741512814,7.612694169427912e-05,-7.566331710736474e-05,-9.237347404052929e-05
2024-03-08,-0.007864141356447307,-0.007713942147616781,14152008425.22743,-0.004913232716584786,0.021664427924890563,-0.007165814227740118,-0.00801868901711509,-0.03612635434425144,0.0008528747893749716,3.863835660034437e-05,-0.00023117685254799562
2024-03-09,-0.01799874959340242,-0.017996522240664947,4132818940.47502,-0.004633390339028572,0.011494161458711757,-0.006890802296072577,-0.007991804642679462,-0.5808990900100405,0.001101002346606885,8.339523248066521e-05,-0.0005272530406493145
2024-03-10,-0.03549379528068208,-0.035322523647599025,7102403722.4269,-0.01460216008000326,0.015038717890050205,-0.009081351217120826,-0.008163048463175662,-1.3436911496077062,-0.0009183027539451643,0.000518286080535384,-0.0010287896860797256
2024-03-11,-0.015402904972412812,-0.015154714678622172,15103305759.78546,0.05043614822836612,0.03824578130685844,-0.010208103297997543,-0.008523514389446433,-0.26933282080262705,-0.00168458890855111,-0.0007768631983360501,-0.00046198318400218974
2024-03-12,-0.020083553472094562,-0.01984668796525113,14508632314.86478,-0.01225585936925948,0.008418695611097827,-0.01079645128860066,-0.008728272466199179,-0.4788060731050177,-0.0020681788224014806,0.0002461412069889939,-0.0005873579335340541
2024-03-13,-0.021235868495965815,-0.02114326104359665,9809630177.9462,-0.009723672780225802,0.024189012520448496,-0.010461444916482038,-0.00921403708791275,-0.5629708404697817,-0.0012474078285692886,0.00020649063645867744,-0.0006122066919370922
2024-03-14,-0.03608625059374815,-0.03593951967480735,14848753489.477709,-0.028516235058247907,0.04144784327857101,-0.01214381255208939,-0.009660076757786948,-1.2101512720909329,-0.0024837357943024423,0.0010290440043021602,-0.0010755566593258802
2024-03-15,-0.013927661832073945,-0.013557361446169036,20014921950.22168,0.005397719080301483,0.024004670910139136,-0.011567719028814922,-0.00970774471396377,-0.12080711896771351,-0.0018599743148511507,-7.517760601497224e-05,-0.0004189256374722758
2024-03-16,-0.028212131057992917,-0.027803836189297493,9957942394.06776,-0.05861542560538652,0.03345961949998104,-0.014054003194989919,-0.01010153533614715,-0.784486805570106,-0.003952467858842769,0.0016536660691991983,-0.0008721537315671161
2024-03-17,-0.005025166717648855,-0.004879200827087149,9814353456.64519,0.020113233002561463,0.044307588699346465,-0.016092212658811916,-0.009688163971511262,0.8005589321364471,-0.006404048687300655,-0.0001010723490687884,-0.00016197919277054714
2024-03-18,-0.021764925220047138,-0.02181468592618674,9962049261.21333,-0.02249284879650489,0.02893237087438886,-0.017067067847503687,-0.009884037267266032,-0.3494136373465676,-0.007183030580237655,0.0004895551720417562,-0.000697545540648512
2024-03-19,-0.03520643823533376,-0.03515556332828684,19521481713.99768,-0.07924322529819734,0.06301784628158498,-0.019283803900406175,-0.010305918384425529,-1.292784408454092,-0.008977885515980647,0.0027898717170296225,-0.0012064064180744155
2024-03-20,-0.006569059916676556,-0.0056927548115555116,23415379367.1745,0.10655515698089414,0.055582391460741905,-0.019593682939046737,-0.010273452531383523,1.0960747169318739,-0.009320230407663214,-0.0006999672106383698,-0.0002309141783875836
2024-03-21,-0.010846976065029046,-0.010630425638750163,12105423292.09032,-0.005094065526341491,0.02444678317024756,-0.018364536597418574,-0.009808214629063292,0.6621858312631566,-0.008556321968355282,5.5255206837915744e-05,-0.00037455221605517104
2024-03-22,-0.03952477247851316,-0.03904685386390139,13035377951.76805,-0.054192053881255156,0.03532124858995515,-0.019602317102492557,-0.010294618402392302,-1.6348914558703282,-0.009307698700100255,0.002141928599799936,-0.001396131458772201
2024-03-23,-0.013029459677464494,-0.012687551328092295,6949919666.04788,0.007727259121489575,0.028561289406101677,-0.018584769338415262,-0.010102393208188456,0.471838847524258,-0.008482376130226807,-0.00010068201114076813,-0.0004719680649489324
2024-03-24,0.020411552637676467,0.020715838589937752,6297063059.58874,0.04329383641679213,0.02751541808274356,-0.016900832298076002,-0.009453038893486542,2.568574243394987,-0.00744779340458946,0.0008836944209083069,0.0007469011199319445
2024-03-25,0.0098287294471322,0.010247775824236305,8954272773.21119,0.03855229197677142,0.04681838330321151,-0.015890750735826253,-0.008541914029948168,1.6460186164092379,-0.007348836705878084,0.00037892004740653175,0.00037143748388798764
2024-03-26,0.0059775029141759806,0.006236431580162183,8786304757.967741,-0.010232621642021161,0.016065102121543433,-0.014099153847985964,-0.00797083993020618,1.2640128838661402,-0.006128313917779784,-6.11655256848417e-05,0.00019429077904772364
2024-03-27,-0.01763321412780061,-0.0175907920155991,10365566873.4783,-0.02825060138968161,0.0245818016263983,-0.014895752530194636,-0.008070853075656012,-0.17541645105769813,-0.006824899454538624,0.0004981489035433973,-0.0005281624748356654
2024-03-28,-0.005441209087066912,-0.005419768722101592,7024952133.98276,0.01824059996353339,0.022459440213617735,-0.015006118722924566,-0.008218299549814116,0.6160545667795319,-0.00678781917311045,-9.925091827513027e-05,-0.00016468016072468538
2024-03-29,-0.027233749346718628,-0.02703413247404396,6112211894.03871,-0.014841797057680177,0.023756219899497298,-0.015928481008175583,-0.008777312154356242,-0.722132881340905,-0.007151168853819341,0.000404197780923728,-0.0008269520029163138
2024-03-30,-0.015681898742901268,-0.015725891340776843,4433539602.80039,0.004708015164031758,0.022019843662360202,-0.015818154777199337,-0.008524408944079591,0.008707441752833453,-0.007293745833119746,-7.383061708238973e-05,-0.00048404052471154183
2024-03-31,0.03892896536214785,0.03872880714031934,5541965437.87304,0.03026887863885932,0.026430158821415122,-0.012274213794207435,-0.007809430036157117,2.6904905957029004,-0.004464783758050318,0.0011783361280832115,0.0012227059871723705
2024-04-01,-0.04944564234241,-0.04945745602613727,9690877424.55129,-0.030315607518885773,0.035395137823130245,-0.013895296526112063,-0.008738607982812391,-1.7183459011691973,-0.005156688543299672,0.0014989746867717013,-0.0015463085480172765
2024-04-02,-0.060923045572760404,-0.06081946431232177,13191687525.92359,-0.0261875786139961,0.02891351732429036,-0.015840034245191387,-0.00961726433331519,-1.9532805977914873,-0.006222769911876197,0.00159542704534073,-0.0019646976869930324
2024-04-03,-0.029368573852153967,-0.029350009922697318,8811379210.6341,-0.0012155745840079664,0.007460845072456988,-0.016227305928819397,-0.00945129927612786,-0.5653767356328636,-0.006776006652691537,3.56996919432393e-05,-0.0009237081047075887
2024-04-04,-0.003471799280581167,-0.003366237950363282,8169659175.37157,0.016137195472388743,0.02058334833150449,-0.014674236818668588,-0.00939440482355141,0.4883852016611567,-0.005279831995117178,-5.60251036316369e-05,-0.00010574654650653935
2024-04-05,-0.026121723906412764,-0.02579999694721591,8604507301.44426,0.0029141786566461783,0.029335248221800267,-0.01525490644125615,-0.009465454153846323,-0.4709995992528375,-0.005789452287409827,-7.61233702828723e-05,-0.000802264816849187
2024-04-06,-0.013244754283522342,-0.013208460058617422,3784631189.1518903,0.005949398456793754,0.00451888935035884,-0.014542174213900408,-0.009329198057182563,0.05670061886557762,-0.005212976156717845,-7.879832069500029e-05,-0.00038852721795853225
2024-04-07,0.010286430430359816,0.010500630317675563,4908725510.13586,0.01938228619461867,0.021439204434488608,-0.013813050540185709,-0.00902750051385272,1.0282420000561634,-0.004785550026332989,0.00019937453852226846,0.0002905448750479354
2024-04-08,0.028195867249486195,0.02805646985094934,10242502690.69892,0.07664964436334483,0.051578692931609986,-0.011433965184493647,-0.008600996963723921,1.580833812018831,-0.0028329682207697254,0.0021612031971891986,0.0008268113283107132
2024-04-09,-0.0376514408548706,-0.0375744336294791,12375679718.68608,-0.05180350353235925,0.03248659087459946,-0.011550393880662067,-0.009385505079829165,-1.036156527745284,-0.002164888800832902,0.0019504765493237044,-0.0010493448582749795
2024-04-10,-0.010530785854288016,-0.010123471932955042,9907338189.7315,0.009214619324836186,0.020188278596097824,-0.011739047496738804,-0.010100531666468742,0.04801184606295288,-0.0016385158302700611,-9.70371828386339e-05,-0.0002757438345110754
2024-04-11,-0.01644659605454457,-0.0161999645153571,7911317508.81466,-0.02092421912222091,0.018418390428691814,-0.012005696067668114,-0.010384505028493108,-0.17632666726234963,-0.0016211910391750062,0.0003441321796599445,-0.0004259253682030868
2024-04-12,-0.07460420645927024,-0.07377253204526901,13037212264.80269,-0.08794764402786265,0.07647230283633438,-0.013676145304847023,-0.012085578668984352,-2.168477780061175,-0.0015905666358626714,0.00656126419266107,-0.002078253299119951
2024-04-13,-0.060982965329089645,-0.059508193060659575,16403790658.86951,-0.0726890703680757,0.06557799726650784,-0.01595964557397203,-0.012904482664955239,-1.5042486204703494,-0.0030551629090167925,0.004432795058060118,-0.0018063003650938862
2024-04-14,-0.020678091902768703,-0.02025610534865696,12011461408.84632,0.060088993240140914,0.05063713078224264,-0.01791629531399323,-0.013191272332428174,-0.09604862893690617,-0.0047250229815650555,-0.001242525724564481,-0.0006352472538807195
2024-04-15,-0.02421524272551767,-0.023841245247242182,12155258304.12795,-0.014176231719358704,0.0419227851190005,-0.019537436846024176,-0.014047538991372116,-0.16668900753050117,-0.00548989785465206,0.0003432808920174537,-0.0007382661628359288
2024-04-16,-0.017556049847244237,-0.01724663629874479,10560043076.80123,0.003610317524862615,0.035159847381839276,-0.020658082215615613,-0.013937328344380166,0.11297960937088118,-0.006720753871235448,-6.33829144308675e-05,-0.0005512061860053032
2024-04-17,-0.013978780605841234,-0.013851497250685907,9975172417.97654,-0.03634801054863125,0.038932413841544236,-0.020484061571712786,-0.014418365547956502,0.23665669090824026,-0.006065696023756284,0.0005081008649181192,-0.0004484434642954559
2024-04-18,-0.0012450626799628273,-0.0010681864241969263,8096360542.18016,0.0127852382044117,0.029943195616972066,-0.020284245076136402,-0.0144233912281961,0.6893752924351982,-0.005860853847940302,-1.591842294274796e-05,-4.038568541859733e-05
2024-04-19,-0.021248881880486792,-0.02067080397179799,12155003896.40264,0.025397464348957326,0.03971144641183303,-0.01999925138726822,-0.014364515541061306,-0.04531986965131112,-0.005634735846206914,-0.0005396677200148687,-0.0007053872578395628
2024-04-20,0.0003464241228452458,0.0005734901939393744,5020261592.09934,0.03216040622953978,0.02439855287116127,-0.019235997917470764,-0.013981651663580893,0.7014081357398073,-0.005254346253889871,1.1141140518415098e-05,1.1539288130322055e-05
2024-04-21,-0.01838445850145176,-0.018328736522540967,4973199800.335381,-0.0061102374633928026,0.009866938537471837,-0.021965208577642177,-0.014440257862990146,0.14587840947328695,-0.007524950714652031,0.00011233340707976086,-0.0005978807596121314
2024-04-22,-0.0035972262431089863,-0.003552628012682968,6532944241.83253,0.0029524637556821126,0.007388679879005333,-0.01978195066815165,-0.014628450164087085,0.6740021172778333,-0.005153500504064566,-1.0620680103767814e-05,-0.00011218794464182494
2024-04-23,0.005509253118864521,0.005879283057226958,5330082646.21801,0.011202839567098095,0.01739661300831555,-0.016618507873312368,-0.014418331135701472,0.9765240402913073,-0.002200176737610896,6.171927882517405e-05,0.0001687975844034223
2024-04-24,-0.03389541258540363,-0.033224986181405014,7955315677.08124,-0.030670091186951343,0.03677910759168254,-0.016834071622514733,-0.014507607489272056,-0.7480379291977491,-0.0023264641332426776,0.0010395753948136675,-0.0010858405982787
2024-04-25,-0.016192116310013938,-0.01585322829344593,7673893769.26812,0.002780901203592938,0.018096316747798446,-0.017439801004868676,-0.014752616791875551,0.05519873404177781,-0.0026871842129931253,-4.50286757352346e-05,-0.0005167973169457323
2024-04-26,-0.002910845711506127,-0.002765511115240926,5531739047.59648,-0.0033267498893357612,0.006990925718677644,-0.0163345210908255,-0.014385715520298858,0.5907032521568026,-0.001948805570526643,9.683655648626483e-06,-8.980711684666233e-05
2024-04-27,0.01154222898897972,0.012116159780488633,6971864379.531361,0.04181204490306033,0.03025891760459004,-0.01515418855403969,-0.014583455320976673,1.1349016054161563,-0.0005707332330630172,0.00048260419676862464,0.00037025509983090434
2024-04-28,-0.0016050182867255458,-0.0013487481837314297,6603964510.25257,-0.013811630027632908,0.021578753273888408,-0.01572044801675804,-0.015208570405251889,0.6132404688287876,-0.0005118776115061521,2.2167918763838473e-05,-5.149692592377255e-05
2024-04-29,-0.03195199470590149,-0.03189205378861826,9429474471.30777,0.011992866133052263,0.015368334919223344,-0.01858463191939555,-0.015695221650464292,-0.6387572954164058,-0.0028894102689312577,-0.00038319599519187115,-0.0009700831292159763
2024-04-30,-0.046963259806739766,-0.04724258785073232,13020897617.75349,-0.053964838315655364,0.061169947711587326,-0.019028051869484558,-0.0166207498835176,-1.3027281366613503,-0.002407301985966958,0.0025343647222468278,-0.001489980703447589
2024-05-01,-0.03186042161227176,-0.03173205636707499,12498907680.096199,-0.010821159775269406,0.05228690319210073,-0.020043748810340926,-0.017125493082042153,-0.5489486796835048,-0.0029182557282987735,0.00034476671277383923,-0.0010595190804209753
2024-05-02,0.026282031920836335,0.026406840195285497,6797323551.4227295,0.01921314682574599,0.026053327393808858,-0.018009052240084693,-0.01612642830172379,1.8622214591614694,-0.0018826239383609028,0.0005049605381739714,0.0008835649152182576
2024-05-03,0.019667262124325458,0.020002341043049654,7151691173.98163,0.030288034182059703,0.035965593538448096,-0.013519934688484897,-0.015599465698608159,1.555252386896038,0.0020795310101232624,0.0005956827074890976,0.0006232496631460774
2024-05-04,0.006452312458950615,0.006681851292918983,4285219356.99816,0.0014454536582821284,0.014413967045399503,-0.010308730984292504,-0.014951048632226599,0.8935901602184518,0.004642317647934095,9.326518648169522e-06,0.00018875155439943432
2024-05-05,-0.013860843642937049,-0.013859595465683272,4910484764.99347,0.015959598266740156,0.01520360394908511,-0.00998410011477671,-0.014933742575615314,-0.20812410968848333,0.004949642460838604,-0.00022121349617937444,-0.0003820881289613524
2024-05-06,-0.025722321342484644,-0.025147882725906734,8247182154.47072,-0.023322187484384565,0.026715291714948255,-0.01005586576320371,-0.015161351115018045,-0.8383409311836604,0.005105485351814336,0.0005999008008830133,-0.0006904344803867089
2024-05-07,-0.03085913117634853,-0.03059509939139593,6751855977.43258,-0.014357831466915308,0.019382848883359255,-0.01068934582649439,-0.015148860630031988,-1.0519579486726034,0.004459514803537599,0.00044307020464544414,-0.0008051318951389053
2024-05-08,-0.02764796210931486,-0.027467786906154035,6577135534.8255005,-0.019255516097869095,0.016062797996163683,-0.011340259231421705,-0.015573357777776376,-0.8354475680463085,0.004233098546354671,0.0005323757794691871,-0.0006912412667019436
2024-05-09,0.025386780036019907,0.025614423650713425,5123060909.63459,0.012550627717963808,0.012981282927770751,-0.010072076244946337,-0.015120813348002434,1.6872187654074162,0.005048737103056098,0.0003186200251899217,0.0006142031030561919
2024-05-10,-0.046544769335930325,-0.04630769095898901,6695556185.59951,-0.04001241238066354,0.04086312772685487,-0.011276642314253172,-0.01573479156989899,-1.576573116698639,0.0044581492556458185,0.0018623685048321072,-0.0011286482248584557
2024-05-11,-0.0035494940399862784,-0.00337309433764188,3252159193.86028,0.00039509464748437744,0.012292188822628175,-0.01146216222676896,-0.015505438307146353,0.35506861868642225,0.004043276080377394,-1.4023860964762774e-06,-8.402420911904117e-05
2024-05-12,0.0058460923687977395,0.006061360271737648,2935939762.59539,0.002842412318794617,0.009384515643107442,-0.010308326471042791,-0.014849249614297467,0.7168763818255488,0.004540923143254676,1.6617004965881896e-05,0.0001382553645787405
2024-05-13,0.002266262014505971,0.0026993833783126586,7308749342.26376,0.020689141141991146,0.022371140735483994,-0.010029112744489699,-0.014568786646251138,0.5426563400447131,0.004539673901761439,4.688701468284722e-05,5.521213274326109e-05
2024-05-14,-0.033283300719081366,-0.0332899430097483,6062587792.47052,-0.020089332359787916,0.009833378199261738,-0.011876377212963312,-0.014778306443822357,-0.93449128941029,0.0029019292308590447,0.0006686392901763937,-0.0007988820630956046
2024-05-15,0.01754530705441959,0.017810619478705325,7490561299.98222,0.04357325210818178,0.031881932238038244,-0.009426819134876493,-0.014162732228736874,1.1633957397980281,0.004735913093860381,0.0007645060875976852,0.0004170394965136381
2024-05-16,-0.027223679271452306,-0.026981178824621033,6049550675.84311,-0.02318308771109286,0.01750566164973277,-0.009952131656849748,-0.014022056493462337,-0.7359566822111546,0.004069924836612589,0.0006311289443687394,-0.0006463218302276794
2024-05-17,0.02774417430116438,0.02758159582814157,7838262652.4321,0.046914545970145875,0.03738417205852777,-0.008492368799103533,-0.013360598777061729,1.4587235985970979,0.004868229977958195,0.0013016053406557163,0.0006988330605849372
2024-05-18,-0.013197372127887408,-0.01300695383410766,4156984937.14991,0.0027780825371117096,0.013880682175517257,-0.009670445042763872,-0.013122269270234656,-0.14438755968637187,0.0034518242274707844,-3.666338904424881e-05,-0.0003221286557355376
2024-05-19,-0.0368133401362426,-0.036618641710980726,4166087445.67779,-0.01862366599261375,0.011128888345303695,-0.01134703179750278,-0.013626843451482176,-1.0167817905259633,0.0022798116539793963,0.0006855993507698642,-0.0008802412987515215
2024-05-20,0.03919990669788609,0.039404164890878945,18048021771.67237,0.17192547691317356,0.11724571652105256,-0.00795884601637004,-0.012659147706753077,1.7553474667321,0.004700301690383038,0.006739462653985972,0.001127476990896461
2024-05-21,-0.0022339467239973487,-0.0021870300764167405,21078487769.903603,0.024956008490269896,0.04224859464335821,-0.005828878726715637,-0.012135774825620754,0.1418169069864644,0.006306896098905117,-5.5750393410888454e-05,-6.224048065622348e-05
2024-05-22,-0.01746160793884477,-0.017331085633600862,13562779469.1395,-0.014790157917698334,0.02806264427269587,-0.005143220932742924,-0.012308672413274218,-0.4967384034823632,0.007165451480531294,0.00025825993891244903,-0.0004663591007100929
2024-05-23,-0.010905218611714451,-0.01036375518811905,29016060909.3369,6.341355149732742e-05,0.039931131984272394,-0.006914042386673914,-0.01230959689814224,-0.16806514241359977,0.005395554511468326,-6.915386420235678e-07,-0.0002984598188663202
2024-05-24,-0.007109405385991252,-0.007208660195203942,11955995521.85735,-0.02009378919426437,0.037404599245542146,-0.00818912179192709,-0.011795067261753004,0.047036569184469,0.0036059454698259136,0.00014285489312267592,-0.00019506115058013414
2024-05-25,0.005927417115441758,0.006031258062507039,4299287507.21736,0.0011389659581523802,0.004718257767518808,-0.008214116808284655,-0.011494164455516397,0.6165012813474843,0.0032800476472317416,6.751126314257939e-06,0.00015989418162782522
2024-05-26,0.016647356095686794,0.016776882416042804,7268692628.89094,0.014232634274738356,0.020902809845997523,-0.00676134539215971,-0.01155391360697655,0.9952025558191607,0.004792568214816839,0.00023693573095124636,0.00045358628104735766
2024-05-27,0.017169722693215483,0.017287403593245543,10831101104.6769,-0.006727675762632096,0.029052049028586567,-0.004718867104745418,-0.011437389904657768,0.9253405161373222,0.00671852279991235,-0.00011551232721426008,0.0004697296174165759
2024-05-28,-0.03719584395304665,-0.036786529486181885,10587010856.16523,-0.0013819404432234652,0.018935613888824577,-0.005020615332207233,-0.012122681124772413,-1.3382921682858682,0.00710206579256518,5.140244107854413e-05,-0.0010168124877067471
2024-05-29,-0.02483413446442173,-0.02472388742117393,8840201337.98247,-0.021958724298527396,0.016521491012686247,-0.004886623539593275,-0.012236981447575922,-0.8340268113406925,0.007350357907982647,0.0005453259118967941,-0.0006794262982036816
2024-05-30,-0.012024382599420957,-0.011861024744185489,8797090035.41715,-0.011616385959848246,0.022889398469294962,-0.006668107474614268,-0.012341476265232335,-0.23367373643388045,0.0056733687906180665,0.00013967986920375718,-0.0003346431451805813
2024-05-31,-0.0025082909614060345,-0.0024645715483960773,8482436640.914209,0.0004224729075697495,0.029098092915591792,-0.004571132313922636,-0.011949008671814676,0.098101621081657,0.00737787635789204,-1.0596849754961297e-06,-6.840144800298783e-05
2024-06-01,0.033344210947331865,0.03342187996794643,3762256419.145,0.00960196888356924,0.005974506559193909,-0.0028142892192884383,-0.011170816454509387,1.5999563648498762,0.00835652723522095,0.00032017007596344934,0.0008992699920989377
2024-06-02,-0.008783357889232457,-0.008721228415046745,5315063128.49873,-0.006590321733065219,0.006686100520281483,-0.0035109297077660665,-0.011928154918817012,-0.2338646553726038,0.008417225211050944,5.788515438669851e-05,-0.00023575237839723538
2024-06-03,-0.017361320980934125,-0.01720745112766875,7289605441.43148,-0.008711924163867136,0.00879478151614452,-0.004445576517072738,-0.011418879976571362,-0.5689849568492825,0.006973303459498624,0.0001512505117704535,-0.000454767817879113
2024-06-04,-0.008379228170473207,-0.008133184723585707,6653247408.53949,0.0099758483405356,0.01305655980189731,-0.0032596683004723495,-0.01058485112891601,-0.2354003043114167,0.007325182828443661,-8.35899094393843e-05,-0.000220774181888302
2024-06-05,0.011700374870821317,0.011867658728871966,7418252620.82999,0.014476365918099943,0.016968930497267453,-0.0035379984044532193,-0.00993296305394815,0.7086039473389053,0.00639496464949493,0.00016937890800895075,0.0002999701340368137
2024-06-06,-0.05034712259262941,-0.050039691449557,5943223056.903399,-0.012565645812214804,0.015478642381798436,-0.004639114753080701,-0.010677015804933042,-1.9620845016712367,0.006037901051852341,0.0006326441101631392,-0.0012859222437151007
2024-06-07,-0.07161455685043039,-0.07069491295297836,9796443077.050749,-0.03441358329771108,0.032383020045729335,-0.009370482903156643,-0.011399124264361892,-2.3678193247660637,0.002028641361205249,0.002464513517500952,-0.0018120614658858984
2024-06-08,-0.026079389100754025,-0.026036488369338806,2926036726.64497,-0.0023681169897538444,0.008963596715539819,-0.009983912282816957,-0.011602848626540173,-0.6066791969598627,0.0016189363437232162,6.175904441189684e-05,-0.0006537797668765489
2024-06-09,0.018973210949360553,0.019075111985258575,2642214956.13551,0.008834187917271766,0.0052195185294177885,-0.007327409850169188,-0.01146496322147667,0.992377219054802,0.004137553371307483,0.00016761291092068936,0.0004702971619201401
2024-06-10,-0.0028198543192875514,-0.0027333285320255696,4227296437.78585,-0.00436959170598568,0.017082789591266207,-0.00932835085098698,-0.011957276262250856,0.267732252949993,0.002628925411263876,1.2321612045646782e-05,-5.644718972284915e-05
2024-06-11,-0.06249899296112493,-0.06242924418808937,11172484428.62634,-0.02779354396155748,0.03262135744592,-0.012198114957516866,-0.01235168185123902,-1.873101817727704,0.0001535668937221544,0.0017370685084180974,-0.001222438315006459
2024-06-12,-0.00543430694330016,-0.005579664389702033,10226727654.51707,0.014137009722493233,0.036169066941980334,-0.011625386338681407,-0.01227078536058842,0.23045402256268513,0.0006453990219070123,-7.682485009244684e-05,-0.00010838914485797026
2024-06-13,-0.03188331792836352,-0.03174748002018346,7883026434.4522295,-0.009801398789689149,0.02000741147178559,-0.01262434344899803,-0.01251581269191888,-0.7074207679707057,-0.00010853075707915015,0.00031250111375433654,-0.0006056746285403377
2024-06-14,-0.012155973059461922,-0.011745260571299432,8724522321.55577,-0.002923454395283955,0.03217679107933285,-0.012864656195353777,-0.011524570891921921,0.026058975331281084,-0.0013400853034318556,3.5537432869637306e-05,-0.00022789600706770065
2024-06-15,0.01569270978685844,0.01596029567024737,5582814974.94714,0.01824912549305099,0.011414349607726724,-0.012399642258619649,-0.01030749668373227,1.017358532015161,-0.002092145574887379,0.0002863782302264091,0.000299205333519975
2024-06-16,0.014029616387407629,0.014230133839837178,4792346124.67986,0.019217641545423002,0.012931297432041534,-0.012524296530442467,-0.009756580679126296,0.9662665775377778,-0.002767715851316171,0.0002696161387529922,0.00026217034942781523
2024-06-17,-0.01806778197973058,-0.017942155164149765,10383899880.01183,-0.020151417521613226,0.024503817551899426,-0.014202272943439898,-0.009659001937129675,-0.14510109779738908,-0.004543271006310223,0.0003640914183630305,-0.00033371807102829793
2024-06-18,-0.034869953248457874,-0.03455418939943078,11343168334.36804,0.01226789455469691,0.01984881383453707,-0.014091516243221384,-0.009933825800641002,-0.782780557286175,-0.004157690442580382,-0.00042778090957929215,-0.0006455762270137714
2024-06-19,0.015849947793301622,0.015964284145828733,8299632826.1935,-0.001504971462173015,0.00913987219785263,-0.012154178992853606,-0.009460353921289529,1.0296481153042554,-0.002693825071564078,-2.3853719105851095e-05,0.000287871820111822
2024-06-20,-0.01122426094833362,-0.010925343642687713,8897629754.84559,-0.011493647087624605,0.032262253589565054,-0.012116077961849447,-0.009618753893803351,0.032789179521426466,-0.0024973240680460952,0.0001290076941595533,-0.00020886830085832466
2024-06-21,-0.027984804208831315,-0.02773903887897955,8759168104.96023,0.005145165997336382,0.017145895877132084,-0.013329245259345888,-0.009725673295840566,-0.5365100929815163,-0.0036035719635053223,-0.00014398646305739495,-0.0005048317065347207
2024-06-22,-0.028000520735642298,-0.02794692479412797,2950982843.3563004,-0.0032058361051563585,0.006762574816923988,-0.016250422958535134,-0.010175624801530845,-0.46480085010228883,-0.006074798157004289,8.976508033750136e-05,-0.0005061660019438719
2024-06-23,-0.06572979611338148,-0.0653455062628413,4887692168.50265,-0.028214499908032323,0.019142769264131863,-0.01896215811206604,-0.0109271380969583,-1.706606689412556,-0.00803502001510774,0.0018545333263959851,-0.0012271881582912826
2024-06-24,-0.04339716259064552,-0.0431041443379484,13901750459.19383,-0.014685786748295446,0.028256245807009556,-0.02020196009348087,-0.011558883118347768,-0.8310096825469225,-0.008643076975133102,0.0006373214752873248,-0.0008504512494083827
2024-06-25,0.010269642721826733,0.010451876887966893,6678808477.4523,0.006706671460405151,0.014982220062113395,-0.019313918622418966,-0.01148332137861821,1.0345592348859558,-0.007830597243800757,6.887511975103281e-05,0.00020219519810071946
2024-06-26,-0.0006124058709024993,-0.0005727109335844638,6063286037.3137,-0.006850303741188421,0.019450864895667302,-0.019900241514882004,-0.010955019684737239,0.687657300144233,-0.008945221830144765,4.195166228569144e-06,-1.2129811368702002e-05
2024-06-27,0.005299130359823545,0.005358154809266935,5901459500.76735,0.019742403160942557,0.016789082198532194,-0.01725041994571758,-0.010613888785216009,0.8154128814345036,-0.0066365311605015714,0.00010461756796602702,0.00010528958414120172
2024-06-28,-0.032708086589517626,-0.0325360658629823,7138480475.034309,-0.023534970320545703,0.01814542624469328,-0.015397730885674114,-0.011086860862644763,-0.6922359599109977,-0.004310870023029351,0.0007697838471261363,-0.0006277087009835398
2024-06-29,-0.011550167499477793,-0.011532998185773025,2493797462.5418,-0.002203266159993189,0.005325311878284513,-0.014705863190375246,-0.011453406838652026,0.12675064917987175,-0.003252456351723221,2.544809319385257e-05,-0.00021966093717771498
2024-06-30,0.017738329789326768,0.01794297215372076,3992984415.0922,0.019515709636756882,0.011600020193110485,-0.01476466705513876,-0.011146369567603577,1.3098294450282248,-0.0036182974875351836,0.0003461760936095361,0.00034273682541057665
2024-07-01,0.0006473165877007858,0.0007688426530567671,5995532614.39528,-0.016377480761398503,0.013180672277037545,-0.014599563678615505,-0.01062892018199084,0.6120914724389909,-0.003970643496624664,-1.0601414961603747e-05,1.238705375681513e-05
2024-07-02,-0.014791985259563045,-0.014584257045415217,4168787637.14763,-0.01025297989707086,0.012760409477888276,-0.012327801407112558,-0.010118265030448353,-0.11016339588656521,-0.002209536376664205,0.00015166192750406838,-0.0002690698511923605
2024-07-03,-0.06454826689169768,-0.06470845726770691,8373143758.36071,-0.019420187099881532,0.02001409515819396,-0.015142751880845774,-0.010637119717423368,-1.974641484086906,-0.0045056321634224065,0.0012535394200098575,-0.0011244928829101796
2024-07-04,-0.04431372898463648,-0.04416300993378375,12216177700.634739,-0.057976346541701355,0.03185831334710633,-0.015734676216858774,-0.011757687350843572,-1.11738666028419,-0.003976988866015201,0.0025691481081683205,-0.0007969952810998444
2024-07-05,-0.04547481938823705,-0.04521775455315513,16931336844.733511,0.0205147915223837,0.030054775733739568,-0.017321287946800445,-0.012791688644693771,-1.0678418571297055,-0.0045295993021066735,-0.0009329064392677354,-0.0008132826736440933
2024-07-06,0.03652899384523112,0.03677537370000317,4806659739.67779,0.028639798786072895,0.015924958674932366,-0.016329083944020793,-0.0123142810036417,1.8871025077240602,-0.004014802940379094,0.0010461830335851143,0.0006611394607345015
2024-07-07,-0.022929661732084217,-0.022924590107388232,5390321656.787,-0.0398998702478425,0.028782147132805,-0.0180890495687585,-0.012458230497120226,-0.1782562314325312,-0.005630819071638276,0.0009148905279370798,-0.00043231206459471577
2024-07-08,-0.01450095909545046,-0.01398627794371865,13619919410.75795,0.047371126475840776,0.05503119884635677,-0.017919200859983258,-0.01228011363605619,0.12582491730936726,-0.005639087223927067,-0.0006869267673315774,-0.00029447851789108205
2024-07-09,-0.0019685437200863687,-0.0018041426426398388,6802252912.17147,0.000675581980803352,0.008637261519404395,-0.01635246707291795,-0.011821532882782189,0.5309910628140664,-0.00453093419013576,-1.3299126657139482e-06,-3.892526820773921e-05
2024-07-10,0.016019649643624678,0.016155534074929756,6683224627.71187,0.006737455129233709,0.01008489909855464,-0.016344386032426373,-0.011128396188291085,1.1942918336100967,-0.0052159898441352884,0.00010793167065996605,0.000317487635719229
2024-07-11,0.005230826483523909,0.0057440014662990535,8152402004.42387,0.00730491833451445,0.019083540164786784,-0.015560810440433157,-0.011448331958965625,0.7563489958030484,-0.004112478481467532,3.821076028415755e-05,0.00010038521017609077
2024-07-12,-0.013163737015680299,-0.012942942109625655,5984893351.43529,0.015814217228294684,0.02154403504983547,-0.014855045335997394,-0.01091847430308864,0.06185202742135558,-0.003936571032908754,-0.00020817419670211184,-0.0002553832817170724
2024-07-13,0.010875886980030502,0.010855097087281607,3309598689.12394,0.017217259540444528,0.009281296148067258,-0.013003787825727262,-0.010689500001183612,0.8613566101997787,-0.0023142878245436503,0.00018725296886772658,0.0002123022562531874
2024-07-14,0.015969872228289494,0.016206873238856723,4379641147.06541,0.022577193908296038,0.01888947320173885,-0.009113327428504833,-0.01052880508277898,0.9795862912067098,0.001415477654274147,0.00036055490198880365,0.00031154653910998024
2024-07-15,0.03792710386454079,0.03810527653090823,9168654594.26661,0.045075099323122016,0.0279467701331826,-0.0052407433115912,-0.009962759974048269,1.6412479568925828,0.004722016662457069,0.001709567973732541,0.0007393379075688608
2024-07-16,-0.016070321836212265,-0.015851177339452183,9753609626.26469,-0.007148717343034533,0.034950570641625836,-0.006495027338164486,-0.0096895380870186,-0.3661284377808268,0.0031945107488541144,0.00011488218841867717,-0.00032855017077996405
2024-07-17,-0.01029924855425568,-0.010110168394280916,7844661419.98232,-0.027058244701195448,0.015392393330444313,-0.006956305561181304,-0.010131515160172177,-0.12793847478171824,0.0031752095989908725,0.0002786795876194836,-0.0002085728536813886
2024-07-18,-0.013127897739633854,-0.01308819359008051,6551974018.48734,-0.001458793719806747,0.023153417917330256,-0.007833783089726895,-0.009907772596175058,-0.20357062721784314,0.002073989506448163,1.9150894776843057e-05,-0.000269835177460138
2024-07-19,0.004221833384860041,0.00447308450114603,8238609685.591371,0.021259867277763207,0.027341615688170475,-0.006075215471899386,-0.010281143086910048,0.4040669929090583,0.004205927615010662,8.975561743095426e-05,8.862576691850787e-05
2024-07-20,-0.0003554613401627327,-0.0002927998052989489,3670139851.53731,0.006348267563256418,0.006676340937362492,-0.005542134226217717,-0.01007730323313664,0.20355577243675083,0.004535169006918922,-2.256563695746732e-06,-7.4848005636545645e-06
2024-07-21,-0.014525601332504467,-0.014216074185221195,6134383804.64903,0.0072212321209623774,0.015704050288553918,-0.0070785118986858705,-0.009723529601331273,-0.29819241870047264,0.0026450177026454023,-0.00010489273891857517,-0.0003086982419056968
2024-07-22,-0.04968487431997215,-0.04946495607068657,6769829515.27811,-0.022262897517156807,0.02733793519526943,-0.009475282894289344,-0.011134399141297277,-1.5138924000389953,0.0016591162470079336,0.001106129265138356,-0.0010893988296757557
2024-07-23,-0.004615513323139475,-0.00443429431210185,13828978662.12502,0.002139598031307308,0.02663555098517052,-0.008990688992554887,-0.011172201785728104,0.16478146418318873,0.0021815127931732164,-9.875343219661872e-06,-0.0001042500805565197
2024-07-24,-0.050282534448310656,-0.04982681879110107,7821933918.61205,-0.0332653223240477,0.021984341078235867,-0.00831136840001265,-0.011693168873179944,-1.6650375268504154,0.0033818004731672943,0.0016726647156930859,-0.0011404435222967693
2024-07-25,-0.03647291829820187,-0.03669850408229125,13341514822.71402,0.0022933510785702383,0.019930957284009846,-0.007937996462563383,-0.012099005376140061,-1.1552422614266726,0.004161008913576679,-8.364520651778545e-05,-0.0008065161403506236
2024-07-26,0.005311892443867983,0.005315035980338445,7320892193.0802,0.011576703860160296,0.007907231694295599,-0.005519581613415523,-0.011901841918523249,0.46512513537000655,0.006382260305107725,6.149420575968279e-05,0.0001118583331858446
2024-07-27,-0.0328499077790434,-0.03267200207417986,7122454624.01377,0.0013462787597722813,0.011017427671071122,-0.008823338833619071,-0.012517355012086505,-1.0969120375019081,0.003694016178467433,-4.422513310340436e-05,-0.0006840797040349131
2024-07-28,-0.0058296477213666265,-0.00574869309722148,3619629949.8849998,0.00960216945083774,0.01025379966127175,-0.008009052452156329,-0.012874132850452432,0.10057338979299134,0.0048650803982961035,-5.597726525925246e-05,-0.00011625541963832357
2024-07-29,-0.00034208888455489195,-0.0002801394131916046,9642865305.32722,-0.009344572324707416,0.02106266811333156,-0.007334820537351778,-0.013152098113591644,0.3225731137398149,0.005817277576239866,3.1966743232016734e-06,-6.26862528977888e-06
2024-07-30,-0.036326180507621486,-0.03600093962382511,6618568157.7503,-0.012507741573856828,0.016533199774448313,-0.008970898479615356,-0.013138293931918229,-1.2140420553223823,0.004167395452302873,0.0004543584781546048,-0.0006793194927165278
2024-07-31,-0.017550917743393568,-0.017278290386764428,7150139867.6455,-0.018834472516865815,0.017878406013070915,-0.010569496926616224,-0.013022687317298734,-0.319496504255556,0.00245319039068251,0.00033056227788371876,-0.00033472527042299673
2024-08-01,-0.02798722160766831,-0.028096019682344542,8965170896.1268,0.007732045770313178,0.0332405360737223,-0.01215130874048252,-0.01327606571425504,-0.7246670538887899,0.0011247569737725203,-0.00021639847845438933,-0.000552630369462338
2024-08-02,-0.048849352004782576,-0.04847531558108764,10491247461.2199,-0.05805527138651069,0.03941440572753019,-0.013850623739963581,-0.014011638111768955,-1.5036107412303867,0.00016101437180537394,0.0028359623876928423,-0.0010061393739659555
2024-08-03,-0.048009332650847725,-0.047790941378806795,7708121561.66818,-0.026805532382539986,0.02539889582703742,-0.01665468181762445,-0.015302964200628948,-1.323430741198526,-0.0013517176169955004,0.0012869157210364328,-0.0010256850705263642
2024-08-04,-0.058836326012833395,-0.05812360149663087,10337564316.12464,-0.08095016900134659,0.04785663152034133,-0.020216881733868396,-0.01609745575814642,-1.5984520242578104,-0.004119425975721975,0.004762810534157188,-0.001338154194534328
2024-08-05,-0.03196302151449515,-0.032095284429960014,31796290079.35264,0.04521865331032542,0.07797563740748896,-0.023544982942393915,-0.016329228782488665,-0.41575581846715715,-0.00721575415990525,-0.0014453247886144288,-0.000803102898100758
2024-08-06,0.004467753440878797,0.004599159832277211,10853835843.08941,-0.012334837125819474,0.04434014543581544,-0.022566979357770533,-0.016125308439451327,1.280991793171148,-0.0064416709183192054,-5.510901101155948e-05,0.00011425440926101748
2024-08-07,-0.01143653181038684,-0.010991966294296662,11948141533.76121,-0.06796247704133317,0.039139878383518095,-0.02262113570330059,-0.01649256092645463,0.5307573537842952,-0.006128574776845957,0.0007772550305958921,-0.0003054006404475004
2024-08-08,0.03316533070982275,0.034037926800431384,12083805705.504791,0.09884380056732771,0.05681854842976734,-0.020416696253326466,-0.015166966429590313,2.2058145663158397,-0.005249729823736152,0.003278187334431189,0.0009388129166018624
2024-08-09,-0.011586536269271308,-0.011401993930285181,8282477599.455111,-0.035915253470857306,0.035833558680785756,-0.02116947576066605,-0.014214140706079851,0.40386690404238756,-0.0069553350545862,0.00041613338696016043,-0.0003326660891399345
2024-08-10,0.005842951080000436,0.005989053468847372,3425329027.8452,0.0028598483619717945,0.01891362283529467,-0.020874313264467807,-0.013707436893686923,1.111534782478073,-0.007166876370780884,1.6709954075220573e-05,0.00017116436275200494
2024-08-11,-0.016209653005500257,-0.01610070508269612,6903526348.81363,-0.03492973526180314,0.027413409146286486,-0.020954506201277128,-0.014265895051700587,0.19756282136541672,-0.006688611149576541,0.0005661988881678155,-0.00048388653761876705
2024-08-12,0.0014006760101477056,0.0019246793110945237,10880965017.29926,0.06881570369086891,0.049373758707922856,-0.018521860947461898,-0.014198902506788916,0.8461866015842398,-0.0043229584406729825,9.6388505281233e-05,4.3282396804777286e-05
2024-08-13,-0.029360417605279743,-0.029208876375799164,8069318726.17169,0.01716605664231087,0.022868950029005155,-0.019700189722801912,-0.013672893374156453,-0.41226521155352036,-0.006027296348645459,-0.0005040025916541334,-0.0009020023742527158
2024-08-14,-0.0059291312370216565,-0.005531801836158756,8350455924.611931,-0.017948210950010486,0.030123632119290762,-0.01758812290321672,-0.013680747728025048,0.5177448731210995,-0.003907375175191673,0.00010641729819236131,-0.00018445112254301585
2024-08-15,-0.03193309295858693,-0.031775772413622394,8394943427.72548,-0.03171013279379347,0.050587682369799936,-0.017371940744187436,-0.013681537807869864,-0.6515175754956986,-0.0036904029363175727,0.0010126026182333428,-0.0010400335053986803
2024-08-16,-0.0024286263132299313,-0.0022615668993014593,6920011178.09664,0.004990204044681921,0.03167018220556584,-0.017740536875477813,-0.013527135478564593,0.6954222041777439,-0.00421340139691322,-1.2119340851300945e-05,-8.184643872866463e-05
2024-08-17,0.013809743697436039,0.014017779779996964,2137408112.92346,0.00718175932189456,0.0046563694391989355,-0.015518648709931174,-0.013557023829190346,1.28865082287776,-0.001961624880740828,9.917825553203591e-05,0.00046121513559040095
2024-08-18,0.0013864057603845126,0.0015662198695840512,4267133650.03774,0.002139669819492067,0.02784366951080525,-0.015175027115562073,-0.013757709712158967,0.7211243911407673,-0.0014173174034031056,2.966450563064692e-06,4.746418136806184e-05
2024-08-19,0.003389035604757229,0.003650182567684901,5523868083.81981,-0.0030955964604260696,0.02104507909627915,-0.014997354520832925,-0.013417125306055986,0.7959251257331074,-0.0015802292147769383,-1.0491086622344402e-05,0.00011602221355708687
2024-08-20,-0.010728189265543864,-0.010601433952631467,6566812933.60973,-0.03419744296870158,0.03296122063962691,-0.013778402556924465,-0.01303392270315259,0.13503323394578678,-0.0007444798537718754,0.0003668766405658728,-0.00037566758309834754
2024-08-21,-0.023668665676154887,-0.02329423191831803,6277878525.37053,0.01505545281096228,0.022368119662715614,-0.014069723887055957,-0.013661202282032851,-0.4232530445671667,-0.0004085216050231065,-0.00035634247918579255,-0.0008338627956463616
2024-08-22,-0.008904932359104945,-0.00883760025376712,4269132808.98035,0.0026044565415410986,0.019169969785243133,-0.013161043446648178,-0.013624387542521285,0.18937243336743934,0.0004633440958731073,-2.3192509334651882e-05,-0.00030776013051488516
2024-08-23,0.022643996087921447,0.022994476847784995,8851748788.1898,0.04705642943355501,0.032366123282295725,-0.009756598299376558,-0.012820755791779178,1.4587095122360467,0.00306415749240262,0.0010655456040049712,0.0007749908572394261
2024-08-24,-0.017842610297974737,-0.017568177139696606,5889986272.50161,0.007554490044198648,0.015147231039531913,-0.008320087711144512,-0.012659519118165407,-0.4639319711417246,0.004339431407020896,-0.0001347918218585664,-0.0006019531016502306
2024-08-25,-0.0006243184868447438,-0.0003338152154817031,3389709159.62444,-0.006881065080091799,0.012059669340194343,-0.0055480873527640985,-0.011626098838379109,0.2898329132611773,0.00607801148561501,4.295976138683117e-06,-1.9998302291022435e-05
2024-08-26,-0.040718884206589645,-0.040373189995998815,5184051187.20895,-0.023518952981307586,0.016601879836395182,-0.005965033195244789,-0.011583586483076636,-1.9569724878632728,0.005618553287831847,0.0009576655231060899,-0.001185312564546258
2024-08-27,-0.06734619675123643,-0.06611128488763274,9846501388.57358,-0.08896862395122379,0.058433409350163876,-0.009384745109155037,-0.012815583935030019,-2.629069304247357,0.0034308388258749815,0.0059916984533058834,-0.002005620934835429
2024-08-28,-0.005589014300779627,-0.005454908489563204,9159321788.05102,0.02020424157884646,0.04103344717324346,-0.009106291894411837,-0.012894577719631243,0.15946966538009666,0.0037882858252194056,-0.00011292179512057921,-0.00016694905566069546
2024-08-29,-0.0064535167306704055,-0.00610010361601887,5495665085.87916,0.0016440823684247233,0.022431404581293064,-0.010992903677292463,-0.013081127673448607,0.22876613328488968,0.002088223996156144,-1.0610113071229178e-05,-0.00018220502314166234
2024-08-30,0.0027141234201757403,0.002775417700753513,6752794214.889111,0.0036343333356053846,0.03548268744140499,-0.01031191988255689,-0.012518870371707442,0.649170816225446,0.0022069504891505526,9.864029222891994e-06,7.658371197885346e-05
2024-08-31,0.012890794310328246,0.012952539523172435,1976386313.99828,-0.004175338235193889,0.010105089676012213,-0.009976308300160327,-0.012130918596948616,1.1206376774693463,0.0021546102967882896,-5.382342636593337e-05,0.0003583290829720761
2024-09-01,-0.034324411408598765,-0.0342718833440776,5659435689.68286,-0.025736767042119094,0.0320510908299474,-0.010838915843165018,-0.012957311314376007,-1.11545272061824,0.002118395471210989,0.0008833993802809613,-0.0009617057166013698
2024-09-02,0.03199666689478753,0.03212280894571218,5708121980.45667,0.03513876653350235,0.031216447504994978,-0.009381963896277408,-0.012459702579342884,1.8053536281700142,0.0030777386830654757,0.0011243234078661824,0.0008688212734657008
2024-09-03,-0.025208358786411034,-0.025229902813205363,5085212466.249249,-0.03674960600246293,0.02836675150335177,-0.009184246809664611,-0.012625041841673804,-0.7041608351295569,0.003440795032009192,0.0009263972533693301,-0.0006910945462447565
2024-09-04,-0.01050096695077496,-0.009739638201902157,8140965676.04585,0.032249351868241835,0.026055296671936876,-0.009401953272224293,-0.011767148191817888,-0.04831786794682003,0.002365194919593595,-0.0003386493781523202,-0.0002858527323813439
2024-09-05,-0.0333742746520882,-0.03323290902454379,6245550694.43367,-0.015533234902700028,0.013182031693212151,-0.00947058097191483,-0.011593506059555217,-1.0475379947856889,0.0021229250876403875,0.0005184104478781133,-0.0008490529424986697
2024-09-06,-0.05242502435854657,-0.051329544850058806,12547525242.00458,-0.07277339747661143,0.052344138540512515,-0.011851361831215622,-0.011703826773369654,-1.6501995840536297,-0.00014753505784596832,0.0038151471353655457,-0.0013853215989995762
2024-09-07,-0.008457003849336342,-0.008399050864330238,4165135636.96698,0.015514432670465235,0.024775219200151227,-0.012911683142966687,-0.012417890228838978,0.18642290844039003,-0.0004937929141277091,-0.000131205616814394,-0.00023157691874252278
2024-09-08,0.006366494158549951,0.006502811007730092,4415720059.77657,0.004855205077137308,0.027698496125625957,-0.012674536076387381,-0.011952871881368595,0.7911138003124351,-0.0007216641950187862,3.091063476215674e-05,0.00017428878118645424
2024-09-09,0.01064718320982383,0.010975353024926582,6805916507.207621,0.023534132165726397,0.027307630217044795,-0.012328909999955638,-0.011553695019380113,0.9431437389739228,-0.0007752149805755251,0.000250572216852697,0.00029465184870404004
2024-09-10,-0.005101660064809499,-0.004895655355271811,5054995341.92923,0.020329816071795438,0.028679135600644917,-0.012060980038015907,-0.01160342702485191,0.2850947047379481,-0.0004575530131639971,-0.00010371581077840111,-0.00014014388202470486
2024-09-11,-0.02487269994572472,-0.024515609995907295,7306678946.31927,-0.003375764725947486,0.009083530252061064,-0.012118315003233519,-0.012252511938968567,-0.5218528441394883,0.0001341969357350481,8.396438311585345e-05,-0.0006675248508106502
2024-09-12,-0.003857144945170088,-0.0037591875247717788,5033942160.06787,-0.002474918924678186,0.02053741251805176,-0.011877944173998525,-0.01239676545370974,0.3273994088096026,0.0005188212797112152,9.546121020028254e-06,-0.00010376787456968368
2024-09-13,0.04397642716105499,0.04427987077687967,5530067659.026831,0.03456720138248471,0.02468742384051338,-0.010862114122896928,-0.011489778720745688,2.079409984144438,0.0006276645978487601,0.001520142013758358,0.0011670075214815436
2024-09-14,-0.0684329747911151,-0.06849022411196415,2596020589.3281803,-0.006195980484650509,0.007699254146572829,-0.013271179098760754,-0.012748649542509904,-1.8890570657786627,-0.0005225295562508499,0.00042400937631232943,-0.0017917429279259752
2024-09-15,-0.06785251859641495,-0.0669944605270748,3940360052.61832,-0.044125084616877655,0.029220298522174743,-0.01647252196112124,-0.014079163682584578,-1.6388682159006955,-0.0023933582785366607,0.002993998124535074,-0.0018319923965831044
2024-09-16,-0.0067710299899160775,-0.006725536898762319,6460692525.60421,0.00765579933796277,0.019630688781748985,-0.014855957474612975,-0.01478865787075056,0.26156093782660766,-6.729960386241476e-05,-5.183764691412557e-05,-0.00018379183340943038
2024-09-17,0.004434069140429209,0.004677351128238749,6111066521.555759,0.0249477090188453,0.03668130937029049,-0.011437849575009849,-0.014463191347311806,0.5529167356114082,0.0030253417723019576,0.0001106198666848694,0.00011576484269719151
2024-09-18,-0.006872528504083042,-0.006588187356923236,6635180765.57796,0.01699755229757634,0.02987554103718419,-0.011498969298976678,-0.014408798965563034,0.16123322460811132,0.0029098296665863565,-0.0001168161626647356,-0.0001757766580611526
2024-09-19,0.01555055169510089,0.015544935139367055,7171076241.07582,0.02538273040202372,0.01662805925713415,-0.010451156516797093,-0.013953585482472008,0.887937762613647,0.003502428965674915,0.0003947154612794788,0.00039343453589158373
2024-09-20,0.013009437301454208,0.01303248328277995,7753088412.44312,0.015901315129358058,0.020923958110588933,-0.009960903474831452,-0.013814099706018131,0.7760469839112292,0.003853196231186679,0.00020686716218604886,0.00032012434087764786
2024-09-21,0.017483851163880404,0.01786762389444352,3860209268.60618,0.026620639911684445,0.01715689594862519,-0.009742186481805158,-0.013530936015477764,0.9138462284008656,0.0037887495336726053,0.0004654313061031452,0.00043609770947911915
2024-09-22,-0.01152902861637084,-0.01133966736845371,5079507048.41662,-0.005288440409718492,0.006284257504354622,-0.008656692063127639,-0.01348337136918993,-0.09815615136025763,0.0048266793060622905,6.097058081961642e-05,-0.00027342122187720046
2024-09-23,0.008593182814842448,0.008653367754550167,8258863620.46054,-0.011099093307394843,0.01850840871629588,-0.009771143685982166,-0.012558322843240492,0.6545102350953905,0.002787179157258325,-9.53765378694382e-05,0.00019859489464689516
2024-09-24,-0.016062603865470204,-0.015977818264797494,7157361925.277241,0.009661910911736788,0.018971400033371257,-0.009335631546889746,-0.012740022693118757,-0.24130974014891865,0.003404391146229011,-0.00015519544755869207,-0.0003640324409177798
2024-09-25,-0.0341120195709691,-0.03375515729943934,5567024562.92928,-0.025500911930119708,0.018633803038106904,-0.010459967385946609,-0.012483347853795875,-0.8328905623670593,0.0020233804678492662,0.0008698876068378028,-0.0007610373575510941
2024-09-26,0.0010113177330088874,0.001048091555011732,6929873789.002729,0.011259951253336802,0.015009399840632164,-0.00882255822475151,-0.011888359980284592,0.35122509185400486,0.0030658017555330822,1.1387388375315155e-05,2.2650447658265442e-05
2024-09-27,0.01020453683088407,0.010332864692514043,6342180731.2717,0.02093011107802803,0.015770516637856145,-0.005840198168111955,-0.011810698958268464,0.6074607844590801,0.005970500790156509,0.00021358208937023173,0.00021077842011741463
2024-09-28,-0.027491477517772478,-0.027451196699414093,3723908596.00055,-0.005735418971744967,0.006038055690430821,-0.006746601676132724,-0.011725644509676862,-0.773185994122126,0.004979042833544138,0.0001576751417167325,-0.0005433173104985587
2024-09-29,-0.02621347704382282,-0.026015008841576703,3694249941.6465697,-0.00644307705529076,0.01485767763400936,-0.008298028876245714,-0.012049197356065055,-0.6641309882766249,0.0037511684798193414,0.00016889545248044587,-0.0005020313459867965
2024-09-30,-0.030212074535023725,-0.0301055659311118,7479243412.386021,-0.010382244371247254,0.013659681140508653,-0.010243707816476549,-0.012523324112421704,-0.7391724290186151,0.0022796162959451555,0.0003136691407849526,-0.0005589761890591953
2024-10-01,-0.041651464961410256,-0.04113474615613233,11757705807.87982,-0.07192757785177172,0.046841335584876506,-0.01198417471631468,-0.012607852437085018,-1.0659540289297826,0.0006236777207703388,0.002995888988652178,-0.000806647871427126
2024-10-02,-0.01274222777793066,-0.012300410792358774,8682380285.25884,-0.05175213958865815,0.038643785521753994,-0.011406533184514964,-0.012531524024934813,-0.04826139414629731,0.0011249908404198494,0.0006594375506339448,-0.00026471017255064915
2024-10-03,-0.007819323056483807,-0.007802287298067534,7492256044.288341,-0.020789403030477764,0.01716507119602814,-0.01159520833267276,-0.012211398651106488,0.13663075585895448,0.0006161903184337281,0.0001625590584467491,-0.00016118485260084822
2024-10-04,0.007345684546908204,0.007400815571755093,6057108558.063829,0.01979790364177172,0.01644047417088572,-0.013339529409536892,-0.011319413943936792,0.8280287283656279,-0.0020201154656000996,0.0001454291548425402,0.0001485366926140566
2024-10-05,-0.03696081886998437,-0.03690491377978289,2659364171.76931,0.006097060347146532,0.012451006047976733,-0.011840855318054476,-0.011144040709319914,-1.125833704163413,-0.0006968146087345615,-0.00022535234313024696,-0.0007557460014761765
2024-10-06,0.01184998388983094,0.012080409720279572,2965206689.83741,0.010714204171683669,0.00947647211341547,-0.008045498056804672,-0.010022035790230003,1.0575641100159532,0.0019765377334253313,0.00012696314682681092,0.00023115808568624808
2024-10-07,-0.004014442513113448,-0.0037198780083487204,8255869954.962151,-0.02954577298434711,0.016149065933731877,-0.007914231986480738,-0.009578407552112833,0.2070886380439074,0.0016641755656320954,0.00011860980715116181,-7.764432182924234e-05
2024-10-08,0.006794975232206513,0.006975270447792337,5503261413.71323,0.0010456970523094623,0.013467341070619686,-0.007801807886872294,-0.00954146752367906,0.7716729710862258,0.0017396596368067655,7.105485570834154e-06,0.00012391194078289173
2024-10-09,-0.04341628372980333,-0.04302140381373476,6518443895.41703,-0.031536614719084664,0.028233978139618685,-0.009541986707144689,-0.010049082633511069,-1.6568404229385556,0.0005070959263663802,0.0013692026125212717,-0.0007883376704783218
2024-10-10,-0.022864566485908955,-0.022676730928074096,6818678392.31371,-0.0038162235619321992,0.018251432415477425,-0.011371278049097539,-0.010938446081062364,-0.5805861280955321,-0.00043283196803517443,8.725629735689106e-05,-0.0004169342990348881
2024-10-11,0.026133772755753126,0.026429063027560318,5679642394.45142,0.011598876116618166,0.015444766702693593,-0.010746309694130924,-0.010339711017173089,1.7742246957448635,-0.0004065986769578346,0.00030312239265383145,0.0004697294582969726
2024-10-12,0.023505730903178534,0.0236410328715424,2752321410.11463,0.01512744040806027,0.009286625397843352,-0.010459553516069107,-0.010059349432678198,1.5997015100285414,-0.00040020408339091,0.000355581543485734,0.00041368357546498765
2024-10-13,-0.028467278960997322,-0.028387170382997318,3182005834.60698,0.0044226206117771606,0.011818421481293044,-0.011266136865813226,-0.010253914924035294,-0.796585983557184,-0.0010122219417779323,-0.00012589997469411707,-0.0005085052001544147
2024-10-14,0.056097108124838924,0.05592015195233291,9413848750.38399,0.04227915737781641,0.039028109822470555,-0.009004045184384822,-0.009385717588881466,2.518687604918917,0.0003816724044966441,0.0023717384628504485,0.001056865295400215
2024-10-15,-0.03130586970914617,-0.030912719741238437,10179198376.76577,-0.0020236327268209056,0.015567466931136809,-0.00972991498646463,-0.00941659778100633,-0.8214393395484176,-0.00031331720545830014,6.335158248501946e-05,-0.0005847257966742221
2024-10-16,0.009829782465040182,0.010108534929360813,5575803606.56706,-0.0022385370469637034,0.013319159239924962,-0.007637448222845141,-0.009166456293672014,0.6724574898088895,0.0015290080708268731,-2.200433221158664e-05,0.00018111132787038847
2024-10-17,-0.0162655393273754,-0.016056138571252987,5391409323.33926,-0.013482544883514865,0.022766919942952837,-0.00846015570191106,-0.008917764966192466,-0.3006558323510783,0.00045760926428140697,0.00021930086403591502,-0.00030569715078573314
2024-10-18,0.010594307326109886,0.010667864280429429,6087636750.2359295,0.01219394905574329,0.019805454391080033,-0.008441595202138401,-0.008711051733821994,0.7328452256053898,0.0002694565316835925,0.00012918644381547186,0.00020114669747263835
2024-10-19,-0.043227686667646203,-0.043175198695643235,2145117994.00858,0.0007935308759808707,0.007566051749326539,-0.009190938494989531,-0.00961640777136298,-1.2715803587319918,0.00042546927637344967,-3.43025040680039e-05,-0.0008238791492564144
2024-10-20,0.031306017382298545,0.0314010538101952,5086837478.2804,0.03985200543124505,0.027755266303066496,-0.006451914950888514,-0.00914149330117387,1.3553244394647854,0.002689578350285355,0.0012476075747500136,0.0006158905627801887
2024-10-21,-0.06117137069145717,-0.061073805707364204,6594015920.8176,-0.02525743033142845,0.01314490939162903,-0.007926167148813916,-0.010166261655082035,-1.7794694314048425,0.002240094506268119,0.0015450316335174638,-0.0012019391159378947
2024-10-22,-0.050911950006846785,-0.050889351140324224,5872949301.92433,-0.008685255007203251,0.006830188438443774,-0.008367142627168037,-0.010804099127166207,-1.3946206984116127,0.00243695649999817,0.00044218326872344765,-0.0009033524669228266
2024-10-23,-0.04656743034636679,-0.04627485215916516,8115624142.39563,-0.03586105973018734,0.02235493700343589,-0.009977866558998329,-0.011167571582248936,-1.1571097983524965,0.0011897050232506073,0.001669957401132398,-0.0007901453320390097
2024-10-24,0.0005104059824032614,0.0006731915767346219,5131500444.50411,-0.003464856859754626,0.008464519463117874,-0.009581212795241802,-0.011018121767304361,0.3183266604125392,0.0014369089720625595,-1.7684836693897392e-06,8.448982732447864e-06
2024-10-25,-0.042177809355304685,-0.041680985778552504,10029812560.47148,-0.032660258660785695,0.03845384944866364,-0.011939474409632892,-0.012047039314022238,-0.938561255607267,0.00010756490438934563,0.0013775381632895576,-0.0007424016318293002
2024-10-26,0.00555388993463346,0.0058154816982771695,3869014206.47847,0.012425592073024934,0.01483934752422111,-0.009914964466555851,-0.011675666294457028,0.4849009701189962,0.0017607018279011764,6.90103707462345e-05,9.838961525050763e-05
2024-10-27,0.020765951964082152,0.020728073336746977,2791987376.97791,0.009413107102709671,0.015060262298269341,-0.009490394558258175,-0.011336138192061362,0.9378179445346663,0.0018457436338031874,0.00019547212992762956,0.0003733995765245781
2024-10-28,0.030820677741359104,0.0312010118783439,7309310195.276071,0.035587952241664,0.03082488929658756,-0.007831579308045197,-0.010200589589712969,1.1561297373212778,0.002369010281667772,0.0010968448075152045,0.0005757359788413257
2024-10-29,-0.008171912537042858,-0.008195162780047616,7913517420.71605,0.012087399518614957,0.014356411200399898,-0.008544288249438023,-0.009261315237106722,0.011194499997650636,0.0007170269876686994,-9.877717166641537e-05,-0.00015299881403975897
2024-10-30,-0.023558240657715057,-0.023276795277994644,9357672371.96901,0.006375190873675856,0.017578209765998044,-0.007598667150767154,-0.009546541052296173,-0.49111401797012666,0.0019478739015290191,-0.0001501882808409245,-0.0004291158195761764
2024-10-31,-0.08937174749717791,-0.08945855999634356,8277842338.14581,-0.05380783023160749,0.03529809882852567,-0.01076567577035139,-0.01086270344541534,-2.1251156435092637,9.702767506395045e-05,0.004808899816830241,-0.0017004628960910356
2024-11-01,-0.02297300056800533,-0.022732103817406535,8699141498.66404,0.0033141732047710488,0.009873620335663778,-0.01310409354767322,-0.011270435572211865,-0.27352253178147085,-0.0018336579754613547,-7.613650291567334e-05,-0.0004310092828685838
2024-11-02,-0.06080856318528727,-0.06060903784874494,3026712910.29806,-0.005187814498612155,0.006164336962590199,-0.01711905993283826,-0.012440266643570843,-1.1972338772868272,-0.004678793289267418,0.0003154635457324066,-0.001131822344233177
2024-11-03,-0.003605596481522033,-0.0034408077082083155,7163438364.52393,0.0033956720526464304,0.007078720771750345,-0.015935170290958485,-0.011952666406633115,0.33771560086764735,-0.00398250388432537,-1.224342320542467e-05,-6.629674277542213e-05
2024-11-04,-0.015136127133416388,-0.014686059854511435,6531967836.16009,-0.031172901780154777,0.01978642493748915,-0.019327229112780165,-0.012700805994382385,0.12864333712992296,-0.0066264231183977805,0.00047183700446192477,-0.0002644418674874392
2024-11-05,0.011958946227092149,0.012159614377836414,6231806758.76281,0.0006981812456338394,0.017494376619682374,-0.0172669997824831,-0.012110848771945825,0.8817098291525414,-0.005156151010537275,8.3495119732993e-06,0.00021003096002557585
2024-11-06,0.02675954796165736,0.02702778411179696,16272107312.50839,0.05412966605716643,0.02802112446829282,-0.01646082047312038,-0.011519412027304042,1.2699577632272643,-0.004941408445816338,0.0014484853950052416,0.0004887031500673145
2024-11-07,-0.01156996478282546,-0.011389638951014303,14756353987.5382,0.014463011718973396,0.028349364439296247,-0.01623722168528467,-0.011173311870649079,0.1370719506156759,-0.00506390981463559,-0.0001673365362421141,-0.00021437511925099045
2024-11-08,-0.006023524037027883,-0.005766370378336605,11332152551.52056,0.020188101227909726,0.010259972094336166,-0.01702854698829123,-0.010436780119513862,0.3276780609308749,-0.006591766868777367,-0.00012160351300826635,-0.0001088694262441662
2024-11-09,-0.0038502299312974664,-0.0033696908875912035,11173770610.26657,0.05303801999296913,0.030914015821056857,-0.01515343000084605,-0.010363656723989435,0.3410190836141802,-0.004789773276856615,-0.00020420857207368318,-7.386993308629458e-05
2024-11-10,-0.027188585644179808,-0.0269436786709355,17861396070.5185,0.015796647097638714,0.025808390002538328,-0.01793888728782121,-0.01089627703831848,-0.2940064345415669,-0.007042610249502729,-0.00042948849250503454,-0.0005191155097974478
2024-11-11,-0.010655956014757773,-0.010319417005398623,20262260007.34664,0.05415084567034402,0.04045613106428388,-0.015533391350835524,-0.011234422105375329,0.16322534707898909,-0.004298969245460195,-0.0005770290296251222,-0.00021731411178881096
2024-11-12,-0.02472334653504149,-0.02422479268188149,22813786244.09084,-0.02876605160411021,0.030063591564698497,-0.014286314995035273,-0.011545877446172663,-0.36163951059787297,-0.00274043754886261,0.0007111930622533029,-0.000531552649716008
2024-11-13,-0.04131701261561593,-0.04110900955969066,19122914369.90351,-0.0067849204970969225,0.06665371725489073,-0.014036295103094756,-0.011806898282202683,-0.9542669486613375,-0.002229396820892073,0.00028033264577450467,-0.0009754737617657336
2024-11-14,-0.03916725428422552,-0.038569084555108546,13169676243.66554,-0.05049324362270565,0.05051576647507363,-0.015925707496743744,-0.012367376208219436,-0.804532709545254,-0.0035583312885243083,0.001977681712605861,-0.0010031491450696562
2024-11-15,-0.015408443047571496,-0.015161447805728923,10790970529.49053,0.002234239831072491,0.0404519093240666,-0.014650975767804069,-0.01330999319565795,-0.026807671103779764,-0.001340982572146118,-3.4426157191696236e-05,-0.00039610607886957457
2024-11-16,-0.03493887166003817,-0.03497596420622162,7933164452.94315,-0.006920794853072615,0.0390884505955331,-0.01657920251040748,-0.012778340765005936,-0.6512961947114196,-0.003800861745401545,0.00024180476315695685,-0.0009385209563388737
2024-11-17,-0.047337657073822204,-0.04710962746935543,9311038693.96001,-0.0012143016336449977,0.023417310001069214,-0.01982223151221245,-0.0124527080424251,-0.9973206841672551,-0.007369523469787349,5.748219431766898e-05,-0.0012904128818632713
2024-11-18,-0.004729042327730304,-0.004072517417633259,12964128792.032211,0.030281198114472677,0.045986076026497014,-0.02151507532502623,-0.012420295539850721,0.6628440333679647,-0.009094779785175509,-0.00014320106761772837,-0.00013232671543775986
2024-11-19,-0.06743788877416867,-0.06752430418827549,9570014970.63267,-0.013274467593200858,0.014393181817878332,-0.02433726466965127,-0.013561120268653862,-1.5957741516174573,-0.010776144400997407,0.0008952020690865861,-0.0018871458778075296
2024-11-20,-0.041070644841114334,-0.04089628852777527,9732361141.30283,-0.008950237308407936,0.02602023490167134,-0.025171188678384568,-0.014103947512098803,-0.5833973344093099,-0.011067241166285765,0.00036759201773731344,-0.0011658094480965736
2024-11-21,-0.004406319657649482,-0.005128645101024953,19501154177.75849,0.08548638981930844,0.049116413680470615,-0.02112521592412131,-0.014420723247856745,0.7187861902313678,-0.006704492676264565,-0.00037668035992230534,-0.00012797486716528843
2024-11-22,-0.05621443950335936,-0.05592476838041904,12761376613.46164,-0.011527720282642534,0.019875132045294418,-0.022708141587709597,-0.015519514943171248,-1.3681350968879302,-0.00718862664453835,0.0006480243344402574,-0.0016594359083974657
2024-11-23,-0.019265565245311755,-0.01923181646266814,13914670591.291239,0.014069475294392,0.03512418882956968,-0.020729903590567905,-0.016102839013158423,0.06398912773304787,-0.0046270645774094815,-0.0002710563942514109,-0.000595282565514913
2024-11-24,-0.049875070484542317,-0.04973212779046199,10467984857.78793,-0.0197327755084672,0.03090835157454887,-0.022933211876426014,-0.01671150634439924,-1.1525850234047856,-0.006221705532026774,0.000984173569340452,-0.0015976745512719939
2024-11-25,-0.01618264885847387,-0.01595660267594501,21540192689.67565,0.015418586790810186,0.03469273203138865,-0.022983046244285894,-0.01710477351381696,0.2911276678507014,-0.005878272730468932,-0.0002495135759295847,-0.000529874197635423
2024-11-26,-0.06376967139361822,-0.06359594704402016,15396679931.86683,-0.03232268891372002,0.026685671969362806,-0.026589170892891152,-0.017862028553946294,-1.579491010185453,-0.008727142338944859,0.002061207250586072,-0.0021159436710650723
2024-11-27,0.0013964007200963913,0.001670176804461354,16658357985.87472,0.08362234603342264,0.03963096992005358,-0.027796939809155957,-0.017298402835040493,1.377053737123737,-0.010498536974115465,0.00011677030421722098,4.7106020403545965e-05
2024-11-28,-0.05931923558272478,-0.05896261301085137,11972541460.78653,-0.0054408643556142,0.025445145611994097,-0.030070714609151165,-0.018256030665448963,-1.3342804243398823,-0.011814683943702203,0.0003227479144843288,-0.0019928646121236283
2024-11-29,-0.016631540714253212,-0.0163891998665443,9140926324.62408,0.00240656573484387,0.020200815840062534,-0.03057585826044761,-0.01868200015029241,0.6498946954461539,-0.011893858110155198,-4.002489600058253e-05,-0.0005666193241222553
2024-11-30,-0.009528562793105877,-0.009376481666451553,10530300461.19052,0.012387068772668765,0.01992530860680538,-0.030846255063390865,-0.01839687451974215,1.008595408511079,-0.012449380543648716,-0.00011803096262289527,-0.0003196422132118262
2024-12-01,-0.03463091065051371,-0.03440776900642317,9116765142.49187,0.00047165171955906393,0.011764446555323172,-0.03120065149226391,-0.01853048457699121,-0.1623098468840806,-0.012670166915272698,-1.6333728558211093e-05,-0.0011385580511683155
2024-12-02,-0.05221506775260676,-0.05210665192528985,16810699964.70914,-0.011338936065554925,0.03651318104055283,-0.03317965681311386,-0.018879738437587768,-0.9038790427868902,-0.014299918375526095,0.0005920633149054267,-0.0017068672901452407
2024-12-03,-0.07676998231277976,-0.0764216208021371,13040702466.413181,-0.006918574179004207,0.01691172995374086,-0.035658068040625206,-0.019437175220942838,-1.7883347817679758,-0.016220892819682368,0.0005311388173518077,-0.002461467659252157
2024-12-04,-0.01336177146583195,-0.013058513516118864,21470452009.98491,0.04686661019186774,0.029223920257033048,-0.034326866081111684,-0.019447009247734924,0.894047668444372,-0.01487985683337676,-0.0006262209347619673,-0.00040460139896012333
2024-12-05,-0.03987345422633937,-0.03900787876320888,23960322079.33845,-0.012977468599561707,0.030644839428314495,-0.034360494649783774,-0.01995580498058977,-0.23501973904849563,-0.014404689669194004,0.0005174565001783802,-0.0011696593176996153
2024-12-06,0.000489557137374419,0.0007170337950552774,18350269886.27917,0.02324042831270222,0.04161726475790816,-0.0336034470219292,-0.020064632399788722,1.400721027159941,-0.013538814622140481,1.1377517556121896e-05,1.4387976225555913e-05
2024-12-07,-0.01098510500989025,-0.0108686718435963,6195507333.44881,0.0024005047828938044,0.00556597005658147,-0.03246279146716026,-0.01965231948137453,0.8649810460072289,-0.012810471985785731,-2.6369797116832238e-05,-0.00030531419433662963
2024-12-08,-0.05786598976267432,-0.057550534630519734,7113810256.06474,0.0037351630868170398,0.00691724331761304,-0.032964140642819884,-0.020758922237763502,-0.9862757269345519,-0.012205218405056381,-0.00021613890894367382,-0.00156283037300201
2024-12-09,-0.08445112745479921,-0.0836448710758878,24835140845.08763,-0.057564012604505506,0.030380367037308103,-0.03676043041077554,-0.022035695014615657,-1.7834910882109047,-0.014724735396159885,0.004861345765272763,-0.0022180771300227067
2024-12-10,-0.03945077522444407,-0.039024628072027556,20720315245.43261,-0.014933142522745885,0.05459770819732821,-0.035427710717931514,-0.022769754545673603,-0.1558351867068344,-0.01265795617225791,0.0005891240490594356,-0.0011116883463340426
2024-12-11,0.01434337934969765,0.014677054016902558,11214285319.67592,0.04407494831729161,0.027197194864432974,-0.032788947661226184,-0.021852934496792636,1.6860650094919747,-0.010936013164433548,0.0006321837035332317,0.0004049877717818588
2024-12-12,0.008636304674004558,0.008835397189234317,15409323839.82955,-0.013629088316958417,0.02605331219641123,-0.0321678703120998,-0.021352920668857498,1.41928881354339,-0.0108149496432423,-0.0001177049591341689,0.00023436278062972287
2024-12-13,-0.015463115713236886,-0.01541894097026364,9833909791.77788,-0.006574001340695012,0.01590653784945783,-0.030227331083998728,-0.022013188739793847,0.5195210387242356,-0.00821414234420488,0.00010165454343014138,-0.0004166992321908466
2024-12-14,-0.06296134892592531,-0.06278270562619437,7351171432.14136,-0.010529593374041106,0.011122151276527928,-0.03230808268783747,-0.023385682070414547,-1.0509931629020042,-0.008922400617422922,0.0006629574024711132,-0.0016247171963151123
2024-12-15,0.017700081518000843,0.017859940328199597,7507505193.116039,0.021817691415501203,0.019006370688584615,-0.029090218306763987,-0.02265286682471616,1.5185621859256966,-0.006437351482047826,0.0003861749165889585,0.0004467187717409729
2024-12-16,0.0010895628818736736,0.0015096089096107157,16710873556.97649,0.010910648866325152,0.03958769045789569,-0.0282677320334141,-0.023526002463493387,0.934976798385234,-0.004741729569920715,1.1887838021904962e-05,2.775261104434488e-05
2024-12-17,-0.06262093175047867,-0.06218830445760859,13360231433.72831,-0.03595514038875225,0.022376585605164864,-0.02821303014564555,-0.024023066940339934,-1.0980679158636808,-0.004189963205305618,0.0022515443923629337,-0.001582188672461464
2024-12-18,-0.05298227011326373,-0.05213951613825141,16816522852.99123,-0.059729228551407026,0.04754075777792256,-0.030802490661519844,-0.025020083647932057,-0.7152243998501517,-0.005782407013587787,0.003164590120767511,-0.0013586131035634658
2024-12-19,-0.06254042894400336,-0.06199095124498466,24823675205.22244,-0.07074234756810036,0.0560522103707618,-0.03095588082158073,-0.025754605705338853,-1.0134094984690376,-0.0052012751162418755,0.004424256761414769,-0.0016948623201031255
2024-12-20,-0.0275461040961249,-0.02670968031569998,26389990584.74834,0.016696372484105538,0.12501208758052176,-0.03147562193500319,-0.02636000906124734,0.12673249702300124,-0.0051156128737558475,-0.00045992001447484667,-0.0008839897366720486
2024-12-21,-0.013222503214820103,-0.012968167340056458,11644433705.20112,-0.037985761445980266,0.03367407263451696,-0.03165152385984672,-0.025883736308027882,0.5966805945870585,-0.0057677875518188405,0.0005022668528368635,-0.0004329838647997937
2024-12-22,-0.03584302940995865,-0.03570474595896489,9842978680.88034,-0.022242262197022973,0.03470627930788033,-0.031709243800772675,-0.026949594193619267,-0.1338102851338826,-0.004759649607153409,0.0007972300580719059,-0.0012128726006213285
2024-12-23,0.01156418432360895,0.011656623796309828,13190179748.46324,0.020992083051621906,0.04006698455030908,-0.028672136559048118,-0.025795061574332503,1.2615249810121942,-0.002877074984715615,0.0002427563177454632,0.0003932710789284893
2024-12-24,-0.011459850987407538,-0.011371151641157873,8973870641.8296,0.027970846163740133,0.02585271979392148,-0.025562130305458963,-0.025168837780373148,0.4684451526190957,-0.00039329252508581505,-0.0003205417290281617,-0.0003946021066671297
2024-12-25,-0.023475821738632385,-0.023219292143574544,5907497938.82275,0.005406899279205674,0.007920245351923122,-0.026043751747020887,-0.02480230431040911,0.08565436086565545,-0.0012414474366117777,-0.00012693140363737233,-0.0007845380318127993
2024-12-26,-0.028363142302062716,-0.028404940145527413,8516052603.49187,-0.03562386245532082,0.019560984964669965,-0.025495641655388666,-0.025260614600638727,-0.09616209635495829,-0.00023502705474993946,0.0010104046801693739,-0.0009328971629576891
2024-12-27,0.010024632613973683,0.01036020501677637,9587300667.28414,-0.013530134550951485,0.043481535328672785,-0.025041590442217272,-0.02443200441065018,1.1571649853409747,-0.0006095860315670915,-0.00013563462809092043,0.00033061191064115067
2024-12-28,0.039157463620094646,0.03953039697811711,3854924407.36522,0.017315641471196474,0.01268146462349778,-0.02265384907888466,-0.0238986143521508,1.8565084298810786,0.0012447652732661407,0.000678036600966978,0.0013046791465124929
2024-12-29,-0.035430793702523444,-0.035389123879691065,4496507392.42402,-0.007706869795180566,0.011163809372014723,-0.021585506409353666,-0.02479062618812867,-0.42656739856163534,0.003205119778775002,0.00027306051380525175,-0.0011876757535176474
2024-12-30,-0.021203996756323673,-0.020921454879210377,9963737593.70885,-0.01265135904222232,0.040237960102700684,-0.01857373828085483,-0.025616414672218868,-0.09041068386886707,0.00704267639136404,0.00026825937609436823,-0.0007207325967950582
2024-12-31,0.007995254047563183,0.008173347947206144,7069312807.884439,-0.0007639660092139261,0.022778106228542157,-0.01631440355361639,-0.025359792980399722,0.8316122795344152,0.009045389426783332,-6.1081023273683345e-06,0.00025964742129640857
2025-01-01,-0.03223802872544579,-0.031932786875601415,4251757543.559,0.0014954498817487765,0.004971648845665334,-0.018532565842908934,-0.02549756739417323,-0.4800742426814232,0.0069650015512642965,-4.8210356245281566e-05,-0.0010128167983478016
2025-01-02,0.015410031480192155,0.015638601058885815,8305215215.90076,0.019533475167167857,0.017736451699428616,-0.018210007423566668,-0.023834364553262592,1.1630427532577985,0.005624357129695924,0.0003010114672436084,0.0004780313977056236
2025-01-03,0.05863745519645058,0.05917659847417012,8794485642.80913,0.03916162218848891,0.03570537653028099,-0.014681408808819645,-0.022538960493509324,2.193329606499808,0.007857551684689679,0.002296337866497844,0.0018742638644006935
2025-01-04,0.00443836352892113,0.004754342627925956,6258393811.64672,0.016213933243997683,0.010094777849524951,-0.011471898691922196,-0.021503294990109192,0.5010383806473563,0.010031396298186996,7.196332997052118e-05,0.0001416489178621563
2025-01-05,-0.04355162915525446,-0.04338845512832479,4607192518.9413395,-0.0004538222222488812,0.007220956256006981,-0.014388646819220067,-0.022137359000803356,-0.9183992636028321,0.00774871218158329,1.976469712579674e-05,-0.0013654943564597982
2025-01-06,0.001525731745611436,0.0016917062371966107,9863288922.11345,0.005929551432762117,0.018101478008342893,-0.014367876873327792,-0.021872885050342596,0.5003510519911529,0.007505008177014804,9.046904858200937e-06,4.6275915570300876e-05
2025-01-07,-0.07666908432800856,-0.07699623252636811,14252747060.47262,-0.08562530082225539,0.05548375365063157,-0.015036836519876836,-0.023279679186137846,-1.8700546052942366,0.00824284266626101,0.0065648134093526,-0.0024462682826404433
2025-01-08,-0.04521639900308838,-0.04486476095067571,13155227894.48453,-0.01015461924895501,0.024545469916355086,-0.014667033133678009,-0.024422154534784603,-0.9384942867202425,0.009755121401106594,0.00045915531568519136,-0.0013931998764922591
2025-01-09,-0.031162131102250856,-0.030443809437304514,11896491217.83481,-0.032213906534710506,0.04117803257856165,-0.013172828474546937,-0.02473314130175961,-0.581734992799038,0.011560312827212673,0.0010038539787503044,-0.0009380902452129114
2025-01-10,0.004531583545387408,0.0045287692638478205,9661186776.60014,0.0038259971777805457,0.029964155585228688,-0.011645319539236828,-0.02456559991156254,0.5223364594027181,0.012920280372325713,1.733782585552898e-05,0.00011590631123885303
2025-01-11,-0.022738156017500954,-0.022516153687888174,3857529545.80479,0.014072422010381298,0.012016197826511069,-0.01209844586317401,-0.0248654082621372,-0.34250963515289684,0.012766962398963189,-0.0003199809272161644,-0.0005581333636600985
2025-01-12,-0.013993272286462966,-0.013745330329430705,4400527896.12045,-0.005974705491246643,0.013147903491053329,-0.011057981238245645,-0.024655958843760744,-0.0959520622918824,0.013597977605515099,8.360568077043975e-05,-0.00032911510907982216
2025-01-13,-0.06489333628939908,-0.0639267594800994,18939529755.40154,-0.03293237542190133,0.060540579742887304,-0.01469881555315079,-0.025516869641770922,-1.5555473963530284,0.010818054088620133,0.002137091713062184,-0.001589527068535374
2025-01-14,0.007102328937227398,0.0071782474220078996,8597317910.413969,0.020813811480657644,0.01699704510594506,-0.01381490222340627,-0.02501170018983015,0.6413648811403763,0.01119679796642388,0.0001478265355730706,0.00017097265083513083
2025-01-15,0.03559675855906508,0.0365445663061188,10893084885.66243,0.0627460149686696,0.05214993014872675,-0.0110019222092302,-0.023790846679120924,1.360727425942029,0.012788924469890724,0.0022335547453832152,0.0009318851994666686
2025-01-16,-0.03540385077909258,-0.03573334252147997,10868089745.35856,-0.01654248824121687,0.0170378890612618,-0.011337194041469717,-0.023731110115547384,-0.6984406876321796,0.012393916074077667,0.0005856677852069358,-0.0009225813979214768
2025-01-17,0.011610777218880042,0.011636522417836082,10352213034.17833,0.032899263838713014,0.019684311868297447,-0.011261663345997985,-0.023302233603381486,0.6628047884480727,0.0120405702573835,0.00038198602309645304,0.0002894054219446102
2025-01-18,-0.041865863231766776,-0.042032520454411304,13548917336.79446,-0.022750099567521387,0.030748467780413857,-0.015119917005610434,-0.023412185850551784,-0.8082829549992129,0.00829226884494135,0.0009524525570029269,-0.0010795497634392616
2025-01-19,-0.03336504587423106,-0.033044350154594504,22763925109.29559,-0.036897748251204204,0.10462660061047956,-0.015021548061406034,-0.02319039837119319,-0.555367990528207,0.008168850309787158,0.001231095063057257,-0.0010088431515617496
2025-01-20,-0.021058028601780965,-0.020888915306129685,21889087510.73756,0.003606642321170162,0.04008794831317213,-0.015014597196904001,-0.023449588629511457,-0.1829784949771097,0.008434991432607456,-7.594877715559496e-05,-0.0006365712500307816
2025-01-21,-0.01208182417851511,-0.011857567151593584,9966801739.68548,0.019575822987440306,0.01957196859848272,-0.01597064854100297,-0.022570920937516954,0.11922780636971222,0.006600272396513986,-0.0002365116514839882,-0.00036338154134273596
2025-01-22,-0.03723542311571715,-0.03690824049227881,6660317063.70819,-0.026926014435243388,0.024118313614417047,-0.01620861970244446,-0.022510044402193192,-0.641857598540542,0.006301424699748731,0.0010026015403161953,-0.001153868328020948
2025-01-23,-0.010479805031592515,-0.009934001107238855,11472361370.01663,0.03409599503877543,0.04709538713175261,-0.01744146906014849,-0.02260644893193832,0.21763388321725335,0.005164979871789828,-0.00035731938036451217,-0.00033940422744784346
2025-01-24,-0.021962043084570282,-0.021631487835917618,9802499198.84368,0.0022451452889242956,0.03073797025863454,-0.02127954040686377,-0.02206276009989405,-0.025446262122141964,0.0007832196930302772,-4.9307977566475374e-05,-0.0007060787830484048
2025-01-25,-0.011770996061969297,-0.011626916656912512,4677740699.24074,-2.7125141843554936e-05,0.014347393518183376,-0.02205141467309665,-0.021943798684285438,0.3913097497155005,-0.00010761598881121187,3.192899378208437e-07,-0.0003808207314203437
2025-01-26,-0.026534016078669564,-0.026007441137319676,5270139297.2236595,-0.03257611090584071,0.03436375031217256,-0.021241052145640225,-0.021573305757208092,-0.20488132456872768,0.0003322536115678669,0.0008643750505561004,-0.0008927363987437371
2025-01-27,-0.04316070696872598,-0.04325349638738152,15403932237.78285,-0.0003520296747077955,0.05824148384057105,-0.02336897779870391,-0.022001528901815268,-0.7699468528010092,-0.0013674488968886435,1.519384963435909e-05,-0.0015346396756243095
2025-01-28,-0.034454813516291205,-0.03410167727477309,8171948114.91113,-0.039993031667611825,0.025366426891540506,-0.02135877442671737,-0.021536213697413254,-0.5739571512504348,0.00017743927069588383,0.001377952448058694,-0.0011756757214486982
2025-01-29,-0.021851174657787076,-0.021800093351114547,8927573088.10282,-0.005303097349600593,0.017933330951374633,-0.02024614469598874,-0.02190522283039553,-0.07244334815504404,0.0016590781344067891,0.00011587890641337028,-0.0007387310766780919
2025-01-30,0.011728822424889485,0.011498570051165835,7974693345.67408,0.014135782744688335,0.01709726097168118,-0.018203718337553482,-0.02077747587789372,1.2981611744666282,0.0025737575403402373,0.00016579608564926636,0.0003830713358920131
2025-01-31,0.02439027188137466,0.024552989373923584,13725006593.75213,0.021431229609414293,0.048929401625429435,-0.017258066512030282,-0.020126335995423433,1.7065784307540102,0.0028682694833931516,0.0005227135169257814,0.0008186299305575816
2025-02-01,-0.03870511421667855,-0.038546939030537075,8499351382.94312,-0.05457377969286486,0.03160272420983915,-0.01801839785484826,-0.020589455859289667,-0.8331710724676635,0.0025710580044414066,0.0021122843762481865,-0.0013351902133035376
2025-02-02,-0.07928143924352782,-0.07836311907655769,19055247283.49321,-0.070153729946253,0.05290541587680222,-0.021127358186137063,-0.02129819440838513,-2.0648867464972027,0.00017083622224806777,0.005561888678440716,-0.002885027413740719
2025-02-03,-0.04723879417437038,-0.045270152525553775,35522362935.68567,0.13096358229901242,0.07654662993457173,-0.02028666570446903,-0.02121920593888931,-0.997032208782457,0.0009325402344202809,-0.006186561708561264,-0.0017550103963232969
2025-02-04,-0.026679393318254974,-0.026489842861641466,18187127049.63802,-0.028665458199638796,0.046478457243352936,-0.021895319145206288,-0.020424117224690504,-0.18178881048575576,-0.0014712019205157835,0.0007647770339561606,-0.0010286444162768771
2025-02-05,0.010241295677809292,0.01042271117761695,11224931437.28863,0.024719972132204046,0.022974932622074527,-0.0231027221395518,-0.020049465365267628,1.3876403219543338,-0.0030532567742841722,0.00025316454375310743,0.00038063290378253785
2025-02-06,-0.022576707361055992,-0.02242401041986397,10141418543.39581,-0.043690309702773156,0.038434044535967285,-0.022491905786311963,-0.019774913827723447,-0.0035536208635440565,-0.002716991958588516,0.0009863833366734148,-0.0008620993334313889
2025-02-07,-0.014038929139218337,-0.014013440288386358,10974565824.994911,-0.03516684412967602,0.03596738729945868,-0.02371332037479284,-0.0200055247210027,0.427001763031488,-0.00370779565379014,0.000493704832786458,-0.0005469669050463646
2025-02-08,-0.028092368825913483,-0.0279728078498499,5096919779.54318,-0.003653536855736395,0.014953659489304988,-0.023057439688799825,-0.020277068591098305,-0.22576770572369226,-0.0027803710977015207,0.00010263650487041507,-0.001073369933494185
2025-02-09,-0.017620309662819023,-0.016767834905945467,6517077908.61138,-0.01926809911248478,0.012956857086515877,-0.02230769034539925,-0.019638248272052985,0.21112471399746122,-0.002669442073346264,0.0003395098729758702,-0.0005963306378906841
2025-02-10,-0.01464346812417161,-0.014232050555766707,7161385120.35718,0.013348139700418158,0.010117424713937184,-0.02200223508456071,-0.018530190187439847,0.3305224884896029,-0.0034720448971208642,-0.00019546305822006288,-0.0004746856058592223
2025-02-11,-0.006407821901447841,-0.006128306344299728,8891252694.05344,-0.029054431211363325,0.0351815362250251,-0.021732044499938458,-0.018005698864852607,0.6833755396907868,-0.003726345635085851,0.00018617562065028365,-0.00021248025832735245
2025-02-12,0.020512223161126997,0.021014664821846774,11338821415.092161,0.056797432327306205,0.03782085189685509,-0.0189821565819935,-0.017907780709115632,1.6511687496758147,-0.0010743758728778662,0.0011650416068767135,0.0006935596085721654
2025-02-13,-0.031213165080845928,-0.03093973175186937,7647282889.61602,-0.025479132332287886,0.028725036440621934,-0.019969459441481756,-0.018540311975065636,-0.4689101922678135,-0.0014291474664161197,0.0007952843636044207,-0.0010280754142182424
2025-02-14,0.019424463861582142,0.019475969997742926,7376575654.51473,0.003949449306398038,0.02035837627669086,-0.01799867339642688,-0.017986540870703432,1.4698022332502325,-1.2132525723448917e-05,7.671593532527934e-05,0.0006301873093919107
2025-02-15,-0.022252996189284113,-0.021867186500709068,3475638111.76326,-0.01162722196502383,0.012391008592489983,-0.018497816259632347,-0.017340376541550396,-0.14763317095435652,-0.0011574397180819512,0.00025874052607963583,-0.0007198801849168423
2025-02-16,-0.02168063085656058,-0.021500639067820626,4018205916.31638,-0.014143863219360954,0.012569600586253853,-0.01826670267762716,-0.017965467214162482,-0.13450615709463176,-0.00030123546346467675,0.00030664787734464936,-0.0006788637557421601
2025-02-17,0.01776125801152295,0.018184570237326225,11283662723.0256,0.02666292642748832,0.03218390874904508,-0.015365656726186732,-0.01770083713273948,1.2804889853159702,0.0023351804065527473,0.0004735671156208739,0.0005341015572227424
2025-02-18,-0.016859768424008492,-0.01664848421821674,9562328030.28426,-0.01493341659621288,0.027362630229006594,-0.014527797436078032,-0.016974469460890745,-0.09143659235125004,0.002446672024812713,0.0002517739455913943,-0.0005085953674616286
2025-02-19,-0.004886334757433497,-0.004729332094341676,6500235666.03633,0.007812135162468205,0.015326129565603325,-0.013719947917013576,-0.01621104191556011,0.3460254267626849,0.0024910939985465334,-3.817270757413677e-05,-0.00014679556526013776
2025-02-20,0.008989274777627676,0.009165771229632913,6466026934.31328,-0.0012232774768160034,0.017791595962691746,-0.013850402566883186,-0.015075649792994536,0.8992381616623725,0.0012252472261113506,-1.0996377368382124e-05,0.0002703535558166762
2025-02-21,-0.018909229708668818,-0.018494642449160437,16395699595.426579,-0.030461274491235073,0.041929926552127204,-0.015912283594980495,-0.014938556548749201,-0.1256602388342566,-0.0009737270462312937,0.0005759992365735779,-0.0005623948289755332
2025-02-22,0.03527684619512783,0.035465713770569396,6842920190.09954,0.03241685487406176,0.0243160331428969,-0.01238933309918019,-0.014168725605734154,1.8542628538794728,0.0017793925065539631,0.0011435644035220568,0.0010369569187157464
2025-02-23,0.03736070846455286,0.03770399922299039,8691240349.6159,0.024007386144464137,0.029759234515143722,-0.006834945113081111,-0.01300676151248794,1.9225605731043631,0.006171816399406829,0.0008969329547392704,0.0010570327574505277
2025-02-24,-0.0633137308369568,-0.06255700172737777,15678064597.92875,-0.0781796471037514,0.05277550290468217,-0.007600418287489987,-0.014195299848369937,-2.2637628164827963,0.00659488156087995,0.004949845133655185,-0.0017196435445861827
2025-02-25,-0.015501634193538116,-0.015143052068141594,19928703161.05617,0.0002485826790767174,0.0655769686360724,-0.007068144043455851,-0.014259455137356136,-0.3471067111016845,0.007191311093900285,-3.853437757896954e-06,-0.000435132825035106
2025-02-26,-0.023761260610836055,-0.02351087095439286,15709746317.006979,-0.06404114440138974,0.06097139515277277,-0.0086873133905342,-0.0142639859131054,-0.6224224108991677,0.005576672522571199,0.0015216983219376058,-0.0007099741435038418
2025-02-27,-0.004333388649864323,-0.004078442183561792,10613578529.53697,-0.010501059264826564,0.022499375474715907,-0.007818583928096503,-0.013882561251959394,0.1450867300081243,0.006063977323862891,4.550517102975202e-05,-0.00012619125709978043
2025-02-28,-0.019130668818030716,-0.019243390942932703,20155770931.98017,0.041155705447521854,0.04989964785587122,-0.008061047722325663,-0.014345343814372162,-0.45907446719442785,0.006284296092046499,-0.0007873361708889632,-0.0005697902997776686
2025-03-01,-0.006310664519061371,-0.0060487303348615296,7675941044.45444,-0.020137831081549176,0.03438095985043276,-0.007023823707713658,-0.015067060134041306,0.03012589945004152,0.008043236426327649,0.00012708309609718365,-0.00019379569937807027
2025-03-02,0.003824089042302692,0.003928634318027813,19298748978.3224,0.12587850173692686,0.10982186424293144,-0.006002661864612624,-0.014443966757139303,0.4154162960916958,0.00844130489252668,0.00048137059915366235,0.00013507392823152153
2025-03-03,-0.030711526943470457,-0.031008859697117974,17763555710.17462,-0.12743631286737683,0.09209738948306534,-0.006767807522674474,-0.014594879934713062,-0.9893199761820756,0.007827072412038588,0.003913763756202974,-0.0012046800782501371
2025-03-04,-0.008954463578363936,-0.008248141005781418,19172619410.64978,0.045700048749471624,0.04895527241668205,-0.006889076173956192,-0.01486392307163254,-0.08532301635802929,0.007974846897676347,-0.0004092194220566,-0.00035711795451994475
2025-03-05,-0.005517609766967024,-0.005512052600856632,10203548846.28264,0.03670741538659365,0.03140815450350749,-0.008128592027674955,-0.014439789437370973,0.11164745210891373,0.006311197409696018,-0.00020253719365718477,-0.0002183659780359774
2025-03-06,-0.008026838010256054,-0.007850959126955992,10285345864.60901,-0.0389570277897248,0.032470569179459015,-0.007024481214789723,-0.014811803238806659,-0.043999491042332875,0.007787322024016935,0.0003127017514291644,-0.00031910333067837124
2025-03-07,-0.010121752712048071,-0.009612397794200533,13304167980.7921,-0.0030271039666453954,0.030811152408182215,-0.008431443908772115,-0.015903219237354257,-0.07695934556705501,0.007471775328582142,3.06395977840445e-05,-0.00040742383633268824
2025-03-08,-0.0012364249077759792,-0.0009834352022353166,5789724228.38603,0.030311704947603355,0.02854215393849047,-0.00743065480012887,-0.015993295244285957,0.2843942386335563,0.008562640444157086,-3.747814699437317e-05,-5.071988455945655e-05
2025-03-09,-0.04599688041831296,-0.04601984373914858,9975230599.77414,-0.07883205192668903,0.04137735091070678,-0.008588571445926603,-0.016032108756397993,-1.6139960428814486,0.00744353731047139,0.003626028465602153,-0.00194995498528101
2025-03-10,-0.018018625515505704,-0.017180175717116497,18408884029.1897,-0.09816281677457833,0.09680951067423255,-0.010292375423404157,-0.0163423366494316,-0.344196668516883,0.0060499612260274446,0.0017687590350083284,-0.0008193179000720123
2025-03-11,-0.00578304126660123,-0.005382912122486649,17227796967.52857,0.039060319070293184,0.03795409113705715,-0.009764912225432383,-0.015217161362742596,0.1776409417847645,0.005452249137310213,-0.00022588743707011646,-0.00026587512354523367
2025-03-12,-0.01132607790904605,-0.011304152462863981,14203682998.01653,0.020815597970192477,0.03758127099011912,-0.010071566661223457,-0.014679219758075257,-0.05603189944796508,0.004607653096851801,-0.00023575908433378083,-0.0005327190649145185
2025-03-13,0.00245979039344979,0.002732736818500392,9948069773.520031,-0.011872836000000442,0.02596148214079284,-0.010382494489041452,-0.014145538464492707,0.579645546952242,0.003763043975451255,-2.9204687935805916e-05,0.00011665254981012123
2025-03-14,-0.012207365707711304,-0.01203291321291855,6671244395.27386,0.011680955263053575,0.01760204461198389,-0.010063358108043475,-0.01441123607168475,-0.0971256920903467,0.004347877963641274,-0.00014259369271151008,-0.000564777508857268
2025-03-15,0.01127245046617431,0.01130903960795715,3622201820.5788,0.008547636882460357,0.007541828260945396,-0.011206424571326975,-0.013871385175118475,1.1157607716700226,0.0026649606037915004,9.635281336037898e-05,0.0005125192552220582
2025-03-16,-0.02945244357145793,-0.029631395216595857,6011743941.36257,-0.021314513937438714,0.030789967119009425,-0.014388003239708442,-0.014116768846308872,-0.8786242926830583,-0.00027123439339957027,0.0006277645189954673,-0.0013405461341482318
2025-03-17,0.02875430819949587,0.028796340168274703,6139548873.01509,0.009020656194119722,0.016435276743423204,-0.010003810904639268,-0.012630298298866095,2.4653112616518795,0.002626487394226827,0.00025938272836740996,0.0012590111167289043
2025-03-18,0.005123315481796453,0.005321193656652623,6137726089.38187,0.015855572825664476,0.020966580742284645,-0.00902167044390905,-0.012661711210857062,0.8839244515068012,0.0036400407669480127,8.123310173047795e-05,0.0002134415528386407
2025-03-19,0.027235076359193755,0.027190574268864065,12803727155.08538,0.05886084763085157,0.051869750107569265,-0.006593273445336202,-0.012794436325140735,1.9377927054470196,0.006201162879804533,0.0016030796797931114,0.0011228317668147308
2025-03-20,-0.005553289311270193,-0.005654146840444185,8041021162.65686,-0.01954329450399381,0.015433672118749282,-0.006651363953022195,-0.012320617889143553,0.06292226628453641,0.0056692539361213575,0.00010852956847603434,-0.00022707928599109895
2025-03-21,-0.019518102121050318,-0.019337251423101387,5564742710.62003,-0.006311441883107849,0.015848993004295573,-0.006669813157927891,-0.012814727085015463,-0.7356449168555004,0.006144913927087572,0.00012318736720557313,-0.0007664659574993501
2025-03-22,0.012400708740381017,0.012515560319637853,3416534601.99354,-0.002744316349948832,0.00994887631626397,-0.005778795383668729,-0.011953352926727404,1.0125032763959991,0.006174557543058674,-3.4031467747181015e-05,0.0004725421460182725
2025-03-23,0.009565151185939147,0.009653724044568657,4319576854.2484,-0.0012610499287367492,0.007246520881282073,-0.005505411472066994,-0.011271921227359623,0.8302806108553307,0.005766509755292629,-1.2062133221384793e-05,0.0003177688558188359
2025-03-24,0.011969943020698315,0.01176780703265723,9631402684.10723,0.032695454852403154,0.029403663749480814,-0.00347296052139229,-0.010747667709542491,0.8790432749157251,0.007274707188150201,0.00039136273161907996,0.0003619244408819888
2025-03-25,-0.009277176466908399,-0.009160098019361462,6691890455.3985,0.011179720480522754,0.010545049692893474,-0.0034883278017991694,-0.010703149491897941,-0.3294166760454457,0.007214821690098771,-0.00010371623974851955,-0.0002635371756551213
2025-03-26,-0.03060221796539242,-0.030401851093111998,7879878138.20578,-0.019420000612571094,0.030315142128761387,-0.004682832954105141,-0.010597860521257866,-1.3977530616999114,0.005915027567152725,0.000594295091633955,-0.0008677258129646638
2025-03-27,0.008683430927162172,0.008864603675930116,6574214809.55443,-0.013735866670562862,0.007766945085771963,-0.0038871058618471298,-0.010293682172706204,0.6704173843425826,0.0064065763108590735,-0.00011927444945854164,0.0002360037946568017
2025-03-28,-0.038504830407114055,-0.03897826047611619,10883235596.210659,-0.05290010817031296,0.050125252710754506,-0.005238680990183605,-0.010556266098460866,-1.6476630336726343,0.005317585108277261,0.002036909693615889,-0.001081922335438797
2025-03-29,-0.0460312349445684,-0.046047793719217966,8107139348.98921,-0.038450689257548576,0.0229472006725082,-0.007371767182411816,-0.011100079414057678,-1.7549744113514778,0.0037283122316458615,0.0017699327109948109,-0.0012811379768321318
2025-03-30,-0.005307601011825702,-0.005006712859810691,7004957696.269,-0.01446605325612877,0.011739092502616663,-0.005434182448769566,-0.010763152190774441,0.00627493860251432,0.005328969742004875,7.678003889935355e-05,-0.00014022990507482275
2025-03-31,0.03100093561021877,0.03120657010606287,9460349315.84653,0.013190550737767873,0.019638204020883655,-0.003099917633258876,-0.009585983260949922,1.590535363338574,0.006486065627691046,0.00040891941408486556,0.0007051397595849724
2025-04-01,0.03302862551623953,0.03308094704889841,8777533006.34936,0.037431545792904995,0.03233094220466068,-0.0012517430245521735,-0.008514817562020863,1.50187237768573,0.00726307453746869,0.0012363125084878302,0.0007424170602862439
2025-04-02,-0.0016901609788473326,-0.0010739366383107907,13280295671.59771,-0.04432379874176821,0.06569820969122481,-0.0007928898373998535,-0.008194801471878963,-0.03951170270834066,0.00740191163447911,7.491435506761913e-05,-4.025437847817203e-05
2025-04-03,-0.0014167001850949879,-0.0009860895609818954,9300377779.3857,-0.003994258420771992,0.022077811313004094,-0.0009774846268543666,-0.008403460560926335,-0.01935127131751192,0.007425975934071968,5.658666644024895e-06,-3.347939290963912e-05
2025-04-04,-0.015752110006735376,-0.015487741182209191,11189347191.90998,0.013214903654498582,0.025670406082340797,-0.0011462819744269416,-0.00904064122581697,-0.6406728760100829,0.007894359251390029,-0.000208162616094071,-0.00037830521312342766
2025-04-05,-0.01333785974137669,-0.013160072347536245,4240858358.66691,-0.0021360434887567332,0.019807186281898086,-0.0023182015081198463,-0.008637986392875672,-0.4841709868911311,0.006319784884755825,2.8490248454518244e-05,-0.0003281143621965273
2025-04-06,-0.03989523848318344,-0.040653835222196455,15611375780.35225,-0.1354228229093039,0.08591167426514831,-0.0028154774562972515,-0.008012808603028934,-1.5788783270961317,0.005197331146731682,0.005402725816032597,-0.0010861506229758754
2025-04-07,-0.005967276555290502,-0.005447671468321147,26972327209.18665,0.006235421126289801,0.07562180204756556,-0.004468886254144221,-0.0073577051487578255,-0.0670547882055667,0.002888818894613604,-3.720848229927222e-05,-0.00017927772418312106
2025-04-08,-0.014379335387703085,-0.014345442015299525,14045598156.5731,-0.07285096075324446,0.05845624106988154,-0.005397583914596581,-0.00716246613398716,-0.402184100706748,0.0017648822193905792,0.0010475483979872967,-0.00045767550839593787
2025-04-09,0.012572835607522315,0.01338501867002262,24474452374.02393,0.16281966849649357,0.11381570026986702,-0.006095785855152363,-0.007125457563674256,0.8693635147871074,0.0010296717085218924,0.0020471049256776935,0.00043726441473073953
2025-04-10,-0.015006159697931176,-0.015126112989453211,15502627233.05013,-0.060452571089270254,0.0668099169185529,-0.006545922540231458,-0.007005290140450052,-0.39238876082318574,0.00045936760021859403,0.0009071609359161267,-0.0005586041739270735
2025-04-11,0.01876234486962769,0.01916679588879089,10065984172.36663,0.014362268878947319,0.007973853059723313,-0.004723044112103934,-0.006484634997452496,1.0664242927698575,0.0017615908853485622,0.00026946984181713064,0.0006913921323400816
2025-04-12,0.022213103810387658,0.022293408513290425,9064527082.06725,0.056307702829675656,0.04342048644542865,-0.004255787204008379,-0.005686135431796922,1.176243681680847,0.001430348227788543,0.0012507688482800443,0.000853957708073513
2025-04-13,0.007101123926002595,0.00731511954373909,10425865231.328201,-0.016569131930584187,0.015078823036723067,-0.004373121835433929,-0.005293731724037849,0.511477127104801,0.0009206098886039198,-0.00011765945918536494,0.00027564317882874267
2025-04-14,-0.008360850699302369,-0.008257412019041621,11461353410.02934,-0.003683857021054952,0.03893418633754199,-0.005341254869719677,-0.0051940076379288136,-0.13645040388155175,-0.00014724723179086307,3.080017855061724e-05,-0.00032833623096257717
2025-04-15,-0.01858148533880366,-0.018380314762863503,8655053492.30134,-0.03048156239856372,0.01821764489742455,-0.005784317196952784,-0.005387240390902715,-0.5737402300426347,-0.0003970768060500684,0.0005663927048127407,-0.0007364963908905642
2025-04-16,0.010796536400740964,0.011060445644877959,11399051627.39225,-0.008488650731988649,0.022687990896321432,-0.0038129479414226227,-0.005541457641067573,0.669361799420858,0.00172850969964495,-9.164802662109187e-05,0.0004240106105342568
2025-04-17,-0.009916950083502685,-0.009722761578957684,7867233863.14387,-0.0007578437183807085,0.013634142839801883,-0.004698680370501902,-0.005203422482379585,-0.24080202054690028,0.0005047421118776832,7.515498326277552e-06,-0.00039223746111664745
2025-04-18,-0.0009047380997782017,-0.0008006472499091366,3807791936.43141,0.002844252400683099,0.009382192561177392,-0.0029081997844382897,-0.005526108227798003,0.09896614354226924,0.002617908443359713,-2.5733035122836155e-06,-3.402908296898936e-05
2025-04-19,0.03089518274469838,0.03085187289979663,4018736527.91098,0.00949646348625254,0.008561365290770725,0.0007549629626696522,-0.004682486339957011,1.5887943004234326,0.005437449302626663,0.0002933949748361277,0.0011408676961470585
2025-04-20,-0.032069570110591084,-0.03195135121124737,4922880313.28205,-0.015373852539399059,0.01979659102715432,-0.0005194165182239374,-0.004847390137640035,-1.5577534108837758,0.004327973619416097,0.0004930328418821469,-0.0011965391335479816
2025-04-21,0.003136210209556234,0.004026166642845608,12051145787.21652,-0.034503998590867994,0.034196362612622766,-0.0018463082039697726,-0.0050795337535442684,0.2628383633703415,0.003233225549574496,-0.00010821179265119411,0.00011918846248548776
2025-04-22,0.0334995079641891,0.034577686268405294,17105891545.17911,0.10650229709370054,0.06090046245520172,-0.0018238852302578882,-0.004280180160080815,1.8591131736618034,0.0024562949298229265,0.0035677745496948553,0.0013186890672369318
2025-04-23,-0.00441426872159667,-0.004244511848223165,14884457486.24906,-2.7863147367317284e-05,0.007882148126553102,-0.001953604646579285,-0.004272687048400866,-0.12945093218926634,0.0023190824018215804,1.229954199087873e-07,-0.00016161205082882525
2025-04-24,-0.018197334960214806,-0.018091386802619014,9233374360.0472,0.00084839234748504,0.009514574281519701,-0.002752682493013562,-0.004704220536303127,-0.7988055551813525,0.0019515380432895651,-1.5438479724868225e-05,-0.0006553412745230569
2025-04-25,-0.010737624139509627,-0.010574717152747937,10683768505.19271,0.013415293029558057,0.01800190343025892,-0.002513897451717098,-0.004574512511395838,-0.42839532709532174,0.0020606150596787403,-0.00014404837427277784,-0.00038277341826244013
2025-04-26,-0.022341941818876054,-0.022121154016674582,7150557099.82798,0.012990607153689167,0.014382433664702378,-0.0029426632649313536,-0.0054890964481260586,-0.9924034878579004,0.002546433183194705,-0.0002902353892195984,-0.0007906712091496566
2025-04-27,-0.020176227678044945,-0.019898485026311974,6545876836.53077,-0.010297538861097244,0.014314426691330796,-0.002003662750400949,-0.006402381148802214,-1.0037720149627534,0.0043987183984012645,0.00020776548858501362,-0.0006452388816954461
2025-04-28,-0.0046309748848871735,-0.0041980448827178,11349439257.29635,0.008915695476754209,0.03768098943135113,-0.0019400293375246,-0.005470908832102697,-0.14873683372602325,0.0035308794945780966,-4.1288361834150914e-05,-0.00013973248590839945
2025-04-29,0.0021788419865782505,0.0022964906385833928,9636124239.94526,-0.0026071285505653977,0.01989510912627978,-0.0011515447006540604,-0.0051902663530532306,0.1862386539583382,0.00403872165239917,-5.680521150378786e-06,6.174229187030003e-05
2025-04-30,-0.009150297711162048,-0.00898082191981453,10019083575.07204,-0.008597903502886022,0.033894764738837464,-0.002185979620591411,-0.004958346307026659,-0.39400147085016207,0.002772366686435248,7.867337674325012e-05,-0.000224470034999793
2025-05-01,0.015928799590409604,0.015905433512297007,9845482567.69241,0.01641427782232335,0.020511433360529657,-0.0007128863211466118,-0.004636724271466755,0.9327103303335496,0.003923837950320143,0.0002614597418530936,0.00035563842813218045
2025-05-02,-0.004615972492212572,-0.004386917387477096,7960281598.84561,-0.0029502065933192548,0.02004160331887425,-0.0018261395288532909,-0.004406332266295039,-0.16138247377445433,0.0025801927374417477,1.3618072481105843e-05,-0.0001057122839936589
2025-05-03,-0.02419170695646955,-0.0240651022029732,5123783033.42071,-0.0008345538485208812,0.008157294790729363,-0.004035892422513158,-0.004690158336730089,-1.1839313085676642,0.0006542659142169307,2.0189282142811036e-05,-0.000513401523207092
2025-05-04,-0.022001993014264865,-0.021678188724656766,5590079217.0753,-0.012843976287479658,0.01414479273948712,-0.005421755133954466,-0.005100096147151796,-0.9608646453053833,-0.0003216589868026698,0.000282593076552511,-0.0004659523540785117
2025-05-05,-0.013407554928731469,-0.01306842685335996,8394316571.89672,0.014153542534921452,0.023203785237436485,-0.005662074382974899,-0.004825429924695622,-0.44685070913882696,-0.0008366444582792766,-0.00018976439897309662,-0.0002738984778080366
2025-05-06,-0.031559729868665176,-0.03129241691654727,9539152683.93454,0.0059198564806671895,0.028140732352086032,-0.006280086027254018,-0.005184243675335324,-1.4017500975065618,-0.0010958423519186944,-0.0001868290713911234,-0.0006596360741031352
2025-05-07,-0.0003258351947194038,-0.00017461240493632513,10500877576.813469,-0.00850450977284862,0.018984939154859083,-0.006809722769894989,-0.005101834555140917,0.3669983796262313,-0.0017078882147540716,2.771068597829203e-06,-6.7528885955178205e-06
2025-05-08,0.03811470171776343,0.036838312280260466,26775043415.66911,0.14930866837340478,0.07313980687312682,-0.004522501255548983,-0.004369429162632671,2.1132669053804416,-0.00015307209291631155,0.005690855358928782,0.0008979237688749066
2025-05-09,-0.0012472503395529744,-0.0014570626217047522,32335300573.60659,0.061458907371835486,0.07459711966628861,-0.004538811362204924,-0.00422856404560894,0.16316638249583876,-0.0003102473165959843,-7.665464308807661e-05,-3.325660218272244e-05
2025-05-10,0.004238863631829348,0.004893449378300163,22823633374.33704,0.09888718210953341,0.05382509843659929,-0.005808159891389164,-0.004141654703710442,0.5398712216784974,-0.001666505187678722,0.000419169279898187,0.00012216129895094513
2025-05-11,-0.041556767309725795,-0.04153507310254645,18805426565.15567,-0.009042021765135962,0.047475227950678656,-0.0062599311865860555,-0.004071176717859852,-1.8214237902877628,-0.002188754468726203,0.0003757571945032313,-0.0012524121442632403
2025-05-12,-0.029034228751948166,-0.028622664060817815,23177645097.88142,-0.009913968022297263,0.029802176286908802,-0.007791856851419598,-0.0042460275628827485,-1.0693759889922827,-0.0035458292885368493,0.0002878444153988779,-0.0008689402998927315
2025-05-13,-0.00787756219655289,-0.007876487814764799,22321674127.76505,0.0998425909925057,0.058101530944966284,-0.009762193525740644,-0.0042792739268502356,0.10786693964244716,-0.005482919598890409,-0.000786516220408455,-0.00023471079924319423
2025-05-14,-0.036155035354463516,-0.0359685976197236,18124941984.93919,-0.01409857171876798,0.012837477654859642,-0.011273658603496209,-0.004673384362491782,-1.3568560391804936,-0.006600274241004426,0.0005097343589394958,-0.0010857653590502915
2025-05-15,-0.027212584368965564,-0.0267546416614447,20701781487.27752,-0.01016113336551009,0.024949026605289228,-0.011702956194389103,-0.005144374438085677,-0.8333491513961875,-0.006558581756303425,0.00027651069899325433,-0.0008372167629017676
2025-05-16,-0.029420253301007615,-0.029007964421568833,14259348442.34683,-0.01747843132814779,0.026118078557269844,-0.012592605202079483,-0.005417594876074508,-0.8854274729546545,-0.0071750103260049755,0.0005142198769783749,-0.0009165079230881358
2025-05-17,-0.03317068157777192,-0.03326722223219014,12632025371.53351,-0.008788753598820188,0.006226645790659785,-0.01310825947631262,-0.006123041416454606,-1.0328079018565313,-0.006985218059858014,0.0002915289470919615,-0.0010204597832588974
2025-05-18,-0.04963480013234367,-0.049172749779570646,19985490224.21014,0.008360913103731759,0.08479135422405708,-0.014511048640803034,-0.006443396282500412,-1.6754478546347324,-0.008067652358302622,-0.000414992250827619,-0.0016935369867973808
2025-05-19,0.0011528482498119885,0.0013973476675717134,21684230990.30493,0.058008699072075634,0.030776776365357625,-0.014235628491531645,-0.006881514694400156,0.7280223944398505,-0.007354113797131489,6.687522719911271e-05,3.895610240231366e-05
2025-05-20,-0.017208030207550018,-0.016916398811210653,17457148458.048378,-0.011424372111629529,0.020472313222771345,-0.015158812881728231,-0.007235980498992957,-0.09849463411554335,-0.007922832382735275,0.00019659094039921291,-0.0005819526197742211
2025-05-21,-0.016568349339518118,-0.016719722907500012,26847255635.16949,0.0025480821712791286,0.029849809001908065,-0.015512053435459472,-0.007931272970401082,-0.05087841109618139,-0.00758078046505839,-4.221751555955044e-05,-0.0005571281216388665
2025-05-22,-0.020040976815917433,-0.020083810175115402,18416807932.67231,0.013272256983338086,0.017757114309095906,-0.017224899930998856,-0.008161236264125642,-0.14454820392428847,-0.009063663666873214,-0.00026598899449797685,-0.0006712703268092613
2025-05-23,-0.026706505186489315,-0.026665692718485512,23651003468.51325,-0.07457822738825111,0.04441092601184362,-0.018276830059297748,-0.00827533790008499,-0.43534764875721715,-0.010001492159212758,0.0019917238165435077,-0.00092552287269556
2025-05-24,-0.030865516210918376,-0.030613976607474114,7010178346.24612,-0.0077625555939409945,0.011903052025171884,-0.018594630499985786,-0.00896210337550244,-0.6286584835838358,-0.009632527124483346,0.00023959528552294087,-0.0010751602546322182
2025-05-25,-0.011423997673128072,-0.011017990440786773,10112388538.50681,0.015109477421744079,0.014713344569656934,-0.01809091643612213,-0.009295264468503508,0.3407875168859327,-0.008795651967618622,-0.0001726106349081855,-0.0003982494452544793
2025-05-26,-0.0023626348703860156,-0.0020165505322595756,9600977643.38416,0.0012105215310953574,0.016199000695490885,-0.017564967861915203,-0.009522765704869925,0.7661709169437738,-0.008042202157045278,-2.8600203807189607e-06,-8.157520615267573e-05
2025-05-27,0.0363940409158916,0.03646906591653476,18256630414.12917,0.04279241131763243,0.031578410556817746,-0.014329074015031548,-0.008797825746412783,2.2275818621583703,-0.005531248268618765,0.0015573887683835775,0.001262542604015479
2025-05-28,0.0034708444462867583,0.0036733637805534958,13632284869.34801,0.013480244166967296,0.02817525779207795,-0.014148279746412206,-0.00825698348590994,0.7693295993618335,-0.005891296260502266,4.6787830601507906e-05,0.00012192573226717015
2025-05-29,-0.011635968614503667,-0.011511571401012,20452187002.00675,-0.0488752495218589,0.030924410826818537,-0.016517359286043972,-0.008579513637364953,0.24963954727153995,-0.00793784564867902,0.0005687108694623855,-0.00038536341707979697
2025-05-30,-0.04347727060174311,-0.04327423142547415,18079390292.1202,-0.0390590771840452,0.022019332767092982,-0.01852831263186255,-0.008658441259501921,-1.2431258317645628,-0.009869871372360629,0.0016981820681851035,-0.0013310387611950847
2025-05-31,-0.008023201125506252,-0.0076021793491652945,8685292710.63833,0.005634980267448897,0.007992103684999712,-0.01911222047744996,-0.008055139135389824,0.5673421188713053,-0.011057081342060137,-4.521058002400151e-05,-0.0002281161777590727
2025-06-01,-0.023286604303018876,-0.023011429747111456,8755165625.15367,0.010198047602353022,0.012465691293992305,-0.01824221271522582,-0.008340520140011938,-0.26700835208884044,-0.009901692575213882,-0.0002374778991793452,-0.0006232646703079119
2025-06-02,0.005206706693732688,0.005713491131343895,13325178539.07842,0.043663827832422994,0.04049035546101008,-0.016611691979717208,-0.008749952345035526,1.125504523463146,-0.007861739634681682,0.00022734474464906844,0.0001420072255528555
2025-06-03,-0.001964095590784365,-0.0016727215790683925,13577160885.2253,-0.003934905953853291,0.015510748563818485,-0.01633009833182347,-0.009305392362607334,0.7344277761547797,-0.007024705969216135,7.728531434114394e-06,-4.9585111152792896e-05
2025-06-04,-0.0029134888775811385,-0.002766216936274546,13890243223.44595,-0.0077043985634325214,0.02424346326463144,-0.014747167547210024,-0.009324810265761839,0.6157503991623365,-0.005422357281448185,2.2446679523012754e-05,-7.513571709921717e-05
2025-06-05,-0.04095052170359681,-0.040487739798837685,21556669894.86718,-0.08387052748584664,0.05332906374597051,-0.015401355039335322,-0.009952331242245996,-1.284777802842647,-0.005449023797089326,0.0034345418561012755,-0.001111411302040297
2025-06-06,-0.0119824961849192,-0.011515709263800855,13390557409.25552,0.008466770931650486,0.01902856423638122,-0.014570985652854921,-0.009892496102217168,0.13183788977753982,-0.004678489550637753,-0.00010145305038708673,-0.0003211638430069319
2025-06-07,0.025405821970612363,0.025579507508544763,6733132072.13929,0.014132042935252966,0.010370380666255072,-0.011781628341027098,-0.00927751702742369,1.7729840283956524,-0.002504111313603407,0.00035903616689408706,0.0006859589755885338
2025-06-08,-0.02802134178537885,-0.027778888597791318,6620003823.64801,-0.0009324604479589756,0.011755467809555477,-0.010752416038790676,-0.009089042476664887,-0.8854571529653612,-0.0016633735621257896,2.6128792913605923e-05,-0.0006591227876152205
2025-06-09,0.028529200271772526,0.029303488994966376,14246910954.41894,0.07097923660072483,0.04666024730256582,-0.009448780228221128,-0.008541479352425791,1.793007300813461,-0.0009073008757953371,0.0020249808561196053,0.0006926469465988976
2025-06-10,0.013242066724332702,0.013260890309122919,24154747930.96526,0.04633096031400356,0.044157014789979736,-0.00799877561241719,-0.008103044398266493,0.9806359020428734,0.00010426878584930341,0.0006135176678804454,0.00033643284006331417
2025-06-11,-0.0166915903306174,-0.016513933785798574,22221851409.53581,-0.007146805468755111,0.04094170428229597,-0.008004644231040964,-0.008567559095697282,-0.4010088620667542,0.0005629148646563182,0.00011929154905707637,-0.00043288896719306124
2025-06-12,-0.029342251882840786,-0.028835932487566995,20158025803.52708,-0.04537378009722807,0.023924221165785298,-0.008447562091370648,-0.00879511611450537,-0.9491814193095272,0.0003475540231347232,0.001331368884489494,-0.0007695952354065127
2025-06-13,-0.027659074531824923,-0.027813734961615322,28202599088.1968,0.025571556129726555,0.024178291588715217,-0.00849292253638663,-0.009531964041512556,-0.8690623677472685,0.0010390415051259264,-0.0007072855768868512,-0.000698800099941498
2025-06-14,-0.02799489984022574,-0.027876722911545415,9006633899.97699,-0.007121785330211043,0.013633910190703395,-0.008356226518734598,-0.010328916480411182,-0.8960600759492544,0.0019726899616765835,0.00019937366700284714,-0.0007095920389551437
2025-06-15,0.0174747864511291,0.01762269967889951,8854576371.88794,0.006805441437200056,0.01210513157306291,-0.006980093941389019,-0.010164255170488539,1.0815615071022742,0.0031841612290995193,0.00011892363582073608,0.0004407663491452838
2025-06-16,-0.0046960661281229,-0.004296360386724207,18500985118.57673,-0.009579936768634723,0.05192293625361922,-0.007091209715566966,-0.010106083986819022,0.10601444007421196,0.0030148742712520563,4.4988016568744664e-05,-0.00012643748996137615
2025-06-17,-0.01269924631978836,-0.012388132417486708,20276853861.58318,-0.0380858404239571,0.029455391964310455,-0.009428985298218392,-0.01001271511350132,-0.1611705343164906,0.0005837298152829278,0.00048366146883998396,-0.0003406323008271497
2025-06-18,-0.011948352970216125,-0.0118792128163282,16787444513.8059,-0.001338518642094128,0.0167040779365317,-0.01016323279424234,-0.010373745103516512,-0.08890739476795298,0.00021051230927417175,1.599309319295503e-05,-0.0003139643159671761
2025-06-19,0.015451724356520868,0.015601142958562741,9226215331.05735,-0.0016572377091571885,0.01836367141177369,-0.00887334265276498,-0.009971067731452645,1.1675143276952487,0.0010977250786876648,-2.5607180275128976e-05,0.0003967795099085972
2025-06-20,-0.04399143239821368,-0.04325449429856276,19117430362.24391,-0.04500940533577521,0.04130805365979851,-0.008897826547835008,-0.010654983513967495,-1.6808993264013508,0.0017571569661324875,0.001980028212112553,-0.0011700474402241035
2025-06-21,-0.04942110649531273,-0.04835397584030332,14926463759.4515,-0.054983587083321815,0.0426501807914375,-0.01086915537496865,-0.011929845247935925,-1.7006624939359474,0.001060689872967275,0.002717349712739149,-0.0013960252190301137
2025-06-22,-0.013474173005563306,-0.013393152769731298,24395034719.55417,-0.01655338010314932,0.04858601238839918,-0.01040189674175648,-0.011634680214522785,-0.13654235023156935,0.0012327834727663047,0.00022304310733668327,-0.00040378817079441906
2025-06-23,0.009866380183227053,0.010830206272163467,23160060525.87008,0.07604409973473089,0.05168964984820219,-0.010180007527971033,-0.011527852119702614,0.8837087622800986,0.0013478445917315812,0.0007502799986740904,0.0003009331386679888
2025-06-24,0.0031263553673206435,0.003594269252098936,16167058360.26545,0.020606519570827556,0.015252398893214485,-0.009937605101394605,-0.01200996565298624,0.5728939840102586,0.0020723605515916357,6.442330306205461e-05,9.531808417930327e-05
2025-06-25,-0.008889372387003158,-0.008660442209614816,12136042753.0774,-0.010522449370517451,0.017275721927951918,-0.010222170982795653,-0.012080999044500629,0.05858806716004807,0.001858828061704976,9.353797087791659e-05,-0.0002680747256820793
2025-06-26,-0.008396845588411805,-0.007925740684460392,13986888156.9707,-0.029950285440807446,0.019453730531092586,-0.008671995929691605,-0.011925435721138676,0.012719749815845687,0.0032534397914470714,0.0002514879221753183,-0.00023967666524791855
2025-06-27,0.0010113334943215868,0.001179831916616525,10621563197.78729,-0.009766115884162973,0.012360341335529445,-0.008053242135442043,-0.011738944330125482,0.41737656920411137,0.0036857021946834385,-9.876800103080093e-06,2.8546021356246992e-05
2025-06-28,0.011161329782856111,0.0113444006364396,3723317923.01957,0.006221052095722917,0.006206785330847396,-0.008731551287239962,-0.011207146368193225,0.9552498311708355,0.0024755950809532638,6.943521403669162e-05,0.0003128281253070965
2025-06-29,0.02364223929918774,0.023971282904375446,7537795437.65051,0.029396566727834732,0.029174783840550264,-0.006271380759403457,-0.010511615146332389,1.3930419822032623,0.004240234386928932,0.000695000665154009,0.0006822522695462378
2025-06-30,-0.019818908166724825,-0.019719111220075636,12818199456.88197,-0.005667602352342798,0.02461151836904017,-0.00857367163742714,-0.010752693452393304,-0.5593520337666236,0.0021790218149661637,0.00011232569054659551,-0.0005511124278250924
2025-07-01,-0.030139605531566582,-0.029793926064381138,10982509466.22594,-0.03302666571507069,0.017241130707762734,-0.010639465554374724,-0.011265684682840048,-0.9760448909144186,0.0006262191284653242,0.000995410676675145,-0.000799474054062938
2025-07-02,0.0208337811997672,0.021169652369915193,16554772337.679241,0.05608639795977432,0.04909280330360585,-0.008852543100546886,-0.010789746922349108,1.409654294274842,0.001937203821802222,0.0011684917433770075,0.0005607171560021185
2025-07-03,0.026069861950162698,0.026204108321070674,13647187156.290361,0.011630318324009918,0.019519752477920007,-0.006213871013261006,-0.010628777678543503,1.4794575994841286,0.004414906665282497,0.0003032007931433862,0.0006961724169130734
2025-07-04,-0.026511099933231197,-0.026897248398244922,12725393707.41595,-0.027463012626723925,0.028888492102721014,-0.0061592055561851145,-0.010976319383956497,-0.9350190084475503,0.004817113827771382,0.0007280746722146681,-0.0007139015979201027
2025-07-05,-0.02245180677977021,-0.022292960460026046,5052102986.64698,-0.0008146963719735639,0.006222234091792176,-0.00589524874378247,-0.010948701920834285,-0.769339870655488,0.005053453177051815,1.8291405527730257e-05,-0.0005966672413342211
2025-07-06,0.020490215215162255,0.020605351748823164,9172986497.633791,0.021787594241954453,0.02162213073470643,-0.00575165689787613,-0.010274222425129093,1.209661501363111,0.004522565527252963,0.00044643249503827667,0.0005538229997857412
2025-07-07,-0.008925929620882789,-0.008942157098072778,11644446527.06696,-0.013666481408725407,0.013607017250910233,-0.005953078968959934,-0.0102030855154807,-0.136979355540645,0.004250006546520767,0.00012198605121938605,-0.00022496992877959587
2025-07-08,0.015670674195110257,0.01573501323225268,11532994545.81018,0.02995881031285277,0.02085345485142672,-0.004602130373012381,-0.00945339656208744,0.9156415681834627,0.004851266189075059,0.00046947475568582495,0.0003885461147781832
2025-07-09,0.036764663763554584,0.0374869599244092,19472870001.08627,0.06619662565208675,0.043504599160070004,-0.00228246290949949,-0.008864658483384679,1.639223774854089,0.006582195573885188,0.002433696684380862,0.0009584801046803344
2025-07-10,0.007745059025530132,0.008725203474201582,24350173415.15155,0.06154116273039785,0.05058225563793058,-0.002649446972880001,-0.009346716303896318,0.440596605296485,0.006697269331016316,0.00047663993784668643,0.00021380163419590741
2025-07-11,-0.02975339886673556,-0.029590369235252267,24321474191.78244,-0.003908575478703761,0.027977965187199402,-0.0019714453761429476,-0.009799194851946835,-1.2333926269271878,0.007827749475803888,0.00011629340521861487,-0.0008024533594946756
2025-07-12,-0.02439010355722937,-0.024101372386067688,9646182328.478691,-0.007794498691908263,0.01837563135908735,-0.0007794928552818355,-0.010253622902566815,-1.1542360623294365,0.009474130047284979,0.0001901086302723314,-0.0006296112543698592
2025-07-13,-0.0001734473002993342,-9.372440476340671e-05,10415925230.63532,0.005604203630050569,0.01136773526961615,-0.00014612496455497967,-0.009596744807179093,-0.0013494006050850374,0.009450619842624113,-9.7203398996e-07,-4.1700045669904565e-06
2025-07-14,0.003771113938514814,0.0039055973032962044,20170004457.45065,-0.007972095397157965,0.014882314820071468,-0.0004363757381127053,-0.009076025081933649,0.20890737718556363,0.008639649343820943,-3.0063680071392192e-05,8.405504046174304e-05
2025-07-15,-0.0042569114018046195,-0.003909101727995967,26257227282.62108,0.06135434216985299,0.0379328090590525,-0.000787959869975813,-0.009018554434397962,-0.1722453407653978,0.008230594564422149,-0.0002611799987330692,-9.948061542074536e-05
2025-07-16,0.01275014235485794,0.013378560926464722,30571821987.93077,0.0788211017029784,0.053418215204391835,0.00024249321296995356,-0.00824228177234524,0.6174296582325524,0.008484774985315195,0.0010049802672797102,0.00031990453281597605
2025-07-17,-0.014540892486892831,-0.014397159489637046,30197089749.63605,0.04308487053700565,0.04033151217126397,-5.0080448862476256e-05,-0.008041143805963134,-0.7092131200434606,0.007991063357100658,-0.0006264924702902958,-0.0003792912053711176
2025-07-18,-0.024366921059716273,-0.024093646768358234,35671704359.384964,-0.014131176648166427,0.014141209304189585,-0.0012585687609595172,-0.007960932183085493,-1.0948850007738369,0.006702363422125976,0.0003443332658667773,-0.0006376641652466355
2025-07-19,-0.015442435200160864,-0.015291633366438684,12293248411.83796,-0.00011972630025223707,0.011418947280639264,-0.002525414712531754,-0.0076795314469329376,-0.6115609722723306,0.005154116734401183,1.8488656334001743e-06,-0.0004079498055057079
2025-07-20,-0.01797040964676111,-0.018113750055563593,26908744578.77599,0.026593480046387195,0.027084363242674502,-0.004506969424243604,-0.007176922074145912,-0.657198631371205,0.002669952649902308,-0.00047789573036654555,-0.00047294360798917016
2025-07-21,-0.0377472877069861,-0.037578928302026804,25225480585.51872,0.001090741839120003,0.02302240100501495,-0.005360701783303665,-0.007794384549650644,-1.5060460124770916,0.0024336827663469793,-4.1172546015309895e-05,-0.0009905732651205729
2025-07-22,-0.042545534288950804,-0.04233868166447685,29306295168.48628,0.004181168390230769,0.029828716454832194,-0.005951460295560056,-0.008196567154117323,-1.635706333637653,0.002245106858557267,-0.0001778900431144404,-0.0011419921580464423
2025-07-23,-0.057128735963092314,-0.05679660272292708,25314488743.70884,-0.027330947770442482,0.025548829604638765,-0.00966396111283908,-0.008840382814808976,-1.9689686557310737,-0.0008235782980301042,0.0015613824987986752,-0.0014693798880294096
2025-07-24,-0.013095349144245816,-0.012927982887363076,28454660354.486507,0.017938250090275838,0.031291054942852094,-0.011528971164953772,-0.008730134756528476,-0.0690758300852221,-0.002798836408425296,-0.00023490764796896114,-0.0003441594250645045
2025-07-25,-0.018657291855127878,-0.018562878442448194,27126573043.76688,0.03550866189121648,0.042417611779615075,-0.011154980304091709,-0.008602369465554484,-0.3337226022659597,-0.0025526108385372243,-0.0006624954682894829,-0.0005023529213276899
2025-07-26,-0.004796812239151849,-0.00441350318684075,12459303545.27103,0.0005322271692534559,0.0049124111544713404,-0.010314266278347977,-0.008188580513621683,0.24667915703687926,-0.002125685764726295,-2.5529937994841196e-06,-0.00012885635270712726
2025-07-27,0.00410250690728553,0.004506173785921774,15482491667.55545,0.025785042409225245,0.0173103679125449,-0.01109463334062782,-0.007942128059964323,0.7065867894463882,-0.0031525052806634975,0.0001057833145884969,0.00010936295348549415
2025-07-28,-0.03246929780415986,-0.0318445014105494,24175996255.181442,-0.021492865222114677,0.019675964499651186,-0.012215746111260063,-0.008420011598595654,-0.9207347401777717,-0.0037957345126644094,0.0006978582415615119,-0.0008749368244407472
2025-07-29,-0.013096291693021178,-0.012824814261631734,24860205422.37114,0.0002875227037446512,0.032195570304117,-0.013585601629742513,-0.009205572433657761,0.023246216922787236,-0.004380029196084751,-3.765481196606065e-06,-0.00035997370701820237
2025-07-30,-0.02091925706617226,-0.020810481338889075,21736673459.65851,-0.0018231210840659825,0.023954882768489213,-0.01633245500258665,-0.009592716902109492,-0.26006434405310047,-0.0067397381004771564,3.813833862033493e-05,-0.000555526579724439
2025-07-31,-0.0246974393892867,-0.024192920146805186,20469554422.85698,-0.04376934810559098,0.022589737886007554,-0.017877335879482686,-0.009800041835042557,-0.4053582889670432,-0.00807729404444013,0.0010809908219464239,-0.0006229379288139397
2025-08-01,-0.044499106018720425,-0.04382586171236258,33128314776.46401,-0.06040019655087775,0.03313957014917749,-0.018579512410529585,-0.009816261444835847,-1.4699007685455987,-0.008763250965693739,0.0026877547498690606,-0.00113332835537394
2025-08-02,-0.03380243113502113,-0.03356573958503395,18754639855.72633,-0.03894664839188891,0.02692154105684037,-0.019027718485662527,-0.010225455571971003,-0.8251191203763308,-0.008802262913691523,0.0013164914002067062,-0.0008746552347893575
2025-08-03,0.023913525967125926,0.02398493913949551,11864698196.98683,0.01528939379727978,0.011174555608470181,-0.017880719758642277,-0.009476247154984579,2.106439520105386,-0.008404472603657698,0.0003656233155928641,0.000618554762640921
2025-08-04,0.007144827321387215,0.0071748573944665495,19236902829.458862,0.04521267889550874,0.029854435170696886,-0.017720066740410257,-0.009445483335497998,1.240890593359552,-0.008274583404912259,0.000323036783445738,0.0001899043069172061
2025-08-05,-0.03757202105158164,-0.03747104092935383,21058063277.99194,-0.01107634809231192,0.03665638231766194,-0.019306500533256783,-0.0100106885015424,-0.9025997024835817,-0.009295812031714383,0.0004161607836989896,-0.0009963532463195244
2025-08-06,-0.015056175308660213,-0.014840542855058092,15227765255.91895,0.027314615388509877,0.02127378895190294,-0.020630610898186217,-0.010203429556003972,0.29494797149609797,-0.010427181342182245,-0.00041125363777803274,-0.00037622073578227986
2025-08-07,0.020460914664399255,0.020434791330278257,22547412157.43496,0.06701557415237504,0.03799467833142841,-0.01896385817669612,-0.009228644851750066,1.8862575904925343,-0.009735213324946054,0.0013711999439174661,0.0005089964500331001
2025-08-08,-0.002054991770819581,-0.001987867855660408,24345087579.6172,0.017868628583998777,0.03153755486763856,-0.017901385353415324,-0.009071065416605628,0.7482504306177301,-0.008830319936809695,-3.6719884695949026e-05,-5.282340350144575e-05
2025-08-09,0.0058167409312872564,0.0057240512958849354,27432612279.33882,0.05050643502121746,0.03215564237222207,-0.016889043632870176,-0.00938200321088063,1.0415347366382255,-0.007507040421989545,0.00029378284788131575,0.00015526268156400421
2025-08-10,-0.04225538331384937,-0.04211000057305214,20053465752.63617,0.0017974282540609717,0.01774996910877905,-0.018045470950350567,-0.009607940377999209,-1.0763005918260349,-0.008437530572351358,-7.59510198544894e-05,-0.001109114605334996
2025-08-11,-0.028850745092187213,-0.028758569643349774,31097460175.200497,-0.020274862409401163,0.04504691429365879,-0.017621826063931572,-0.010518733161554127,-0.5061334493759508,-0.007103092902377445,0.0005849448871528016,-0.0007875294185206227
2025-08-12,0.015185807301353771,0.0158937071528904,37479934448.83552,0.06879584913828385,0.04652091471328172,-0.014872714559631356,-0.010487880136522045,1.3349105981465599,-0.00438483442310931,0.0010447205081469833,0.00042659274056849113
2025-08-13,-0.014921450788526358,-0.014765960086404295,37251303664.178444,0.021926071269761382,0.022249644920451644,-0.012862843837032976,-0.010459782683472982,-0.1012353372517805,-0.0024030611535599943,-0.0003271687934374661,-0.00041682233844754474
2025-08-14,-0.0379668727332253,-0.03798796153523831,48290670951.46872,-0.04927972241731516,0.02937674793712774,-0.014047202103174857,-0.010596681427129878,-1.135763501887814,-0.003450520676044979,0.0018709969493468745,-0.0010571222792716847
2025-08-15,-0.02371043693818442,-0.023517339103083512,33482732351.53149,-0.04311020923703384,0.04801425203897659,-0.014287828059510883,-0.010534004639929236,-0.4456306014804803,-0.003753823419581647,0.0010221618975066265,-0.0006664953312907521
2025-08-16,-0.04611766749448476,-0.046031036112700985,14093829789.0426,-0.0024290531071379387,0.015818235448598738,-0.016255487833574354,-0.010821667618568268,-1.3501729002033234,-0.0054338202150060865,0.00011202226352143252,-0.0013203078649306167
2025-08-17,-0.021058751981344437,-0.02099483283104686,18646228010.40326,0.004535328009521557,0.029806918565689473,-0.01745364301874721,-0.011433311085750388,-0.1666286342854042,-0.0060203319329968225,-9.550834770655901e-05,-0.0006154248801284271
2025-08-18,-0.019792310319724393,-0.01975671299961701,35575776951.64949,-0.0015526945841247215,0.024504465604209064,-0.016849976948059807,-0.011672934009426601,-0.13767931632018282,-0.005177042938633206,3.0731413040751904e-05,-0.0005829649724120011
2025-08-19,-0.04225568871918661,-0.04157150744840554,32204790715.55084,-0.03461534763421063,0.03852796902645584,-0.018238519663591496,-0.01214208388878213,-1.0891499705926215,-0.006096435774809367,0.0014626953545376373,-0.0012573457881527945
2025-08-20,-0.002236593054758762,-0.0022127715778688106,32383014019.12521,0.04615205055996269,0.02782552779253115,-0.017348868996381328,-0.011987928969489156,0.6772840550678619,-0.005360940026892172,-0.00010322335574528779,-6.696353707325554e-05
2025-08-21,-0.033758866271656585,-0.03362146090344742,21078545366.69103,-0.016388400871104564,0.012699063373990451,-0.01778036551458942,-0.012769049455650702,-0.7086236626843908,-0.005011316058938717,0.0005532538334139192,-0.0009948396630716273
2025-08-22,-0.004317723493919456,-0.004400409572075326,54750305193.79994,0.12167591622641853,0.09121402335400601,-0.015866966346741753,-0.012139308044471428,0.5282696048793927,-0.003727658302270325,-0.0005253629621349829,-0.00013917939578735739
2025-08-23,-0.025454015637861538,-0.0254547411126258,18933270794.15555,0.01748194015251196,0.011538903376227915,-0.015469422751638914,-0.011758878030861092,-0.4623734461041726,-0.0037105447207778225,-0.0004449855780221989,-0.0008018506881432016
2025-08-24,-0.011595498649624947,-0.011202271746439396,30592940074.785362,-0.0019736408360102116,0.014629022425900494,-0.01716032868576991,-0.011729057802989055,0.2830563200687983,-0.005431270882780854,2.288534964880106e-05,-0.00036718805955071224
2025-08-25,-0.0464422989352572,-0.04644529905192407,41589800131.29473,-0.07722983416182676,0.05258284080564066,-0.019712096602752978,-0.012622846360425313,-1.3483513968291583,-0.007089250242327665,0.003586731044863897,-0.001520926595083695
2025-08-26,0.00039800230662145886,0.0005455856402927228,30589096262.84132,0.04400981790436194,0.02718610842958706,-0.017904000252362353,-0.012666153551864982,0.9222235723057756,-0.005237846700497371,1.751600903992643e-05,1.2854587257009424e-05
2025-08-27,-0.03492748315594618,-0.03476159101034049,26459757592.6853,-0.021136510805133207,0.027152046498346953,-0.018850253006995017,-0.01307945689740376,-0.7969296963548355,-0.005770796109591256,0.0007382451251217645,-0.0011378566410372
2025-08-28,-0.015371202362953418,-0.015299005647437802,20065358628.09292,-0.006692861791398139,0.0320653347943186,-0.02055654429401181,-0.013190160973190136,0.2866323790485627,-0.0073663833208216754,0.00010287733298285972,-0.0004964181770571843
2025-08-29,-0.02616615130175648,-0.02622103398794373,27104770526.17302,-0.02914897619131319,0.027681406412623802,-0.02170469474786595,-0.01362154962074693,-0.2532538722951624,-0.00808314512711902,0.0007627165213131983,-0.0008402399138690335
2025-08-30,-0.024459029907983876,-0.024063384926340303,12802321816.86978,0.0048493420033912564,0.013720790553860801,-0.023146398121164573,-0.014186952155522167,-0.07978561393993766,-0.008959445965642406,-0.00011861020109498919,-0.0007639499618580749
2025-08-31,-0.013092793251910817,-0.012932324851246513,14051520790.23488,-0.021665467214985974,0.018842614596619574,-0.02175770335631036,-0.014770047910301511,0.5421512203372816,-0.0069876554460088485,0.0002836614829518634,-0.00040961972373904565
2025-09-01,-0.023819453823515357,-0.023290560834720808,23773811619.81524,-0.020275322348501074,0.025238539647453005,-0.021518118057802176,-0.014833548635012472,-0.1446620908886772,-0.006684569422789704,0.00048294710443701026,-0.0007227450333236802
2025-09-02,-0.014846521832695414,-0.014927164273796034,22199377296.74414,-0.009351250735465728,0.019269485798883462,-0.022948228968947375,-0.014590801274712928,0.5943738562335898,-0.008357427694234447,0.000138833548207101,-0.00043121647822560224
2025-09-03,-0.015434043763919325,-0.015353024626502343,17044372656.69283,0.02634773293487794,0.02926465566320598,-0.0229726381582518,-0.015166481036041285,0.5536563575649649,-0.007806157122210515,-0.0004066520631969647,-0.0004534367365683912
2025-09-04,-0.02521930512058901,-0.025147888567710552,21342682503.19518,-0.023112467175539313,0.026879415366304355,-0.022365611129078644,-0.01598059479906909,-0.2163255286718799,-0.006385016330009555,0.0005828803617895239,-0.0007379188128054103
2025-09-05,-0.0058526770084981194,-0.005673852694316528,27575467859.60816,-0.004816852277125802,0.03914329487518606,-0.02151524160861739,-0.015652683324073328,1.1459603418404274,-0.005862558284544062,2.8191480575665995e-05,-0.0001687774545926687
2025-09-06,-0.04294773032905852,-0.042737271939863763,9195378104.55838,-0.010866167067002767,0.009468806436068605,-0.02136429221978757,-0.0159780154439033,-1.6110459494451654,-0.005386276775884269,0.00046667721290413164,-0.0012255262330472128
2025-09-07,-0.014987533364231864,-0.014883228100256107,7351406415.13431,0.0020397941229349198,0.005591429012432495,-0.021075186571353637,-0.01654115431024289,0.4519619127939967,-0.004534032261110748,-3.057148247365118e-05,-0.00041039131053104675
2025-09-08,-0.003512833778273605,-0.003325485460808131,15322973248.833971,-0.0013977281071184079,0.023871774258581432,-0.020299973402713126,-0.016455232154011,1.1986744642802123,-0.003844741248702127,4.909986507527971e-06,-9.608320556292609e-05
2025-09-09,-0.03206647860277512,-0.032010110487565635,15222966920.79079,0.0007941133863188523,0.020211546652792168,-0.019814772920979246,-0.01721296473810442,-0.9164890168791845,-0.002601808182874827,-2.5464419910570767e-05,-0.0008491152076853585
2025-09-10,-0.0060514367466660834,-0.005877210979780889,19320820617.76293,0.00669002237858844,0.026374670125565058,-0.019996432144403404,-0.017892585381123795,1.0611604175819687,-0.002103846763279609,-4.048424725780852e-05,-0.0001598229895284739
2025-09-11,0.012403661407296207,0.01276897102465413,18709241142.85245,0.01238549910362326,0.012646110311357789,-0.017798216540643747,-0.01781863931157195,2.080972407408196,2.0422770928202327e-05,0.0001536255372417136,0.00032755873702213065
2025-09-12,0.037078014060024644,0.037288781960460815,22044074626.95246,0.04498481591981905,0.02855590159411924,-0.015826990942836884,-0.01675782323336941,2.8358384135227315,0.0009308322905325246,0.0016679476371626713,0.0008685342892974334
2025-09-13,-0.044966660440381445,-0.04464912955078093,14859966360.5965,-0.019112019824316512,0.018562559413076128,-0.016756164504861643,-0.017084435247387696,-1.437820998764374,0.0003282707425260531,0.0008594037057698792,-0.0010683615014403971
2025-09-14,-0.025278894757938875,-0.025238434707902546,11619139302.15607,-0.012739025777429892,0.014487692613810069,-0.017407754795733733,-0.017482934413381973,-0.4002102424667831,7.517961764823972e-05,0.0003220284919463207,-0.0006004303557964691
2025-09-15,-0.040784080645022036,-0.04074540822260986,18980591155.35112,-0.024667043595268758,0.019462141667015292,-0.01713831582953206,-0.018190159724231762,-1.2261287160460639,0.0010518438946997034,0.0010060226952637154,-0.0009043895610432006
2025-09-16,-0.013602326710676405,-0.013515180094083368,13940782703.99469,-0.004337814700890544,0.009914593770242343,-0.0178049981636891,-0.01833849964976941,0.22252573187539026,0.0005335014860803101,5.900437277188823e-05,-0.00029044517738572673
2025-09-17,-0.027610015709934155,-0.027448911147587074,23070604822.17107,0.020492750519085466,0.02329584253134549,-0.017456547332926623,-0.018979137079369286,-0.5452946342223914,0.0015225897464426624,-0.000565805163771711,-0.0005844759046718316
2025-09-18,-0.022052102215104896,-0.021923939051685992,13458754798.55331,-0.005806055460793129,0.010136526655069653,-0.01777468542112431,-0.01909836263061075,-0.22947757038601063,0.0013236772094864374,0.00012803572848797806,-0.0004437930944116263
2025-09-19,-0.0694354066349433,-0.06942439206639162,15390394153.31296,-0.017965970061933997,0.014394423134214355,-0.019835126151276066,-0.019813735417519112,-2.280851774114341,-2.1390733756954106e-05,0.0012474744368416045,-0.0013534376398160713
2025-09-20,0.005278317462715565,0.005324137185864997,5418567490.325439,0.0032811958039499793,0.008934461767046967,-0.018419061990766566,-0.019484834581600437,1.0584409628801055,0.001065772590833871,1.7319193110578213e-05,0.00010168213242645043
2025-09-21,-0.029397289074697297,-0.0292384925474084,6106266734.79425,-0.0074222909788309935,0.012980836721907708,-0.0191954665537564,-0.01966621362013911,-0.4538674617673702,0.0004707470663827089,0.00021819523350121266,-0.0005581071243427698
2025-09-22,-0.07496036909026593,-0.07506878878634393,25725810179.459938,-0.02511990236365457,0.0317754697920359,-0.021630748233125476,-0.02025689745161974,-2.0862630506589674,-0.0013738507815057345,0.0018829971526909902,-0.0014464554076121581
2025-09-23,-0.00586693375392866,-0.005811018299008097,14583116712.743141,-0.005806880586551549,0.009128776218401156,-0.021203148800803248,-0.019674697443127324,0.5954470142484233,-0.0015284513576759237,3.406858371827234e-05,-0.00011037683978181806
2025-09-24,-0.02490486480116838,-0.02468823093502004,12670384477.90497,0.0012319325176550454,0.008265672013515572,-0.02165414027876749,-0.01916320742468409,-0.12632689656006071,-0.002490932854083399,-3.0681112796361884e-05,-0.0004436409649067597
2025-09-25,-0.024406672407463303,-0.02429466912288991,33629986986.042168,-0.04706863858864828,0.028116124307009868,-0.02161544348290436,-0.019342752238385955,-0.10849152869187748,-0.002272691244518406,0.0011487888426984245,-0.00043620378254450296
2025-09-26,0.011961184157789795,0.012109863239475827,18750388212.84918,0.016554942223974925,0.02454866417424938,-0.020767164379747793,-0.018856744682625354,1.2325324758025384,-0.0019104196971224396,0.00019801671266253423,0.0002054612605368328
2025-09-27,0.00026100707491960584,0.00043321764611814473,7063334343.7382,-4.729774303527303e-05,0.0077278186361384995,-0.018709605455748835,-0.018776461836370252,0.7179627627936467,6.685638062141688e-05,-1.2345045559935774e-08,4.461767238460283e-06
2025-09-28,0.0542514280403934,0.05496921523792886,10149863141.77429,0.034147735668841814,0.027139767044592967,-0.015412512055528585,-0.017980447215209812,2.2575546935363695,0.002567935159681227,0.0018525634243805468,0.0009830652581540665
2025-09-29,-0.0043234866261264715,-0.00415135783148457,15694942048.56818,0.022394745332538664,0.01756338982867747,-0.015451114572093007,-0.01753368830762198,0.3607827731361351,0.002082573735528972,-9.682338194073913e-05,-7.704514704810989e-05
2025-09-30,-0.027899584856148185,-0.027895251058754122,15345949182.5394,-0.012810002833156215,0.016071596214256183,-0.015252691060348867,-0.017768661214973204,-0.4113610795279645,0.002515970154624337,0.00035739376105114047,-0.0004916744351138402
2025-10-01,0.00799491765383209,0.007748954908071148,18930019542.68207,0.05170938580526353,0.037031145167401684,-0.014583817041277525,-0.017309706060687418,0.7258900781230965,0.0027258890194098925,0.0004134122814433159,0.0001449514789807656
2025-10-02,0.005679212314665838,0.005948882264237509,19726077711.08088,0.024098204641564286,0.018661199066447903,-0.014904028902831353,-0.016827536986021505,0.6672748685839727,0.0019235080831901518,0.00013685882056170936,0.0001045934047766421
2025-10-03,-0.012673020207399799,-0.012388580049798037,19877580078.8867,0.0026969840111437135,0.01606989419253191,-0.017273125772708706,-0.016322361020762448,0.16155455060835353,-0.0009507647519462585,-3.417893287225844e-05,-0.00022586254602524646
2025-10-04,-0.05320271529010534,-0.053073404356617226,8456084877.8291,6.912491208839987e-05,0.009255110550884798,-0.017665318860790796,-0.016630302039097117,-1.2284931709577585,-0.001035016821693678,-3.677633017292699e-06,-0.000924615426006774
2025-10-05,-0.009872095715043883,-0.009690611558036855,15788381952.9441,-0.003930355794161461,0.023884866490597293,-0.016931661763510082,-0.01716658174833791,0.24410457543618064,0.00023491998482782703,3.880084859413926e-05,-0.00017598576981933648
2025-10-06,0.014039925631890826,0.01407143975807923,18419617390.68043,0.03201417333780309,0.027121032795557873,-0.014320994797942804,-0.01705713574340928,0.973493497082762,0.0027361409454664757,0.0004494766128292175,0.0002554044396930941
2025-10-07,-0.03677918970297345,-0.03639152914592381,27299951019.86175,-0.05321092389731041,0.044296872444851886,-0.015424654940433139,-0.017044551118828195,-0.7228849873065081,0.0016198961783950565,0.0019570546642896625,-0.0007292778964579284
2025-10-08,-0.004382011800892371,-0.004207538301284841,16827127415.925549,0.01825715760542395,0.019019762909121767,-0.014318559516193055,-0.016875119952038234,0.3368724460610964,0.0025565604358451788,-8.000308007771966e-05,-8.599664983760061e-05
2025-10-09,-0.04361675104651419,-0.043838424311445245,22281784727.32817,-0.018828324558498956,0.020807187726265497,-0.015345447555783973,-0.017892225756973364,-0.9377704695050922,0.002546778201189391,0.0008212303448910181,-0.0008781382736802539
2025-10-10,-0.05698210314151353,-0.05615322619890184,47929937738.04511,-0.12878025539666924,0.07744986444678151,-0.014752433103715889,-0.018764084667619304,-1.4494137824349493,0.004011651563903415,0.007338169795603461,-0.0013183203349047868
2025-10-11,0.0021449284330306018,0.0025737850050020494,19726835357.37149,-0.011830970629334692,0.029201620848282633,-0.014901642105129459,-0.018822367405686866,0.5870873857487685,0.003920725300557407,-2.5376585293209934e-05,5.169447806300715e-05
2025-10-12,0.014165545637114807,0.013688431409668578,37481577939.66282,0.09338456047579821,0.061245035297844086,-0.012827221404566977,-0.017926797104877913,0.914982755734977,0.005099575700310936,0.0013228432532218272,0.00037395750079390673
2025-10-13,0.002807254692529515,0.0030201937690372826,32696882710.922688,0.0241276968262272,0.04005348471591171,-0.009124001224433862,-0.01742428917178717,0.45920162468141557,0.008300287947353309,6.773259013535579e-05,7.521556168859158e-05
2025-10-14,-0.02030656675922471,-0.020616188976911864,34258219352.17251,-0.006825948571154865,0.05131446966129796,-0.009811602796114625,-0.01798766018862175,-0.4023683709248658,0.008176057392507124,0.0001386115803551908,-0.0005848722291866488
2025-10-15,-0.00569983228384241,-0.005367716447063353,21819540012.2743,-0.023787259636447334,0.031581537759585276,-0.008897077438146722,-0.017841285291722006,0.12362202763412429,0.008944207853575284,0.00013558339041996398,-0.00017049567522524657
2025-10-16,-0.028062766568226705,-0.02775708101817087,22709297884.67893,-0.030590852818803808,0.043406202215832135,-0.009071177160087837,-0.017684077257356948,-0.7308754411506048,0.008612900097269111,0.0008584639617770711,-0.000859857228682879
2025-10-17,-0.019637674446989273,-0.01957921893216019,25226782204.14404,-0.02614357875926008,0.04729544880837343,-0.010575884712696363,-0.017619430233687183,-0.35372458359329056,0.00704354552099082,0.0005133990885535732,-0.0006229793251817347
2025-10-18,-0.005509006651133297,-0.005383685250931469,7509890240.83936,0.00464414882655894,0.007477683982469536,-0.010850647271079835,-0.016974848315538745,0.20925497229113443,0.00612420104445891,-2.5584646774366097e-05,-0.00017470035241783473
2025-10-19,0.00440556960063776,0.005030121289099743,13293751538.49362,0.019249093759111734,0.01745231109710883,-0.013224259577734866,-0.016570652734872363,0.8353278536426839,0.003346393157137497,8.480322230496867e-05,0.00013767608837630255
2025-10-20,-0.011748305823075844,-0.011697405121837035,15854456792.02957,-0.012079982766635777,0.012817956127809432,-0.013577822396637216,-0.01644297012381445,0.08707548424238559,0.0028651477271772335,0.00014191933187992294,-0.00036448519233988355
2025-10-21,-0.022076410127745638,-0.022026530336698324,23982223539.194653,-0.012909995383952554,0.06182905298052389,-0.013300528361951381,-0.016122664114426498,-0.4209047350540911,0.002822135752475117,0.0002850063528434396,-0.0007330122327120386
2025-10-22,-0.018649632211242384,-0.01830805649220757,19162417413.61478,-0.014150459225988534,0.014777580693879359,-0.01456931645076445,-0.01638318854548179,-0.2010740248353067,0.001813872094717341,0.00026390086018486774,-0.0005994686045784356
2025-10-23,-0.0025918627173509012,-0.0027584327043654877,14306558471.2592,0.007819955244974242,0.01592420147471052,-0.014963177166574772,-0.015888474203349958,0.6198845669533825,0.0009252970367751856,-2.0268250450801374e-05,-8.297431041970788e-05
2025-10-24,-0.01883139975332948,-0.01872055102806014,14370925595.57035,0.011188184130698265,0.023174434183596257,-0.015256433335428567,-0.016118850016991385,-0.17904053505805514,0.0008624166815628179,-0.00021068916787903613,-0.0006092278108337228
2025-10-25,0.020098119030766304,0.020327633504394704,5100565551.56726,0.008338801927846159,0.007445678573073169,-0.011765917415387059,-0.015395800260346499,1.6423807741583543,0.00362988284495944,0.00016759423371983563,0.0006484766110974677
2025-10-26,0.005512834169655756,0.005868725210708803,11852616616.01451,0.05601539403175935,0.03326851682448937,-0.01103330170659184,-0.015124239421945218,0.8372146590882223,0.004090937715353378,0.000308803578245014,0.00018033791457049012
2025-10-27,-0.013802509149891007,-0.013649583443485436,17446812942.46984,-0.020366783918789384,0.020947861777790077,-0.012359131934295735,-0.0146061475205902,-0.07631759271742687,0.002247015586294464,0.0002811127213929435,-0.00044745550222954883
2025-10-28,-0.04337037917855502,-0.04301824749594929,17497055109.81833,-0.02848257729449445,0.02171828085501069,-0.01267299809979962,-0.01530088373464062,-1.5833968127452065,0.002627885634841001,0.001235300177244726,-0.001359368478080409
2025-10-29,-0.023718823491471364,-0.023476070440481167,17639590435.271328,-0.024219876499839112,0.020434160006270175,-0.013593798656493858,-0.015122968501871179,-0.5210297098750833,0.0015291698453773206,0.0005744669756849192,-0.0007450224433414498
2025-10-30,-0.01746268530474171,-0.017370313950061833,22017129749.74984,-0.03354789004236186,0.0504530706078026,-0.012348366954504692,-0.015156166643804326,-0.2808194129636779,0.0028077996892996344,0.0005858362464478432,-0.0005731656230547711
2025-10-31,-0.00016310306531996943,-6.575966122357446e-05,14680218606.47905,0.004904870649428988,0.016763589830647026,-0.00964270028420976,-0.014743419846400572,0.6226205710975193,0.005100719562190811,-7.999994379198172e-07,-4.8820800042796235e-06
